contrast_id,metric,window,seed,treatment,reference,difference,contrast
strength_k2,meanGO,main,1,0.580358276283565,0.176206907100663,0.404151369182903,fixed-total − original，k=2
strength_k2,meanGO,main,2,0.544705118395846,0.154634522770195,0.390070595625651,fixed-total − original，k=2
strength_k2,meanGO,main,3,0.47363841775194,0.0738954996517835,0.399742918100156,fixed-total − original，k=2
strength_k2,meanGO,main,4,0.384878058200571,0.227750043545399,0.157128014655173,fixed-total − original，k=2
strength_k2,meanGO,main,5,0.43538607740596,0.0863663987977576,0.349019678608202,fixed-total − original，k=2
strength_k2,meanGO,main,6,0.404924328558771,0.342726704891468,0.0621976236673035,fixed-total − original，k=2
strength_k2,meanGO,main,7,0.329634480977206,0.18230907859422,0.147325402382986,fixed-total − original，k=2
strength_k2,meanGO,main,8,0.556318416637734,0.357136497876744,0.19918191876099,fixed-total − original，k=2
strength_k2,meanGO,main,9,0.361599015907026,0.325852347503295,0.0357466684037315,fixed-total − original，k=2
strength_k2,meanGO,main,10,0.388400161806066,0.10818949083882,0.280210670967247,fixed-total − original，k=2
strength_k2,meanGO,main,11,0.299745732862748,0.0641187153125815,0.235627017550166,fixed-total − original，k=2
strength_k2,meanGO,main,12,0.412961556130275,0.313127388950676,0.099834167179599,fixed-total − original，k=2
strength_k2,meanGO,main,13,0.342804282063244,0.302836987461336,0.0399672946019083,fixed-total − original，k=2
strength_k2,meanGO,main,14,0.421962416721177,0.354290504705014,0.0676719120161633,fixed-total − original，k=2
strength_k2,meanGO,main,15,0.990649977453636,0.13561077281534,0.855039204638296,fixed-total − original，k=2
strength_k2,meanGO,main,16,0.502573765941298,0.141033477842492,0.361540288098806,fixed-total − original，k=2
strength_k2,meanGO,main,17,0.289976249953878,0.0442638991909192,0.245712350762959,fixed-total − original，k=2
strength_k2,meanGO,main,18,0.813306160781578,0.378957656843255,0.434348503938323,fixed-total − original，k=2
strength_k2,meanGO,main,19,0.272111269766006,0.362986860946741,-0.0908755911807348,fixed-total − original，k=2
strength_k2,meanGO,main,20,0.246459826377139,0.268921479812604,-0.0224616534354659,fixed-total − original，k=2
strength_k2,meanGO,early,1,0.655037622524974,0.176206907100661,0.478830715424312,fixed-total − original，k=2
strength_k2,meanGO,early,2,0.554671898136713,0.154634522770195,0.400037375366517,fixed-total − original，k=2
strength_k2,meanGO,early,3,0.585053237671809,0.0738954996517836,0.511157738020025,fixed-total − original，k=2
strength_k2,meanGO,early,4,0.158577152612515,0.227750043545398,-0.0691728909328835,fixed-total − original，k=2
strength_k2,meanGO,early,5,0.463244747819779,0.0863663987977577,0.376878349022021,fixed-total − original，k=2
strength_k2,meanGO,early,6,0.457771780781925,0.342726704891467,0.115045075890458,fixed-total − original，k=2
strength_k2,meanGO,early,7,0.367517746931815,0.182309078594221,0.185208668337594,fixed-total − original，k=2
strength_k2,meanGO,early,8,0.559043293805921,0.357136497876742,0.201906795929179,fixed-total − original，k=2
strength_k2,meanGO,early,9,0.280350974202448,0.325852347503295,-0.0455013733008465,fixed-total − original，k=2
strength_k2,meanGO,early,10,0.404664844201472,0.108189490838821,0.296475353362652,fixed-total − original，k=2
strength_k2,meanGO,early,11,0.209117386650626,0.0641187153125817,0.144998671338045,fixed-total − original，k=2
strength_k2,meanGO,early,12,0.42070861524363,0.313127388950676,0.107581226292955,fixed-total − original，k=2
strength_k2,meanGO,early,13,0.352942931591734,0.302836987461334,0.0501059441304004,fixed-total − original，k=2
strength_k2,meanGO,early,14,0.528068133969659,0.354290504705016,0.173777629264643,fixed-total − original，k=2
strength_k2,meanGO,early,15,0.989840957669044,0.13561077281534,0.854230184853704,fixed-total − original，k=2
strength_k2,meanGO,early,16,0.409645617122616,0.141033477842492,0.268612139280124,fixed-total − original，k=2
strength_k2,meanGO,early,17,0.198985776103025,0.0438936183592999,0.155092157743725,fixed-total − original，k=2
strength_k2,meanGO,early,18,0.800712594157726,0.378957656843255,0.421754937314471,fixed-total − original，k=2
strength_k2,meanGO,early,19,0.332894132759922,0.362986860946743,-0.0300927281868215,fixed-total − original，k=2
strength_k2,meanGO,early,20,0.25477548807739,0.268921479812604,-0.0141459917352144,fixed-total − original，k=2
strength_k2,meanGO,late,1,0.505678930042157,0.176206907100661,0.329472022941496,fixed-total − original，k=2
strength_k2,meanGO,late,2,0.53473833865498,0.154634522770195,0.380103815884784,fixed-total − original，k=2
strength_k2,meanGO,late,3,0.362223597832071,0.0738954996517836,0.288328098180287,fixed-total − original，k=2
strength_k2,meanGO,late,4,0.611178963788628,0.227750043545398,0.383428920243229,fixed-total − original，k=2
strength_k2,meanGO,late,5,0.407527406992142,0.0863663987977577,0.321161008194384,fixed-total − original，k=2
strength_k2,meanGO,late,6,0.352076876335617,0.342726704891467,0.00935017144415023,fixed-total − original，k=2
strength_k2,meanGO,late,7,0.291751215022596,0.182309078594221,0.109442136428375,fixed-total − original，k=2
strength_k2,meanGO,late,8,0.553593539469546,0.357136497876742,0.196457041592804,fixed-total − original，k=2
strength_k2,meanGO,late,9,0.442847057611603,0.325852347503295,0.116994710108308,fixed-total − original，k=2
strength_k2,meanGO,late,10,0.37213547941066,0.108189490838821,0.26394598857184,fixed-total − original，k=2
strength_k2,meanGO,late,11,0.39037407907487,0.0641187153125817,0.326255363762288,fixed-total − original，k=2
strength_k2,meanGO,late,12,0.405214497016919,0.313127388950676,0.0920871080662436,fixed-total − original，k=2
strength_k2,meanGO,late,13,0.332665632534754,0.302836987461334,0.0298286450734205,fixed-total − original，k=2
strength_k2,meanGO,late,14,0.315856699472695,0.354290504705016,-0.0384338052323209,fixed-total − original，k=2
strength_k2,meanGO,late,15,0.991458997238227,0.13561077281534,0.855848224422887,fixed-total − original，k=2
strength_k2,meanGO,late,16,0.59550191475998,0.141033477842492,0.454468436917489,fixed-total − original，k=2
strength_k2,meanGO,late,17,0.380966723804731,0.0446341800225383,0.336332543782193,fixed-total − original，k=2
strength_k2,meanGO,late,18,0.825899727405431,0.378957656843255,0.446942070562176,fixed-total − original，k=2
strength_k2,meanGO,late,19,0.211328406772091,0.362986860946743,-0.151658454174652,fixed-total − original，k=2
strength_k2,meanGO,late,20,0.238144164676887,0.268921479812604,-0.0307773151357173,fixed-total − original，k=2
strength_k2,meanLO,main,1,0.720442871048187,0.399444398894435,0.320998472153751,fixed-total − original，k=2
strength_k2,meanLO,main,2,0.733309410925578,0.335533897911295,0.397775513014283,fixed-total − original，k=2
strength_k2,meanLO,main,3,0.662546108970811,0.342481997210847,0.320064111759964,fixed-total − original，k=2
strength_k2,meanLO,main,4,0.526284813296587,0.308653384677367,0.21763142861922,fixed-total − original，k=2
strength_k2,meanLO,main,5,0.710767779632729,0.255943516058741,0.454824263573988,fixed-total − original，k=2
strength_k2,meanLO,main,6,0.485633426025987,0.406955728196851,0.0786776978291358,fixed-total − original，k=2
strength_k2,meanLO,main,7,0.522050585946027,0.381014752153926,0.141035833792101,fixed-total − original，k=2
strength_k2,meanLO,main,8,0.699904824880582,0.410205026551462,0.289699798329119,fixed-total − original，k=2
strength_k2,meanLO,main,9,0.539555005136855,0.371581576743536,0.167973428393319,fixed-total − original，k=2
strength_k2,meanLO,main,10,0.630592790955776,0.276338577944349,0.354254213011427,fixed-total − original，k=2
strength_k2,meanLO,main,11,0.552773695150984,0.322720067873353,0.23005362727763,fixed-total − original，k=2
strength_k2,meanLO,main,12,0.552891294581862,0.408100618633567,0.144790675948295,fixed-total − original，k=2
strength_k2,meanLO,main,13,0.558361916471112,0.423472000080625,0.134889916390487,fixed-total − original，k=2
strength_k2,meanLO,main,14,0.56193007754219,0.457588666235889,0.104341411306301,fixed-total − original，k=2
strength_k2,meanLO,main,15,0.991800918795879,0.293034433768462,0.698766485027416,fixed-total − original，k=2
strength_k2,meanLO,main,16,0.714883388991848,0.243979267900836,0.470904121091012,fixed-total − original，k=2
strength_k2,meanLO,main,17,0.509524303118866,0.293029136053348,0.216495167065519,fixed-total − original，k=2
strength_k2,meanLO,main,18,0.846030691412158,0.471039255464557,0.3749914359476,fixed-total − original，k=2
strength_k2,meanLO,main,19,0.455593739242829,0.433916728744152,0.0216770104986775,fixed-total − original，k=2
strength_k2,meanLO,main,20,0.454659236949454,0.447401610255788,0.00725762669366598,fixed-total − original，k=2
strength_k2,meanLO,early,1,0.769972215085065,0.452866220021092,0.317105995063973,fixed-total − original，k=2
strength_k2,meanLO,early,2,0.738820766202507,0.3324711548071,0.406349611395407,fixed-total − original，k=2
strength_k2,meanLO,early,3,0.754797375181625,0.349797325930942,0.405000049250684,fixed-total − original，k=2
strength_k2,meanLO,early,4,0.375451053325628,0.322009487678889,0.0534415656467395,fixed-total − original，k=2
strength_k2,meanLO,early,5,0.713339637558562,0.284006082946161,0.429333554612401,fixed-total − original，k=2
strength_k2,meanLO,early,6,0.518532108714377,0.398479082631344,0.120053026083033,fixed-total − original，k=2
strength_k2,meanLO,early,7,0.64670443022744,0.343274654818147,0.303429775409293,fixed-total − original，k=2
strength_k2,meanLO,early,8,0.688068145382354,0.397227438116726,0.290840707265629,fixed-total − original，k=2
strength_k2,meanLO,early,9,0.499868486456408,0.37064278353795,0.129225702918457,fixed-total − original，k=2
strength_k2,meanLO,early,10,0.666168745650218,0.254728057859964,0.411440687790254,fixed-total − original，k=2
strength_k2,meanLO,early,11,0.432459620077669,0.342982250851675,0.0894773692259938,fixed-total − original，k=2
strength_k2,meanLO,early,12,0.5625725197283,0.375045313635349,0.187527206092951,fixed-total − original，k=2
strength_k2,meanLO,early,13,0.526851218948464,0.385605560489067,0.141245658459397,fixed-total − original，k=2
strength_k2,meanLO,early,14,0.695392930542953,0.444757413406614,0.250635517136339,fixed-total − original，k=2
strength_k2,meanLO,early,15,0.990692915449604,0.264111820128223,0.72658109532138,fixed-total − original，k=2
strength_k2,meanLO,early,16,0.628273975674446,0.270342131417374,0.357931844257072,fixed-total − original，k=2
strength_k2,meanLO,early,17,0.441074658802425,0.302785982891605,0.138288675910819,fixed-total − original，k=2
strength_k2,meanLO,early,18,0.844511261633392,0.459400755934315,0.385110505699077,fixed-total − original，k=2
strength_k2,meanLO,early,19,0.479466970896231,0.406278180380532,0.0731887905156989,fixed-total − original，k=2
strength_k2,meanLO,early,20,0.457954345398625,0.451475940607522,0.00647840479110273,fixed-total − original，k=2
strength_k2,meanLO,late,1,0.670913527011309,0.34602257776778,0.324890949243529,fixed-total − original，k=2
strength_k2,meanLO,late,2,0.727798055648648,0.338596641015489,0.389201414633159,fixed-total − original，k=2
strength_k2,meanLO,late,3,0.570294842759997,0.335166668490753,0.235128174269245,fixed-total − original，k=2
strength_k2,meanLO,late,4,0.677118573267546,0.295297281675847,0.381821291591698,fixed-total − original，k=2
strength_k2,meanLO,late,5,0.708195921706895,0.227880949171319,0.480314972535576,fixed-total − original，k=2
strength_k2,meanLO,late,6,0.452734743337597,0.415432373762357,0.0373023695752396,fixed-total − original，k=2
strength_k2,meanLO,late,7,0.397396741664615,0.418754849489707,-0.021358107825092,fixed-total − original，k=2
strength_k2,meanLO,late,8,0.711741504378811,0.423182614986201,0.28855888939261,fixed-total − original，k=2
strength_k2,meanLO,late,9,0.579241523817302,0.372520369949122,0.20672115386818,fixed-total − original，k=2
strength_k2,meanLO,late,10,0.595016836261334,0.297949098028735,0.297067738232599,fixed-total − original，k=2
strength_k2,meanLO,late,11,0.673087770224298,0.302457884895032,0.370629885329266,fixed-total − original，k=2
strength_k2,meanLO,late,12,0.543210069435424,0.441155923631785,0.102054145803639,fixed-total − original，k=2
strength_k2,meanLO,late,13,0.58987261399376,0.461338439672183,0.128534174321577,fixed-total − original，k=2
strength_k2,meanLO,late,14,0.428467224541428,0.470419919065165,-0.041952694523737,fixed-total − original，k=2
strength_k2,meanLO,late,15,0.992908922142153,0.3219570474087,0.670951874733452,fixed-total − original，k=2
strength_k2,meanLO,late,16,0.80149280230925,0.217616404384298,0.583876397924952,fixed-total − original，k=2
strength_k2,meanLO,late,17,0.577973947435308,0.28327228921509,0.294701658220218,fixed-total − original，k=2
strength_k2,meanLO,late,18,0.847550121190925,0.4826777549948,0.364872366196124,fixed-total − original，k=2
strength_k2,meanLO,late,19,0.431720507589427,0.461555277107771,-0.0298347695183441,fixed-total − original，k=2
strength_k2,meanLO,late,20,0.451364128500283,0.443327279904053,0.00803684859623016,fixed-total − original，k=2
strength_k2,meanPairDistanceNorm,main,1,0.229500010621638,0.373282494147369,-0.143782483525731,fixed-total − original，k=2
strength_k2,meanPairDistanceNorm,main,2,0.137093950775519,0.377349849868457,-0.240255899092938,fixed-total − original，k=2
strength_k2,meanPairDistanceNorm,main,3,0.168031715154093,0.382334227123994,-0.214302511969901,fixed-total − original，k=2
strength_k2,meanPairDistanceNorm,main,4,0.13483937706402,0.387188864657761,-0.252349487593741,fixed-total − original，k=2
strength_k2,meanPairDistanceNorm,main,5,0.144761677617049,0.386012348412451,-0.241250670795402,fixed-total − original，k=2
strength_k2,meanPairDistanceNorm,main,6,0.239178622690701,0.388043469536085,-0.148864846845384,fixed-total − original，k=2
strength_k2,meanPairDistanceNorm,main,7,0.133126117779058,0.389712311263177,-0.25658619348412,fixed-total − original，k=2
strength_k2,meanPairDistanceNorm,main,8,0.158404348669267,0.388409534697463,-0.230005186028196,fixed-total − original，k=2
strength_k2,meanPairDistanceNorm,main,9,0.157080537038214,0.3903207484415,-0.233240211403287,fixed-total − original，k=2
strength_k2,meanPairDistanceNorm,main,10,0.171766516459145,0.39104473598548,-0.219278219526334,fixed-total − original，k=2
strength_k2,meanPairDistanceNorm,main,11,0.171262730629286,0.380564510448395,-0.209301779819109,fixed-total − original，k=2
strength_k2,meanPairDistanceNorm,main,12,0.162221207898152,0.383690585367621,-0.221469377469469,fixed-total − original，k=2
strength_k2,meanPairDistanceNorm,main,13,0.195059660183252,0.372402239120647,-0.177342578937394,fixed-total − original，k=2
strength_k2,meanPairDistanceNorm,main,14,0.196213279943719,0.38206341363667,-0.185850133692951,fixed-total − original，k=2
strength_k2,meanPairDistanceNorm,main,15,0.106861980791579,0.38512025876869,-0.278258277977111,fixed-total − original，k=2
strength_k2,meanPairDistanceNorm,main,16,0.161735473323077,0.387070043190672,-0.225334569867595,fixed-total − original，k=2
strength_k2,meanPairDistanceNorm,main,17,0.11994773781566,0.37404003489019,-0.25409229707453,fixed-total − original，k=2
strength_k2,meanPairDistanceNorm,main,18,0.0295627016005614,0.38324538784435,-0.353682686243789,fixed-total − original，k=2
strength_k2,meanPairDistanceNorm,main,19,0.234333684171688,0.389023951755922,-0.154690267584233,fixed-total − original，k=2
strength_k2,meanPairDistanceNorm,main,20,0.218058104392666,0.362331981259931,-0.144273876867265,fixed-total − original，k=2
strength_k2,meanPairDistanceNorm,early,1,0.224253560437598,0.371209424256817,-0.146955863819219,fixed-total − original，k=2
strength_k2,meanPairDistanceNorm,early,2,0.135967521943489,0.377024920575936,-0.241057398632446,fixed-total − original，k=2
strength_k2,meanPairDistanceNorm,early,3,0.118220607900375,0.379307908386602,-0.261087300486227,fixed-total − original，k=2
strength_k2,meanPairDistanceNorm,early,4,0.142799698516605,0.387850427100065,-0.24505072858346,fixed-total − original，k=2
strength_k2,meanPairDistanceNorm,early,5,0.0887073433438285,0.382930135747639,-0.29422279240381,fixed-total − original，k=2
strength_k2,meanPairDistanceNorm,early,6,0.233044401803846,0.386703405679012,-0.153659003875166,fixed-total − original，k=2
strength_k2,meanPairDistanceNorm,early,7,0.0948735216257886,0.391559822830157,-0.296686301204369,fixed-total − original，k=2
strength_k2,meanPairDistanceNorm,early,8,0.0974192441852933,0.390349381517933,-0.29293013733264,fixed-total − original，k=2
strength_k2,meanPairDistanceNorm,early,9,0.132998584050918,0.388959315944341,-0.255960731893423,fixed-total − original，k=2
strength_k2,meanPairDistanceNorm,early,10,0.098075637876167,0.38996101640214,-0.291885378525973,fixed-total − original，k=2
strength_k2,meanPairDistanceNorm,early,11,0.18800890509881,0.385538495245848,-0.197529590147038,fixed-total − original，k=2
strength_k2,meanPairDistanceNorm,early,12,0.151053298398309,0.387079249911671,-0.236025951513362,fixed-total − original，k=2
strength_k2,meanPairDistanceNorm,early,13,0.140035567044426,0.383700462033106,-0.24366489498868,fixed-total − original，k=2
strength_k2,meanPairDistanceNorm,early,14,0.205224443067173,0.390480657837856,-0.185256214770683,fixed-total − original，k=2
strength_k2,meanPairDistanceNorm,early,15,0.104712686603938,0.385039876847773,-0.280327190243834,fixed-total − original，k=2
strength_k2,meanPairDistanceNorm,early,16,0.143834439519075,0.387162966755318,-0.243328527236244,fixed-total − original，k=2
strength_k2,meanPairDistanceNorm,early,17,0.115363414062744,0.367382968416194,-0.252019554353451,fixed-total − original，k=2
strength_k2,meanPairDistanceNorm,early,18,0.0407075799303134,0.386143984417157,-0.345436404486844,fixed-total − original，k=2
strength_k2,meanPairDistanceNorm,early,19,0.225495102209126,0.391311634907907,-0.165816532698781,fixed-total − original，k=2
strength_k2,meanPairDistanceNorm,early,20,0.179446946711269,0.37538481589748,-0.19593786918621,fixed-total − original，k=2
strength_k2,meanPairDistanceNorm,late,1,0.234746460805678,0.375355564037921,-0.140609103232243,fixed-total − original，k=2
strength_k2,meanPairDistanceNorm,late,2,0.138220379607548,0.377674779160979,-0.239454399553431,fixed-total − original，k=2
strength_k2,meanPairDistanceNorm,late,3,0.217842822407811,0.385360545861386,-0.167517723453576,fixed-total − original，k=2
strength_k2,meanPairDistanceNorm,late,4,0.126879055611436,0.386527302215458,-0.259648246604021,fixed-total − original，k=2
strength_k2,meanPairDistanceNorm,late,5,0.20081601189027,0.389094561077264,-0.188278549186995,fixed-total − original，k=2
strength_k2,meanPairDistanceNorm,late,6,0.245312843577556,0.389383533393157,-0.144070689815601,fixed-total − original，k=2
strength_k2,meanPairDistanceNorm,late,7,0.171378713932327,0.387864799696197,-0.21648608576387,fixed-total − original，k=2
strength_k2,meanPairDistanceNorm,late,8,0.219389453153241,0.386469687876993,-0.167080234723752,fixed-total − original，k=2
strength_k2,meanPairDistanceNorm,late,9,0.181162490025509,0.391682180938659,-0.21051969091315,fixed-total − original，k=2
strength_k2,meanPairDistanceNorm,late,10,0.245457395042124,0.392128455568819,-0.146671060526696,fixed-total − original，k=2
strength_k2,meanPairDistanceNorm,late,11,0.154516556159762,0.375590525650942,-0.22107396949118,fixed-total − original，k=2
strength_k2,meanPairDistanceNorm,late,12,0.173389117397995,0.38030192082357,-0.206912803425575,fixed-total − original，k=2
strength_k2,meanPairDistanceNorm,late,13,0.250083753322079,0.361104016208187,-0.111020262886108,fixed-total − original，k=2
strength_k2,meanPairDistanceNorm,late,14,0.187202116820264,0.373646169435484,-0.18644405261522,fixed-total − original，k=2
strength_k2,meanPairDistanceNorm,late,15,0.10901127497922,0.385200640689609,-0.276189365710388,fixed-total − original，k=2
strength_k2,meanPairDistanceNorm,late,16,0.17963650712708,0.386977119626026,-0.207340612498946,fixed-total − original，k=2
strength_k2,meanPairDistanceNorm,late,17,0.124532061568576,0.380697101364185,-0.256165039795609,fixed-total − original，k=2
strength_k2,meanPairDistanceNorm,late,18,0.0184178232708093,0.380346791271543,-0.361928968000734,fixed-total − original，k=2
strength_k2,meanPairDistanceNorm,late,19,0.24317226613425,0.386736268603936,-0.143564002469685,fixed-total − original，k=2
strength_k2,meanPairDistanceNorm,late,20,0.256669262074063,0.349279146622382,-0.0926098845483193,fixed-total − original，k=2
strength_k4,meanGO,main,1,0.657076626783545,0.170988434845764,0.486088191937781,fixed-total − original，k=4
strength_k4,meanGO,main,2,0.993837701208168,0.210599699906144,0.783238001302025,fixed-total − original，k=4
strength_k4,meanGO,main,3,0.44617717534376,0.100080745394707,0.346096429949053,fixed-total − original，k=4
strength_k4,meanGO,main,4,0.466789366255111,0.170632183587513,0.296157182667598,fixed-total − original，k=4
strength_k4,meanGO,main,5,0.941453973295044,0.0520428151745475,0.889411158120496,fixed-total − original，k=4
strength_k4,meanGO,main,6,0.83706997241424,0.295757245364989,0.541312727049251,fixed-total − original，k=4
strength_k4,meanGO,main,7,0.772968248666136,0.222166947362515,0.550801301303621,fixed-total − original，k=4
strength_k4,meanGO,main,8,0.516996604381595,0.323358682296814,0.193637922084781,fixed-total − original，k=4
strength_k4,meanGO,main,9,0.244521968494314,0.350182362907797,-0.105660394413483,fixed-total − original，k=4
strength_k4,meanGO,main,10,0.35556375600292,0.0700407398242996,0.285523016178621,fixed-total − original，k=4
strength_k4,meanGO,main,11,0.554065350260016,0.22636971653117,0.327695633728846,fixed-total − original，k=4
strength_k4,meanGO,main,12,0.301731008193831,0.391598881928473,-0.0898678737346416,fixed-total − original，k=4
strength_k4,meanGO,main,13,0.71593934761359,0.279502580553443,0.436436767060147,fixed-total − original，k=4
strength_k4,meanGO,main,14,0.996188241648167,0.534639270238896,0.461548971409271,fixed-total − original，k=4
strength_k4,meanGO,main,15,0.821192047178252,0.22353975815729,0.597652289020962,fixed-total − original，k=4
strength_k4,meanGO,main,16,0.449966401883541,0.116611934349154,0.333354467534388,fixed-total − original，k=4
strength_k4,meanGO,main,17,0.362337259138337,0.0585136562166524,0.303823602921684,fixed-total − original，k=4
strength_k4,meanGO,main,18,0.754537898657685,0.322622638683699,0.431915259973985,fixed-total − original，k=4
strength_k4,meanGO,main,19,0.689396159344152,0.453370796581958,0.236025362762194,fixed-total − original，k=4
strength_k4,meanGO,main,20,0.25998491777117,0.257166073348956,0.00281884442221353,fixed-total − original，k=4
strength_k4,meanGO,early,1,0.7022656205546,0.171190987987748,0.531074632566852,fixed-total − original，k=4
strength_k4,meanGO,early,2,0.992783598895764,0.212550183482652,0.780233415413112,fixed-total − original，k=4
strength_k4,meanGO,early,3,0.348373008136212,0.0896324525698306,0.258740555566381,fixed-total − original，k=4
strength_k4,meanGO,early,4,0.434369723829386,0.169834794626687,0.264534929202699,fixed-total − original，k=4
strength_k4,meanGO,early,5,0.916295595262464,0.0529211571800002,0.863374438082464,fixed-total − original，k=4
strength_k4,meanGO,early,6,0.764602372688461,0.301084837700348,0.463517534988113,fixed-total − original，k=4
strength_k4,meanGO,early,7,0.790124887459984,0.225371952095595,0.564752935364389,fixed-total − original，k=4
strength_k4,meanGO,early,8,0.75871922503062,0.328122404554968,0.430596820475652,fixed-total − original，k=4
strength_k4,meanGO,early,9,0.295882034543945,0.33602434111809,-0.0401423065741449,fixed-total − original，k=4
strength_k4,meanGO,early,10,0.194418944991861,0.0776853399849301,0.116733605006931,fixed-total − original，k=4
strength_k4,meanGO,early,11,0.616063674226635,0.226897375487445,0.38916629873919,fixed-total − original，k=4
strength_k4,meanGO,early,12,0.417245466007427,0.376724579646971,0.0405208863604569,fixed-total − original，k=4
strength_k4,meanGO,early,13,0.736069271534012,0.277036214954808,0.459033056579204,fixed-total − original，k=4
strength_k4,meanGO,early,14,0.996384717508081,0.546838414133908,0.449546303374173,fixed-total − original，k=4
strength_k4,meanGO,early,15,0.721986803635454,0.212216359370588,0.509770444264866,fixed-total − original，k=4
strength_k4,meanGO,early,16,0.588892813427533,0.127425131016206,0.461467682411328,fixed-total − original，k=4
strength_k4,meanGO,early,17,0.487466167701769,0.0511148136150259,0.436351354086743,fixed-total − original，k=4
strength_k4,meanGO,early,18,0.729369893498255,0.312300111750816,0.417069781747439,fixed-total − original，k=4
strength_k4,meanGO,early,19,0.693487021945405,0.416879904509266,0.276607117436139,fixed-total − original，k=4
strength_k4,meanGO,early,20,0.239137766782699,0.264304372728771,-0.0251666059460717,fixed-total − original，k=4
strength_k4,meanGO,late,1,0.611887633012491,0.17078588170378,0.44110175130871,fixed-total − original，k=4
strength_k4,meanGO,late,2,0.994891803520573,0.208649216329636,0.786242587190938,fixed-total − original，k=4
strength_k4,meanGO,late,3,0.543981342551308,0.110529038219583,0.433452304331725,fixed-total − original，k=4
strength_k4,meanGO,late,4,0.499209008680836,0.171429572548339,0.327779436132498,fixed-total − original，k=4
strength_k4,meanGO,late,5,0.966612351327623,0.0511644731690947,0.915447878158529,fixed-total − original，k=4
strength_k4,meanGO,late,6,0.90953757214002,0.290429653029631,0.619107919110389,fixed-total − original，k=4
strength_k4,meanGO,late,7,0.755811609872286,0.218961942629435,0.536849667242851,fixed-total − original，k=4
strength_k4,meanGO,late,8,0.27527398373257,0.31859496003866,-0.0433209763060903,fixed-total − original，k=4
strength_k4,meanGO,late,9,0.193161902444682,0.364340384697503,-0.171178482252821,fixed-total − original，k=4
strength_k4,meanGO,late,10,0.516708567013979,0.0623961396636692,0.45431242735031,fixed-total − original，k=4
strength_k4,meanGO,late,11,0.492067026293397,0.225842057574894,0.266224968718503,fixed-total − original，k=4
strength_k4,meanGO,late,12,0.186216550380235,0.406473184209975,-0.22025663382974,fixed-total − original，k=4
strength_k4,meanGO,late,13,0.695809423693169,0.281968946152078,0.41384047754109,fixed-total − original，k=4
strength_k4,meanGO,late,14,0.995991765788253,0.522440126343884,0.473551639444369,fixed-total − original，k=4
strength_k4,meanGO,late,15,0.92039729072105,0.234863156943992,0.685534133777058,fixed-total − original，k=4
strength_k4,meanGO,late,16,0.311039990339549,0.105798737682102,0.205241252657447,fixed-total − original，k=4
strength_k4,meanGO,late,17,0.237208350574904,0.0659124988182789,0.171295851756625,fixed-total − original，k=4
strength_k4,meanGO,late,18,0.779705903817115,0.332945165616583,0.446760738200532,fixed-total − original，k=4
strength_k4,meanGO,late,19,0.685305296742898,0.48986168865465,0.195443608088248,fixed-total − original，k=4
strength_k4,meanGO,late,20,0.280832068759641,0.250027773969142,0.0308042947904987,fixed-total − original，k=4
strength_k4,meanLO,main,1,0.764626194329563,0.293283279358134,0.47134291497143,fixed-total − original，k=4
strength_k4,meanLO,main,2,0.995301594084808,0.523396722455806,0.471904871629002,fixed-total − original，k=4
strength_k4,meanLO,main,3,0.718080354835292,0.369670420270757,0.348409934564535,fixed-total − original，k=4
strength_k4,meanLO,main,4,0.618368950265176,0.389582965668342,0.228785984596834,fixed-total − original，k=4
strength_k4,meanLO,main,5,0.945568694406567,0.299800391906897,0.64576830249967,fixed-total − original，k=4
strength_k4,meanLO,main,6,0.86149238089744,0.374829061229297,0.486663319668143,fixed-total − original，k=4
strength_k4,meanLO,main,7,0.85134940048739,0.413558615190885,0.437790785296505,fixed-total − original，k=4
strength_k4,meanLO,main,8,0.799934974603532,0.470715621843215,0.329219352760318,fixed-total − original，k=4
strength_k4,meanLO,main,9,0.490477822280203,0.514975883858257,-0.024498061578054,fixed-total − original，k=4
strength_k4,meanLO,main,10,0.604297240718156,0.291835660648246,0.31246158006991,fixed-total − original，k=4
strength_k4,meanLO,main,11,0.762401130319472,0.363932522326231,0.398468607993241,fixed-total − original，k=4
strength_k4,meanLO,main,12,0.550886273817651,0.515000164215389,0.0358861096022612,fixed-total − original，k=4
strength_k4,meanLO,main,13,0.760435485452454,0.448910814585949,0.311524670866505,fixed-total − original，k=4
strength_k4,meanLO,main,14,0.996793236348032,0.609136224342576,0.387657012005456,fixed-total − original，k=4
strength_k4,meanLO,main,15,0.88022860594052,0.373006785444435,0.507221820496085,fixed-total − original，k=4
strength_k4,meanLO,main,16,0.694036635408836,0.329471882748088,0.364564752660747,fixed-total − original，k=4
strength_k4,meanLO,main,17,0.755741183620265,0.311059059801695,0.444682123818571,fixed-total − original，k=4
strength_k4,meanLO,main,18,0.80922238846956,0.451809200147482,0.357413188322078,fixed-total − original，k=4
strength_k4,meanLO,main,19,0.781804775078032,0.536300763597737,0.245504011480295,fixed-total − original，k=4
strength_k4,meanLO,main,20,0.511722948887794,0.381083367650813,0.130639581236982,fixed-total − original，k=4
strength_k4,meanLO,early,1,0.808575347431121,0.289257805157374,0.519317542273747,fixed-total − original，k=4
strength_k4,meanLO,early,2,0.994647391879783,0.547877850326635,0.446769541553149,fixed-total − original，k=4
strength_k4,meanLO,early,3,0.699349233083804,0.375478160608354,0.32387107247545,fixed-total − original，k=4
strength_k4,meanLO,early,4,0.55367690262737,0.399193810621535,0.154483092005835,fixed-total − original，k=4
strength_k4,meanLO,early,5,0.918572592493158,0.312138305322469,0.606434287170689,fixed-total − original，k=4
strength_k4,meanLO,early,6,0.810826687873354,0.366385752310518,0.444440935562836,fixed-total − original，k=4
strength_k4,meanLO,early,7,0.845673733265084,0.386698674704159,0.458975058560925,fixed-total − original，k=4
strength_k4,meanLO,early,8,0.853862883664566,0.490901850648089,0.362961033016476,fixed-total − original，k=4
strength_k4,meanLO,early,9,0.46297917426834,0.474212098551927,-0.0112329242835871,fixed-total − original，k=4
strength_k4,meanLO,early,10,0.571202266901256,0.276038758134953,0.295163508766303,fixed-total − original，k=4
strength_k4,meanLO,early,11,0.740200632137503,0.358369343704957,0.381831288432546,fixed-total − original，k=4
strength_k4,meanLO,early,12,0.564664446950946,0.490155316935109,0.0745091300158364,fixed-total − original，k=4
strength_k4,meanLO,early,13,0.76643442497721,0.42687808687869,0.33955633809852,fixed-total − original，k=4
strength_k4,meanLO,early,14,0.996871020742635,0.577534562765722,0.419336457976913,fixed-total − original，k=4
strength_k4,meanLO,early,15,0.811917825785756,0.382413938575276,0.42950388721048,fixed-total − original，k=4
strength_k4,meanLO,early,16,0.70173683050602,0.35644284071065,0.34529398979537,fixed-total − original，k=4
strength_k4,meanLO,early,17,0.671482208214191,0.317869903586546,0.353612304627645,fixed-total − original，k=4
strength_k4,meanLO,early,18,0.782968283532284,0.42017711082296,0.362791172709324,fixed-total − original，k=4
strength_k4,meanLO,early,19,0.76894917903619,0.504117518329506,0.264831660706684,fixed-total − original，k=4
strength_k4,meanLO,early,20,0.525082573912156,0.388402685591979,0.136679888320177,fixed-total − original，k=4
strength_k4,meanLO,late,1,0.720677041228005,0.297308753558894,0.423368287669111,fixed-total − original，k=4
strength_k4,meanLO,late,2,0.995955796289832,0.498915594584978,0.497040201704854,fixed-total − original，k=4
strength_k4,meanLO,late,3,0.73681147658678,0.363862679933159,0.372948796653621,fixed-total − original，k=4
strength_k4,meanLO,late,4,0.683060997902981,0.379972120715148,0.303088877187833,fixed-total − original，k=4
strength_k4,meanLO,late,5,0.972564796319976,0.287462478491326,0.685102317828651,fixed-total − original，k=4
strength_k4,meanLO,late,6,0.912158073921527,0.383272370148077,0.528885703773451,fixed-total − original，k=4
strength_k4,meanLO,late,7,0.857025067709697,0.440418555677612,0.416606512032085,fixed-total − original，k=4
strength_k4,meanLO,late,8,0.746007065542497,0.45052939303834,0.295477672504157,fixed-total − original，k=4
strength_k4,meanLO,late,9,0.517976470292066,0.555739669164587,-0.0377631988725209,fixed-total − original，k=4
strength_k4,meanLO,late,10,0.637392214535056,0.30763256316154,0.329759651373516,fixed-total − original，k=4
strength_k4,meanLO,late,11,0.784601628501441,0.369495700947504,0.415105927553937,fixed-total − original，k=4
strength_k4,meanLO,late,12,0.537108100684357,0.53984501149567,-0.00273691081131322,fixed-total − original，k=4
strength_k4,meanLO,late,13,0.754436545927697,0.470943542293209,0.283493003634489,fixed-total − original，k=4
strength_k4,meanLO,late,14,0.996715451953429,0.64073788591943,0.355977566033999,fixed-total − original，k=4
strength_k4,meanLO,late,15,0.948539386095285,0.363599632313595,0.584939753781689,fixed-total − original，k=4
strength_k4,meanLO,late,16,0.686336440311652,0.302500924785526,0.383835515526125,fixed-total − original，k=4
strength_k4,meanLO,late,17,0.84000015902634,0.304248216016843,0.535751943009496,fixed-total − original，k=4
strength_k4,meanLO,late,18,0.835476493406836,0.483441289472004,0.352035203934832,fixed-total − original，k=4
strength_k4,meanLO,late,19,0.794660371119875,0.568484008865968,0.226176362253906,fixed-total − original，k=4
strength_k4,meanLO,late,20,0.498363323863433,0.373764049709647,0.124599274153786,fixed-total − original，k=4
strength_k4,meanPairDistanceNorm,main,1,0.0896266834690071,0.386789266846045,-0.297162583377037,fixed-total − original，k=4
strength_k4,meanPairDistanceNorm,main,2,0.0460334295905599,0.360468628863734,-0.314435199273175,fixed-total − original，k=4
strength_k4,meanPairDistanceNorm,main,3,0.171965969897548,0.381635167640095,-0.209669197742548,fixed-total − original，k=4
strength_k4,meanPairDistanceNorm,main,4,0.159426518242305,0.383690242505208,-0.224263724262902,fixed-total − original，k=4
strength_k4,meanPairDistanceNorm,main,5,0.119448245553891,0.379568587194009,-0.260120341640118,fixed-total − original，k=4
strength_k4,meanPairDistanceNorm,main,6,0.0774820117484766,0.388226648796543,-0.310744637048066,fixed-total − original，k=4
strength_k4,meanPairDistanceNorm,main,7,0.057694148260164,0.371407447358078,-0.313713299097914,fixed-total − original，k=4
strength_k4,meanPairDistanceNorm,main,8,0.147337871249623,0.380988624569803,-0.23365075332018,fixed-total − original，k=4
strength_k4,meanPairDistanceNorm,main,9,0.171691210789711,0.374500114398536,-0.202808903608824,fixed-total − original，k=4
strength_k4,meanPairDistanceNorm,main,10,0.141548383809246,0.388577463506307,-0.247029079697061,fixed-total − original，k=4
strength_k4,meanPairDistanceNorm,main,11,0.179473658828853,0.389088592460866,-0.209614933632013,fixed-total − original，k=4
strength_k4,meanPairDistanceNorm,main,12,0.233125630144116,0.364017209525053,-0.130891579380937,fixed-total − original，k=4
strength_k4,meanPairDistanceNorm,main,13,0.0597017035131679,0.375426612855407,-0.315724909342239,fixed-total − original，k=4
strength_k4,meanPairDistanceNorm,main,14,0.0339144088913826,0.380949646402763,-0.347035237511381,fixed-total − original，k=4
strength_k4,meanPairDistanceNorm,main,15,0.0842106418788257,0.37253998071744,-0.288329338838614,fixed-total − original，k=4
strength_k4,meanPairDistanceNorm,main,16,0.161495442560034,0.380005812861629,-0.218510370301595,fixed-total − original，k=4
strength_k4,meanPairDistanceNorm,main,17,0.21840951830284,0.381374767834162,-0.162965249531322,fixed-total − original，k=4
strength_k4,meanPairDistanceNorm,main,18,0.0906503774935109,0.360670371860886,-0.270019994367376,fixed-total − original，k=4
strength_k4,meanPairDistanceNorm,main,19,0.156299279718545,0.346638025537581,-0.190338745819036,fixed-total − original，k=4
strength_k4,meanPairDistanceNorm,main,20,0.161812935760353,0.375240146433727,-0.213427210673374,fixed-total − original，k=4
strength_k4,meanPairDistanceNorm,early,1,0.0496639420739595,0.386118330909499,-0.336454388835539,fixed-total − original，k=4
strength_k4,meanPairDistanceNorm,early,2,0.0437459032851092,0.355204079339997,-0.311458176054888,fixed-total − original，k=4
strength_k4,meanPairDistanceNorm,early,3,0.244377919803337,0.382819466164678,-0.138441546361341,fixed-total − original，k=4
strength_k4,meanPairDistanceNorm,early,4,0.113271122033565,0.38414457292422,-0.270873450890655,fixed-total − original，k=4
strength_k4,meanPairDistanceNorm,early,5,0.116775756151316,0.386668722075186,-0.26989296592387,fixed-total − original，k=4
strength_k4,meanPairDistanceNorm,early,6,0.0903793893144455,0.385032464532649,-0.294653075218204,fixed-total − original，k=4
strength_k4,meanPairDistanceNorm,early,7,0.0340948026626573,0.367595779425481,-0.333500976762824,fixed-total − original，k=4
strength_k4,meanPairDistanceNorm,early,8,0.0795060663156497,0.385861661355212,-0.306355595039563,fixed-total − original，k=4
strength_k4,meanPairDistanceNorm,early,9,0.186621821113166,0.389498151007883,-0.202876329894717,fixed-total − original，k=4
strength_k4,meanPairDistanceNorm,early,10,0.146100934232094,0.389709765059771,-0.243608830827676,fixed-total − original，k=4
strength_k4,meanPairDistanceNorm,early,11,0.231075829677894,0.386944908084034,-0.155869078406141,fixed-total − original，k=4
strength_k4,meanPairDistanceNorm,early,12,0.251523110505862,0.368465979398875,-0.116942868893013,fixed-total − original，k=4
strength_k4,meanPairDistanceNorm,early,13,0.054697086767033,0.37391344851285,-0.319216361745817,fixed-total − original，k=4
strength_k4,meanPairDistanceNorm,early,14,0.0336297341415942,0.381828475853901,-0.348198741712307,fixed-total − original，k=4
strength_k4,meanPairDistanceNorm,early,15,0.106614667978991,0.377097877902031,-0.270483209923041,fixed-total − original，k=4
strength_k4,meanPairDistanceNorm,early,16,0.166039546624621,0.382610729935526,-0.216571183310905,fixed-total − original，k=4
strength_k4,meanPairDistanceNorm,early,17,0.188239214334008,0.387854413810667,-0.199615199476659,fixed-total − original，k=4
strength_k4,meanPairDistanceNorm,early,18,0.113652684891442,0.368890099624303,-0.255237414732861,fixed-total − original，k=4
strength_k4,meanPairDistanceNorm,early,19,0.183620441823521,0.345440815236381,-0.16182037341286,fixed-total − original，k=4
strength_k4,meanPairDistanceNorm,early,20,0.190739385953326,0.373759575497299,-0.183020189543974,fixed-total − original，k=4
strength_k4,meanPairDistanceNorm,late,1,0.129589424864055,0.38746020278259,-0.257870777918536,fixed-total − original，k=4
strength_k4,meanPairDistanceNorm,late,2,0.0483209558960107,0.365733178387472,-0.317412222491461,fixed-total − original，k=4
strength_k4,meanPairDistanceNorm,late,3,0.0995540199917587,0.380450869115513,-0.280896849123755,fixed-total − original，k=4
strength_k4,meanPairDistanceNorm,late,4,0.205581914451046,0.383235912086195,-0.177653997635149,fixed-total − original，k=4
strength_k4,meanPairDistanceNorm,late,5,0.122120734956466,0.372468452312832,-0.250347717356367,fixed-total − original，k=4
strength_k4,meanPairDistanceNorm,late,6,0.0645846341825076,0.391420833060437,-0.326836198877929,fixed-total − original，k=4
strength_k4,meanPairDistanceNorm,late,7,0.0812934938576707,0.375219115290675,-0.293925621433004,fixed-total − original，k=4
strength_k4,meanPairDistanceNorm,late,8,0.215169676183595,0.376115587784393,-0.160945911600797,fixed-total − original，k=4
strength_k4,meanPairDistanceNorm,late,9,0.156760600466257,0.359502077789188,-0.202741477322931,fixed-total − original，k=4
strength_k4,meanPairDistanceNorm,late,10,0.136995833386397,0.387445161952843,-0.250449328566446,fixed-total − original，k=4
strength_k4,meanPairDistanceNorm,late,11,0.127871487979813,0.391232276837698,-0.263360788857885,fixed-total − original，k=4
strength_k4,meanPairDistanceNorm,late,12,0.21472814978237,0.359568439651231,-0.144840289868861,fixed-total − original，k=4
strength_k4,meanPairDistanceNorm,late,13,0.0647063202593027,0.376939777197963,-0.312233456938661,fixed-total − original，k=4
strength_k4,meanPairDistanceNorm,late,14,0.0341990836411709,0.380070816951625,-0.345871733310454,fixed-total − original，k=4
strength_k4,meanPairDistanceNorm,late,15,0.0618066157786606,0.367982083532849,-0.306175467754188,fixed-total − original，k=4
strength_k4,meanPairDistanceNorm,late,16,0.156951338495447,0.377400895787731,-0.220449557292284,fixed-total − original，k=4
strength_k4,meanPairDistanceNorm,late,17,0.248579822271671,0.374895121857656,-0.126315299585985,fixed-total − original，k=4
strength_k4,meanPairDistanceNorm,late,18,0.0676480700955801,0.35245064409747,-0.28480257400189,fixed-total − original，k=4
strength_k4,meanPairDistanceNorm,late,19,0.128978117613569,0.347835235838781,-0.218857118225212,fixed-total − original，k=4
strength_k4,meanPairDistanceNorm,late,20,0.132886485567381,0.376720717370155,-0.243834231802774,fixed-total − original，k=4
strength_k8,meanGO,main,1,0.779631931561625,0.125968716901675,0.65366321465995,fixed-total − original，k=8
strength_k8,meanGO,main,2,0.475566983784897,0.204312714402156,0.271254269382741,fixed-total − original，k=8
strength_k8,meanGO,main,3,0.642818682458605,0.320560631654404,0.322258050804201,fixed-total − original，k=8
strength_k8,meanGO,main,4,0.36584674134955,0.126851814350443,0.238994926999107,fixed-total − original，k=8
strength_k8,meanGO,main,5,0.847527065500032,0.102995186151804,0.744531879348228,fixed-total − original，k=8
strength_k8,meanGO,main,6,0.787671772865857,0.269775789663496,0.517895983202362,fixed-total − original，k=8
strength_k8,meanGO,main,7,0.282658245054969,0.510189085276302,-0.227530840221333,fixed-total − original，k=8
strength_k8,meanGO,main,8,0.451102242784756,0.305986537310171,0.145115705474585,fixed-total − original，k=8
strength_k8,meanGO,main,9,0.875587828834135,0.247247635547933,0.628340193286202,fixed-total − original，k=8
strength_k8,meanGO,main,10,0.780184536693076,0.193582834901351,0.586601701791725,fixed-total − original，k=8
strength_k8,meanGO,main,11,0.751040826843456,0.148782619379825,0.602258207463631,fixed-total − original，k=8
strength_k8,meanGO,main,12,0.780089070708574,0.361568527441947,0.418520543266626,fixed-total − original，k=8
strength_k8,meanGO,main,13,0.390217733164409,0.263815286018889,0.12640244714552,fixed-total − original，k=8
strength_k8,meanGO,main,14,0.944872097806608,0.366074489207115,0.578797608599493,fixed-total − original，k=8
strength_k8,meanGO,main,15,0.594628263162693,0.399226314326722,0.195401948835971,fixed-total − original，k=8
strength_k8,meanGO,main,16,0.638534247117031,0.231435758067876,0.407098489049155,fixed-total − original，k=8
strength_k8,meanGO,main,17,0.729253555261375,0.241656349176064,0.487597206085311,fixed-total − original，k=8
strength_k8,meanGO,main,18,0.340276669161119,0.127019200298313,0.213257468862806,fixed-total − original，k=8
strength_k8,meanGO,main,19,0.744765244671722,0.375798824052095,0.368966420619628,fixed-total − original，k=8
strength_k8,meanGO,main,20,0.628412674512286,0.22498156734066,0.403431107171626,fixed-total − original，k=8
strength_k8,meanGO,early,1,0.758280100411393,0.135726697133065,0.622553403278328,fixed-total − original，k=8
strength_k8,meanGO,early,2,0.557344597923264,0.221288763353415,0.336055834569849,fixed-total − original，k=8
strength_k8,meanGO,early,3,0.665598254823293,0.318312212523192,0.347286042300101,fixed-total − original，k=8
strength_k8,meanGO,early,4,0.339654926207587,0.134422063658568,0.205232862549018,fixed-total − original，k=8
strength_k8,meanGO,early,5,0.830252585599208,0.0985123652482912,0.731740220350917,fixed-total − original，k=8
strength_k8,meanGO,early,6,0.826648655312633,0.274511780000036,0.552136875312596,fixed-total − original，k=8
strength_k8,meanGO,early,7,0.44023313266823,0.542118328819354,-0.101885196151124,fixed-total − original，k=8
strength_k8,meanGO,early,8,0.252481947386805,0.315108071138124,-0.062626123751319,fixed-total − original，k=8
strength_k8,meanGO,early,9,0.842412130314943,0.272080196751355,0.570331933563589,fixed-total − original，k=8
strength_k8,meanGO,early,10,0.707319047618367,0.188158853332196,0.51916019428617,fixed-total − original，k=8
strength_k8,meanGO,early,11,0.687564389342208,0.0900560129200227,0.597508376422185,fixed-total − original，k=8
strength_k8,meanGO,early,12,0.812279127802342,0.344422445098788,0.467856682703554,fixed-total − original，k=8
strength_k8,meanGO,early,13,0.460386889072794,0.286355135446542,0.174031753626252,fixed-total − original，k=8
strength_k8,meanGO,early,14,0.938193079805163,0.346250393938041,0.591942685867122,fixed-total − original，k=8
strength_k8,meanGO,early,15,0.54361012957923,0.395283877603648,0.148326251975582,fixed-total − original，k=8
strength_k8,meanGO,early,16,0.640139154758994,0.231483764387111,0.408655390371884,fixed-total − original，k=8
strength_k8,meanGO,early,17,0.788186761798258,0.216851566770749,0.571335195027508,fixed-total − original，k=8
strength_k8,meanGO,early,18,0.286069655177753,0.146830649922484,0.139239005255268,fixed-total − original，k=8
strength_k8,meanGO,early,19,0.61042672402078,0.258847754466933,0.351578969553847,fixed-total − original，k=8
strength_k8,meanGO,early,20,0.605324527576322,0.21237084688183,0.392953680694493,fixed-total − original，k=8
strength_k8,meanGO,late,1,0.800983762711857,0.116210736670286,0.684773026041571,fixed-total − original，k=8
strength_k8,meanGO,late,2,0.39378936964653,0.187336665450898,0.206452704195633,fixed-total − original，k=8
strength_k8,meanGO,late,3,0.620039110093917,0.322809050785617,0.297230059308301,fixed-total − original，k=8
strength_k8,meanGO,late,4,0.392038556491513,0.119281565042318,0.272756991449196,fixed-total − original，k=8
strength_k8,meanGO,late,5,0.864801545400857,0.107478007055316,0.75732353834554,fixed-total − original，k=8
strength_k8,meanGO,late,6,0.748694890419082,0.265039799326955,0.483655091092127,fixed-total − original，k=8
strength_k8,meanGO,late,7,0.125083357441708,0.478259841733249,-0.353176484291541,fixed-total − original，k=8
strength_k8,meanGO,late,8,0.649722538182708,0.296865003482219,0.352857534700489,fixed-total − original，k=8
strength_k8,meanGO,late,9,0.908763527353326,0.222415074344511,0.686348453008815,fixed-total − original，k=8
strength_k8,meanGO,late,10,0.853050025767785,0.199006816470506,0.654043209297279,fixed-total − original，k=8
strength_k8,meanGO,late,11,0.814517264344706,0.207509225839627,0.607008038505078,fixed-total − original，k=8
strength_k8,meanGO,late,12,0.747899013614805,0.378714609785106,0.369184403829699,fixed-total − original，k=8
strength_k8,meanGO,late,13,0.320048577256024,0.241275436591237,0.0787731406647874,fixed-total − original，k=8
strength_k8,meanGO,late,14,0.951551115808053,0.385898584476189,0.565652531331863,fixed-total − original，k=8
strength_k8,meanGO,late,15,0.645646396746155,0.403168751049795,0.24247764569636,fixed-total − original，k=8
strength_k8,meanGO,late,16,0.636929339475066,0.231387751748641,0.405541587726426,fixed-total − original，k=8
strength_k8,meanGO,late,17,0.670320348724491,0.266461131581379,0.403859217143112,fixed-total − original，k=8
strength_k8,meanGO,late,18,0.394483683144485,0.107207750674142,0.287275932470344,fixed-total − original，k=8
strength_k8,meanGO,late,19,0.879103765322666,0.492749893637255,0.38635387168541,fixed-total − original，k=8
strength_k8,meanGO,late,20,0.65150082144825,0.23759228779949,0.41390853364876,fixed-total − original，k=8
strength_k8,meanLO,main,1,0.820051713225759,0.308791275230243,0.511260437995516,fixed-total − original，k=8
strength_k8,meanLO,main,2,0.693495820733199,0.359682821751998,0.333812998981201,fixed-total − original，k=8
strength_k8,meanLO,main,3,0.762729462118213,0.42521252930279,0.337516932815424,fixed-total − original，k=8
strength_k8,meanLO,main,4,0.705724064379446,0.343952672577659,0.361771391801787,fixed-total − original，k=8
strength_k8,meanLO,main,5,0.936168137062585,0.269830130087464,0.666338006975121,fixed-total − original，k=8
strength_k8,meanLO,main,6,0.819516737497135,0.414288706702338,0.405228030794797,fixed-total − original，k=8
strength_k8,meanLO,main,7,0.533014394882866,0.592097721234348,-0.0590833263514814,fixed-total − original，k=8
strength_k8,meanLO,main,8,0.673861555114425,0.418448217340629,0.255413337773796,fixed-total − original，k=8
strength_k8,meanLO,main,9,0.914906342730867,0.420542835382703,0.494363507348163,fixed-total − original，k=8
strength_k8,meanLO,main,10,0.827667322594473,0.497176006398274,0.330491316196198,fixed-total − original，k=8
strength_k8,meanLO,main,11,0.847967443981289,0.384755319625071,0.463212124356219,fixed-total − original，k=8
strength_k8,meanLO,main,12,0.911477906469025,0.493037035742954,0.418440870726071,fixed-total − original，k=8
strength_k8,meanLO,main,13,0.619543190092329,0.437273417586853,0.182269772505475,fixed-total − original，k=8
strength_k8,meanLO,main,14,0.961819137564887,0.444843627827029,0.516975509737857,fixed-total − original，k=8
strength_k8,meanLO,main,15,0.784525927028803,0.452535573030745,0.331990353998058,fixed-total − original，k=8
strength_k8,meanLO,main,16,0.790770721336926,0.324276686932111,0.466494034404816,fixed-total − original，k=8
strength_k8,meanLO,main,17,0.781368639329057,0.415970230172258,0.365398409156799,fixed-total − original，k=8
strength_k8,meanLO,main,18,0.57070370984553,0.356062966617616,0.214640743227914,fixed-total − original，k=8
strength_k8,meanLO,main,19,0.828646458790878,0.573329229211217,0.255317229579661,fixed-total − original，k=8
strength_k8,meanLO,main,20,0.732493312759691,0.425065536117689,0.307427776642001,fixed-total − original，k=8
strength_k8,meanLO,early,1,0.808779730471981,0.345186112716683,0.463593617755298,fixed-total − original，k=8
strength_k8,meanLO,early,2,0.686338744311005,0.370026071556642,0.316312672754363,fixed-total − original，k=8
strength_k8,meanLO,early,3,0.764442344626399,0.423453649001358,0.340988695625041,fixed-total − original，k=8
strength_k8,meanLO,early,4,0.724325931923462,0.326675245736019,0.397650686187443,fixed-total − original，k=8
strength_k8,meanLO,early,5,0.91053295146646,0.268870495161928,0.641662456304532,fixed-total − original，k=8
strength_k8,meanLO,early,6,0.865802990349823,0.386915519768537,0.478887470581286,fixed-total − original，k=8
strength_k8,meanLO,early,7,0.582532127206274,0.619378466257376,-0.0368463390511022,fixed-total − original，k=8
strength_k8,meanLO,early,8,0.604226582228855,0.381494662881112,0.222731919347743,fixed-total − original，k=8
strength_k8,meanLO,early,9,0.895971824233898,0.405724448098493,0.490247376135406,fixed-total − original，k=8
strength_k8,meanLO,early,10,0.764643966088331,0.48465992636409,0.279984039724241,fixed-total − original，k=8
strength_k8,meanLO,early,11,0.815498036742895,0.350052126880511,0.465445909862385,fixed-total − original，k=8
strength_k8,meanLO,early,12,0.923803980716607,0.483183568859434,0.440620411857173,fixed-total − original，k=8
strength_k8,meanLO,early,13,0.711693431647263,0.440703827322368,0.270989604324895,fixed-total − original，k=8
strength_k8,meanLO,early,14,0.951044233672462,0.46303774514141,0.488006488531052,fixed-total − original，k=8
strength_k8,meanLO,early,15,0.779813834030065,0.440484331727071,0.339329502302994,fixed-total − original，k=8
strength_k8,meanLO,early,16,0.824597798781185,0.319380485894158,0.505217312887027,fixed-total − original，k=8
strength_k8,meanLO,early,17,0.857183344509313,0.41414909849766,0.443034246011653,fixed-total − original，k=8
strength_k8,meanLO,early,18,0.500009003195905,0.304873350308514,0.195135652887391,fixed-total − original，k=8
strength_k8,meanLO,early,19,0.728551930836315,0.487979182975944,0.24057274786037,fixed-total − original，k=8
strength_k8,meanLO,early,20,0.694953249323077,0.376114710401722,0.318838538921355,fixed-total − original，k=8
strength_k8,meanLO,late,1,0.831323695979538,0.272396437743803,0.558927258235735,fixed-total − original，k=8
strength_k8,meanLO,late,2,0.700652897155393,0.349339571947354,0.351313325208039,fixed-total − original，k=8
strength_k8,meanLO,late,3,0.761016579610028,0.426971409604221,0.334045170005807,fixed-total − original，k=8
strength_k8,meanLO,late,4,0.687122196835429,0.361230099419299,0.32589209741613,fixed-total − original，k=8
strength_k8,meanLO,late,5,0.96180332265871,0.270789765012999,0.69101355764571,fixed-total − original，k=8
strength_k8,meanLO,late,6,0.773230484644447,0.441661893636139,0.331568591008307,fixed-total − original，k=8
strength_k8,meanLO,late,7,0.483496662559458,0.564816976211318,-0.0813203136518599,fixed-total − original，k=8
strength_k8,meanLO,late,8,0.743496527999995,0.455401771800146,0.288094756199849,fixed-total − original，k=8
strength_k8,meanLO,late,9,0.933840861227836,0.435361222666914,0.498479638560922,fixed-total − original，k=8
strength_k8,meanLO,late,10,0.890690679100615,0.509692086432459,0.380998592668156,fixed-total − original，k=8
strength_k8,meanLO,late,11,0.880436851219683,0.41945851236963,0.460978338850053,fixed-total − original，k=8
strength_k8,meanLO,late,12,0.899151832221443,0.502890502626474,0.39626132959497,fixed-total − original，k=8
strength_k8,meanLO,late,13,0.527392948537394,0.433843007851339,0.093549940686055,fixed-total − original，k=8
strength_k8,meanLO,late,14,0.972594041457311,0.426649510512649,0.545944530944662,fixed-total − original，k=8
strength_k8,meanLO,late,15,0.789238020027541,0.464586814334418,0.324651205693123,fixed-total − original，k=8
strength_k8,meanLO,late,16,0.756943643892667,0.329172887970063,0.427770755922604,fixed-total − original，k=8
strength_k8,meanLO,late,17,0.705553934148802,0.417791361846855,0.287762572301946,fixed-total − original，k=8
strength_k8,meanLO,late,18,0.641398416495155,0.407252582926717,0.234145833568438,fixed-total − original，k=8
strength_k8,meanLO,late,19,0.928740986745442,0.658679275446489,0.270061711298953,fixed-total − original，k=8
strength_k8,meanLO,late,20,0.770033376196305,0.474016361833657,0.296017014362648,fixed-total − original，k=8
strength_k8,meanPairDistanceNorm,main,1,0.0360351151421978,0.389340341557785,-0.353305226415587,fixed-total − original，k=8
strength_k8,meanPairDistanceNorm,main,2,0.159275371443329,0.371849335720969,-0.21257396427764,fixed-total − original，k=8
strength_k8,meanPairDistanceNorm,main,3,0.148004264554274,0.379689378785377,-0.231685114231104,fixed-total − original，k=8
strength_k8,meanPairDistanceNorm,main,4,0.187120315655096,0.373124262871211,-0.186003947216115,fixed-total − original，k=8
strength_k8,meanPairDistanceNorm,main,5,0.0493547954131472,0.387769599405797,-0.33841480399265,fixed-total − original，k=8
strength_k8,meanPairDistanceNorm,main,6,0.229639618102976,0.383336739392664,-0.153697121289688,fixed-total − original，k=8
strength_k8,meanPairDistanceNorm,main,7,0.195575668806587,0.376867242338254,-0.181291573531667,fixed-total − original，k=8
strength_k8,meanPairDistanceNorm,main,8,0.224995443743138,0.380295204254774,-0.155299760511636,fixed-total − original，k=8
strength_k8,meanPairDistanceNorm,main,9,0.213997289737084,0.376796302634966,-0.162799012897882,fixed-total − original，k=8
strength_k8,meanPairDistanceNorm,main,10,0.217648735334435,0.370550014494967,-0.152901279160532,fixed-total − original，k=8
strength_k8,meanPairDistanceNorm,main,11,0.141147700094245,0.371487412812138,-0.230339712717894,fixed-total − original，k=8
strength_k8,meanPairDistanceNorm,main,12,0.0761334700989059,0.369804819665606,-0.2936713495667,fixed-total − original，k=8
strength_k8,meanPairDistanceNorm,main,13,0.18529576253513,0.382372085716202,-0.197076323181071,fixed-total − original，k=8
strength_k8,meanPairDistanceNorm,main,14,0.0967670448032983,0.382172205999567,-0.285405161196269,fixed-total − original，k=8
strength_k8,meanPairDistanceNorm,main,15,0.142295692267483,0.387868218764062,-0.245572526496578,fixed-total − original，k=8
strength_k8,meanPairDistanceNorm,main,16,0.0835176102892709,0.376708137699409,-0.293190527410139,fixed-total − original，k=8
strength_k8,meanPairDistanceNorm,main,17,0.214121116690986,0.382300313767685,-0.1681791970767,fixed-total − original，k=8
strength_k8,meanPairDistanceNorm,main,18,0.228777495157558,0.361467279509697,-0.132689784352139,fixed-total − original，k=8
strength_k8,meanPairDistanceNorm,main,19,0.100938211223467,0.322245528467687,-0.22130731724422,fixed-total − original，k=8
strength_k8,meanPairDistanceNorm,main,20,0.178714707686836,0.364194346791136,-0.1854796391043,fixed-total − original，k=8
strength_k8,meanPairDistanceNorm,early,1,0.038242414283803,0.389360358264579,-0.351117943980776,fixed-total − original，k=8
strength_k8,meanPairDistanceNorm,early,2,0.119505025394192,0.37880589770425,-0.259300872310058,fixed-total − original，k=8
strength_k8,meanPairDistanceNorm,early,3,0.0948006620789964,0.386806928209115,-0.292006266130118,fixed-total − original，k=8
strength_k8,meanPairDistanceNorm,early,4,0.136317544332197,0.374657989258356,-0.238340444926158,fixed-total − original，k=8
strength_k8,meanPairDistanceNorm,early,5,0.0329977901494678,0.386206501036246,-0.353208710886778,fixed-total − original，k=8
strength_k8,meanPairDistanceNorm,early,6,0.224146203344349,0.380346675653447,-0.156200472309098,fixed-total − original，k=8
strength_k8,meanPairDistanceNorm,early,7,0.13742007053573,0.386714046939483,-0.249293976403753,fixed-total − original，k=8
strength_k8,meanPairDistanceNorm,early,8,0.225278815113618,0.387124553771918,-0.161845738658301,fixed-total − original，k=8
strength_k8,meanPairDistanceNorm,early,9,0.192890832312763,0.382056156989277,-0.189165324676514,fixed-total − original，k=8
strength_k8,meanPairDistanceNorm,early,10,0.249828617602558,0.367483369867682,-0.117654752265125,fixed-total − original，k=8
strength_k8,meanPairDistanceNorm,early,11,0.138509746127043,0.359173309296783,-0.220663563169741,fixed-total − original，k=8
strength_k8,meanPairDistanceNorm,early,12,0.0728534808925737,0.382947890650999,-0.310094409758426,fixed-total − original，k=8
strength_k8,meanPairDistanceNorm,early,13,0.129247488077497,0.377965048308164,-0.248717560230667,fixed-total − original，k=8
strength_k8,meanPairDistanceNorm,early,14,0.105968993164503,0.380923249586286,-0.274954256421783,fixed-total − original，k=8
strength_k8,meanPairDistanceNorm,early,15,0.155987230727988,0.392501500201849,-0.236514269473861,fixed-total − original，k=8
strength_k8,meanPairDistanceNorm,early,16,0.0753627017539934,0.372921697300177,-0.297558995546183,fixed-total − original，k=8
strength_k8,meanPairDistanceNorm,early,17,0.236101564173781,0.383011061100248,-0.146909496926467,fixed-total − original，k=8
strength_k8,meanPairDistanceNorm,early,18,0.194570701286265,0.34435067413078,-0.149779972844515,fixed-total − original，k=8
strength_k8,meanPairDistanceNorm,early,19,0.131863581724893,0.30677023594097,-0.174906654216078,fixed-total − original，k=8
strength_k8,meanPairDistanceNorm,early,20,0.119059169477411,0.348474735649535,-0.229415566172124,fixed-total − original，k=8
strength_k8,meanPairDistanceNorm,late,1,0.0338278160005927,0.38932032485099,-0.355492508850398,fixed-total − original，k=8
strength_k8,meanPairDistanceNorm,late,2,0.199045717492467,0.364892773737688,-0.165847056245221,fixed-total − original，k=8
strength_k8,meanPairDistanceNorm,late,3,0.201207867029551,0.37257182936164,-0.17136396233209,fixed-total − original，k=8
strength_k8,meanPairDistanceNorm,late,4,0.237923086977995,0.371590536484067,-0.133667449506072,fixed-total − original，k=8
strength_k8,meanPairDistanceNorm,late,5,0.0657118006768266,0.389332697775348,-0.323620897098521,fixed-total − original，k=8
strength_k8,meanPairDistanceNorm,late,6,0.235133032861603,0.38632680313188,-0.151193770270277,fixed-total − original，k=8
strength_k8,meanPairDistanceNorm,late,7,0.253731267077444,0.367020437737024,-0.11328917065958,fixed-total − original，k=8
strength_k8,meanPairDistanceNorm,late,8,0.224712072372659,0.37346585473763,-0.148753782364971,fixed-total − original，k=8
strength_k8,meanPairDistanceNorm,late,9,0.235103747161405,0.371536448280656,-0.136432701119251,fixed-total − original，k=8
strength_k8,meanPairDistanceNorm,late,10,0.185468853066313,0.373616659122252,-0.188147806055939,fixed-total − original，k=8
strength_k8,meanPairDistanceNorm,late,11,0.143785654061446,0.383801516327493,-0.240015862266047,fixed-total − original，k=8
strength_k8,meanPairDistanceNorm,late,12,0.0794134593052381,0.356661748680212,-0.277248289374974,fixed-total − original，k=8
strength_k8,meanPairDistanceNorm,late,13,0.241344036992764,0.38677912312424,-0.145435086131476,fixed-total − original，k=8
strength_k8,meanPairDistanceNorm,late,14,0.0875650964420938,0.383421162412848,-0.295856065970754,fixed-total − original，k=8
strength_k8,meanPairDistanceNorm,late,15,0.128604153806978,0.383234937326274,-0.254630783519296,fixed-total − original，k=8
strength_k8,meanPairDistanceNorm,late,16,0.0916725188245484,0.380494578098642,-0.288822059274094,fixed-total − original，k=8
strength_k8,meanPairDistanceNorm,late,17,0.19214066920819,0.381589566435123,-0.189448897226932,fixed-total − original，k=8
strength_k8,meanPairDistanceNorm,late,18,0.262984289028851,0.378583884888613,-0.115599595859763,fixed-total − original，k=8
strength_k8,meanPairDistanceNorm,late,19,0.0700128407220421,0.337720820994404,-0.267707980272362,fixed-total − original，k=8
strength_k8,meanPairDistanceNorm,late,20,0.23837024589626,0.379913957932737,-0.141543712036477,fixed-total − original，k=8
strength_k12,meanGO,main,1,0.301236604434304,0.72040126818787,-0.419164663753566,fixed-total − original，k=12
strength_k12,meanGO,main,2,0.86780783043082,0.623889800816251,0.243918029614569,fixed-total − original，k=12
strength_k12,meanGO,main,3,0.801992384608341,0.309073303838776,0.492919080769565,fixed-total − original，k=12
strength_k12,meanGO,main,4,0.29367053749639,0.457834509158664,-0.164163971662273,fixed-total − original，k=12
strength_k12,meanGO,main,5,0.637095074981279,0.186686068611308,0.450409006369971,fixed-total − original，k=12
strength_k12,meanGO,main,6,0.438315442010727,0.651017184582934,-0.212701742572207,fixed-total − original，k=12
strength_k12,meanGO,main,7,0.628316428443627,0.376998166066864,0.251318262376763,fixed-total − original，k=12
strength_k12,meanGO,main,8,0.621345527647607,0.339266386766915,0.282079140880692,fixed-total − original，k=12
strength_k12,meanGO,main,9,0.956674336585993,0.450819820800793,0.505854515785199,fixed-total − original，k=12
strength_k12,meanGO,main,10,0.396914367104422,0.603819562718926,-0.206905195614504,fixed-total − original，k=12
strength_k12,meanGO,main,11,0.898945435610511,0.589380059575026,0.309565376035485,fixed-total − original，k=12
strength_k12,meanGO,main,12,0.783376846908281,0.835018674697328,-0.0516418277890468,fixed-total − original，k=12
strength_k12,meanGO,main,13,0.547825755217085,0.526889294275503,0.0209364609415822,fixed-total − original，k=12
strength_k12,meanGO,main,14,0.385800897595078,0.47535703332117,-0.0895561357260925,fixed-total − original，k=12
strength_k12,meanGO,main,15,0.591906613497273,0.209893674676948,0.382012938820326,fixed-total − original，k=12
strength_k12,meanGO,main,16,0.774778420707853,0.438286084641649,0.336492336066204,fixed-total − original，k=12
strength_k12,meanGO,main,17,0.922144042110772,0.421800377273812,0.50034366483696,fixed-total − original，k=12
strength_k12,meanGO,main,18,0.510469369969498,0.766181397552316,-0.255712027582819,fixed-total − original，k=12
strength_k12,meanGO,main,19,0.421545562768022,0.610645564995921,-0.189100002227899,fixed-total − original，k=12
strength_k12,meanGO,main,20,0.57972901668345,0.68533080891179,-0.10560179222834,fixed-total − original，k=12
strength_k12,meanGO,early,1,0.281802098848373,0.789095197861566,-0.507293099013193,fixed-total − original，k=12
strength_k12,meanGO,early,2,0.835388354237265,0.649438078024888,0.185950276212377,fixed-total − original，k=12
strength_k12,meanGO,early,3,0.806223429319599,0.285284188334943,0.520939240984657,fixed-total − original，k=12
strength_k12,meanGO,early,4,0.30478218984046,0.567225946307443,-0.262443756466982,fixed-total − original，k=12
strength_k12,meanGO,early,5,0.629872112226101,0.201652682760668,0.428219429465433,fixed-total − original，k=12
strength_k12,meanGO,early,6,0.459775092653217,0.52656207016955,-0.0667869775163332,fixed-total − original，k=12
strength_k12,meanGO,early,7,0.608383049256985,0.471644925044916,0.136738124212069,fixed-total − original，k=12
strength_k12,meanGO,early,8,0.600409744287894,0.315273352629921,0.285136391657973,fixed-total − original，k=12
strength_k12,meanGO,early,9,0.930520259334566,0.544519699072396,0.38600056026217,fixed-total − original，k=12
strength_k12,meanGO,early,10,0.558357237863598,0.608326276832338,-0.0499690389687395,fixed-total − original，k=12
strength_k12,meanGO,early,11,0.854122207746353,0.660028808350944,0.194093399395409,fixed-total − original，k=12
strength_k12,meanGO,early,12,0.731627344370383,0.870134252594766,-0.138506908224382,fixed-total − original，k=12
strength_k12,meanGO,early,13,0.643038720839533,0.523156626532561,0.119882094306972,fixed-total − original，k=12
strength_k12,meanGO,early,14,0.38039775014232,0.276977644185322,0.103420105956998,fixed-total − original，k=12
strength_k12,meanGO,early,15,0.628055441173713,0.195095143831533,0.43296029734218,fixed-total − original，k=12
strength_k12,meanGO,early,16,0.748420407557282,0.389953612177833,0.358466795379449,fixed-total − original，k=12
strength_k12,meanGO,early,17,0.906556878105127,0.387243386519148,0.519313491585978,fixed-total − original，k=12
strength_k12,meanGO,early,18,0.388297231299387,0.773506580754046,-0.385209349454659,fixed-total − original，k=12
strength_k12,meanGO,early,19,0.486295135708602,0.559009295732792,-0.0727141600241893,fixed-total − original，k=12
strength_k12,meanGO,early,20,0.593308411662016,0.716397093857723,-0.123088682195707,fixed-total − original，k=12
strength_k12,meanGO,late,1,0.320671110020235,0.651707338514174,-0.331036228493938,fixed-total − original，k=12
strength_k12,meanGO,late,2,0.900227306624377,0.598341523607615,0.301885783016762,fixed-total − original，k=12
strength_k12,meanGO,late,3,0.797761339897083,0.33286241934261,0.464898920554473,fixed-total − original，k=12
strength_k12,meanGO,late,4,0.282558885152321,0.348443072009884,-0.0658841868575636,fixed-total − original，k=12
strength_k12,meanGO,late,5,0.644318037736456,0.171719454461947,0.472598583274509,fixed-total − original，k=12
strength_k12,meanGO,late,6,0.416855791368237,0.775472298996317,-0.35861650762808,fixed-total − original，k=12
strength_k12,meanGO,late,7,0.64824980763027,0.282351407088812,0.365898400541458,fixed-total − original，k=12
strength_k12,meanGO,late,8,0.642281311007319,0.363259420903909,0.27902189010341,fixed-total − original，k=12
strength_k12,meanGO,late,9,0.982828413837419,0.35711994252919,0.625708471308228,fixed-total − original，k=12
strength_k12,meanGO,late,10,0.235471496345245,0.599312848605514,-0.363841352260269,fixed-total − original，k=12
strength_k12,meanGO,late,11,0.943768663474668,0.518731310799109,0.42503735267556,fixed-total − original，k=12
strength_k12,meanGO,late,12,0.835126349446178,0.79990309679989,0.0352232526462884,fixed-total − original，k=12
strength_k12,meanGO,late,13,0.452612789594637,0.530621962018444,-0.0780091724238067,fixed-total − original，k=12
strength_k12,meanGO,late,14,0.391204045047835,0.673736422457018,-0.282532377409183,fixed-total − original，k=12
strength_k12,meanGO,late,15,0.555757785820834,0.224692205522362,0.331065580298472,fixed-total − original，k=12
strength_k12,meanGO,late,16,0.801136433858423,0.486618557105465,0.314517876752958,fixed-total − original，k=12
strength_k12,meanGO,late,17,0.937731206116418,0.456357368028475,0.481373838087943,fixed-total − original，k=12
strength_k12,meanGO,late,18,0.632641508639608,0.758856214350586,-0.126214705710979,fixed-total − original，k=12
strength_k12,meanGO,late,19,0.356795989827442,0.66228183425905,-0.305485844431608,fixed-total − original，k=12
strength_k12,meanGO,late,20,0.566149621704886,0.654264523965857,-0.0881149022609717,fixed-total − original，k=12
strength_k12,meanLO,main,1,0.671116735849571,0.829579402645875,-0.158462666796304,fixed-total − original，k=12
strength_k12,meanLO,main,2,0.928579013177834,0.711854700872561,0.216724312305273,fixed-total − original，k=12
strength_k12,meanLO,main,3,0.829400235086065,0.471969772718299,0.357430462367766,fixed-total − original，k=12
strength_k12,meanLO,main,4,0.737038219725931,0.691496855440652,0.0455413642852796,fixed-total − original，k=12
strength_k12,meanLO,main,5,0.750023875556852,0.333609498911985,0.416414376644867,fixed-total − original，k=12
strength_k12,meanLO,main,6,0.719632381359249,0.754808605903443,-0.0351762245441941,fixed-total − original，k=12
strength_k12,meanLO,main,7,0.77769728088025,0.538932904974547,0.238764375905703,fixed-total − original，k=12
strength_k12,meanLO,main,8,0.75266325892368,0.404179663250465,0.348483595673215,fixed-total − original，k=12
strength_k12,meanLO,main,9,0.966117329621767,0.588580972575299,0.377536357046469,fixed-total − original，k=12
strength_k12,meanLO,main,10,0.752339381980151,0.736384298443197,0.0159550835369541,fixed-total − original，k=12
strength_k12,meanLO,main,11,0.914110086308558,0.670834565676714,0.243275520631844,fixed-total − original，k=12
strength_k12,meanLO,main,12,0.900877277618155,0.891028092165293,0.00984918545286173,fixed-total − original，k=12
strength_k12,meanLO,main,13,0.676250442111788,0.596222629510885,0.0800278126009032,fixed-total − original，k=12
strength_k12,meanLO,main,14,0.583737429522205,0.591712464530955,-0.00797503500875052,fixed-total − original，k=12
strength_k12,meanLO,main,15,0.705099172209672,0.409871057548858,0.295228114660814,fixed-total − original，k=12
strength_k12,meanLO,main,16,0.825072748615712,0.632815787538874,0.192256961076838,fixed-total − original，k=12
strength_k12,meanLO,main,17,0.931949253622598,0.58951092132491,0.342438332297688,fixed-total − original，k=12
strength_k12,meanLO,main,18,0.671837791964724,0.842051817992132,-0.170214026027409,fixed-total − original，k=12
strength_k12,meanLO,main,19,0.521674500116799,0.753835082396191,-0.232160582279391,fixed-total − original，k=12
strength_k12,meanLO,main,20,0.758766936305646,0.770409112369248,-0.0116421760636017,fixed-total − original，k=12
strength_k12,meanLO,early,1,0.636389554076882,0.870038950367023,-0.23364939629014,fixed-total − original，k=12
strength_k12,meanLO,early,2,0.888684854823879,0.728522360972282,0.160162493851598,fixed-total − original，k=12
strength_k12,meanLO,early,3,0.84535275666748,0.486689686778957,0.358663069888523,fixed-total − original，k=12
strength_k12,meanLO,early,4,0.806303384787207,0.713104111139183,0.0931992736480232,fixed-total − original，k=12
strength_k12,meanLO,early,5,0.713824256743541,0.329053479125895,0.384770777617646,fixed-total − original，k=12
strength_k12,meanLO,early,6,0.708082765186269,0.672344504978251,0.0357382602080186,fixed-total − original，k=12
strength_k12,meanLO,early,7,0.738031802393459,0.628376182589087,0.109655619804372,fixed-total − original，k=12
strength_k12,meanLO,early,8,0.717515707203531,0.37985092012509,0.33766478707844,fixed-total − original，k=12
strength_k12,meanLO,early,9,0.940644655223086,0.639387604086131,0.301257051136955,fixed-total − original，k=12
strength_k12,meanLO,early,10,0.797758128287632,0.778806348171676,0.0189517801159559,fixed-total − original，k=12
strength_k12,meanLO,early,11,0.876775230649564,0.72259290119095,0.154182329458615,fixed-total − original，k=12
strength_k12,meanLO,early,12,0.884361021969505,0.930123119257967,-0.0457620972884627,fixed-total − original，k=12
strength_k12,meanLO,early,13,0.76813868928132,0.604611530865351,0.16352715841597,fixed-total − original，k=12
strength_k12,meanLO,early,14,0.568684250689001,0.473434443730939,0.0952498069580617,fixed-total − original，k=12
strength_k12,meanLO,early,15,0.688133889430739,0.365428726940183,0.322705162490556,fixed-total − original，k=12
strength_k12,meanLO,early,16,0.794473653483661,0.612550604935865,0.181923048547796,fixed-total − original，k=12
strength_k12,meanLO,early,17,0.924786655153209,0.583071063157028,0.341715591996182,fixed-total − original，k=12
strength_k12,meanLO,early,18,0.579970300467751,0.829201744570184,-0.249231444102433,fixed-total − original，k=12
strength_k12,meanLO,early,19,0.573751210396889,0.722379954192685,-0.148628743795796,fixed-total − original，k=12
strength_k12,meanLO,early,20,0.755055324785251,0.823777367857414,-0.0687220430721626,fixed-total − original，k=12
strength_k12,meanLO,late,1,0.705843917622259,0.789119854924728,-0.0832759373024682,fixed-total − original，k=12
strength_k12,meanLO,late,2,0.968473171531789,0.695187040772841,0.273286130758948,fixed-total − original，k=12
strength_k12,meanLO,late,3,0.813447713504649,0.457249858657641,0.356197854847009,fixed-total − original，k=12
strength_k12,meanLO,late,4,0.667773054664655,0.66988959974212,-0.00211654507746473,fixed-total − original，k=12
strength_k12,meanLO,late,5,0.786223494370164,0.338165518698075,0.448057975672089,fixed-total − original，k=12
strength_k12,meanLO,late,6,0.731181997532229,0.837272706828636,-0.106090709296406,fixed-total − original，k=12
strength_k12,meanLO,late,7,0.81736275936704,0.449489627360007,0.367873132007033,fixed-total − original，k=12
strength_k12,meanLO,late,8,0.787810810643829,0.428508406375839,0.35930240426799,fixed-total − original，k=12
strength_k12,meanLO,late,9,0.991590004020449,0.537774341064466,0.453815662955983,fixed-total − original，k=12
strength_k12,meanLO,late,10,0.706920635672671,0.693962248714719,0.0129583869579528,fixed-total − original，k=12
strength_k12,meanLO,late,11,0.951444941967552,0.619076230162479,0.332368711805074,fixed-total − original，k=12
strength_k12,meanLO,late,12,0.917393533266806,0.851933065072618,0.0654604681941876,fixed-total − original，k=12
strength_k12,meanLO,late,13,0.584362194942255,0.587833728156418,-0.00347153321416294,fixed-total − original，k=12
strength_k12,meanLO,late,14,0.598790608355409,0.709990485330973,-0.111199876975564,fixed-total − original，k=12
strength_k12,meanLO,late,15,0.722064454988604,0.454313388157533,0.267751066831071,fixed-total − original，k=12
strength_k12,meanLO,late,16,0.855671843747764,0.653080970141884,0.202590873605879,fixed-total − original，k=12
strength_k12,meanLO,late,17,0.939111852091988,0.595950779492793,0.343161072599195,fixed-total − original，k=12
strength_k12,meanLO,late,18,0.763705283461697,0.854901891414081,-0.0911966079523837,fixed-total − original，k=12
strength_k12,meanLO,late,19,0.46959778983671,0.785290210599697,-0.315692420762986,fixed-total − original，k=12
strength_k12,meanLO,late,20,0.762478547826041,0.717040856881081,0.0454376909449603,fixed-total − original，k=12
strength_k12,meanPairDistanceNorm,main,1,0.155991477161168,0.199016647416329,-0.0430251702551616,fixed-total − original，k=12
strength_k12,meanPairDistanceNorm,main,2,0.062450422524957,0.294932269359803,-0.232481846834846,fixed-total − original，k=12
strength_k12,meanPairDistanceNorm,main,3,0.101851938939352,0.245010999188562,-0.14315906024921,fixed-total − original，k=12
strength_k12,meanPairDistanceNorm,main,4,0.228279004781313,0.266792232086475,-0.038513227305162,fixed-total − original，k=12
strength_k12,meanPairDistanceNorm,main,5,0.15078497007636,0.273527656364493,-0.122742686288133,fixed-total − original，k=12
strength_k12,meanPairDistanceNorm,main,6,0.202345438714796,0.199689202149188,0.00265623656560798,fixed-total − original，k=12
strength_k12,meanPairDistanceNorm,main,7,0.209275287785412,0.262344642996081,-0.0530693552106691,fixed-total − original，k=12
strength_k12,meanPairDistanceNorm,main,8,0.169958279184525,0.27807086031,-0.108112581125475,fixed-total − original，k=12
strength_k12,meanPairDistanceNorm,main,9,0.0470995970290259,0.259240453285526,-0.2121408562565,fixed-total − original，k=12
strength_k12,meanPairDistanceNorm,main,10,0.150028994059619,0.256879068190416,-0.106850074130797,fixed-total − original，k=12
strength_k12,meanPairDistanceNorm,main,11,0.0109793438490249,0.257301316036127,-0.246321972187102,fixed-total − original，k=12
strength_k12,meanPairDistanceNorm,main,12,0.063760975534359,0.168615870875854,-0.104854895341495,fixed-total − original，k=12
strength_k12,meanPairDistanceNorm,main,13,0.198044528692727,0.274580025872347,-0.0765354971796205,fixed-total − original，k=12
strength_k12,meanPairDistanceNorm,main,14,0.220771349108959,0.234933712257476,-0.0141623631485167,fixed-total − original，k=12
strength_k12,meanPairDistanceNorm,main,15,0.196772923610259,0.289404296932836,-0.0926313733225771,fixed-total − original，k=12
strength_k12,meanPairDistanceNorm,main,16,0.10999391165441,0.238578609988519,-0.128584698334109,fixed-total − original，k=12
strength_k12,meanPairDistanceNorm,main,17,0.0865976448365967,0.217069009643028,-0.130471364806432,fixed-total − original，k=12
strength_k12,meanPairDistanceNorm,main,18,0.18100749800448,0.12653765734429,0.0544698406601902,fixed-total − original，k=12
strength_k12,meanPairDistanceNorm,main,19,0.232943809439979,0.128717262476457,0.104226546963521,fixed-total − original，k=12
strength_k12,meanPairDistanceNorm,main,20,0.146874808240694,0.204129484250219,-0.0572546760095256,fixed-total − original，k=12
strength_k12,meanPairDistanceNorm,early,1,0.146607405233147,0.189591028796256,-0.0429836235631088,fixed-total − original，k=12
strength_k12,meanPairDistanceNorm,early,2,0.0573641009492843,0.26957403533941,-0.212209934390126,fixed-total − original，k=12
strength_k12,meanPairDistanceNorm,early,3,0.0994990158332211,0.26712869963596,-0.167629683802739,fixed-total − original，k=12
strength_k12,meanPairDistanceNorm,early,4,0.260886061857511,0.243376471438617,0.0175095904188932,fixed-total − original，k=12
strength_k12,meanPairDistanceNorm,early,5,0.201816699317995,0.288118750495977,-0.0863020511779815,fixed-total − original，k=12
strength_k12,meanPairDistanceNorm,early,6,0.157154251122347,0.218718695126348,-0.0615644440040008,fixed-total − original，k=12
strength_k12,meanPairDistanceNorm,early,7,0.192743404953971,0.229928954799725,-0.0371855498457543,fixed-total − original，k=12
strength_k12,meanPairDistanceNorm,early,8,0.19167380086722,0.268731914734712,-0.0770581138674914,fixed-total − original，k=12
strength_k12,meanPairDistanceNorm,early,9,0.0440440319102211,0.28764807267868,-0.243604040768459,fixed-total − original，k=12
strength_k12,meanPairDistanceNorm,early,10,0.142371052168299,0.287415639185203,-0.145044587016903,fixed-total − original，k=12
strength_k12,meanPairDistanceNorm,early,11,0.0166756807034851,0.263929554422409,-0.247253873718924,fixed-total − original，k=12
strength_k12,meanPairDistanceNorm,early,12,0.0760887817179424,0.167780613939692,-0.0916918322217499,fixed-total − original，k=12
strength_k12,meanPairDistanceNorm,early,13,0.186848175350539,0.287647566034808,-0.10079939068427,fixed-total − original，k=12
strength_k12,meanPairDistanceNorm,early,14,0.283795872893262,0.246343537207588,0.0374523356856743,fixed-total − original，k=12
strength_k12,meanPairDistanceNorm,early,15,0.170606142563203,0.336594788309187,-0.165988645745984,fixed-total − original，k=12
strength_k12,meanPairDistanceNorm,early,16,0.103152126723345,0.219847020223459,-0.116694893500114,fixed-total − original，k=12
strength_k12,meanPairDistanceNorm,early,17,0.0841198242966449,0.231655106244749,-0.147535281948104,fixed-total − original，k=12
strength_k12,meanPairDistanceNorm,early,18,0.191188326198985,0.134150688351731,0.0570376378472534,fixed-total − original，k=12
strength_k12,meanPairDistanceNorm,early,19,0.243024677775205,0.151467155682094,0.0915575220931107,fixed-total − original，k=12
strength_k12,meanPairDistanceNorm,early,20,0.204486596573173,0.214057370065215,-0.00957077349204211,fixed-total − original，k=12
strength_k12,meanPairDistanceNorm,late,1,0.165375549089188,0.208442266036402,-0.0430667169472143,fixed-total − original，k=12
strength_k12,meanPairDistanceNorm,late,2,0.0675367441006297,0.320290503380195,-0.252753759279566,fixed-total − original，k=12
strength_k12,meanPairDistanceNorm,late,3,0.104204862045482,0.222893298741163,-0.118688436695681,fixed-total − original，k=12
strength_k12,meanPairDistanceNorm,late,4,0.195671947705115,0.290207992734333,-0.0945360450292174,fixed-total − original，k=12
strength_k12,meanPairDistanceNorm,late,5,0.0997532408347245,0.258936562233009,-0.159183321398284,fixed-total − original，k=12
strength_k12,meanPairDistanceNorm,late,6,0.247536626307245,0.180659709172029,0.0668769171352167,fixed-total − original，k=12
strength_k12,meanPairDistanceNorm,late,7,0.225807170616853,0.294760331192437,-0.0689531605755841,fixed-total − original，k=12
strength_k12,meanPairDistanceNorm,late,8,0.14824275750183,0.287409805885288,-0.139167048383458,fixed-total − original，k=12
strength_k12,meanPairDistanceNorm,late,9,0.0501551621478307,0.230832833892371,-0.18067767174454,fixed-total − original，k=12
strength_k12,meanPairDistanceNorm,late,10,0.157686935950938,0.226342497195629,-0.0686555612446903,fixed-total − original，k=12
strength_k12,meanPairDistanceNorm,late,11,0.00528300699456463,0.250673077649845,-0.24539007065528,fixed-total − original，k=12
strength_k12,meanPairDistanceNorm,late,12,0.0514331693507756,0.169451127812016,-0.11801795846124,fixed-total − original，k=12
strength_k12,meanPairDistanceNorm,late,13,0.209240882034915,0.261512485709886,-0.052271603674971,fixed-total − original，k=12
strength_k12,meanPairDistanceNorm,late,14,0.157746825324656,0.223523887307364,-0.0657770619827079,fixed-total − original，k=12
strength_k12,meanPairDistanceNorm,late,15,0.222939704657315,0.242213805556485,-0.0192741008991703,fixed-total − original，k=12
strength_k12,meanPairDistanceNorm,late,16,0.116835696585475,0.257310199753579,-0.140474503168104,fixed-total − original，k=12
strength_k12,meanPairDistanceNorm,late,17,0.0890754653765484,0.202482913041308,-0.113407447664759,fixed-total − original，k=12
strength_k12,meanPairDistanceNorm,late,18,0.170826669809975,0.118924626336848,0.0519020434731269,fixed-total − original，k=12
strength_k12,meanPairDistanceNorm,late,19,0.222862941104753,0.105967369270821,0.116895571833932,fixed-total − original，k=12
strength_k12,meanPairDistanceNorm,late,20,0.0892630199082147,0.194201598435224,-0.104938578527009,fixed-total − original，k=12
count_4_2,meanGO,main,1,0.657076626783545,0.580358276283565,0.07671835049998,k=4 − k=2
count_4_2,meanGO,main,2,0.993837701208168,0.544705118395846,0.449132582812322,k=4 − k=2
count_4_2,meanGO,main,3,0.44617717534376,0.47363841775194,-0.0274612424081796,k=4 − k=2
count_4_2,meanGO,main,4,0.466789366255111,0.384878058200571,0.0819113080545403,k=4 − k=2
count_4_2,meanGO,main,5,0.941453973295044,0.43538607740596,0.506067895889084,k=4 − k=2
count_4_2,meanGO,main,6,0.83706997241424,0.404924328558771,0.432145643855469,k=4 − k=2
count_4_2,meanGO,main,7,0.772968248666136,0.329634480977206,0.44333376768893,k=4 − k=2
count_4_2,meanGO,main,8,0.516996604381595,0.556318416637734,-0.0393218122561388,k=4 − k=2
count_4_2,meanGO,main,9,0.244521968494314,0.361599015907026,-0.117077047412712,k=4 − k=2
count_4_2,meanGO,main,10,0.35556375600292,0.388400161806066,-0.032836405803146,k=4 − k=2
count_4_2,meanGO,main,11,0.554065350260016,0.299745732862748,0.254319617397268,k=4 − k=2
count_4_2,meanGO,main,12,0.301731008193831,0.412961556130275,-0.111230547936444,k=4 − k=2
count_4_2,meanGO,main,13,0.71593934761359,0.342804282063244,0.373135065550346,k=4 − k=2
count_4_2,meanGO,main,14,0.996188241648167,0.421962416721177,0.57422582492699,k=4 − k=2
count_4_2,meanGO,main,15,0.821192047178252,0.990649977453636,-0.169457930275385,k=4 − k=2
count_4_2,meanGO,main,16,0.449966401883541,0.502573765941298,-0.0526073640577571,k=4 − k=2
count_4_2,meanGO,main,17,0.362337259138337,0.289976249953878,0.0723610091844585,k=4 − k=2
count_4_2,meanGO,main,18,0.754537898657685,0.813306160781578,-0.0587682621238937,k=4 − k=2
count_4_2,meanGO,main,19,0.689396159344152,0.272111269766006,0.417284889578145,k=4 − k=2
count_4_2,meanGO,main,20,0.25998491777117,0.246459826377139,0.0135250913940314,k=4 − k=2
count_4_2,meanGO,early,1,0.7022656205546,0.655037622524974,0.0472279980296266,k=4 − k=2
count_4_2,meanGO,early,2,0.992783598895764,0.554671898136713,0.438111700759051,k=4 − k=2
count_4_2,meanGO,early,3,0.348373008136212,0.585053237671809,-0.236680229535597,k=4 − k=2
count_4_2,meanGO,early,4,0.434369723829386,0.158577152612515,0.275792571216871,k=4 − k=2
count_4_2,meanGO,early,5,0.916295595262464,0.463244747819779,0.453050847442685,k=4 − k=2
count_4_2,meanGO,early,6,0.764602372688461,0.457771780781925,0.306830591906536,k=4 − k=2
count_4_2,meanGO,early,7,0.790124887459984,0.367517746931815,0.422607140528169,k=4 − k=2
count_4_2,meanGO,early,8,0.75871922503062,0.559043293805921,0.199675931224699,k=4 − k=2
count_4_2,meanGO,early,9,0.295882034543945,0.280350974202448,0.0155310603414969,k=4 − k=2
count_4_2,meanGO,early,10,0.194418944991861,0.404664844201472,-0.210245899209611,k=4 − k=2
count_4_2,meanGO,early,11,0.616063674226635,0.209117386650626,0.406946287576009,k=4 − k=2
count_4_2,meanGO,early,12,0.417245466007427,0.42070861524363,-0.00346314923620283,k=4 − k=2
count_4_2,meanGO,early,13,0.736069271534012,0.352942931591734,0.383126339942278,k=4 − k=2
count_4_2,meanGO,early,14,0.996384717508081,0.528068133969659,0.468316583538421,k=4 − k=2
count_4_2,meanGO,early,15,0.721986803635454,0.989840957669044,-0.26785415403359,k=4 − k=2
count_4_2,meanGO,early,16,0.588892813427533,0.409645617122616,0.179247196304917,k=4 − k=2
count_4_2,meanGO,early,17,0.487466167701769,0.198985776103025,0.288480391598744,k=4 − k=2
count_4_2,meanGO,early,18,0.729369893498255,0.800712594157726,-0.0713427006594712,k=4 − k=2
count_4_2,meanGO,early,19,0.693487021945405,0.332894132759922,0.360592889185484,k=4 − k=2
count_4_2,meanGO,early,20,0.239137766782699,0.25477548807739,-0.0156377212946912,k=4 − k=2
count_4_2,meanGO,late,1,0.611887633012491,0.505678930042157,0.106208702970334,k=4 − k=2
count_4_2,meanGO,late,2,0.994891803520573,0.53473833865498,0.460153464865594,k=4 − k=2
count_4_2,meanGO,late,3,0.543981342551308,0.362223597832071,0.181757744719237,k=4 − k=2
count_4_2,meanGO,late,4,0.499209008680836,0.611178963788628,-0.111969955107791,k=4 − k=2
count_4_2,meanGO,late,5,0.966612351327623,0.407527406992142,0.559084944335482,k=4 − k=2
count_4_2,meanGO,late,6,0.90953757214002,0.352076876335617,0.557460695804403,k=4 − k=2
count_4_2,meanGO,late,7,0.755811609872286,0.291751215022596,0.46406039484969,k=4 − k=2
count_4_2,meanGO,late,8,0.27527398373257,0.553593539469546,-0.278319555736976,k=4 − k=2
count_4_2,meanGO,late,9,0.193161902444682,0.442847057611603,-0.249685155166921,k=4 − k=2
count_4_2,meanGO,late,10,0.516708567013979,0.37213547941066,0.144573087603319,k=4 − k=2
count_4_2,meanGO,late,11,0.492067026293397,0.39037407907487,0.101692947218528,k=4 − k=2
count_4_2,meanGO,late,12,0.186216550380235,0.405214497016919,-0.218997946636684,k=4 − k=2
count_4_2,meanGO,late,13,0.695809423693169,0.332665632534754,0.363143791158415,k=4 − k=2
count_4_2,meanGO,late,14,0.995991765788253,0.315856699472695,0.680135066315558,k=4 − k=2
count_4_2,meanGO,late,15,0.92039729072105,0.991458997238227,-0.071061706517177,k=4 − k=2
count_4_2,meanGO,late,16,0.311039990339549,0.59550191475998,-0.284461924420431,k=4 − k=2
count_4_2,meanGO,late,17,0.237208350574904,0.380966723804731,-0.143758373229827,k=4 − k=2
count_4_2,meanGO,late,18,0.779705903817115,0.825899727405431,-0.0461938235883158,k=4 − k=2
count_4_2,meanGO,late,19,0.685305296742898,0.211328406772091,0.473976889970807,k=4 − k=2
count_4_2,meanGO,late,20,0.280832068759641,0.238144164676887,0.0426879040827538,k=4 − k=2
count_4_2,meanLO,main,1,0.764626194329563,0.720442871048187,0.0441833232813764,k=4 − k=2
count_4_2,meanLO,main,2,0.995301594084808,0.733309410925578,0.26199218315923,k=4 − k=2
count_4_2,meanLO,main,3,0.718080354835292,0.662546108970811,0.0555342458644809,k=4 − k=2
count_4_2,meanLO,main,4,0.618368950265176,0.526284813296587,0.0920841369685887,k=4 − k=2
count_4_2,meanLO,main,5,0.945568694406567,0.710767779632729,0.234800914773839,k=4 − k=2
count_4_2,meanLO,main,6,0.86149238089744,0.485633426025987,0.375858954871453,k=4 − k=2
count_4_2,meanLO,main,7,0.85134940048739,0.522050585946027,0.329298814541363,k=4 − k=2
count_4_2,meanLO,main,8,0.799934974603532,0.699904824880582,0.10003014972295,k=4 − k=2
count_4_2,meanLO,main,9,0.490477822280203,0.539555005136855,-0.0490771828566519,k=4 − k=2
count_4_2,meanLO,main,10,0.604297240718156,0.630592790955776,-0.0262955502376192,k=4 − k=2
count_4_2,meanLO,main,11,0.762401130319472,0.552773695150984,0.209627435168488,k=4 − k=2
count_4_2,meanLO,main,12,0.550886273817651,0.552891294581862,-0.00200502076421172,k=4 − k=2
count_4_2,meanLO,main,13,0.760435485452454,0.558361916471112,0.202073568981342,k=4 − k=2
count_4_2,meanLO,main,14,0.996793236348032,0.56193007754219,0.434863158805841,k=4 − k=2
count_4_2,meanLO,main,15,0.88022860594052,0.991800918795879,-0.111572312855358,k=4 − k=2
count_4_2,meanLO,main,16,0.694036635408836,0.714883388991848,-0.0208467535830124,k=4 − k=2
count_4_2,meanLO,main,17,0.755741183620265,0.509524303118866,0.246216880501399,k=4 − k=2
count_4_2,meanLO,main,18,0.80922238846956,0.846030691412158,-0.0368083029425977,k=4 − k=2
count_4_2,meanLO,main,19,0.781804775078032,0.455593739242829,0.326211035835203,k=4 − k=2
count_4_2,meanLO,main,20,0.511722948887794,0.454659236949454,0.0570637119383405,k=4 − k=2
count_4_2,meanLO,early,1,0.808575347431121,0.769972215085065,0.0386031323460562,k=4 − k=2
count_4_2,meanLO,early,2,0.994647391879783,0.738820766202507,0.255826625677276,k=4 − k=2
count_4_2,meanLO,early,3,0.699349233083804,0.754797375181625,-0.0554481420978211,k=4 − k=2
count_4_2,meanLO,early,4,0.55367690262737,0.375451053325628,0.178225849301742,k=4 − k=2
count_4_2,meanLO,early,5,0.918572592493158,0.713339637558562,0.205232954934596,k=4 − k=2
count_4_2,meanLO,early,6,0.810826687873354,0.518532108714377,0.292294579158977,k=4 − k=2
count_4_2,meanLO,early,7,0.845673733265084,0.64670443022744,0.198969303037644,k=4 − k=2
count_4_2,meanLO,early,8,0.853862883664566,0.688068145382354,0.165794738282211,k=4 − k=2
count_4_2,meanLO,early,9,0.46297917426834,0.499868486456408,-0.0368893121880673,k=4 − k=2
count_4_2,meanLO,early,10,0.571202266901256,0.666168745650218,-0.094966478748962,k=4 − k=2
count_4_2,meanLO,early,11,0.740200632137503,0.432459620077669,0.307741012059834,k=4 − k=2
count_4_2,meanLO,early,12,0.564664446950946,0.5625725197283,0.00209192722264528,k=4 − k=2
count_4_2,meanLO,early,13,0.76643442497721,0.526851218948464,0.239583206028745,k=4 − k=2
count_4_2,meanLO,early,14,0.996871020742635,0.695392930542953,0.301478090199682,k=4 − k=2
count_4_2,meanLO,early,15,0.811917825785756,0.990692915449604,-0.178775089663848,k=4 − k=2
count_4_2,meanLO,early,16,0.70173683050602,0.628273975674446,0.0734628548315737,k=4 − k=2
count_4_2,meanLO,early,17,0.671482208214191,0.441074658802425,0.230407549411766,k=4 − k=2
count_4_2,meanLO,early,18,0.782968283532284,0.844511261633392,-0.0615429781011075,k=4 − k=2
count_4_2,meanLO,early,19,0.76894917903619,0.479466970896231,0.289482208139959,k=4 − k=2
count_4_2,meanLO,early,20,0.525082573912156,0.457954345398625,0.0671282285135308,k=4 − k=2
count_4_2,meanLO,late,1,0.720677041228005,0.670913527011309,0.0497635142166963,k=4 − k=2
count_4_2,meanLO,late,2,0.995955796289832,0.727798055648648,0.268157740641184,k=4 − k=2
count_4_2,meanLO,late,3,0.73681147658678,0.570294842759997,0.166516633826783,k=4 − k=2
count_4_2,meanLO,late,4,0.683060997902981,0.677118573267546,0.00594242463543559,k=4 − k=2
count_4_2,meanLO,late,5,0.972564796319976,0.708195921706895,0.264368874613081,k=4 − k=2
count_4_2,meanLO,late,6,0.912158073921527,0.452734743337597,0.459423330583931,k=4 − k=2
count_4_2,meanLO,late,7,0.857025067709697,0.397396741664615,0.459628326045082,k=4 − k=2
count_4_2,meanLO,late,8,0.746007065542497,0.711741504378811,0.0342655611636866,k=4 − k=2
count_4_2,meanLO,late,9,0.517976470292066,0.579241523817302,-0.0612650535252361,k=4 − k=2
count_4_2,meanLO,late,10,0.637392214535056,0.595016836261334,0.0423753782737227,k=4 − k=2
count_4_2,meanLO,late,11,0.784601628501441,0.673087770224298,0.111513858277142,k=4 − k=2
count_4_2,meanLO,late,12,0.537108100684357,0.543210069435424,-0.00610196875106761,k=4 − k=2
count_4_2,meanLO,late,13,0.754436545927697,0.58987261399376,0.164563931933938,k=4 − k=2
count_4_2,meanLO,late,14,0.996715451953429,0.428467224541428,0.568248227412001,k=4 − k=2
count_4_2,meanLO,late,15,0.948539386095285,0.992908922142153,-0.0443695360468679,k=4 − k=2
count_4_2,meanLO,late,16,0.686336440311652,0.80149280230925,-0.115156361997598,k=4 − k=2
count_4_2,meanLO,late,17,0.84000015902634,0.577973947435308,0.262026211591032,k=4 − k=2
count_4_2,meanLO,late,18,0.835476493406836,0.847550121190925,-0.0120736277840883,k=4 − k=2
count_4_2,meanLO,late,19,0.794660371119875,0.431720507589427,0.362939863530447,k=4 − k=2
count_4_2,meanLO,late,20,0.498363323863433,0.451364128500283,0.0469991953631496,k=4 − k=2
count_4_2,meanPairDistanceNorm,main,1,0.0896266834690071,0.229500010621638,-0.139873327152631,k=4 − k=2
count_4_2,meanPairDistanceNorm,main,2,0.0460334295905599,0.137093950775519,-0.0910605211849588,k=4 − k=2
count_4_2,meanPairDistanceNorm,main,3,0.171965969897548,0.168031715154093,0.00393425474345499,k=4 − k=2
count_4_2,meanPairDistanceNorm,main,4,0.159426518242305,0.13483937706402,0.0245871411782849,k=4 − k=2
count_4_2,meanPairDistanceNorm,main,5,0.119448245553891,0.144761677617049,-0.0253134320631582,k=4 − k=2
count_4_2,meanPairDistanceNorm,main,6,0.0774820117484766,0.239178622690701,-0.161696610942224,k=4 − k=2
count_4_2,meanPairDistanceNorm,main,7,0.057694148260164,0.133126117779058,-0.0754319695188937,k=4 − k=2
count_4_2,meanPairDistanceNorm,main,8,0.147337871249623,0.158404348669267,-0.0110664774196445,k=4 − k=2
count_4_2,meanPairDistanceNorm,main,9,0.171691210789711,0.157080537038214,0.0146106737514977,k=4 − k=2
count_4_2,meanPairDistanceNorm,main,10,0.141548383809246,0.171766516459145,-0.0302181326498998,k=4 − k=2
count_4_2,meanPairDistanceNorm,main,11,0.179473658828853,0.171262730629286,0.00821092819956692,k=4 − k=2
count_4_2,meanPairDistanceNorm,main,12,0.233125630144116,0.162221207898152,0.070904422245964,k=4 − k=2
count_4_2,meanPairDistanceNorm,main,13,0.0597017035131679,0.195059660183252,-0.135357956670085,k=4 − k=2
count_4_2,meanPairDistanceNorm,main,14,0.0339144088913826,0.196213279943719,-0.162298871052336,k=4 − k=2
count_4_2,meanPairDistanceNorm,main,15,0.0842106418788257,0.106861980791579,-0.0226513389127536,k=4 − k=2
count_4_2,meanPairDistanceNorm,main,16,0.161495442560034,0.161735473323077,-0.000240030763043048,k=4 − k=2
count_4_2,meanPairDistanceNorm,main,17,0.21840951830284,0.11994773781566,0.0984617804871798,k=4 − k=2
count_4_2,meanPairDistanceNorm,main,18,0.0906503774935109,0.0295627016005614,0.0610876758929495,k=4 − k=2
count_4_2,meanPairDistanceNorm,main,19,0.156299279718545,0.234333684171688,-0.0780344044531432,k=4 − k=2
count_4_2,meanPairDistanceNorm,main,20,0.161812935760353,0.218058104392666,-0.0562451686323128,k=4 − k=2
count_4_2,meanPairDistanceNorm,early,1,0.0496639420739595,0.224253560437598,-0.174589618363638,k=4 − k=2
count_4_2,meanPairDistanceNorm,early,2,0.0437459032851092,0.135967521943489,-0.0922216186583802,k=4 − k=2
count_4_2,meanPairDistanceNorm,early,3,0.244377919803337,0.118220607900375,0.126157311902962,k=4 − k=2
count_4_2,meanPairDistanceNorm,early,4,0.113271122033565,0.142799698516605,-0.0295285764830397,k=4 − k=2
count_4_2,meanPairDistanceNorm,early,5,0.116775756151316,0.0887073433438285,0.0280684128074877,k=4 − k=2
count_4_2,meanPairDistanceNorm,early,6,0.0903793893144455,0.233044401803846,-0.1426650124894,k=4 − k=2
count_4_2,meanPairDistanceNorm,early,7,0.0340948026626573,0.0948735216257886,-0.0607787189631313,k=4 − k=2
count_4_2,meanPairDistanceNorm,early,8,0.0795060663156497,0.0974192441852933,-0.0179131778696436,k=4 − k=2
count_4_2,meanPairDistanceNorm,early,9,0.186621821113166,0.132998584050918,0.0536232370622476,k=4 − k=2
count_4_2,meanPairDistanceNorm,early,10,0.146100934232094,0.098075637876167,0.0480252963559275,k=4 − k=2
count_4_2,meanPairDistanceNorm,early,11,0.231075829677894,0.18800890509881,0.0430669245790832,k=4 − k=2
count_4_2,meanPairDistanceNorm,early,12,0.251523110505862,0.151053298398309,0.100469812107553,k=4 − k=2
count_4_2,meanPairDistanceNorm,early,13,0.054697086767033,0.140035567044426,-0.0853384802773928,k=4 − k=2
count_4_2,meanPairDistanceNorm,early,14,0.0336297341415942,0.205224443067173,-0.171594708925579,k=4 − k=2
count_4_2,meanPairDistanceNorm,early,15,0.106614667978991,0.104712686603938,0.00190198137505267,k=4 − k=2
count_4_2,meanPairDistanceNorm,early,16,0.166039546624621,0.143834439519075,0.0222051071055467,k=4 − k=2
count_4_2,meanPairDistanceNorm,early,17,0.188239214334008,0.115363414062744,0.0728758002712646,k=4 − k=2
count_4_2,meanPairDistanceNorm,early,18,0.113652684891442,0.0407075799303134,0.0729451049611283,k=4 − k=2
count_4_2,meanPairDistanceNorm,early,19,0.183620441823521,0.225495102209126,-0.0418746603856054,k=4 − k=2
count_4_2,meanPairDistanceNorm,early,20,0.190739385953326,0.179446946711269,0.0112924392420566,k=4 − k=2
count_4_2,meanPairDistanceNorm,late,1,0.129589424864055,0.234746460805678,-0.105157035941623,k=4 − k=2
count_4_2,meanPairDistanceNorm,late,2,0.0483209558960107,0.138220379607548,-0.0898994237115373,k=4 − k=2
count_4_2,meanPairDistanceNorm,late,3,0.0995540199917587,0.217842822407811,-0.118288802416052,k=4 − k=2
count_4_2,meanPairDistanceNorm,late,4,0.205581914451046,0.126879055611436,0.0787028588396095,k=4 − k=2
count_4_2,meanPairDistanceNorm,late,5,0.122120734956466,0.20081601189027,-0.078695276933804,k=4 − k=2
count_4_2,meanPairDistanceNorm,late,6,0.0645846341825076,0.245312843577556,-0.180728209395048,k=4 − k=2
count_4_2,meanPairDistanceNorm,late,7,0.0812934938576707,0.171378713932327,-0.0900852200746561,k=4 − k=2
count_4_2,meanPairDistanceNorm,late,8,0.215169676183595,0.219389453153241,-0.00421977696964548,k=4 − k=2
count_4_2,meanPairDistanceNorm,late,9,0.156760600466257,0.181162490025509,-0.0244018895592522,k=4 − k=2
count_4_2,meanPairDistanceNorm,late,10,0.136995833386397,0.245457395042124,-0.108461561655727,k=4 − k=2
count_4_2,meanPairDistanceNorm,late,11,0.127871487979813,0.154516556159762,-0.0266450681799495,k=4 − k=2
count_4_2,meanPairDistanceNorm,late,12,0.21472814978237,0.173389117397995,0.0413390323843752,k=4 − k=2
count_4_2,meanPairDistanceNorm,late,13,0.0647063202593027,0.250083753322079,-0.185377433062776,k=4 − k=2
count_4_2,meanPairDistanceNorm,late,14,0.0341990836411709,0.187202116820264,-0.153003033179094,k=4 − k=2
count_4_2,meanPairDistanceNorm,late,15,0.0618066157786606,0.10901127497922,-0.0472046592005598,k=4 − k=2
count_4_2,meanPairDistanceNorm,late,16,0.156951338495447,0.17963650712708,-0.0226851686316328,k=4 − k=2
count_4_2,meanPairDistanceNorm,late,17,0.248579822271671,0.124532061568576,0.124047760703095,k=4 − k=2
count_4_2,meanPairDistanceNorm,late,18,0.0676480700955801,0.0184178232708093,0.0492302468247708,k=4 − k=2
count_4_2,meanPairDistanceNorm,late,19,0.128978117613569,0.24317226613425,-0.114194148520681,k=4 − k=2
count_4_2,meanPairDistanceNorm,late,20,0.132886485567381,0.256669262074063,-0.123782776506682,k=4 − k=2
count_8_4,meanGO,main,1,0.779631931561625,0.657076626783545,0.12255530477808,k=8 − k=4
count_8_4,meanGO,main,2,0.475566983784897,0.993837701208168,-0.518270717423271,k=8 − k=4
count_8_4,meanGO,main,3,0.642818682458605,0.44617717534376,0.196641507114845,k=8 − k=4
count_8_4,meanGO,main,4,0.36584674134955,0.466789366255111,-0.100942624905561,k=8 − k=4
count_8_4,meanGO,main,5,0.847527065500032,0.941453973295044,-0.0939269077950114,k=8 − k=4
count_8_4,meanGO,main,6,0.787671772865857,0.83706997241424,-0.0493981995483833,k=8 − k=4
count_8_4,meanGO,main,7,0.282658245054969,0.772968248666136,-0.490310003611167,k=8 − k=4
count_8_4,meanGO,main,8,0.451102242784756,0.516996604381595,-0.0658943615968384,k=8 − k=4
count_8_4,meanGO,main,9,0.875587828834135,0.244521968494314,0.631065860339821,k=8 − k=4
count_8_4,meanGO,main,10,0.780184536693076,0.35556375600292,0.424620780690156,k=8 − k=4
count_8_4,meanGO,main,11,0.751040826843456,0.554065350260016,0.19697547658344,k=8 − k=4
count_8_4,meanGO,main,12,0.780089070708574,0.301731008193831,0.478358062514743,k=8 − k=4
count_8_4,meanGO,main,13,0.390217733164409,0.71593934761359,-0.325721614449181,k=8 − k=4
count_8_4,meanGO,main,14,0.944872097806608,0.996188241648167,-0.0513161438415588,k=8 − k=4
count_8_4,meanGO,main,15,0.594628263162693,0.821192047178252,-0.226563784015559,k=8 − k=4
count_8_4,meanGO,main,16,0.638534247117031,0.449966401883541,0.188567845233489,k=8 − k=4
count_8_4,meanGO,main,17,0.729253555261375,0.362337259138337,0.366916296123038,k=8 − k=4
count_8_4,meanGO,main,18,0.340276669161119,0.754537898657685,-0.414261229496566,k=8 − k=4
count_8_4,meanGO,main,19,0.744765244671722,0.689396159344152,0.0553690853275707,k=8 − k=4
count_8_4,meanGO,main,20,0.628412674512286,0.25998491777117,0.368427756741116,k=8 − k=4
count_8_4,meanGO,early,1,0.758280100411393,0.7022656205546,0.0560144798567928,k=8 − k=4
count_8_4,meanGO,early,2,0.557344597923264,0.992783598895764,-0.4354390009725,k=8 − k=4
count_8_4,meanGO,early,3,0.665598254823293,0.348373008136212,0.317225246687081,k=8 − k=4
count_8_4,meanGO,early,4,0.339654926207587,0.434369723829386,-0.0947147976217996,k=8 − k=4
count_8_4,meanGO,early,5,0.830252585599208,0.916295595262464,-0.0860430096632554,k=8 − k=4
count_8_4,meanGO,early,6,0.826648655312633,0.764602372688461,0.0620462826241712,k=8 − k=4
count_8_4,meanGO,early,7,0.44023313266823,0.790124887459984,-0.349891754791754,k=8 − k=4
count_8_4,meanGO,early,8,0.252481947386805,0.75871922503062,-0.506237277643815,k=8 − k=4
count_8_4,meanGO,early,9,0.842412130314943,0.295882034543945,0.546530095770998,k=8 − k=4
count_8_4,meanGO,early,10,0.707319047618367,0.194418944991861,0.512900102626505,k=8 − k=4
count_8_4,meanGO,early,11,0.687564389342208,0.616063674226635,0.0715007151155729,k=8 − k=4
count_8_4,meanGO,early,12,0.812279127802342,0.417245466007427,0.395033661794914,k=8 − k=4
count_8_4,meanGO,early,13,0.460386889072794,0.736069271534012,-0.275682382461218,k=8 − k=4
count_8_4,meanGO,early,14,0.938193079805163,0.996384717508081,-0.0581916377029175,k=8 − k=4
count_8_4,meanGO,early,15,0.54361012957923,0.721986803635454,-0.178376674056223,k=8 − k=4
count_8_4,meanGO,early,16,0.640139154758994,0.588892813427533,0.0512463413314608,k=8 − k=4
count_8_4,meanGO,early,17,0.788186761798258,0.487466167701769,0.300720594096489,k=8 − k=4
count_8_4,meanGO,early,18,0.286069655177753,0.729369893498255,-0.443300238320502,k=8 − k=4
count_8_4,meanGO,early,19,0.61042672402078,0.693487021945405,-0.083060297924625,k=8 − k=4
count_8_4,meanGO,early,20,0.605324527576322,0.239137766782699,0.366186760793623,k=8 − k=4
count_8_4,meanGO,late,1,0.800983762711857,0.611887633012491,0.189096129699367,k=8 − k=4
count_8_4,meanGO,late,2,0.39378936964653,0.994891803520573,-0.601102433874043,k=8 − k=4
count_8_4,meanGO,late,3,0.620039110093917,0.543981342551308,0.0760577675426088,k=8 − k=4
count_8_4,meanGO,late,4,0.392038556491513,0.499209008680836,-0.107170452189323,k=8 − k=4
count_8_4,meanGO,late,5,0.864801545400857,0.966612351327623,-0.101810805926767,k=8 − k=4
count_8_4,meanGO,late,6,0.748694890419082,0.90953757214002,-0.160842681720938,k=8 − k=4
count_8_4,meanGO,late,7,0.125083357441708,0.755811609872286,-0.630728252430578,k=8 − k=4
count_8_4,meanGO,late,8,0.649722538182708,0.27527398373257,0.374448554450138,k=8 − k=4
count_8_4,meanGO,late,9,0.908763527353326,0.193161902444682,0.715601624908644,k=8 − k=4
count_8_4,meanGO,late,10,0.853050025767785,0.516708567013979,0.336341458753806,k=8 − k=4
count_8_4,meanGO,late,11,0.814517264344706,0.492067026293397,0.322450238051309,k=8 − k=4
count_8_4,meanGO,late,12,0.747899013614805,0.186216550380235,0.56168246323457,k=8 − k=4
count_8_4,meanGO,late,13,0.320048577256024,0.695809423693169,-0.375760846437144,k=8 − k=4
count_8_4,meanGO,late,14,0.951551115808053,0.995991765788253,-0.0444406499802005,k=8 − k=4
count_8_4,meanGO,late,15,0.645646396746155,0.92039729072105,-0.274750893974895,k=8 − k=4
count_8_4,meanGO,late,16,0.636929339475066,0.311039990339549,0.325889349135517,k=8 − k=4
count_8_4,meanGO,late,17,0.670320348724491,0.237208350574904,0.433111998149587,k=8 − k=4
count_8_4,meanGO,late,18,0.394483683144485,0.779705903817115,-0.385222220672629,k=8 − k=4
count_8_4,meanGO,late,19,0.879103765322666,0.685305296742898,0.193798468579768,k=8 − k=4
count_8_4,meanGO,late,20,0.65150082144825,0.280832068759641,0.370668752688609,k=8 − k=4
count_8_4,meanLO,main,1,0.820051713225759,0.764626194329563,0.055425518896196,k=8 − k=4
count_8_4,meanLO,main,2,0.693495820733199,0.995301594084808,-0.301805773351609,k=8 − k=4
count_8_4,meanLO,main,3,0.762729462118213,0.718080354835292,0.0446491072829213,k=8 − k=4
count_8_4,meanLO,main,4,0.705724064379446,0.618368950265176,0.0873551141142697,k=8 − k=4
count_8_4,meanLO,main,5,0.936168137062585,0.945568694406567,-0.00940055734398226,k=8 − k=4
count_8_4,meanLO,main,6,0.819516737497135,0.86149238089744,-0.0419756434003054,k=8 − k=4
count_8_4,meanLO,main,7,0.533014394882866,0.85134940048739,-0.318335005604524,k=8 − k=4
count_8_4,meanLO,main,8,0.673861555114425,0.799934974603532,-0.126073419489107,k=8 − k=4
count_8_4,meanLO,main,9,0.914906342730867,0.490477822280203,0.424428520450664,k=8 − k=4
count_8_4,meanLO,main,10,0.827667322594473,0.604297240718156,0.223370081876316,k=8 − k=4
count_8_4,meanLO,main,11,0.847967443981289,0.762401130319472,0.0855663136618177,k=8 − k=4
count_8_4,meanLO,main,12,0.911477906469025,0.550886273817651,0.360591632651375,k=8 − k=4
count_8_4,meanLO,main,13,0.619543190092329,0.760435485452454,-0.140892295360125,k=8 − k=4
count_8_4,meanLO,main,14,0.961819137564887,0.996793236348032,-0.0349740987831448,k=8 − k=4
count_8_4,meanLO,main,15,0.784525927028803,0.88022860594052,-0.0957026789117174,k=8 − k=4
count_8_4,meanLO,main,16,0.790770721336926,0.694036635408836,0.096734085928091,k=8 − k=4
count_8_4,meanLO,main,17,0.781368639329057,0.755741183620265,0.0256274557087915,k=8 − k=4
count_8_4,meanLO,main,18,0.57070370984553,0.80922238846956,-0.23851867862403,k=8 − k=4
count_8_4,meanLO,main,19,0.828646458790878,0.781804775078032,0.0468416837128458,k=8 − k=4
count_8_4,meanLO,main,20,0.732493312759691,0.511722948887794,0.220770363871897,k=8 − k=4
count_8_4,meanLO,early,1,0.808779730471981,0.808575347431121,0.000204383040859679,k=8 − k=4
count_8_4,meanLO,early,2,0.686338744311005,0.994647391879783,-0.308308647568778,k=8 − k=4
count_8_4,meanLO,early,3,0.764442344626399,0.699349233083804,0.0650931115425949,k=8 − k=4
count_8_4,meanLO,early,4,0.724325931923462,0.55367690262737,0.170649029296091,k=8 − k=4
count_8_4,meanLO,early,5,0.91053295146646,0.918572592493158,-0.00803964102669763,k=8 − k=4
count_8_4,meanLO,early,6,0.865802990349823,0.810826687873354,0.0549763024764693,k=8 − k=4
count_8_4,meanLO,early,7,0.582532127206274,0.845673733265084,-0.26314160605881,k=8 − k=4
count_8_4,meanLO,early,8,0.604226582228855,0.853862883664566,-0.249636301435711,k=8 − k=4
count_8_4,meanLO,early,9,0.895971824233898,0.46297917426834,0.432992649965558,k=8 − k=4
count_8_4,meanLO,early,10,0.764643966088331,0.571202266901256,0.193441699187075,k=8 − k=4
count_8_4,meanLO,early,11,0.815498036742895,0.740200632137503,0.0752974046053922,k=8 − k=4
count_8_4,meanLO,early,12,0.923803980716607,0.564664446950946,0.359139533765662,k=8 − k=4
count_8_4,meanLO,early,13,0.711693431647263,0.76643442497721,-0.0547409933299471,k=8 − k=4
count_8_4,meanLO,early,14,0.951044233672462,0.996871020742635,-0.0458267870701732,k=8 − k=4
count_8_4,meanLO,early,15,0.779813834030065,0.811917825785756,-0.0321039917556911,k=8 − k=4
count_8_4,meanLO,early,16,0.824597798781185,0.70173683050602,0.122860968275166,k=8 − k=4
count_8_4,meanLO,early,17,0.857183344509313,0.671482208214191,0.185701136295122,k=8 − k=4
count_8_4,meanLO,early,18,0.500009003195905,0.782968283532284,-0.282959280336379,k=8 − k=4
count_8_4,meanLO,early,19,0.728551930836315,0.76894917903619,-0.040397248199875,k=8 − k=4
count_8_4,meanLO,early,20,0.694953249323077,0.525082573912156,0.169870675410921,k=8 − k=4
count_8_4,meanLO,late,1,0.831323695979538,0.720677041228005,0.110646654751533,k=8 − k=4
count_8_4,meanLO,late,2,0.700652897155393,0.995955796289832,-0.295302899134439,k=8 − k=4
count_8_4,meanLO,late,3,0.761016579610028,0.73681147658678,0.0242051030232474,k=8 − k=4
count_8_4,meanLO,late,4,0.687122196835429,0.683060997902981,0.00406119893244794,k=8 − k=4
count_8_4,meanLO,late,5,0.96180332265871,0.972564796319976,-0.0107614736612662,k=8 − k=4
count_8_4,meanLO,late,6,0.773230484644447,0.912158073921527,-0.138927589277081,k=8 − k=4
count_8_4,meanLO,late,7,0.483496662559458,0.857025067709697,-0.373528405150238,k=8 − k=4
count_8_4,meanLO,late,8,0.743496527999995,0.746007065542497,-0.00251053754250186,k=8 − k=4
count_8_4,meanLO,late,9,0.933840861227836,0.517976470292066,0.41586439093577,k=8 − k=4
count_8_4,meanLO,late,10,0.890690679100615,0.637392214535056,0.253298464565558,k=8 − k=4
count_8_4,meanLO,late,11,0.880436851219683,0.784601628501441,0.0958352227182426,k=8 − k=4
count_8_4,meanLO,late,12,0.899151832221443,0.537108100684357,0.362043731537087,k=8 − k=4
count_8_4,meanLO,late,13,0.527392948537394,0.754436545927697,-0.227043597390303,k=8 − k=4
count_8_4,meanLO,late,14,0.972594041457311,0.996715451953429,-0.0241214104961178,k=8 − k=4
count_8_4,meanLO,late,15,0.789238020027541,0.948539386095285,-0.159301366067743,k=8 − k=4
count_8_4,meanLO,late,16,0.756943643892667,0.686336440311652,0.0706072035810154,k=8 − k=4
count_8_4,meanLO,late,17,0.705553934148802,0.84000015902634,-0.134446224877538,k=8 − k=4
count_8_4,meanLO,late,18,0.641398416495155,0.835476493406836,-0.194078076911681,k=8 − k=4
count_8_4,meanLO,late,19,0.928740986745442,0.794660371119875,0.134080615625568,k=8 − k=4
count_8_4,meanLO,late,20,0.770033376196305,0.498363323863433,0.271670052332872,k=8 − k=4
count_8_4,meanPairDistanceNorm,main,1,0.0360351151421978,0.0896266834690071,-0.0535915683268093,k=8 − k=4
count_8_4,meanPairDistanceNorm,main,2,0.159275371443329,0.0460334295905599,0.113241941852769,k=8 − k=4
count_8_4,meanPairDistanceNorm,main,3,0.148004264554274,0.171965969897548,-0.0239617053432741,k=8 − k=4
count_8_4,meanPairDistanceNorm,main,4,0.187120315655096,0.159426518242305,0.0276937974127912,k=8 − k=4
count_8_4,meanPairDistanceNorm,main,5,0.0493547954131472,0.119448245553891,-0.0700934501407437,k=8 − k=4
count_8_4,meanPairDistanceNorm,main,6,0.229639618102976,0.0774820117484766,0.152157606354499,k=8 − k=4
count_8_4,meanPairDistanceNorm,main,7,0.195575668806587,0.057694148260164,0.137881520546423,k=8 − k=4
count_8_4,meanPairDistanceNorm,main,8,0.224995443743138,0.147337871249623,0.0776575724935159,k=8 − k=4
count_8_4,meanPairDistanceNorm,main,9,0.213997289737084,0.171691210789711,0.0423060789473726,k=8 − k=4
count_8_4,meanPairDistanceNorm,main,10,0.217648735334435,0.141548383809246,0.0761003515251899,k=8 − k=4
count_8_4,meanPairDistanceNorm,main,11,0.141147700094245,0.179473658828853,-0.0383259587346085,k=8 − k=4
count_8_4,meanPairDistanceNorm,main,12,0.0761334700989059,0.233125630144116,-0.15699216004521,k=8 − k=4
count_8_4,meanPairDistanceNorm,main,13,0.18529576253513,0.0597017035131679,0.125594059021963,k=8 − k=4
count_8_4,meanPairDistanceNorm,main,14,0.0967670448032983,0.0339144088913826,0.0628526359119157,k=8 − k=4
count_8_4,meanPairDistanceNorm,main,15,0.142295692267483,0.0842106418788257,0.0580850503886576,k=8 − k=4
count_8_4,meanPairDistanceNorm,main,16,0.0835176102892709,0.161495442560034,-0.0779778322707635,k=8 − k=4
count_8_4,meanPairDistanceNorm,main,17,0.214121116690986,0.21840951830284,-0.00428840161185412,k=8 − k=4
count_8_4,meanPairDistanceNorm,main,18,0.228777495157558,0.0906503774935109,0.138127117664047,k=8 − k=4
count_8_4,meanPairDistanceNorm,main,19,0.100938211223467,0.156299279718545,-0.0553610684950774,k=8 − k=4
count_8_4,meanPairDistanceNorm,main,20,0.178714707686836,0.161812935760353,0.0169017719264823,k=8 − k=4
count_8_4,meanPairDistanceNorm,early,1,0.038242414283803,0.0496639420739595,-0.0114215277901565,k=8 − k=4
count_8_4,meanPairDistanceNorm,early,2,0.119505025394192,0.0437459032851092,0.0757591221090823,k=8 − k=4
count_8_4,meanPairDistanceNorm,early,3,0.0948006620789964,0.244377919803337,-0.14957725772434,k=8 − k=4
count_8_4,meanPairDistanceNorm,early,4,0.136317544332197,0.113271122033565,0.0230464222986326,k=8 − k=4
count_8_4,meanPairDistanceNorm,early,5,0.0329977901494678,0.116775756151316,-0.0837779660018484,k=8 − k=4
count_8_4,meanPairDistanceNorm,early,6,0.224146203344349,0.0903793893144455,0.133766814029903,k=8 − k=4
count_8_4,meanPairDistanceNorm,early,7,0.13742007053573,0.0340948026626573,0.103325267873073,k=8 − k=4
count_8_4,meanPairDistanceNorm,early,8,0.225278815113618,0.0795060663156497,0.145772748797968,k=8 − k=4
count_8_4,meanPairDistanceNorm,early,9,0.192890832312763,0.186621821113166,0.00626901119959711,k=8 − k=4
count_8_4,meanPairDistanceNorm,early,10,0.249828617602558,0.146100934232094,0.103727683370463,k=8 − k=4
count_8_4,meanPairDistanceNorm,early,11,0.138509746127043,0.231075829677894,-0.0925660835508507,k=8 − k=4
count_8_4,meanPairDistanceNorm,early,12,0.0728534808925737,0.251523110505862,-0.178669629613288,k=8 − k=4
count_8_4,meanPairDistanceNorm,early,13,0.129247488077497,0.054697086767033,0.0745504013104637,k=8 − k=4
count_8_4,meanPairDistanceNorm,early,14,0.105968993164503,0.0336297341415942,0.0723392590229086,k=8 − k=4
count_8_4,meanPairDistanceNorm,early,15,0.155987230727988,0.106614667978991,0.0493725627489974,k=8 − k=4
count_8_4,meanPairDistanceNorm,early,16,0.0753627017539934,0.166039546624621,-0.0906768448706281,k=8 − k=4
count_8_4,meanPairDistanceNorm,early,17,0.236101564173781,0.188239214334008,0.0478623498397726,k=8 − k=4
count_8_4,meanPairDistanceNorm,early,18,0.194570701286265,0.113652684891442,0.0809180163948229,k=8 − k=4
count_8_4,meanPairDistanceNorm,early,19,0.131863581724893,0.183620441823521,-0.0517568600986279,k=8 − k=4
count_8_4,meanPairDistanceNorm,early,20,0.119059169477411,0.190739385953326,-0.071680216475915,k=8 − k=4
count_8_4,meanPairDistanceNorm,late,1,0.0338278160005927,0.129589424864055,-0.095761608863462,k=8 − k=4
count_8_4,meanPairDistanceNorm,late,2,0.199045717492467,0.0483209558960107,0.150724761596457,k=8 − k=4
count_8_4,meanPairDistanceNorm,late,3,0.201207867029551,0.0995540199917587,0.101653847037792,k=8 − k=4
count_8_4,meanPairDistanceNorm,late,4,0.237923086977995,0.205581914451046,0.0323411725269496,k=8 − k=4
count_8_4,meanPairDistanceNorm,late,5,0.0657118006768266,0.122120734956466,-0.0564089342796391,k=8 − k=4
count_8_4,meanPairDistanceNorm,late,6,0.235133032861603,0.0645846341825076,0.170548398679095,k=8 − k=4
count_8_4,meanPairDistanceNorm,late,7,0.253731267077444,0.0812934938576707,0.172437773219773,k=8 − k=4
count_8_4,meanPairDistanceNorm,late,8,0.224712072372659,0.215169676183595,0.00954239618906347,k=8 − k=4
count_8_4,meanPairDistanceNorm,late,9,0.235103747161405,0.156760600466257,0.0783431466951478,k=8 − k=4
count_8_4,meanPairDistanceNorm,late,10,0.185468853066313,0.136995833386397,0.0484730196799164,k=8 − k=4
count_8_4,meanPairDistanceNorm,late,11,0.143785654061446,0.127871487979813,0.0159141660816338,k=8 − k=4
count_8_4,meanPairDistanceNorm,late,12,0.0794134593052381,0.21472814978237,-0.135314690477132,k=8 − k=4
count_8_4,meanPairDistanceNorm,late,13,0.241344036992764,0.0647063202593027,0.176637716733462,k=8 − k=4
count_8_4,meanPairDistanceNorm,late,14,0.0875650964420938,0.0341990836411709,0.0533660128009229,k=8 − k=4
count_8_4,meanPairDistanceNorm,late,15,0.128604153806978,0.0618066157786606,0.0667975380283177,k=8 − k=4
count_8_4,meanPairDistanceNorm,late,16,0.0916725188245484,0.156951338495447,-0.0652788196708988,k=8 − k=4
count_8_4,meanPairDistanceNorm,late,17,0.19214066920819,0.248579822271671,-0.0564391530634811,k=8 − k=4
count_8_4,meanPairDistanceNorm,late,18,0.262984289028851,0.0676480700955801,0.195336218933271,k=8 − k=4
count_8_4,meanPairDistanceNorm,late,19,0.0700128407220421,0.128978117613569,-0.058965276891527,k=8 − k=4
count_8_4,meanPairDistanceNorm,late,20,0.23837024589626,0.132886485567381,0.10548376032888,k=8 − k=4
count_12_8,meanGO,main,1,0.301236604434304,0.779631931561625,-0.478395327127321,k=12 − k=8
count_12_8,meanGO,main,2,0.86780783043082,0.475566983784897,0.392240846645923,k=12 − k=8
count_12_8,meanGO,main,3,0.801992384608341,0.642818682458605,0.159173702149736,k=12 − k=8
count_12_8,meanGO,main,4,0.29367053749639,0.36584674134955,-0.0721762038531595,k=12 − k=8
count_12_8,meanGO,main,5,0.637095074981279,0.847527065500032,-0.210431990518753,k=12 − k=8
count_12_8,meanGO,main,6,0.438315442010727,0.787671772865857,-0.34935633085513,k=12 − k=8
count_12_8,meanGO,main,7,0.628316428443627,0.282658245054969,0.345658183388659,k=12 − k=8
count_12_8,meanGO,main,8,0.621345527647607,0.451102242784756,0.17024328486285,k=12 − k=8
count_12_8,meanGO,main,9,0.956674336585993,0.875587828834135,0.0810865077518581,k=12 − k=8
count_12_8,meanGO,main,10,0.396914367104422,0.780184536693076,-0.383270169588654,k=12 − k=8
count_12_8,meanGO,main,11,0.898945435610511,0.751040826843456,0.147904608767054,k=12 − k=8
count_12_8,meanGO,main,12,0.783376846908281,0.780089070708574,0.00328777619970733,k=12 − k=8
count_12_8,meanGO,main,13,0.547825755217085,0.390217733164409,0.157608022052676,k=12 − k=8
count_12_8,meanGO,main,14,0.385800897595078,0.944872097806608,-0.55907120021153,k=12 − k=8
count_12_8,meanGO,main,15,0.591906613497273,0.594628263162693,-0.00272164966541955,k=12 − k=8
count_12_8,meanGO,main,16,0.774778420707853,0.638534247117031,0.136244173590822,k=12 − k=8
count_12_8,meanGO,main,17,0.922144042110772,0.729253555261375,0.192890486849398,k=12 − k=8
count_12_8,meanGO,main,18,0.510469369969498,0.340276669161119,0.170192700808379,k=12 − k=8
count_12_8,meanGO,main,19,0.421545562768022,0.744765244671722,-0.3232196819037,k=12 − k=8
count_12_8,meanGO,main,20,0.57972901668345,0.628412674512286,-0.0486836578288355,k=12 − k=8
count_12_8,meanGO,early,1,0.281802098848373,0.758280100411393,-0.47647800156302,k=12 − k=8
count_12_8,meanGO,early,2,0.835388354237265,0.557344597923264,0.278043756314001,k=12 − k=8
count_12_8,meanGO,early,3,0.806223429319599,0.665598254823293,0.140625174496306,k=12 − k=8
count_12_8,meanGO,early,4,0.30478218984046,0.339654926207587,-0.0348727363671262,k=12 − k=8
count_12_8,meanGO,early,5,0.629872112226101,0.830252585599208,-0.200380473373107,k=12 − k=8
count_12_8,meanGO,early,6,0.459775092653217,0.826648655312633,-0.366873562659416,k=12 − k=8
count_12_8,meanGO,early,7,0.608383049256985,0.44023313266823,0.168149916588755,k=12 − k=8
count_12_8,meanGO,early,8,0.600409744287894,0.252481947386805,0.347927796901089,k=12 − k=8
count_12_8,meanGO,early,9,0.930520259334566,0.842412130314943,0.0881081290196229,k=12 − k=8
count_12_8,meanGO,early,10,0.558357237863598,0.707319047618367,-0.148961809754768,k=12 − k=8
count_12_8,meanGO,early,11,0.854122207746353,0.687564389342208,0.166557818404145,k=12 − k=8
count_12_8,meanGO,early,12,0.731627344370383,0.812279127802342,-0.0806517834319583,k=12 − k=8
count_12_8,meanGO,early,13,0.643038720839533,0.460386889072794,0.182651831766738,k=12 − k=8
count_12_8,meanGO,early,14,0.38039775014232,0.938193079805163,-0.557795329662843,k=12 − k=8
count_12_8,meanGO,early,15,0.628055441173713,0.54361012957923,0.0844453115944832,k=12 − k=8
count_12_8,meanGO,early,16,0.748420407557282,0.640139154758994,0.108281252798287,k=12 − k=8
count_12_8,meanGO,early,17,0.906556878105127,0.788186761798258,0.118370116306869,k=12 − k=8
count_12_8,meanGO,early,18,0.388297231299387,0.286069655177753,0.102227576121635,k=12 − k=8
count_12_8,meanGO,early,19,0.486295135708602,0.61042672402078,-0.124131588312178,k=12 − k=8
count_12_8,meanGO,early,20,0.593308411662016,0.605324527576322,-0.0120161159143067,k=12 − k=8
count_12_8,meanGO,late,1,0.320671110020235,0.800983762711857,-0.480312652691622,k=12 − k=8
count_12_8,meanGO,late,2,0.900227306624377,0.39378936964653,0.506437936977846,k=12 − k=8
count_12_8,meanGO,late,3,0.797761339897083,0.620039110093917,0.177722229803166,k=12 − k=8
count_12_8,meanGO,late,4,0.282558885152321,0.392038556491513,-0.109479671339193,k=12 − k=8
count_12_8,meanGO,late,5,0.644318037736456,0.864801545400857,-0.220483507664401,k=12 − k=8
count_12_8,meanGO,late,6,0.416855791368237,0.748694890419082,-0.331839099050845,k=12 − k=8
count_12_8,meanGO,late,7,0.64824980763027,0.125083357441708,0.523166450188563,k=12 − k=8
count_12_8,meanGO,late,8,0.642281311007319,0.649722538182708,-0.00744122717538898,k=12 − k=8
count_12_8,meanGO,late,9,0.982828413837419,0.908763527353326,0.0740648864840924,k=12 − k=8
count_12_8,meanGO,late,10,0.235471496345245,0.853050025767785,-0.61757852942254,k=12 − k=8
count_12_8,meanGO,late,11,0.943768663474668,0.814517264344706,0.129251399129963,k=12 − k=8
count_12_8,meanGO,late,12,0.835126349446178,0.747899013614805,0.0872273358313731,k=12 − k=8
count_12_8,meanGO,late,13,0.452612789594637,0.320048577256024,0.132564212338613,k=12 − k=8
count_12_8,meanGO,late,14,0.391204045047835,0.951551115808053,-0.560347070760217,k=12 − k=8
count_12_8,meanGO,late,15,0.555757785820834,0.645646396746155,-0.0898886109253215,k=12 − k=8
count_12_8,meanGO,late,16,0.801136433858423,0.636929339475066,0.164207094383357,k=12 − k=8
count_12_8,meanGO,late,17,0.937731206116418,0.670320348724491,0.267410857391927,k=12 − k=8
count_12_8,meanGO,late,18,0.632641508639608,0.394483683144485,0.238157825495122,k=12 − k=8
count_12_8,meanGO,late,19,0.356795989827442,0.879103765322666,-0.522307775495224,k=12 − k=8
count_12_8,meanGO,late,20,0.566149621704886,0.65150082144825,-0.0853511997433645,k=12 − k=8
count_12_8,meanLO,main,1,0.671116735849571,0.820051713225759,-0.148934977376188,k=12 − k=8
count_12_8,meanLO,main,2,0.928579013177834,0.693495820733199,0.235083192444636,k=12 − k=8
count_12_8,meanLO,main,3,0.829400235086065,0.762729462118213,0.0666707729678516,k=12 − k=8
count_12_8,meanLO,main,4,0.737038219725931,0.705724064379446,0.0313141553464855,k=12 − k=8
count_12_8,meanLO,main,5,0.750023875556852,0.936168137062585,-0.186144261505733,k=12 − k=8
count_12_8,meanLO,main,6,0.719632381359249,0.819516737497135,-0.0998843561378856,k=12 − k=8
count_12_8,meanLO,main,7,0.77769728088025,0.533014394882866,0.244682885997384,k=12 − k=8
count_12_8,meanLO,main,8,0.75266325892368,0.673861555114425,0.0788017038092547,k=12 − k=8
count_12_8,meanLO,main,9,0.966117329621767,0.914906342730867,0.0512109868909005,k=12 − k=8
count_12_8,meanLO,main,10,0.752339381980151,0.827667322594473,-0.0753279406143212,k=12 − k=8
count_12_8,meanLO,main,11,0.914110086308558,0.847967443981289,0.0661426423272686,k=12 − k=8
count_12_8,meanLO,main,12,0.900877277618155,0.911477906469025,-0.0106006288508704,k=12 − k=8
count_12_8,meanLO,main,13,0.676250442111788,0.619543190092329,0.0567072520194591,k=12 − k=8
count_12_8,meanLO,main,14,0.583737429522205,0.961819137564887,-0.378081708042682,k=12 − k=8
count_12_8,meanLO,main,15,0.705099172209672,0.784525927028803,-0.0794267548191314,k=12 − k=8
count_12_8,meanLO,main,16,0.825072748615712,0.790770721336926,0.0343020272787856,k=12 − k=8
count_12_8,meanLO,main,17,0.931949253622598,0.781368639329057,0.150580614293541,k=12 − k=8
count_12_8,meanLO,main,18,0.671837791964724,0.57070370984553,0.101134082119194,k=12 − k=8
count_12_8,meanLO,main,19,0.521674500116799,0.828646458790878,-0.306971958674079,k=12 − k=8
count_12_8,meanLO,main,20,0.758766936305646,0.732493312759691,0.0262736235459552,k=12 − k=8
count_12_8,meanLO,early,1,0.636389554076882,0.808779730471981,-0.172390176395098,k=12 − k=8
count_12_8,meanLO,early,2,0.888684854823879,0.686338744311005,0.202346110512874,k=12 − k=8
count_12_8,meanLO,early,3,0.84535275666748,0.764442344626399,0.0809104120410814,k=12 − k=8
count_12_8,meanLO,early,4,0.806303384787207,0.724325931923462,0.0819774528637449,k=12 − k=8
count_12_8,meanLO,early,5,0.713824256743541,0.91053295146646,-0.196708694722919,k=12 − k=8
count_12_8,meanLO,early,6,0.708082765186269,0.865802990349823,-0.157720225163554,k=12 − k=8
count_12_8,meanLO,early,7,0.738031802393459,0.582532127206274,0.155499675187184,k=12 − k=8
count_12_8,meanLO,early,8,0.717515707203531,0.604226582228855,0.113289124974676,k=12 − k=8
count_12_8,meanLO,early,9,0.940644655223086,0.895971824233898,0.0446728309891881,k=12 − k=8
count_12_8,meanLO,early,10,0.797758128287632,0.764643966088331,0.0331141621993016,k=12 − k=8
count_12_8,meanLO,early,11,0.876775230649564,0.815498036742895,0.0612771939066692,k=12 − k=8
count_12_8,meanLO,early,12,0.884361021969505,0.923803980716607,-0.0394429587471025,k=12 − k=8
count_12_8,meanLO,early,13,0.76813868928132,0.711693431647263,0.0564452576340577,k=12 − k=8
count_12_8,meanLO,early,14,0.568684250689001,0.951044233672462,-0.382359982983462,k=12 − k=8
count_12_8,meanLO,early,15,0.688133889430739,0.779813834030065,-0.0916799445993263,k=12 − k=8
count_12_8,meanLO,early,16,0.794473653483661,0.824597798781185,-0.0301241452975245,k=12 − k=8
count_12_8,meanLO,early,17,0.924786655153209,0.857183344509313,0.0676033106438964,k=12 − k=8
count_12_8,meanLO,early,18,0.579970300467751,0.500009003195905,0.0799612972718456,k=12 − k=8
count_12_8,meanLO,early,19,0.573751210396889,0.728551930836315,-0.154800720439426,k=12 − k=8
count_12_8,meanLO,early,20,0.755055324785251,0.694953249323077,0.0601020754621744,k=12 − k=8
count_12_8,meanLO,late,1,0.705843917622259,0.831323695979538,-0.125479778357279,k=12 − k=8
count_12_8,meanLO,late,2,0.968473171531789,0.700652897155393,0.267820274376397,k=12 − k=8
count_12_8,meanLO,late,3,0.813447713504649,0.761016579610028,0.0524311338946216,k=12 − k=8
count_12_8,meanLO,late,4,0.667773054664655,0.687122196835429,-0.0193491421707741,k=12 − k=8
count_12_8,meanLO,late,5,0.786223494370164,0.96180332265871,-0.175579828288546,k=12 − k=8
count_12_8,meanLO,late,6,0.731181997532229,0.773230484644447,-0.0420484871122174,k=12 − k=8
count_12_8,meanLO,late,7,0.81736275936704,0.483496662559458,0.333866096807582,k=12 − k=8
count_12_8,meanLO,late,8,0.787810810643829,0.743496527999995,0.0443142826438334,k=12 − k=8
count_12_8,meanLO,late,9,0.991590004020449,0.933840861227836,0.0577491427926127,k=12 − k=8
count_12_8,meanLO,late,10,0.706920635672671,0.890690679100615,-0.183770043427943,k=12 − k=8
count_12_8,meanLO,late,11,0.951444941967552,0.880436851219683,0.0710080907478692,k=12 − k=8
count_12_8,meanLO,late,12,0.917393533266806,0.899151832221443,0.0182417010453624,k=12 − k=8
count_12_8,meanLO,late,13,0.584362194942255,0.527392948537394,0.0569692464048612,k=12 − k=8
count_12_8,meanLO,late,14,0.598790608355409,0.972594041457311,-0.373803433101902,k=12 − k=8
count_12_8,meanLO,late,15,0.722064454988604,0.789238020027541,-0.0671735650389373,k=12 − k=8
count_12_8,meanLO,late,16,0.855671843747764,0.756943643892667,0.0987281998550965,k=12 − k=8
count_12_8,meanLO,late,17,0.939111852091988,0.705553934148802,0.233557917943186,k=12 − k=8
count_12_8,meanLO,late,18,0.763705283461697,0.641398416495155,0.122306866966542,k=12 − k=8
count_12_8,meanLO,late,19,0.46959778983671,0.928740986745442,-0.459143196908732,k=12 − k=8
count_12_8,meanLO,late,20,0.762478547826041,0.770033376196305,-0.00755482837026367,k=12 − k=8
count_12_8,meanPairDistanceNorm,main,1,0.155991477161168,0.0360351151421978,0.11995636201897,k=12 − k=8
count_12_8,meanPairDistanceNorm,main,2,0.062450422524957,0.159275371443329,-0.0968249489183724,k=12 − k=8
count_12_8,meanPairDistanceNorm,main,3,0.101851938939352,0.148004264554274,-0.0461523256149218,k=12 − k=8
count_12_8,meanPairDistanceNorm,main,4,0.228279004781313,0.187120315655096,0.0411586891262166,k=12 − k=8
count_12_8,meanPairDistanceNorm,main,5,0.15078497007636,0.0493547954131472,0.101430174663213,k=12 − k=8
count_12_8,meanPairDistanceNorm,main,6,0.202345438714796,0.229639618102976,-0.0272941793881795,k=12 − k=8
count_12_8,meanPairDistanceNorm,main,7,0.209275287785412,0.195575668806587,0.0136996189788248,k=12 − k=8
count_12_8,meanPairDistanceNorm,main,8,0.169958279184525,0.224995443743138,-0.0550371645586136,k=12 − k=8
count_12_8,meanPairDistanceNorm,main,9,0.0470995970290259,0.213997289737084,-0.166897692708058,k=12 − k=8
count_12_8,meanPairDistanceNorm,main,10,0.150028994059619,0.217648735334435,-0.0676197412748164,k=12 − k=8
count_12_8,meanPairDistanceNorm,main,11,0.0109793438490249,0.141147700094245,-0.13016835624522,k=12 − k=8
count_12_8,meanPairDistanceNorm,main,12,0.063760975534359,0.0761334700989059,-0.0123724945645469,k=12 − k=8
count_12_8,meanPairDistanceNorm,main,13,0.198044528692727,0.18529576253513,0.0127487661575964,k=12 − k=8
count_12_8,meanPairDistanceNorm,main,14,0.220771349108959,0.0967670448032983,0.124004304305661,k=12 − k=8
count_12_8,meanPairDistanceNorm,main,15,0.196772923610259,0.142295692267483,0.0544772313427755,k=12 − k=8
count_12_8,meanPairDistanceNorm,main,16,0.10999391165441,0.0835176102892709,0.0264763013651391,k=12 − k=8
count_12_8,meanPairDistanceNorm,main,17,0.0865976448365967,0.214121116690986,-0.127523471854389,k=12 − k=8
count_12_8,meanPairDistanceNorm,main,18,0.18100749800448,0.228777495157558,-0.0477699971530777,k=12 − k=8
count_12_8,meanPairDistanceNorm,main,19,0.232943809439979,0.100938211223467,0.132005598216511,k=12 − k=8
count_12_8,meanPairDistanceNorm,main,20,0.146874808240694,0.178714707686836,-0.0318398994461417,k=12 − k=8
count_12_8,meanPairDistanceNorm,early,1,0.146607405233147,0.038242414283803,0.108364990949344,k=12 − k=8
count_12_8,meanPairDistanceNorm,early,2,0.0573641009492843,0.119505025394192,-0.0621409244449072,k=12 − k=8
count_12_8,meanPairDistanceNorm,early,3,0.0994990158332211,0.0948006620789964,0.00469835375422469,k=12 − k=8
count_12_8,meanPairDistanceNorm,early,4,0.260886061857511,0.136317544332197,0.124568517525313,k=12 − k=8
count_12_8,meanPairDistanceNorm,early,5,0.201816699317995,0.0329977901494678,0.168818909168527,k=12 − k=8
count_12_8,meanPairDistanceNorm,early,6,0.157154251122347,0.224146203344349,-0.0669919522220016,k=12 − k=8
count_12_8,meanPairDistanceNorm,early,7,0.192743404953971,0.13742007053573,0.055323334418241,k=12 − k=8
count_12_8,meanPairDistanceNorm,early,8,0.19167380086722,0.225278815113618,-0.0336050142463976,k=12 − k=8
count_12_8,meanPairDistanceNorm,early,9,0.0440440319102211,0.192890832312763,-0.148846800402542,k=12 − k=8
count_12_8,meanPairDistanceNorm,early,10,0.142371052168299,0.249828617602558,-0.107457565434258,k=12 − k=8
count_12_8,meanPairDistanceNorm,early,11,0.0166756807034851,0.138509746127043,-0.121834065423558,k=12 − k=8
count_12_8,meanPairDistanceNorm,early,12,0.0760887817179424,0.0728534808925737,0.00323530082536877,k=12 − k=8
count_12_8,meanPairDistanceNorm,early,13,0.186848175350539,0.129247488077497,0.0576006872730419,k=12 − k=8
count_12_8,meanPairDistanceNorm,early,14,0.283795872893262,0.105968993164503,0.177826879728759,k=12 − k=8
count_12_8,meanPairDistanceNorm,early,15,0.170606142563203,0.155987230727988,0.0146189118352144,k=12 − k=8
count_12_8,meanPairDistanceNorm,early,16,0.103152126723345,0.0753627017539934,0.0277894249693516,k=12 − k=8
count_12_8,meanPairDistanceNorm,early,17,0.0841198242966449,0.236101564173781,-0.151981739877136,k=12 − k=8
count_12_8,meanPairDistanceNorm,early,18,0.191188326198985,0.194570701286265,-0.00338237508727993,k=12 − k=8
count_12_8,meanPairDistanceNorm,early,19,0.243024677775205,0.131863581724893,0.111161096050312,k=12 − k=8
count_12_8,meanPairDistanceNorm,early,20,0.204486596573173,0.119059169477411,0.085427427095762,k=12 − k=8
count_12_8,meanPairDistanceNorm,late,1,0.165375549089188,0.0338278160005927,0.131547733088595,k=12 − k=8
count_12_8,meanPairDistanceNorm,late,2,0.0675367441006297,0.199045717492467,-0.131508973391838,k=12 − k=8
count_12_8,meanPairDistanceNorm,late,3,0.104204862045482,0.201207867029551,-0.0970030049840682,k=12 − k=8
count_12_8,meanPairDistanceNorm,late,4,0.195671947705115,0.237923086977995,-0.0422511392728798,k=12 − k=8
count_12_8,meanPairDistanceNorm,late,5,0.0997532408347245,0.0657118006768266,0.0340414401578979,k=12 − k=8
count_12_8,meanPairDistanceNorm,late,6,0.247536626307245,0.235133032861603,0.0124035934456425,k=12 − k=8
count_12_8,meanPairDistanceNorm,late,7,0.225807170616853,0.253731267077444,-0.0279240964605914,k=12 − k=8
count_12_8,meanPairDistanceNorm,late,8,0.14824275750183,0.224712072372659,-0.0764693148708293,k=12 − k=8
count_12_8,meanPairDistanceNorm,late,9,0.0501551621478307,0.235103747161405,-0.184948585013574,k=12 − k=8
count_12_8,meanPairDistanceNorm,late,10,0.157686935950938,0.185468853066313,-0.0277819171153746,k=12 − k=8
count_12_8,meanPairDistanceNorm,late,11,0.00528300699456463,0.143785654061446,-0.138502647066882,k=12 − k=8
count_12_8,meanPairDistanceNorm,late,12,0.0514331693507756,0.0794134593052381,-0.0279802899544625,k=12 − k=8
count_12_8,meanPairDistanceNorm,late,13,0.209240882034915,0.241344036992764,-0.032103154957849,k=12 − k=8
count_12_8,meanPairDistanceNorm,late,14,0.157746825324656,0.0875650964420938,0.0701817288825626,k=12 − k=8
count_12_8,meanPairDistanceNorm,late,15,0.222939704657315,0.128604153806978,0.0943355508503366,k=12 − k=8
count_12_8,meanPairDistanceNorm,late,16,0.116835696585475,0.0916725188245484,0.0251631777609266,k=12 − k=8
count_12_8,meanPairDistanceNorm,late,17,0.0890754653765484,0.19214066920819,-0.103065203831642,k=12 − k=8
count_12_8,meanPairDistanceNorm,late,18,0.170826669809975,0.262984289028851,-0.0921576192188754,k=12 − k=8
count_12_8,meanPairDistanceNorm,late,19,0.222862941104753,0.0700128407220421,0.152850100382711,k=12 − k=8
count_12_8,meanPairDistanceNorm,late,20,0.0892630199082147,0.23837024589626,-0.149107225988046,k=12 − k=8
count_19_12,meanGO,main,1,0.933463900899572,0.301236604434304,0.632227296465268,k=19 − k=12
count_19_12,meanGO,main,2,0.709093441203662,0.86780783043082,-0.158714389227158,k=19 − k=12
count_19_12,meanGO,main,3,0.391547027797869,0.801992384608341,-0.410445356810472,k=19 − k=12
count_19_12,meanGO,main,4,0.786364776423859,0.29367053749639,0.492694238927469,k=19 − k=12
count_19_12,meanGO,main,5,0.84995461135555,0.637095074981279,0.212859536374271,k=19 − k=12
count_19_12,meanGO,main,6,0.439551079356964,0.438315442010727,0.00123563734623666,k=19 − k=12
count_19_12,meanGO,main,7,0.965137624762187,0.628316428443627,0.336821196318559,k=19 − k=12
count_19_12,meanGO,main,8,0.705344090136368,0.621345527647607,0.0839985624887613,k=19 − k=12
count_19_12,meanGO,main,9,0.648736574306008,0.956674336585993,-0.307937762279985,k=19 − k=12
count_19_12,meanGO,main,10,0.621870502614793,0.396914367104422,0.224956135510371,k=19 − k=12
count_19_12,meanGO,main,11,0.71633369088426,0.898945435610511,-0.182611744726251,k=19 − k=12
count_19_12,meanGO,main,12,0.581854464888472,0.783376846908281,-0.201522382019809,k=19 − k=12
count_19_12,meanGO,main,13,0.858190509251482,0.547825755217085,0.310364754034398,k=19 − k=12
count_19_12,meanGO,main,14,0.865280602056406,0.385800897595078,0.479479704461328,k=19 − k=12
count_19_12,meanGO,main,15,0.764095938504514,0.591906613497273,0.172189325007241,k=19 − k=12
count_19_12,meanGO,main,16,0.848748080075831,0.774778420707853,0.0739696593679786,k=19 − k=12
count_19_12,meanGO,main,17,0.529312637785349,0.922144042110772,-0.392831404325424,k=19 − k=12
count_19_12,meanGO,main,18,0.873990024699512,0.510469369969498,0.363520654730014,k=19 − k=12
count_19_12,meanGO,main,19,0.888582818915581,0.421545562768022,0.467037256147559,k=19 − k=12
count_19_12,meanGO,main,20,0.75772615202365,0.57972901668345,0.1779971353402,k=19 − k=12
count_19_12,meanGO,early,1,0.912798424421814,0.281802098848373,0.630996325573441,k=19 − k=12
count_19_12,meanGO,early,2,0.636280819622625,0.835388354237265,-0.19910753461464,k=19 − k=12
count_19_12,meanGO,early,3,0.465776831541112,0.806223429319599,-0.340446597778487,k=19 − k=12
count_19_12,meanGO,early,4,0.720739500422043,0.30478218984046,0.415957310581583,k=19 − k=12
count_19_12,meanGO,early,5,0.816090568200341,0.629872112226101,0.18621845597424,k=19 − k=12
count_19_12,meanGO,early,6,0.318382631654772,0.459775092653217,-0.141392460998445,k=19 − k=12
count_19_12,meanGO,early,7,0.96447486967091,0.608383049256985,0.356091820413925,k=19 − k=12
count_19_12,meanGO,early,8,0.742103029497533,0.600409744287894,0.141693285209639,k=19 − k=12
count_19_12,meanGO,early,9,0.586756033374561,0.930520259334566,-0.343764225960005,k=19 − k=12
count_19_12,meanGO,early,10,0.454243593337291,0.558357237863598,-0.104113644526307,k=19 − k=12
count_19_12,meanGO,early,11,0.771137908845258,0.854122207746353,-0.0829842989010955,k=19 − k=12
count_19_12,meanGO,early,12,0.658452355008402,0.731627344370383,-0.073174989361981,k=19 − k=12
count_19_12,meanGO,early,13,0.822201711667038,0.643038720839533,0.179162990827505,k=19 − k=12
count_19_12,meanGO,early,14,0.875254491693068,0.38039775014232,0.494856741550748,k=19 − k=12
count_19_12,meanGO,early,15,0.759676563385114,0.628055441173713,0.131621122211401,k=19 − k=12
count_19_12,meanGO,early,16,0.843459566018662,0.748420407557282,0.0950391584613801,k=19 − k=12
count_19_12,meanGO,early,17,0.456302327390316,0.906556878105127,-0.450254550714811,k=19 − k=12
count_19_12,meanGO,early,18,0.896063038600872,0.388297231299387,0.507765807301484,k=19 − k=12
count_19_12,meanGO,early,19,0.822793535157038,0.486295135708602,0.336498399448436,k=19 − k=12
count_19_12,meanGO,early,20,0.735000103300026,0.593308411662016,0.14169169163801,k=19 − k=12
count_19_12,meanGO,late,1,0.954129377377329,0.320671110020235,0.633458267357094,k=19 − k=12
count_19_12,meanGO,late,2,0.781906062784699,0.900227306624377,-0.118321243839677,k=19 − k=12
count_19_12,meanGO,late,3,0.317317224054626,0.797761339897083,-0.480444115842457,k=19 − k=12
count_19_12,meanGO,late,4,0.851990052425675,0.282558885152321,0.569431167273355,k=19 − k=12
count_19_12,meanGO,late,5,0.88381865451076,0.644318037736456,0.239500616774304,k=19 − k=12
count_19_12,meanGO,late,6,0.560719527059155,0.416855791368237,0.143863735690918,k=19 − k=12
count_19_12,meanGO,late,7,0.965800379853464,0.64824980763027,0.317550572223193,k=19 − k=12
count_19_12,meanGO,late,8,0.668585150775203,0.642281311007319,0.0263038397678841,k=19 − k=12
count_19_12,meanGO,late,9,0.710717115237455,0.982828413837419,-0.272111298599964,k=19 − k=12
count_19_12,meanGO,late,10,0.789497411892294,0.235471496345245,0.554025915547049,k=19 − k=12
count_19_12,meanGO,late,11,0.661529472923261,0.943768663474668,-0.282239190551407,k=19 − k=12
count_19_12,meanGO,late,12,0.505256574768541,0.835126349446178,-0.329869774677638,k=19 − k=12
count_19_12,meanGO,late,13,0.894179306835926,0.452612789594637,0.441566517241289,k=19 − k=12
count_19_12,meanGO,late,14,0.855306712419744,0.391204045047835,0.464102667371909,k=19 − k=12
count_19_12,meanGO,late,15,0.768515313623914,0.555757785820834,0.21275752780308,k=19 − k=12
count_19_12,meanGO,late,16,0.854036594132999,0.801136433858423,0.0529001602745763,k=19 − k=12
count_19_12,meanGO,late,17,0.602322948180382,0.937731206116418,-0.335408257936036,k=19 − k=12
count_19_12,meanGO,late,18,0.851917010798151,0.632641508639608,0.219275502158543,k=19 − k=12
count_19_12,meanGO,late,19,0.954372102674124,0.356795989827442,0.597576112846682,k=19 − k=12
count_19_12,meanGO,late,20,0.780452200747275,0.566149621704886,0.21430257904239,k=19 − k=12
count_19_12,meanLO,main,1,0.965732663621542,0.671116735849571,0.294615927771971,k=19 − k=12
count_19_12,meanLO,main,2,0.850247115235087,0.928579013177834,-0.0783318979427471,k=19 − k=12
count_19_12,meanLO,main,3,0.519152945392271,0.829400235086065,-0.310247289693794,k=19 − k=12
count_19_12,meanLO,main,4,0.862915286038723,0.737038219725931,0.125877066312792,k=19 − k=12
count_19_12,meanLO,main,5,0.87238073641841,0.750023875556852,0.122356860861557,k=19 − k=12
count_19_12,meanLO,main,6,0.758711365476328,0.719632381359249,0.0390789841170791,k=19 − k=12
count_19_12,meanLO,main,7,0.97047613358547,0.77769728088025,0.19277885270522,k=19 − k=12
count_19_12,meanLO,main,8,0.83046639003244,0.75266325892368,0.0778031311087601,k=19 − k=12
count_19_12,meanLO,main,9,0.80060697549236,0.966117329621767,-0.165510354129408,k=19 − k=12
count_19_12,meanLO,main,10,0.751278508748756,0.752339381980151,-0.00106087323139537,k=19 − k=12
count_19_12,meanLO,main,11,0.787795953196858,0.914110086308558,-0.1263141331117,k=19 − k=12
count_19_12,meanLO,main,12,0.714890741804981,0.900877277618155,-0.185986535813174,k=19 − k=12
count_19_12,meanLO,main,13,0.926573768365337,0.676250442111788,0.250323326253549,k=19 − k=12
count_19_12,meanLO,main,14,0.8836726720992,0.583737429522205,0.299935242576995,k=19 − k=12
count_19_12,meanLO,main,15,0.826819652196412,0.705099172209672,0.121720479986741,k=19 − k=12
count_19_12,meanLO,main,16,0.915528199965543,0.825072748615712,0.0904554513498307,k=19 − k=12
count_19_12,meanLO,main,17,0.688391756846736,0.931949253622598,-0.243557496775862,k=19 − k=12
count_19_12,meanLO,main,18,0.928094061795433,0.671837791964724,0.25625626983071,k=19 − k=12
count_19_12,meanLO,main,19,0.941200052710103,0.521674500116799,0.419525552593304,k=19 − k=12
count_19_12,meanLO,main,20,0.867714374711648,0.758766936305646,0.108947438406002,k=19 − k=12
count_19_12,meanLO,early,1,0.953230484475267,0.636389554076882,0.316840930398385,k=19 − k=12
count_19_12,meanLO,early,2,0.861433724565951,0.888684854823879,-0.027251130257928,k=19 − k=12
count_19_12,meanLO,early,3,0.500718567475287,0.84535275666748,-0.344634189192194,k=19 − k=12
count_19_12,meanLO,early,4,0.831055471502274,0.806303384787207,0.0247520867150677,k=19 − k=12
count_19_12,meanLO,early,5,0.849078464963229,0.713824256743541,0.135254208219688,k=19 − k=12
count_19_12,meanLO,early,6,0.707169554170036,0.708082765186269,-0.000913211016232762,k=19 − k=12
count_19_12,meanLO,early,7,0.96785506123288,0.738031802393459,0.229823258839421,k=19 − k=12
count_19_12,meanLO,early,8,0.84657059876714,0.717515707203531,0.12905489156361,k=19 − k=12
count_19_12,meanLO,early,9,0.75263898533545,0.940644655223086,-0.188005669887636,k=19 − k=12
count_19_12,meanLO,early,10,0.63288018828027,0.797758128287632,-0.164877940007362,k=19 − k=12
count_19_12,meanLO,early,11,0.851366564828916,0.876775230649564,-0.0254086658206479,k=19 − k=12
count_19_12,meanLO,early,12,0.79543758072405,0.884361021969505,-0.0889234412454551,k=19 − k=12
count_19_12,meanLO,early,13,0.890969191046115,0.76813868928132,0.122830501764794,k=19 − k=12
count_19_12,meanLO,early,14,0.878319195181131,0.568684250689001,0.30963494449213,k=19 − k=12
count_19_12,meanLO,early,15,0.819701167656917,0.688133889430739,0.131567278226179,k=19 − k=12
count_19_12,meanLO,early,16,0.887967861667582,0.794473653483661,0.0934942081839214,k=19 − k=12
count_19_12,meanLO,early,17,0.629093237623512,0.924786655153209,-0.295693417529697,k=19 − k=12
count_19_12,meanLO,early,18,0.920002707676787,0.579970300467751,0.340032407209036,k=19 − k=12
count_19_12,meanLO,early,19,0.911530163249334,0.573751210396889,0.337778952852445,k=19 − k=12
count_19_12,meanLO,early,20,0.838090300839291,0.755055324785251,0.0830349760540393,k=19 − k=12
count_19_12,meanLO,late,1,0.978234842767817,0.705843917622259,0.272390925145558,k=19 − k=12
count_19_12,meanLO,late,2,0.839060505904224,0.968473171531789,-0.129412665627566,k=19 − k=12
count_19_12,meanLO,late,3,0.537587323309254,0.813447713504649,-0.275860390195395,k=19 − k=12
count_19_12,meanLO,late,4,0.894775100575172,0.667773054664655,0.227002045910516,k=19 − k=12
count_19_12,meanLO,late,5,0.89568300787359,0.786223494370164,0.109459513503427,k=19 − k=12
count_19_12,meanLO,late,6,0.81025317678262,0.731181997532229,0.0790711792503901,k=19 − k=12
count_19_12,meanLO,late,7,0.97309720593806,0.81736275936704,0.15573444657102,k=19 − k=12
count_19_12,meanLO,late,8,0.814362181297739,0.787810810643829,0.0265513706539102,k=19 − k=12
count_19_12,meanLO,late,9,0.848574965649269,0.991590004020449,-0.14301503837118,k=19 − k=12
count_19_12,meanLO,late,10,0.869676829217242,0.706920635672671,0.162756193544571,k=19 − k=12
count_19_12,meanLO,late,11,0.724225341564798,0.951444941967552,-0.227219600402754,k=19 − k=12
count_19_12,meanLO,late,12,0.634343902885913,0.917393533266806,-0.283049630380893,k=19 − k=12
count_19_12,meanLO,late,13,0.962178345684559,0.584362194942255,0.377816150742304,k=19 − k=12
count_19_12,meanLO,late,14,0.889026149017269,0.598790608355409,0.29023554066186,k=19 − k=12
count_19_12,meanLO,late,15,0.833938136735906,0.722064454988604,0.111873681747302,k=19 − k=12
count_19_12,meanLO,late,16,0.943088538263504,0.855671843747764,0.0874166945157404,k=19 − k=12
count_19_12,meanLO,late,17,0.747690276069962,0.939111852091988,-0.191421576022026,k=19 − k=12
count_19_12,meanLO,late,18,0.93618541591408,0.763705283461697,0.172480132452383,k=19 − k=12
count_19_12,meanLO,late,19,0.970869942170874,0.46959778983671,0.501272152334163,k=19 − k=12
count_19_12,meanLO,late,20,0.897338448584005,0.762478547826041,0.134859900757963,k=19 − k=12
count_19_12,meanPairDistanceNorm,main,1,0.131716984646436,0.155991477161168,-0.0242744925147317,k=19 − k=12
count_19_12,meanPairDistanceNorm,main,2,0.0954618592649789,0.062450422524957,0.0330114367400219,k=19 − k=12
count_19_12,meanPairDistanceNorm,main,3,0.247639865638399,0.101851938939352,0.145787926699047,k=19 − k=12
count_19_12,meanPairDistanceNorm,main,4,0.130889987661821,0.228279004781313,-0.0973890171194922,k=19 − k=12
count_19_12,meanPairDistanceNorm,main,5,0.0398473636815996,0.15078497007636,-0.11093760639476,k=19 − k=12
count_19_12,meanPairDistanceNorm,main,6,0.184097940131664,0.202345438714796,-0.0182474985831325,k=19 − k=12
count_19_12,meanPairDistanceNorm,main,7,0.115645328256287,0.209275287785412,-0.0936299595291253,k=19 − k=12
count_19_12,meanPairDistanceNorm,main,8,0.12360618108879,0.169958279184525,-0.0463520980957349,k=19 − k=12
count_19_12,meanPairDistanceNorm,main,9,0.202953527283802,0.0470995970290259,0.155853930254776,k=19 − k=12
count_19_12,meanPairDistanceNorm,main,10,0.138158665343924,0.150028994059619,-0.0118703287156948,k=19 − k=12
count_19_12,meanPairDistanceNorm,main,11,0.100241147277437,0.0109793438490249,0.0892618034284121,k=19 − k=12
count_19_12,meanPairDistanceNorm,main,12,0.260222966640549,0.063760975534359,0.19646199110619,k=19 − k=12
count_19_12,meanPairDistanceNorm,main,13,0.0772997225942924,0.198044528692727,-0.120744806098435,k=19 − k=12
count_19_12,meanPairDistanceNorm,main,14,0.102802158394905,0.220771349108959,-0.117969190714054,k=19 − k=12
count_19_12,meanPairDistanceNorm,main,15,0.199582052146362,0.196772923610259,0.00280912853610307,k=19 − k=12
count_19_12,meanPairDistanceNorm,main,16,0.138046627974484,0.10999391165441,0.0280527163200742,k=19 − k=12
count_19_12,meanPairDistanceNorm,main,17,0.217280344137144,0.0865976448365967,0.130682699300547,k=19 − k=12
count_19_12,meanPairDistanceNorm,main,18,0.109089709892476,0.18100749800448,-0.0719177881120042,k=19 − k=12
count_19_12,meanPairDistanceNorm,main,19,0.0445507076745797,0.232943809439979,-0.188393101765399,k=19 − k=12
count_19_12,meanPairDistanceNorm,main,20,0.137013071961728,0.146874808240694,-0.00986173627896619,k=19 − k=12
count_19_12,meanPairDistanceNorm,early,1,0.143924235638595,0.146607405233147,-0.00268316959455164,k=19 − k=12
count_19_12,meanPairDistanceNorm,early,2,0.10392535220952,0.0573641009492843,0.046561251260236,k=19 − k=12
count_19_12,meanPairDistanceNorm,early,3,0.250741020853907,0.0994990158332211,0.151242005020686,k=19 − k=12
count_19_12,meanPairDistanceNorm,early,4,0.1542803527984,0.260886061857511,-0.106605709059111,k=19 − k=12
count_19_12,meanPairDistanceNorm,early,5,0.0434281392124692,0.201816699317995,-0.158388560105526,k=19 − k=12
count_19_12,meanPairDistanceNorm,early,6,0.152764379246823,0.157154251122347,-0.004389871875524,k=19 − k=12
count_19_12,meanPairDistanceNorm,early,7,0.118237352634548,0.192743404953971,-0.0745060523194224,k=19 − k=12
count_19_12,meanPairDistanceNorm,early,8,0.128724687226665,0.19167380086722,-0.062949113640555,k=19 − k=12
count_19_12,meanPairDistanceNorm,early,9,0.234586892365295,0.0440440319102211,0.190542860455074,k=19 − k=12
count_19_12,meanPairDistanceNorm,early,10,0.207260362884175,0.142371052168299,0.0648893107158751,k=19 − k=12
count_19_12,meanPairDistanceNorm,early,11,0.0789250628593598,0.0166756807034851,0.0622493821558747,k=19 − k=12
count_19_12,meanPairDistanceNorm,early,12,0.256909566880495,0.0760887817179424,0.180820785162552,k=19 − k=12
count_19_12,meanPairDistanceNorm,early,13,0.10522053256596,0.186848175350539,-0.0816276427845791,k=19 − k=12
count_19_12,meanPairDistanceNorm,early,14,0.10959435256124,0.283795872893262,-0.174201520332022,k=19 − k=12
count_19_12,meanPairDistanceNorm,early,15,0.216475909460114,0.170606142563203,0.0458697668969109,k=19 − k=12
count_19_12,meanPairDistanceNorm,early,16,0.173555895620341,0.103152126723345,0.0704037688969962,k=19 − k=12
count_19_12,meanPairDistanceNorm,early,17,0.171914967812358,0.0841198242966449,0.087795143515713,k=19 − k=12
count_19_12,meanPairDistanceNorm,early,18,0.108963310741558,0.191188326198985,-0.0822250154574265,k=19 − k=12
count_19_12,meanPairDistanceNorm,early,19,0.0660618088775284,0.243024677775205,-0.176962868897676,k=19 − k=12
count_19_12,meanPairDistanceNorm,early,20,0.166653992610163,0.204486596573173,-0.0378326039630096,k=19 − k=12
count_19_12,meanPairDistanceNorm,late,1,0.119509733654276,0.165375549089188,-0.0458658154349118,k=19 − k=12
count_19_12,meanPairDistanceNorm,late,2,0.0869983663204375,0.0675367441006297,0.0194616222198078,k=19 − k=12
count_19_12,meanPairDistanceNorm,late,3,0.24453871042289,0.104204862045482,0.140333848377408,k=19 − k=12
count_19_12,meanPairDistanceNorm,late,4,0.107499622525242,0.195671947705115,-0.0881723251798735,k=19 − k=12
count_19_12,meanPairDistanceNorm,late,5,0.0362665881507301,0.0997532408347245,-0.0634866526839944,k=19 − k=12
count_19_12,meanPairDistanceNorm,late,6,0.215431501016504,0.247536626307245,-0.032105125290741,k=19 − k=12
count_19_12,meanPairDistanceNorm,late,7,0.113053303878025,0.225807170616853,-0.112753866738828,k=19 − k=12
count_19_12,meanPairDistanceNorm,late,8,0.118487674950915,0.14824275750183,-0.0297550825509149,k=19 − k=12
count_19_12,meanPairDistanceNorm,late,9,0.171320162202308,0.0501551621478307,0.121165000054477,k=19 − k=12
count_19_12,meanPairDistanceNorm,late,10,0.069056967803674,0.157686935950938,-0.0886299681472645,k=19 − k=12
count_19_12,meanPairDistanceNorm,late,11,0.121557231695514,0.00528300699456463,0.116274224700949,k=19 − k=12
count_19_12,meanPairDistanceNorm,late,12,0.263536366400603,0.0514331693507756,0.212103197049827,k=19 − k=12
count_19_12,meanPairDistanceNorm,late,13,0.0493789126226253,0.209240882034915,-0.15986196941229,k=19 − k=12
count_19_12,meanPairDistanceNorm,late,14,0.0960099642285696,0.157746825324656,-0.0617368610960867,k=19 − k=12
count_19_12,meanPairDistanceNorm,late,15,0.18268819483261,0.222939704657315,-0.0402515098247047,k=19 − k=12
count_19_12,meanPairDistanceNorm,late,16,0.102537360328627,0.116835696585475,-0.0142983362568478,k=19 − k=12
count_19_12,meanPairDistanceNorm,late,17,0.26264572046193,0.0890754653765484,0.173570255085382,k=19 − k=12
count_19_12,meanPairDistanceNorm,late,18,0.109216109043394,0.170826669809975,-0.0616105607665818,k=19 − k=12
count_19_12,meanPairDistanceNorm,late,19,0.023039606471631,0.222862941104753,-0.199823334633122,k=19 − k=12
count_19_12,meanPairDistanceNorm,late,20,0.107372151313292,0.0892630199082147,0.0181091314050776,k=19 − k=12
policy_concentrated,meanGO,main,1,0.374410774060339,0.779631931561625,-0.405221157501286,angle-concentrated − random
policy_concentrated,meanGO,main,2,0.963549270150193,0.475566983784897,0.487982286365296,angle-concentrated − random
policy_concentrated,meanGO,main,3,0.764856400943535,0.642818682458605,0.12203771848493,angle-concentrated − random
policy_concentrated,meanGO,main,4,0.391413178904216,0.36584674134955,0.0255664375546661,angle-concentrated − random
policy_concentrated,meanGO,main,5,0.908105002870345,0.847527065500032,0.0605779373703128,angle-concentrated − random
policy_concentrated,meanGO,main,6,0.359346801478497,0.787671772865857,-0.42832497138736,angle-concentrated − random
policy_concentrated,meanGO,main,7,0.655992978102991,0.282658245054969,0.373334733048022,angle-concentrated − random
policy_concentrated,meanGO,main,8,0.200254657538758,0.451102242784756,-0.250847585245999,angle-concentrated − random
policy_concentrated,meanGO,main,9,0.773120206419306,0.875587828834135,-0.102467622414828,angle-concentrated − random
policy_concentrated,meanGO,main,10,0.571765970918117,0.780184536693076,-0.208418565774959,angle-concentrated − random
policy_concentrated,meanGO,main,11,0.408164974247807,0.751040826843456,-0.342875852595649,angle-concentrated − random
policy_concentrated,meanGO,main,12,0.337262603109543,0.780089070708574,-0.442826467599031,angle-concentrated − random
policy_concentrated,meanGO,main,13,0.526950037864703,0.390217733164409,0.136732304700294,angle-concentrated − random
policy_concentrated,meanGO,main,14,0.444376406537084,0.944872097806608,-0.500495691269524,angle-concentrated − random
policy_concentrated,meanGO,main,15,0.478958570098202,0.594628263162693,-0.115669693064491,angle-concentrated − random
policy_concentrated,meanGO,main,16,0.482569337436738,0.638534247117031,-0.155964909680293,angle-concentrated − random
policy_concentrated,meanGO,main,17,0.86073602145879,0.729253555261375,0.131482466197415,angle-concentrated − random
policy_concentrated,meanGO,main,18,0.902298037025284,0.340276669161119,0.562021367864165,angle-concentrated − random
policy_concentrated,meanGO,main,19,0.365000481465349,0.744765244671722,-0.379764763206373,angle-concentrated − random
policy_concentrated,meanGO,main,20,0.399439712204263,0.628412674512286,-0.228972962308023,angle-concentrated − random
policy_concentrated,meanGO,early,1,0.187717812492148,0.758280100411393,-0.570562287919245,angle-concentrated − random
policy_concentrated,meanGO,early,2,0.964801134252368,0.557344597923264,0.407456536329104,angle-concentrated − random
policy_concentrated,meanGO,early,3,0.711625691879993,0.665598254823293,0.0460274370567,angle-concentrated − random
policy_concentrated,meanGO,early,4,0.325146286254027,0.339654926207587,-0.0145086399535595,angle-concentrated − random
policy_concentrated,meanGO,early,5,0.878764583294479,0.830252585599208,0.0485119976952706,angle-concentrated − random
policy_concentrated,meanGO,early,6,0.480531000153326,0.826648655312633,-0.346117655159306,angle-concentrated − random
policy_concentrated,meanGO,early,7,0.625402280015868,0.44023313266823,0.185169147347638,angle-concentrated − random
policy_concentrated,meanGO,early,8,0.242838548343457,0.252481947386805,-0.00964339904334774,angle-concentrated − random
policy_concentrated,meanGO,early,9,0.73922850365457,0.842412130314943,-0.103183626660374,angle-concentrated − random
policy_concentrated,meanGO,early,10,0.457556077285758,0.707319047618367,-0.249762970332609,angle-concentrated − random
policy_concentrated,meanGO,early,11,0.55392746827262,0.687564389342208,-0.133636921069588,angle-concentrated − random
policy_concentrated,meanGO,early,12,0.234118863561282,0.812279127802342,-0.57816026424106,angle-concentrated − random
policy_concentrated,meanGO,early,13,0.404014491502835,0.460386889072794,-0.0563723975699599,angle-concentrated − random
policy_concentrated,meanGO,early,14,0.390464848183588,0.938193079805163,-0.547728231621575,angle-concentrated − random
policy_concentrated,meanGO,early,15,0.518181491533565,0.54361012957923,-0.0254286380456648,angle-concentrated − random
policy_concentrated,meanGO,early,16,0.411265287564528,0.640139154758994,-0.228873867194466,angle-concentrated − random
policy_concentrated,meanGO,early,17,0.861451192486532,0.788186761798258,0.0732644306882746,angle-concentrated − random
policy_concentrated,meanGO,early,18,0.955798936220793,0.286069655177753,0.66972928104304,angle-concentrated − random
policy_concentrated,meanGO,early,19,0.29659721269172,0.61042672402078,-0.313829511329061,angle-concentrated − random
policy_concentrated,meanGO,early,20,0.337229340765515,0.605324527576322,-0.268095186810807,angle-concentrated − random
policy_concentrated,meanGO,late,1,0.56110373562853,0.800983762711857,-0.239880027083327,angle-concentrated − random
policy_concentrated,meanGO,late,2,0.962297406048018,0.39378936964653,0.568508036401487,angle-concentrated − random
policy_concentrated,meanGO,late,3,0.818087110007076,0.620039110093917,0.198047999913159,angle-concentrated − random
policy_concentrated,meanGO,late,4,0.457680071554405,0.392038556491513,0.0656415150628917,angle-concentrated − random
policy_concentrated,meanGO,late,5,0.937445422446211,0.864801545400857,0.0726438770453546,angle-concentrated − random
policy_concentrated,meanGO,late,6,0.238162602803668,0.748694890419082,-0.510532287615413,angle-concentrated − random
policy_concentrated,meanGO,late,7,0.686583676190114,0.125083357441708,0.561500318748406,angle-concentrated − random
policy_concentrated,meanGO,late,8,0.157670766734058,0.649722538182708,-0.49205177144865,angle-concentrated − random
policy_concentrated,meanGO,late,9,0.807011909184043,0.908763527353326,-0.101751618169283,angle-concentrated − random
policy_concentrated,meanGO,late,10,0.685975864550475,0.853050025767785,-0.16707416121731,angle-concentrated − random
policy_concentrated,meanGO,late,11,0.262402480222995,0.814517264344706,-0.552114784121711,angle-concentrated − random
policy_concentrated,meanGO,late,12,0.440406342657804,0.747899013614805,-0.307492670957001,angle-concentrated − random
policy_concentrated,meanGO,late,13,0.649885584226572,0.320048577256024,0.329837006970547,angle-concentrated − random
policy_concentrated,meanGO,late,14,0.498287964890579,0.951551115808053,-0.453263150917473,angle-concentrated − random
policy_concentrated,meanGO,late,15,0.439735648662839,0.645646396746155,-0.205910748083316,angle-concentrated − random
policy_concentrated,meanGO,late,16,0.553873387308947,0.636929339475066,-0.0830559521661188,angle-concentrated − random
policy_concentrated,meanGO,late,17,0.860020850431046,0.670320348724491,0.189700501706555,angle-concentrated − random
policy_concentrated,meanGO,late,18,0.848797137829774,0.394483683144485,0.454313454685289,angle-concentrated − random
policy_concentrated,meanGO,late,19,0.433403750238978,0.879103765322666,-0.445700015083687,angle-concentrated − random
policy_concentrated,meanGO,late,20,0.46165008364301,0.65150082144825,-0.18985073780524,angle-concentrated − random
policy_concentrated,meanLO,main,1,0.652771863896862,0.820051713225759,-0.167279849328897,angle-concentrated − random
policy_concentrated,meanLO,main,2,0.982763762230114,0.693495820733199,0.289267941496915,angle-concentrated − random
policy_concentrated,meanLO,main,3,0.875501905794398,0.762729462118213,0.112772443676184,angle-concentrated − random
policy_concentrated,meanLO,main,4,0.53460733294496,0.705724064379446,-0.171116731434486,angle-concentrated − random
policy_concentrated,meanLO,main,5,0.926654650980595,0.936168137062585,-0.00951348608198999,angle-concentrated − random
policy_concentrated,meanLO,main,6,0.592264081152377,0.819516737497135,-0.227252656344758,angle-concentrated − random
policy_concentrated,meanLO,main,7,0.782574034743641,0.533014394882866,0.249559639860775,angle-concentrated − random
policy_concentrated,meanLO,main,8,0.529460272814732,0.673861555114425,-0.144401282299693,angle-concentrated − random
policy_concentrated,meanLO,main,9,0.84059787876046,0.914906342730867,-0.0743084639704064,angle-concentrated − random
policy_concentrated,meanLO,main,10,0.692394344595949,0.827667322594473,-0.135272977998524,angle-concentrated − random
policy_concentrated,meanLO,main,11,0.592446376843004,0.847967443981289,-0.255521067138286,angle-concentrated − random
policy_concentrated,meanLO,main,12,0.640044406448931,0.911477906469025,-0.271433500020095,angle-concentrated − random
policy_concentrated,meanLO,main,13,0.644798457614636,0.619543190092329,0.0252552675223078,angle-concentrated − random
policy_concentrated,meanLO,main,14,0.707424376560633,0.961819137564887,-0.254394761004254,angle-concentrated − random
policy_concentrated,meanLO,main,15,0.652289350422513,0.784525927028803,-0.13223657660629,angle-concentrated − random
policy_concentrated,meanLO,main,16,0.611894845829786,0.790770721336926,-0.178875875507141,angle-concentrated − random
policy_concentrated,meanLO,main,17,0.887713558523846,0.781368639329057,0.106344919194789,angle-concentrated − random
policy_concentrated,meanLO,main,18,0.960500203449409,0.57070370984553,0.389796493603879,angle-concentrated − random
policy_concentrated,meanLO,main,19,0.605498218056168,0.828646458790878,-0.22314824073471,angle-concentrated − random
policy_concentrated,meanLO,main,20,0.552435338369389,0.732493312759691,-0.180057974390302,angle-concentrated − random
policy_concentrated,meanLO,early,1,0.608580903908772,0.808779730471981,-0.200198826563209,angle-concentrated − random
policy_concentrated,meanLO,early,2,0.984240245371425,0.686338744311005,0.29790150106042,angle-concentrated − random
policy_concentrated,meanLO,early,3,0.833567835756739,0.764442344626399,0.0691254911303397,angle-concentrated − random
policy_concentrated,meanLO,early,4,0.527264526139013,0.724325931923462,-0.197061405784449,angle-concentrated − random
policy_concentrated,meanLO,early,5,0.896099609732634,0.91053295146646,-0.0144333417338258,angle-concentrated − random
policy_concentrated,meanLO,early,6,0.625423493941222,0.865802990349823,-0.240379496408601,angle-concentrated − random
policy_concentrated,meanLO,early,7,0.755604840462065,0.582532127206274,0.173072713255791,angle-concentrated − random
policy_concentrated,meanLO,early,8,0.522743077993881,0.604226582228855,-0.0814835042349743,angle-concentrated − random
policy_concentrated,meanLO,early,9,0.824679192728675,0.895971824233898,-0.071292631505223,angle-concentrated − random
policy_concentrated,meanLO,early,10,0.618528891163437,0.764643966088331,-0.146115074924893,angle-concentrated − random
policy_concentrated,meanLO,early,11,0.667867794437845,0.815498036742895,-0.14763024230505,angle-concentrated − random
policy_concentrated,meanLO,early,12,0.618213023464772,0.923803980716607,-0.305590957251835,angle-concentrated − random
policy_concentrated,meanLO,early,13,0.558303690450718,0.711693431647263,-0.153389741196545,angle-concentrated − random
policy_concentrated,meanLO,early,14,0.788508893570689,0.951044233672462,-0.162535340101774,angle-concentrated − random
policy_concentrated,meanLO,early,15,0.707239426204394,0.779813834030065,-0.0725744078256708,angle-concentrated − random
policy_concentrated,meanLO,early,16,0.526396958054345,0.824597798781185,-0.29820084072684,angle-concentrated − random
policy_concentrated,meanLO,early,17,0.882815353390246,0.857183344509313,0.0256320088809333,angle-concentrated − random
policy_concentrated,meanLO,early,18,0.970633644595533,0.500009003195905,0.470624641399628,angle-concentrated − random
policy_concentrated,meanLO,early,19,0.582586921242209,0.728551930836315,-0.145965009594106,angle-concentrated − random
policy_concentrated,meanLO,early,20,0.495817342198231,0.694953249323077,-0.199135907124846,angle-concentrated − random
policy_concentrated,meanLO,late,1,0.696962823884953,0.831323695979538,-0.134360872094585,angle-concentrated − random
policy_concentrated,meanLO,late,2,0.981287279088804,0.700652897155393,0.280634381933411,angle-concentrated − random
policy_concentrated,meanLO,late,3,0.917435975832056,0.761016579610028,0.156419396222029,angle-concentrated − random
policy_concentrated,meanLO,late,4,0.541950139750906,0.687122196835429,-0.145172057084524,angle-concentrated − random
policy_concentrated,meanLO,late,5,0.957209692228557,0.96180332265871,-0.00459363043015282,angle-concentrated − random
policy_concentrated,meanLO,late,6,0.559104668363532,0.773230484644447,-0.214125816280915,angle-concentrated − random
policy_concentrated,meanLO,late,7,0.809543229025217,0.483496662559458,0.326046566465759,angle-concentrated − random
policy_concentrated,meanLO,late,8,0.536177467635583,0.743496527999995,-0.207319060364412,angle-concentrated − random
policy_concentrated,meanLO,late,9,0.856516564792246,0.933840861227836,-0.0773242964355901,angle-concentrated − random
policy_concentrated,meanLO,late,10,0.76625979802846,0.890690679100615,-0.124430881072155,angle-concentrated − random
policy_concentrated,meanLO,late,11,0.517024959248162,0.880436851219683,-0.363411891971521,angle-concentrated − random
policy_concentrated,meanLO,late,12,0.661875789433089,0.899151832221443,-0.237276042788354,angle-concentrated − random
policy_concentrated,meanLO,late,13,0.731293224778555,0.527392948537394,0.203900276241161,angle-concentrated − random
policy_concentrated,meanLO,late,14,0.626339859550577,0.972594041457311,-0.346254181906734,angle-concentrated − random
policy_concentrated,meanLO,late,15,0.597339274640631,0.789238020027541,-0.19189874538691,angle-concentrated − random
policy_concentrated,meanLO,late,16,0.697392733605226,0.756943643892667,-0.0595509102874414,angle-concentrated − random
policy_concentrated,meanLO,late,17,0.892611763657444,0.705553934148802,0.187057829508643,angle-concentrated − random
policy_concentrated,meanLO,late,18,0.950366762303285,0.641398416495155,0.30896834580813,angle-concentrated − random
policy_concentrated,meanLO,late,19,0.628409514870127,0.928740986745442,-0.300331471875316,angle-concentrated − random
policy_concentrated,meanLO,late,20,0.609053334540547,0.770033376196305,-0.160980041655758,angle-concentrated − random
policy_concentrated,meanPairDistanceNorm,main,1,0.240091832317403,0.0360351151421978,0.204056717175205,angle-concentrated − random
policy_concentrated,meanPairDistanceNorm,main,2,0.102718788440563,0.159275371443329,-0.056556583002766,angle-concentrated − random
policy_concentrated,meanPairDistanceNorm,main,3,0.108567336305803,0.148004264554274,-0.0394369282484704,angle-concentrated − random
policy_concentrated,meanPairDistanceNorm,main,4,0.287277721109026,0.187120315655096,0.100157405453929,angle-concentrated − random
policy_concentrated,meanPairDistanceNorm,main,5,0.193242066807302,0.0493547954131472,0.143887271394155,angle-concentrated − random
policy_concentrated,meanPairDistanceNorm,main,6,0.238153299011534,0.229639618102976,0.00851368090855872,angle-concentrated − random
policy_concentrated,meanPairDistanceNorm,main,7,0.194883030048273,0.195575668806587,-0.000692638758314268,angle-concentrated − random
policy_concentrated,meanPairDistanceNorm,main,8,0.260564470060171,0.224995443743138,0.0355690263170321,angle-concentrated − random
policy_concentrated,meanPairDistanceNorm,main,9,0.254515586689055,0.213997289737084,0.0405182969519715,angle-concentrated − random
policy_concentrated,meanPairDistanceNorm,main,10,0.267082220915451,0.217648735334435,0.0494334855810161,angle-concentrated − random
policy_concentrated,meanPairDistanceNorm,main,11,0.276400860879301,0.141147700094245,0.135253160785056,angle-concentrated − random
policy_concentrated,meanPairDistanceNorm,main,12,0.283818921448721,0.0761334700989059,0.207685451349815,angle-concentrated − random
policy_concentrated,meanPairDistanceNorm,main,13,0.287106952479177,0.18529576253513,0.101811189944046,angle-concentrated − random
policy_concentrated,meanPairDistanceNorm,main,14,0.180946306420089,0.0967670448032983,0.0841792616167905,angle-concentrated − random
policy_concentrated,meanPairDistanceNorm,main,15,0.241615563854759,0.142295692267483,0.0993198715872756,angle-concentrated − random
policy_concentrated,meanPairDistanceNorm,main,16,0.256950948172022,0.0835176102892709,0.173433337882751,angle-concentrated − random
policy_concentrated,meanPairDistanceNorm,main,17,0.274894376036175,0.214121116690986,0.0607732593451891,angle-concentrated − random
policy_concentrated,meanPairDistanceNorm,main,18,0.0991751042198406,0.228777495157558,-0.129602390937717,angle-concentrated − random
policy_concentrated,meanPairDistanceNorm,main,19,0.28165571802339,0.100938211223467,0.180717506799922,angle-concentrated − random
policy_concentrated,meanPairDistanceNorm,main,20,0.28920549424949,0.178714707686836,0.110490786562655,angle-concentrated − random
policy_concentrated,meanPairDistanceNorm,early,1,0.269720561873935,0.038242414283803,0.231478147590132,angle-concentrated − random
policy_concentrated,meanPairDistanceNorm,early,2,0.102246362557373,0.119505025394192,-0.017258662836819,angle-concentrated − random
policy_concentrated,meanPairDistanceNorm,early,3,0.104892484604181,0.0948006620789964,0.0100918225251847,angle-concentrated − random
policy_concentrated,meanPairDistanceNorm,early,4,0.315282380287639,0.136317544332197,0.178964835955442,angle-concentrated − random
policy_concentrated,meanPairDistanceNorm,early,5,0.182339792253767,0.0329977901494678,0.1493420021043,angle-concentrated − random
policy_concentrated,meanPairDistanceNorm,early,6,0.19430393291087,0.224146203344349,-0.0298422704334787,angle-concentrated − random
policy_concentrated,meanPairDistanceNorm,early,7,0.181426531893356,0.13742007053573,0.0440064613576261,angle-concentrated − random
policy_concentrated,meanPairDistanceNorm,early,8,0.215473160365459,0.225278815113618,-0.00980565474815842,angle-concentrated − random
policy_concentrated,meanPairDistanceNorm,early,9,0.26310019629782,0.192890832312763,0.0702093639850571,angle-concentrated − random
policy_concentrated,meanPairDistanceNorm,early,10,0.260762110839962,0.249828617602558,0.0109334932374042,angle-concentrated − random
policy_concentrated,meanPairDistanceNorm,early,11,0.278317901419506,0.138509746127043,0.139808155292463,angle-concentrated − random
policy_concentrated,meanPairDistanceNorm,early,12,0.288692630487977,0.0728534808925737,0.215839149595403,angle-concentrated − random
policy_concentrated,meanPairDistanceNorm,early,13,0.286076530597666,0.129247488077497,0.156829042520169,angle-concentrated − random
policy_concentrated,meanPairDistanceNorm,early,14,0.201287081163018,0.105968993164503,0.0953180879985147,angle-concentrated − random
policy_concentrated,meanPairDistanceNorm,early,15,0.266422251634092,0.155987230727988,0.110435020906103,angle-concentrated − random
policy_concentrated,meanPairDistanceNorm,early,16,0.224692658823843,0.0753627017539934,0.14932995706985,angle-concentrated − random
policy_concentrated,meanPairDistanceNorm,early,17,0.27084511601074,0.236101564173781,0.0347435518369595,angle-concentrated − random
policy_concentrated,meanPairDistanceNorm,early,18,0.117994457230666,0.194570701286265,-0.0765762440555987,angle-concentrated − random
policy_concentrated,meanPairDistanceNorm,early,19,0.285018350397198,0.131863581724893,0.153154768672306,angle-concentrated − random
policy_concentrated,meanPairDistanceNorm,early,20,0.327522968949971,0.119059169477411,0.20846379947256,angle-concentrated − random
policy_concentrated,meanPairDistanceNorm,late,1,0.21046310276087,0.0338278160005927,0.176635286760278,angle-concentrated − random
policy_concentrated,meanPairDistanceNorm,late,2,0.103191214323754,0.199045717492467,-0.095854503168713,angle-concentrated − random
policy_concentrated,meanPairDistanceNorm,late,3,0.112242188007425,0.201207867029551,-0.0889656790221256,angle-concentrated − random
policy_concentrated,meanPairDistanceNorm,late,4,0.259273061930412,0.237923086977995,0.0213499749524166,angle-concentrated − random
policy_concentrated,meanPairDistanceNorm,late,5,0.204144341360837,0.0657118006768266,0.138432540684011,angle-concentrated − random
policy_concentrated,meanPairDistanceNorm,late,6,0.282002665112199,0.235133032861603,0.0468696322505963,angle-concentrated − random
policy_concentrated,meanPairDistanceNorm,late,7,0.20833952820319,0.253731267077444,-0.0453917388742547,angle-concentrated − random
policy_concentrated,meanPairDistanceNorm,late,8,0.305655779754882,0.224712072372659,0.0809437073822229,angle-concentrated − random
policy_concentrated,meanPairDistanceNorm,late,9,0.245930977080291,0.235103747161405,0.0108272299188862,angle-concentrated − random
policy_concentrated,meanPairDistanceNorm,late,10,0.273402330990941,0.185468853066313,0.0879334779246278,angle-concentrated − random
policy_concentrated,meanPairDistanceNorm,late,11,0.274483820339095,0.143785654061446,0.130698166277649,angle-concentrated − random
policy_concentrated,meanPairDistanceNorm,late,12,0.278945212409466,0.0794134593052381,0.199531753104228,angle-concentrated − random
policy_concentrated,meanPairDistanceNorm,late,13,0.288137374360688,0.241344036992764,0.0467933373679235,angle-concentrated − random
policy_concentrated,meanPairDistanceNorm,late,14,0.16060553167716,0.0875650964420938,0.0730404352350662,angle-concentrated − random
policy_concentrated,meanPairDistanceNorm,late,15,0.216808876075426,0.128604153806978,0.0882047222684481,angle-concentrated − random
policy_concentrated,meanPairDistanceNorm,late,16,0.2892092375202,0.0916725188245484,0.197536718695651,angle-concentrated − random
policy_concentrated,meanPairDistanceNorm,late,17,0.278943636061609,0.19214066920819,0.0868029668534192,angle-concentrated − random
policy_concentrated,meanPairDistanceNorm,late,18,0.0803557512090152,0.262984289028851,-0.182628537819836,angle-concentrated − random
policy_concentrated,meanPairDistanceNorm,late,19,0.278293085649581,0.0700128407220421,0.208280244927539,angle-concentrated − random
policy_concentrated,meanPairDistanceNorm,late,20,0.25088801954901,0.23837024589626,0.0125177736527494,angle-concentrated − random
policy_balanced,meanGO,main,1,0.352839465188995,0.779631931561625,-0.42679246637263,balanced/angle-dispersed − random
policy_balanced,meanGO,main,2,0.39311411620243,0.475566983784897,-0.0824528675824668,balanced/angle-dispersed − random
policy_balanced,meanGO,main,3,0.229836631093255,0.642818682458605,-0.41298205136535,balanced/angle-dispersed − random
policy_balanced,meanGO,main,4,0.915562813050642,0.36584674134955,0.549716071701092,balanced/angle-dispersed − random
policy_balanced,meanGO,main,5,0.629346171731165,0.847527065500032,-0.218180893768867,balanced/angle-dispersed − random
policy_balanced,meanGO,main,6,0.624474166556564,0.787671772865857,-0.163197606309293,balanced/angle-dispersed − random
policy_balanced,meanGO,main,7,0.179709052889195,0.282658245054969,-0.102949192165774,balanced/angle-dispersed − random
policy_balanced,meanGO,main,8,0.4272264503705,0.451102242784756,-0.0238757924142568,balanced/angle-dispersed − random
policy_balanced,meanGO,main,9,0.93234053139718,0.875587828834135,0.0567527025630449,balanced/angle-dispersed − random
policy_balanced,meanGO,main,10,0.25096982151351,0.780184536693076,-0.529214715179566,balanced/angle-dispersed − random
policy_balanced,meanGO,main,11,0.707865684351475,0.751040826843456,-0.0431751424919817,balanced/angle-dispersed − random
policy_balanced,meanGO,main,12,0.256273528375545,0.780089070708574,-0.523815542333029,balanced/angle-dispersed − random
policy_balanced,meanGO,main,13,0.61738539567125,0.390217733164409,0.227167662506841,balanced/angle-dispersed − random
policy_balanced,meanGO,main,14,0.626189499978683,0.944872097806608,-0.318682597827925,balanced/angle-dispersed − random
policy_balanced,meanGO,main,15,0.372435617801645,0.594628263162693,-0.222192645361048,balanced/angle-dispersed − random
policy_balanced,meanGO,main,16,0.504085867867971,0.638534247117031,-0.13444837924906,balanced/angle-dispersed − random
policy_balanced,meanGO,main,17,0.617091678054183,0.729253555261375,-0.112161877207192,balanced/angle-dispersed − random
policy_balanced,meanGO,main,18,0.339882498004765,0.340276669161119,-0.000394171156353706,balanced/angle-dispersed − random
policy_balanced,meanGO,main,19,0.485487153337225,0.744765244671722,-0.259278091334497,balanced/angle-dispersed − random
policy_balanced,meanGO,main,20,0.369296906447716,0.628412674512286,-0.25911576806457,balanced/angle-dispersed − random
policy_balanced,meanGO,early,1,0.31418120089524,0.758280100411393,-0.444098899516153,balanced/angle-dispersed − random
policy_balanced,meanGO,early,2,0.400453919897601,0.557344597923264,-0.156890678025663,balanced/angle-dispersed − random
policy_balanced,meanGO,early,3,0.20656046553736,0.665598254823293,-0.459037789285933,balanced/angle-dispersed − random
policy_balanced,meanGO,early,4,0.948110890252191,0.339654926207587,0.608455964044605,balanced/angle-dispersed − random
policy_balanced,meanGO,early,5,0.50201546821885,0.830252585599208,-0.328237117380359,balanced/angle-dispersed − random
policy_balanced,meanGO,early,6,0.607841683787047,0.826648655312633,-0.218806971525586,balanced/angle-dispersed − random
policy_balanced,meanGO,early,7,0.0983518319203798,0.44023313266823,-0.341881300747851,balanced/angle-dispersed − random
policy_balanced,meanGO,early,8,0.331355402893686,0.252481947386805,0.0788734555068812,balanced/angle-dispersed − random
policy_balanced,meanGO,early,9,0.899463516964112,0.842412130314943,0.0570513866491688,balanced/angle-dispersed − random
policy_balanced,meanGO,early,10,0.236622228129868,0.707319047618367,-0.470696819488498,balanced/angle-dispersed − random
policy_balanced,meanGO,early,11,0.59050889970457,0.687564389342208,-0.0970554896376381,balanced/angle-dispersed − random
policy_balanced,meanGO,early,12,0.194768341425739,0.812279127802342,-0.617510786376602,balanced/angle-dispersed − random
policy_balanced,meanGO,early,13,0.49017137894219,0.460386889072794,0.0297844898693955,balanced/angle-dispersed − random
policy_balanced,meanGO,early,14,0.582768425153569,0.938193079805163,-0.355424654651594,balanced/angle-dispersed − random
policy_balanced,meanGO,early,15,0.436972063523047,0.54361012957923,-0.106638066056183,balanced/angle-dispersed − random
policy_balanced,meanGO,early,16,0.626511803761075,0.640139154758994,-0.0136273509979193,balanced/angle-dispersed − random
policy_balanced,meanGO,early,17,0.638403834246928,0.788186761798258,-0.14978292755133,balanced/angle-dispersed − random
policy_balanced,meanGO,early,18,0.320850248993798,0.286069655177753,0.0347805938160452,balanced/angle-dispersed − random
policy_balanced,meanGO,early,19,0.449081159519281,0.61042672402078,-0.161345564501499,balanced/angle-dispersed − random
policy_balanced,meanGO,early,20,0.480591274911101,0.605324527576322,-0.124733252665221,balanced/angle-dispersed − random
policy_balanced,meanGO,late,1,0.39149772948275,0.800983762711857,-0.409486033229108,balanced/angle-dispersed − random
policy_balanced,meanGO,late,2,0.385774312507259,0.39378936964653,-0.00801505713927092,balanced/angle-dispersed − random
policy_balanced,meanGO,late,3,0.25311279664915,0.620039110093917,-0.366926313444767,balanced/angle-dispersed − random
policy_balanced,meanGO,late,4,0.883014735849094,0.392038556491513,0.49097617935758,balanced/angle-dispersed − random
policy_balanced,meanGO,late,5,0.756676875243479,0.864801545400857,-0.108124670157377,balanced/angle-dispersed − random
policy_balanced,meanGO,late,6,0.641106649326081,0.748694890419082,-0.107588241093001,balanced/angle-dispersed − random
policy_balanced,meanGO,late,7,0.261066273858011,0.125083357441708,0.135982916416303,balanced/angle-dispersed − random
policy_balanced,meanGO,late,8,0.523097497847313,0.649722538182708,-0.126625040335395,balanced/angle-dispersed − random
policy_balanced,meanGO,late,9,0.965217545830247,0.908763527353326,0.0564540184769208,balanced/angle-dispersed − random
policy_balanced,meanGO,late,10,0.265317414897152,0.853050025767785,-0.587732610870633,balanced/angle-dispersed − random
policy_balanced,meanGO,late,11,0.825222468998379,0.814517264344706,0.0107052046536735,balanced/angle-dispersed − random
policy_balanced,meanGO,late,12,0.31777871532535,0.747899013614805,-0.430120298289455,balanced/angle-dispersed − random
policy_balanced,meanGO,late,13,0.744599412400309,0.320048577256024,0.424550835144285,balanced/angle-dispersed − random
policy_balanced,meanGO,late,14,0.669610574803796,0.951551115808053,-0.281940541004256,balanced/angle-dispersed − random
policy_balanced,meanGO,late,15,0.307899172080242,0.645646396746155,-0.337747224665913,balanced/angle-dispersed − random
policy_balanced,meanGO,late,16,0.381659931974866,0.636929339475066,-0.2552694075002,balanced/angle-dispersed − random
policy_balanced,meanGO,late,17,0.595779521861439,0.670320348724491,-0.0745408268630522,balanced/angle-dispersed − random
policy_balanced,meanGO,late,18,0.358914747015733,0.394483683144485,-0.0355689361287521,balanced/angle-dispersed − random
policy_balanced,meanGO,late,19,0.521893147155169,0.879103765322666,-0.357210618167497,balanced/angle-dispersed − random
policy_balanced,meanGO,late,20,0.258002537984331,0.65150082144825,-0.393498283463919,balanced/angle-dispersed − random
policy_balanced,meanLO,main,1,0.606740769415977,0.820051713225759,-0.213310943809782,balanced/angle-dispersed − random
policy_balanced,meanLO,main,2,0.565992470901182,0.693495820733199,-0.127503349832017,balanced/angle-dispersed − random
policy_balanced,meanLO,main,3,0.406278403578408,0.762729462118213,-0.356451058539805,balanced/angle-dispersed − random
policy_balanced,meanLO,main,4,0.9592278109454,0.705724064379446,0.253503746565954,balanced/angle-dispersed − random
policy_balanced,meanLO,main,5,0.758205496731563,0.936168137062585,-0.177962640331022,balanced/angle-dispersed − random
policy_balanced,meanLO,main,6,0.75063322364453,0.819516737497135,-0.0688835138526048,balanced/angle-dispersed − random
policy_balanced,meanLO,main,7,0.524260218137421,0.533014394882866,-0.00875417674544532,balanced/angle-dispersed − random
policy_balanced,meanLO,main,8,0.546282248349742,0.673861555114425,-0.127579306764683,balanced/angle-dispersed − random
policy_balanced,meanLO,main,9,0.94646799856445,0.914906342730867,0.0315616558335827,balanced/angle-dispersed − random
policy_balanced,meanLO,main,10,0.400124264441176,0.827667322594473,-0.427543058153297,balanced/angle-dispersed − random
policy_balanced,meanLO,main,11,0.779470406798556,0.847967443981289,-0.068497037182733,balanced/angle-dispersed − random
policy_balanced,meanLO,main,12,0.455648227267084,0.911477906469025,-0.455829679201941,balanced/angle-dispersed − random
policy_balanced,meanLO,main,13,0.728671626258176,0.619543190092329,0.109128436165847,balanced/angle-dispersed − random
policy_balanced,meanLO,main,14,0.755757278881503,0.961819137564887,-0.206061858683384,balanced/angle-dispersed − random
policy_balanced,meanLO,main,15,0.652452397391595,0.784525927028803,-0.132073529637208,balanced/angle-dispersed − random
policy_balanced,meanLO,main,16,0.685497459686878,0.790770721336926,-0.105273261650048,balanced/angle-dispersed − random
policy_balanced,meanLO,main,17,0.724852479887967,0.781368639329057,-0.0565161594410901,balanced/angle-dispersed − random
policy_balanced,meanLO,main,18,0.516992821688096,0.57070370984553,-0.0537108881574337,balanced/angle-dispersed − random
policy_balanced,meanLO,main,19,0.627397825541744,0.828646458790878,-0.201248633249134,balanced/angle-dispersed − random
policy_balanced,meanLO,main,20,0.58728948805985,0.732493312759691,-0.145203824699841,balanced/angle-dispersed − random
policy_balanced,meanLO,early,1,0.598175558956919,0.808779730471981,-0.210604171515062,balanced/angle-dispersed − random
policy_balanced,meanLO,early,2,0.545833952359241,0.686338744311005,-0.140504791951764,balanced/angle-dispersed − random
policy_balanced,meanLO,early,3,0.378989818391047,0.764442344626399,-0.385452526235352,balanced/angle-dispersed − random
policy_balanced,meanLO,early,4,0.962819320945927,0.724325931923462,0.238493389022465,balanced/angle-dispersed − random
policy_balanced,meanLO,early,5,0.653941648918678,0.91053295146646,-0.256591302547782,balanced/angle-dispersed − random
policy_balanced,meanLO,early,6,0.740585091445942,0.865802990349823,-0.125217898903881,balanced/angle-dispersed − random
policy_balanced,meanLO,early,7,0.447636837940487,0.582532127206274,-0.134895289265787,balanced/angle-dispersed − random
policy_balanced,meanLO,early,8,0.471859434465905,0.604226582228855,-0.13236714776295,balanced/angle-dispersed − random
policy_balanced,meanLO,early,9,0.910495001807827,0.895971824233898,0.0145231775739286,balanced/angle-dispersed − random
policy_balanced,meanLO,early,10,0.445397794884512,0.764643966088331,-0.319246171203818,balanced/angle-dispersed − random
policy_balanced,meanLO,early,11,0.713440369670449,0.815498036742895,-0.102057667072446,balanced/angle-dispersed − random
policy_balanced,meanLO,early,12,0.422399637426175,0.923803980716607,-0.501404343290432,balanced/angle-dispersed − random
policy_balanced,meanLO,early,13,0.659803972020813,0.711693431647263,-0.0518894596264496,balanced/angle-dispersed − random
policy_balanced,meanLO,early,14,0.72407977774799,0.951044233672462,-0.226964455924472,balanced/angle-dispersed − random
policy_balanced,meanLO,early,15,0.693840539704185,0.779813834030065,-0.0859732943258801,balanced/angle-dispersed − random
policy_balanced,meanLO,early,16,0.718247258892797,0.824597798781185,-0.106350539888389,balanced/angle-dispersed − random
policy_balanced,meanLO,early,17,0.727258473929021,0.857183344509313,-0.129924870580292,balanced/angle-dispersed − random
policy_balanced,meanLO,early,18,0.498916952254677,0.500009003195905,-0.00109205094122855,balanced/angle-dispersed − random
policy_balanced,meanLO,early,19,0.595756707563815,0.728551930836315,-0.1327952232725,balanced/angle-dispersed − random
policy_balanced,meanLO,early,20,0.673820561430563,0.694953249323077,-0.021132687892514,balanced/angle-dispersed − random
policy_balanced,meanLO,late,1,0.615305979875036,0.831323695979538,-0.216017716104503,balanced/angle-dispersed − random
policy_balanced,meanLO,late,2,0.586150989443122,0.700652897155393,-0.114501907712271,balanced/angle-dispersed − random
policy_balanced,meanLO,late,3,0.433566988765769,0.761016579610028,-0.327449590844259,balanced/angle-dispersed − random
policy_balanced,meanLO,late,4,0.955636300944872,0.687122196835429,0.268514104109443,balanced/angle-dispersed − random
policy_balanced,meanLO,late,5,0.862469344544449,0.96180332265871,-0.0993339781142611,balanced/angle-dispersed − random
policy_balanced,meanLO,late,6,0.760681355843118,0.773230484644447,-0.0125491288013287,balanced/angle-dispersed − random
policy_balanced,meanLO,late,7,0.600883598334355,0.483496662559458,0.117386935774896,balanced/angle-dispersed − random
policy_balanced,meanLO,late,8,0.62070506223358,0.743496527999995,-0.122791465766415,balanced/angle-dispersed − random
policy_balanced,meanLO,late,9,0.982440995321072,0.933840861227836,0.0486001340932356,balanced/angle-dispersed − random
policy_balanced,meanLO,late,10,0.35485073399784,0.890690679100615,-0.535839945102775,balanced/angle-dispersed − random
policy_balanced,meanLO,late,11,0.845500443926663,0.880436851219683,-0.0349364072930197,balanced/angle-dispersed − random
policy_balanced,meanLO,late,12,0.488896817107993,0.899151832221443,-0.41025501511345,balanced/angle-dispersed − random
policy_balanced,meanLO,late,13,0.797539280495539,0.527392948537394,0.270146331958144,balanced/angle-dispersed − random
policy_balanced,meanLO,late,14,0.787434780015015,0.972594041457311,-0.185159261442297,balanced/angle-dispersed − random
policy_balanced,meanLO,late,15,0.611064255079007,0.789238020027541,-0.178173764948535,balanced/angle-dispersed − random
policy_balanced,meanLO,late,16,0.652747660480959,0.756943643892667,-0.104195983411708,balanced/angle-dispersed − random
policy_balanced,meanLO,late,17,0.722446485846913,0.705553934148802,0.016892551698111,balanced/angle-dispersed − random
policy_balanced,meanLO,late,18,0.535068691121516,0.641398416495155,-0.106329725373639,balanced/angle-dispersed − random
policy_balanced,meanLO,late,19,0.659038943519674,0.928740986745442,-0.269702043225769,balanced/angle-dispersed − random
policy_balanced,meanLO,late,20,0.500758414689137,0.770033376196305,-0.269274961507168,balanced/angle-dispersed − random
policy_balanced,meanPairDistanceNorm,main,1,0.220970556769298,0.0360351151421978,0.1849354416271,balanced/angle-dispersed − random
policy_balanced,meanPairDistanceNorm,main,2,0.126138642295665,0.159275371443329,-0.0331367291476645,balanced/angle-dispersed − random
policy_balanced,meanPairDistanceNorm,main,3,0.273727622291103,0.148004264554274,0.12572335773683,balanced/angle-dispersed − random
policy_balanced,meanPairDistanceNorm,main,4,0.0538355826979784,0.187120315655096,-0.133284732957118,balanced/angle-dispersed − random
policy_balanced,meanPairDistanceNorm,main,5,0.139873225312026,0.0493547954131472,0.0905184298988789,balanced/angle-dispersed − random
policy_balanced,meanPairDistanceNorm,main,6,0.150344838368568,0.229639618102976,-0.079294779734408,balanced/angle-dispersed − random
policy_balanced,meanPairDistanceNorm,main,7,0.246210528993772,0.195575668806587,0.0506348601871854,balanced/angle-dispersed − random
policy_balanced,meanPairDistanceNorm,main,8,0.162219401788718,0.224995443743138,-0.0627760419544204,balanced/angle-dispersed − random
policy_balanced,meanPairDistanceNorm,main,9,0.0473573417250644,0.213997289737084,-0.16663994801202,balanced/angle-dispersed − random
policy_balanced,meanPairDistanceNorm,main,10,0.355207137173611,0.217648735334435,0.137558401839176,balanced/angle-dispersed − random
policy_balanced,meanPairDistanceNorm,main,11,0.0799203843158641,0.141147700094245,-0.0612273157783804,balanced/angle-dispersed − random
policy_balanced,meanPairDistanceNorm,main,12,0.224220330744672,0.0761334700989059,0.148086860645766,balanced/angle-dispersed − random
policy_balanced,meanPairDistanceNorm,main,13,0.134699052421593,0.18529576253513,-0.0505967101135379,balanced/angle-dispersed − random
policy_balanced,meanPairDistanceNorm,main,14,0.105932668216932,0.0967670448032983,0.00916562341363354,balanced/angle-dispersed − random
policy_balanced,meanPairDistanceNorm,main,15,0.155168855699354,0.142295692267483,0.0128731634318711,balanced/angle-dispersed − random
policy_balanced,meanPairDistanceNorm,main,16,0.202744705464322,0.0835176102892709,0.119227095175051,balanced/angle-dispersed − random
policy_balanced,meanPairDistanceNorm,main,17,0.147982370735522,0.214121116690986,-0.0661387459554635,balanced/angle-dispersed − random
policy_balanced,meanPairDistanceNorm,main,18,0.338013852903517,0.228777495157558,0.109236357745959,balanced/angle-dispersed − random
policy_balanced,meanPairDistanceNorm,main,19,0.11797148782787,0.100938211223467,0.0170332766044025,balanced/angle-dispersed − random
policy_balanced,meanPairDistanceNorm,main,20,0.221387622052387,0.178714707686836,0.042672914365551,balanced/angle-dispersed − random
policy_balanced,meanPairDistanceNorm,early,1,0.260245954249881,0.038242414283803,0.222003539966078,balanced/angle-dispersed − random
policy_balanced,meanPairDistanceNorm,early,2,0.0861832126672965,0.119505025394192,-0.033321812726895,balanced/angle-dispersed − random
policy_balanced,meanPairDistanceNorm,early,3,0.322199783473441,0.0948006620789964,0.227399121394445,balanced/angle-dispersed − random
policy_balanced,meanPairDistanceNorm,early,4,0.0789900255586273,0.136317544332197,-0.0573275187735702,balanced/angle-dispersed − random
policy_balanced,meanPairDistanceNorm,early,5,0.124655489428216,0.0329977901494678,0.0916576992787482,balanced/angle-dispersed − random
policy_balanced,meanPairDistanceNorm,early,6,0.132580664785961,0.224146203344349,-0.0915655385583881,balanced/angle-dispersed − random
policy_balanced,meanPairDistanceNorm,early,7,0.313148909365232,0.13742007053573,0.175728838829503,balanced/angle-dispersed − random
policy_balanced,meanPairDistanceNorm,early,8,0.179538780691084,0.225278815113618,-0.0457400344225334,balanced/angle-dispersed − random
policy_balanced,meanPairDistanceNorm,early,9,0.0477156661031374,0.192890832312763,-0.145175166209626,balanced/angle-dispersed − random
policy_balanced,meanPairDistanceNorm,early,10,0.373417758446299,0.249828617602558,0.123589140843741,balanced/angle-dispersed − random
policy_balanced,meanPairDistanceNorm,early,11,0.1139424651256,0.138509746127043,-0.0245672810014432,balanced/angle-dispersed − random
policy_balanced,meanPairDistanceNorm,early,12,0.23664730119181,0.0728534808925737,0.163793820299236,balanced/angle-dispersed − random
policy_balanced,meanPairDistanceNorm,early,13,0.122753342042902,0.129247488077497,-0.00649414603459463,balanced/angle-dispersed − random
policy_balanced,meanPairDistanceNorm,early,14,0.136094352078198,0.105968993164503,0.0301253589136949,balanced/angle-dispersed − random
policy_balanced,meanPairDistanceNorm,early,15,0.205231376092355,0.155987230727988,0.0492441453643664,balanced/angle-dispersed − random
policy_balanced,meanPairDistanceNorm,early,16,0.238906260233511,0.0753627017539934,0.163543558479518,balanced/angle-dispersed − random
policy_balanced,meanPairDistanceNorm,early,17,0.143529379375042,0.236101564173781,-0.0925721847987383,balanced/angle-dispersed − random
policy_balanced,meanPairDistanceNorm,early,18,0.363879352003632,0.194570701286265,0.169308650717367,balanced/angle-dispersed − random
policy_balanced,meanPairDistanceNorm,early,19,0.151753829148635,0.131863581724893,0.0198902474237418,balanced/angle-dispersed − random
policy_balanced,meanPairDistanceNorm,early,20,0.257927911343482,0.119059169477411,0.138868741866071,balanced/angle-dispersed − random
policy_balanced,meanPairDistanceNorm,late,1,0.181695159288716,0.0338278160005927,0.147867343288123,balanced/angle-dispersed − random
policy_balanced,meanPairDistanceNorm,late,2,0.166094071924033,0.199045717492467,-0.0329516455684342,balanced/angle-dispersed − random
policy_balanced,meanPairDistanceNorm,late,3,0.225255461108766,0.201207867029551,0.0240475940792151,balanced/angle-dispersed − random
policy_balanced,meanPairDistanceNorm,late,4,0.0286811398373294,0.237923086977995,-0.209241947140666,balanced/angle-dispersed − random
policy_balanced,meanPairDistanceNorm,late,5,0.155090961195836,0.0657118006768266,0.0893791605190097,balanced/angle-dispersed − random
policy_balanced,meanPairDistanceNorm,late,6,0.168109011951175,0.235133032861603,-0.0670240209104281,balanced/angle-dispersed − random
policy_balanced,meanPairDistanceNorm,late,7,0.179272148622312,0.253731267077444,-0.0744591184551319,balanced/angle-dispersed − random
policy_balanced,meanPairDistanceNorm,late,8,0.144900022886352,0.224712072372659,-0.0798120494863072,balanced/angle-dispersed − random
policy_balanced,meanPairDistanceNorm,late,9,0.0469990173469913,0.235103747161405,-0.188104729814414,balanced/angle-dispersed − random
policy_balanced,meanPairDistanceNorm,late,10,0.336996515900924,0.185468853066313,0.151527662834611,balanced/angle-dispersed − random
policy_balanced,meanPairDistanceNorm,late,11,0.0458983035061286,0.143785654061446,-0.0978873505553177,balanced/angle-dispersed − random
policy_balanced,meanPairDistanceNorm,late,12,0.211793360297533,0.0794134593052381,0.132379900992295,balanced/angle-dispersed − random
policy_balanced,meanPairDistanceNorm,late,13,0.146644762800283,0.241344036992764,-0.0946992741924814,balanced/angle-dispersed − random
policy_balanced,meanPairDistanceNorm,late,14,0.075770984355666,0.0875650964420938,-0.0117941120864278,balanced/angle-dispersed − random
policy_balanced,meanPairDistanceNorm,late,15,0.105106335306354,0.128604153806978,-0.0234978185006243,balanced/angle-dispersed − random
policy_balanced,meanPairDistanceNorm,late,16,0.166583150695133,0.0916725188245484,0.0749106318705844,balanced/angle-dispersed − random
policy_balanced,meanPairDistanceNorm,late,17,0.152435362096002,0.19214066920819,-0.0397053071121886,balanced/angle-dispersed − random
policy_balanced,meanPairDistanceNorm,late,18,0.312148353803402,0.262984289028851,0.0491640647745511,balanced/angle-dispersed − random
policy_balanced,meanPairDistanceNorm,late,19,0.0841891465071054,0.0700128407220421,0.0141763057850633,balanced/angle-dispersed − random
policy_balanced,meanPairDistanceNorm,late,20,0.184847332761291,0.23837024589626,-0.0535229131349693,balanced/angle-dispersed − random
policy_nearest,meanGO,main,1,0.265711576339156,0.779631931561625,-0.513920355222469,nearest − random
policy_nearest,meanGO,main,2,0.871408709240112,0.475566983784897,0.395841725455215,nearest − random
policy_nearest,meanGO,main,3,0.547961297248692,0.642818682458605,-0.0948573852099128,nearest − random
policy_nearest,meanGO,main,4,0.841080065750476,0.36584674134955,0.475233324400926,nearest − random
policy_nearest,meanGO,main,5,0.494186398202171,0.847527065500032,-0.353340667297862,nearest − random
policy_nearest,meanGO,main,6,0.565217111171153,0.787671772865857,-0.222454661694704,nearest − random
policy_nearest,meanGO,main,7,0.627096772962768,0.282658245054969,0.344438527907799,nearest − random
policy_nearest,meanGO,main,8,0.48370228544387,0.451102242784756,0.0326000426591139,nearest − random
policy_nearest,meanGO,main,9,0.80086022027731,0.875587828834135,-0.0747276085568243,nearest − random
policy_nearest,meanGO,main,10,0.474797539942522,0.780184536693076,-0.305386996750554,nearest − random
policy_nearest,meanGO,main,11,0.228656896332473,0.751040826843456,-0.522383930510983,nearest − random
policy_nearest,meanGO,main,12,0.95429329288902,0.780089070708574,0.174204222180446,nearest − random
policy_nearest,meanGO,main,13,0.694018909765054,0.390217733164409,0.303801176600645,nearest − random
policy_nearest,meanGO,main,14,0.325206903973073,0.944872097806608,-0.619665193833535,nearest − random
policy_nearest,meanGO,main,15,0.381836793930303,0.594628263162693,-0.21279146923239,nearest − random
policy_nearest,meanGO,main,16,0.270883461765573,0.638534247117031,-0.367650785351457,nearest − random
policy_nearest,meanGO,main,17,0.656740159250604,0.729253555261375,-0.0725133960107706,nearest − random
policy_nearest,meanGO,main,18,0.639349801771723,0.340276669161119,0.299073132610604,nearest − random
policy_nearest,meanGO,main,19,0.61103614731972,0.744765244671722,-0.133729097352003,nearest − random
policy_nearest,meanGO,main,20,0.586944966687652,0.628412674512286,-0.0414677078246336,nearest − random
policy_nearest,meanGO,early,1,0.322494843654174,0.758280100411393,-0.435785256757219,nearest − random
policy_nearest,meanGO,early,2,0.767930188635262,0.557344597923264,0.210585590711998,nearest − random
policy_nearest,meanGO,early,3,0.816729508400253,0.665598254823293,0.15113125357696,nearest − random
policy_nearest,meanGO,early,4,0.734403274584323,0.339654926207587,0.394748348376737,nearest − random
policy_nearest,meanGO,early,5,0.469791224616901,0.830252585599208,-0.360461360982307,nearest − random
policy_nearest,meanGO,early,6,0.444733457122917,0.826648655312633,-0.381915198189716,nearest − random
policy_nearest,meanGO,early,7,0.62393896400924,0.44023313266823,0.18370583134101,nearest − random
policy_nearest,meanGO,early,8,0.503548173939889,0.252481947386805,0.251066226553084,nearest − random
policy_nearest,meanGO,early,9,0.639983491214495,0.842412130314943,-0.202428639100449,nearest − random
policy_nearest,meanGO,early,10,0.476151717886631,0.707319047618367,-0.231167329731735,nearest − random
policy_nearest,meanGO,early,11,0.254882910715219,0.687564389342208,-0.432681478626989,nearest − random
policy_nearest,meanGO,early,12,0.974395051946357,0.812279127802342,0.162115924144016,nearest − random
policy_nearest,meanGO,early,13,0.694294979232532,0.460386889072794,0.233908090159737,nearest − random
policy_nearest,meanGO,early,14,0.29263518300919,0.938193079805163,-0.645557896795973,nearest − random
policy_nearest,meanGO,early,15,0.409595480319218,0.54361012957923,-0.134014649260012,nearest − random
policy_nearest,meanGO,early,16,0.298211929350295,0.640139154758994,-0.341927225408699,nearest − random
policy_nearest,meanGO,early,17,0.65342212005395,0.788186761798258,-0.134764641744308,nearest − random
policy_nearest,meanGO,early,18,0.691548834214851,0.286069655177753,0.405479179037099,nearest − random
policy_nearest,meanGO,early,19,0.435769015561219,0.61042672402078,-0.174657708459561,nearest − random
policy_nearest,meanGO,early,20,0.559646730317664,0.605324527576322,-0.0456777972586578,nearest − random
policy_nearest,meanGO,late,1,0.208928309024139,0.800983762711857,-0.592055453687719,nearest − random
policy_nearest,meanGO,late,2,0.974887229844962,0.39378936964653,0.581097860198432,nearest − random
policy_nearest,meanGO,late,3,0.279193086097132,0.620039110093917,-0.340846023996786,nearest − random
policy_nearest,meanGO,late,4,0.947756856916629,0.392038556491513,0.555718300425116,nearest − random
policy_nearest,meanGO,late,5,0.518581571787441,0.864801545400857,-0.346219973613416,nearest − random
policy_nearest,meanGO,late,6,0.685700765219389,0.748694890419082,-0.0629941251996925,nearest − random
policy_nearest,meanGO,late,7,0.630254581916295,0.125083357441708,0.505171224474588,nearest − random
policy_nearest,meanGO,late,8,0.463856396947851,0.649722538182708,-0.185866141234857,nearest − random
policy_nearest,meanGO,late,9,0.961736949340126,0.908763527353326,0.0529734219867998,nearest − random
policy_nearest,meanGO,late,10,0.473443361998414,0.853050025767785,-0.379606663769372,nearest − random
policy_nearest,meanGO,late,11,0.202430881949727,0.814517264344706,-0.612086382394978,nearest − random
policy_nearest,meanGO,late,12,0.934191533831682,0.747899013614805,0.186292520216877,nearest − random
policy_nearest,meanGO,late,13,0.693742840297577,0.320048577256024,0.373694263041553,nearest − random
policy_nearest,meanGO,late,14,0.357778624936957,0.951551115808053,-0.593772490871096,nearest − random
policy_nearest,meanGO,late,15,0.354078107541388,0.645646396746155,-0.291568289204767,nearest − random
policy_nearest,meanGO,late,16,0.243554994180851,0.636929339475066,-0.393374345294215,nearest − random
policy_nearest,meanGO,late,17,0.660058198447259,0.670320348724491,-0.0102621502772324,nearest − random
policy_nearest,meanGO,late,18,0.587150769328595,0.394483683144485,0.19266708618411,nearest − random
policy_nearest,meanGO,late,19,0.78630327907822,0.879103765322666,-0.0928004862444455,nearest − random
policy_nearest,meanGO,late,20,0.614243203057641,0.65150082144825,-0.0372576183906091,nearest − random
policy_nearest,meanLO,main,1,0.547774646499325,0.820051713225759,-0.272277066726435,nearest − random
policy_nearest,meanLO,main,2,0.969353003669294,0.693495820733199,0.275857182936096,nearest − random
policy_nearest,meanLO,main,3,0.905648916988192,0.762729462118213,0.142919454869979,nearest − random
policy_nearest,meanLO,main,4,0.930462201693728,0.705724064379446,0.224738137314282,nearest − random
policy_nearest,meanLO,main,5,0.760203786035968,0.936168137062585,-0.175964351026617,nearest − random
policy_nearest,meanLO,main,6,0.821460004961347,0.819516737497135,0.00194326746421247,nearest − random
policy_nearest,meanLO,main,7,0.987925865779209,0.533014394882866,0.454911470896343,nearest − random
policy_nearest,meanLO,main,8,0.989112192718144,0.673861555114425,0.315250637603719,nearest − random
policy_nearest,meanLO,main,9,0.901076180369586,0.914906342730867,-0.0138301623612803,nearest − random
policy_nearest,meanLO,main,10,0.539850121861365,0.827667322594473,-0.287817200733108,nearest − random
policy_nearest,meanLO,main,11,0.461404340214898,0.847967443981289,-0.386563103766391,nearest − random
policy_nearest,meanLO,main,12,0.958812040444468,0.911477906469025,0.0473341339754428,nearest − random
policy_nearest,meanLO,main,13,0.818949584195802,0.619543190092329,0.199406394103473,nearest − random
policy_nearest,meanLO,main,14,0.576654933486149,0.961819137564887,-0.385164204078737,nearest − random
policy_nearest,meanLO,main,15,0.976280849789676,0.784525927028803,0.191754922760873,nearest − random
policy_nearest,meanLO,main,16,0.47766098129119,0.790770721336926,-0.313109740045737,nearest − random
policy_nearest,meanLO,main,17,0.845189968118325,0.781368639329057,0.0638213287892679,nearest − random
policy_nearest,meanLO,main,18,0.79335052877478,0.57070370984553,0.22264681892925,nearest − random
policy_nearest,meanLO,main,19,0.749249381781123,0.828646458790878,-0.0793970770097547,nearest − random
policy_nearest,meanLO,main,20,0.744175574615893,0.732493312759691,0.0116822618562021,nearest − random
policy_nearest,meanLO,early,1,0.488223716791362,0.808779730471981,-0.320556013680619,nearest − random
policy_nearest,meanLO,early,2,0.951320871439791,0.686338744311005,0.264982127128785,nearest − random
policy_nearest,meanLO,early,3,0.945843636484733,0.764442344626399,0.181401291858334,nearest − random
policy_nearest,meanLO,early,4,0.885170617188719,0.724325931923462,0.160844685265258,nearest − random
policy_nearest,meanLO,early,5,0.786893733656444,0.91053295146646,-0.123639217810016,nearest − random
policy_nearest,meanLO,early,6,0.817810400972972,0.865802990349823,-0.0479925893768509,nearest − random
policy_nearest,meanLO,early,7,0.982600537322108,0.582532127206274,0.400068410115834,nearest − random
policy_nearest,meanLO,early,8,0.99021443187466,0.604226582228855,0.385987849645805,nearest − random
policy_nearest,meanLO,early,9,0.817755656112368,0.895971824233898,-0.0782161681215303,nearest − random
policy_nearest,meanLO,early,10,0.510085275961814,0.764643966088331,-0.254558690126516,nearest − random
policy_nearest,meanLO,early,11,0.53683504032925,0.815498036742895,-0.278662996413645,nearest − random
policy_nearest,meanLO,early,12,0.977243554943202,0.923803980716607,0.0534395742265953,nearest − random
policy_nearest,meanLO,early,13,0.830125125237407,0.711693431647263,0.118431693590145,nearest − random
policy_nearest,meanLO,early,14,0.52479997478021,0.951044233672462,-0.426244258892252,nearest − random
policy_nearest,meanLO,early,15,0.956692564532598,0.779813834030065,0.176878730502533,nearest − random
policy_nearest,meanLO,early,16,0.498926088366952,0.824597798781185,-0.325671710414233,nearest − random
policy_nearest,meanLO,early,17,0.859656717711478,0.857183344509313,0.00247337320216534,nearest − random
policy_nearest,meanLO,early,18,0.832435264108534,0.500009003195905,0.332426260912629,nearest − random
policy_nearest,meanLO,early,19,0.670388502140652,0.728551930836315,-0.0581634286956627,nearest − random
policy_nearest,meanLO,early,20,0.760575486980354,0.694953249323077,0.0656222376572767,nearest − random
policy_nearest,meanLO,late,1,0.607325576207288,0.831323695979538,-0.223998119772251,nearest − random
policy_nearest,meanLO,late,2,0.987385135898798,0.700652897155393,0.286732238743405,nearest − random
policy_nearest,meanLO,late,3,0.865454197491651,0.761016579610028,0.104437617881623,nearest − random
policy_nearest,meanLO,late,4,0.975753786198735,0.687122196835429,0.288631589363306,nearest − random
policy_nearest,meanLO,late,5,0.733513838415492,0.96180332265871,-0.228289484243218,nearest − random
policy_nearest,meanLO,late,6,0.825109608949723,0.773230484644447,0.051879124305276,nearest − random
policy_nearest,meanLO,late,7,0.99325119423631,0.483496662559458,0.509754531676852,nearest − random
policy_nearest,meanLO,late,8,0.988009953561628,0.743496527999995,0.244513425561632,nearest − random
policy_nearest,meanLO,late,9,0.984396704626806,0.933840861227836,0.05055584339897,nearest − random
policy_nearest,meanLO,late,10,0.569614967760915,0.890690679100615,-0.3210757113397,nearest − random
policy_nearest,meanLO,late,11,0.385973640100547,0.880436851219683,-0.494463211119136,nearest − random
policy_nearest,meanLO,late,12,0.940380525945735,0.899151832221443,0.0412286937242913,nearest − random
policy_nearest,meanLO,late,13,0.807774043154195,0.527392948537394,0.280381094616801,nearest − random
policy_nearest,meanLO,late,14,0.628509892192089,0.972594041457311,-0.344084149265222,nearest − random
policy_nearest,meanLO,late,15,0.995869135046754,0.789238020027541,0.206631115019213,nearest − random
policy_nearest,meanLO,late,16,0.456395874215428,0.756943643892667,-0.30054776967724,nearest − random
policy_nearest,meanLO,late,17,0.830723218525171,0.705553934148802,0.125169284376369,nearest − random
policy_nearest,meanLO,late,18,0.754265793441025,0.641398416495155,0.11286737694587,nearest − random
policy_nearest,meanLO,late,19,0.828110261421595,0.928740986745442,-0.100630725323847,nearest − random
policy_nearest,meanLO,late,20,0.727775662251434,0.770033376196305,-0.0422577139448711,nearest − random
policy_nearest,meanPairDistanceNorm,main,1,0.223349686844776,0.0360351151421978,0.187314571702578,nearest − random
policy_nearest,meanPairDistanceNorm,main,2,0.104790858721381,0.159275371443329,-0.054484512721948,nearest − random
policy_nearest,meanPairDistanceNorm,main,3,0.296036637548739,0.148004264554274,0.148032372994465,nearest − random
policy_nearest,meanPairDistanceNorm,main,4,0.173136603721365,0.187120315655096,-0.0139837119337317,nearest − random
policy_nearest,meanPairDistanceNorm,main,5,0.18130549321991,0.0493547954131472,0.131950697806763,nearest − random
policy_nearest,meanPairDistanceNorm,main,6,0.162333577495411,0.229639618102976,-0.0673060406075646,nearest − random
policy_nearest,meanPairDistanceNorm,main,7,0.220848763490371,0.195575668806587,0.0252730946837838,nearest − random
policy_nearest,meanPairDistanceNorm,main,8,0.146003452398722,0.224995443743138,-0.0789919913444165,nearest − random
policy_nearest,meanPairDistanceNorm,main,9,0.149650304033234,0.213997289737084,-0.0643469857038496,nearest − random
policy_nearest,meanPairDistanceNorm,main,10,0.161498697846121,0.217648735334435,-0.0561500374883147,nearest − random
policy_nearest,meanPairDistanceNorm,main,11,0.203385768213926,0.141147700094245,0.0622380681196815,nearest − random
policy_nearest,meanPairDistanceNorm,main,12,0.155406792291953,0.0761334700989059,0.0792733221930472,nearest − random
policy_nearest,meanPairDistanceNorm,main,13,0.285982192115892,0.18529576253513,0.100686429580762,nearest − random
policy_nearest,meanPairDistanceNorm,main,14,0.20947879448381,0.0967670448032983,0.112711749680512,nearest − random
policy_nearest,meanPairDistanceNorm,main,15,0.21003693834149,0.142295692267483,0.067741246074007,nearest − random
policy_nearest,meanPairDistanceNorm,main,16,0.16360234797847,0.0835176102892709,0.0800847376891995,nearest − random
policy_nearest,meanPairDistanceNorm,main,17,0.253854591699288,0.214121116690986,0.0397334750083025,nearest − random
policy_nearest,meanPairDistanceNorm,main,18,0.260441551667404,0.228777495157558,0.0316640565098462,nearest − random
policy_nearest,meanPairDistanceNorm,main,19,0.349686999815685,0.100938211223467,0.248748788592218,nearest − random
policy_nearest,meanPairDistanceNorm,main,20,0.134302889468097,0.178714707686836,-0.0444118182187388,nearest − random
policy_nearest,meanPairDistanceNorm,early,1,0.254446295482395,0.038242414283803,0.216203881198592,nearest − random
policy_nearest,meanPairDistanceNorm,early,2,0.122749545381821,0.119505025394192,0.00324451998762952,nearest − random
policy_nearest,meanPairDistanceNorm,early,3,0.285099728591833,0.0948006620789964,0.190299066512837,nearest − random
policy_nearest,meanPairDistanceNorm,early,4,0.167521192198926,0.136317544332197,0.0312036478667286,nearest − random
policy_nearest,meanPairDistanceNorm,early,5,0.135422415761943,0.0329977901494678,0.102424625612475,nearest − random
policy_nearest,meanPairDistanceNorm,early,6,0.149999430253411,0.224146203344349,-0.0741467730909376,nearest − random
policy_nearest,meanPairDistanceNorm,early,7,0.208623595047743,0.13742007053573,0.0712035245120135,nearest − random
policy_nearest,meanPairDistanceNorm,early,8,0.176301877513447,0.225278815113618,-0.0489769376001706,nearest − random
policy_nearest,meanPairDistanceNorm,early,9,0.15780998661265,0.192890832312763,-0.0350808457001132,nearest − random
policy_nearest,meanPairDistanceNorm,early,10,0.143178130589294,0.249828617602558,-0.106650487013264,nearest − random
policy_nearest,meanPairDistanceNorm,early,11,0.161339718850428,0.138509746127043,0.0228299727233853,nearest − random
policy_nearest,meanPairDistanceNorm,early,12,0.142002585435099,0.0728534808925737,0.0691491045425258,nearest − random
policy_nearest,meanPairDistanceNorm,early,13,0.289620167697258,0.129247488077497,0.160372679619761,nearest − random
policy_nearest,meanPairDistanceNorm,early,14,0.184542848289181,0.105968993164503,0.0785738551246784,nearest − random
policy_nearest,meanPairDistanceNorm,early,15,0.196000861926231,0.155987230727988,0.0400136311982432,nearest − random
policy_nearest,meanPairDistanceNorm,early,16,0.197694587817492,0.0753627017539934,0.122331886063498,nearest − random
policy_nearest,meanPairDistanceNorm,early,17,0.300898349620954,0.236101564173781,0.0647967854471736,nearest − random
policy_nearest,meanPairDistanceNorm,early,18,0.24114011846127,0.194570701286265,0.046569417175005,nearest − random
policy_nearest,meanPairDistanceNorm,early,19,0.358250409068801,0.131863581724893,0.226386827343908,nearest − random
policy_nearest,meanPairDistanceNorm,early,20,0.149597938759433,0.119059169477411,0.0305387692820216,nearest − random
policy_nearest,meanPairDistanceNorm,late,1,0.192253078207157,0.0338278160005927,0.158425262206564,nearest − random
policy_nearest,meanPairDistanceNorm,late,2,0.0868321720609416,0.199045717492467,-0.112213545431526,nearest − random
policy_nearest,meanPairDistanceNorm,late,3,0.306973546505645,0.201207867029551,0.105765679476094,nearest − random
policy_nearest,meanPairDistanceNorm,late,4,0.178752015243804,0.237923086977995,-0.0591710717341916,nearest − random
policy_nearest,meanPairDistanceNorm,late,5,0.227188570677877,0.0657118006768266,0.16147677000105,nearest − random
policy_nearest,meanPairDistanceNorm,late,6,0.174667724737411,0.235133032861603,-0.0604653081241918,nearest − random
policy_nearest,meanPairDistanceNorm,late,7,0.233073931932999,0.253731267077444,-0.0206573351444457,nearest − random
policy_nearest,meanPairDistanceNorm,late,8,0.115705027283997,0.224712072372659,-0.109007045088662,nearest − random
policy_nearest,meanPairDistanceNorm,late,9,0.141490621453819,0.235103747161405,-0.0936131257075858,nearest − random
policy_nearest,meanPairDistanceNorm,late,10,0.179819265102948,0.185468853066313,-0.00564958796336537,nearest − random
policy_nearest,meanPairDistanceNorm,late,11,0.245431817577424,0.143785654061446,0.101646163515978,nearest − random
policy_nearest,meanPairDistanceNorm,late,12,0.168810999148807,0.0794134593052381,0.0893975398435685,nearest − random
policy_nearest,meanPairDistanceNorm,late,13,0.282344216534527,0.241344036992764,0.0410001795417628,nearest − random
policy_nearest,meanPairDistanceNorm,late,14,0.234414740678438,0.0875650964420938,0.146849644236344,nearest − random
policy_nearest,meanPairDistanceNorm,late,15,0.224073014756749,0.128604153806978,0.0954688609497708,nearest − random
policy_nearest,meanPairDistanceNorm,late,16,0.129510108139449,0.0916725188245484,0.0378375893149006,nearest − random
policy_nearest,meanPairDistanceNorm,late,17,0.206810833777621,0.19214066920819,0.0146701645694313,nearest − random
policy_nearest,meanPairDistanceNorm,late,18,0.279742984873538,0.262984289028851,0.0167586958446875,nearest − random
policy_nearest,meanPairDistanceNorm,late,19,0.34112359056257,0.0700128407220421,0.271110749840528,nearest − random
policy_nearest,meanPairDistanceNorm,late,20,0.119007840176761,0.23837024589626,-0.119362405719499,nearest − random
