config,seed,metric,window,start_step,end_step,mean,time_sd,time_range
C01,1,meanGO,main,6001,8000,0.374410774060339,0.20963480769098,0.661011599304731
C01,1,meanGO,early,6001,7000,0.187717812492148,0.122669675652861,0.436346683648779
C01,1,meanGO,late,7001,8000,0.56110373562853,0.0557794272964976,0.223525855509711
C01,1,meanLO,main,6001,8000,0.652771863896862,0.0817873915358853,0.358721625652302
C01,1,meanLO,early,6001,7000,0.608580903908772,0.0693048679039475,0.28475064289288
C01,1,meanLO,late,7001,8000,0.696962823884953,0.0683541842594391,0.251929356470713
C01,1,meanPairDistanceNorm,main,6001,8000,0.240091832317403,0.0544801416108945,0.168729512568865
C01,1,meanPairDistanceNorm,early,6001,7000,0.269720561873935,0.0637445933010696,0.168729512568865
C01,1,meanPairDistanceNorm,late,7001,8000,0.21046310276087,0.0108760668752547,0.0477518042202654
C01,2,meanGO,main,6001,8000,0.963549270150193,0.0260510617213392,0.103893114510953
C01,2,meanGO,early,6001,7000,0.964801134252368,0.0293329478906089,0.103893114510953
C01,2,meanGO,late,7001,8000,0.962297406048018,0.0222359095584884,0.0800413873686409
C01,2,meanLO,main,6001,8000,0.982763762230114,0.00769555227025122,0.0351810348305882
C01,2,meanLO,early,6001,7000,0.984240245371425,0.00821586429577838,0.0351810348305882
C01,2,meanLO,late,7001,8000,0.981287279088804,0.00682916794820488,0.03401570279388
C01,2,meanPairDistanceNorm,main,6001,8000,0.102718788440563,0.00640082822436931,0.0272955636130992
C01,2,meanPairDistanceNorm,early,6001,7000,0.102246362557373,0.00450251881759974,0.0133180822619956
C01,2,meanPairDistanceNorm,late,7001,8000,0.103191214323754,0.00782705056691411,0.0272955636130992
C01,3,meanGO,main,6001,8000,0.764856400943535,0.0728113415390366,0.292980461104117
C01,3,meanGO,early,6001,7000,0.711625691879993,0.0427907501397681,0.171200625988561
C01,3,meanGO,late,7001,8000,0.818087110007076,0.0557185063500479,0.212413618645869
C01,3,meanLO,main,6001,8000,0.875501905794398,0.0662803022976063,0.285586169712346
C01,3,meanLO,early,6001,7000,0.833567835756739,0.0605992081328287,0.242730239990088
C01,3,meanLO,late,7001,8000,0.917435975832056,0.0399729593874104,0.166030176467514
C01,3,meanPairDistanceNorm,main,6001,8000,0.108567336305803,0.0204589666681433,0.0873320226265925
C01,3,meanPairDistanceNorm,early,6001,7000,0.104892484604181,0.0238746270171423,0.0868205841679886
C01,3,meanPairDistanceNorm,late,7001,8000,0.112242188007425,0.0155088265574857,0.0540704854543494
C01,4,meanGO,main,6001,8000,0.391413178904216,0.0970039333017099,0.406447599930361
C01,4,meanGO,early,6001,7000,0.325146286254027,0.0778983393374959,0.286502436031378
C01,4,meanGO,late,7001,8000,0.457680071554405,0.0630031788577678,0.233430668020733
C01,4,meanLO,main,6001,8000,0.53460733294496,0.0765977174357813,0.339137696502378
C01,4,meanLO,early,6001,7000,0.527264526139013,0.0881449999742547,0.339137696502378
C01,4,meanLO,late,7001,8000,0.541950139750906,0.062151517524015,0.302304038743386
C01,4,meanPairDistanceNorm,main,6001,8000,0.287277721109026,0.0382763830151056,0.11333794789262
C01,4,meanPairDistanceNorm,early,6001,7000,0.315282380287639,0.0332224151554652,0.101932433176698
C01,4,meanPairDistanceNorm,late,7001,8000,0.259273061930412,0.0160564226818046,0.0547950011221337
C01,5,meanGO,main,6001,8000,0.908105002870345,0.0589730860524641,0.212689058727485
C01,5,meanGO,early,6001,7000,0.878764583294479,0.046473107311298,0.182798480615731
C01,5,meanGO,late,7001,8000,0.937445422446211,0.0554611348104111,0.194146664720802
C01,5,meanLO,main,6001,8000,0.926654650980595,0.0565556726256942,0.216912578954123
C01,5,meanLO,early,6001,7000,0.896099609732634,0.0506773046689223,0.200611157213567
C01,5,meanLO,late,7001,8000,0.957209692228557,0.0443058750971454,0.216912578954123
C01,5,meanPairDistanceNorm,main,6001,8000,0.193242066807302,0.0121070307303904,0.0354025755165441
C01,5,meanPairDistanceNorm,early,6001,7000,0.182339792253767,0.00492425156736655,0.0193781602519852
C01,5,meanPairDistanceNorm,late,7001,8000,0.204144341360837,0.00557689175215195,0.0190317030481858
C01,6,meanGO,main,6001,8000,0.359346801478497,0.172322689684292,0.691781054294163
C01,6,meanGO,early,6001,7000,0.480531000153326,0.116498777201737,0.370437841705687
C01,6,meanGO,late,7001,8000,0.238162602803668,0.128247252864198,0.403846622297686
C01,6,meanLO,main,6001,8000,0.592264081152377,0.120161089275553,0.578174063999351
C01,6,meanLO,early,6001,7000,0.625423493941222,0.0968740188189638,0.410773540176891
C01,6,meanLO,late,7001,8000,0.559104668363532,0.131552110445043,0.445413481881306
C01,6,meanPairDistanceNorm,main,6001,8000,0.238153299011534,0.0646809554967681,0.184320013475614
C01,6,meanPairDistanceNorm,early,6001,7000,0.19430393291087,0.0410753244050628,0.137823991983962
C01,6,meanPairDistanceNorm,late,7001,8000,0.282002665112199,0.0532435380936335,0.160084640234271
C01,7,meanGO,main,6001,8000,0.655992978102991,0.0808733176924049,0.362541206698336
C01,7,meanGO,early,6001,7000,0.625402280015868,0.0975990433526534,0.362541206698336
C01,7,meanGO,late,7001,8000,0.686583676190114,0.0410914313740262,0.202660404680286
C01,7,meanLO,main,6001,8000,0.782574034743641,0.0852613477444434,0.403474207894053
C01,7,meanLO,early,6001,7000,0.755604840462065,0.0629023959255649,0.330999317293617
C01,7,meanLO,late,7001,8000,0.809543229025217,0.0955689760749195,0.403474207894053
C01,7,meanPairDistanceNorm,main,6001,8000,0.194883030048273,0.0262943903114967,0.0759049175384401
C01,7,meanPairDistanceNorm,early,6001,7000,0.181426531893356,0.0200079311411649,0.0658925158391046
C01,7,meanPairDistanceNorm,late,7001,8000,0.20833952820319,0.0249127979122585,0.0689678030640021
C01,8,meanGO,main,6001,8000,0.200254657538758,0.074366957378409,0.350242816256169
C01,8,meanGO,early,6001,7000,0.242838548343457,0.0784865105339907,0.289917391174721
C01,8,meanGO,late,7001,8000,0.157670766734058,0.0357195524316982,0.189269014343156
C01,8,meanLO,main,6001,8000,0.529460272814732,0.136115862357342,0.505939907294275
C01,8,meanLO,early,6001,7000,0.522743077993881,0.126593491242585,0.505663018590032
C01,8,meanLO,late,7001,8000,0.536177467635583,0.144766564770225,0.505939907294275
C01,8,meanPairDistanceNorm,main,6001,8000,0.260564470060171,0.0580944515177908,0.177780818864165
C01,8,meanPairDistanceNorm,early,6001,7000,0.215473160365459,0.0410924534595419,0.137750088757826
C01,8,meanPairDistanceNorm,late,7001,8000,0.305655779754882,0.031530877940686,0.0990237505559098
C01,9,meanGO,main,6001,8000,0.773120206419306,0.0570824714057399,0.26282649370351
C01,9,meanGO,early,6001,7000,0.73922850365457,0.0391234240464932,0.167039137513463
C01,9,meanGO,late,7001,8000,0.807011909184043,0.0518636849582709,0.183832034329864
C01,9,meanLO,main,6001,8000,0.84059787876046,0.0533897902854308,0.25026482093418
C01,9,meanLO,early,6001,7000,0.824679192728675,0.0380232225424798,0.173331219849393
C01,9,meanLO,late,7001,8000,0.856516564792246,0.0612430472589,0.222620006850858
C01,9,meanPairDistanceNorm,main,6001,8000,0.254515586689055,0.0113751206349488,0.0363721326699748
C01,9,meanPairDistanceNorm,early,6001,7000,0.26310019629782,0.00993676791802816,0.0363721326699748
C01,9,meanPairDistanceNorm,late,7001,8000,0.245930977080291,0.00355504181441415,0.0138948656531687
C01,10,meanGO,main,6001,8000,0.571765970918117,0.135768896416562,0.493311191978001
C01,10,meanGO,early,6001,7000,0.457556077285758,0.0883964978629279,0.39547958423126
C01,10,meanGO,late,7001,8000,0.685975864550475,0.0543781551566528,0.182760149324275
C01,10,meanLO,main,6001,8000,0.692394344595949,0.108130181650654,0.42461194551444
C01,10,meanLO,early,6001,7000,0.618528891163437,0.0851394200327087,0.398981580898714
C01,10,meanLO,late,7001,8000,0.76625979802846,0.0722780866444915,0.265872057250505
C01,10,meanPairDistanceNorm,main,6001,8000,0.267082220915451,0.0304407703790487,0.104254696897543
C01,10,meanPairDistanceNorm,early,6001,7000,0.260762110839962,0.0375527191914173,0.104254696897543
C01,10,meanPairDistanceNorm,late,7001,8000,0.273402330990941,0.0190796829548329,0.0631907468639594
C01,11,meanGO,main,6001,8000,0.408164974247807,0.165037361299643,0.576774582788401
C01,11,meanGO,early,6001,7000,0.55392746827262,0.0795249710893638,0.326580040665318
C01,11,meanGO,late,7001,8000,0.262402480222995,0.0751116471927791,0.30108989750015
C01,11,meanLO,main,6001,8000,0.592446376843004,0.116187886505978,0.484037680997492
C01,11,meanLO,early,6001,7000,0.667867794437845,0.0651092755199769,0.290752252890518
C01,11,meanLO,late,7001,8000,0.517024959248162,0.106702280613681,0.402258699625903
C01,11,meanPairDistanceNorm,main,6001,8000,0.276400860879301,0.00980131912780584,0.0374740463331995
C01,11,meanPairDistanceNorm,early,6001,7000,0.278317901419506,0.0120898220990519,0.0357463690898153
C01,11,meanPairDistanceNorm,late,7001,8000,0.274483820339095,0.0062214653105385,0.02257535551366
C01,12,meanGO,main,6001,8000,0.337262603109543,0.12707284263675,0.589249409625543
C01,12,meanGO,early,6001,7000,0.234118863561282,0.0698560935280926,0.332455967931388
C01,12,meanGO,late,7001,8000,0.440406342657804,0.0783118379492774,0.303805676219982
C01,12,meanLO,main,6001,8000,0.640044406448931,0.0863110225647054,0.377669299610893
C01,12,meanLO,early,6001,7000,0.618213023464772,0.0790700435264402,0.362633171130815
C01,12,meanLO,late,7001,8000,0.661875789433089,0.087751910292495,0.345778785127793
C01,12,meanPairDistanceNorm,main,6001,8000,0.283818921448721,0.0376155408554744,0.169880213911966
C01,12,meanPairDistanceNorm,early,6001,7000,0.288692630487977,0.0514334150251578,0.169880213911966
C01,12,meanPairDistanceNorm,late,7001,8000,0.278945212409466,0.0117611376395671,0.0364906882668058
C01,13,meanGO,main,6001,8000,0.526950037864703,0.150683786404935,0.528292422277561
C01,13,meanGO,early,6001,7000,0.404014491502835,0.0674383789371671,0.256255824756086
C01,13,meanGO,late,7001,8000,0.649885584226572,0.103099207933648,0.32601584789426
C01,13,meanLO,main,6001,8000,0.644798457614636,0.136502987836171,0.517959828280978
C01,13,meanLO,early,6001,7000,0.558303690450718,0.0733304228868544,0.309285890338441
C01,13,meanLO,late,7001,8000,0.731293224778555,0.13011443045413,0.435521064649618
C01,13,meanPairDistanceNorm,main,6001,8000,0.287106952479177,0.0400758112726392,0.152442719855721
C01,13,meanPairDistanceNorm,early,6001,7000,0.286076530597666,0.0521644787267354,0.152442719855721
C01,13,meanPairDistanceNorm,late,7001,8000,0.288137374360688,0.022147019475403,0.07165997030192
C01,14,meanGO,main,6001,8000,0.444376406537084,0.0975395018306313,0.414533070208175
C01,14,meanGO,early,6001,7000,0.390464848183588,0.0633420213829957,0.202487550052845
C01,14,meanGO,late,7001,8000,0.498287964890579,0.0959504541967515,0.357437813051201
C01,14,meanLO,main,6001,8000,0.707424376560633,0.111139623896266,0.425352415118913
C01,14,meanLO,early,6001,7000,0.788508893570689,0.0659561055067064,0.234782024300382
C01,14,meanLO,late,7001,8000,0.626339859550577,0.0848741902377228,0.315641597421092
C01,14,meanPairDistanceNorm,main,6001,8000,0.180946306420089,0.0575379680687603,0.194449630146012
C01,14,meanPairDistanceNorm,early,6001,7000,0.201287081163018,0.0405799062372154,0.126880132042215
C01,14,meanPairDistanceNorm,late,7001,8000,0.16060553167716,0.0644165981995429,0.194449630146012
C01,15,meanGO,main,6001,8000,0.478958570098202,0.0802409954795596,0.330594788811495
C01,15,meanGO,early,6001,7000,0.518181491533565,0.0318172407442519,0.156255589186531
C01,15,meanGO,late,7001,8000,0.439735648662839,0.0937624011958173,0.330594788811495
C01,15,meanLO,main,6001,8000,0.652289350422513,0.112691850172886,0.478607201087259
C01,15,meanLO,early,6001,7000,0.707239426204394,0.0575111370086111,0.223845505163552
C01,15,meanLO,late,7001,8000,0.597339274640631,0.126724191662134,0.475501134182352
C01,15,meanPairDistanceNorm,main,6001,8000,0.241615563854759,0.0359120216023949,0.106122867006663
C01,15,meanPairDistanceNorm,early,6001,7000,0.266422251634092,0.0280600236630983,0.0894840366392071
C01,15,meanPairDistanceNorm,late,7001,8000,0.216808876075426,0.0236917102542793,0.0799945791963587
C01,16,meanGO,main,6001,8000,0.482569337436738,0.113049918048099,0.474059814923598
C01,16,meanGO,early,6001,7000,0.411265287564528,0.110296546182164,0.413329748149058
C01,16,meanGO,late,7001,8000,0.553873387308947,0.0568270987168109,0.240055253312962
C01,16,meanLO,main,6001,8000,0.611894845829786,0.129669274472924,0.572378523243808
C01,16,meanLO,early,6001,7000,0.526396958054345,0.120704852627933,0.502412710738344
C01,16,meanLO,late,7001,8000,0.697392733605226,0.0666408204351395,0.262427969539377
C01,16,meanPairDistanceNorm,main,6001,8000,0.256950948172022,0.0358326561737436,0.0904812093974193
C01,16,meanPairDistanceNorm,early,6001,7000,0.224692658823843,0.00752456020539616,0.0273515248353465
C01,16,meanPairDistanceNorm,late,7001,8000,0.2892092375202,0.0207206904826341,0.0750423915642316
C01,17,meanGO,main,6001,8000,0.86073602145879,0.0769439899865476,0.255577240921733
C01,17,meanGO,early,6001,7000,0.861451192486532,0.0828032054690012,0.2453611670339
C01,17,meanGO,late,7001,8000,0.860020850431046,0.0706348829891874,0.253097788146817
C01,17,meanLO,main,6001,8000,0.887713558523846,0.0646713183372413,0.259202011498457
C01,17,meanLO,early,6001,7000,0.882815353390246,0.069068907727091,0.253594705940005
C01,17,meanLO,late,7001,8000,0.892611763657444,0.0595852206709022,0.258738555338345
C01,17,meanPairDistanceNorm,main,6001,8000,0.274894376036175,0.00800206367186273,0.0281625916353644
C01,17,meanPairDistanceNorm,early,6001,7000,0.27084511601074,0.00805736689239864,0.0265582400313097
C01,17,meanPairDistanceNorm,late,7001,8000,0.278943636061609,0.00551209057908036,0.0162638546071475
C01,18,meanGO,main,6001,8000,0.902298037025284,0.0760563150282509,0.228914995020202
C01,18,meanGO,early,6001,7000,0.955798936220793,0.0209641927297257,0.0984835422740616
C01,18,meanGO,late,7001,8000,0.848797137829774,0.0735186795015029,0.208775252820079
C01,18,meanLO,main,6001,8000,0.960500203449409,0.0205580268573314,0.0781286205327041
C01,18,meanLO,early,6001,7000,0.970633644595533,0.0155986388010492,0.0781286205327041
C01,18,meanLO,late,7001,8000,0.950366762303285,0.0199196290590469,0.0663947434519466
C01,18,meanPairDistanceNorm,main,6001,8000,0.0991751042198406,0.0254477604945876,0.0774981407488188
C01,18,meanPairDistanceNorm,early,6001,7000,0.117994457230666,0.00162177759530428,0.0074005947731251
C01,18,meanPairDistanceNorm,late,7001,8000,0.0803557512090152,0.0241691944824262,0.0701210695736974
C01,19,meanGO,main,6001,8000,0.365000481465349,0.0993892282618258,0.359638950558885
C01,19,meanGO,early,6001,7000,0.29659721269172,0.0761265626986986,0.285731523200103
C01,19,meanGO,late,7001,8000,0.433403750238978,0.067850498950787,0.276596233505881
C01,19,meanLO,main,6001,8000,0.605498218056168,0.0867614918659837,0.398658201473396
C01,19,meanLO,early,6001,7000,0.582586921242209,0.0727526414510695,0.324393616664071
C01,19,meanLO,late,7001,8000,0.628409514870127,0.0933744892662487,0.299874382523952
C01,19,meanPairDistanceNorm,main,6001,8000,0.28165571802339,0.0544539127595413,0.148222821241681
C01,19,meanPairDistanceNorm,early,6001,7000,0.285018350397198,0.052125774156335,0.145311958531882
C01,19,meanPairDistanceNorm,late,7001,8000,0.278293085649581,0.0565127584255882,0.14643092581767
C01,20,meanGO,main,6001,8000,0.399439712204263,0.0990713362181969,0.40419337520263
C01,20,meanGO,early,6001,7000,0.337229340765515,0.0748112432479317,0.264418033583895
C01,20,meanGO,late,7001,8000,0.46165008364301,0.0793432638646776,0.271450029250153
C01,20,meanLO,main,6001,8000,0.552435338369389,0.0953059741807543,0.360949433357031
C01,20,meanLO,early,6001,7000,0.495817342198231,0.0922536483918886,0.325246614562707
C01,20,meanLO,late,7001,8000,0.609053334540547,0.0569842216322957,0.320099144599694
C01,20,meanPairDistanceNorm,main,6001,8000,0.28920549424949,0.0497310771852092,0.152001763302111
C01,20,meanPairDistanceNorm,early,6001,7000,0.327522968949971,0.028182271582373,0.0845830036441379
C01,20,meanPairDistanceNorm,late,7001,8000,0.25088801954901,0.0348596926001593,0.125284155986246
C02,1,meanGO,main,6001,8000,0.352839465188995,0.218221484195646,0.774194397670277
C02,1,meanGO,early,6001,7000,0.31418120089524,0.122664217397973,0.411422478299363
C02,1,meanGO,late,7001,8000,0.39149772948275,0.277939697906884,0.774194397670277
C02,1,meanLO,main,6001,8000,0.606740769415977,0.150553978173222,0.544858268229439
C02,1,meanLO,early,6001,7000,0.598175558956919,0.122411544001711,0.418513851153786
C02,1,meanLO,late,7001,8000,0.615305979875036,0.173851175547557,0.525357875868545
C02,1,meanPairDistanceNorm,main,6001,8000,0.220970556769298,0.050097858100152,0.146939027204873
C02,1,meanPairDistanceNorm,early,6001,7000,0.260245954249881,0.0378505299794371,0.135769583400836
C02,1,meanPairDistanceNorm,late,7001,8000,0.181695159288716,0.0223883577781774,0.0842684310662408
C02,2,meanGO,main,6001,8000,0.39311411620243,0.111404994417332,0.394734125332333
C02,2,meanGO,early,6001,7000,0.400453919897601,0.0862689433115583,0.284940182695324
C02,2,meanGO,late,7001,8000,0.385774312507259,0.131470092373052,0.394734125332333
C02,2,meanLO,main,6001,8000,0.565992470901182,0.127208356980621,0.521809581699361
C02,2,meanLO,early,6001,7000,0.545833952359241,0.112158660509803,0.423899545880992
C02,2,meanLO,late,7001,8000,0.586150989443122,0.137793395790287,0.520981857084762
C02,2,meanPairDistanceNorm,main,6001,8000,0.126138642295665,0.052952360090656,0.164553303589623
C02,2,meanPairDistanceNorm,early,6001,7000,0.0861832126672965,0.0247786837342256,0.0896526602861271
C02,2,meanPairDistanceNorm,late,7001,8000,0.166094071924033,0.0424341806517016,0.12163786109881
C02,3,meanGO,main,6001,8000,0.229836631093255,0.0824342603912308,0.342732949464649
C02,3,meanGO,early,6001,7000,0.20656046553736,0.0552907259268114,0.214035361509661
C02,3,meanGO,late,7001,8000,0.25311279664915,0.0972414931914312,0.339594879060768
C02,3,meanLO,main,6001,8000,0.406278403578408,0.10697776970726,0.496363601053063
C02,3,meanLO,early,6001,7000,0.378989818391047,0.0528413417423588,0.201461331606802
C02,3,meanLO,late,7001,8000,0.433566988765769,0.13644379845641,0.496363601053063
C02,3,meanPairDistanceNorm,main,6001,8000,0.273727622291103,0.0581328180281261,0.218518032665579
C02,3,meanPairDistanceNorm,early,6001,7000,0.322199783473441,0.0246806065242746,0.0896306708204641
C02,3,meanPairDistanceNorm,late,7001,8000,0.225255461108766,0.0380696061014367,0.128791976527138
C02,4,meanGO,main,6001,8000,0.915562813050642,0.0636943796120228,0.219968318970466
C02,4,meanGO,early,6001,7000,0.948110890252191,0.0252084949298866,0.109720708571363
C02,4,meanGO,late,7001,8000,0.883014735849094,0.0732233929297834,0.209156315817331
C02,4,meanLO,main,6001,8000,0.9592278109454,0.0181902955374551,0.083084553291338
C02,4,meanLO,early,6001,7000,0.962819320945927,0.0161231567841987,0.0703197299735288
C02,4,meanLO,late,7001,8000,0.955636300944872,0.0193990985610729,0.081601627897871
C02,4,meanPairDistanceNorm,main,6001,8000,0.0538355826979784,0.0282118378811735,0.0674556165831136
C02,4,meanPairDistanceNorm,early,6001,7000,0.0789900255586273,0.0020706044171378,0.0109367905615526
C02,4,meanPairDistanceNorm,late,7001,8000,0.0286811398373294,0.0179322654761405,0.056429834709146
C02,5,meanGO,main,6001,8000,0.629346171731165,0.171987194812205,0.673132834494124
C02,5,meanGO,early,6001,7000,0.50201546821885,0.157497296366563,0.592423777187459
C02,5,meanGO,late,7001,8000,0.756676875243479,0.0438717039978969,0.173718485219094
C02,5,meanLO,main,6001,8000,0.758205496731563,0.134867972507997,0.538770749220822
C02,5,meanLO,early,6001,7000,0.653941648918678,0.113482060194083,0.445356444781481
C02,5,meanLO,late,7001,8000,0.862469344544449,0.0418939855283105,0.205343494410784
C02,5,meanPairDistanceNorm,main,6001,8000,0.139873225312026,0.0284949607392598,0.106509673833429
C02,5,meanPairDistanceNorm,early,6001,7000,0.124655489428216,0.026228690931895,0.0763618553881722
C02,5,meanPairDistanceNorm,late,7001,8000,0.155090961195836,0.0217525062733901,0.084537354748488
C02,6,meanGO,main,6001,8000,0.624474166556564,0.0781722837445962,0.318498563289865
C02,6,meanGO,early,6001,7000,0.607841683787047,0.0570605491402606,0.234035697686832
C02,6,meanGO,late,7001,8000,0.641106649326081,0.091750693989291,0.317097735255813
C02,6,meanLO,main,6001,8000,0.75063322364453,0.065698081251356,0.325862097396995
C02,6,meanLO,early,6001,7000,0.740585091445942,0.0685961159146029,0.302290036980923
C02,6,meanLO,late,7001,8000,0.760681355843118,0.0610674802712085,0.234193510804949
C02,6,meanPairDistanceNorm,main,6001,8000,0.150344838368568,0.0341401289765199,0.104568242146242
C02,6,meanPairDistanceNorm,early,6001,7000,0.132580664785961,0.032522601023168,0.100082166714876
C02,6,meanPairDistanceNorm,late,7001,8000,0.168109011951175,0.0253531154148894,0.0862970093850567
C02,7,meanGO,main,6001,8000,0.179709052889195,0.150508335281927,0.588862152684574
C02,7,meanGO,early,6001,7000,0.0983518319203798,0.0351071017192953,0.137539565425112
C02,7,meanGO,late,7001,8000,0.261066273858011,0.175625848804719,0.588862152684574
C02,7,meanLO,main,6001,8000,0.524260218137421,0.106190607039854,0.4595017040236
C02,7,meanLO,early,6001,7000,0.447636837940487,0.0540579599395962,0.218288257043972
C02,7,meanLO,late,7001,8000,0.600883598334355,0.0888137147206351,0.34904112921014
C02,7,meanPairDistanceNorm,main,6001,8000,0.246210528993772,0.0799862376355531,0.217374941519158
C02,7,meanPairDistanceNorm,early,6001,7000,0.313148909365232,0.0142781413851876,0.0484886547242693
C02,7,meanPairDistanceNorm,late,7001,8000,0.179272148622312,0.0602301527947123,0.168795158950523
C02,8,meanGO,main,6001,8000,0.4272264503705,0.167069772663094,0.77951782790778
C02,8,meanGO,early,6001,7000,0.331355402893686,0.152052503140829,0.5273528053736
C02,8,meanGO,late,7001,8000,0.523097497847313,0.119714986564687,0.477036455382652
C02,8,meanLO,main,6001,8000,0.546282248349742,0.156150413093875,0.634082716071504
C02,8,meanLO,early,6001,7000,0.471859434465905,0.142787088289842,0.504573614575987
C02,8,meanLO,late,7001,8000,0.62070506223358,0.131580996893642,0.494496122071635
C02,8,meanPairDistanceNorm,main,6001,8000,0.162219401788718,0.0282706308318389,0.0897090911322241
C02,8,meanPairDistanceNorm,early,6001,7000,0.179538780691084,0.00970651325893386,0.0417368081133128
C02,8,meanPairDistanceNorm,late,7001,8000,0.144900022886352,0.0300752135618306,0.0897090911322241
C02,9,meanGO,main,6001,8000,0.93234053139718,0.0505580215100595,0.208817848373557
C02,9,meanGO,early,6001,7000,0.899463516964112,0.0482148642482104,0.195437337297054
C02,9,meanGO,late,7001,8000,0.965217545830247,0.0250230393753575,0.0892454021921069
C02,9,meanLO,main,6001,8000,0.94646799856445,0.0509529553436712,0.235118692471479
C02,9,meanLO,early,6001,7000,0.910495001807827,0.0497421944950301,0.226753943313348
C02,9,meanLO,late,7001,8000,0.982440995321072,0.0114024782739855,0.0615321839345148
C02,9,meanPairDistanceNorm,main,6001,8000,0.0473573417250644,0.00377722370242795,0.0162328317088404
C02,9,meanPairDistanceNorm,early,6001,7000,0.0477156661031374,0.00438812518837903,0.0151353371380179
C02,9,meanPairDistanceNorm,late,7001,8000,0.0469990173469913,0.00300606504561475,0.0104600449170802
C02,10,meanGO,main,6001,8000,0.25096982151351,0.0337147769180052,0.173664318373963
C02,10,meanGO,early,6001,7000,0.236622228129868,0.0324538745204572,0.117562914378516
C02,10,meanGO,late,7001,8000,0.265317414897152,0.028445337528026,0.105353661714378
C02,10,meanLO,main,6001,8000,0.400124264441176,0.0674906333143838,0.273349705730918
C02,10,meanLO,early,6001,7000,0.445397794884512,0.0516703212765997,0.176019222602776
C02,10,meanLO,late,7001,8000,0.35485073399784,0.048386155131844,0.264011276609793
C02,10,meanPairDistanceNorm,main,6001,8000,0.355207137173611,0.0283312074107221,0.0931262249435865
C02,10,meanPairDistanceNorm,early,6001,7000,0.373417758446299,0.0266060039975882,0.0931262249435865
C02,10,meanPairDistanceNorm,late,7001,8000,0.336996515900924,0.015307555882863,0.066511239400697
C02,11,meanGO,main,6001,8000,0.707865684351475,0.135393618982238,0.532991322596504
C02,11,meanGO,early,6001,7000,0.59050889970457,0.0871401249540564,0.368510987300434
C02,11,meanGO,late,7001,8000,0.825222468998379,0.0389231283316398,0.191988494115998
C02,11,meanLO,main,6001,8000,0.779470406798556,0.106436733936049,0.572768556765511
C02,11,meanLO,early,6001,7000,0.713440369670449,0.110318192254344,0.449067462169502
C02,11,meanLO,late,7001,8000,0.845500443926663,0.0420729482159817,0.220099891445259
C02,11,meanPairDistanceNorm,main,6001,8000,0.0799203843158641,0.0463690253761341,0.126507651817942
C02,11,meanPairDistanceNorm,early,6001,7000,0.1139424651256,0.0443795196486762,0.125792110470378
C02,11,meanPairDistanceNorm,late,7001,8000,0.0458983035061286,0.00393220251717942,0.016067429219228
C02,12,meanGO,main,6001,8000,0.256273528375545,0.0967061123714924,0.367912650707147
C02,12,meanGO,early,6001,7000,0.194768341425739,0.0861986054331426,0.310239617882356
C02,12,meanGO,late,7001,8000,0.31777871532535,0.0609094147250369,0.250571110779622
C02,12,meanLO,main,6001,8000,0.455648227267084,0.0689534212059383,0.350784563584
C02,12,meanLO,early,6001,7000,0.422399637426175,0.0481126506712819,0.217968844155738
C02,12,meanLO,late,7001,8000,0.488896817107993,0.0706111192915,0.350784563584
C02,12,meanPairDistanceNorm,main,6001,8000,0.224220330744672,0.033532243990618,0.134570576571298
C02,12,meanPairDistanceNorm,early,6001,7000,0.23664730119181,0.0410513416677928,0.134570576571298
C02,12,meanPairDistanceNorm,late,7001,8000,0.211793360297533,0.0159864724359486,0.0483687814107117
C02,13,meanGO,main,6001,8000,0.61738539567125,0.187155120428714,0.808539674525132
C02,13,meanGO,early,6001,7000,0.49017137894219,0.18394797928092,0.691550695276345
C02,13,meanGO,late,7001,8000,0.744599412400309,0.0620731013325719,0.237339580927669
C02,13,meanLO,main,6001,8000,0.728671626258176,0.0957214927296242,0.406465485455841
C02,13,meanLO,early,6001,7000,0.659803972020813,0.0568997104275693,0.287035285319738
C02,13,meanLO,late,7001,8000,0.797539280495539,0.0748451766452806,0.31108772935685
C02,13,meanPairDistanceNorm,main,6001,8000,0.134699052421593,0.021610588378315,0.0865829930767854
C02,13,meanPairDistanceNorm,early,6001,7000,0.122753342042902,0.0168805092863627,0.0632165295399251
C02,13,meanPairDistanceNorm,late,7001,8000,0.146644762800283,0.0190752528890271,0.0579902191275362
C02,14,meanGO,main,6001,8000,0.626189499978683,0.0888523854015685,0.463448667069626
C02,14,meanGO,early,6001,7000,0.582768425153569,0.0859926988677163,0.383184290957917
C02,14,meanGO,late,7001,8000,0.669610574803796,0.0680301193708815,0.254745658673558
C02,14,meanLO,main,6001,8000,0.755757278881503,0.0884014867072953,0.49110187438309
C02,14,meanLO,early,6001,7000,0.72407977774799,0.106619980666645,0.49110187438309
C02,14,meanLO,late,7001,8000,0.787434780015015,0.0475469344862674,0.217779135500938
C02,14,meanPairDistanceNorm,main,6001,8000,0.105932668216932,0.0330334985772308,0.0894011751922418
C02,14,meanPairDistanceNorm,early,6001,7000,0.136094352078198,0.009129752845472,0.034099737575757
C02,14,meanPairDistanceNorm,late,7001,8000,0.075770984355666,0.0166999506436633,0.0551961373698124
C02,15,meanGO,main,6001,8000,0.372435617801645,0.14429858216548,0.527189574164831
C02,15,meanGO,early,6001,7000,0.436972063523047,0.103995119140018,0.383952210669488
C02,15,meanGO,late,7001,8000,0.307899172080242,0.150039247705819,0.527189574164831
C02,15,meanLO,main,6001,8000,0.652452397391595,0.0846437750505077,0.365715158491512
C02,15,meanLO,early,6001,7000,0.693840539704185,0.0688487624088367,0.326627081761089
C02,15,meanLO,late,7001,8000,0.611064255079007,0.0785287904564956,0.334939328143421
C02,15,meanPairDistanceNorm,main,6001,8000,0.155168855699354,0.0653250146361404,0.2032753008796
C02,15,meanPairDistanceNorm,early,6001,7000,0.205231376092355,0.0509127097669188,0.16566373429573
C02,15,meanPairDistanceNorm,late,7001,8000,0.105106335306354,0.0304852958351237,0.115694596023681
C02,16,meanGO,main,6001,8000,0.504085867867971,0.190282890936391,0.690510651990896
C02,16,meanGO,early,6001,7000,0.626511803761075,0.065254989671944,0.295389948850956
C02,16,meanGO,late,7001,8000,0.381659931974866,0.19541484469495,0.673198167625043
C02,16,meanLO,main,6001,8000,0.685497459686878,0.0785685506800501,0.356349213932872
C02,16,meanLO,early,6001,7000,0.718247258892797,0.0697935407241231,0.249627881380977
C02,16,meanLO,late,7001,8000,0.652747660480959,0.0730330694923312,0.348730319950574
C02,16,meanPairDistanceNorm,main,6001,8000,0.202744705464322,0.0485892848956847,0.142796805724274
C02,16,meanPairDistanceNorm,early,6001,7000,0.238906260233511,0.0102889363709658,0.0413675249038375
C02,16,meanPairDistanceNorm,late,7001,8000,0.166583150695133,0.0447258791184699,0.132066938117069
C02,17,meanGO,main,6001,8000,0.617091678054183,0.0941930795885822,0.360584353751089
C02,17,meanGO,early,6001,7000,0.638403834246928,0.0775806765600048,0.308981677626066
C02,17,meanGO,late,7001,8000,0.595779521861439,0.10404550445943,0.332759949295182
C02,17,meanLO,main,6001,8000,0.724852479887967,0.105426581900616,0.417496066315091
C02,17,meanLO,early,6001,7000,0.727258473929021,0.0723999595104642,0.316038738373251
C02,17,meanLO,late,7001,8000,0.722446485846913,0.130335378510916,0.417496066315091
C02,17,meanPairDistanceNorm,main,6001,8000,0.147982370735522,0.0318798481662914,0.112804604661832
C02,17,meanPairDistanceNorm,early,6001,7000,0.143529379375042,0.0356781868899123,0.107178117964775
C02,17,meanPairDistanceNorm,late,7001,8000,0.152435362096002,0.0268521097578228,0.0782596961763107
C02,18,meanGO,main,6001,8000,0.339882498004765,0.0526580231458866,0.184245291141344
C02,18,meanGO,early,6001,7000,0.320850248993798,0.0352327575592395,0.119051459746458
C02,18,meanGO,late,7001,8000,0.358914747015733,0.0598496872010874,0.174082491480668
C02,18,meanLO,main,6001,8000,0.516992821688096,0.0538898079051593,0.270703677794192
C02,18,meanLO,early,6001,7000,0.498916952254677,0.0366292054346081,0.160833187536622
C02,18,meanLO,late,7001,8000,0.535068691121516,0.0617681380645866,0.270703677794192
C02,18,meanPairDistanceNorm,main,6001,8000,0.338013852903517,0.0306338184630515,0.0786689459644152
C02,18,meanPairDistanceNorm,early,6001,7000,0.363879352003632,0.00277218379503691,0.00986391582115398
C02,18,meanPairDistanceNorm,late,7001,8000,0.312148353803402,0.023037546735575,0.0718126891546415
C02,19,meanGO,main,6001,8000,0.485487153337225,0.0910855459434176,0.322341412518583
C02,19,meanGO,early,6001,7000,0.449081159519281,0.0799019347770762,0.284994492938057
C02,19,meanGO,late,7001,8000,0.521893147155169,0.0869694937440697,0.316263611027077
C02,19,meanLO,main,6001,8000,0.627397825541744,0.0939187579905111,0.393651335831387
C02,19,meanLO,early,6001,7000,0.595756707563815,0.0992214960897317,0.368229823074373
C02,19,meanLO,late,7001,8000,0.659038943519674,0.0761647258416625,0.393651335831387
C02,19,meanPairDistanceNorm,main,6001,8000,0.11797148782787,0.0427060274854779,0.121829542156556
C02,19,meanPairDistanceNorm,early,6001,7000,0.151753829148635,0.0142763460914755,0.0414150896292416
C02,19,meanPairDistanceNorm,late,7001,8000,0.0841891465071054,0.0340711489635697,0.115563477210716
C02,20,meanGO,main,6001,8000,0.369296906447716,0.130766035960982,0.451833149651125
C02,20,meanGO,early,6001,7000,0.480591274911101,0.0796874170808249,0.344354996121415
C02,20,meanGO,late,7001,8000,0.258002537984331,0.0553974203372074,0.2370655195117
C02,20,meanLO,main,6001,8000,0.58728948805985,0.135079714568466,0.463537008748303
C02,20,meanLO,early,6001,7000,0.673820561430563,0.0663763097027147,0.265346361956255
C02,20,meanLO,late,7001,8000,0.500758414689137,0.130825323692286,0.433003123992367
C02,20,meanPairDistanceNorm,main,6001,8000,0.221387622052387,0.0461530970935112,0.180009407866879
C02,20,meanPairDistanceNorm,early,6001,7000,0.257927911343482,0.0172182198706408,0.0572109451200037
C02,20,meanPairDistanceNorm,late,7001,8000,0.184847332761291,0.0359558527398387,0.122701375876298
C03,1,meanGO,main,6001,8000,0.265711576339156,0.107329899320908,0.464102236781954
C03,1,meanGO,early,6001,7000,0.322494843654174,0.0931512481790783,0.464102236781954
C03,1,meanGO,late,7001,8000,0.208928309024139,0.0889868346988106,0.326786838346414
C03,1,meanLO,main,6001,8000,0.547774646499325,0.093930103320061,0.441895130242441
C03,1,meanLO,early,6001,7000,0.488223716791362,0.0573628891340436,0.277571306666189
C03,1,meanLO,late,7001,8000,0.607325576207288,0.0852310570231649,0.314185125278655
C03,1,meanPairDistanceNorm,main,6001,8000,0.223349686844776,0.0650067849573816,0.204385458250796
C03,1,meanPairDistanceNorm,early,6001,7000,0.254446295482395,0.02040391487563,0.0635666433649542
C03,1,meanPairDistanceNorm,late,7001,8000,0.192253078207157,0.0781264390545681,0.204385458250796
C03,2,meanGO,main,6001,8000,0.871408709240112,0.156985017408471,0.531095409246887
C03,2,meanGO,early,6001,7000,0.767930188635262,0.165302066758622,0.509062597270427
C03,2,meanGO,late,7001,8000,0.974887229844962,0.0234827931222815,0.087399024039675
C03,2,meanLO,main,6001,8000,0.969353003669294,0.0315301520464088,0.149050883269935
C03,2,meanLO,early,6001,7000,0.951320871439791,0.0341133191057395,0.143054357515245
C03,2,meanLO,late,7001,8000,0.987385135898798,0.0132140466673301,0.0676140403347132
C03,2,meanPairDistanceNorm,main,6001,8000,0.104790858721381,0.0204895304077212,0.0756650427521402
C03,2,meanPairDistanceNorm,early,6001,7000,0.122749545381821,0.0116646004402866,0.0489397979276094
C03,2,meanPairDistanceNorm,late,7001,8000,0.0868321720609416,0.00763704934253911,0.0268692467304129
C03,3,meanGO,main,6001,8000,0.547961297248692,0.284774650339461,0.849747247750219
C03,3,meanGO,early,6001,7000,0.816729508400253,0.0612163359546907,0.374473310078252
C03,3,meanGO,late,7001,8000,0.279193086097132,0.117939056178482,0.494513753353227
C03,3,meanLO,main,6001,8000,0.905648916988192,0.0694145108979649,0.343683055568383
C03,3,meanLO,early,6001,7000,0.945843636484733,0.0226731207950889,0.098413344098344
C03,3,meanLO,late,7001,8000,0.865454197491651,0.0767661124527736,0.336999044465807
C03,3,meanPairDistanceNorm,main,6001,8000,0.296036637548739,0.0349860884247577,0.118592716149977
C03,3,meanPairDistanceNorm,early,6001,7000,0.285099728591833,0.0276758494525718,0.0995861598051763
C03,3,meanPairDistanceNorm,late,7001,8000,0.306973546505645,0.0379980782244792,0.118592716149977
C03,4,meanGO,main,6001,8000,0.841080065750476,0.14724769637001,0.505936270183456
C03,4,meanGO,early,6001,7000,0.734403274584323,0.142663745951576,0.428477561053185
C03,4,meanGO,late,7001,8000,0.947756856916629,0.0158072497945931,0.076748519903337
C03,4,meanLO,main,6001,8000,0.930462201693728,0.0622759842903791,0.22913756037433
C03,4,meanLO,early,6001,7000,0.885170617188719,0.0585294443519432,0.20053955707362
C03,4,meanLO,late,7001,8000,0.975753786198735,0.015100355855378,0.0831345983820994
C03,4,meanPairDistanceNorm,main,6001,8000,0.173136603721365,0.0164710425009687,0.0789928300742617
C03,4,meanPairDistanceNorm,early,6001,7000,0.167521192198926,0.0213212949558568,0.0789928300742617
C03,4,meanPairDistanceNorm,late,7001,8000,0.178752015243804,0.00501354249967343,0.0206624057261281
C03,5,meanGO,main,6001,8000,0.494186398202171,0.0824221587289513,0.350229906979314
C03,5,meanGO,early,6001,7000,0.469791224616901,0.100598465778407,0.350229906979314
C03,5,meanGO,late,7001,8000,0.518581571787441,0.0477716753488279,0.190979548066725
C03,5,meanLO,main,6001,8000,0.760203786035968,0.0517753782116144,0.263107849773823
C03,5,meanLO,early,6001,7000,0.786893733656444,0.0577041337571769,0.263107849773823
C03,5,meanLO,late,7001,8000,0.733513838415492,0.0246609642491771,0.12945545065687
C03,5,meanPairDistanceNorm,main,6001,8000,0.18130549321991,0.0536274953329455,0.169127208043281
C03,5,meanPairDistanceNorm,early,6001,7000,0.135422415761943,0.0276953235895459,0.0914197730302093
C03,5,meanPairDistanceNorm,late,7001,8000,0.227188570677877,0.0278017270566655,0.0994620439555882
C03,6,meanGO,main,6001,8000,0.565217111171153,0.164294802071275,0.612969132321472
C03,6,meanGO,early,6001,7000,0.444733457122917,0.139134312052538,0.492639364147831
C03,6,meanGO,late,7001,8000,0.685700765219389,0.0747833104217498,0.262508911512174
C03,6,meanLO,main,6001,8000,0.821460004961347,0.0475853251196666,0.26627018919138
C03,6,meanLO,early,6001,7000,0.817810400972972,0.0489529381937381,0.252792968844304
C03,6,meanLO,late,7001,8000,0.825109608949723,0.0459122741873781,0.191075407705254
C03,6,meanPairDistanceNorm,main,6001,8000,0.162333577495411,0.0344238880707965,0.161545790535899
C03,6,meanPairDistanceNorm,early,6001,7000,0.149999430253411,0.0430069862874448,0.161545790535899
C03,6,meanPairDistanceNorm,late,7001,8000,0.174667724737411,0.0147318198887707,0.0478007174301802
C03,7,meanGO,main,6001,8000,0.627096772962768,0.0497847885513006,0.191007348981708
C03,7,meanGO,early,6001,7000,0.62393896400924,0.0584905685016608,0.183596833628214
C03,7,meanGO,late,7001,8000,0.630254581916295,0.0389669252889294,0.141743654505166
C03,7,meanLO,main,6001,8000,0.987925865779209,0.00981690148256003,0.0521868378310769
C03,7,meanLO,early,6001,7000,0.982600537322108,0.0102987885167276,0.050435095439438
C03,7,meanLO,late,7001,8000,0.99325119423631,0.00547718095133306,0.0279198570806983
C03,7,meanPairDistanceNorm,main,6001,8000,0.220848763490371,0.0764103004838084,0.273221218991108
C03,7,meanPairDistanceNorm,early,6001,7000,0.208623595047743,0.055632782211309,0.170291941032427
C03,7,meanPairDistanceNorm,late,7001,8000,0.233073931932999,0.0910422828485887,0.273221218991108
C03,8,meanGO,main,6001,8000,0.48370228544387,0.0942024679577336,0.362720539234871
C03,8,meanGO,early,6001,7000,0.503548173939889,0.11825848529411,0.362720539234871
C03,8,meanGO,late,7001,8000,0.463856396947851,0.0546215753624466,0.247122690943394
C03,8,meanLO,main,6001,8000,0.989112192718144,0.00812673846170613,0.0505294007606522
C03,8,meanLO,early,6001,7000,0.99021443187466,0.00646305679315437,0.0268906956596178
C03,8,meanLO,late,7001,8000,0.988009953561628,0.00937819110039329,0.0496843156510002
C03,8,meanPairDistanceNorm,main,6001,8000,0.146003452398722,0.0662562949731597,0.250041584192082
C03,8,meanPairDistanceNorm,early,6001,7000,0.176301877513447,0.0520302020502753,0.158220243945137
C03,8,meanPairDistanceNorm,late,7001,8000,0.115705027283997,0.0651092824168847,0.237366468716213
C03,9,meanGO,main,6001,8000,0.80086022027731,0.200061870460316,0.706707909266775
C03,9,meanGO,early,6001,7000,0.639983491214495,0.166302843060613,0.622766368982866
C03,9,meanGO,late,7001,8000,0.961736949340126,0.0248691548846981,0.0874848160703872
C03,9,meanLO,main,6001,8000,0.901076180369586,0.107392731925144,0.413409291180275
C03,9,meanLO,early,6001,7000,0.817755656112368,0.0944610780304797,0.353315948122792
C03,9,meanLO,late,7001,8000,0.984396704626806,0.0160165282938146,0.0628254251555587
C03,9,meanPairDistanceNorm,main,6001,8000,0.149650304033234,0.00977052063350991,0.0323165247817382
C03,9,meanPairDistanceNorm,early,6001,7000,0.15780998661265,0.00714329332972044,0.0208656697018783
C03,9,meanPairDistanceNorm,late,7001,8000,0.141490621453819,0.00258861588691378,0.0115147159747678
C03,10,meanGO,main,6001,8000,0.474797539942522,0.129308369763464,0.606182653512392
C03,10,meanGO,early,6001,7000,0.476151717886631,0.125745649437866,0.57036800932208
C03,10,meanGO,late,7001,8000,0.473443361998414,0.132824721923389,0.506782376219709
C03,10,meanLO,main,6001,8000,0.539850121861365,0.0854549581682651,0.454524524512021
C03,10,meanLO,early,6001,7000,0.510085275961814,0.0805100237674944,0.408529085592541
C03,10,meanLO,late,7001,8000,0.569614967760915,0.0797300439931903,0.382991315573853
C03,10,meanPairDistanceNorm,main,6001,8000,0.161498697846121,0.0269944730237172,0.079248461284199
C03,10,meanPairDistanceNorm,early,6001,7000,0.143178130589294,0.0234320482522182,0.0752298069043813
C03,10,meanPairDistanceNorm,late,7001,8000,0.179819265102948,0.0153984858286637,0.0406221047810415
C03,11,meanGO,main,6001,8000,0.228656896332473,0.090391754827505,0.374974864645263
C03,11,meanGO,early,6001,7000,0.254882910715219,0.108056326944223,0.374974864645263
C03,11,meanGO,late,7001,8000,0.202430881949727,0.0574139625147947,0.209240185704064
C03,11,meanLO,main,6001,8000,0.461404340214898,0.115740740255028,0.499239605563377
C03,11,meanLO,early,6001,7000,0.53683504032925,0.0869158673849745,0.409515379536784
C03,11,meanLO,late,7001,8000,0.385973640100547,0.0886561177983238,0.34112083927847
C03,11,meanPairDistanceNorm,main,6001,8000,0.203385768213926,0.0672016760448792,0.217204663875287
C03,11,meanPairDistanceNorm,early,6001,7000,0.161339718850428,0.0317971892182437,0.105905028683201
C03,11,meanPairDistanceNorm,late,7001,8000,0.245431817577424,0.0669799227842245,0.197328929804282
C03,12,meanGO,main,6001,8000,0.95429329288902,0.0372713895745445,0.157422743919978
C03,12,meanGO,early,6001,7000,0.974395051946357,0.0175445933109818,0.0607725456559463
C03,12,meanGO,late,7001,8000,0.934191533831682,0.0407789204051763,0.157422743919978
C03,12,meanLO,main,6001,8000,0.958812040444468,0.0356004980514997,0.153643708075163
C03,12,meanLO,early,6001,7000,0.977243554943202,0.0176351018969218,0.0614983349190256
C03,12,meanLO,late,7001,8000,0.940380525945735,0.039305739952727,0.153643708075163
C03,12,meanPairDistanceNorm,main,6001,8000,0.155406792291953,0.0156335870361903,0.0498352992074942
C03,12,meanPairDistanceNorm,early,6001,7000,0.142002585435099,0.00264752407547473,0.0109172579829701
C03,12,meanPairDistanceNorm,late,7001,8000,0.168810999148807,0.0110611088527588,0.0388963429818061
C03,13,meanGO,main,6001,8000,0.694018909765054,0.0549176349927904,0.259300348213849
C03,13,meanGO,early,6001,7000,0.694294979232532,0.0588564218395087,0.259300348213849
C03,13,meanGO,late,7001,8000,0.693742840297577,0.0507018861480348,0.229340540949882
C03,13,meanLO,main,6001,8000,0.818949584195802,0.0586270616751208,0.276529014934713
C03,13,meanLO,early,6001,7000,0.830125125237407,0.0636365154742266,0.276529014934713
C03,13,meanLO,late,7001,8000,0.807774043154195,0.0507746366006996,0.180217843236608
C03,13,meanPairDistanceNorm,main,6001,8000,0.285982192115892,0.0140034741763516,0.0448136440750468
C03,13,meanPairDistanceNorm,early,6001,7000,0.289620167697258,0.00930920603212273,0.0296766706276885
C03,13,meanPairDistanceNorm,late,7001,8000,0.282344216534527,0.0167102760527605,0.0437909933754328
C03,14,meanGO,main,6001,8000,0.325206903973073,0.134407460879407,0.501972225537028
C03,14,meanGO,early,6001,7000,0.29263518300919,0.137248124427572,0.480781531625236
C03,14,meanGO,late,7001,8000,0.357778624936957,0.123238828699124,0.474370735579893
C03,14,meanLO,main,6001,8000,0.576654933486149,0.113961019868018,0.470417214536548
C03,14,meanLO,early,6001,7000,0.52479997478021,0.063754002895488,0.287122638632535
C03,14,meanLO,late,7001,8000,0.628509892192089,0.128605593137126,0.470417214536548
C03,14,meanPairDistanceNorm,main,6001,8000,0.20947879448381,0.0480446464726828,0.167408100616556
C03,14,meanPairDistanceNorm,early,6001,7000,0.184542848289181,0.0393348185137358,0.134500148100628
C03,14,meanPairDistanceNorm,late,7001,8000,0.234414740678438,0.0427412106473275,0.131855392663341
C03,15,meanGO,main,6001,8000,0.381836793930303,0.0586474385156208,0.320679991579355
C03,15,meanGO,early,6001,7000,0.409595480319218,0.0665864762423904,0.300084652108263
C03,15,meanGO,late,7001,8000,0.354078107541388,0.0301014329138958,0.134811578677666
C03,15,meanLO,main,6001,8000,0.976280849789676,0.0245970380757458,0.105542014703509
C03,15,meanLO,early,6001,7000,0.956692564532598,0.020600050938568,0.0977893884527221
C03,15,meanLO,late,7001,8000,0.995869135046754,0.00425465354592151,0.0213790603639428
C03,15,meanPairDistanceNorm,main,6001,8000,0.21003693834149,0.0395611219452287,0.1526389977209
C03,15,meanPairDistanceNorm,early,6001,7000,0.196000861926231,0.0331136509599297,0.111192899449731
C03,15,meanPairDistanceNorm,late,7001,8000,0.224073014756749,0.0405067921302528,0.129109737414305
C03,16,meanGO,main,6001,8000,0.270883461765573,0.127247597975159,0.561726250399554
C03,16,meanGO,early,6001,7000,0.298211929350295,0.151721596660327,0.561726250399554
C03,16,meanGO,late,7001,8000,0.243554994180851,0.0888002375028416,0.317287691413535
C03,16,meanLO,main,6001,8000,0.47766098129119,0.112034120899811,0.441057487577411
C03,16,meanLO,early,6001,7000,0.498926088366952,0.106097320436662,0.411173279156381
C03,16,meanLO,late,7001,8000,0.456395874215428,0.113815185381572,0.39151624828313
C03,16,meanPairDistanceNorm,main,6001,8000,0.16360234797847,0.0521894953467774,0.167512065793185
C03,16,meanPairDistanceNorm,early,6001,7000,0.197694587817492,0.0487630261839214,0.157444078081254
C03,16,meanPairDistanceNorm,late,7001,8000,0.129510108139449,0.0273037007267792,0.0948749260276623
C03,17,meanGO,main,6001,8000,0.656740159250604,0.0693286982089914,0.343605152469506
C03,17,meanGO,early,6001,7000,0.65342212005395,0.0692500257304951,0.282637769436681
C03,17,meanGO,late,7001,8000,0.660058198447259,0.0692830513017255,0.256228433106167
C03,17,meanLO,main,6001,8000,0.845189968118325,0.0508077342968516,0.201783748571545
C03,17,meanLO,early,6001,7000,0.859656717711478,0.0450358648753047,0.201783748571545
C03,17,meanLO,late,7001,8000,0.830723218525171,0.0521364932969624,0.200698864657495
C03,17,meanPairDistanceNorm,main,6001,8000,0.253854591699288,0.0537043711460423,0.145430719045562
C03,17,meanPairDistanceNorm,early,6001,7000,0.300898349620954,0.0162338375447227,0.0635777946468988
C03,17,meanPairDistanceNorm,late,7001,8000,0.206810833777621,0.032817793126862,0.109699801084137
C03,18,meanGO,main,6001,8000,0.639349801771723,0.142758768903289,0.471583126421213
C03,18,meanGO,early,6001,7000,0.691548834214851,0.135579217539057,0.462995936631764
C03,18,meanGO,late,7001,8000,0.587150769328595,0.13016864263993,0.390883103141297
C03,18,meanLO,main,6001,8000,0.79335052877478,0.0829247246213369,0.320335895238287
C03,18,meanLO,early,6001,7000,0.832435264108534,0.0858535086130956,0.27787350924934
C03,18,meanLO,late,7001,8000,0.754265793441025,0.0577129707746381,0.227662826591759
C03,18,meanPairDistanceNorm,main,6001,8000,0.260441551667404,0.0303769880039234,0.113428429155901
C03,18,meanPairDistanceNorm,early,6001,7000,0.24114011846127,0.0324182260486523,0.109454432338973
C03,18,meanPairDistanceNorm,late,7001,8000,0.279742984873538,0.00704759683998232,0.0276765081979772
C03,19,meanGO,main,6001,8000,0.61103614731972,0.239064500320018,0.822550824167957
C03,19,meanGO,early,6001,7000,0.435769015561219,0.201787302651019,0.654041051389314
C03,19,meanGO,late,7001,8000,0.78630327907822,0.110200410963015,0.453024721786636
C03,19,meanLO,main,6001,8000,0.749249381781123,0.125671717362289,0.410959684768694
C03,19,meanLO,early,6001,7000,0.670388502140652,0.107364002847147,0.363385944400876
C03,19,meanLO,late,7001,8000,0.828110261421595,0.0873213259714155,0.341433720083622
C03,19,meanPairDistanceNorm,main,6001,8000,0.349686999815685,0.0111010727702497,0.0381154557830808
C03,19,meanPairDistanceNorm,early,6001,7000,0.358250409068801,0.00768783006431598,0.0213249706264032
C03,19,meanPairDistanceNorm,late,7001,8000,0.34112359056257,0.00637789091606756,0.0216149280279764
C03,20,meanGO,main,6001,8000,0.586944966687652,0.150085813743481,0.568884267296032
C03,20,meanGO,early,6001,7000,0.559646730317664,0.172081351455319,0.568717777980418
C03,20,meanGO,late,7001,8000,0.614243203057641,0.118195517927134,0.470989889024896
C03,20,meanLO,main,6001,8000,0.744175574615893,0.100932918718203,0.521961208865094
C03,20,meanLO,early,6001,7000,0.760575486980354,0.075962280618762,0.310931955712312
C03,20,meanLO,late,7001,8000,0.727775662251434,0.118643942251815,0.521961208865094
C03,20,meanPairDistanceNorm,main,6001,8000,0.134302889468097,0.0366841685242211,0.137102949974758
C03,20,meanPairDistanceNorm,early,6001,7000,0.149597938759433,0.0378604300436417,0.122850174766213
C03,20,meanPairDistanceNorm,late,7001,8000,0.119007840176761,0.0281255389596925,0.0833182415957803
C04,1,meanGO,main,6001,8000,0.580358276283565,0.162783257019293,0.565856983751801
C04,1,meanGO,early,6001,7000,0.655037622524974,0.0398399436111809,0.15812656820723
C04,1,meanGO,late,7001,8000,0.505678930042157,0.200676123775557,0.54222067040194
C04,1,meanLO,main,6001,8000,0.720442871048187,0.0717572840205935,0.272380784369904
C04,1,meanLO,early,6001,7000,0.769972215085065,0.0623044487843496,0.270904597600959
C04,1,meanLO,late,7001,8000,0.670913527011309,0.0388626102991459,0.166148125168164
C04,1,meanPairDistanceNorm,main,6001,8000,0.229500010621638,0.030074708288936,0.108373761980047
C04,1,meanPairDistanceNorm,early,6001,7000,0.224253560437598,0.0256270630402143,0.0707420813128327
C04,1,meanPairDistanceNorm,late,7001,8000,0.234746460805678,0.0331365297833423,0.108373761980047
C04,2,meanGO,main,6001,8000,0.544705118395846,0.0906597144664109,0.359639436258253
C04,2,meanGO,early,6001,7000,0.554671898136713,0.0574025720208942,0.270830128087234
C04,2,meanGO,late,7001,8000,0.53473833865498,0.113809786581874,0.359639436258253
C04,2,meanLO,main,6001,8000,0.733309410925578,0.0849853612045341,0.337910852840463
C04,2,meanLO,early,6001,7000,0.738820766202507,0.0833997419918761,0.265999989799407
C04,2,meanLO,late,7001,8000,0.727798055648648,0.0862318104316338,0.337910852840463
C04,2,meanPairDistanceNorm,main,6001,8000,0.137093950775519,0.0269613403220953,0.0760598057744758
C04,2,meanPairDistanceNorm,early,6001,7000,0.135967521943489,0.0299862531053117,0.0760598057744758
C04,2,meanPairDistanceNorm,late,7001,8000,0.138220379607548,0.0235125452916956,0.0710491349307828
C04,3,meanGO,main,6001,8000,0.47363841775194,0.130907191821754,0.487145285011197
C04,3,meanGO,early,6001,7000,0.585053237671809,0.0845046959097205,0.29549609318456
C04,3,meanGO,late,7001,8000,0.362223597832071,0.0479387148984353,0.195557946524351
C04,3,meanLO,main,6001,8000,0.662546108970811,0.114822654653738,0.425853925558746
C04,3,meanLO,early,6001,7000,0.754797375181625,0.0628438423013525,0.286483493140903
C04,3,meanLO,late,7001,8000,0.570294842759997,0.0734486426209875,0.276222901186554
C04,3,meanPairDistanceNorm,main,6001,8000,0.168031715154093,0.0703467507377053,0.214224696214285
C04,3,meanPairDistanceNorm,early,6001,7000,0.118220607900375,0.0686631750557732,0.185852384895146
C04,3,meanPairDistanceNorm,late,7001,8000,0.217842822407811,0.0148456261966191,0.041963328126622
C04,4,meanGO,main,6001,8000,0.384878058200571,0.241437195711384,0.737865767422357
C04,4,meanGO,early,6001,7000,0.158577152612515,0.0851398920150555,0.35792465616573
C04,4,meanGO,late,7001,8000,0.611178963788628,0.0828653216788953,0.406149269147097
C04,4,meanLO,main,6001,8000,0.526284813296587,0.170459060984307,0.586649838128152
C04,4,meanLO,early,6001,7000,0.375451053325628,0.0516458568299772,0.222255560854603
C04,4,meanLO,late,7001,8000,0.677118573267546,0.0996352362621206,0.434594064620296
C04,4,meanPairDistanceNorm,main,6001,8000,0.13483937706402,0.0369788394338639,0.136430580366698
C04,4,meanPairDistanceNorm,early,6001,7000,0.142799698516605,0.0470956270158938,0.136430580366698
C04,4,meanPairDistanceNorm,late,7001,8000,0.126879055611436,0.0197833150798225,0.0732503024229399
C04,5,meanGO,main,6001,8000,0.43538607740596,0.112761086750858,0.426569242177539
C04,5,meanGO,early,6001,7000,0.463244747819779,0.132854420435539,0.426569242177539
C04,5,meanGO,late,7001,8000,0.407527406992142,0.0789860198543453,0.238007256821384
C04,5,meanLO,main,6001,8000,0.710767779632729,0.067231833998053,0.313618646040535
C04,5,meanLO,early,6001,7000,0.713339637558562,0.0584769006686548,0.282095148907817
C04,5,meanLO,late,7001,8000,0.708195921706895,0.0749131069258831,0.313618646040535
C04,5,meanPairDistanceNorm,main,6001,8000,0.144761677617049,0.0782022042501475,0.220059129065213
C04,5,meanPairDistanceNorm,early,6001,7000,0.0887073433438285,0.0322884073576811,0.114859966986278
C04,5,meanPairDistanceNorm,late,7001,8000,0.20081601189027,0.0700305840832936,0.216130170395902
C04,6,meanGO,main,6001,8000,0.404924328558771,0.0919315804128694,0.325623020347847
C04,6,meanGO,early,6001,7000,0.457771780781925,0.0872589899203701,0.297138413292739
C04,6,meanGO,late,7001,8000,0.352076876335617,0.0608757899100891,0.23590110774778
C04,6,meanLO,main,6001,8000,0.485633426025987,0.0997451206630265,0.422141115403066
C04,6,meanLO,early,6001,7000,0.518532108714377,0.1201229081867,0.41875908720517
C04,6,meanLO,late,7001,8000,0.452734743337597,0.0575483336887858,0.281195039138872
C04,6,meanPairDistanceNorm,main,6001,8000,0.239178622690701,0.0147766793685329,0.0481277215749946
C04,6,meanPairDistanceNorm,early,6001,7000,0.233044401803846,0.00410885144904543,0.0199908191378944
C04,6,meanPairDistanceNorm,late,7001,8000,0.245312843577556,0.0185661991390434,0.0481277215749946
C04,7,meanGO,main,6001,8000,0.329634480977206,0.131616481967463,0.527531258747297
C04,7,meanGO,early,6001,7000,0.367517746931815,0.13766817221056,0.527531258747297
C04,7,meanGO,late,7001,8000,0.291751215022596,0.113302490767589,0.409561394690506
C04,7,meanLO,main,6001,8000,0.522050585946027,0.14921540392968,0.622295799014051
C04,7,meanLO,early,6001,7000,0.64670443022744,0.0963533621442186,0.468952228877382
C04,7,meanLO,late,7001,8000,0.397396741664615,0.0645020977121415,0.318253400398949
C04,7,meanPairDistanceNorm,main,6001,8000,0.133126117779058,0.0478697185551852,0.139879832593885
C04,7,meanPairDistanceNorm,early,6001,7000,0.0948735216257886,0.0402050031046799,0.137119955105154
C04,7,meanPairDistanceNorm,late,7001,8000,0.171378713932327,0.00627851587634178,0.0183916414485309
C04,8,meanGO,main,6001,8000,0.556318416637734,0.0698445831594664,0.291173148396265
C04,8,meanGO,early,6001,7000,0.559043293805921,0.0796361193595742,0.291173148396265
C04,8,meanGO,late,7001,8000,0.553593539469546,0.0583492798566804,0.21383475895369
C04,8,meanLO,main,6001,8000,0.699904824880582,0.0697105885053161,0.371915918981714
C04,8,meanLO,early,6001,7000,0.688068145382354,0.0861292402872536,0.371915918981714
C04,8,meanLO,late,7001,8000,0.711741504378811,0.0450028470220588,0.197460149630436
C04,8,meanPairDistanceNorm,main,6001,8000,0.158404348669267,0.0705202454877401,0.225068406870761
C04,8,meanPairDistanceNorm,early,6001,7000,0.0974192441852933,0.0242285904522404,0.0787684891895764
C04,8,meanPairDistanceNorm,late,7001,8000,0.219389453153241,0.0437989929737502,0.148246512315682
C04,9,meanGO,main,6001,8000,0.361599015907026,0.111641164062793,0.42169385141377
C04,9,meanGO,early,6001,7000,0.280350974202448,0.0768521373263083,0.331859787030331
C04,9,meanGO,late,7001,8000,0.442847057611603,0.0762759462398523,0.250769281128765
C04,9,meanLO,main,6001,8000,0.539555005136855,0.116280476726256,0.473095804322011
C04,9,meanLO,early,6001,7000,0.499868486456408,0.0589201533268495,0.313116427855355
C04,9,meanLO,late,7001,8000,0.579241523817302,0.142937245071372,0.473095804322011
C04,9,meanPairDistanceNorm,main,6001,8000,0.157080537038214,0.0526084816332174,0.180611536432547
C04,9,meanPairDistanceNorm,early,6001,7000,0.132998584050918,0.0415132495470956,0.129870829597182
C04,9,meanPairDistanceNorm,late,7001,8000,0.181162490025509,0.0515139131981088,0.157117312041612
C04,10,meanGO,main,6001,8000,0.388400161806066,0.164314732571615,0.651691398437323
C04,10,meanGO,early,6001,7000,0.404664844201472,0.14996458019031,0.572216893287359
C04,10,meanGO,late,7001,8000,0.37213547941066,0.176087206605027,0.630451410489126
C04,10,meanLO,main,6001,8000,0.630592790955776,0.126333592464917,0.534331157706275
C04,10,meanLO,early,6001,7000,0.666168745650218,0.133059015960369,0.532044888805904
C04,10,meanLO,late,7001,8000,0.595016836261334,0.108156352836075,0.447513885424946
C04,10,meanPairDistanceNorm,main,6001,8000,0.171766516459145,0.0820760786705174,0.251555034555678
C04,10,meanPairDistanceNorm,early,6001,7000,0.098075637876167,0.0452191253734147,0.159493276573825
C04,10,meanPairDistanceNorm,late,7001,8000,0.245457395042124,0.0237355549932849,0.0918340401269608
C04,11,meanGO,main,6001,8000,0.299745732862748,0.167194541840611,0.670495657703672
C04,11,meanGO,early,6001,7000,0.209117386650626,0.140006365002007,0.46455176827412
C04,11,meanGO,late,7001,8000,0.39037407907487,0.141034718017678,0.492922722427667
C04,11,meanLO,main,6001,8000,0.552773695150984,0.13944638816255,0.465083188683455
C04,11,meanLO,early,6001,7000,0.432459620077669,0.0739197361703359,0.289259926034753
C04,11,meanLO,late,7001,8000,0.673087770224298,0.0668280962833099,0.377806172633199
C04,11,meanPairDistanceNorm,main,6001,8000,0.171262730629286,0.0578729821450451,0.163187420041829
C04,11,meanPairDistanceNorm,early,6001,7000,0.18800890509881,0.0553271388850016,0.156842529144994
C04,11,meanPairDistanceNorm,late,7001,8000,0.154516556159762,0.0554922905757355,0.161526673622698
C04,12,meanGO,main,6001,8000,0.412961556130275,0.114047438063523,0.488080835717708
C04,12,meanGO,early,6001,7000,0.42070861524363,0.0925535603199901,0.324220539394905
C04,12,meanGO,late,7001,8000,0.405214497016919,0.131682726900499,0.488080835717708
C04,12,meanLO,main,6001,8000,0.552891294581862,0.0945067256318033,0.456440088487832
C04,12,meanLO,early,6001,7000,0.5625725197283,0.0677795755697389,0.337466130471298
C04,12,meanLO,late,7001,8000,0.543210069435424,0.114412726984259,0.456440088487832
C04,12,meanPairDistanceNorm,main,6001,8000,0.162221207898152,0.0197634878914697,0.0990728237976581
C04,12,meanPairDistanceNorm,early,6001,7000,0.151053298398309,0.00780364361797576,0.0334614373284768
C04,12,meanPairDistanceNorm,late,7001,8000,0.173389117397995,0.0217023256980349,0.0846481902086908
C04,13,meanGO,main,6001,8000,0.342804282063244,0.123980362383337,0.617812600127473
C04,13,meanGO,early,6001,7000,0.352942931591734,0.163576198051771,0.617812600127473
C04,13,meanGO,late,7001,8000,0.332665632534754,0.0616010084525142,0.292283791492925
C04,13,meanLO,main,6001,8000,0.558361916471112,0.109245357880196,0.536035120374034
C04,13,meanLO,early,6001,7000,0.526851218948464,0.138608028148244,0.507635465043232
C04,13,meanLO,late,7001,8000,0.58987261399376,0.0517785815915464,0.260683839058326
C04,13,meanPairDistanceNorm,main,6001,8000,0.195059660183252,0.0629170945243587,0.198135342171375
C04,13,meanPairDistanceNorm,early,6001,7000,0.140035567044426,0.0399977661108217,0.149316522793284
C04,13,meanPairDistanceNorm,late,7001,8000,0.250083753322079,0.0161214075598198,0.0615304952676748
C04,14,meanGO,main,6001,8000,0.421962416721177,0.13649024542105,0.566228238898595
C04,14,meanGO,early,6001,7000,0.528068133969659,0.0797935873181136,0.293463997826222
C04,14,meanGO,late,7001,8000,0.315856699472695,0.0914954643518089,0.283615563571881
C04,14,meanLO,main,6001,8000,0.56193007754219,0.16594905090247,0.65973297195643
C04,14,meanLO,early,6001,7000,0.695392930542953,0.0650982884727467,0.239941163354785
C04,14,meanLO,late,7001,8000,0.428467224541428,0.123319211374931,0.448000371709219
C04,14,meanPairDistanceNorm,main,6001,8000,0.196213279943719,0.0306426606860609,0.109179914444788
C04,14,meanPairDistanceNorm,early,6001,7000,0.205224443067173,0.0316074007377322,0.109179914444788
C04,14,meanPairDistanceNorm,late,7001,8000,0.187202116820264,0.0267823216441678,0.0885666270768531
C04,15,meanGO,main,6001,8000,0.990649977453636,0.00276268209323552,0.0207933389377819
C04,15,meanGO,early,6001,7000,0.989840957669044,0.00288179894669628,0.020729657316369
C04,15,meanGO,late,7001,8000,0.991458997238227,0.00237852122540601,0.0138685078937162
C04,15,meanLO,main,6001,8000,0.991800918795879,0.00283911594886812,0.0172258393822756
C04,15,meanLO,early,6001,7000,0.990692915449604,0.00277255328313415,0.0170053104354682
C04,15,meanLO,late,7001,8000,0.992908922142153,0.00244629823429061,0.0160557802952128
C04,15,meanPairDistanceNorm,main,6001,8000,0.106861980791579,0.00254343773061949,0.00874363604670525
C04,15,meanPairDistanceNorm,early,6001,7000,0.104712686603938,0.000727627870864063,0.00254219051040874
C04,15,meanPairDistanceNorm,late,7001,8000,0.10901127497922,0.00177960810922386,0.00626111341604889
C04,16,meanGO,main,6001,8000,0.502573765941298,0.131542610534378,0.488245612874517
C04,16,meanGO,early,6001,7000,0.409645617122616,0.125262181295401,0.466894672521308
C04,16,meanGO,late,7001,8000,0.59550191475998,0.0405592558202363,0.163945466587958
C04,16,meanLO,main,6001,8000,0.714883388991848,0.111260606854113,0.462663826857091
C04,16,meanLO,early,6001,7000,0.628273975674446,0.0815136063333392,0.339535983087408
C04,16,meanLO,late,7001,8000,0.80149280230925,0.0557527597779529,0.207584822659105
C04,16,meanPairDistanceNorm,main,6001,8000,0.161735473323077,0.0405995301250886,0.12471670371418
C04,16,meanPairDistanceNorm,early,6001,7000,0.143834439519075,0.0405042078728238,0.12471670371418
C04,16,meanPairDistanceNorm,late,7001,8000,0.17963650712708,0.0318773783600076,0.0997460932526809
C04,17,meanGO,main,6001,8000,0.289976249953878,0.172019461001179,0.535764696541492
C04,17,meanGO,early,6001,7000,0.198985776103025,0.170586460892529,0.535764696541492
C04,17,meanGO,late,7001,8000,0.380966723804731,0.116345012057825,0.387312880412354
C04,17,meanLO,main,6001,8000,0.509524303118866,0.131178430161313,0.616997013321482
C04,17,meanLO,early,6001,7000,0.441074658802425,0.130883867655812,0.505006823888232
C04,17,meanLO,late,7001,8000,0.577973947435308,0.0890062445583301,0.395661438992902
C04,17,meanPairDistanceNorm,main,6001,8000,0.11994773781566,0.0199289585445977,0.111389544541238
C04,17,meanPairDistanceNorm,early,6001,7000,0.115363414062744,0.013360115319172,0.0465713360391446
C04,17,meanPairDistanceNorm,late,7001,8000,0.124532061568576,0.0239615845529227,0.103475990018571
C04,18,meanGO,main,6001,8000,0.813306160781578,0.0361981320259802,0.203560818534716
C04,18,meanGO,early,6001,7000,0.800712594157726,0.0265371060311521,0.126517231753194
C04,18,meanGO,late,7001,8000,0.825899727405431,0.0400023723076239,0.203560818534716
C04,18,meanLO,main,6001,8000,0.846030691412158,0.0355668517483867,0.202037018048905
C04,18,meanLO,early,6001,7000,0.844511261633392,0.034426069511869,0.165137739101631
C04,18,meanLO,late,7001,8000,0.847550121190925,0.0366263830605349,0.202037018048905
C04,18,meanPairDistanceNorm,main,6001,8000,0.0295627016005614,0.0165416311458542,0.065728685369964
C04,18,meanPairDistanceNorm,early,6001,7000,0.0407075799303134,0.0166128450231778,0.0542182668046391
C04,18,meanPairDistanceNorm,late,7001,8000,0.0184178232708093,0.00478258406785236,0.0184254912370948
C04,19,meanGO,main,6001,8000,0.272111269766006,0.0876363417616376,0.349667320544066
C04,19,meanGO,early,6001,7000,0.332894132759922,0.0387285608983543,0.158577848530726
C04,19,meanGO,late,7001,8000,0.211328406772091,0.0804458439251534,0.246776445664203
C04,19,meanLO,main,6001,8000,0.455593739242829,0.11733311607872,0.538666792218865
C04,19,meanLO,early,6001,7000,0.479466970896231,0.0608917158502175,0.298105427976634
C04,19,meanLO,late,7001,8000,0.431720507589427,0.150662193853449,0.538666792218865
C04,19,meanPairDistanceNorm,main,6001,8000,0.234333684171688,0.0260076659300296,0.0984265096249745
C04,19,meanPairDistanceNorm,early,6001,7000,0.225495102209126,0.0232042526562702,0.0793315051038479
C04,19,meanPairDistanceNorm,late,7001,8000,0.24317226613425,0.0256639757053613,0.0984265096249745
C04,20,meanGO,main,6001,8000,0.246459826377139,0.108816720981181,0.432956579347461
C04,20,meanGO,early,6001,7000,0.25477548807739,0.129837677401141,0.406178294922027
C04,20,meanGO,late,7001,8000,0.238144164676887,0.0818397769488784,0.332327145738674
C04,20,meanLO,main,6001,8000,0.454659236949454,0.10857039051477,0.451760576644641
C04,20,meanLO,early,6001,7000,0.457954345398625,0.12686251150495,0.451760576644641
C04,20,meanLO,late,7001,8000,0.451364128500283,0.0864350894032097,0.312154850066356
C04,20,meanPairDistanceNorm,main,6001,8000,0.218058104392666,0.0438553709729983,0.135863524398503
C04,20,meanPairDistanceNorm,early,6001,7000,0.179446946711269,0.0117108984704376,0.0611046480292232
C04,20,meanPairDistanceNorm,late,7001,8000,0.256669262074063,0.0269581078627133,0.0962317206957932
C05,1,meanGO,main,6001,8000,0.657076626783545,0.0742581342147693,0.3436093619074
C05,1,meanGO,early,6001,7000,0.7022656205546,0.0676213985736723,0.3436093619074
C05,1,meanGO,late,7001,8000,0.611887633012491,0.0487157956392982,0.203409515335377
C05,1,meanLO,main,6001,8000,0.764626194329563,0.0749349224623231,0.350379444546237
C05,1,meanLO,early,6001,7000,0.808575347431121,0.0471111186769291,0.213924159865959
C05,1,meanLO,late,7001,8000,0.720677041228005,0.0717615881207824,0.341483519696508
C05,1,meanPairDistanceNorm,main,6001,8000,0.0896266834690071,0.0640476895928297,0.208244401856579
C05,1,meanPairDistanceNorm,early,6001,7000,0.0496639420739595,0.0234011986549312,0.0771571700573885
C05,1,meanPairDistanceNorm,late,7001,8000,0.129589424864055,0.0668091652423016,0.195204824695408
C05,2,meanGO,main,6001,8000,0.993837701208168,0.00217381661723718,0.0138950745492487
C05,2,meanGO,early,6001,7000,0.992783598895764,0.00224867234658446,0.0132291080694726
C05,2,meanGO,late,7001,8000,0.994891803520573,0.00147467704920875,0.00763292083363798
C05,2,meanLO,main,6001,8000,0.995301594084808,0.00162160751411008,0.0107396197019949
C05,2,meanLO,early,6001,7000,0.994647391879783,0.00168820477549321,0.0100792462064231
C05,2,meanLO,late,7001,8000,0.995955796289832,0.00124699674050322,0.00820706757899137
C05,2,meanPairDistanceNorm,main,6001,8000,0.0460334295905599,0.0026085235709042,0.00861141721125443
C05,2,meanPairDistanceNorm,early,6001,7000,0.0437459032851092,0.00117530687098842,0.00438610055769806
C05,2,meanPairDistanceNorm,late,7001,8000,0.0483209558960107,0.00132598121399805,0.00428715617285411
C05,3,meanGO,main,6001,8000,0.44617717534376,0.149315849515666,0.538183379307689
C05,3,meanGO,early,6001,7000,0.348373008136212,0.0590153552438019,0.268231194017627
C05,3,meanGO,late,7001,8000,0.543981342551308,0.14825481615126,0.432902880156702
C05,3,meanLO,main,6001,8000,0.718080354835292,0.0958230339058281,0.426793285488122
C05,3,meanLO,early,6001,7000,0.699349233083804,0.104029155188665,0.376341228644221
C05,3,meanLO,late,7001,8000,0.73681147658678,0.0827576069811417,0.326833411735376
C05,3,meanPairDistanceNorm,main,6001,8000,0.171965969897548,0.0877011045425517,0.240037081411105
C05,3,meanPairDistanceNorm,early,6001,7000,0.244377919803337,0.0625912484248162,0.212213368107318
C05,3,meanPairDistanceNorm,late,7001,8000,0.0995540199917587,0.0312333767424729,0.107448349404599
C05,4,meanGO,main,6001,8000,0.466789366255111,0.0810728358498672,0.390332568751418
C05,4,meanGO,early,6001,7000,0.434369723829386,0.0843955103362459,0.365276056483779
C05,4,meanGO,late,7001,8000,0.499209008680836,0.0626531407356095,0.230567000157498
C05,4,meanLO,main,6001,8000,0.618368950265176,0.102238564087078,0.516774882485765
C05,4,meanLO,early,6001,7000,0.55367690262737,0.0984464284702097,0.47257291711432
C05,4,meanLO,late,7001,8000,0.683060997902981,0.0533452090267585,0.24041750261078
C05,4,meanPairDistanceNorm,main,6001,8000,0.159426518242305,0.0541830570430729,0.153238283806302
C05,4,meanPairDistanceNorm,early,6001,7000,0.113271122033565,0.0313597499870157,0.102676264858688
C05,4,meanPairDistanceNorm,late,7001,8000,0.205581914451046,0.0250241095696632,0.0864556798633462
C05,5,meanGO,main,6001,8000,0.941453973295044,0.0400156891245055,0.156445058328482
C05,5,meanGO,early,6001,7000,0.916295595262464,0.0401301379411057,0.143762290730431
C05,5,meanGO,late,7001,8000,0.966612351327623,0.0180701553312171,0.0769908334868373
C05,5,meanLO,main,6001,8000,0.945568694406567,0.0401357049462259,0.178736643205171
C05,5,meanLO,early,6001,7000,0.918572592493158,0.039444196696227,0.165544260907536
C05,5,meanLO,late,7001,8000,0.972564796319976,0.0144388151257548,0.0657767804947631
C05,5,meanPairDistanceNorm,main,6001,8000,0.119448245553891,0.00359236766638766,0.0126692008612148
C05,5,meanPairDistanceNorm,early,6001,7000,0.116775756151316,0.00242681561098368,0.010409554432682
C05,5,meanPairDistanceNorm,late,7001,8000,0.122120734956466,0.00237381486285564,0.00689090479961275
C05,6,meanGO,main,6001,8000,0.83706997241424,0.0874009068758782,0.318851729495825
C05,6,meanGO,early,6001,7000,0.764602372688461,0.0611457719961024,0.237701646278087
C05,6,meanGO,late,7001,8000,0.90953757214002,0.0321412280081077,0.128367819793333
C05,6,meanLO,main,6001,8000,0.86149238089744,0.0687928695002423,0.315116766002994
C05,6,meanLO,early,6001,7000,0.810826687873354,0.0560772627326039,0.267525102079677
C05,6,meanLO,late,7001,8000,0.912158073921527,0.0344359045964836,0.150608153794374
C05,6,meanPairDistanceNorm,main,6001,8000,0.0774820117484766,0.0174084111333831,0.0517815629916086
C05,6,meanPairDistanceNorm,early,6001,7000,0.0903793893144455,0.0164826711161277,0.0517815629916086
C05,6,meanPairDistanceNorm,late,7001,8000,0.0645846341825076,0.00130872132919644,0.00609589732112305
C05,7,meanGO,main,6001,8000,0.772968248666136,0.0554723689570295,0.306314327377179
C05,7,meanGO,early,6001,7000,0.790124887459984,0.0288217550413853,0.114088551659324
C05,7,meanGO,late,7001,8000,0.755811609872286,0.0688292404180177,0.306314327377179
C05,7,meanLO,main,6001,8000,0.85134940048739,0.0389139081484623,0.213153863349502
C05,7,meanLO,early,6001,7000,0.845673733265084,0.0327210600302222,0.155182700929979
C05,7,meanLO,late,7001,8000,0.857025067709697,0.0435309274608699,0.213153863349502
C05,7,meanPairDistanceNorm,main,6001,8000,0.057694148260164,0.0279062325097618,0.11092322735158
C05,7,meanPairDistanceNorm,early,6001,7000,0.0340948026626573,0.00781319725930676,0.0307890975569548
C05,7,meanPairDistanceNorm,late,7001,8000,0.0812934938576707,0.019551877486717,0.0827060123037705
C05,8,meanGO,main,6001,8000,0.516996604381595,0.255419109322254,0.714629597490157
C05,8,meanGO,early,6001,7000,0.75871922503062,0.0973791702274714,0.417504152641522
C05,8,meanGO,late,7001,8000,0.27527398373257,0.0639047490506763,0.30292514810074
C05,8,meanLO,main,6001,8000,0.799934974603532,0.0927453290855393,0.409754680870896
C05,8,meanLO,early,6001,7000,0.853862883664566,0.0707026266530503,0.344919860994196
C05,8,meanLO,late,7001,8000,0.746007065542497,0.0799429797587015,0.374372646142805
C05,8,meanPairDistanceNorm,main,6001,8000,0.147337871249623,0.0810707151259757,0.218726558325283
C05,8,meanPairDistanceNorm,early,6001,7000,0.0795060663156497,0.0256482146929048,0.08345993945622
C05,8,meanPairDistanceNorm,late,7001,8000,0.215169676183595,0.0572900583416571,0.185254054032742
C05,9,meanGO,main,6001,8000,0.244521968494314,0.141163439488648,0.572952579137666
C05,9,meanGO,early,6001,7000,0.295882034543945,0.143314473942913,0.481905615645115
C05,9,meanGO,late,7001,8000,0.193161902444682,0.118550192558682,0.401532478612332
C05,9,meanLO,main,6001,8000,0.490477822280203,0.110002841979259,0.516782474396917
C05,9,meanLO,early,6001,7000,0.46297917426834,0.10203230121261,0.421344248072145
C05,9,meanLO,late,7001,8000,0.517976470292066,0.110855345311616,0.420908638058171
C05,9,meanPairDistanceNorm,main,6001,8000,0.171691210789711,0.0291663983274346,0.102998101233509
C05,9,meanPairDistanceNorm,early,6001,7000,0.186621821113166,0.0252378694292004,0.0779846172050356
C05,9,meanPairDistanceNorm,late,7001,8000,0.156760600466257,0.0248790377221872,0.0862300328102667
C05,10,meanGO,main,6001,8000,0.35556375600292,0.196297699604319,0.813823485581748
C05,10,meanGO,early,6001,7000,0.194418944991861,0.103848434063048,0.526767760293497
C05,10,meanGO,late,7001,8000,0.516708567013979,0.119717836272115,0.481332518175732
C05,10,meanLO,main,6001,8000,0.604297240718156,0.103087338503976,0.538424467610567
C05,10,meanLO,early,6001,7000,0.571202266901256,0.0901327007460069,0.414600327802504
C05,10,meanLO,late,7001,8000,0.637392214535056,0.104632620542928,0.393069791017105
C05,10,meanPairDistanceNorm,main,6001,8000,0.141548383809246,0.0354240243685634,0.15255825650956
C05,10,meanPairDistanceNorm,early,6001,7000,0.146100934232094,0.0486881127196842,0.15255825650956
C05,10,meanPairDistanceNorm,late,7001,8000,0.136995833386397,0.00994755641933072,0.0324733069156967
C05,11,meanGO,main,6001,8000,0.554065350260016,0.122167625854292,0.39117888007188
C05,11,meanGO,early,6001,7000,0.616063674226635,0.0923119048994037,0.310660783377021
C05,11,meanGO,late,7001,8000,0.492067026293397,0.1168247836176,0.375427451693944
C05,11,meanLO,main,6001,8000,0.762401130319472,0.0539503317706518,0.243053662727884
C05,11,meanLO,early,6001,7000,0.740200632137503,0.0572829498331798,0.216309037620397
C05,11,meanLO,late,7001,8000,0.784601628501441,0.0394479765841168,0.201226979202031
C05,11,meanPairDistanceNorm,main,6001,8000,0.179473658828853,0.0767575761683525,0.217032707909408
C05,11,meanPairDistanceNorm,early,6001,7000,0.231075829677894,0.022529995633934,0.077009374515505
C05,11,meanPairDistanceNorm,late,7001,8000,0.127871487979813,0.0771417458105492,0.215002880309575
C05,12,meanGO,main,6001,8000,0.301731008193831,0.140133010136108,0.474018528032953
C05,12,meanGO,early,6001,7000,0.417245466007427,0.050353926997937,0.199052346195724
C05,12,meanGO,late,7001,8000,0.186216550380235,0.100223581013585,0.296396122187907
C05,12,meanLO,main,6001,8000,0.550886273817651,0.123254998131115,0.510274275647373
C05,12,meanLO,early,6001,7000,0.564664446950946,0.0744355915899139,0.355582627178008
C05,12,meanLO,late,7001,8000,0.537108100684357,0.15645473041388,0.510274275647373
C05,12,meanPairDistanceNorm,main,6001,8000,0.233125630144116,0.0281556790209401,0.0987711505375685
C05,12,meanPairDistanceNorm,early,6001,7000,0.251523110505862,0.018829782021877,0.0734837011511615
C05,12,meanPairDistanceNorm,late,7001,8000,0.21472814978237,0.0235394389815215,0.0729786731279273
C05,13,meanGO,main,6001,8000,0.71593934761359,0.0517494816533086,0.252843565605956
C05,13,meanGO,early,6001,7000,0.736069271534012,0.0478435641080786,0.202015195009937
C05,13,meanGO,late,7001,8000,0.695809423693169,0.0475231822666834,0.214948173268838
C05,13,meanLO,main,6001,8000,0.760435485452454,0.0519344445177413,0.264588587235492
C05,13,meanLO,early,6001,7000,0.76643442497721,0.055356436432527,0.246796789962434
C05,13,meanLO,late,7001,8000,0.754436545927697,0.047546727428891,0.225958368490612
C05,13,meanPairDistanceNorm,main,6001,8000,0.0597017035131679,0.018588944372207,0.0689477877483838
C05,13,meanPairDistanceNorm,early,6001,7000,0.054697086767033,0.0142081748146336,0.0490483204747999
C05,13,meanPairDistanceNorm,late,7001,8000,0.0647063202593027,0.0209625582613141,0.0689477877483838
C05,14,meanGO,main,6001,8000,0.996188241648167,0.00150678043270854,0.011697125575987
C05,14,meanGO,early,6001,7000,0.996384717508081,0.00130348716634797,0.00866476929962334
C05,14,meanGO,late,7001,8000,0.995991765788253,0.0016633356853076,0.0113644850747575
C05,14,meanLO,main,6001,8000,0.996793236348032,0.00117825240283054,0.00866291335894631
C05,14,meanLO,early,6001,7000,0.996871020742635,0.00111786537517012,0.00826893381950988
C05,14,meanLO,late,7001,8000,0.996715451953429,0.00123134527404631,0.00804696647585779
C05,14,meanPairDistanceNorm,main,6001,8000,0.0339144088913826,0.000326820372798189,0.00112052007189984
C05,14,meanPairDistanceNorm,early,6001,7000,0.0336297341415942,0.000107204682125626,0.000444306016208651
C05,14,meanPairDistanceNorm,late,7001,8000,0.0341990836411709,0.000199988796572775,0.000702853050006093
C05,15,meanGO,main,6001,8000,0.821192047178252,0.11988504934408,0.422111748213689
C05,15,meanGO,early,6001,7000,0.721986803635454,0.0718843523737883,0.264123307426341
C05,15,meanGO,late,7001,8000,0.92039729072105,0.0623603483922723,0.169480841669957
C05,15,meanLO,main,6001,8000,0.88022860594052,0.0894662930570791,0.357001576820948
C05,15,meanLO,early,6001,7000,0.811917825785756,0.0699603452552912,0.2757340913315
C05,15,meanLO,late,7001,8000,0.948539386095285,0.0421892174635983,0.129894565599687
C05,15,meanPairDistanceNorm,main,6001,8000,0.0842106418788257,0.0240240224296122,0.0657940023558793
C05,15,meanPairDistanceNorm,early,6001,7000,0.106614667978991,0.0103392475086558,0.0399178981923539
C05,15,meanPairDistanceNorm,late,7001,8000,0.0618066157786606,0.00656500899363064,0.0257910154392374
C05,16,meanGO,main,6001,8000,0.449966401883541,0.199358431913704,0.63522626700542
C05,16,meanGO,early,6001,7000,0.588892813427533,0.0527542992169664,0.191948153354675
C05,16,meanGO,late,7001,8000,0.311039990339549,0.195203998032535,0.555904007153692
C05,16,meanLO,main,6001,8000,0.694036635408836,0.0918428298155312,0.408936779490669
C05,16,meanLO,early,6001,7000,0.70173683050602,0.0600738891942327,0.266716288670969
C05,16,meanLO,late,7001,8000,0.686336440311652,0.114678147217692,0.395158681554794
C05,16,meanPairDistanceNorm,main,6001,8000,0.161495442560034,0.064832477459459,0.192046821738866
C05,16,meanPairDistanceNorm,early,6001,7000,0.166039546624621,0.0520811548150118,0.160869183433932
C05,16,meanPairDistanceNorm,late,7001,8000,0.156951338495447,0.0752125118260666,0.192046821738866
C05,17,meanGO,main,6001,8000,0.362337259138337,0.140639072033295,0.46875372685204
C05,17,meanGO,early,6001,7000,0.487466167701769,0.0624929232722896,0.222397928007655
C05,17,meanGO,late,7001,8000,0.237208350574904,0.0657821974662225,0.247998676492594
C05,17,meanLO,main,6001,8000,0.755741183620265,0.105328105573216,0.417935529422503
C05,17,meanLO,early,6001,7000,0.671482208214191,0.0852466022118913,0.353100342298707
C05,17,meanLO,late,7001,8000,0.84000015902634,0.0268100417260398,0.11795538978609
C05,17,meanPairDistanceNorm,main,6001,8000,0.21840951830284,0.0830483043157766,0.27555501045043
C05,17,meanPairDistanceNorm,early,6001,7000,0.188239214334008,0.060264000654974,0.216396662220017
C05,17,meanPairDistanceNorm,late,7001,8000,0.248579822271671,0.0913612557342561,0.27555501045043
C05,18,meanGO,main,6001,8000,0.754537898657685,0.0586353313384518,0.277417044265447
C05,18,meanGO,early,6001,7000,0.729369893498255,0.0364035029772722,0.174638415023199
C05,18,meanGO,late,7001,8000,0.779705903817115,0.0654698830336964,0.277417044265447
C05,18,meanLO,main,6001,8000,0.80922238846956,0.0629991694945685,0.329270781140366
C05,18,meanLO,early,6001,7000,0.782968283532284,0.0511305455862088,0.251528728169153
C05,18,meanLO,late,7001,8000,0.835476493406836,0.0628290928009428,0.329270781140366
C05,18,meanPairDistanceNorm,main,6001,8000,0.0906503774935109,0.0259461986473976,0.0843570705025592
C05,18,meanPairDistanceNorm,early,6001,7000,0.113652684891442,0.0100918881841655,0.036093837573768
C05,18,meanPairDistanceNorm,late,7001,8000,0.0676480700955801,0.0136369555862539,0.0563689338759745
C05,19,meanGO,main,6001,8000,0.689396159344152,0.0480599328809489,0.230624326170264
C05,19,meanGO,early,6001,7000,0.693487021945405,0.0352361328278686,0.149943429219408
C05,19,meanGO,late,7001,8000,0.685305296742898,0.0578509938733557,0.230624326170264
C05,19,meanLO,main,6001,8000,0.781804775078032,0.0683895777425957,0.316501111714639
C05,19,meanLO,early,6001,7000,0.76894917903619,0.0547150361975592,0.192107737715857
C05,19,meanLO,late,7001,8000,0.794660371119875,0.0776810900730419,0.316501111714639
C05,19,meanPairDistanceNorm,main,6001,8000,0.156299279718545,0.0368591590962971,0.114745704531857
C05,19,meanPairDistanceNorm,early,6001,7000,0.183620441823521,0.0198663304820547,0.0749939383173668
C05,19,meanPairDistanceNorm,late,7001,8000,0.128978117613569,0.0288010052880185,0.0913687694244778
C05,20,meanGO,main,6001,8000,0.25998491777117,0.133760427162461,0.556879594020265
C05,20,meanGO,early,6001,7000,0.239137766782699,0.0782575171666826,0.259986988076152
C05,20,meanGO,late,7001,8000,0.280832068759641,0.16972712520912,0.556879594020265
C05,20,meanLO,main,6001,8000,0.511722948887794,0.101881839763486,0.461643906473693
C05,20,meanLO,early,6001,7000,0.525082573912156,0.0675357983578781,0.261613405458857
C05,20,meanLO,late,7001,8000,0.498363323863433,0.125903964627256,0.461643906473693
C05,20,meanPairDistanceNorm,main,6001,8000,0.161812935760353,0.054767020268275,0.174022487709314
C05,20,meanPairDistanceNorm,early,6001,7000,0.190739385953326,0.0625893344057814,0.174022487709314
C05,20,meanPairDistanceNorm,late,7001,8000,0.132886485567381,0.0202305825418296,0.0637623015003576
C06,1,meanGO,main,6001,8000,0.779631931561625,0.0504373301001603,0.286897960394064
C06,1,meanGO,early,6001,7000,0.758280100411393,0.0531998007163009,0.194916149417479
C06,1,meanGO,late,7001,8000,0.800983762711857,0.0367077935691081,0.184177454790652
C06,1,meanLO,main,6001,8000,0.820051713225759,0.045336285826759,0.279565249383785
C06,1,meanLO,early,6001,7000,0.808779730471981,0.0506438316569779,0.246782032994583
C06,1,meanLO,late,7001,8000,0.831323695979538,0.0359673159481874,0.200370196172417
C06,1,meanPairDistanceNorm,main,6001,8000,0.0360351151421978,0.0102494749335567,0.0398482769441359
C06,1,meanPairDistanceNorm,early,6001,7000,0.038242414283803,0.0125954978245597,0.0398482769441359
C06,1,meanPairDistanceNorm,late,7001,8000,0.0338278160005927,0.00646590837994766,0.0273650767442748
C06,2,meanGO,main,6001,8000,0.475566983784897,0.134828239544986,0.607294426326706
C06,2,meanGO,early,6001,7000,0.557344597923264,0.0709813603444621,0.268730160869109
C06,2,meanGO,late,7001,8000,0.39378936964653,0.133972410589118,0.558110737038215
C06,2,meanLO,main,6001,8000,0.693495820733199,0.0836498480385676,0.39528209349142
C06,2,meanLO,early,6001,7000,0.686338744311005,0.063206420754402,0.296618856514745
C06,2,meanLO,late,7001,8000,0.700652897155393,0.0995188263329335,0.385630917434529
C06,2,meanPairDistanceNorm,main,6001,8000,0.159275371443329,0.0714528639210741,0.236112060685184
C06,2,meanPairDistanceNorm,early,6001,7000,0.119505025394192,0.03287610692686,0.0914010977245005
C06,2,meanPairDistanceNorm,late,7001,8000,0.199045717492467,0.0772578045484867,0.225734103152597
C06,3,meanGO,main,6001,8000,0.642818682458605,0.0679468609355083,0.314240483903195
C06,3,meanGO,early,6001,7000,0.665598254823293,0.0829372841452425,0.314240483903195
C06,3,meanGO,late,7001,8000,0.620039110093917,0.0363417587214929,0.141203447407235
C06,3,meanLO,main,6001,8000,0.762729462118213,0.0645993239971239,0.3171019659061
C06,3,meanLO,early,6001,7000,0.764442344626399,0.0821321872003607,0.314337334000148
C06,3,meanLO,late,7001,8000,0.761016579610028,0.0399844043420182,0.166336736234696
C06,3,meanPairDistanceNorm,main,6001,8000,0.148004264554274,0.0587142914896244,0.165380756574778
C06,3,meanPairDistanceNorm,early,6001,7000,0.0948006620789964,0.0236455296471521,0.0822039457119264
C06,3,meanPairDistanceNorm,late,7001,8000,0.201207867029551,0.0259260920804874,0.0831025627699934
C06,4,meanGO,main,6001,8000,0.36584674134955,0.120744238776957,0.438609792527646
C06,4,meanGO,early,6001,7000,0.339654926207587,0.107417376001304,0.410661064237595
C06,4,meanGO,late,7001,8000,0.392038556491513,0.127518813266878,0.425822216824675
C06,4,meanLO,main,6001,8000,0.705724064379446,0.0802535955473516,0.38029913824493
C06,4,meanLO,early,6001,7000,0.724325931923462,0.0946499336023266,0.38029913824493
C06,4,meanLO,late,7001,8000,0.687122196835429,0.0568890556114419,0.225383049355211
C06,4,meanPairDistanceNorm,main,6001,8000,0.187120315655096,0.0641771350509719,0.19530158481519
C06,4,meanPairDistanceNorm,early,6001,7000,0.136317544332197,0.0419259455842016,0.137848615219433
C06,4,meanPairDistanceNorm,late,7001,8000,0.237923086977995,0.0362868720439077,0.125627196370273
C06,5,meanGO,main,6001,8000,0.847527065500032,0.0388278122571258,0.158730780264245
C06,5,meanGO,early,6001,7000,0.830252585599208,0.043339078720482,0.150168321395622
C06,5,meanGO,late,7001,8000,0.864801545400857,0.0232598075810933,0.0818098257946688
C06,5,meanLO,main,6001,8000,0.936168137062585,0.040418722494727,0.186094065328887
C06,5,meanLO,early,6001,7000,0.91053295146646,0.0420810959515331,0.178049382311367
C06,5,meanLO,late,7001,8000,0.96180332265871,0.0135100631363494,0.0647258683054058
C06,5,meanPairDistanceNorm,main,6001,8000,0.0493547954131472,0.0204420850531866,0.0716383204560107
C06,5,meanPairDistanceNorm,early,6001,7000,0.0329977901494678,0.0125069019367047,0.0434719959846024
C06,5,meanPairDistanceNorm,late,7001,8000,0.0657118006768266,0.0120047699875589,0.0417471683491003
C06,6,meanGO,main,6001,8000,0.787671772865857,0.0563042754088464,0.248777326271747
C06,6,meanGO,early,6001,7000,0.826648655312633,0.0279133944991218,0.109530513903939
C06,6,meanGO,late,7001,8000,0.748694890419082,0.050228701399048,0.221181599917699
C06,6,meanLO,main,6001,8000,0.819516737497135,0.0776584134687702,0.309098633149304
C06,6,meanLO,early,6001,7000,0.865802990349823,0.0401577273759111,0.162046392268677
C06,6,meanLO,late,7001,8000,0.773230484644447,0.0785234272889799,0.293049523334743
C06,6,meanPairDistanceNorm,main,6001,8000,0.229639618102976,0.00916845446146888,0.0370326809021483
C06,6,meanPairDistanceNorm,early,6001,7000,0.224146203344349,0.00892637196925856,0.0285101139930242
C06,6,meanPairDistanceNorm,late,7001,8000,0.235133032861603,0.00530184076946472,0.0275691218503088
C06,7,meanGO,main,6001,8000,0.282658245054969,0.176921885931845,0.589240659513301
C06,7,meanGO,early,6001,7000,0.44023313266823,0.102280950720033,0.37657359828889
C06,7,meanGO,late,7001,8000,0.125083357441708,0.0496311135992303,0.213512301877153
C06,7,meanLO,main,6001,8000,0.533014394882866,0.112330422357339,0.43895808827602
C06,7,meanLO,early,6001,7000,0.582532127206274,0.124239093783232,0.43895808827602
C06,7,meanLO,late,7001,8000,0.483496662559458,0.0700328876668972,0.274824174030373
C06,7,meanPairDistanceNorm,main,6001,8000,0.195575668806587,0.0634111889925033,0.18970742242126
C06,7,meanPairDistanceNorm,early,6001,7000,0.13742007053573,0.0294482865033377,0.10575787165772
C06,7,meanPairDistanceNorm,late,7001,8000,0.253731267077444,0.0201956199750185,0.0835998669502885
C06,8,meanGO,main,6001,8000,0.451102242784756,0.224528861716031,0.707172046019991
C06,8,meanGO,early,6001,7000,0.252481947386805,0.140240510364974,0.444055606154772
C06,8,meanGO,late,7001,8000,0.649722538182708,0.0472277450502555,0.259760594556613
C06,8,meanLO,main,6001,8000,0.673861555114425,0.0973740363504318,0.433268190598568
C06,8,meanLO,early,6001,7000,0.604226582228855,0.0763330282962394,0.403227400036349
C06,8,meanLO,late,7001,8000,0.743496527999995,0.0586378651675933,0.233499990064975
C06,8,meanPairDistanceNorm,main,6001,8000,0.224995443743138,0.029015925847944,0.125983372726624
C06,8,meanPairDistanceNorm,early,6001,7000,0.225278815113618,0.0383895108501393,0.125983372726624
C06,8,meanPairDistanceNorm,late,7001,8000,0.224712072372659,0.0145181048903324,0.0530281038897181
C06,9,meanGO,main,6001,8000,0.875587828834135,0.0557022529434423,0.193353224164275
C06,9,meanGO,early,6001,7000,0.842412130314943,0.0562148942066045,0.185110065540366
C06,9,meanGO,late,7001,8000,0.908763527353326,0.0290691602948225,0.098850886370828
C06,9,meanLO,main,6001,8000,0.914906342730867,0.0443007800086629,0.207981886181824
C06,9,meanLO,early,6001,7000,0.895971824233898,0.0474877942951436,0.207981886181824
C06,9,meanLO,late,7001,8000,0.933840861227836,0.0308908142367883,0.118626320208416
C06,9,meanPairDistanceNorm,main,6001,8000,0.213997289737084,0.0261368585877,0.0766096700644514
C06,9,meanPairDistanceNorm,early,6001,7000,0.192890832312763,0.0210906585328791,0.057489631285067
C06,9,meanPairDistanceNorm,late,7001,8000,0.235103747161405,0.0055028854754652,0.0190945681787087
C06,10,meanGO,main,6001,8000,0.780184536693076,0.087155212392049,0.347155742353893
C06,10,meanGO,early,6001,7000,0.707319047618367,0.0493556829574416,0.199700827332006
C06,10,meanGO,late,7001,8000,0.853050025767785,0.0461984188486454,0.164697520260736
C06,10,meanLO,main,6001,8000,0.827667322594473,0.0710234928652821,0.260549890942553
C06,10,meanLO,early,6001,7000,0.764643966088331,0.0319146714948289,0.146268180536448
C06,10,meanLO,late,7001,8000,0.890690679100615,0.0335162264806393,0.151902341292569
C06,10,meanPairDistanceNorm,main,6001,8000,0.217648735334435,0.0369727353651095,0.100214385682071
C06,10,meanPairDistanceNorm,early,6001,7000,0.249828617602558,0.00896604598973427,0.0285349324036968
C06,10,meanPairDistanceNorm,late,7001,8000,0.185468853066313,0.0241201551236695,0.0716128169914253
C06,11,meanGO,main,6001,8000,0.751040826843456,0.133671000130245,0.446649444625251
C06,11,meanGO,early,6001,7000,0.687564389342208,0.143030272122263,0.446649444625251
C06,11,meanGO,late,7001,8000,0.814517264344706,0.085026565330199,0.297866990305064
C06,11,meanLO,main,6001,8000,0.847967443981289,0.0794590202097022,0.300031573383677
C06,11,meanLO,early,6001,7000,0.815498036742895,0.0927659593190316,0.300031573383677
C06,11,meanLO,late,7001,8000,0.880436851219683,0.0437907888107363,0.209257080381834
C06,11,meanPairDistanceNorm,main,6001,8000,0.141147700094245,0.0280362407907672,0.087455213690202
C06,11,meanPairDistanceNorm,early,6001,7000,0.138509746127043,0.0319320691035307,0.087455213690202
C06,11,meanPairDistanceNorm,late,7001,8000,0.143785654061446,0.0232219689505097,0.0721548038623711
C06,12,meanGO,main,6001,8000,0.780089070708574,0.0831022611897449,0.358094004171628
C06,12,meanGO,early,6001,7000,0.812279127802342,0.0303505445294596,0.119386610839996
C06,12,meanGO,late,7001,8000,0.747899013614805,0.104034873719107,0.358094004171628
C06,12,meanLO,main,6001,8000,0.911477906469025,0.0344307785371141,0.160662756739712
C06,12,meanLO,early,6001,7000,0.923803980716607,0.0129552654702475,0.0826187127002983
C06,12,meanLO,late,7001,8000,0.899151832221443,0.0435905540458018,0.160662756739712
C06,12,meanPairDistanceNorm,main,6001,8000,0.0761334700989059,0.0298039634342056,0.0969615759490111
C06,12,meanPairDistanceNorm,early,6001,7000,0.0728534808925737,0.0351544677632553,0.0969615759490111
C06,12,meanPairDistanceNorm,late,7001,8000,0.0794134593052381,0.0228049739722515,0.0697232506238024
C06,13,meanGO,main,6001,8000,0.390217733164409,0.144548005585232,0.539713987281838
C06,13,meanGO,early,6001,7000,0.460386889072794,0.0650318591704294,0.226643632452744
C06,13,meanGO,late,7001,8000,0.320048577256024,0.16650148951641,0.539713987281838
C06,13,meanLO,main,6001,8000,0.619543190092329,0.131233140962478,0.524458474855003
C06,13,meanLO,early,6001,7000,0.711693431647263,0.0575480289561127,0.256062595855144
C06,13,meanLO,late,7001,8000,0.527392948537394,0.118951267088872,0.486544295619454
C06,13,meanPairDistanceNorm,main,6001,8000,0.18529576253513,0.0611243200497144,0.172227453581175
C06,13,meanPairDistanceNorm,early,6001,7000,0.129247488077497,0.0295965859898429,0.107126511329391
C06,13,meanPairDistanceNorm,late,7001,8000,0.241344036992764,0.0176363198158388,0.0648347231866978
C06,14,meanGO,main,6001,8000,0.944872097806608,0.0406255299335077,0.158760840228399
C06,14,meanGO,early,6001,7000,0.938193079805163,0.0377786561022381,0.145903080440668
C06,14,meanGO,late,7001,8000,0.951551115808053,0.0422609124704565,0.143622080743209
C06,14,meanLO,main,6001,8000,0.961819137564887,0.0226458174220005,0.101212275084419
C06,14,meanLO,early,6001,7000,0.951044233672462,0.0202833256270419,0.090501780860452
C06,14,meanLO,late,7001,8000,0.972594041457311,0.0195534294690817,0.0811144347773837
C06,14,meanPairDistanceNorm,main,6001,8000,0.0967670448032983,0.00959799420197894,0.0260075301871354
C06,14,meanPairDistanceNorm,early,6001,7000,0.105968993164503,0.00284726330097941,0.0119581176513759
C06,14,meanPairDistanceNorm,late,7001,8000,0.0875650964420938,0.00258979966226813,0.0139838317570028
C06,15,meanGO,main,6001,8000,0.594628263162693,0.0918928706241482,0.399642795955261
C06,15,meanGO,early,6001,7000,0.54361012957923,0.0984371850206362,0.340627730745348
C06,15,meanGO,late,7001,8000,0.645646396746155,0.0446795465647346,0.172325748771283
C06,15,meanLO,main,6001,8000,0.784525927028803,0.0455112813132179,0.220036618160436
C06,15,meanLO,early,6001,7000,0.779813834030065,0.0521960739558309,0.207738991811203
C06,15,meanLO,late,7001,8000,0.789238020027541,0.0370910309140299,0.152114940747654
C06,15,meanPairDistanceNorm,main,6001,8000,0.142295692267483,0.033884696296972,0.118788979207281
C06,15,meanPairDistanceNorm,early,6001,7000,0.155987230727988,0.0417934461486581,0.118788979207281
C06,15,meanPairDistanceNorm,late,7001,8000,0.128604153806978,0.0132480460705276,0.0416210967271285
C06,16,meanGO,main,6001,8000,0.638534247117031,0.118028108858055,0.542106671164937
C06,16,meanGO,early,6001,7000,0.640139154758994,0.152578509022951,0.542106671164937
C06,16,meanGO,late,7001,8000,0.636929339475066,0.0677484723880827,0.219992378912921
C06,16,meanLO,main,6001,8000,0.790770721336926,0.0706085121386835,0.356495652107326
C06,16,meanLO,early,6001,7000,0.824597798781185,0.058724079042013,0.278062530436134
C06,16,meanLO,late,7001,8000,0.756943643892667,0.0650904286057004,0.271583685259213
C06,16,meanPairDistanceNorm,main,6001,8000,0.0835176102892709,0.0462003693230798,0.170150755411889
C06,16,meanPairDistanceNorm,early,6001,7000,0.0753627017539934,0.0548162172400204,0.170150755411889
C06,16,meanPairDistanceNorm,late,7001,8000,0.0916725188245484,0.0336619812959226,0.147902427835592
C06,17,meanGO,main,6001,8000,0.729253555261375,0.102468154462806,0.355351775103076
C06,17,meanGO,early,6001,7000,0.788186761798258,0.0611826791223941,0.210813525862232
C06,17,meanGO,late,7001,8000,0.670320348724491,0.101555090970581,0.293898127560788
C06,17,meanLO,main,6001,8000,0.781368639329057,0.122911624907677,0.460399775896143
C06,17,meanLO,early,6001,7000,0.857183344509313,0.0475990995801256,0.170253954616374
C06,17,meanLO,late,7001,8000,0.705553934148802,0.12828381384474,0.408876762817829
C06,17,meanPairDistanceNorm,main,6001,8000,0.214121116690986,0.0271113229997607,0.0822679090697488
C06,17,meanPairDistanceNorm,early,6001,7000,0.236101564173781,0.00771074623840151,0.0278071034792484
C06,17,meanPairDistanceNorm,late,7001,8000,0.19214066920819,0.0210732159661914,0.0544455640512962
C06,18,meanGO,main,6001,8000,0.340276669161119,0.103888551245489,0.454911135455173
C06,18,meanGO,early,6001,7000,0.286069655177753,0.106657253778491,0.454911135455173
C06,18,meanGO,late,7001,8000,0.394483683144485,0.065863590833776,0.214885007045391
C06,18,meanLO,main,6001,8000,0.57070370984553,0.0976060698796632,0.470382704941979
C06,18,meanLO,early,6001,7000,0.500009003195905,0.0851098335673517,0.470382704941979
C06,18,meanLO,late,7001,8000,0.641398416495155,0.0425940592226852,0.219243815346058
C06,18,meanPairDistanceNorm,main,6001,8000,0.228777495157558,0.0387150930940515,0.0997097218268518
C06,18,meanPairDistanceNorm,early,6001,7000,0.194570701286265,0.0178300484633196,0.070248748686959
C06,18,meanPairDistanceNorm,late,7001,8000,0.262984289028851,0.0184052859580521,0.0682675824669239
C06,19,meanGO,main,6001,8000,0.744765244671722,0.145958618871903,0.474566592008126
C06,19,meanGO,early,6001,7000,0.61042672402078,0.0570571096202939,0.235092608809759
C06,19,meanGO,late,7001,8000,0.879103765322666,0.0569547387317007,0.237280462197022
C06,19,meanLO,main,6001,8000,0.828646458790878,0.10757287872782,0.327121433924857
C06,19,meanLO,early,6001,7000,0.728551930836315,0.0392400683233674,0.180074275489043
C06,19,meanLO,late,7001,8000,0.928740986745442,0.039468494796103,0.155728978539923
C06,19,meanPairDistanceNorm,main,6001,8000,0.100938211223467,0.0415901957649676,0.117019741233855
C06,19,meanPairDistanceNorm,early,6001,7000,0.131863581724893,0.0390848659614196,0.111319334194365
C06,19,meanPairDistanceNorm,late,7001,8000,0.0700128407220421,0.00434991300145583,0.0178354946395387
C06,20,meanGO,main,6001,8000,0.628412674512286,0.0806879307317107,0.296770496824461
C06,20,meanGO,early,6001,7000,0.605324527576322,0.0648401380498265,0.296770496824461
C06,20,meanGO,late,7001,8000,0.65150082144825,0.0880690958186337,0.274738588932497
C06,20,meanLO,main,6001,8000,0.732493312759691,0.0777902444135943,0.359498450228427
C06,20,meanLO,early,6001,7000,0.694953249323077,0.0770003076373099,0.359498450228427
C06,20,meanLO,late,7001,8000,0.770033376196305,0.0579510154821192,0.213633820955958
C06,20,meanPairDistanceNorm,main,6001,8000,0.178714707686836,0.0716288170609876,0.205980968008764
C06,20,meanPairDistanceNorm,early,6001,7000,0.119059169477411,0.0120633648938883,0.0413947416977938
C06,20,meanPairDistanceNorm,late,7001,8000,0.23837024589626,0.0547384211365749,0.167678214397773
C07,1,meanGO,main,6001,8000,0.301236604434304,0.148460251580905,0.557418320422851
C07,1,meanGO,early,6001,7000,0.281802098848373,0.101369351256078,0.344673943926934
C07,1,meanGO,late,7001,8000,0.320671110020235,0.181854484582457,0.552221225041383
C07,1,meanLO,main,6001,8000,0.671116735849571,0.132504137420611,0.594678092541149
C07,1,meanLO,early,6001,7000,0.636389554076882,0.151330442931766,0.594678092541149
C07,1,meanLO,late,7001,8000,0.705843917622259,0.0990807557206116,0.407806800483883
C07,1,meanPairDistanceNorm,main,6001,8000,0.155991477161168,0.0757739459846588,0.215952183677442
C07,1,meanPairDistanceNorm,early,6001,7000,0.146607405233147,0.078903825942654,0.210854709069249
C07,1,meanPairDistanceNorm,late,7001,8000,0.165375549089188,0.0713233311077198,0.191530441244484
C07,2,meanGO,main,6001,8000,0.86780783043082,0.0401032798507358,0.176178017803448
C07,2,meanGO,early,6001,7000,0.835388354237265,0.0294715905031093,0.160489205265795
C07,2,meanGO,late,7001,8000,0.900227306624377,0.0156662798192867,0.0922907641396472
C07,2,meanLO,main,6001,8000,0.928579013177834,0.046150501402207,0.180739998944822
C07,2,meanLO,early,6001,7000,0.888684854823879,0.026876666496358,0.144416782892848
C07,2,meanLO,late,7001,8000,0.968473171531789,0.0187946892131197,0.0943636160341207
C07,2,meanPairDistanceNorm,main,6001,8000,0.062450422524957,0.0138316163318143,0.0484193715272778
C07,2,meanPairDistanceNorm,early,6001,7000,0.0573641009492843,0.0145108361837153,0.0472234608561523
C07,2,meanPairDistanceNorm,late,7001,8000,0.0675367441006297,0.0109754832055857,0.0338609699461257
C07,3,meanGO,main,6001,8000,0.801992384608341,0.043980682902864,0.22386312977832
C07,3,meanGO,early,6001,7000,0.806223429319599,0.0515880344676035,0.22386312977832
C07,3,meanGO,late,7001,8000,0.797761339897083,0.034254526061002,0.152710872084228
C07,3,meanLO,main,6001,8000,0.829400235086065,0.0416543515531581,0.204383322227549
C07,3,meanLO,early,6001,7000,0.84535275666748,0.0403088983455138,0.198610595652887
C07,3,meanLO,late,7001,8000,0.813447713504649,0.0365735447782727,0.150680958942278
C07,3,meanPairDistanceNorm,main,6001,8000,0.101851938939352,0.00915774314664001,0.0315136482037368
C07,3,meanPairDistanceNorm,early,6001,7000,0.0994990158332211,0.0115901710621935,0.0315136482037368
C07,3,meanPairDistanceNorm,late,7001,8000,0.104204862045482,0.00473252830650938,0.0189007663253297
C07,4,meanGO,main,6001,8000,0.29367053749639,0.117700303563048,0.390482159124587
C07,4,meanGO,early,6001,7000,0.30478218984046,0.107288520266338,0.312992294019784
C07,4,meanGO,late,7001,8000,0.282558885152321,0.126343099316753,0.390482159124587
C07,4,meanLO,main,6001,8000,0.737038219725931,0.117318815018307,0.473494032020768
C07,4,meanLO,early,6001,7000,0.806303384787207,0.0672542047260743,0.293335636731505
C07,4,meanLO,late,7001,8000,0.667773054664655,0.115815055282366,0.473494032020768
C07,4,meanPairDistanceNorm,main,6001,8000,0.228279004781313,0.0500015847425021,0.164454413970564
C07,4,meanPairDistanceNorm,early,6001,7000,0.260886061857511,0.0496047819143779,0.164454413970564
C07,4,meanPairDistanceNorm,late,7001,8000,0.195671947705115,0.0203375592103888,0.0645171641489793
C07,5,meanGO,main,6001,8000,0.637095074981279,0.0775983881854194,0.364807225745144
C07,5,meanGO,early,6001,7000,0.629872112226101,0.0492201892960032,0.232012053042796
C07,5,meanGO,late,7001,8000,0.644318037736456,0.0975805993640535,0.364807225745144
C07,5,meanLO,main,6001,8000,0.750023875556852,0.0679163302486828,0.313147952595408
C07,5,meanLO,early,6001,7000,0.713824256743541,0.0487690211367919,0.225113407510036
C07,5,meanLO,late,7001,8000,0.786223494370164,0.0650231297209247,0.287155091667969
C07,5,meanPairDistanceNorm,main,6001,8000,0.15078497007636,0.0638812088068678,0.197144975498881
C07,5,meanPairDistanceNorm,early,6001,7000,0.201816699317995,0.00965455339471438,0.0384547018577922
C07,5,meanPairDistanceNorm,late,7001,8000,0.0997532408347245,0.0534677819110149,0.172311537370673
C07,6,meanGO,main,6001,8000,0.438315442010727,0.0661670213127092,0.294629549615711
C07,6,meanGO,early,6001,7000,0.459775092653217,0.0566435162931155,0.258537411562706
C07,6,meanGO,late,7001,8000,0.416855791368237,0.0680447556491253,0.294629549615711
C07,6,meanLO,main,6001,8000,0.719632381359249,0.0907292634631461,0.427270811971191
C07,6,meanLO,early,6001,7000,0.708082765186269,0.107498462338597,0.427270811971191
C07,6,meanLO,late,7001,8000,0.731181997532229,0.0681825843558818,0.24321606030566
C07,6,meanPairDistanceNorm,main,6001,8000,0.202345438714796,0.0868343662160113,0.273031638549958
C07,6,meanPairDistanceNorm,early,6001,7000,0.157154251122347,0.0835785045376774,0.254008960849772
C07,6,meanPairDistanceNorm,late,7001,8000,0.247536626307245,0.0633562956536277,0.175132762527989
C07,7,meanGO,main,6001,8000,0.628316428443627,0.0663529055514742,0.281391022718142
C07,7,meanGO,early,6001,7000,0.608383049256985,0.0775457674311464,0.276260734330077
C07,7,meanGO,late,7001,8000,0.64824980763027,0.0447325668016864,0.172608253772824
C07,7,meanLO,main,6001,8000,0.77769728088025,0.0809768185909924,0.324147051853963
C07,7,meanLO,early,6001,7000,0.738031802393459,0.0706738846620066,0.286969767145257
C07,7,meanLO,late,7001,8000,0.81736275936704,0.0705436454727634,0.24426273581433
C07,7,meanPairDistanceNorm,main,6001,8000,0.209275287785412,0.0427886342681427,0.146105093238866
C07,7,meanPairDistanceNorm,early,6001,7000,0.192743404953971,0.03608472509478,0.117417094820411
C07,7,meanPairDistanceNorm,late,7001,8000,0.225807170616853,0.0425946746256386,0.142753197435952
C07,8,meanGO,main,6001,8000,0.621345527647607,0.0566832439032759,0.210922027883835
C07,8,meanGO,early,6001,7000,0.600409744287894,0.0447658253920777,0.187229765141036
C07,8,meanGO,late,7001,8000,0.642281311007319,0.0595627888937156,0.189503820293753
C07,8,meanLO,main,6001,8000,0.75266325892368,0.0771360869856295,0.36477876975632
C07,8,meanLO,early,6001,7000,0.717515707203531,0.0248666035773197,0.117968208725308
C07,8,meanLO,late,7001,8000,0.787810810643829,0.0938849606246178,0.36477876975632
C07,8,meanPairDistanceNorm,main,6001,8000,0.169958279184525,0.0497499241558817,0.149059034554468
C07,8,meanPairDistanceNorm,early,6001,7000,0.19167380086722,0.0269953307670637,0.101677516670035
C07,8,meanPairDistanceNorm,late,7001,8000,0.14824275750183,0.0572692563296908,0.149059034554468
C07,9,meanGO,main,6001,8000,0.956674336585993,0.0366538000988655,0.147596873383218
C07,9,meanGO,early,6001,7000,0.930520259334566,0.0348431768334802,0.135139206165024
C07,9,meanGO,late,7001,8000,0.982828413837419,0.0102400704456447,0.0474038903702724
C07,9,meanLO,main,6001,8000,0.966117329621767,0.0352513752307553,0.173163206830111
C07,9,meanLO,early,6001,7000,0.940644655223086,0.0339890893902974,0.159619343655741
C07,9,meanLO,late,7001,8000,0.991590004020449,0.00568254535913554,0.0295815818088497
C07,9,meanPairDistanceNorm,main,6001,8000,0.0470995970290259,0.00335571290073083,0.0104941857214844
C07,9,meanPairDistanceNorm,early,6001,7000,0.0440440319102211,0.00150297730414933,0.00907351402241939
C07,9,meanPairDistanceNorm,late,7001,8000,0.0501551621478307,0.001257895627656,0.00412844085519793
C07,10,meanGO,main,6001,8000,0.396914367104422,0.204344625961612,0.628278327172984
C07,10,meanGO,early,6001,7000,0.558357237863598,0.0424359341466727,0.166535904958331
C07,10,meanGO,late,7001,8000,0.235471496345245,0.171972851106849,0.514550462260989
C07,10,meanLO,main,6001,8000,0.752339381980151,0.105526489869952,0.483526884387005
C07,10,meanLO,early,6001,7000,0.797758128287632,0.0625751730303411,0.308694057152879
C07,10,meanLO,late,7001,8000,0.706920635672671,0.119320241152315,0.470651352445685
C07,10,meanPairDistanceNorm,main,6001,8000,0.150028994059619,0.0772403886124026,0.317702698160851
C07,10,meanPairDistanceNorm,early,6001,7000,0.142371052168299,0.0273738982079386,0.0859720821029096
C07,10,meanPairDistanceNorm,late,7001,8000,0.157686935950938,0.10522067980677,0.317702698160851
C07,11,meanGO,main,6001,8000,0.898945435610511,0.0553734187398747,0.209808030666933
C07,11,meanGO,early,6001,7000,0.854122207746353,0.0378645228786908,0.156955156199032
C07,11,meanGO,late,7001,8000,0.943768663474668,0.0260674590195769,0.10546534611591
C07,11,meanLO,main,6001,8000,0.914110086308558,0.0488078406480501,0.259064860539763
C07,11,meanLO,early,6001,7000,0.876775230649564,0.0383591610992877,0.218478209249798
C07,11,meanLO,late,7001,8000,0.951444941967552,0.0224676767709741,0.122788174474972
C07,11,meanPairDistanceNorm,main,6001,8000,0.0109793438490249,0.00761414734884394,0.026772675318579
C07,11,meanPairDistanceNorm,early,6001,7000,0.0166756807034851,0.00681501373102243,0.0209554688125271
C07,11,meanPairDistanceNorm,late,7001,8000,0.00528300699456463,0.00214537461329297,0.00829812667907953
C07,12,meanGO,main,6001,8000,0.783376846908281,0.106294074275752,0.387911736367516
C07,12,meanGO,early,6001,7000,0.731627344370383,0.0802924877698956,0.277518334950845
C07,12,meanGO,late,7001,8000,0.835126349446178,0.103922582679206,0.377219044248459
C07,12,meanLO,main,6001,8000,0.900877277618155,0.0443217042197969,0.185358243497681
C07,12,meanLO,early,6001,7000,0.884361021969505,0.0427051644376717,0.158383613141689
C07,12,meanLO,late,7001,8000,0.917393533266806,0.0395087676252568,0.146708167320003
C07,12,meanPairDistanceNorm,main,6001,8000,0.063760975534359,0.0207029343455265,0.0698617910999876
C07,12,meanPairDistanceNorm,early,6001,7000,0.0760887817179424,0.0202646456744015,0.0667055170990511
C07,12,meanPairDistanceNorm,late,7001,8000,0.0514331693507756,0.0119474806042075,0.0405154007537956
C07,13,meanGO,main,6001,8000,0.547825755217085,0.153094305450137,0.592510232904169
C07,13,meanGO,early,6001,7000,0.643038720839533,0.0521638318841212,0.203925674429022
C07,13,meanGO,late,7001,8000,0.452612789594637,0.161334936952041,0.511836752543386
C07,13,meanLO,main,6001,8000,0.676250442111788,0.14038117286673,0.683674390519943
C07,13,meanLO,early,6001,7000,0.76813868928132,0.0623604311523641,0.284662113825078
C07,13,meanLO,late,7001,8000,0.584362194942255,0.136531486764579,0.564165295158973
C07,13,meanPairDistanceNorm,main,6001,8000,0.198044528692727,0.0234170267791061,0.0642158651596987
C07,13,meanPairDistanceNorm,early,6001,7000,0.186848175350539,0.015774777665411,0.0574299099391405
C07,13,meanPairDistanceNorm,late,7001,8000,0.209240882034915,0.0244428304018296,0.0627198629394142
C07,14,meanGO,main,6001,8000,0.385800897595078,0.0873405388017489,0.398228379060175
C07,14,meanGO,early,6001,7000,0.38039775014232,0.0672099378720747,0.229114971198442
C07,14,meanGO,late,7001,8000,0.391204045047835,0.10338642677872,0.398228379060175
C07,14,meanLO,main,6001,8000,0.583737429522205,0.0863419963172229,0.479575877523858
C07,14,meanLO,early,6001,7000,0.568684250689001,0.0475451181519959,0.202555069189911
C07,14,meanLO,late,7001,8000,0.598790608355409,0.110467890188621,0.479575877523858
C07,14,meanPairDistanceNorm,main,6001,8000,0.220771349108959,0.0763035292449822,0.227588942321117
C07,14,meanPairDistanceNorm,early,6001,7000,0.283795872893262,0.0469177892908973,0.156130598122617
C07,14,meanPairDistanceNorm,late,7001,8000,0.157746825324656,0.0386894420399208,0.129797472509458
C07,15,meanGO,main,6001,8000,0.591906613497273,0.10293503751394,0.382396623300359
C07,15,meanGO,early,6001,7000,0.628055441173713,0.0939874046916659,0.317302543791864
C07,15,meanGO,late,7001,8000,0.555757785820834,0.0987528546785124,0.315927703400541
C07,15,meanLO,main,6001,8000,0.705099172209672,0.0849372234943652,0.471306972249647
C07,15,meanLO,early,6001,7000,0.688133889430739,0.104677031393538,0.471306972249647
C07,15,meanLO,late,7001,8000,0.722064454988604,0.0538738031383758,0.239636231834076
C07,15,meanPairDistanceNorm,main,6001,8000,0.196772923610259,0.0382802910953767,0.140998017494722
C07,15,meanPairDistanceNorm,early,6001,7000,0.170606142563203,0.0303316077710223,0.111929740920177
C07,15,meanPairDistanceNorm,late,7001,8000,0.222939704657315,0.0253268663259153,0.0901137267845912
C07,16,meanGO,main,6001,8000,0.774778420707853,0.0629485248359019,0.299041556602496
C07,16,meanGO,early,6001,7000,0.748420407557282,0.0704528134376061,0.281663677412123
C07,16,meanGO,late,7001,8000,0.801136433858423,0.0396802283881288,0.171131729563145
C07,16,meanLO,main,6001,8000,0.825072748615712,0.0648519133054786,0.313754565709866
C07,16,meanLO,early,6001,7000,0.794473653483661,0.066842456049544,0.27808989458982
C07,16,meanLO,late,7001,8000,0.855671843747764,0.0455340931515853,0.193029714374587
C07,16,meanPairDistanceNorm,main,6001,8000,0.10999391165441,0.0158806422135505,0.0605792401239725
C07,16,meanPairDistanceNorm,early,6001,7000,0.103152126723345,0.00909913269716317,0.0286523413318686
C07,16,meanPairDistanceNorm,late,7001,8000,0.116835696585475,0.0181144712810405,0.0605792401239725
C07,17,meanGO,main,6001,8000,0.922144042110772,0.0576909534836741,0.213540466178237
C07,17,meanGO,early,6001,7000,0.906556878105127,0.0739850506223017,0.20671715953521
C07,17,meanGO,late,7001,8000,0.937731206116418,0.0264505259034835,0.112799818751071
C07,17,meanLO,main,6001,8000,0.931949253622598,0.0480895708005765,0.199742664997552
C07,17,meanLO,early,6001,7000,0.924786655153209,0.0597908084975699,0.190136090177936
C07,17,meanLO,late,7001,8000,0.939111852091988,0.0308201141871078,0.1510859829247
C07,17,meanPairDistanceNorm,main,6001,8000,0.0865976448365967,0.00415915131499846,0.0256514478611337
C07,17,meanPairDistanceNorm,early,6001,7000,0.0841198242966449,0.00465694637208607,0.0256514478611337
C07,17,meanPairDistanceNorm,late,7001,8000,0.0890754653765484,0.000797348686577685,0.00404923339357015
C07,18,meanGO,main,6001,8000,0.510469369969498,0.133906533428719,0.421103037564428
C07,18,meanGO,early,6001,7000,0.388297231299387,0.0351194610238298,0.118736942915935
C07,18,meanGO,late,7001,8000,0.632641508639608,0.0690256972181789,0.30637689686855
C07,18,meanLO,main,6001,8000,0.671837791964724,0.103674633677164,0.446951821067756
C07,18,meanLO,early,6001,7000,0.579970300467751,0.0486447963190267,0.272037364593933
C07,18,meanLO,late,7001,8000,0.763705283461697,0.0473828466860824,0.201963047073153
C07,18,meanPairDistanceNorm,main,6001,8000,0.18100749800448,0.0181147234873614,0.0597377843192699
C07,18,meanPairDistanceNorm,early,6001,7000,0.191188326198985,0.011081285508071,0.0320039280451818
C07,18,meanPairDistanceNorm,late,7001,8000,0.170826669809975,0.0180641624696779,0.0553402394801946
C07,19,meanGO,main,6001,8000,0.421545562768022,0.0911937194466483,0.379564223022026
C07,19,meanGO,early,6001,7000,0.486295135708602,0.0754411780755448,0.335534445578114
C07,19,meanGO,late,7001,8000,0.356795989827442,0.050558227845848,0.208751015357392
C07,19,meanLO,main,6001,8000,0.521674500116799,0.07366663182283,0.350412087803283
C07,19,meanLO,early,6001,7000,0.573751210396889,0.0555833264296072,0.228671644240133
C07,19,meanLO,late,7001,8000,0.46959778983671,0.0483743156231969,0.235262189546655
C07,19,meanPairDistanceNorm,main,6001,8000,0.232943809439979,0.0181616031015587,0.0610018166563054
C07,19,meanPairDistanceNorm,early,6001,7000,0.243024677775205,0.0113560621240771,0.0435894792029224
C07,19,meanPairDistanceNorm,late,7001,8000,0.222862941104753,0.0180999010335427,0.0538806871216314
C07,20,meanGO,main,6001,8000,0.57972901668345,0.104064375990041,0.4119534462694
C07,20,meanGO,early,6001,7000,0.593308411662016,0.124689454317662,0.409639153454843
C07,20,meanGO,late,7001,8000,0.566149621704886,0.0758485320350297,0.318921514989084
C07,20,meanLO,main,6001,8000,0.758766936305646,0.0577036596266484,0.298743922405667
C07,20,meanLO,early,6001,7000,0.755055324785251,0.0507322162587056,0.215640860167657
C07,20,meanLO,late,7001,8000,0.762478547826041,0.0637292730824642,0.298743922405667
C07,20,meanPairDistanceNorm,main,6001,8000,0.146874808240694,0.0684720057593293,0.186399513915103
C07,20,meanPairDistanceNorm,early,6001,7000,0.204486596573173,0.0122234189496476,0.0357657331583141
C07,20,meanPairDistanceNorm,late,7001,8000,0.0892630199082147,0.050864831586769,0.155100769600488
C08,1,meanGO,main,6001,8000,0.933463900899572,0.0421008129564491,0.138425956180582
C08,1,meanGO,early,6001,7000,0.912798424421814,0.0141560996032304,0.0381554048569965
C08,1,meanGO,late,7001,8000,0.954129377377329,0.0499134970222997,0.138425956180582
C08,1,meanLO,main,6001,8000,0.965732663621542,0.0214660377819502,0.0700821695473043
C08,1,meanLO,early,6001,7000,0.953230484475267,0.00655720901772828,0.0211524841270971
C08,1,meanLO,late,7001,8000,0.978234842767817,0.0237933589335413,0.0700821695473043
C08,1,meanPairDistanceNorm,main,6001,8000,0.131716984646436,0.0139085985964472,0.0438578886216394
C08,1,meanPairDistanceNorm,early,6001,7000,0.143924235638595,0.00874648625337615,0.0319310177844374
C08,1,meanPairDistanceNorm,late,7001,8000,0.119509733654276,0.00350122335110805,0.0172581836885493
C08,2,meanGO,main,6001,8000,0.709093441203662,0.165640191270163,0.578352410049915
C08,2,meanGO,early,6001,7000,0.636280819622625,0.0929936050515129,0.290793058186862
C08,2,meanGO,late,7001,8000,0.781906062784699,0.18878302305016,0.578352410049915
C08,2,meanLO,main,6001,8000,0.850247115235087,0.107405546275422,0.556181139307837
C08,2,meanLO,early,6001,7000,0.861433724565951,0.0360514267552975,0.182686979541892
C08,2,meanLO,late,7001,8000,0.839060505904224,0.146741997674797,0.556181139307837
C08,2,meanPairDistanceNorm,main,6001,8000,0.0954618592649789,0.0292878991140169,0.113439407748405
C08,2,meanPairDistanceNorm,early,6001,7000,0.10392535220952,0.0385347868446008,0.113439407748405
C08,2,meanPairDistanceNorm,late,7001,8000,0.0869983663204375,0.00938541853440482,0.0295383049943174
C08,3,meanGO,main,6001,8000,0.391547027797869,0.105147844831557,0.471615872532921
C08,3,meanGO,early,6001,7000,0.465776831541112,0.0555547009617315,0.19304977077875
C08,3,meanGO,late,7001,8000,0.317317224054626,0.0894747014339638,0.353024830007669
C08,3,meanLO,main,6001,8000,0.519152945392271,0.0713707309665172,0.321175358949487
C08,3,meanLO,early,6001,7000,0.500718567475287,0.068495978081263,0.260146509514386
C08,3,meanLO,late,7001,8000,0.537587323309254,0.0694307527894971,0.314919152564398
C08,3,meanPairDistanceNorm,main,6001,8000,0.247639865638399,0.025470041634065,0.12066450430965
C08,3,meanPairDistanceNorm,early,6001,7000,0.250741020853907,0.0163528665831346,0.0558862470031917
C08,3,meanPairDistanceNorm,late,7001,8000,0.24453871042289,0.0318029179112101,0.108551597298616
C08,4,meanGO,main,6001,8000,0.786364776423859,0.0771606009650502,0.300144244365457
C08,4,meanGO,early,6001,7000,0.720739500422043,0.0400605327408341,0.166821946829769
C08,4,meanGO,late,7001,8000,0.851990052425675,0.0410688987051008,0.159679558567812
C08,4,meanLO,main,6001,8000,0.862915286038723,0.0427746311820989,0.211790090090427
C08,4,meanLO,early,6001,7000,0.831055471502274,0.0306881120246542,0.15294781817723
C08,4,meanLO,late,7001,8000,0.894775100575172,0.0262160587079502,0.138217970157231
C08,4,meanPairDistanceNorm,main,6001,8000,0.130889987661821,0.0284179057871491,0.0911681871135083
C08,4,meanPairDistanceNorm,early,6001,7000,0.1542803527984,0.0197960382830528,0.0708754434839543
C08,4,meanPairDistanceNorm,late,7001,8000,0.107499622525242,0.0113475246897496,0.0396402406392858
C08,5,meanGO,main,6001,8000,0.84995461135555,0.051693613526474,0.231364063239868
C08,5,meanGO,early,6001,7000,0.816090568200341,0.0491550480532632,0.212219748797593
C08,5,meanGO,late,7001,8000,0.88381865451076,0.0252006514597979,0.141321832489643
C08,5,meanLO,main,6001,8000,0.87238073641841,0.0430035025034312,0.212447706618361
C08,5,meanLO,early,6001,7000,0.849078464963229,0.0469526726094591,0.190426854245554
C08,5,meanLO,late,7001,8000,0.89568300787359,0.0202193311858616,0.114140311891034
C08,5,meanPairDistanceNorm,main,6001,8000,0.0398473636815996,0.00704690416422667,0.025417446752827
C08,5,meanPairDistanceNorm,early,6001,7000,0.0434281392124692,0.00834560449991424,0.025417446752827
C08,5,meanPairDistanceNorm,late,7001,8000,0.0362665881507301,0.00201214669349383,0.0108677875731719
C08,6,meanGO,main,6001,8000,0.439551079356964,0.153121880256537,0.476642096292189
C08,6,meanGO,early,6001,7000,0.318382631654772,0.102178872188017,0.330490135586379
C08,6,meanGO,late,7001,8000,0.560719527059155,0.084158124203428,0.274355136727807
C08,6,meanLO,main,6001,8000,0.758711365476328,0.0991316912003937,0.419898055742552
C08,6,meanLO,early,6001,7000,0.707169554170036,0.109957954532527,0.397073380755685
C08,6,meanLO,late,7001,8000,0.81025317678262,0.047485097705756,0.203873822175139
C08,6,meanPairDistanceNorm,main,6001,8000,0.184097940131664,0.0609870837628444,0.18714216390428
C08,6,meanPairDistanceNorm,early,6001,7000,0.152764379246823,0.0598561013008975,0.18714216390428
C08,6,meanPairDistanceNorm,late,7001,8000,0.215431501016504,0.0435232056644432,0.14632939669419
C08,7,meanGO,main,6001,8000,0.965137624762187,0.0286584928143085,0.106061606386992
C08,7,meanGO,early,6001,7000,0.96447486967091,0.0251497123463547,0.0964729726941607
C08,7,meanGO,late,7001,8000,0.965800379853464,0.0317813334053635,0.106061606386992
C08,7,meanLO,main,6001,8000,0.97047613358547,0.0230938243082425,0.0929736633667115
C08,7,meanLO,early,6001,7000,0.96785506123288,0.0224139414980562,0.0929736633667115
C08,7,meanLO,late,7001,8000,0.97309720593806,0.0234743420165942,0.0865286791122089
C08,7,meanPairDistanceNorm,main,6001,8000,0.115645328256287,0.00388376893858467,0.0129491989319974
C08,7,meanPairDistanceNorm,early,6001,7000,0.118237352634548,0.00168407693265367,0.00642691564234876
C08,7,meanPairDistanceNorm,late,7001,8000,0.113053303878025,0.00372769024934589,0.0129380525966619
C08,8,meanGO,main,6001,8000,0.705344090136368,0.0634244303530663,0.244878024138016
C08,8,meanGO,early,6001,7000,0.742103029497533,0.0567279521410854,0.190981547173643
C08,8,meanGO,late,7001,8000,0.668585150775203,0.0461100690939129,0.227184840624304
C08,8,meanLO,main,6001,8000,0.83046639003244,0.0390247387757132,0.190408280914603
C08,8,meanLO,early,6001,7000,0.84657059876714,0.0337393415944723,0.190408280914603
C08,8,meanLO,late,7001,8000,0.814362181297739,0.0372804435094085,0.186384426590482
C08,8,meanPairDistanceNorm,main,6001,8000,0.12360618108879,0.0322315224124568,0.12098881311077
C08,8,meanPairDistanceNorm,early,6001,7000,0.128724687226665,0.0135734059560636,0.0489008273359114
C08,8,meanPairDistanceNorm,late,7001,8000,0.118487674950915,0.042919622259772,0.12098881311077
C08,9,meanGO,main,6001,8000,0.648736574306008,0.0829850397043668,0.351096388526855
C08,9,meanGO,early,6001,7000,0.586756033374561,0.0341505708208527,0.149616083556429
C08,9,meanGO,late,7001,8000,0.710717115237455,0.0701626665558114,0.266942219143167
C08,9,meanLO,main,6001,8000,0.80060697549236,0.0784109155366273,0.366862076831389
C08,9,meanLO,early,6001,7000,0.75263898533545,0.0756805589357596,0.312365566271469
C08,9,meanLO,late,7001,8000,0.848574965649269,0.0443699014405922,0.168190042334758
C08,9,meanPairDistanceNorm,main,6001,8000,0.202953527283802,0.0389043408419361,0.108154984601218
C08,9,meanPairDistanceNorm,early,6001,7000,0.234586892365295,0.0121020254186693,0.0544702450185206
C08,9,meanPairDistanceNorm,late,7001,8000,0.171320162202308,0.0296447061139474,0.0907579990839902
C08,10,meanGO,main,6001,8000,0.621870502614793,0.205836758184793,0.652552614804185
C08,10,meanGO,early,6001,7000,0.454243593337291,0.129636583923375,0.446734554380704
C08,10,meanGO,late,7001,8000,0.789497411892294,0.108261230769984,0.342001650686242
C08,10,meanLO,main,6001,8000,0.751278508748756,0.152289797275853,0.590170411646816
C08,10,meanLO,early,6001,7000,0.63288018828027,0.117707784069296,0.494009090718004
C08,10,meanLO,late,7001,8000,0.869676829217242,0.0669930496947514,0.275016668010704
C08,10,meanPairDistanceNorm,main,6001,8000,0.138158665343924,0.0785413340458235,0.242015869976384
C08,10,meanPairDistanceNorm,early,6001,7000,0.207260362884175,0.0408407825136584,0.133982217273868
C08,10,meanPairDistanceNorm,late,7001,8000,0.069056967803674,0.0334071676799139,0.107889997694967
C08,11,meanGO,main,6001,8000,0.71633369088426,0.0684444839358494,0.291936244410959
C08,11,meanGO,early,6001,7000,0.771137908845258,0.0446187224459761,0.221336253260785
C08,11,meanGO,late,7001,8000,0.661529472923261,0.0370153491977719,0.194219891234677
C08,11,meanLO,main,6001,8000,0.787795953196858,0.0931816934594711,0.366866015503411
C08,11,meanLO,early,6001,7000,0.851366564828916,0.0770013938371648,0.366866015503411
C08,11,meanLO,late,7001,8000,0.724225341564798,0.0579188828983133,0.238675261890819
C08,11,meanPairDistanceNorm,main,6001,8000,0.100241147277437,0.0277060832511871,0.0945153892841951
C08,11,meanPairDistanceNorm,early,6001,7000,0.0789250628593598,0.0134700022449236,0.0482758064161943
C08,11,meanPairDistanceNorm,late,7001,8000,0.121557231695514,0.0210931496652859,0.0776162827335817
C08,12,meanGO,main,6001,8000,0.581854464888472,0.0925203630060832,0.340585027101329
C08,12,meanGO,early,6001,7000,0.658452355008402,0.0328267816209229,0.137281390410576
C08,12,meanGO,late,7001,8000,0.505256574768541,0.0656108708577515,0.245217067330003
C08,12,meanLO,main,6001,8000,0.714890741804981,0.108173815722963,0.431162251887802
C08,12,meanLO,early,6001,7000,0.79543758072405,0.0668147320878544,0.294131182800732
C08,12,meanLO,late,7001,8000,0.634343902885913,0.0772144972466423,0.342232409715494
C08,12,meanPairDistanceNorm,main,6001,8000,0.260222966640549,0.0102951186977638,0.0384085940951506
C08,12,meanPairDistanceNorm,early,6001,7000,0.256909566880495,0.0113671550488581,0.0384085940951506
C08,12,meanPairDistanceNorm,late,7001,8000,0.263536366400603,0.00780343542978793,0.0287195140142429
C08,13,meanGO,main,6001,8000,0.858190509251482,0.0660209114458563,0.34106000040714
C08,13,meanGO,early,6001,7000,0.822201711667038,0.0543903477962516,0.252237122515563
C08,13,meanGO,late,7001,8000,0.894179306835926,0.0563080332059872,0.184646581253402
C08,13,meanLO,main,6001,8000,0.926573768365337,0.0510414683947894,0.219949305047265
C08,13,meanLO,early,6001,7000,0.890969191046115,0.0481114357121677,0.185879102617592
C08,13,meanLO,late,7001,8000,0.962178345684559,0.0189855424710194,0.0838167607963507
C08,13,meanPairDistanceNorm,main,6001,8000,0.0772997225942924,0.0324798091930801,0.0992406885952174
C08,13,meanPairDistanceNorm,early,6001,7000,0.10522053256596,0.0116210476386251,0.038713417764134
C08,13,meanPairDistanceNorm,late,7001,8000,0.0493789126226253,0.0203759488934135,0.0605012915066241
C08,14,meanGO,main,6001,8000,0.865280602056406,0.0435651415757098,0.2456333561989
C08,14,meanGO,early,6001,7000,0.875254491693068,0.0235400710401356,0.109751621779222
C08,14,meanGO,late,7001,8000,0.855306712419744,0.055176552019466,0.235098635825957
C08,14,meanLO,main,6001,8000,0.8836726720992,0.0371306546255114,0.248369434317108
C08,14,meanLO,early,6001,7000,0.878319195181131,0.0261132660714744,0.161255445841373
C08,14,meanLO,late,7001,8000,0.889026149017269,0.0449385315677457,0.248369434317108
C08,14,meanPairDistanceNorm,main,6001,8000,0.102802158394905,0.0103887926743658,0.0366064659112191
C08,14,meanPairDistanceNorm,early,6001,7000,0.10959435256124,0.00460285564132408,0.0158072800584391
C08,14,meanPairDistanceNorm,late,7001,8000,0.0960099642285696,0.0101200601829027,0.0334806684933118
C08,15,meanGO,main,6001,8000,0.764095938504514,0.0752100162624412,0.298731722435008
C08,15,meanGO,early,6001,7000,0.759676563385114,0.0714630978197105,0.231064153363386
C08,15,meanGO,late,7001,8000,0.768515313623914,0.0785664056541542,0.288190667375863
C08,15,meanLO,main,6001,8000,0.826819652196412,0.0553199364426106,0.25371774205653
C08,15,meanLO,early,6001,7000,0.819701167656917,0.0519240991371081,0.190247005361745
C08,15,meanLO,late,7001,8000,0.833938136735906,0.0576723064580051,0.25371774205653
C08,15,meanPairDistanceNorm,main,6001,8000,0.199582052146362,0.0194539609038311,0.0566289500178048
C08,15,meanPairDistanceNorm,early,6001,7000,0.216475909460114,0.00486765847875446,0.0146947628868525
C08,15,meanPairDistanceNorm,late,7001,8000,0.18268819483261,0.0127366290665618,0.0418949950520099
C08,16,meanGO,main,6001,8000,0.848748080075831,0.0400358482678819,0.185879472788227
C08,16,meanGO,early,6001,7000,0.843459566018662,0.0500885836315642,0.185879472788227
C08,16,meanGO,late,7001,8000,0.854036594132999,0.0253472641884937,0.105139123900757
C08,16,meanLO,main,6001,8000,0.915528199965543,0.0441019837983872,0.202850716809993
C08,16,meanLO,early,6001,7000,0.887967861667582,0.0456303846954995,0.18516274241508
C08,16,meanLO,late,7001,8000,0.943088538263504,0.0170035206648083,0.0805392236538993
C08,16,meanPairDistanceNorm,main,6001,8000,0.138046627974484,0.0429971736831642,0.146451781042673
C08,16,meanPairDistanceNorm,early,6001,7000,0.173555895620341,0.0121107434032501,0.0523525027402947
C08,16,meanPairDistanceNorm,late,7001,8000,0.102537360328627,0.0320679571105659,0.0967464181810971
C08,17,meanGO,main,6001,8000,0.529312637785349,0.143098205909451,0.543687129500285
C08,17,meanGO,early,6001,7000,0.456302327390316,0.151892055002958,0.540500519123665
C08,17,meanGO,late,7001,8000,0.602322948180382,0.0850400597343713,0.225550251320957
C08,17,meanLO,main,6001,8000,0.688391756846736,0.122017725370946,0.547135807838409
C08,17,meanLO,early,6001,7000,0.629093237623512,0.141228599939337,0.547135807838409
C08,17,meanLO,late,7001,8000,0.747690276069962,0.0529751636575124,0.188758526117897
C08,17,meanPairDistanceNorm,main,6001,8000,0.217280344137144,0.0546814791144807,0.170883343978385
C08,17,meanPairDistanceNorm,early,6001,7000,0.171914967812358,0.0208586212747966,0.06937240572088
C08,17,meanPairDistanceNorm,late,7001,8000,0.26264572046193,0.0377873576603703,0.105626794405156
C08,18,meanGO,main,6001,8000,0.873990024699512,0.0364853552305557,0.14459483102698
C08,18,meanGO,early,6001,7000,0.896063038600872,0.0213950324648277,0.110711206767124
C08,18,meanGO,late,7001,8000,0.851917010798151,0.0350789979248646,0.0934019735711484
C08,18,meanLO,main,6001,8000,0.928094061795433,0.0188395111373255,0.11508061233952
C08,18,meanLO,early,6001,7000,0.920002707676787,0.0193678113211016,0.110984667155374
C08,18,meanLO,late,7001,8000,0.93618541591408,0.0142837821615521,0.0607703035778743
C08,18,meanPairDistanceNorm,main,6001,8000,0.109089709892476,0.0143135159274226,0.0609321059409904
C08,18,meanPairDistanceNorm,early,6001,7000,0.108963310741558,0.0109394014740509,0.0320932299428302
C08,18,meanPairDistanceNorm,late,7001,8000,0.109216109043394,0.0170369031265232,0.0609321059409904
C08,19,meanGO,main,6001,8000,0.888582818915581,0.114216413149138,0.391838350934386
C08,19,meanGO,early,6001,7000,0.822793535157038,0.129759454423021,0.346022560938645
C08,19,meanGO,late,7001,8000,0.954372102674124,0.0245192916061055,0.101188304414214
C08,19,meanLO,main,6001,8000,0.941200052710103,0.0571488984734824,0.220259717352973
C08,19,meanLO,early,6001,7000,0.911530163249334,0.0669796934401131,0.209041103209476
C08,19,meanLO,late,7001,8000,0.970869942170874,0.0169297394462813,0.0914536461370037
C08,19,meanPairDistanceNorm,main,6001,8000,0.0445507076745797,0.0275257793091165,0.118333088193991
C08,19,meanPairDistanceNorm,early,6001,7000,0.0660618088775284,0.0237962615399037,0.0999689685313924
C08,19,meanPairDistanceNorm,late,7001,8000,0.023039606471631,0.00484273533946918,0.0183220872110052
C08,20,meanGO,main,6001,8000,0.75772615202365,0.0608581342363335,0.240248883062686
C08,20,meanGO,early,6001,7000,0.735000103300026,0.0622667177928013,0.209460064884894
C08,20,meanGO,late,7001,8000,0.780452200747275,0.0500000771894465,0.157204266230589
C08,20,meanLO,main,6001,8000,0.867714374711648,0.0473847749363015,0.195273818938907
C08,20,meanLO,early,6001,7000,0.838090300839291,0.0428171063984888,0.163366597281094
C08,20,meanLO,late,7001,8000,0.897338448584005,0.0300441062710283,0.155885361471701
C08,20,meanPairDistanceNorm,main,6001,8000,0.137013071961728,0.0416216931094885,0.140494949776857
C08,20,meanPairDistanceNorm,early,6001,7000,0.166653992610163,0.0393518458516509,0.114223248920113
C08,20,meanPairDistanceNorm,late,7001,8000,0.107372151313292,0.0126083195173178,0.0445188788219675
C09,1,meanGO,main,6001,8000,0.176206907100663,1.52693844119865e-15,0
C09,1,meanGO,early,6001,7000,0.176206907100661,4.720808849478e-16,0
C09,1,meanGO,late,7001,8000,0.176206907100661,4.720808849478e-16,0
C09,1,meanLO,main,6001,8000,0.399444398894435,0.0909950479646253,0.352367424835531
C09,1,meanLO,early,6001,7000,0.452866220021092,0.0842330327671843,0.323832882236786
C09,1,meanLO,late,7001,8000,0.34602257776778,0.0613170991301382,0.247706452715906
C09,1,meanPairDistanceNorm,main,6001,8000,0.373282494147369,0.0165086376427805,0.050351834665004
C09,1,meanPairDistanceNorm,early,6001,7000,0.371209424256817,0.0172293895624356,0.0471695930636667
C09,1,meanPairDistanceNorm,late,7001,8000,0.375355564037921,0.0154882967265037,0.0494015629916728
C09,2,meanGO,main,6001,8000,0.154634522770195,8.88400547606487e-16,0
C09,2,meanGO,early,6001,7000,0.154634522770195,5.83158740229635e-16,0
C09,2,meanGO,late,7001,8000,0.154634522770195,5.83158740229635e-16,0
C09,2,meanLO,main,6001,8000,0.335533897911295,0.043023930450345,0.203343670622954
C09,2,meanLO,early,6001,7000,0.3324711548071,0.0315262646414007,0.138738011427803
C09,2,meanLO,late,7001,8000,0.338596641015489,0.0518775978804023,0.200832108892123
C09,2,meanPairDistanceNorm,main,6001,8000,0.377349849868457,0.00605594791148674,0.0231875675079319
C09,2,meanPairDistanceNorm,early,6001,7000,0.377024920575936,0.00442792609541412,0.0152534536387151
C09,2,meanPairDistanceNorm,late,7001,8000,0.377674779160979,0.00731900419889331,0.0231875675079319
C09,3,meanGO,main,6001,8000,0.0738954996517835,4.85844049472297e-16,0
C09,3,meanGO,early,6001,7000,0.0738954996517836,3.19348833935276e-16,0
C09,3,meanGO,late,7001,8000,0.0738954996517836,3.19348833935276e-16,0
C09,3,meanLO,main,6001,8000,0.342481997210847,0.0281816743800348,0.142415035149188
C09,3,meanLO,early,6001,7000,0.349797325930942,0.0280296820326545,0.125846714851766
C09,3,meanLO,late,7001,8000,0.335166668490753,0.0263895862960314,0.117523789143483
C09,3,meanPairDistanceNorm,main,6001,8000,0.382334227123994,0.00701799858968508,0.0227596124644981
C09,3,meanPairDistanceNorm,early,6001,7000,0.379307908386602,0.00575178313524638,0.0149659875067622
C09,3,meanPairDistanceNorm,late,7001,8000,0.385360545861386,0.00686551928365374,0.0223784055030423
C09,4,meanGO,main,6001,8000,0.227750043545399,7.77350479155676e-16,0
C09,4,meanGO,early,6001,7000,0.227750043545398,5.83158740229635e-16,0
C09,4,meanGO,late,7001,8000,0.227750043545398,5.83158740229635e-16,0
C09,4,meanLO,main,6001,8000,0.308653384677367,0.0300182877306495,0.159698245815632
C09,4,meanLO,early,6001,7000,0.322009487678889,0.0248786536776282,0.112071967219745
C09,4,meanLO,late,7001,8000,0.295297281675847,0.0287579847080648,0.133014007129773
C09,4,meanPairDistanceNorm,main,6001,8000,0.387188864657761,0.0031117623726504,0.0117119821830883
C09,4,meanPairDistanceNorm,early,6001,7000,0.387850427100065,0.00268948286727649,0.00743876447107239
C09,4,meanPairDistanceNorm,late,7001,8000,0.386527302215458,0.00335653077686827,0.0117119821830883
C09,5,meanGO,main,6001,8000,0.0863663987977576,4.02556498134189e-16,0
C09,5,meanGO,early,6001,7000,0.0863663987977577,2.77694638204588e-16,0
C09,5,meanGO,late,7001,8000,0.0863663987977577,2.77694638204588e-16,0
C09,5,meanLO,main,6001,8000,0.255943516058741,0.0524029859445263,0.241667278517626
C09,5,meanLO,early,6001,7000,0.284006082946161,0.0341168237333046,0.161270149837831
C09,5,meanLO,late,7001,8000,0.227880949171319,0.0524818551442138,0.192365253052918
C09,5,meanPairDistanceNorm,main,6001,8000,0.386012348412451,0.00453391369997903,0.0147183817520167
C09,5,meanPairDistanceNorm,early,6001,7000,0.382930135747639,0.00274959529466542,0.00872538284605873
C09,5,meanPairDistanceNorm,late,7001,8000,0.389094561077264,0.00381496535141319,0.0109930017566627
C09,6,meanGO,main,6001,8000,0.342726704891468,3.33150205352433e-16,0
C09,6,meanGO,early,6001,7000,0.342726704891467,1.33293426338202e-15,0
C09,6,meanGO,late,7001,8000,0.342726704891467,1.33293426338202e-15,0
C09,6,meanLO,main,6001,8000,0.406955728196851,0.0483159235730803,0.222515892322722
C09,6,meanLO,early,6001,7000,0.398479082631344,0.0528040276182061,0.216820729016188
C09,6,meanLO,late,7001,8000,0.415432373762357,0.0417022479369367,0.147356665736853
C09,6,meanPairDistanceNorm,main,6001,8000,0.388043469536085,0.00338923794296737,0.01384271469716
C09,6,meanPairDistanceNorm,early,6001,7000,0.386703405679012,0.00228057041010015,0.00809998148222613
C09,6,meanPairDistanceNorm,late,7001,8000,0.389383533393157,0.00376685907427634,0.01384271469716
C09,7,meanGO,main,6001,8000,0.18230907859422,5.27487825141351e-16,0
C09,7,meanGO,early,6001,7000,0.182309078594221,5.83158740229635e-16,0
C09,7,meanGO,late,7001,8000,0.182309078594221,5.83158740229635e-16,0
C09,7,meanLO,main,6001,8000,0.381014752153926,0.0499004795014908,0.218948197476527
C09,7,meanLO,early,6001,7000,0.343274654818147,0.0248123672759539,0.119216760146744
C09,7,meanLO,late,7001,8000,0.418754849489707,0.0389290805738072,0.146083056599218
C09,7,meanPairDistanceNorm,main,6001,8000,0.389712311263177,0.00308713189380897,0.0110353446343535
C09,7,meanPairDistanceNorm,early,6001,7000,0.391559822830157,0.00154455799155696,0.00560027387741791
C09,7,meanPairDistanceNorm,late,7001,8000,0.387864799696197,0.00313866464947328,0.00958800838420243
C09,8,meanGO,main,6001,8000,0.357136497876744,1.0549756502827e-15,0
C09,8,meanGO,early,6001,7000,0.357136497876742,8.88622842254682e-16,0
C09,8,meanGO,late,7001,8000,0.357136497876742,8.88622842254682e-16,0
C09,8,meanLO,main,6001,8000,0.410205026551462,0.0265505716255166,0.1284060320637
C09,8,meanLO,early,6001,7000,0.397227438116726,0.0263929376541743,0.1284060320637
C09,8,meanLO,late,7001,8000,0.423182614986201,0.0194116308387416,0.0858256025369589
C09,8,meanPairDistanceNorm,main,6001,8000,0.388409534697463,0.00582186150039931,0.0169700581004893
C09,8,meanPairDistanceNorm,early,6001,7000,0.390349381517933,0.00598086065164643,0.0168684155794705
C09,8,meanPairDistanceNorm,late,7001,8000,0.386469687876993,0.00495154840488164,0.0131382154040262
C09,9,meanGO,main,6001,8000,0.325852347503295,2.77625171127027e-16,0
C09,9,meanGO,early,6001,7000,0.325852347503295,1.66616782922753e-16,0
C09,9,meanGO,late,7001,8000,0.325852347503295,1.66616782922753e-16,0
C09,9,meanLO,main,6001,8000,0.371581576743536,0.0279001746685081,0.127450352267831
C09,9,meanLO,early,6001,7000,0.37064278353795,0.0233626846895834,0.104645455847003
C09,9,meanLO,late,7001,8000,0.372520369949122,0.0317811143025476,0.127450352267831
C09,9,meanPairDistanceNorm,main,6001,8000,0.3903207484415,0.00372052580028414,0.012860240100383
C09,9,meanPairDistanceNorm,early,6001,7000,0.388959315944341,0.00234258617158174,0.00625743975280502
C09,9,meanPairDistanceNorm,late,7001,8000,0.391682180938659,0.00430116996432788,0.012860240100383
C09,10,meanGO,main,6001,8000,0.10818949083882,6.1077537647946e-16,0
C09,10,meanGO,early,6001,7000,0.108189490838821,4.16541957306882e-16,0
C09,10,meanGO,late,7001,8000,0.108189490838821,4.16541957306882e-16,0
C09,10,meanLO,main,6001,8000,0.276338577944349,0.0379986082670649,0.165996017539073
C09,10,meanLO,early,6001,7000,0.254728057859964,0.0349955904384973,0.164314692395963
C09,10,meanLO,late,7001,8000,0.297949098028735,0.0270107076757066,0.123855372080363
C09,10,meanPairDistanceNorm,main,6001,8000,0.39104473598548,0.00456301167766987,0.0168690584125277
C09,10,meanPairDistanceNorm,early,6001,7000,0.38996101640214,0.00325369797924254,0.00996384494147018
C09,10,meanPairDistanceNorm,late,7001,8000,0.392128455568819,0.00535958907009843,0.0168690584125277
C09,11,meanGO,main,6001,8000,0.0641187153125815,5.27487825141351e-16,0
C09,11,meanGO,early,6001,7000,0.0641187153125817,3.05464102025047e-16,0
C09,11,meanGO,late,7001,8000,0.0641187153125817,3.05464102025047e-16,0
C09,11,meanLO,main,6001,8000,0.322720067873353,0.0504666484642015,0.244293006047498
C09,11,meanLO,early,6001,7000,0.342982250851675,0.0425353955105171,0.177853315593194
C09,11,meanLO,late,7001,8000,0.302457884895032,0.0496499821054914,0.20776044882717
C09,11,meanPairDistanceNorm,main,6001,8000,0.380564510448395,0.0106210904117946,0.0327423467833843
C09,11,meanPairDistanceNorm,early,6001,7000,0.385538495245848,0.00530417818012902,0.0215368670393755
C09,11,meanPairDistanceNorm,late,7001,8000,0.375590525650942,0.0121681205317745,0.0316989324648523
C09,12,meanGO,main,6001,8000,0.313127388950676,5.55250342254054e-17,0
C09,12,meanGO,early,6001,7000,0.313127388950676,5.55389276409176e-17,0
C09,12,meanGO,late,7001,8000,0.313127388950676,5.55389276409176e-17,0
C09,12,meanLO,main,6001,8000,0.408100618633567,0.0419384705506473,0.175903777222081
C09,12,meanLO,early,6001,7000,0.375045313635349,0.0307499222869236,0.159353028494891
C09,12,meanLO,late,7001,8000,0.441155923631785,0.0196565416233337,0.0884233143464057
C09,12,meanPairDistanceNorm,main,6001,8000,0.383690585367621,0.00823020449400767,0.0254522717430357
C09,12,meanPairDistanceNorm,early,6001,7000,0.387079249911671,0.00934263537770917,0.0246480402887792
C09,12,meanPairDistanceNorm,late,7001,8000,0.38030192082357,0.00502657104073447,0.0133749735473031
C09,13,meanGO,main,6001,8000,0.302836987461336,1.33260082140973e-15,0
C09,13,meanGO,early,6001,7000,0.302836987461334,7.22006059331929e-16,0
C09,13,meanGO,late,7001,8000,0.302836987461334,7.22006059331929e-16,0
C09,13,meanLO,main,6001,8000,0.423472000080625,0.0796069012133769,0.269166034368875
C09,13,meanLO,early,6001,7000,0.385605560489067,0.0456197558336482,0.156233210304269
C09,13,meanLO,late,7001,8000,0.461338439672183,0.0879152650101912,0.253594734241552
C09,13,meanPairDistanceNorm,main,6001,8000,0.372402239120647,0.0134206253406944,0.0417586014975588
C09,13,meanPairDistanceNorm,early,6001,7000,0.383700462033106,0.00620492517449588,0.0248906280731954
C09,13,meanPairDistanceNorm,late,7001,8000,0.361104016208187,0.00814557112368844,0.0237157780826405
C09,14,meanGO,main,6001,8000,0.354290504705014,2.16547633479081e-15,0
C09,14,meanGO,early,6001,7000,0.354290504705016,2.2215571056367e-16,0
C09,14,meanGO,late,7001,8000,0.354290504705016,2.2215571056367e-16,0
C09,14,meanLO,main,6001,8000,0.457588666235889,0.0251159564684742,0.115228770780804
C09,14,meanLO,early,6001,7000,0.444757413406614,0.0196361239746852,0.0841147233248855
C09,14,meanLO,late,7001,8000,0.470419919065165,0.0233894186881114,0.088299969158404
C09,14,meanPairDistanceNorm,main,6001,8000,0.38206341363667,0.012470485637901,0.0376091992810796
C09,14,meanPairDistanceNorm,early,6001,7000,0.390480657837856,0.00460590386299575,0.0125364582782176
C09,14,meanPairDistanceNorm,late,7001,8000,0.373646169435484,0.0121706820124937,0.0359389134779082
C09,15,meanGO,main,6001,8000,0.13561077281534,3.60912722465135e-16,0
C09,15,meanGO,early,6001,7000,0.13561077281534,3.33233565845506e-16,0
C09,15,meanGO,late,7001,8000,0.13561077281534,3.33233565845506e-16,0
C09,15,meanLO,main,6001,8000,0.293034433768462,0.0500120638920714,0.221493761936508
C09,15,meanLO,early,6001,7000,0.264111820128223,0.0456872441918297,0.155717035630766
C09,15,meanLO,late,7001,8000,0.3219570474087,0.0352545405367294,0.151547470638395
C09,15,meanPairDistanceNorm,main,6001,8000,0.38512025876869,0.00353771319433597,0.0127786020623222
C09,15,meanPairDistanceNorm,early,6001,7000,0.385039876847773,0.00399682296203188,0.0127786020623222
C09,15,meanPairDistanceNorm,late,7001,8000,0.385200640689609,0.00300929028205282,0.0105985148189354
C09,16,meanGO,main,6001,8000,0.141033477842492,6.1077537647946e-16,0
C09,16,meanGO,early,6001,7000,0.141033477842492,8.60853378434223e-16,0
C09,16,meanGO,late,7001,8000,0.141033477842492,8.60853378434223e-16,0
C09,16,meanLO,main,6001,8000,0.243979267900836,0.0429715853755476,0.20164490661712
C09,16,meanLO,early,6001,7000,0.270342131417374,0.0311680283869696,0.141514751820775
C09,16,meanLO,late,7001,8000,0.217616404384298,0.0364982763055856,0.136976198172122
C09,16,meanPairDistanceNorm,main,6001,8000,0.387070043190672,0.00426953350615637,0.0218480103053614
C09,16,meanPairDistanceNorm,early,6001,7000,0.387162966755318,0.00409864623473355,0.0147817894844118
C09,16,meanPairDistanceNorm,late,7001,8000,0.386977119626026,0.0044339476837029,0.0168175122532077
C09,17,meanGO,main,6001,8000,0.0442638991909192,0.000494198410904571,0.00106666748869921
C09,17,meanGO,early,6001,7000,0.0438936183592999,7.63660255062617e-17,0
C09,17,meanGO,late,7001,8000,0.0446341800225383,0.000462837267750819,0.00106666748869921
C09,17,meanLO,main,6001,8000,0.293029136053348,0.0505716620999773,0.177787644508886
C09,17,meanLO,early,6001,7000,0.302785982891605,0.0528508408685124,0.177661458652963
C09,17,meanLO,late,7001,8000,0.28327228921509,0.0461925533447412,0.171768284981449
C09,17,meanPairDistanceNorm,main,6001,8000,0.37404003489019,0.012540079565889,0.0392856288109811
C09,17,meanPairDistanceNorm,early,6001,7000,0.367382968416194,0.0142626035137139,0.0391433183370102
C09,17,meanPairDistanceNorm,late,7001,8000,0.380697101364185,0.00474562463607389,0.0142923418931774
C09,18,meanGO,main,6001,8000,0.378957656843255,1.66575102676216e-16,0
C09,18,meanGO,early,6001,7000,0.378957656843255,1.66616782922753e-16,0
C09,18,meanGO,late,7001,8000,0.378957656843255,1.66616782922753e-16,0
C09,18,meanLO,main,6001,8000,0.471039255464557,0.0340696560811062,0.160674544449017
C09,18,meanLO,early,6001,7000,0.459400755934315,0.0389838462274479,0.156591241641506
C09,18,meanLO,late,7001,8000,0.4826777549948,0.0230591423192445,0.132739848215586
C09,18,meanPairDistanceNorm,main,6001,8000,0.38324538784435,0.00603349092610346,0.0218711767877316
C09,18,meanPairDistanceNorm,early,6001,7000,0.386143984417157,0.00405632101492239,0.0127491075190909
C09,18,meanPairDistanceNorm,late,7001,8000,0.380346791271543,0.00629032432060098,0.0218711767877316
C09,19,meanGO,main,6001,8000,0.362986860946741,5.55250342254054e-16,0
C09,19,meanGO,early,6001,7000,0.362986860946743,1.2773953357411e-15,0
C09,19,meanGO,late,7001,8000,0.362986860946743,1.2773953357411e-15,0
C09,19,meanLO,main,6001,8000,0.433916728744152,0.0476614075533626,0.18197059739218
C09,19,meanLO,early,6001,7000,0.406278180380532,0.0345406328773724,0.125420202730807
C09,19,meanLO,late,7001,8000,0.461555277107771,0.0426981274144904,0.150322420255662
C09,19,meanPairDistanceNorm,main,6001,8000,0.389023951755922,0.00480676397229771,0.0157018374069808
C09,19,meanPairDistanceNorm,early,6001,7000,0.391311634907907,0.00305492261876792,0.0101754489980306
C09,19,meanPairDistanceNorm,late,7001,8000,0.386736268603936,0.00514033751795144,0.0148034960361309
C09,20,meanGO,main,6001,8000,0.268921479812604,0,0
C09,20,meanGO,early,6001,7000,0.268921479812604,0,0
C09,20,meanGO,late,7001,8000,0.268921479812604,0,0
C09,20,meanLO,main,6001,8000,0.447401610255788,0.0715200448334016,0.285566831501848
C09,20,meanLO,early,6001,7000,0.451475940607522,0.0541309958141277,0.226201158566288
C09,20,meanLO,late,7001,8000,0.443327279904053,0.0852757620075314,0.285566831501848
C09,20,meanPairDistanceNorm,main,6001,8000,0.362331981259931,0.019637302091141,0.0654766063118357
C09,20,meanPairDistanceNorm,early,6001,7000,0.37538481589748,0.00754387809864068,0.0262876437552432
C09,20,meanPairDistanceNorm,late,7001,8000,0.349279146622382,0.0193294878743527,0.0570603737547572
C10,1,meanGO,main,6001,8000,0.170988434845764,0.00226844090059979,0.00956601221203604
C10,1,meanGO,early,6001,7000,0.171190987987748,0.00250328007465845,0.00937184674862609
C10,1,meanGO,late,7001,8000,0.17078588170378,0.00198702048142368,0.00890365708755719
C10,1,meanLO,main,6001,8000,0.293283279358134,0.036484027296104,0.154444406784485
C10,1,meanLO,early,6001,7000,0.289257805157374,0.0296559892224611,0.130573405532282
C10,1,meanLO,late,7001,8000,0.297308753558894,0.0418519042455541,0.148654693219146
C10,1,meanPairDistanceNorm,main,6001,8000,0.386789266846045,0.00191078201592256,0.00681479751604391
C10,1,meanPairDistanceNorm,early,6001,7000,0.386118330909499,0.00175493932284816,0.00619817678149714
C10,1,meanPairDistanceNorm,late,7001,8000,0.38746020278259,0.00182340540400418,0.00644761380593528
C10,2,meanGO,main,6001,8000,0.210599699906144,0.00898287865829482,0.0323893778106568
C10,2,meanGO,early,6001,7000,0.212550183482652,0.00795944853833081,0.0302630343897436
C10,2,meanGO,late,7001,8000,0.208649216329636,0.00951292705078852,0.0285172657107614
C10,2,meanLO,main,6001,8000,0.523396722455806,0.067681566226291,0.308310247458465
C10,2,meanLO,early,6001,7000,0.547877850326635,0.0557664625727703,0.20812318265098
C10,2,meanLO,late,7001,8000,0.498915594584978,0.0696880531428711,0.224113528198907
C10,2,meanPairDistanceNorm,main,6001,8000,0.360468628863734,0.0105095669217682,0.0321159717057279
C10,2,meanPairDistanceNorm,early,6001,7000,0.355204079339997,0.0105022471386837,0.0290487436142877
C10,2,meanPairDistanceNorm,late,7001,8000,0.365733178387472,0.00743161560746449,0.0258743316709343
C10,3,meanGO,main,6001,8000,0.100080745394707,0.0134586791679458,0.0386729077304501
C10,3,meanGO,early,6001,7000,0.0896324525698306,0.00374262519629437,0.0136210742910858
C10,3,meanGO,late,7001,8000,0.110529038219583,0.0113971033945884,0.0303781015066488
C10,3,meanLO,main,6001,8000,0.369670420270757,0.0526102599774288,0.250834712701298
C10,3,meanLO,early,6001,7000,0.375478160608354,0.0688119072103411,0.250834712701298
C10,3,meanLO,late,7001,8000,0.363862679933159,0.0271264395570974,0.116797754503781
C10,3,meanPairDistanceNorm,main,6001,8000,0.381635167640095,0.00571225460654229,0.0206677929416955
C10,3,meanPairDistanceNorm,early,6001,7000,0.382819466164678,0.00597725664937481,0.0206677929416955
C10,3,meanPairDistanceNorm,late,7001,8000,0.380450869115513,0.00517270112398327,0.014397441300036
C10,4,meanGO,main,6001,8000,0.170632183587513,0.00557284036680544,0.0217931688766889
C10,4,meanGO,early,6001,7000,0.169834794626687,0.00596179649713486,0.0204553228225885
C10,4,meanGO,late,7001,8000,0.171429572548339,0.00503271680417243,0.0189650882025012
C10,4,meanLO,main,6001,8000,0.389582965668342,0.0888658809054751,0.361134160227865
C10,4,meanLO,early,6001,7000,0.399193810621535,0.0651772809462758,0.276743472284668
C10,4,meanLO,late,7001,8000,0.379972120715148,0.106626427650323,0.317305710327043
C10,4,meanPairDistanceNorm,main,6001,8000,0.383690242505208,0.00558445328776263,0.0230592085746537
C10,4,meanPairDistanceNorm,early,6001,7000,0.38414457292422,0.00736397384036333,0.0230592085746537
C10,4,meanPairDistanceNorm,late,7001,8000,0.383235912086195,0.00278605422702503,0.0105732786947622
C10,5,meanGO,main,6001,8000,0.0520428151745475,0.00471869646267942,0.022961682647994
C10,5,meanGO,early,6001,7000,0.0529211571800002,0.00151490031322522,0.00653910650569703
C10,5,meanGO,late,7001,8000,0.0511644731690947,0.00638083412795942,0.022961682647994
C10,5,meanLO,main,6001,8000,0.299800391906897,0.0426149874916422,0.172009301016827
C10,5,meanLO,early,6001,7000,0.312138305322469,0.0308709883174571,0.124682295029493
C10,5,meanLO,late,7001,8000,0.287462478491326,0.0487454745107159,0.172009301016827
C10,5,meanPairDistanceNorm,main,6001,8000,0.379568587194009,0.00939870445995608,0.0301797262011712
C10,5,meanPairDistanceNorm,early,6001,7000,0.386668722075186,0.00151808216153871,0.00622869504132212
C10,5,meanPairDistanceNorm,late,7001,8000,0.372468452312832,0.008574986078961,0.0265053499200604
C10,6,meanGO,main,6001,8000,0.295757245364989,0.00944755863283367,0.0432368595310968
C10,6,meanGO,early,6001,7000,0.301084837700348,0.00999906080664591,0.0367193357598087
C10,6,meanGO,late,7001,8000,0.290429653029631,0.00466878500784286,0.0159769594219392
C10,6,meanLO,main,6001,8000,0.374829061229297,0.0246696565904009,0.140118388319346
C10,6,meanLO,early,6001,7000,0.366385752310518,0.0200320864878912,0.0839267188429427
C10,6,meanLO,late,7001,8000,0.383272370148077,0.0259574068817973,0.11343936232195
C10,6,meanPairDistanceNorm,main,6001,8000,0.388226648796543,0.00572362129613609,0.0236635614411965
C10,6,meanPairDistanceNorm,early,6001,7000,0.385032464532649,0.00339467287141808,0.0134371286704208
C10,6,meanPairDistanceNorm,late,7001,8000,0.391420833060437,0.00579677651258984,0.0150940242132928
C10,7,meanGO,main,6001,8000,0.222166947362515,0.0100315346668809,0.0360400298772586
C10,7,meanGO,early,6001,7000,0.225371952095595,0.0116355817467856,0.0360400298772586
C10,7,meanGO,late,7001,8000,0.218961942629435,0.00673889234416473,0.0230619253689991
C10,7,meanLO,main,6001,8000,0.413558615190885,0.0469580139919062,0.192201178599637
C10,7,meanLO,early,6001,7000,0.386698674704159,0.0207321547356007,0.105446639493569
C10,7,meanLO,late,7001,8000,0.440418555677612,0.050379936635764,0.192201178599637
C10,7,meanPairDistanceNorm,main,6001,8000,0.371407447358078,0.00586627247491381,0.0181391497153752
C10,7,meanPairDistanceNorm,early,6001,7000,0.367595779425481,0.00193924808151755,0.00694779344747698
C10,7,meanPairDistanceNorm,late,7001,8000,0.375219115290675,0.00600111309760095,0.0181391497153752
C10,8,meanGO,main,6001,8000,0.323358682296814,0.0122425951871549,0.0442511625041466
C10,8,meanGO,early,6001,7000,0.328122404554968,0.00701390229507637,0.036698876018705
C10,8,meanGO,late,7001,8000,0.31859496003866,0.0143278033403453,0.0442511625041466
C10,8,meanLO,main,6001,8000,0.470715621843215,0.039569260481598,0.162670739910095
C10,8,meanLO,early,6001,7000,0.490901850648089,0.0402584960350613,0.162670739910095
C10,8,meanLO,late,7001,8000,0.45052939303834,0.0263910987003024,0.101415196885577
C10,8,meanPairDistanceNorm,main,6001,8000,0.380988624569803,0.00962171175366623,0.029050317463665
C10,8,meanPairDistanceNorm,early,6001,7000,0.385861661355212,0.00199331045725967,0.00725910340248104
C10,8,meanPairDistanceNorm,late,7001,8000,0.376115587784393,0.0115643219442335,0.029050317463665
C10,9,meanGO,main,6001,8000,0.350182362907797,0.0195009574434882,0.0797001205136141
C10,9,meanGO,early,6001,7000,0.33602434111809,0.00520386440404004,0.0223276090515689
C10,9,meanGO,late,7001,8000,0.364340384697503,0.0182366302600287,0.0628523111200017
C10,9,meanLO,main,6001,8000,0.514975883858257,0.0637678556094517,0.27366433987517
C10,9,meanLO,early,6001,7000,0.474212098551927,0.055381082163916,0.178078050709734
C10,9,meanLO,late,7001,8000,0.555739669164587,0.0417490824107915,0.163976186442917
C10,9,meanPairDistanceNorm,main,6001,8000,0.374500114398536,0.0161424018451975,0.0421902551547854
C10,9,meanPairDistanceNorm,early,6001,7000,0.389498151007883,0.00583540715259122,0.0214817072906283
C10,9,meanPairDistanceNorm,late,7001,8000,0.359502077789188,0.00608527724882135,0.0206568292199645
C10,10,meanGO,main,6001,8000,0.0700407398242996,0.00903801625150166,0.0314309342148192
C10,10,meanGO,early,6001,7000,0.0776853399849301,0.00303549719012376,0.0106307765104185
C10,10,meanGO,late,7001,8000,0.0623961396636692,0.00610263711742389,0.022961990247307
C10,10,meanLO,main,6001,8000,0.291835660648246,0.0303777672123535,0.132517460825135
C10,10,meanLO,early,6001,7000,0.276038758134953,0.0282533957309901,0.132517460825135
C10,10,meanLO,late,7001,8000,0.30763256316154,0.0234244103850314,0.105899007056492
C10,10,meanPairDistanceNorm,main,6001,8000,0.388577463506307,0.00415191410967356,0.013947319952763
C10,10,meanPairDistanceNorm,early,6001,7000,0.389709765059771,0.00443383077782683,0.013947319952763
C10,10,meanPairDistanceNorm,late,7001,8000,0.387445161952843,0.0035026277895145,0.0112250792495462
C10,11,meanGO,main,6001,8000,0.22636971653117,0.00184608599127238,0.00957060440448854
C10,11,meanGO,early,6001,7000,0.226897375487445,0.00200822635301407,0.00957060440448854
C10,11,meanGO,late,7001,8000,0.225842057574894,0.00149301707314667,0.00654944787808753
C10,11,meanLO,main,6001,8000,0.363932522326231,0.0245474647030209,0.126582521162324
C10,11,meanLO,early,6001,7000,0.358369343704957,0.0174226639775975,0.093677854530264
C10,11,meanLO,late,7001,8000,0.369495700947504,0.0289870684134044,0.11546623698575
C10,11,meanPairDistanceNorm,main,6001,8000,0.389088592460866,0.00311971704915089,0.0146233237326829
C10,11,meanPairDistanceNorm,early,6001,7000,0.386944908084034,0.00282097469487997,0.0138506306101514
C10,11,meanPairDistanceNorm,late,7001,8000,0.391232276837698,0.00152221802015705,0.00415503973901438
C10,12,meanGO,main,6001,8000,0.391598881928473,0.0221941490305559,0.0829524101492252
C10,12,meanGO,early,6001,7000,0.376724579646971,0.0188608854190152,0.0544698067988927
C10,12,meanGO,late,7001,8000,0.406473184209975,0.013674352179316,0.0414189606301256
C10,12,meanLO,main,6001,8000,0.515000164215389,0.0427769587688337,0.228943251783401
C10,12,meanLO,early,6001,7000,0.490155316935109,0.02344833836584,0.10993389317132
C10,12,meanLO,late,7001,8000,0.53984501149567,0.0433125257795154,0.181792062116431
C10,12,meanPairDistanceNorm,main,6001,8000,0.364017209525053,0.00648001581383072,0.0196129441537571
C10,12,meanPairDistanceNorm,early,6001,7000,0.368465979398875,0.0053061508372322,0.0142995442740728
C10,12,meanPairDistanceNorm,late,7001,8000,0.359568439651231,0.00403054293056777,0.014354811857589
C10,13,meanGO,main,6001,8000,0.279502580553443,0.0101865220467233,0.0403173293981979
C10,13,meanGO,early,6001,7000,0.277036214954808,0.00621964856335247,0.0220921995426088
C10,13,meanGO,late,7001,8000,0.281968946152078,0.0125208708577624,0.0403173293981979
C10,13,meanLO,main,6001,8000,0.448910814585949,0.0566267033424834,0.251315537776358
C10,13,meanLO,early,6001,7000,0.42687808687869,0.0259524382180036,0.131577458742721
C10,13,meanLO,late,7001,8000,0.470943542293209,0.0690723806760835,0.251315537776358
C10,13,meanPairDistanceNorm,main,6001,8000,0.375426612855407,0.0091396877504911,0.0390047426332
C10,13,meanPairDistanceNorm,early,6001,7000,0.37391344851285,0.00229826919826215,0.00850461979975703
C10,13,meanPairDistanceNorm,late,7001,8000,0.376939777197963,0.0125413493685177,0.0390047426332
C10,14,meanGO,main,6001,8000,0.534639270238896,0.013273403700943,0.0410876276964869
C10,14,meanGO,early,6001,7000,0.546838414133908,0.00206338876314266,0.00918703089677064
C10,14,meanGO,late,7001,8000,0.522440126343884,0.00709571126328152,0.0334309657810632
C10,14,meanLO,main,6001,8000,0.609136224342576,0.0408496424320014,0.154630325993742
C10,14,meanLO,early,6001,7000,0.577534562765722,0.0280835930888409,0.110892892129838
C10,14,meanLO,late,7001,8000,0.64073788591943,0.0234742279600715,0.109984613213298
C10,14,meanPairDistanceNorm,main,6001,8000,0.380949646402763,0.00365440845529187,0.0129570339921323
C10,14,meanPairDistanceNorm,early,6001,7000,0.381828475853901,0.00362165805883577,0.0125849355233859
C10,14,meanPairDistanceNorm,late,7001,8000,0.380070816951625,0.0034727704579057,0.011440675603404
C10,15,meanGO,main,6001,8000,0.22353975815729,0.0157830417949292,0.0429197722287231
C10,15,meanGO,early,6001,7000,0.212216359370588,0.000907060090763169,0.00448039860917435
C10,15,meanGO,late,7001,8000,0.234863156943992,0.0155222420021659,0.0402345984052805
C10,15,meanLO,main,6001,8000,0.373006785444435,0.0747272620232722,0.289671289323599
C10,15,meanLO,early,6001,7000,0.382413938575276,0.0871346233948086,0.289671289323599
C10,15,meanLO,late,7001,8000,0.363599632313595,0.0583464507232184,0.20793794516301
C10,15,meanPairDistanceNorm,main,6001,8000,0.37253998071744,0.0150319879900994,0.0478506869774777
C10,15,meanPairDistanceNorm,early,6001,7000,0.377097877902031,0.0150914050297856,0.0478506869774777
C10,15,meanPairDistanceNorm,late,7001,8000,0.367982083532849,0.0135205977312834,0.0385518383353025
C10,16,meanGO,main,6001,8000,0.116611934349154,0.0116657067360501,0.0322442765126901
C10,16,meanGO,early,6001,7000,0.127425131016206,0.00494545974456191,0.0197528599374821
C10,16,meanGO,late,7001,8000,0.105798737682102,0.00371100408340077,0.0136212925143754
C10,16,meanLO,main,6001,8000,0.329471882748088,0.0550093614129599,0.228594897726426
C10,16,meanLO,early,6001,7000,0.35644284071065,0.0554218782739557,0.206483712926971
C10,16,meanLO,late,7001,8000,0.302500924785526,0.0390791848086322,0.158027229845047
C10,16,meanPairDistanceNorm,main,6001,8000,0.380005812861629,0.0105781979207566,0.0344512095413022
C10,16,meanPairDistanceNorm,early,6001,7000,0.382610729935526,0.0116987220213472,0.0342435634385477
C10,16,meanPairDistanceNorm,late,7001,8000,0.377400895787731,0.0085710959133424,0.0251442858935464
C10,17,meanGO,main,6001,8000,0.0585136562166524,0.00898388942694415,0.0334245349522571
C10,17,meanGO,early,6001,7000,0.0511148136150259,0.00362507195532343,0.0128869989694759
C10,17,meanGO,late,7001,8000,0.0659124988182789,0.00622614196945662,0.0208759292399282
C10,17,meanLO,main,6001,8000,0.311059059801695,0.0544502434399895,0.191089138712079
C10,17,meanLO,early,6001,7000,0.317869903586546,0.0615899485270214,0.191089138712079
C10,17,meanLO,late,7001,8000,0.304248216016843,0.0452375508224871,0.181869843627626
C10,17,meanPairDistanceNorm,main,6001,8000,0.381374767834162,0.00868936932078336,0.0280629812694266
C10,17,meanPairDistanceNorm,early,6001,7000,0.387854413810667,0.00405548820187745,0.0124230981478655
C10,17,meanPairDistanceNorm,late,7001,8000,0.374895121857656,0.00711218636629807,0.0238361960324951
C10,18,meanGO,main,6001,8000,0.322622638683699,0.0170237836571237,0.0668568010227774
C10,18,meanGO,early,6001,7000,0.312300111750816,0.0129980385067208,0.043679984459837
C10,18,meanGO,late,7001,8000,0.332945165616583,0.0140583451120322,0.0456050128347668
C10,18,meanLO,main,6001,8000,0.451809200147482,0.0566149285715549,0.235145590270051
C10,18,meanLO,early,6001,7000,0.42017711082296,0.0309421010148318,0.125805213539891
C10,18,meanLO,late,7001,8000,0.483441289472004,0.0587632009535538,0.23271273971336
C10,18,meanPairDistanceNorm,main,6001,8000,0.360670371860886,0.0157564642696876,0.0555558972902643
C10,18,meanPairDistanceNorm,early,6001,7000,0.368890099624303,0.0150878528975809,0.0409104759019501
C10,18,meanPairDistanceNorm,late,7001,8000,0.35245064409747,0.0115704118364183,0.0320605329440726
C10,19,meanGO,main,6001,8000,0.453370796581958,0.0412822597751541,0.112658380826755
C10,19,meanGO,early,6001,7000,0.416879904509266,0.00524161514482095,0.0262754668709617
C10,19,meanGO,late,7001,8000,0.48986168865465,0.0267739631189851,0.0874962058468987
C10,19,meanLO,main,6001,8000,0.536300763597737,0.0568997077786323,0.23902903966055
C10,19,meanLO,early,6001,7000,0.504117518329506,0.042728362760326,0.165930439074399
C10,19,meanLO,late,7001,8000,0.568484008865968,0.0507846943067885,0.178980113386197
C10,19,meanPairDistanceNorm,main,6001,8000,0.346638025537581,0.0161931983820168,0.0558224553203068
C10,19,meanPairDistanceNorm,early,6001,7000,0.345440815236381,0.0114726713948135,0.0350397322085688
C10,19,meanPairDistanceNorm,late,7001,8000,0.347835235838781,0.0197537375297999,0.0558224553203068
C10,20,meanGO,main,6001,8000,0.257166073348956,0.0120309880768199,0.0385477572480615
C10,20,meanGO,early,6001,7000,0.264304372728771,0.0133827893362776,0.0360027827732887
C10,20,meanGO,late,7001,8000,0.250027773969142,0.00291933873218127,0.0139752092995528
C10,20,meanLO,main,6001,8000,0.381083367650813,0.046045287704076,0.21472285925257
C10,20,meanLO,early,6001,7000,0.388402685591979,0.0271368016749542,0.112373475154813
C10,20,meanLO,late,7001,8000,0.373764049709647,0.0582992387843696,0.21472285925257
C10,20,meanPairDistanceNorm,main,6001,8000,0.375240146433727,0.0130096681443688,0.0352048054681134
C10,20,meanPairDistanceNorm,early,6001,7000,0.373759575497299,0.0129116108114445,0.034712033801973
C10,20,meanPairDistanceNorm,late,7001,8000,0.376720717370155,0.0129450410748039,0.0351063839933734
C11,1,meanGO,main,6001,8000,0.125968716901675,0.0133454824466706,0.0354926631287851
C11,1,meanGO,early,6001,7000,0.135726697133065,0.00306764789743647,0.0121690799297568
C11,1,meanGO,late,7001,8000,0.116210736670286,0.0125037848930761,0.03444443752514
C11,1,meanLO,main,6001,8000,0.308791275230243,0.045822921277773,0.198484270750876
C11,1,meanLO,early,6001,7000,0.345186112716683,0.0261266230595083,0.114901126076669
C11,1,meanLO,late,7001,8000,0.272396437743803,0.0294476047715327,0.130293612639359
C11,1,meanPairDistanceNorm,main,6001,8000,0.389340341557785,0.00282229988148553,0.0108508203461584
C11,1,meanPairDistanceNorm,early,6001,7000,0.389360358264579,0.00250186887077252,0.00722524106394945
C11,1,meanPairDistanceNorm,late,7001,8000,0.38932032485099,0.00311104108077278,0.0108508203461584
C11,2,meanGO,main,6001,8000,0.204312714402156,0.0227861166188305,0.0866263474172294
C11,2,meanGO,early,6001,7000,0.221288763353415,0.00310380126788035,0.0128314768672214
C11,2,meanGO,late,7001,8000,0.187336665450898,0.0212685434443529,0.0815362963934194
C11,2,meanLO,main,6001,8000,0.359682821751998,0.02392817261589,0.105510436801052
C11,2,meanLO,early,6001,7000,0.370026071556642,0.0230211933214905,0.101140948525298
C11,2,meanLO,late,7001,8000,0.349339571947354,0.0200382849876463,0.0948415595876306
C11,2,meanPairDistanceNorm,main,6001,8000,0.371849335720969,0.0102566244512741,0.0354163809822873
C11,2,meanPairDistanceNorm,early,6001,7000,0.37880589770425,0.0102290350896781,0.031329441581789
C11,2,meanPairDistanceNorm,late,7001,8000,0.364892773737688,0.00299740577896378,0.0108737275244434
C11,3,meanGO,main,6001,8000,0.320560631654404,0.00565779034133409,0.0316503764519374
C11,3,meanGO,early,6001,7000,0.318312212523192,0.00465587816690677,0.019715074435838
C11,3,meanGO,late,7001,8000,0.322809050785617,0.00567935965975104,0.0174602606129967
C11,3,meanLO,main,6001,8000,0.42521252930279,0.0383374200269467,0.182259752769802
C11,3,meanLO,early,6001,7000,0.423453649001358,0.0254907076539804,0.109907524125493
C11,3,meanLO,late,7001,8000,0.426971409604221,0.0478018523449125,0.182259752769802
C11,3,meanPairDistanceNorm,main,6001,8000,0.379689378785377,0.0099529085947809,0.031174058149326
C11,3,meanPairDistanceNorm,early,6001,7000,0.386806928209115,0.00634657538361524,0.0214970033372824
C11,3,meanPairDistanceNorm,late,7001,8000,0.37257182936164,0.00751801033535712,0.026997193240376
C11,4,meanGO,main,6001,8000,0.126851814350443,0.0154646606003059,0.0615459981109492
C11,4,meanGO,early,6001,7000,0.134422063658568,0.0149104928323113,0.0459222497980427
C11,4,meanGO,late,7001,8000,0.119281565042318,0.0118952079565644,0.036561798549021
C11,4,meanLO,main,6001,8000,0.343952672577659,0.0505810652809666,0.22520435862516
C11,4,meanLO,early,6001,7000,0.326675245736019,0.0380351852677987,0.143323837221611
C11,4,meanLO,late,7001,8000,0.361230099419299,0.0554541021351856,0.22520435862516
C11,4,meanPairDistanceNorm,main,6001,8000,0.373124262871211,0.00390457911120188,0.0158001175024947
C11,4,meanPairDistanceNorm,early,6001,7000,0.374657989258356,0.00170612880546081,0.00556312783654134
C11,4,meanPairDistanceNorm,late,7001,8000,0.371590536484067,0.0047839856778244,0.0147740645641954
C11,5,meanGO,main,6001,8000,0.102995186151804,0.0105234571658328,0.0410922104310965
C11,5,meanGO,early,6001,7000,0.0985123652482912,0.0120494222727087,0.0410922104310965
C11,5,meanGO,late,7001,8000,0.107478007055316,0.0060147302713314,0.0266875837733595
C11,5,meanLO,main,6001,8000,0.269830130087464,0.032110493554579,0.157237756820681
C11,5,meanLO,early,6001,7000,0.268870495161928,0.0375917107625958,0.153809476059752
C11,5,meanLO,late,7001,8000,0.270789765012999,0.0254601521689925,0.135605418913791
C11,5,meanPairDistanceNorm,main,6001,8000,0.387769599405797,0.0025842046722924,0.0137159058509325
C11,5,meanPairDistanceNorm,early,6001,7000,0.386206501036246,0.00231472934929635,0.0107751338358533
C11,5,meanPairDistanceNorm,late,7001,8000,0.389332697775348,0.0017645101145736,0.00625363088880504
C11,6,meanGO,main,6001,8000,0.269775789663496,0.0124414733990076,0.0398559176955693
C11,6,meanGO,early,6001,7000,0.274511780000036,0.0158512371034079,0.0384270961379975
C11,6,meanGO,late,7001,8000,0.265039799326955,0.00368369856595946,0.0175358925030751
C11,6,meanLO,main,6001,8000,0.414288706702338,0.0359973284126866,0.166921883974176
C11,6,meanLO,early,6001,7000,0.386915519768537,0.0189686792465726,0.097581828915089
C11,6,meanLO,late,7001,8000,0.441661893636139,0.0270743201108649,0.130778255682417
C11,6,meanPairDistanceNorm,main,6001,8000,0.383336739392664,0.00616769787619692,0.0260760168523766
C11,6,meanPairDistanceNorm,early,6001,7000,0.380346675653447,0.00185109182587426,0.00832777587626593
C11,6,meanPairDistanceNorm,late,7001,8000,0.38632680313188,0.00740227469238955,0.0260760168523766
C11,7,meanGO,main,6001,8000,0.510189085276302,0.0353720588383213,0.0965174689772443
C11,7,meanGO,early,6001,7000,0.542118328819354,0.00242211693397016,0.0115015579352502
C11,7,meanGO,late,7001,8000,0.478259841733249,0.0213718669474415,0.0850321960300871
C11,7,meanLO,main,6001,8000,0.592097721234348,0.0433636154004676,0.163367240342335
C11,7,meanLO,early,6001,7000,0.619378466257376,0.0256965467710687,0.128690242892058
C11,7,meanLO,late,7001,8000,0.564816976211318,0.0401548002681936,0.139471415554746
C11,7,meanPairDistanceNorm,main,6001,8000,0.376867242338254,0.0125380034265834,0.0393413175520682
C11,7,meanPairDistanceNorm,early,6001,7000,0.386714046939483,0.00694293724205203,0.0264138612923341
C11,7,meanPairDistanceNorm,late,7001,8000,0.367020437737024,0.00849957682753895,0.0235205193277706
C11,8,meanGO,main,6001,8000,0.305986537310171,0.010938935074917,0.0343878282310138
C11,8,meanGO,early,6001,7000,0.315108071138124,0.00339111940172251,0.0107359588410359
C11,8,meanGO,late,7001,8000,0.296865003482219,0.00783385986288819,0.0295274970978683
C11,8,meanLO,main,6001,8000,0.418448217340629,0.0593801033846077,0.213073376992935
C11,8,meanLO,early,6001,7000,0.381494662881112,0.0214219743754852,0.0965715501285129
C11,8,meanLO,late,7001,8000,0.455401771800146,0.0621510873385979,0.211982154456355
C11,8,meanPairDistanceNorm,main,6001,8000,0.380295204254774,0.00842140632537488,0.0254902774112047
C11,8,meanPairDistanceNorm,early,6001,7000,0.387124553771918,0.00531339007185833,0.0168458848216403
C11,8,meanPairDistanceNorm,late,7001,8000,0.37346585473763,0.00450617830942045,0.0164981206466357
C11,9,meanGO,main,6001,8000,0.247247635547933,0.0263088714516318,0.0673733349346249
C11,9,meanGO,early,6001,7000,0.272080196751355,0.00868193620464906,0.0355072199502163
C11,9,meanGO,late,7001,8000,0.222415074344511,0.00866507523568312,0.0318665967320412
C11,9,meanLO,main,6001,8000,0.420542835382703,0.0425083173372068,0.210141227984727
C11,9,meanLO,early,6001,7000,0.405724448098493,0.0430135074251277,0.196326300480007
C11,9,meanLO,late,7001,8000,0.435361222666914,0.0364136268209655,0.197679017649433
C11,9,meanPairDistanceNorm,main,6001,8000,0.376796302634966,0.00694367679605654,0.0208505375742886
C11,9,meanPairDistanceNorm,early,6001,7000,0.382056156989277,0.0059154609088628,0.020412216892888
C11,9,meanPairDistanceNorm,late,7001,8000,0.371536448280656,0.00246928266141486,0.00748134366112535
C11,10,meanGO,main,6001,8000,0.193582834901351,0.0208466309920712,0.0843813681103687
C11,10,meanGO,early,6001,7000,0.188158853332196,0.0241435192659045,0.0662805012347695
C11,10,meanGO,late,7001,8000,0.199006816470506,0.0150927628935722,0.0443517113901997
C11,10,meanLO,main,6001,8000,0.497176006398274,0.0349439410376127,0.140272202732396
C11,10,meanLO,early,6001,7000,0.48465992636409,0.0295123628872604,0.140272202732396
C11,10,meanLO,late,7001,8000,0.509692086432459,0.0354793268203654,0.135584485546669
C11,10,meanPairDistanceNorm,main,6001,8000,0.370550014494967,0.00592738989143582,0.0204111147291818
C11,10,meanPairDistanceNorm,early,6001,7000,0.367483369867682,0.00580918600261019,0.0204111147291818
C11,10,meanPairDistanceNorm,late,7001,8000,0.373616659122252,0.00421057988538658,0.0134591121975182
C11,11,meanGO,main,6001,8000,0.148782619379825,0.0734999443291632,0.218358948863252
C11,11,meanGO,early,6001,7000,0.0900560129200227,0.0612093589157719,0.1840006932829
C11,11,meanGO,late,7001,8000,0.207509225839627,0.0126004967224137,0.0379490542834159
C11,11,meanLO,main,6001,8000,0.384755319625071,0.0572347281977026,0.199525272076558
C11,11,meanLO,early,6001,7000,0.350052126880511,0.0557718829903653,0.194061282003035
C11,11,meanLO,late,7001,8000,0.41945851236963,0.0321460756096942,0.127635201077438
C11,11,meanPairDistanceNorm,main,6001,8000,0.371487412812138,0.0135999921453201,0.0410832713007457
C11,11,meanPairDistanceNorm,early,6001,7000,0.359173309296783,0.00793215815326197,0.0291015210916593
C11,11,meanPairDistanceNorm,late,7001,8000,0.383801516327493,0.001899398859132,0.0119228363179362
C11,12,meanGO,main,6001,8000,0.361568527441947,0.0291767542362018,0.114752101750268
C11,12,meanGO,early,6001,7000,0.344422445098788,0.00400149497298501,0.0197262881476234
C11,12,meanGO,late,7001,8000,0.378714609785106,0.0331487753068257,0.110297163384504
C11,12,meanLO,main,6001,8000,0.493037035742954,0.0480136557706383,0.203889141015475
C11,12,meanLO,early,6001,7000,0.483183568859434,0.0323283484062744,0.147512690624428
C11,12,meanLO,late,7001,8000,0.502890502626474,0.0580812516545569,0.200789276044272
C11,12,meanPairDistanceNorm,main,6001,8000,0.369804819665606,0.0163805822458948,0.0481538155805536
C11,12,meanPairDistanceNorm,early,6001,7000,0.382947890650999,0.0115132414265471,0.0408003289633095
C11,12,meanPairDistanceNorm,late,7001,8000,0.356661748680212,0.00765077493064409,0.0227506897506024
C11,13,meanGO,main,6001,8000,0.263815286018889,0.0266516689971512,0.0864636746244535
C11,13,meanGO,early,6001,7000,0.286355135446542,0.00719043063494579,0.0363833065525945
C11,13,meanGO,late,7001,8000,0.241275436591237,0.0187756469731563,0.0603172021570457
C11,13,meanLO,main,6001,8000,0.437273417586853,0.0627768420614849,0.243662178329922
C11,13,meanLO,early,6001,7000,0.440703827322368,0.0430692477592187,0.188002343524459
C11,13,meanLO,late,7001,8000,0.433843007851339,0.0775067067534697,0.243054826142683
C11,13,meanPairDistanceNorm,main,6001,8000,0.382372085716202,0.00618611184173203,0.0189210536562788
C11,13,meanPairDistanceNorm,early,6001,7000,0.377965048308164,0.00231415142585587,0.007563762599125
C11,13,meanPairDistanceNorm,late,7001,8000,0.38677912312424,0.00568648649247344,0.0186320891720202
C11,14,meanGO,main,6001,8000,0.366074489207115,0.0217556756688293,0.056553781789654
C11,14,meanGO,early,6001,7000,0.346250393938041,0.0115094409817144,0.0345931649438287
C11,14,meanGO,late,7001,8000,0.385898584476189,0.00527722619873529,0.0222907598112256
C11,14,meanLO,main,6001,8000,0.444843627827029,0.0382755386821275,0.173981574196943
C11,14,meanLO,early,6001,7000,0.46303774514141,0.0377319901209718,0.153753623690802
C11,14,meanLO,late,7001,8000,0.426649510512649,0.0290703044952511,0.120462454549233
C11,14,meanPairDistanceNorm,main,6001,8000,0.382172205999567,0.00406905183937936,0.019052184444426
C11,14,meanPairDistanceNorm,early,6001,7000,0.380923249586286,0.00514797095917803,0.019052184444426
C11,14,meanPairDistanceNorm,late,7001,8000,0.383421162412848,0.00187254568742582,0.00863424948981867
C11,15,meanGO,main,6001,8000,0.399226314326722,0.0081584150057188,0.0304759164297644
C11,15,meanGO,early,6001,7000,0.395283877603648,0.00559007383017649,0.0166688352815137
C11,15,meanGO,late,7001,8000,0.403168751049795,0.00841548812510478,0.0287323109945288
C11,15,meanLO,main,6001,8000,0.452535573030745,0.0350140264331031,0.159200013764545
C11,15,meanLO,early,6001,7000,0.440484331727071,0.0332070272690309,0.145555047207416
C11,15,meanLO,late,7001,8000,0.464586814334418,0.0325534799033528,0.147207931829367
C11,15,meanPairDistanceNorm,main,6001,8000,0.387868218764062,0.00675534360411707,0.0214391268671452
C11,15,meanPairDistanceNorm,early,6001,7000,0.392501500201849,0.00202855031666613,0.00707115452190055
C11,15,meanPairDistanceNorm,late,7001,8000,0.383234937326274,0.00664999451464843,0.0207676481392831
C11,16,meanGO,main,6001,8000,0.231435758067876,0.0104036939262132,0.0474419080885201
C11,16,meanGO,early,6001,7000,0.231483764387111,0.0102541743373879,0.0474419080885201
C11,16,meanGO,late,7001,8000,0.231387751748641,0.0105560094090716,0.0322760547259976
C11,16,meanLO,main,6001,8000,0.324276686932111,0.030317849663955,0.136200132133833
C11,16,meanLO,early,6001,7000,0.319380485894158,0.037523134378891,0.136200132133833
C11,16,meanLO,late,7001,8000,0.329172887970063,0.0195776641151475,0.0883843552714139
C11,16,meanPairDistanceNorm,main,6001,8000,0.376708137699409,0.0068640041866864,0.0215160995575173
C11,16,meanPairDistanceNorm,early,6001,7000,0.372921697300177,0.00764131443674992,0.0214504393172336
C11,16,meanPairDistanceNorm,late,7001,8000,0.380494578098642,0.00268022715174747,0.00909303043646298
C11,17,meanGO,main,6001,8000,0.241656349176064,0.0291719972296986,0.0807673669704966
C11,17,meanGO,early,6001,7000,0.216851566770749,0.0215137167119241,0.0627232792357358
C11,17,meanGO,late,7001,8000,0.266461131581379,0.00286992136847156,0.0180476998015303
C11,17,meanLO,main,6001,8000,0.415970230172258,0.025137188837497,0.115171069559401
C11,17,meanLO,early,6001,7000,0.41414909849766,0.0261564177611505,0.115171069559401
C11,17,meanLO,late,7001,8000,0.417791361846855,0.0239497633630956,0.0973184271854017
C11,17,meanPairDistanceNorm,main,6001,8000,0.382300313767685,0.00593281384881242,0.0215881520190835
C11,17,meanPairDistanceNorm,early,6001,7000,0.383011061100248,0.00802911841058574,0.0215881520190835
C11,17,meanPairDistanceNorm,late,7001,8000,0.381589566435123,0.00222569461414337,0.00688931690681416
C11,18,meanGO,main,6001,8000,0.127019200298313,0.0249233369788444,0.0921538534221631
C11,18,meanGO,early,6001,7000,0.146830649922484,0.0192891176516631,0.0753846990758995
C11,18,meanGO,late,7001,8000,0.107207750674142,0.00922628537362879,0.0336775844701414
C11,18,meanLO,main,6001,8000,0.356062966617616,0.0651401861198196,0.256464920646688
C11,18,meanLO,early,6001,7000,0.304873350308514,0.0416390965912927,0.182994409666232
C11,18,meanLO,late,7001,8000,0.407252582926717,0.0388705696699715,0.161476012150794
C11,18,meanPairDistanceNorm,main,6001,8000,0.361467279509697,0.0192535146297654,0.0553994284528192
C11,18,meanPairDistanceNorm,early,6001,7000,0.34435067413078,0.0101752717831543,0.0374897209183894
C11,18,meanPairDistanceNorm,late,7001,8000,0.378583884888613,0.00718941318420393,0.0252374038431818
C11,19,meanGO,main,6001,8000,0.375798824052095,0.127808208093443,0.362318675349705
C11,19,meanGO,early,6001,7000,0.258847754466933,0.0696470485277299,0.248853757688519
C11,19,meanGO,late,7001,8000,0.492749893637255,0.0212844589023645,0.113430851486877
C11,19,meanLO,main,6001,8000,0.573329229211217,0.0934433726642958,0.311290490827558
C11,19,meanLO,early,6001,7000,0.487979182975944,0.0301211679683502,0.142053299690203
C11,19,meanLO,late,7001,8000,0.658679275446489,0.0445077387082629,0.203072344320875
C11,19,meanPairDistanceNorm,main,6001,8000,0.322245528467687,0.0275110659430642,0.0880993365382633
C11,19,meanPairDistanceNorm,early,6001,7000,0.30677023594097,0.0232789846485185,0.0725381189542406
C11,19,meanPairDistanceNorm,late,7001,8000,0.337720820994404,0.0222061969361186,0.0779738442633901
C11,20,meanGO,main,6001,8000,0.22498156734066,0.0179041598694447,0.0680499057620568
C11,20,meanGO,early,6001,7000,0.21237084688183,0.01449935836036,0.0415888930830738
C11,20,meanGO,late,7001,8000,0.23759228779949,0.0106220736355088,0.0280526197467852
C11,20,meanLO,main,6001,8000,0.425065536117689,0.0685198534768526,0.237775367581237
C11,20,meanLO,early,6001,7000,0.376114710401722,0.0495476902973714,0.164037403633862
C11,20,meanLO,late,7001,8000,0.474016361833657,0.0462871781033847,0.178982652267176
C11,20,meanPairDistanceNorm,main,6001,8000,0.364194346791136,0.0222796328032048,0.0759872523180919
C11,20,meanPairDistanceNorm,early,6001,7000,0.348474735649535,0.0215398890298493,0.072513953386894
C11,20,meanPairDistanceNorm,late,7001,8000,0.379913957932737,0.00588107806848093,0.0173021957564903
C12,1,meanGO,main,6001,8000,0.72040126818787,0.0880323427245858,0.259587570321702
C12,1,meanGO,early,6001,7000,0.789095197861566,0.0747818288710979,0.248047270595437
C12,1,meanGO,late,7001,8000,0.651707338514174,0.0216255206996618,0.0708342061749805
C12,1,meanLO,main,6001,8000,0.829579402645875,0.0683822090157629,0.28340870871042
C12,1,meanLO,early,6001,7000,0.870038950367023,0.0653686599457529,0.281693076667462
C12,1,meanLO,late,7001,8000,0.789119854924728,0.0425046455476832,0.179465198043607
C12,1,meanPairDistanceNorm,main,6001,8000,0.199016647416329,0.0250379824344145,0.0805615296728296
C12,1,meanPairDistanceNorm,early,6001,7000,0.189591028796256,0.0127423557167756,0.0352342905149592
C12,1,meanPairDistanceNorm,late,7001,8000,0.208442266036402,0.0302357171648765,0.0805615296728296
C12,2,meanGO,main,6001,8000,0.623889800816251,0.0493929696660942,0.184220804237058
C12,2,meanGO,early,6001,7000,0.649438078024888,0.0274623469571985,0.097768865360052
C12,2,meanGO,late,7001,8000,0.598341523607615,0.0531117391892114,0.155983059793656
C12,2,meanLO,main,6001,8000,0.711854700872561,0.0484451036113147,0.195010880083454
C12,2,meanLO,early,6001,7000,0.728522360972282,0.0556292759187823,0.195010880083454
C12,2,meanLO,late,7001,8000,0.695187040772841,0.0323328177174723,0.13377325525779
C12,2,meanPairDistanceNorm,main,6001,8000,0.294932269359803,0.0368383625259123,0.104047360157818
C12,2,meanPairDistanceNorm,early,6001,7000,0.26957403533941,0.032116767208579,0.0885586518272684
C12,2,meanPairDistanceNorm,late,7001,8000,0.320290503380195,0.0199156762860141,0.0574826099496649
C12,3,meanGO,main,6001,8000,0.309073303838776,0.146187827459835,0.558768139570184
C12,3,meanGO,early,6001,7000,0.285284188334943,0.0522347757661101,0.239552407965699
C12,3,meanGO,late,7001,8000,0.33286241934261,0.197235152188367,0.558768139570184
C12,3,meanLO,main,6001,8000,0.471969772718299,0.10739754462329,0.448115246412959
C12,3,meanLO,early,6001,7000,0.486689686778957,0.0423800078500272,0.195578354104142
C12,3,meanLO,late,7001,8000,0.457249858657641,0.144395846096044,0.448115246412959
C12,3,meanPairDistanceNorm,main,6001,8000,0.245010999188562,0.0266208210489811,0.0836962739607309
C12,3,meanPairDistanceNorm,early,6001,7000,0.26712869963596,0.0150189070944169,0.0476561598766671
C12,3,meanPairDistanceNorm,late,7001,8000,0.222893298741163,0.0145984013834144,0.0472945976588842
C12,4,meanGO,main,6001,8000,0.457834509158664,0.139265185232849,0.412639056889867
C12,4,meanGO,early,6001,7000,0.567225946307443,0.114431011711128,0.385559287429069
C12,4,meanGO,late,7001,8000,0.348443072009884,0.0419238765830114,0.134245896511401
C12,4,meanLO,main,6001,8000,0.691496855440652,0.0507898333975524,0.263815427706725
C12,4,meanLO,early,6001,7000,0.713104111139183,0.0432666012800845,0.205750321671369
C12,4,meanLO,late,7001,8000,0.66988959974212,0.0485295381887729,0.188115449607145
C12,4,meanPairDistanceNorm,main,6001,8000,0.266792232086475,0.0310606072122132,0.0958199618367734
C12,4,meanPairDistanceNorm,early,6001,7000,0.243376471438617,0.0184017610945315,0.0477271320947078
C12,4,meanPairDistanceNorm,late,7001,8000,0.290207992734333,0.0222299385880318,0.0763006967685626
C12,5,meanGO,main,6001,8000,0.186686068611308,0.0636708292695775,0.240822136822321
C12,5,meanGO,early,6001,7000,0.201652682760668,0.0792265709314346,0.240822136822321
C12,5,meanGO,late,7001,8000,0.171719454461947,0.0372385548190683,0.138553129300943
C12,5,meanLO,main,6001,8000,0.333609498911985,0.054463956022949,0.243479618025663
C12,5,meanLO,early,6001,7000,0.329053479125895,0.0417337707118178,0.181572747782631
C12,5,meanLO,late,7001,8000,0.338165518698075,0.0644387344424072,0.243479618025663
C12,5,meanPairDistanceNorm,main,6001,8000,0.273527656364493,0.0155743057510694,0.0501208139565271
C12,5,meanPairDistanceNorm,early,6001,7000,0.288118750495977,0.00596658727702736,0.0307043720878246
C12,5,meanPairDistanceNorm,late,7001,8000,0.258936562233009,0.00485122202468478,0.0192879465333227
C12,6,meanGO,main,6001,8000,0.651017184582934,0.144158193622222,0.44799119015836
C12,6,meanGO,early,6001,7000,0.52656207016955,0.0549833563039056,0.181075428220855
C12,6,meanGO,late,7001,8000,0.775472298996317,0.0869001859958498,0.285902376640569
C12,6,meanLO,main,6001,8000,0.754808605903443,0.105323981360469,0.355070889425579
C12,6,meanLO,early,6001,7000,0.672344504978251,0.0466755552307214,0.182156060815116
C12,6,meanLO,late,7001,8000,0.837272706828636,0.0800281746354756,0.298993303638357
C12,6,meanPairDistanceNorm,main,6001,8000,0.199689202149188,0.0276118879750328,0.0896008441823622
C12,6,meanPairDistanceNorm,early,6001,7000,0.218718695126348,0.023039683854451,0.0804843938417355
C12,6,meanPairDistanceNorm,late,7001,8000,0.180659709172029,0.0164256107468155,0.0516499967737417
C12,7,meanGO,main,6001,8000,0.376998166066864,0.117898391617064,0.42601370274268
C12,7,meanGO,early,6001,7000,0.471644925044916,0.0861795449589144,0.231516873804268
C12,7,meanGO,late,7001,8000,0.282351407088812,0.0495288758718108,0.19623379348608
C12,7,meanLO,main,6001,8000,0.538932904974547,0.11548244857235,0.466232843313516
C12,7,meanLO,early,6001,7000,0.628376182589087,0.0949634600868283,0.351716112543989
C12,7,meanLO,late,7001,8000,0.449489627360007,0.0406382407769045,0.222891708349097
C12,7,meanPairDistanceNorm,main,6001,8000,0.262344642996081,0.0353252290302521,0.103101930733672
C12,7,meanPairDistanceNorm,early,6001,7000,0.229928954799725,0.0175563078234038,0.067691026905733
C12,7,meanPairDistanceNorm,late,7001,8000,0.294760331192437,0.00922558663662286,0.0352760099504253
C12,8,meanGO,main,6001,8000,0.339266386766915,0.0627696261807788,0.221277113565491
C12,8,meanGO,early,6001,7000,0.315273352629921,0.0740073131108769,0.221277113565491
C12,8,meanGO,late,7001,8000,0.363259420903909,0.0354179285072248,0.153969827759864
C12,8,meanLO,main,6001,8000,0.404179663250465,0.0780430934729948,0.320643854339767
C12,8,meanLO,early,6001,7000,0.37985092012509,0.10047975050206,0.320643854339767
C12,8,meanLO,late,7001,8000,0.428508406375839,0.0301065606373049,0.16971651743715
C12,8,meanPairDistanceNorm,main,6001,8000,0.27807086031,0.0126584668314693,0.0430250805244384
C12,8,meanPairDistanceNorm,early,6001,7000,0.268731914734712,0.00732299910592521,0.0210850863901055
C12,8,meanPairDistanceNorm,late,7001,8000,0.287409805885288,0.00961255590305793,0.0278883749358073
C12,9,meanGO,main,6001,8000,0.450819820800793,0.130638189133497,0.398180668398952
C12,9,meanGO,early,6001,7000,0.544519699072396,0.0454822977578853,0.141718133517893
C12,9,meanGO,late,7001,8000,0.35711994252919,0.120433407504678,0.366471474580943
C12,9,meanLO,main,6001,8000,0.588580972575299,0.106942103951976,0.422381023672375
C12,9,meanLO,early,6001,7000,0.639387604086131,0.0462648027869877,0.188622734296721
C12,9,meanLO,late,7001,8000,0.537774341064466,0.124805640392289,0.413286924155791
C12,9,meanPairDistanceNorm,main,6001,8000,0.259240453285526,0.0333809224518698,0.0952823177205347
C12,9,meanPairDistanceNorm,early,6001,7000,0.28764807267868,0.00541938037109618,0.0235066407759779
C12,9,meanPairDistanceNorm,late,7001,8000,0.230832833892371,0.0241809099249985,0.0786328238937881
C12,10,meanGO,main,6001,8000,0.603819562718926,0.0634792670206942,0.225186562515755
C12,10,meanGO,early,6001,7000,0.608326276832338,0.0505888401730707,0.169850248518786
C12,10,meanGO,late,7001,8000,0.599312848605514,0.0739146533381529,0.225186562515755
C12,10,meanLO,main,6001,8000,0.736384298443197,0.0792948027883623,0.336502817054589
C12,10,meanLO,early,6001,7000,0.778806348171676,0.0460919737889656,0.16794648568895
C12,10,meanLO,late,7001,8000,0.693962248714719,0.082790651287666,0.307073243645428
C12,10,meanPairDistanceNorm,main,6001,8000,0.256879068190416,0.0422029630788282,0.126973331014888
C12,10,meanPairDistanceNorm,early,6001,7000,0.287415639185203,0.0219426006882853,0.0801418581919163
C12,10,meanPairDistanceNorm,late,7001,8000,0.226342497195629,0.0348662324586296,0.107170196724591
C12,11,meanGO,main,6001,8000,0.589380059575026,0.0867972715623812,0.312659837221383
C12,11,meanGO,early,6001,7000,0.660028808350944,0.0228238976621511,0.0849851559438473
C12,11,meanGO,late,7001,8000,0.518731310799109,0.0675400608040664,0.235938410539826
C12,11,meanLO,main,6001,8000,0.670834565676714,0.083269126193708,0.369109047023597
C12,11,meanLO,early,6001,7000,0.72259290119095,0.0680945469532522,0.270868019127471
C12,11,meanLO,late,7001,8000,0.619076230162479,0.0622443114927884,0.242728862449696
C12,11,meanPairDistanceNorm,main,6001,8000,0.257301316036127,0.0256997309320086,0.0825490918018419
C12,11,meanPairDistanceNorm,early,6001,7000,0.263929554422409,0.0167059554531424,0.061120023930577
C12,11,meanPairDistanceNorm,late,7001,8000,0.250673077649845,0.0308961079491603,0.0825490918018419
C12,12,meanGO,main,6001,8000,0.835018674697328,0.0421889034473823,0.171973459165957
C12,12,meanGO,early,6001,7000,0.870134252594766,0.0184557952502229,0.0895889215364335
C12,12,meanGO,late,7001,8000,0.79990309679989,0.0274280177316151,0.120104088617823
C12,12,meanLO,main,6001,8000,0.891028092165293,0.0512730423688164,0.189991279728444
C12,12,meanLO,early,6001,7000,0.930123119257967,0.0303951337160915,0.160074634354901
C12,12,meanLO,late,7001,8000,0.851933065072618,0.035731148335551,0.144196389251727
C12,12,meanPairDistanceNorm,main,6001,8000,0.168615870875854,0.0183450673881675,0.0722211138615269
C12,12,meanPairDistanceNorm,early,6001,7000,0.167780613939692,0.00950159757447104,0.0338900129395157
C12,12,meanPairDistanceNorm,late,7001,8000,0.169451127812016,0.0241193451788737,0.0722211138615269
C12,13,meanGO,main,6001,8000,0.526889294275503,0.062167730274075,0.284804453437521
C12,13,meanGO,early,6001,7000,0.523156626532561,0.0282520015490113,0.0947109423364282
C12,13,meanGO,late,7001,8000,0.530621962018444,0.083111088118547,0.284804453437521
C12,13,meanLO,main,6001,8000,0.596222629510885,0.0591162707275921,0.28329154131004
C12,13,meanLO,early,6001,7000,0.604611530865351,0.0423120442084489,0.179570039510665
C12,13,meanLO,late,7001,8000,0.587833728156418,0.0711461021840594,0.28329154131004
C12,13,meanPairDistanceNorm,main,6001,8000,0.274580025872347,0.0175501924009583,0.0558639923951936
C12,13,meanPairDistanceNorm,early,6001,7000,0.287647566034808,0.00700285399801719,0.0201322175022177
C12,13,meanPairDistanceNorm,late,7001,8000,0.261512485709886,0.015014119528121,0.052820038619646
C12,14,meanGO,main,6001,8000,0.47535703332117,0.25245868053833,0.821270783427923
C12,14,meanGO,early,6001,7000,0.276977644185322,0.145342985788279,0.428307528591517
C12,14,meanGO,late,7001,8000,0.673736422457018,0.166199984372974,0.471304423458838
C12,14,meanLO,main,6001,8000,0.591712464530955,0.167806937806916,0.556144938083177
C12,14,meanLO,early,6001,7000,0.473434443730939,0.0980873350242548,0.304855854707527
C12,14,meanLO,late,7001,8000,0.709990485330973,0.13681378227103,0.447992519057311
C12,14,meanPairDistanceNorm,main,6001,8000,0.234933712257476,0.0128857492912978,0.0440717794823559
C12,14,meanPairDistanceNorm,early,6001,7000,0.246343537207588,0.00626431351467148,0.0166991838082373
C12,14,meanPairDistanceNorm,late,7001,8000,0.223523887307364,0.00569041430001306,0.030199891087855
C12,15,meanGO,main,6001,8000,0.209893674676948,0.0877006067438468,0.345417581762114
C12,15,meanGO,early,6001,7000,0.195095143831533,0.0625373870812232,0.233365363744109
C12,15,meanGO,late,7001,8000,0.224692205522362,0.105076808560322,0.345417581762114
C12,15,meanLO,main,6001,8000,0.409871057548858,0.0702390322453595,0.300040302542811
C12,15,meanLO,early,6001,7000,0.365428726940183,0.0556028731271404,0.209631606933892
C12,15,meanLO,late,7001,8000,0.454313388157533,0.0531611377426237,0.216238332059293
C12,15,meanPairDistanceNorm,main,6001,8000,0.289404296932836,0.0517081512590167,0.14172351657229
C12,15,meanPairDistanceNorm,early,6001,7000,0.336594788309187,0.0130022560132301,0.0484297274574395
C12,15,meanPairDistanceNorm,late,7001,8000,0.242213805556485,0.0268838290642196,0.093141650118763
C12,16,meanGO,main,6001,8000,0.438286084641649,0.148789551874797,0.531085968973535
C12,16,meanGO,early,6001,7000,0.389953612177833,0.11576171297352,0.480770044093802
C12,16,meanGO,late,7001,8000,0.486618557105465,0.161929970275512,0.495978503770674
C12,16,meanLO,main,6001,8000,0.632815787538874,0.108728418825506,0.394779866599602
C12,16,meanLO,early,6001,7000,0.612550604935865,0.0845662356770285,0.364657486467767
C12,16,meanLO,late,7001,8000,0.653080970141884,0.125227577543742,0.394779866599602
C12,16,meanPairDistanceNorm,main,6001,8000,0.238578609988519,0.0477677986344598,0.154521655599254
C12,16,meanPairDistanceNorm,early,6001,7000,0.219847020223459,0.0344838826846131,0.124577385283464
C12,16,meanPairDistanceNorm,late,7001,8000,0.257310199753579,0.0517128968128922,0.154521655599254
C12,17,meanGO,main,6001,8000,0.421800377273812,0.0780412356774108,0.280210017081562
C12,17,meanGO,early,6001,7000,0.387243386519148,0.0535910031759538,0.234559232885043
C12,17,meanGO,late,7001,8000,0.456357368028475,0.0832118252394967,0.280210017081562
C12,17,meanLO,main,6001,8000,0.58951092132491,0.0641462884927287,0.359864123464673
C12,17,meanLO,early,6001,7000,0.583071063157028,0.0572391492798252,0.267803789832212
C12,17,meanLO,late,7001,8000,0.595950779492793,0.0698159346903078,0.325952881807701
C12,17,meanPairDistanceNorm,main,6001,8000,0.217069009643028,0.0482523882858151,0.147376390633912
C12,17,meanPairDistanceNorm,early,6001,7000,0.231655106244749,0.0386098485821504,0.114889368997714
C12,17,meanPairDistanceNorm,late,7001,8000,0.202482913041308,0.0523666096298059,0.147376390633912
C12,18,meanGO,main,6001,8000,0.766181397552316,0.0290869241314545,0.123379410741745
C12,18,meanGO,early,6001,7000,0.773506580754046,0.0278404598393748,0.0901945724297498
C12,18,meanGO,late,7001,8000,0.758856214350586,0.0284680515828162,0.122838399289212
C12,18,meanLO,main,6001,8000,0.842051817992132,0.0524442010837943,0.214417031259437
C12,18,meanLO,early,6001,7000,0.829201744570184,0.0555892174813664,0.208243024127493
C12,18,meanLO,late,7001,8000,0.854901891414081,0.0456377162943846,0.173364074970359
C12,18,meanPairDistanceNorm,main,6001,8000,0.12653765734429,0.0373107340183506,0.121009861632389
C12,18,meanPairDistanceNorm,early,6001,7000,0.134150688351731,0.0268191852783227,0.0803603477167244
C12,18,meanPairDistanceNorm,late,7001,8000,0.118924626336848,0.0441619068495153,0.121009861632389
C12,19,meanGO,main,6001,8000,0.610645564995921,0.104127570272252,0.38905222070361
C12,19,meanGO,early,6001,7000,0.559009295732792,0.104904833364657,0.303956735776487
C12,19,meanGO,late,7001,8000,0.66228183425905,0.0731640934424262,0.25767256869261
C12,19,meanLO,main,6001,8000,0.753835082396191,0.0723153293195541,0.347674090628956
C12,19,meanLO,early,6001,7000,0.722379954192685,0.0732802112773277,0.272470892817374
C12,19,meanLO,late,7001,8000,0.785290210599697,0.05579810099213,0.256012068123047
C12,19,meanPairDistanceNorm,main,6001,8000,0.128717262476457,0.034201625107148,0.144953903063782
C12,19,meanPairDistanceNorm,early,6001,7000,0.151467155682094,0.0332332398513525,0.123277725579901
C12,19,meanPairDistanceNorm,late,7001,8000,0.105967369270821,0.0141447367538391,0.0543236494738212
C12,20,meanGO,main,6001,8000,0.68533080891179,0.100018205409132,0.334535249824771
C12,20,meanGO,early,6001,7000,0.716397093857723,0.119882524751231,0.330441564407585
C12,20,meanGO,late,7001,8000,0.654264523965857,0.060936987617543,0.226336262341535
C12,20,meanLO,main,6001,8000,0.770409112369248,0.092226021336165,0.3336250452643
C12,20,meanLO,early,6001,7000,0.823777367857414,0.0906827449229328,0.28717840762104
C12,20,meanLO,late,7001,8000,0.717040856881081,0.0556272282095108,0.215619269854375
C12,20,meanPairDistanceNorm,main,6001,8000,0.204129484250219,0.0264108174090046,0.0958458747421172
C12,20,meanPairDistanceNorm,early,6001,7000,0.214057370065215,0.0278222408555251,0.0758188325138709
C12,20,meanPairDistanceNorm,late,7001,8000,0.194201598435224,0.0206000130834565,0.0571089304622514
