profile,N,nNeurons,nSteps,seed,k,policy,strengthMode,meanGO,meanLO,meanPairDistanceNorm,meanNearestDistanceNorm,meanInputAmplitude,meanVisibleNeighbors,meanActiveNeighbors,meanAngularCoverage,meanInputConcentration,meanFieldPeak,meanBumpConcentration,meanSpeed,socialUnionLccFraction,socialAlgebraicConnectivity
n20-long,20,100,8000,1,0,balanced,fixed-total,0.0918888808744545,0.387838469880152,0.375586613975774,0.116177247448406,0,19,0,0,0,0,0.63672450418195,1.59181126045487,0.05,0
n20-long,20,100,8000,1,0,balanced,original,0.0918888808744545,0.387838469880152,0.375586613975774,0.116177247448406,0,19,0,0,0,0,0.63672450418195,1.59181126045487,0.05,0
n20-long,20,100,8000,1,0,nearest,fixed-total,0.0918888808744545,0.387838469880152,0.375586613975774,0.116177247448406,0,19,0,0,0,0,0.63672450418195,1.59181126045487,0.05,0
n20-long,20,100,8000,1,0,nearest,original,0.0918888808744545,0.387838469880152,0.375586613975774,0.116177247448406,0,19,0,0,0,0,0.63672450418195,1.59181126045487,0.05,0
n20-long,20,100,8000,1,0,random,fixed-total,0.0918888808744545,0.387838469880152,0.375586613975774,0.116177247448406,0,19,0,0,0,0,0.63672450418195,1.59181126045487,0.05,0
n20-long,20,100,8000,1,0,random,original,0.0918888808744545,0.387838469880152,0.375586613975774,0.116177247448406,0,19,0,0,0,0,0.63672450418195,1.59181126045487,0.05,0
n20-long,20,100,8000,1,1,balanced,fixed-total,0.280373094626285,0.652547592601741,0.34476020123365,9.18908446047447e-05,0.227999999999998,19,1,0,1,0.227740129535171,0.579391645951493,1.57556855723152,0.15,-5.87734179610468e-16
n20-long,20,100,8000,1,1,balanced,original,0.0908660120502069,0.368996823809011,0.375427428069198,0.111859799039021,0.0119999999999999,19,1,0,1,0.0119875792323691,0.63672450418195,1.59181126045487,1,0.286382178480814
n20-long,20,100,8000,1,1,nearest,fixed-total,0.280373094626285,0.652547592601741,0.34476020123365,9.18908446047447e-05,0.227999999999998,19,1,0,1,0.227740129535171,0.579391645951493,1.57556855723152,0.15,-5.87734179610468e-16
n20-long,20,100,8000,1,1,nearest,original,0.0908660120502069,0.368996823809011,0.375427428069198,0.111859799039021,0.0119999999999999,19,1,0,1,0.0119875792323691,0.63672450418195,1.59181126045487,1,0.286382178480814
n20-long,20,100,8000,1,1,random,fixed-total,0.263093434693274,0.478094334863652,0.175682133522492,0.0389259918516151,0.227999999999998,19,1,0,1,0.227766247716304,0.618819349272226,1.58914664259031,1,1.02486230631377
n20-long,20,100,8000,1,1,random,original,0.0895780403456859,0.301417294586281,0.382182607724842,0.112801218902832,0.0119999999999999,19,1,0,1,0.011987732846638,0.63672450418195,1.59181126045487,1,1.02486230631377
n20-long,20,100,8000,1,2,balanced,fixed-total,0.292267111349767,0.621655807400544,0.356761134335796,0.0475245568020454,0.227999999999998,19,2,0.467419011189485,0.101352118150922,0.113936551054806,0.582628787169867,1.57635740793984,1,0.749723009241484
n20-long,20,100,8000,1,2,balanced,original,0.0924445389885592,0.35953646421487,0.380494701944166,0.116846226387292,0.0239999999999997,19,2,0.47540642298963,0.0769032892738903,0.0119937953061258,0.63672450418195,1.59181126045487,1,1.31093014494067
n20-long,20,100,8000,1,2,nearest,fixed-total,0.791068744294269,0.918590753405967,0.296157824008346,0.00424813979231149,0.227999999999998,19,2,0.167056095049493,0.738942378366332,0.173217264781911,0.590605692719217,1.57964325458426,0.25,-7.6566875995019e-17
n20-long,20,100,8000,1,2,nearest,original,0.212205608084094,0.436672424144927,0.383774965774185,0.112606968299263,0.0239999999999997,19,2,0.251230525301459,0.636541194925326,0.0140631565391606,0.636516134852324,1.59179776456609,1,0.878038252494115
n20-long,20,100,8000,1,2,random,fixed-total,0.580358276429933,0.720442871060272,0.229500010588978,0.0264697896012555,0.227999999999998,19,2,0.205129115400634,0.686846171260599,0.16006701656386,0.624909565246106,1.59044879185337,1,2.05416401377612
n20-long,20,100,8000,1,2,random,original,0.176206907100663,0.399444398894435,0.373282494147369,0.107521644310524,0.0239999999999997,19,2,0.245963771781647,0.643970834230315,0.0143918386924707,0.63672450418195,1.59181126045487,1,2.05416401377612
n20-long,20,100,8000,1,3,balanced,fixed-total,0.290745309144502,0.416676256980566,0.371206501190396,0.0941126883303723,0.227999999999998,19,3,0.523075973113102,0.287353509156655,0.0761444658345713,0.610880553012572,1.58800587530928,1,1.97206475372559
n20-long,20,100,8000,1,3,balanced,original,0.115646819500478,0.320158181679673,0.380489669376518,0.110561049465874,0.0359999999999999,19,3,0.519454914010433,0.29414218599123,0.012010202647095,0.63672450418195,1.59181126045487,1,2.18507530716319
n20-long,20,100,8000,1,3,nearest,fixed-total,0.307020594846801,0.877524263877945,0.260882219946572,0.00092282079210948,0.227999999999998,19,3,0.247996358074629,0.695419895360941,0.173393167503512,0.586174523383045,1.57814497378289,0.3,-7.85240855597336e-16
n20-long,20,100,8000,1,3,nearest,original,0.116510728749507,0.283160584427555,0.386033798396339,0.104956874164715,0.0359999999999999,19,3,0.373376595718183,0.549099556267456,0.0187448414985844,0.634871411919685,1.59169522752419,1,1.64464872322222
n20-long,20,100,8000,1,3,random,fixed-total,0.559885259328228,0.696810671755849,0.0904062188204255,0.0301759238220703,0.227999999999998,19,3,0.25796080557033,0.713965496836105,0.151647227444509,0.617253517405686,1.58910960835176,1,3.11138697123235
n20-long,20,100,8000,1,3,random,original,0.221594536647396,0.370512619365866,0.382156812871469,0.104616765010812,0.0359999999999999,19,3,0.389706071042404,0.522163321110634,0.0183926735823734,0.636286327922892,1.59178411396815,1,3.11138697123235
n20-long,20,100,8000,1,4,balanced,fixed-total,0.107462768500797,0.453445412549473,0.355867037621089,0.0786406367039191,0.227999999999998,19,4,0.676429884384209,0.132413714514303,0.0600742198924332,0.612926005997898,1.58877738441917,1,2.69854367810996
n20-long,20,100,8000,1,4,balanced,original,0.152968153101729,0.395190627878201,0.383652285948646,0.114466712100109,0.0479999999999994,19,4,0.701474058017485,0.0862122059141676,0.0122037952288182,0.63672450418195,1.59181126045487,1,2.93939334508453
n20-long,20,100,8000,1,4,nearest,fixed-total,0.436518077903975,0.830784471755187,0.256191566636855,0.00475688618436366,0.227999999999998,19,4,0.315068263518248,0.652124448051361,0.153844636153344,0.600674291722471,1.58354355250404,0.7,1.88340086366174e-15
n20-long,20,100,8000,1,4,nearest,original,0.307898006565115,0.465403510618508,0.37688812276268,0.097939655077395,0.0479999999999994,19,4,0.434473397371775,0.517154411893316,0.0236123219864481,0.633212428260447,1.59159156376014,1,1.74217992879008
n20-long,20,100,8000,1,4,random,fixed-total,0.657076626808516,0.764626194359788,0.0896266835277957,0.0154762625261067,0.227999999999998,19,4,0.313203818423314,0.66139841684055,0.153972473929413,0.617125584428719,1.58896622916885,1,4.14941176454874
n20-long,20,100,8000,1,4,random,original,0.170988434845764,0.293283279358134,0.386789266846045,0.114465866243888,0.0479999999999994,19,4,0.482804212904093,0.443897612633876,0.021965852592019,0.632341398796435,1.59154080322496,1,4.14941176454874
n20-long,20,100,8000,1,5,balanced,fixed-total,0.296946436561094,0.525015225883468,0.372545674817956,0.0961661633386786,0.227999999999998,19,5,0.712998363742584,0.184689494672384,0.0585409478147762,0.610591718239834,1.58834511848389,1,3.63460048801798
n20-long,20,100,8000,1,5,balanced,original,0.184145975806943,0.367364584732963,0.381609122828607,0.11359366573244,0.0599999999999995,19,5,0.721500484235633,0.181943576047068,0.0150559256576725,0.635932531197617,1.59176250887892,1,4.28667610976109
n20-long,20,100,8000,1,5,nearest,fixed-total,0.659829450729693,0.873261778266188,0.245837444464116,0.0169387580690704,0.227999999999998,19,5,0.32952887468156,0.664815008125814,0.159669901064093,0.613178086625079,1.58654106804378,1,0.316891365058679
n20-long,20,100,8000,1,5,nearest,original,0.284333548868403,0.393288703014027,0.380867947123961,0.106607020913569,0.0599999999999995,19,5,0.541627735655882,0.393857133635366,0.0263047191580623,0.63105633194748,1.59145867831209,1,2.85752945271263
n20-long,20,100,8000,1,5,random,fixed-total,0.759468849929863,0.838702315828028,0.0592166549987085,0.013589966200011,0.227999999999998,19,5,0.353341967573729,0.650304294918313,0.14763698805725,0.617654578381952,1.58916210332636,1,5.20284604786775
n20-long,20,100,8000,1,5,random,original,0.320106898908894,0.415602361229107,0.370806934186365,0.0999751002775825,0.0599999999999995,19,5,0.527309927343537,0.428761396901382,0.0267561283800341,0.628671829497842,1.59131461937031,1,5.20284604786775
n20-long,20,100,8000,1,7,balanced,fixed-total,0.901735262407963,0.928140022984405,0.0695167970936686,0.0271740947176973,0.227999999999998,19,7,0.579064461923247,0.430138696688185,0.0894128431118964,0.614620085740437,1.58894682689948,1,5.51026367394905
n20-long,20,100,8000,1,7,balanced,original,0.168617389063439,0.304787426034,0.389579740099632,0.108331948327342,0.0840000000000005,19,7,0.764970946079612,0.139411347631588,0.0195329078792198,0.624192648201898,1.59104152793851,1,6.0213457526115
n20-long,20,100,8000,1,7,nearest,fixed-total,0.551069880851916,0.668953269636665,0.338732808478676,0.044729312954612,0.227999999999998,19,7,0.449731196007393,0.578612722366764,0.135416073719998,0.622308642396383,1.58998558942862,1,0.969948493504626
n20-long,20,100,8000,1,7,nearest,original,0.170329301796083,0.425699818627134,0.335723529549432,0.0837280694843293,0.0840000000000005,19,7,0.531312381682851,0.497024696326955,0.0379111759802984,0.62822490512353,1.59126589642669,1,3.65385905601573
n20-long,20,100,8000,1,7,random,fixed-total,0.392156900850909,0.628653819704521,0.172952134845837,0.0350245571725489,0.227999999999998,19,7,0.445709069865732,0.57697025037218,0.132753745770605,0.619139442681879,1.58947314844794,1,7.29418755375077
n20-long,20,100,8000,1,7,random,original,0.269043911888934,0.416658958347908,0.366560566519332,0.103706790201637,0.0840000000000005,19,7,0.602519013182647,0.379827965846388,0.0348165235715504,0.625463826509897,1.59111225474801,1,7.29418755375077
n20-long,20,100,8000,1,10,balanced,fixed-total,0.575678566241513,0.763921507578982,0.126973471749388,0.0445419434828745,0.227999999999998,19,10,0.621700015560355,0.461541134630973,0.0960996342070157,0.617361283376962,1.58947052665853,1,8.11195548914857
n20-long,20,100,8000,1,10,balanced,original,0.11281838254159,0.333825728496905,0.381329867637246,0.119423483690385,0.119999999999999,19,10,0.801263368528122,0.151965999515169,0.0290893277598508,0.623957028513529,1.59102676971197,1,9.35812486462059
n20-long,20,100,8000,1,10,nearest,fixed-total,0.8292123232465,0.918727081979376,0.128182101912677,0.0197670474038443,0.227999999999998,19,10,0.479059336694707,0.591292373247085,0.126867130653537,0.615679141920508,1.58866468629069,1,2.852951953086
n20-long,20,100,8000,1,10,nearest,original,0.517867625835373,0.687882295117401,0.277464611784347,0.066592885440662,0.119999999999999,19,10,0.545615516631242,0.555972100980742,0.059843317106395,0.625326465480222,1.59098155459603,1,5.04376959775979
n20-long,20,100,8000,1,10,random,fixed-total,0.706740986898264,0.792917858313184,0.102530197776426,0.0292066917766018,0.227999999999998,19,10,0.483853113294785,0.595079356064096,0.140757819281267,0.617842096807035,1.58922399674365,1,10.4476364386502
n20-long,20,100,8000,1,10,random,original,0.663093564813894,0.725215336889254,0.336358675160227,0.0874335088917267,0.119999999999999,19,10,0.629555977089446,0.377618220420493,0.0526210053842277,0.623231239189556,1.59082003711479,1,10.4476364386502
n20-long,20,100,8000,1,15,balanced,fixed-total,0.902743770979196,0.932863782141588,0.0210598633105131,0.0067011810770825,0.227999999999998,19,15,0.595040463749983,0.553599594658862,0.112276186417601,0.6135391924436,1.58851289110058,1,15.011284640673
n20-long,20,100,8000,1,15,balanced,original,0.673978628418981,0.809135045363963,0.201546507729522,0.0637724231840347,0.180000000000002,19,15,0.646957930403354,0.481950425092777,0.0948548364353903,0.624579997558601,1.5907549119183,1,14.089760622188
n20-long,20,100,8000,1,15,nearest,fixed-total,0.892989779895582,0.92925767826501,0.112364677401431,0.0197221165200592,0.227999999999998,19,15,0.534886581527572,0.602844809707876,0.136997203908272,0.625962536619327,1.59056199838793,1,8.79258473153786
n20-long,20,100,8000,1,15,nearest,original,0.243467637444867,0.610957778249091,0.246833694606647,0.0613657575481805,0.180000000000002,19,15,0.578014003028782,0.507800946345957,0.0894768859528836,0.623318559234709,1.59048542480025,1,10.9762908839878
n20-long,20,100,8000,1,15,random,fixed-total,0.412509688892786,0.632386149017657,0.183102223318137,0.0392451086596573,0.227999999999998,19,15,0.57493401063383,0.531130528308559,0.122583584049291,0.619677422513408,1.58985113564541,1,15.7186653588451
n20-long,20,100,8000,1,15,random,original,0.688313892132649,0.808610834188576,0.146216064695446,0.0385395033180837,0.180000000000002,19,15,0.586115025621312,0.570352539255526,0.0946230163589909,0.623329770568623,1.59055151957438,1,15.7186653588451
n20-long,20,100,8000,1,19,all,original,0.928239554330305,0.964466098624948,0.134018302576745,0.0252366939324351,0.227999999999998,19,19,0.65334779274313,0.534457305642144,0.127812105441553,0.610826863986691,1.58735242484385,1,20
n20-long,20,100,8000,2,0,balanced,fixed-total,0.15863584420554,0.342963951039802,0.378097522961016,0.108514849491278,0,19,0,0,0,0,0.63672450418195,1.59181126045487,0.05,0
n20-long,20,100,8000,2,0,balanced,original,0.15863584420554,0.342963951039802,0.378097522961016,0.108514849491278,0,19,0,0,0,0,0.63672450418195,1.59181126045487,0.05,0
n20-long,20,100,8000,2,0,nearest,fixed-total,0.15863584420554,0.342963951039802,0.378097522961016,0.108514849491278,0,19,0,0,0,0,0.63672450418195,1.59181126045487,0.05,0
n20-long,20,100,8000,2,0,nearest,original,0.15863584420554,0.342963951039802,0.378097522961016,0.108514849491278,0,19,0,0,0,0,0.63672450418195,1.59181126045487,0.05,0
n20-long,20,100,8000,2,0,random,fixed-total,0.15863584420554,0.342963951039802,0.378097522961016,0.108514849491278,0,19,0,0,0,0,0.63672450418195,1.59181126045487,0.05,0
n20-long,20,100,8000,2,0,random,original,0.15863584420554,0.342963951039802,0.378097522961016,0.108514849491278,0,19,0,0,0,0,0.63672450418195,1.59181126045487,0.05,0
n20-long,20,100,8000,2,1,balanced,fixed-total,0.296972252382591,0.557267084172353,0.343616424489484,0.00455142023863779,0.227999999999998,19,1,0,1,0.227756012514857,0.586337929171536,1.57746626858719,0.55,-4.49756669973595e-16
n20-long,20,100,8000,2,1,balanced,original,0.18373923754444,0.354860906784542,0.385526204166141,0.113185444402733,0.0119999999999999,19,1,0,1,0.0119875476437243,0.63672450418195,1.59181126045487,1,0.308189384239766
n20-long,20,100,8000,2,1,nearest,fixed-total,0.296972252382591,0.557267084172353,0.343616424489484,0.00455142023863779,0.227999999999998,19,1,0,1,0.227756012514857,0.586337929171536,1.57746626858719,0.55,-4.49756669973595e-16
n20-long,20,100,8000,2,1,nearest,original,0.18373923754444,0.354860906784542,0.385526204166141,0.113185444402733,0.0119999999999999,19,1,0,1,0.0119875476437243,0.63672450418195,1.59181126045487,1,0.308189384239766
n20-long,20,100,8000,2,1,random,fixed-total,0.477664593828639,0.707637241203588,0.167469446859902,0.0304959834026784,0.227999999999998,19,1,0,1,0.227767113263778,0.622133471473974,1.58989207486064,1,1.02052619990335
n20-long,20,100,8000,2,1,random,original,0.139895367247257,0.351476077710001,0.366626755376053,0.100772965489123,0.0119999999999999,19,1,0,1,0.011987491612108,0.63672450418195,1.59181126045487,1,1.02052619990335
n20-long,20,100,8000,2,2,balanced,fixed-total,0.106578449475183,0.580252125023713,0.358114679634677,0.0524785710734255,0.227999999999998,19,2,0.461074628858364,0.12064812014223,0.113938662156893,0.589707351051304,1.57862470194699,1,0.911425558904279
n20-long,20,100,8000,2,2,balanced,original,0.166415365678357,0.383586135976405,0.376367512687375,0.111368566908907,0.0239999999999997,19,2,0.47176947281586,0.0881393062368738,0.0119937455471251,0.63672450418195,1.59181126045487,1,1.31798304867963
n20-long,20,100,8000,2,2,nearest,fixed-total,0.53997085544399,0.719044357645033,0.327102619307253,0.00194013159789954,0.227999999999998,19,2,0.156522155268599,0.744089286914119,0.180932004173891,0.586392596022865,1.57790594561368,0.35,-1.95433312258799e-16
n20-long,20,100,8000,2,2,nearest,original,0.1046179631525,0.29854747392968,0.382918968714035,0.114378314625615,0.0239999999999997,19,2,0.247979587191989,0.646842735997421,0.0140916656084029,0.636573291405938,1.59180145738232,1,0.923011466742669
n20-long,20,100,8000,2,2,random,fixed-total,0.544705118466346,0.733309410934084,0.137093950773689,0.0396153438281239,0.227999999999998,19,2,0.171526022536963,0.76322066316885,0.164723439726403,0.622149347725147,1.59008200436187,1,2.05407462529554
n20-long,20,100,8000,2,2,random,original,0.154634522770195,0.335533897911295,0.377349849868457,0.117127012055677,0.0239999999999997,19,2,0.246053550616929,0.64429152040139,0.0143845439837092,0.63672450418195,1.59181126045487,1,2.05407462529554
n20-long,20,100,8000,2,3,balanced,fixed-total,0.119306206068491,0.394614435095165,0.370112721029679,0.0881069111877546,0.227999999999998,19,3,0.524879472549954,0.283561089737018,0.0760943706545942,0.608541508989526,1.58742217855551,1,1.82294544505636
n20-long,20,100,8000,2,3,balanced,original,0.175485000581442,0.341175177099648,0.383169105370096,0.115046678353619,0.0359999999999999,19,3,0.520126645135951,0.292457831072182,0.0120110642114366,0.63672450418195,1.59181126045487,1,2.28853758265421
n20-long,20,100,8000,2,3,nearest,fixed-total,0.694632434713703,0.914582145764038,0.31836376963679,0.00484120693033014,0.227999999999998,19,3,0.225308620857278,0.726032083141261,0.175603238421717,0.592506529993935,1.58015025670065,0.3,-1.25542356173037e-15
n20-long,20,100,8000,2,3,nearest,original,0.0637228911255822,0.317181383436664,0.386035943712158,0.117852785219426,0.0359999999999999,19,3,0.40721212816026,0.492899477199531,0.0177039695055572,0.635063747723704,1.59170693708343,1,1.76675524219245
n20-long,20,100,8000,2,3,random,fixed-total,0.358479777010322,0.661762257806541,0.176510289986651,0.0298752617522455,0.227999999999998,19,3,0.288108695819459,0.657931380609914,0.154434842213303,0.622875482913379,1.58998914067023,1,3.10228917396712
n20-long,20,100,8000,2,3,random,original,0.114794542258774,0.367111897360545,0.363614591421303,0.101776918958032,0.0359999999999999,19,3,0.369107796094184,0.555814579633075,0.019008982049809,0.635215358826837,1.59171750556863,1,3.10228917396712
n20-long,20,100,8000,2,4,balanced,fixed-total,0.200323232224854,0.486312280607181,0.368437122635632,0.0919147324973453,0.227999999999998,19,4,0.681199485731842,0.122905057348371,0.0593819143072981,0.612528623325225,1.58872028147354,1,3.03424025213461
n20-long,20,100,8000,2,4,balanced,original,0.167861970823328,0.404062612178906,0.378161617312942,0.108760525652272,0.0479999999999994,19,4,0.696019277940745,0.0975335911964176,0.0122800600799226,0.636525002897144,1.59179899757728,1,2.90159280933103
n20-long,20,100,8000,2,4,nearest,fixed-total,0.748139922520443,0.976296387925531,0.26278112587662,0.0175601522410028,0.227999999999998,19,4,0.277502216726435,0.689244975054906,0.163059823514152,0.603314621614676,1.58414014810643,0.7,-5.54725465115568e-16
n20-long,20,100,8000,2,4,nearest,original,0.170762506422362,0.281732204022809,0.385153027323059,0.0991431474679938,0.0479999999999994,19,4,0.44178732908363,0.508620877206479,0.0238778577351976,0.632022671572982,1.59151784728394,1,2.21680232602653
n20-long,20,100,8000,2,4,random,fixed-total,0.989214813699589,0.992975991371966,0.0495943482227857,0.0244322914511848,0.227999999999998,19,4,0.316691856323046,0.668527027491175,0.147477197866272,0.606499554609821,1.58615144385645,1,4.14288494225727
n20-long,20,100,8000,2,4,random,original,0.210599699906144,0.523396722455806,0.360468628863734,0.100858552749565,0.0479999999999994,19,4,0.452497392472971,0.490354853908139,0.0233969483064452,0.630653952393471,1.59143549740995,1,4.14288494225727
n20-long,20,100,8000,2,5,balanced,fixed-total,0.429049971249289,0.530109609118297,0.358333877876608,0.0901042004519855,0.227999999999998,19,5,0.706341666455713,0.191002260201744,0.0600328122307148,0.610581175097361,1.58830668844057,1,3.44187520870626
n20-long,20,100,8000,2,5,balanced,original,0.204301207936558,0.377595711655514,0.372407074658984,0.0992252929043602,0.0599999999999995,19,5,0.720427613868949,0.178747545031122,0.0149305058933791,0.634263629082985,1.59165984133938,1,3.65974351422761
n20-long,20,100,8000,2,5,nearest,fixed-total,0.669596913418062,0.769438733401988,0.24901830161783,0.0212950020895944,0.227999999999998,19,5,0.349555124486999,0.645129802630701,0.146455006773311,0.610772294932956,1.58651072390125,1,0.352871750990778
n20-long,20,100,8000,2,5,nearest,original,0.229169021337002,0.399752782878371,0.353141013754003,0.0983154491517886,0.0599999999999995,19,5,0.497877554364829,0.469548384933241,0.0275342126993372,0.630288541170274,1.59141062334792,1,2.76278673897683
n20-long,20,100,8000,2,5,random,fixed-total,0.303047330520034,0.570267149793095,0.151582193508137,0.0341503933209799,0.227999999999998,19,5,0.377524092811142,0.630952563878873,0.138911461523196,0.619801035947482,1.58959946096604,1,5.20437665211046
n20-long,20,100,8000,2,5,random,original,0.184544524115384,0.417259433391024,0.36045220079549,0.108316785707836,0.0599999999999995,19,5,0.517506788143674,0.444991576647701,0.0275011195493062,0.628070111761832,1.59127609978348,1,5.20437665211046
n20-long,20,100,8000,2,7,balanced,fixed-total,0.486615394444611,0.666318261336221,0.181412246735322,0.0540468915644654,0.227999999999998,19,7,0.613804692046973,0.388810500804352,0.0825637544157001,0.614605473834378,1.58898095794924,1,5.36557700354806
n20-long,20,100,8000,2,7,balanced,original,0.221315968287285,0.413527527773002,0.371344109902434,0.10809713463492,0.0840000000000005,19,7,0.760615073965349,0.152091503130586,0.0200497091719559,0.624480187460149,1.59105903477874,1,6.1013376763912
n20-long,20,100,8000,2,7,nearest,fixed-total,0.224828802893898,0.483995854583098,0.30346389340885,0.0581453349349437,0.227999999999998,19,7,0.469882431915057,0.566251951600218,0.125233374850489,0.621041591890183,1.58976775588651,1,3.22391128068353
n20-long,20,100,8000,2,7,nearest,original,0.129380666157302,0.399641010354349,0.313116933100573,0.0837335102064324,0.0840000000000005,19,7,0.518396966937869,0.499142404482939,0.0391703269832069,0.627871292305845,1.59124425155831,1,4.58898369043733
n20-long,20,100,8000,2,7,random,fixed-total,0.509837478031835,0.722566708527479,0.194667731289462,0.0329020531393307,0.227999999999998,19,7,0.463106859071376,0.510817396021294,0.1365321805981,0.622328437866431,1.59014553719792,1,7.2968968807741
n20-long,20,100,8000,2,7,random,original,0.18328090469189,0.428652025942685,0.387649428635742,0.112977147614307,0.0840000000000005,19,7,0.635037382502269,0.323073065842467,0.0316556253195718,0.624164347706334,1.59103818065682,1,7.2968968807741
n20-long,20,100,8000,2,10,balanced,fixed-total,0.653787982894872,0.730275152975258,0.104146776321375,0.0313599438876625,0.227999999999998,19,10,0.601789167227205,0.479221531271962,0.0967776178169462,0.616185525747017,1.5892767001009,1,8.96766665111742
n20-long,20,100,8000,2,10,balanced,original,0.171892954837278,0.372645981401554,0.381122695308464,0.0997381062392516,0.119999999999999,19,10,0.775908868182478,0.189265753672143,0.0308128280147062,0.623912682245465,1.59101704437753,1,8.8412845033416
n20-long,20,100,8000,2,10,nearest,fixed-total,0.435309376571767,0.655798876284617,0.267591665319403,0.0396842165107937,0.227999999999998,19,10,0.53402288079147,0.540535057338103,0.120060650441613,0.617647356144688,1.58927749731208,1,5.25560242218858
n20-long,20,100,8000,2,10,nearest,original,0.470079289297381,0.507804092815825,0.372224234824546,0.0883492162132621,0.119999999999999,19,10,0.65742920344249,0.326562083931496,0.0460353652986363,0.62356680479842,1.59081241203652,1,6.4588834033543
n20-long,20,100,8000,2,10,random,fixed-total,0.591208491590741,0.755661685907863,0.128430294196272,0.0246490135999352,0.227999999999998,19,10,0.504342042113839,0.567339215808804,0.130546361341476,0.617317617507467,1.58921962134338,1,10.4348437171511
n20-long,20,100,8000,2,10,random,original,0.510478943378686,0.577392139578709,0.393107912065241,0.115597587043959,0.119999999999999,19,10,0.723451956527777,0.237440816912379,0.0395540553419613,0.623470978066989,1.59094124711683,1,10.4348437171511
n20-long,20,100,8000,2,15,balanced,fixed-total,0.779687361928896,0.865190432921938,0.0418681988052069,0.0124745019550863,0.227999999999998,19,15,0.571807431960034,0.545863897441294,0.121927272592213,0.614588611292012,1.58864623018531,1,14.7452399615158
n20-long,20,100,8000,2,15,balanced,original,0.895205150852172,0.911942247413701,0.0229803195163148,0.00667634192364868,0.180000000000002,19,15,0.589818689188985,0.562052212034896,0.087442689100175,0.616981807916304,1.58943534528554,1,14.8569656269902
n20-long,20,100,8000,2,15,nearest,fixed-total,0.670406166674512,0.811987150210144,0.131243375304426,0.0340998249675853,0.227999999999998,19,15,0.499939353684525,0.625527174340506,0.142172429815151,0.61823548023995,1.58917399427391,1,9.18729586562601
n20-long,20,100,8000,2,15,nearest,original,0.697311906085415,0.741977687775854,0.21245792361726,0.0697103910370816,0.180000000000002,19,15,0.566108706340105,0.597161515982777,0.105467506221426,0.622083139477547,1.5903125589635,1,8.42714814615125
n20-long,20,100,8000,2,15,random,fixed-total,0.668958856789707,0.760433760075701,0.166527587670504,0.0340766486145334,0.227999999999998,19,15,0.536433120632175,0.56699874586908,0.140674857397592,0.61911562320584,1.5894669445568,1,15.7300591686071
n20-long,20,100,8000,2,15,random,original,0.404039738345915,0.69925482683235,0.222322616103812,0.0450146742590826,0.180000000000002,19,15,0.557144718390065,0.455798310236438,0.0955093963809788,0.623853350583036,1.59039544101319,1,15.7300591686071
n20-long,20,100,8000,2,19,all,original,0.709453715757799,0.850608363986454,0.0954600882848038,0.0188911101832433,0.227999999999998,19,19,0.572392544770487,0.592431930448146,0.124847002653466,0.622155011661723,1.59026095886118,1,20
n20-long,20,100,8000,3,0,balanced,fixed-total,0.055213684965494,0.253273089477112,0.391939891104545,0.112810619274514,0,19,0,0,0,0,0.63672450418195,1.59181126045487,0.05,0
n20-long,20,100,8000,3,0,balanced,original,0.055213684965494,0.253273089477112,0.391939891104545,0.112810619274514,0,19,0,0,0,0,0.63672450418195,1.59181126045487,0.05,0
n20-long,20,100,8000,3,0,nearest,fixed-total,0.055213684965494,0.253273089477112,0.391939891104545,0.112810619274514,0,19,0,0,0,0,0.63672450418195,1.59181126045487,0.05,0
n20-long,20,100,8000,3,0,nearest,original,0.055213684965494,0.253273089477112,0.391939891104545,0.112810619274514,0,19,0,0,0,0,0.63672450418195,1.59181126045487,0.05,0
n20-long,20,100,8000,3,0,random,fixed-total,0.055213684965494,0.253273089477112,0.391939891104545,0.112810619274514,0,19,0,0,0,0,0.63672450418195,1.59181126045487,0.05,0
n20-long,20,100,8000,3,0,random,original,0.055213684965494,0.253273089477112,0.391939891104545,0.112810619274514,0,19,0,0,0,0,0.63672450418195,1.59181126045487,0.05,0
n20-long,20,100,8000,3,1,balanced,fixed-total,0.640950428875157,0.712514046855109,0.377684205956738,0.00626507414561061,0.227999999999998,19,1,0,1,0.227747448921869,0.57906145260428,1.57457791399066,0.25,-3.23456578772089e-16
n20-long,20,100,8000,3,1,balanced,original,0.0597323368945659,0.30855181619532,0.381942478312202,0.115212521607138,0.0119999999999999,19,1,0,1,0.011987708456857,0.63672450418195,1.59181126045487,1,0.389819907472388
n20-long,20,100,8000,3,1,nearest,fixed-total,0.640950428875157,0.712514046855109,0.377684205956738,0.00626507414561061,0.227999999999998,19,1,0,1,0.227747448921869,0.57906145260428,1.57457791399066,0.25,-3.23456578772089e-16
n20-long,20,100,8000,3,1,nearest,original,0.0597323368945659,0.30855181619532,0.381942478312202,0.115212521607138,0.0119999999999999,19,1,0,1,0.011987708456857,0.63672450418195,1.59181126045487,1,0.389819907472388
n20-long,20,100,8000,3,1,random,fixed-total,0.692005370763601,0.807008392619458,0.10446010954316,0.0376292546952442,0.227999999999998,19,1,0,1,0.22776512847186,0.613800981031602,1.58802594367654,1,1.0147203572116
n20-long,20,100,8000,3,1,random,original,0.061923750174305,0.377672783261343,0.380086501955871,0.119069394222652,0.0119999999999999,19,1,0,1,0.0119877683902193,0.63672450418195,1.59181126045487,1,1.0147203572116
n20-long,20,100,8000,3,2,balanced,fixed-total,0.111564031249024,0.357153873400807,0.377572391280799,0.101759024717123,0.227999999999998,19,2,0.471888148562297,0.0877621407209423,0.113943409351391,0.593350525873579,1.5796846311658,1,0.981941056697245
n20-long,20,100,8000,3,2,balanced,original,0.0478743767047358,0.24418781989774,0.385728387864585,0.112709081287379,0.0239999999999997,19,2,0.472034189183099,0.087316743382205,0.0119936982291106,0.63672450418195,1.59181126045487,1,1.37866448751352
n20-long,20,100,8000,3,2,nearest,fixed-total,0.368833221569968,0.730730779333779,0.330108941507154,0.00305287522632058,0.227999999999998,19,2,0.171838210628856,0.734390209156533,0.170294319710361,0.590120868274242,1.57964637935477,0.5,-1.19039724138036e-16
n20-long,20,100,8000,3,2,nearest,original,0.0956860933038133,0.307641749096235,0.385568283800486,0.108080998655277,0.0239999999999997,19,2,0.261733811626783,0.603915352479622,0.014356669259477,0.636587936766396,1.59180241004427,1,1.05293892191384
n20-long,20,100,8000,3,2,random,fixed-total,0.545815725583765,0.68514511066223,0.162051105719075,0.0218146897199743,0.227999999999998,19,2,0.182876661206248,0.714217245053914,0.171007070479654,0.624714441948342,1.59030197100986,1,2.05814491907966
n20-long,20,100,8000,3,2,random,original,0.0738954996517835,0.342481997210847,0.382334227123994,0.108690896299928,0.0239999999999997,19,2,0.250649426819021,0.63140394041075,0.0144242259092799,0.63672450418195,1.59181126045487,1,2.05814491907966
n20-long,20,100,8000,3,3,balanced,fixed-total,0.463325433954824,0.580895118835044,0.368875960130573,0.100096488956759,0.227999999999998,19,3,0.524231914627578,0.284589945716615,0.0761260516692786,0.609387202853461,1.58760782725932,1,2.03070088936431
n20-long,20,100,8000,3,3,balanced,original,0.0441429778064623,0.272526620709222,0.379258051255664,0.109128978072378,0.0359999999999999,19,3,0.518190203017244,0.296490173748796,0.0120149475010354,0.63672450418195,1.59181126045487,1,2.32502706653469
n20-long,20,100,8000,3,3,nearest,fixed-total,0.437847363992503,0.882275914072415,0.287003410607931,0.000162941115336485,0.227999999999998,19,3,0.248640898658696,0.693147580663663,0.174020369154601,0.585378537062616,1.57789879326398,0.3,-4.39051316251455e-17
n20-long,20,100,8000,3,3,nearest,original,0.195749443876949,0.351635135927861,0.385490263645656,0.101466961341802,0.0359999999999999,19,3,0.347457655449394,0.592115423875792,0.0193448875584883,0.635004383107776,1.59170236568871,1,1.0332005784439
n20-long,20,100,8000,3,3,random,fixed-total,0.483213674684061,0.591580514660969,0.166829882755717,0.0422424295866633,0.227999999999998,19,3,0.279287230491106,0.680542062937468,0.149161607563548,0.620782189787976,1.58980944321551,1,3.10222225371875
n20-long,20,100,8000,3,3,random,original,0.091167141550908,0.310944689461068,0.381805976452822,0.10994841562259,0.0359999999999999,19,3,0.389077527230393,0.523962899551127,0.0182597474228058,0.636448685892392,1.59179412535297,1,3.10222225371875
n20-long,20,100,8000,3,4,balanced,fixed-total,0.205288485725974,0.343491946248352,0.379213201293733,0.0951197365061749,0.227999999999998,19,4,0.698411424606774,0.0942830175302565,0.0581593750354627,0.612826905810968,1.58888738044909,1,2.45617912087025
n20-long,20,100,8000,3,4,balanced,original,0.0594249689549924,0.369783631787523,0.368834141989371,0.110685563536883,0.0479999999999994,19,4,0.701428591960645,0.089695731680897,0.0122110106442792,0.63672450418195,1.59181126045487,1,3.06751153203413
n20-long,20,100,8000,3,4,nearest,fixed-total,0.519379404707925,0.976927664283213,0.284558816244607,0.00459772004371311,0.227999999999998,19,4,0.287743461215505,0.673534538016234,0.162139936923546,0.594441621078522,1.58127731222714,0.45,2.11242481094041e-16
n20-long,20,100,8000,3,4,nearest,original,0.14324319584377,0.342801958229624,0.388156002743573,0.108438004093217,0.0479999999999994,19,4,0.466234077157168,0.463160083185511,0.0230440324232801,0.633120456444696,1.59158658805707,1,2.32963690761497
n20-long,20,100,8000,3,4,random,fixed-total,0.446177178092037,0.718080358818787,0.171965969934978,0.0406940042708842,0.227999999999998,19,4,0.339015090815113,0.646931425546252,0.140764225080749,0.62091299733271,1.58998704386985,1,4.15202122045883
n20-long,20,100,8000,3,4,random,original,0.100080745394707,0.369670420270757,0.381635167640095,0.112114602482588,0.0479999999999994,19,4,0.480565836423948,0.444200692633193,0.0224884486421665,0.630600622480165,1.59143360751444,1,4.15202122045883
n20-long,20,100,8000,3,5,balanced,fixed-total,0.179403010416265,0.482081746154941,0.339043785371889,0.0785274930027102,0.227999999999998,19,5,0.666722389918782,0.237707034315803,0.063404969638513,0.610213936375747,1.58818117440296,1,3.58513053322248
n20-long,20,100,8000,3,5,balanced,original,0.056521066183027,0.327161777988844,0.375554651965788,0.107031025199395,0.0599999999999995,19,5,0.717358649238349,0.186396337944464,0.0151515077938659,0.635431022850536,1.59173174116237,1,4.23373468908356
n20-long,20,100,8000,3,5,nearest,fixed-total,0.470881059438037,0.718243984237344,0.255729864674299,0.0272790385562815,0.227999999999998,19,5,0.345080907924625,0.671500045209566,0.145058376887924,0.61366066688804,1.58770138838027,1,0.781186112532605
n20-long,20,100,8000,3,5,nearest,original,0.268591558102078,0.462751631088148,0.359662987889012,0.0913206154285001,0.0599999999999995,19,5,0.492898863221035,0.477232683137247,0.0279045422139947,0.63161308765426,1.59149247166843,1,2.39820747085882
n20-long,20,100,8000,3,5,random,fixed-total,0.285721298632978,0.511823773339365,0.160752378983899,0.0360588974703357,0.227999999999998,19,5,0.377935033730213,0.623306852961519,0.140072054188183,0.621563495650473,1.58998799265239,1,5.20366007280209
n20-long,20,100,8000,3,5,random,original,0.0522603360817366,0.389210574300353,0.37909066560753,0.1065603671195,0.0599999999999995,19,5,0.541724404706762,0.40237009749861,0.0261393142879714,0.626832985248506,1.59120204369961,1,5.20366007280209
n20-long,20,100,8000,3,7,balanced,fixed-total,0.138039925135576,0.413529208215646,0.267886275630454,0.0677931128239426,0.227999999999998,19,7,0.621296608535498,0.331905741478343,0.0726651426582159,0.611677889001241,1.58834876251281,1,5.62566679373057
n20-long,20,100,8000,3,7,balanced,original,0.0313518815215652,0.321505896489114,0.36952444166107,0.105589482527108,0.0840000000000005,19,7,0.744410638308654,0.175684181097321,0.0208119319582343,0.625635815908572,1.59112941961211,1,6.23410824514436
n20-long,20,100,8000,3,7,nearest,fixed-total,0.735259310831463,0.849116411129297,0.18631102337522,0.0277643631681937,0.227999999999998,19,7,0.400557937569473,0.656186992649541,0.146322088545711,0.615638492035563,1.58842853446835,1,0.794423744615363
n20-long,20,100,8000,3,7,nearest,original,0.151231347750494,0.290763180610057,0.372975164773291,0.106147761560852,0.0840000000000005,19,7,0.60295145728359,0.384771953114922,0.0335342156852338,0.627682979557548,1.59124509486311,1,4.26134598012138
n20-long,20,100,8000,3,7,random,fixed-total,0.83285379418873,0.89782618952969,0.0961556028200219,0.030455393876716,0.227999999999998,19,7,0.458866753880678,0.598736195488868,0.130851018214355,0.61805621288369,1.58924564966985,1,7.29276859959885
n20-long,20,100,8000,3,7,random,original,0.27340155101566,0.387169622742757,0.380932219255212,0.120595770980751,0.0840000000000005,19,7,0.630644854356644,0.342777905409335,0.0320038146764176,0.624351885457711,1.59104973670208,1,7.29276859959885
n20-long,20,100,8000,3,10,balanced,fixed-total,0.394931303062875,0.610376719239461,0.313741223048298,0.0763936921563729,0.227999999999998,19,10,0.71799849707576,0.285724640089958,0.0729695307941549,0.613240405783081,1.58883694232061,1,8.32447728035205
n20-long,20,100,8000,3,10,balanced,original,0.153070858360581,0.352981202653706,0.374527648918186,0.106985012594217,0.119999999999999,19,10,0.785138042124965,0.172718864254586,0.0304549648241051,0.623893241341471,1.59101543491815,1,8.83622967666782
n20-long,20,100,8000,3,10,nearest,fixed-total,0.532115152445369,0.64603664877694,0.246992825145238,0.0515872484225043,0.227999999999998,19,10,0.506075913704292,0.596894890213449,0.132294912779712,0.620086140402692,1.58970515707552,1,5.96430695015995
n20-long,20,100,8000,3,10,nearest,original,0.272176038477139,0.446050806178668,0.360716363427123,0.0878080225207261,0.119999999999999,19,10,0.622859296975001,0.408095497366343,0.0521465803374282,0.625372117335198,1.59096780814877,1,5.52352962790049
n20-long,20,100,8000,3,10,random,fixed-total,0.924607002323629,0.959646756750436,0.0776287899955571,0.0360176246032048,0.227999999999998,19,10,0.497710185494296,0.594931234044174,0.135371435646292,0.606138310985498,1.58606427249091,1,10.4388737414871
n20-long,20,100,8000,3,10,random,original,0.378187123602949,0.457284057516981,0.340379678287152,0.0995946903627416,0.119999999999999,19,10,0.638800871683516,0.400310850998504,0.04882691755721,0.624727298965619,1.5910032238939,1,10.4388737414871
n20-long,20,100,8000,3,15,balanced,fixed-total,0.653615607033543,0.818912844341926,0.118964062036605,0.0329136338594877,0.227999999999998,19,15,0.608025450135214,0.5316230769701,0.116036861982811,0.622289080908064,1.59024320112185,1,14.5571273680134
n20-long,20,100,8000,3,15,balanced,original,0.190361950906158,0.48140835510999,0.261095862016356,0.0583464086758029,0.180000000000002,19,15,0.668450314999767,0.463104757804692,0.0762283038578544,0.622549478978916,1.59057155758285,1,14.0811766894164
n20-long,20,100,8000,3,15,nearest,fixed-total,0.408302014727886,0.611707030026657,0.238478424981685,0.067119175970297,0.227999999999998,19,15,0.572489856914097,0.578011529208314,0.125725036292753,0.621966863887408,1.59023014781574,1,11.5841309157704
n20-long,20,100,8000,3,15,nearest,original,0.709166128377784,0.795347879674767,0.179491159308603,0.0471808474537513,0.180000000000002,19,15,0.544971266867242,0.597248107819054,0.102691291732675,0.623504985319351,1.59044793172898,1,10.650057929753
n20-long,20,100,8000,3,15,random,fixed-total,0.491421381090705,0.744174670387006,0.134817075096135,0.0235699724937705,0.227999999999998,19,15,0.551028065277951,0.576671866680392,0.130496534881828,0.623970811402568,1.59047364081912,1,15.7226595613754
n20-long,20,100,8000,3,15,random,original,0.306993243751639,0.575853436067337,0.222112537750112,0.0582094289721072,0.180000000000002,19,15,0.607220446855952,0.516942863799174,0.0875776609540902,0.621875729568543,1.59038335762945,1,15.7226595613754
n20-long,20,100,8000,3,19,all,original,0.391547027797677,0.519152945392126,0.247639865638446,0.0482256724025973,0.227999999999998,19,19,0.595478500849326,0.430694754522243,0.114352994154155,0.621484154866743,1.58979199744255,1,20
n20-long,20,100,8000,4,0,balanced,fixed-total,0.170599918966725,0.331772249827625,0.378376564956555,0.112173865789289,0,19,0,0,0,0,0.63672450418195,1.59181126045487,0.05,0
n20-long,20,100,8000,4,0,balanced,original,0.170599918966725,0.331772249827625,0.378376564956555,0.112173865789289,0,19,0,0,0,0,0.63672450418195,1.59181126045487,0.05,0
n20-long,20,100,8000,4,0,nearest,fixed-total,0.170599918966725,0.331772249827625,0.378376564956555,0.112173865789289,0,19,0,0,0,0,0.63672450418195,1.59181126045487,0.05,0
n20-long,20,100,8000,4,0,nearest,original,0.170599918966725,0.331772249827625,0.378376564956555,0.112173865789289,0,19,0,0,0,0,0.63672450418195,1.59181126045487,0.05,0
n20-long,20,100,8000,4,0,random,fixed-total,0.170599918966725,0.331772249827625,0.378376564956555,0.112173865789289,0,19,0,0,0,0,0.63672450418195,1.59181126045487,0.05,0
n20-long,20,100,8000,4,0,random,original,0.170599918966725,0.331772249827625,0.378376564956555,0.112173865789289,0,19,0,0,0,0,0.63672450418195,1.59181126045487,0.05,0
n20-long,20,100,8000,4,1,balanced,fixed-total,0.214837957645508,0.329845955485613,0.369761813475305,0.00370632272152561,0.227999999999998,19,1,0,1,0.227752578531312,0.580732956012345,1.57576753400982,0.35,-1.97509045028969e-16
n20-long,20,100,8000,4,1,balanced,original,0.186609812568373,0.382635517746963,0.371290647576929,0.10977749265657,0.0119999999999999,19,1,0,1,0.0119877368603873,0.63672450418195,1.59181126045487,1,0.348044306229981
n20-long,20,100,8000,4,1,nearest,fixed-total,0.214837957645508,0.329845955485613,0.369761813475305,0.00370632272152561,0.227999999999998,19,1,0,1,0.227752578531312,0.580732956012345,1.57576753400982,0.35,-1.97509045028969e-16
n20-long,20,100,8000,4,1,nearest,original,0.186609812568373,0.382635517746963,0.371290647576929,0.10977749265657,0.0119999999999999,19,1,0,1,0.0119877368603873,0.63672450418195,1.59181126045487,1,0.348044306229981
n20-long,20,100,8000,4,1,random,fixed-total,0.18522982079916,0.37948519991993,0.138438590621712,0.0367732407089472,0.227999999999998,19,1,0,1,0.227764438901011,0.618450020615844,1.58911232784783,1,1.02258104751021
n20-long,20,100,8000,4,1,random,original,0.152643308448413,0.361514748636556,0.383014222345346,0.116101566667215,0.0119999999999999,19,1,0,1,0.0119876720201573,0.63672450418195,1.59181126045487,1,1.02258104751021
n20-long,20,100,8000,4,2,balanced,fixed-total,0.239689648478148,0.425395272593527,0.381346077657155,0.0698813523262358,0.227999999999998,19,2,0.471880744688973,0.087671959625641,0.113941509901942,0.589575567351819,1.57846816050069,1,0.728115805994698
n20-long,20,100,8000,4,2,balanced,original,0.211783505538879,0.328391505214104,0.368004146730194,0.102724001630151,0.0239999999999997,19,2,0.465887979496312,0.105844545463539,0.0119939180208194,0.63672450418195,1.59181126045487,1,1.13393483597016
n20-long,20,100,8000,4,2,nearest,fixed-total,0.147174897249837,0.713548245697349,0.334806077027893,7.64387681356387e-05,0.227999999999998,19,2,0.180027488642619,0.715893686601303,0.170069884412372,0.583182741136204,1.5774178896535,0.7,-1.11022302462516e-16
n20-long,20,100,8000,4,2,nearest,original,0.233421092394637,0.405171443396026,0.377025267779745,0.107264601808044,0.0239999999999997,19,2,0.247352980144044,0.653199787039939,0.0139535693292618,0.636576627132366,1.59180169563769,1,0.764905030297618
n20-long,20,100,8000,4,2,random,fixed-total,0.384878058250132,0.526284813098142,0.134839377056131,0.0414288919645267,0.227999999999998,19,2,0.174379179586089,0.765962877384715,0.161249911234543,0.617931141744901,1.5892593908221,1,2.05889968636866
n20-long,20,100,8000,4,2,random,original,0.227750043545399,0.308653384677367,0.387188864657761,0.114403256327981,0.0239999999999997,19,2,0.252795793823125,0.629886584500609,0.0142543870470945,0.63672450418195,1.59181126045487,1,2.05889968636866
n20-long,20,100,8000,4,3,balanced,fixed-total,0.328694578478747,0.468138076734748,0.377394982298993,0.0982406715195305,0.227999999999998,19,3,0.523105228956532,0.286993183392933,0.0760927772916486,0.610389178194015,1.58786165833185,1,1.84537258096253
n20-long,20,100,8000,4,3,balanced,original,0.25267611645759,0.376824771706828,0.377705023305538,0.111546702310387,0.0359999999999999,19,3,0.520990767319166,0.291134697258944,0.0120138012008258,0.63672450418195,1.59181126045487,1,1.99286084259505
n20-long,20,100,8000,4,3,nearest,fixed-total,0.849864278688857,0.894277597556217,0.243101537513669,0.0113784560979291,0.227999999999998,19,3,0.256916123041583,0.698502333756025,0.157633300899414,0.602644111267419,1.58412649950767,0.8,8.88178456043505e-16
n20-long,20,100,8000,4,3,nearest,original,0.201722309258451,0.378594582803804,0.384645083930751,0.113555584883455,0.0359999999999999,19,3,0.383273139389175,0.538244645051671,0.0178610300998661,0.635215867463976,1.59171673981639,1,1.52339088017449
n20-long,20,100,8000,4,3,random,fixed-total,0.529295835318281,0.673177816633935,0.159593874509688,0.0313265905676736,0.227999999999998,19,3,0.273868432206287,0.672753058250419,0.159356723205275,0.621087318916446,1.58976922400741,1,3.10006978054669
n20-long,20,100,8000,4,3,random,original,0.215104739547714,0.346167602765646,0.393180686998891,0.122629544143746,0.0359999999999999,19,3,0.396496488480905,0.513518676368689,0.0177320723412331,0.636700170334354,1.59180973438356,1,3.10006978054669
n20-long,20,100,8000,4,4,balanced,fixed-total,0.0592433061881531,0.394702287806803,0.381667104797164,0.0987350247650668,0.227999999999998,19,4,0.695238602322059,0.0979555307048833,0.0584600745625331,0.612314343233273,1.58871491857311,1,2.96296368886172
n20-long,20,100,8000,4,4,balanced,original,0.243949596763957,0.399056881283496,0.375851752880566,0.107941988467147,0.0479999999999994,19,4,0.700795945529721,0.0891147381813556,0.0122053098759699,0.63672450418195,1.59181126045487,1,2.83016153062295
n20-long,20,100,8000,4,4,nearest,fixed-total,0.898931527201897,0.965755510006032,0.240309775215305,0.0128636484195032,0.227999999999998,19,4,0.308028511946422,0.664278361301543,0.15392800318534,0.597228733008636,1.58282202973271,1,0.0988322401507331
n20-long,20,100,8000,4,4,nearest,original,0.284322904082714,0.394279149590499,0.388001558981265,0.109829796685997,0.0479999999999994,19,4,0.485974080083526,0.437853377212555,0.022141615358087,0.633343173783414,1.59160045875312,1,2.07131781735195
n20-long,20,100,8000,4,4,random,fixed-total,0.466789366203414,0.618368950263422,0.159426518236707,0.0396666809942898,0.227999999999998,19,4,0.341809409753799,0.637257622063407,0.142379447365721,0.618971670501158,1.58952945784898,1,4.14984994421856
n20-long,20,100,8000,4,4,random,original,0.170632183587513,0.389582965668342,0.383690242505208,0.105257294345156,0.0479999999999994,19,4,0.481013801796823,0.443355948062429,0.0225541872667416,0.630367716418924,1.59141903432292,1,4.14984994421856
n20-long,20,100,8000,4,5,balanced,fixed-total,0.441577206715862,0.546200015346066,0.368283631721031,0.0861986911798992,0.227999999999998,19,5,0.694497905314179,0.202128590669602,0.0612557229937265,0.610643866762695,1.58833917842802,1,3.16115555342055
n20-long,20,100,8000,4,5,balanced,original,0.181747102457195,0.315063131692341,0.391776326059843,0.115490709962595,0.0599999999999995,19,5,0.728574797449958,0.178145210381709,0.0149215287168082,0.634879549896855,1.59169791114794,1,4.36085289667455
n20-long,20,100,8000,4,5,nearest,fixed-total,0.821593456582114,0.944589643449837,0.197592033012282,0.00520111035774461,0.227999999999998,19,5,0.370665391329833,0.628558834733013,0.140858032821839,0.604465037550216,1.58549550138968,1,0.465421325870311
n20-long,20,100,8000,4,5,nearest,original,0.212326692118989,0.353920223799354,0.358539369728483,0.091869593354065,0.0599999999999995,19,5,0.464883201788652,0.530647560680146,0.0302859359975788,0.630247883112112,1.59140530896255,1,2.47660908283275
n20-long,20,100,8000,4,5,random,fixed-total,0.407857245524231,0.601918625712982,0.142647698726962,0.0432395665595034,0.227999999999998,19,5,0.377988731945221,0.642061529001879,0.135181817317807,0.619095720612248,1.58961542570179,1,5.19363963655932
n20-long,20,100,8000,4,5,random,original,0.251417032220207,0.47475177727691,0.359502246660791,0.0973725674984636,0.0599999999999995,19,5,0.505393819004488,0.465779856288365,0.0276764963565041,0.628425899607227,1.59129789143717,1,5.19363963655932
n20-long,20,100,8000,4,7,balanced,fixed-total,0.079368223923004,0.310578527683879,0.380626064930611,0.106503474366162,0.227999999999998,19,7,0.758087931143032,0.151788418319107,0.0557356038369796,0.611791947286842,1.58873676462694,1,5.51664487174824
n20-long,20,100,8000,4,7,balanced,original,0.246804646059245,0.332986284394983,0.386676407218168,0.112014097625097,0.0840000000000005,19,7,0.759204643489371,0.146290042042225,0.0196156308204541,0.624384074300535,1.59105312288693,1,6.1242701793525
n20-long,20,100,8000,4,7,nearest,fixed-total,0.387624220008064,0.791637434993498,0.236587240815579,0.0404043660941818,0.227999999999998,19,7,0.427325816770157,0.634446002702621,0.136176955161816,0.614919892301171,1.58823341182038,1,1.07054272147374
n20-long,20,100,8000,4,7,nearest,original,0.492002724891612,0.550941935119292,0.371163337011225,0.10918621204627,0.0840000000000005,19,7,0.585366300768868,0.416001752434703,0.036316614726411,0.627645783829085,1.59124642226241,1,3.53167595462287
n20-long,20,100,8000,4,7,random,fixed-total,0.438816430012851,0.697817462083641,0.161069339592275,0.0308750819923122,0.227999999999998,19,7,0.442407740706339,0.575671208094215,0.137117961216191,0.62354162553616,1.59033897000788,1,7.30852340806684
n20-long,20,100,8000,4,7,random,original,0.138017970660457,0.386973615036724,0.356475581668867,0.104188783790204,0.0840000000000005,19,7,0.593642975388624,0.404609526606847,0.0352374539656676,0.625448384617317,1.59111120751129,1,7.30852340806684
n20-long,20,100,8000,4,10,balanced,fixed-total,0.706861505129129,0.812944448428659,0.0862160492258581,0.0155985857894817,0.227999999999998,19,10,0.538066445807877,0.499572516270567,0.110819762014887,0.622738390382921,1.59020267798072,1,7.69827385348965
n20-long,20,100,8000,4,10,balanced,original,0.192959772118487,0.341257501551912,0.38164676251562,0.108035521413623,0.119999999999999,19,10,0.801437807158329,0.159096418789418,0.0295899131739013,0.623991810771876,1.59102854868595,1,8.12760158577276
n20-long,20,100,8000,4,10,nearest,fixed-total,0.93581939076548,0.96618284106758,0.126227877537177,0.00879492619200519,0.227999999999998,19,10,0.453410851681087,0.628394479361816,0.143861456170082,0.614510840322254,1.58782434304958,1,3.26241946897173
n20-long,20,100,8000,4,10,nearest,original,0.550004093177974,0.618011534106479,0.323966279867905,0.0728446362560501,0.119999999999999,19,10,0.581939347933973,0.477009770864407,0.0546583766120965,0.626601862794707,1.59109259543553,1,5.65876057087519
n20-long,20,100,8000,4,10,random,fixed-total,0.278638266706697,0.679769207421,0.187846029179185,0.0222138243060301,0.227999999999998,19,10,0.485303351177458,0.563330206779149,0.131370789700407,0.625756152888691,1.59067639761888,1,10.4579186002675
n20-long,20,100,8000,4,10,random,original,0.852304734873401,0.859457644786596,0.284044606182377,0.088631111309629,0.119999999999999,19,10,0.584128552229933,0.486101333169684,0.0574229111075863,0.624155710425896,1.59096355203208,1,10.4579186002675
n20-long,20,100,8000,4,15,balanced,fixed-total,0.29156259286238,0.56599474441186,0.192314608084848,0.0532151538371897,0.227999999999998,19,15,0.627462891532277,0.498319508018419,0.105038300236649,0.618481251152834,1.58963746333922,1,13.4082927182972
n20-long,20,100,8000,4,15,balanced,original,0.367444186760557,0.547950099501369,0.255305411123675,0.0640401526251014,0.180000000000002,19,15,0.633347232367462,0.437645450398042,0.0761869789429159,0.619955312904209,1.59004548220119,1,13.9234938734553
n20-long,20,100,8000,4,15,nearest,fixed-total,0.624013258375901,0.799241548223357,0.150433133169619,0.0340405618997683,0.227999999999998,19,15,0.511566972293589,0.610550872912338,0.142093876529296,0.623762147983119,1.59022593634878,1,9.40583365987447
n20-long,20,100,8000,4,15,nearest,original,0.74285897472087,0.812364463161815,0.177941268175283,0.0565657909279671,0.180000000000002,19,15,0.539707281768716,0.648804624278466,0.105090974733832,0.624615518644771,1.59062376733509,1,8.10888166220252
n20-long,20,100,8000,4,15,random,fixed-total,0.697182897327894,0.754545636885783,0.224183923734387,0.0333296945736588,0.227999999999998,19,15,0.562019987576183,0.401250607071934,0.126444884218882,0.619369340484784,1.58938200905295,1,15.7295940045925
n20-long,20,100,8000,4,15,random,original,0.966467008849969,0.976926482298635,0.100854300097543,0.0186797332953465,0.180000000000002,19,15,0.567980006127484,0.57931796874258,0.102541452931468,0.617011080637174,1.58915661166811,1,15.7295940045925
n20-long,20,100,8000,4,19,all,original,0.786364776492275,0.86291528606733,0.130889987657597,0.0558546673557645,0.227999999999998,19,19,0.674040411451289,0.558654803199305,0.125619741298589,0.616221282989112,1.58890665563673,1,20
n20-long,20,100,8000,5,0,balanced,fixed-total,0.0962852433221624,0.310731997930163,0.383389576836626,0.110040534158214,0,19,0,0,0,0,0.63672450418195,1.59181126045487,0.05,0
n20-long,20,100,8000,5,0,balanced,original,0.0962852433221624,0.310731997930163,0.383389576836626,0.110040534158214,0,19,0,0,0,0,0.63672450418195,1.59181126045487,0.05,0
n20-long,20,100,8000,5,0,nearest,fixed-total,0.0962852433221624,0.310731997930163,0.383389576836626,0.110040534158214,0,19,0,0,0,0,0.63672450418195,1.59181126045487,0.05,0
n20-long,20,100,8000,5,0,nearest,original,0.0962852433221624,0.310731997930163,0.383389576836626,0.110040534158214,0,19,0,0,0,0,0.63672450418195,1.59181126045487,0.05,0
n20-long,20,100,8000,5,0,random,fixed-total,0.0962852433221624,0.310731997930163,0.383389576836626,0.110040534158214,0,19,0,0,0,0,0.63672450418195,1.59181126045487,0.05,0
n20-long,20,100,8000,5,0,random,original,0.0962852433221624,0.310731997930163,0.383389576836626,0.110040534158214,0,19,0,0,0,0,0.63672450418195,1.59181126045487,0.05,0
n20-long,20,100,8000,5,1,balanced,fixed-total,0.263133938339838,0.683994351587346,0.350651954041926,0.00856301866434495,0.227999999999998,19,1,0,1,0.227768539702971,0.583743767257134,1.57719670570093,0.75,7.46664807659727e-17
n20-long,20,100,8000,5,1,balanced,original,0.0763149489702528,0.271640761392515,0.386562738909824,0.122417722459708,0.0119999999999999,19,1,0,1,0.0119878998002108,0.63672450418195,1.59181126045487,1,0.463652578413663
n20-long,20,100,8000,5,1,nearest,fixed-total,0.263133938339838,0.683994351587346,0.350651954041926,0.00856301866434495,0.227999999999998,19,1,0,1,0.227768539702971,0.583743767257134,1.57719670570093,0.75,7.46664807659727e-17
n20-long,20,100,8000,5,1,nearest,original,0.0763149489702528,0.271640761392515,0.386562738909824,0.122417722459708,0.0119999999999999,19,1,0,1,0.0119878998002108,0.63672450418195,1.59181126045487,1,0.463652578413663
n20-long,20,100,8000,5,1,random,fixed-total,0.3400548091051,0.599289129014872,0.177782217926361,0.0341784154934212,0.227999999999998,19,1,0,1,0.227764379397242,0.623290623993312,1.58976451257995,1,1.02042672659158
n20-long,20,100,8000,5,1,random,original,0.107037308725706,0.26513642625673,0.38922327242961,0.101139628206592,0.0119999999999999,19,1,0,1,0.011987658162227,0.63672450418195,1.59181126045487,1,1.02042672659158
n20-long,20,100,8000,5,2,balanced,fixed-total,0.161689963828178,0.336503633213571,0.385311899922246,0.0947538991971611,0.227999999999998,19,2,0.47471512334724,0.0790858054742701,0.113942726832817,0.594313660882815,1.58003183423788,1,0.895661370761865
n20-long,20,100,8000,5,2,balanced,original,0.133531743634611,0.286339186288157,0.389520715521847,0.112460557628982,0.0239999999999997,19,2,0.475268285880567,0.0773512300038297,0.0119936783926745,0.63672450418195,1.59181126045487,1,1.20170247332772
n20-long,20,100,8000,5,2,nearest,fixed-total,0.502191291086111,0.690999029745328,0.334540346947347,5.37384199980995e-05,0.227999999999998,19,2,0.182924615519207,0.711731489539521,0.16886387318606,0.583276987942687,1.57755120677632,0.6,1.1531845356998e-16
n20-long,20,100,8000,5,2,nearest,original,0.291417396895085,0.438701342870403,0.375128371913097,0.114512590075468,0.0239999999999997,19,2,0.246817819684975,0.646487626542885,0.0142590959841451,0.636532091264899,1.59179882502296,1,0.790617193226693
n20-long,20,100,8000,5,2,random,fixed-total,0.435386210516172,0.710767564742493,0.144761675706924,0.0261493106931431,0.227999999999998,19,2,0.176168573611811,0.746809727860995,0.166155628040717,0.620796690504611,1.58970594040249,1,2.06038030465825
n20-long,20,100,8000,5,2,random,original,0.0863663987977576,0.255943516058741,0.386012348412451,0.11446781440976,0.0239999999999997,19,2,0.253023447930617,0.631128289586038,0.0141898409807569,0.63672450418195,1.59181126045487,1,2.06038030465825
n20-long,20,100,8000,5,3,balanced,fixed-total,0.416463625248204,0.539786270180725,0.379579155752752,0.0790395103888279,0.227999999999998,19,3,0.521155599993008,0.291093302734749,0.0761627907008891,0.606999628845172,1.5869992942804,1,1.72004868265289
n20-long,20,100,8000,5,3,balanced,original,0.142536139182151,0.404544037981284,0.373478006180267,0.113873018247071,0.0359999999999999,19,3,0.518973940574085,0.29510057599738,0.0120124016295325,0.63672450418195,1.59181126045487,1,1.96846554571633
n20-long,20,100,8000,5,3,nearest,fixed-total,0.702500264289873,0.955737822692327,0.30395179939294,0.0141736658508781,0.227999999999998,19,3,0.229162880644844,0.72287961095108,0.17458972413583,0.593214375119313,1.58042266372951,1,0.0574289553973842
n20-long,20,100,8000,5,3,nearest,original,0.0480364133499721,0.320282570329953,0.379496177414376,0.120563304714697,0.0359999999999999,19,3,0.410886491134903,0.489771610040176,0.0172805282989095,0.635490275898509,1.59173367469204,1,1.45710781736586
n20-long,20,100,8000,5,3,random,fixed-total,0.883912811229001,0.927774491557399,0.0390325420159153,0.0163753039338627,0.227999999999998,19,3,0.254914315622683,0.717294420557148,0.151915415644001,0.607449246687325,1.58651218300432,1,3.09977527661693
n20-long,20,100,8000,5,3,random,original,0.21151825179187,0.338032326385137,0.383526763362676,0.119998189987401,0.0359999999999999,19,3,0.388772995834892,0.525676784567356,0.0180503933127887,0.636264575122957,1.59178268083824,1,3.09977527661693
n20-long,20,100,8000,5,4,balanced,fixed-total,0.605827345289761,0.751193849691714,0.362120045309713,0.0689365791395602,0.227999999999998,19,4,0.658916945235674,0.160688677274647,0.0626435780986982,0.61076612149875,1.58825473381499,1,2.5622418220204
n20-long,20,100,8000,5,4,balanced,original,0.129658137668366,0.286152047826265,0.387026267761582,0.108965500018743,0.0479999999999994,19,4,0.702947150325924,0.0845919783556472,0.0121924716657856,0.63672450418195,1.59181126045487,1,3.1480919094128
n20-long,20,100,8000,5,4,nearest,fixed-total,0.267402037276558,0.945230947678162,0.318017510970994,0.00695732074254209,0.227999999999998,19,4,0.31297379691853,0.653687093159581,0.153792786732112,0.602113436336068,1.58412769178539,0.45,5.34295749345093e-16
n20-long,20,100,8000,5,4,nearest,original,0.180985736947568,0.379046506361294,0.370945670345167,0.104575399361772,0.0479999999999994,19,4,0.437392521613802,0.524663099198292,0.023519770537431,0.632448150312836,1.59154373989941,1,2.01483156081007
n20-long,20,100,8000,5,4,random,fixed-total,0.936190655137528,0.942651305786979,0.115998030087509,0.0172842379725272,0.227999999999998,19,4,0.313945991738096,0.676904050001397,0.145949629474241,0.616827975639921,1.58890731547147,1,4.14865227975077
n20-long,20,100,8000,5,4,random,original,0.0520428151745475,0.299800391906897,0.379568587194009,0.103704799982556,0.0479999999999994,19,4,0.47660872354719,0.45089530422641,0.0227400378314031,0.631014907769667,1.59145833800409,1,4.14865227975077
n20-long,20,100,8000,5,5,balanced,fixed-total,0.287798527576049,0.517065666824692,0.359667515047715,0.0911801369573107,0.227999999999998,19,5,0.711451474602287,0.181475031121876,0.0579855947896133,0.612015637904074,1.58869231776405,1,3.6041416399963
n20-long,20,100,8000,5,5,balanced,original,0.0847314398877669,0.316827232397739,0.378255469059678,0.110112554363844,0.0599999999999995,19,5,0.72536803999343,0.174199874876354,0.014923441970004,0.636045127011465,1.59176947467416,1,4.20427303367401
n20-long,20,100,8000,5,5,nearest,fixed-total,0.424274742038152,0.90675302705046,0.231007450265435,0.00194003064120114,0.227999999999998,19,5,0.374663944832669,0.617687984970729,0.144749549419636,0.600328476291746,1.58379679489942,1,0.271295571120415
n20-long,20,100,8000,5,5,nearest,original,0.439113903384715,0.490784032936683,0.368195268194308,0.0991483473747471,0.0599999999999995,19,5,0.483595668528218,0.487057624279463,0.0285217031529406,0.630682208751432,1.59143394126201,1,2.31100033805808
n20-long,20,100,8000,5,5,random,fixed-total,0.433419107309456,0.700917844567788,0.164207989012214,0.0265332863066198,0.227999999999998,19,5,0.381688118760661,0.590251034047262,0.150652767733843,0.625866936845237,1.59050253927166,1,5.19550001512923
n20-long,20,100,8000,5,5,random,original,0.03550369224569,0.351578628200301,0.374011458049658,0.114153544686265,0.0599999999999995,19,5,0.533556548535063,0.417790442370244,0.0261841838026871,0.627065183113833,1.59121525922321,1,5.19550001512923
n20-long,20,100,8000,5,7,balanced,fixed-total,0.617966432131441,0.74888046616907,0.158846022927689,0.035443894595541,0.227999999999998,19,7,0.58559366713068,0.422094170250864,0.090311224281698,0.616787505838308,1.5893084186772,1,5.64794351867288
n20-long,20,100,8000,5,7,balanced,original,0.148218234591163,0.398690508794823,0.382766315171752,0.108626740254599,0.0840000000000005,19,7,0.768253092408288,0.140438112680982,0.0196371994463041,0.624164035849225,1.5910396380887,1,5.74518694931772
n20-long,20,100,8000,5,7,nearest,fixed-total,0.291997702821448,0.5161735047876,0.207540050632149,0.0371944459064397,0.227999999999998,19,7,0.438290629534771,0.592973442678753,0.127755670018598,0.61955948546278,1.58960380030185,1,4.20554333282939
n20-long,20,100,8000,5,7,nearest,original,0.111085825744805,0.356650464135448,0.36915639197522,0.102325205885357,0.0840000000000005,19,7,0.596872556304602,0.383957630024596,0.0353731464679855,0.627263100718442,1.59121277524084,1,4.55332982891729
n20-long,20,100,8000,5,7,random,fixed-total,0.403157625732967,0.748247361813898,0.168292129518906,0.0300966640696301,0.227999999999998,19,7,0.431254024488267,0.586050321345444,0.13764694940928,0.62215040329807,1.5900710850064,1,7.28229768070898
n20-long,20,100,8000,5,7,random,original,0.20615166433698,0.328835910303795,0.386892789038995,0.108422320618872,0.0840000000000005,19,7,0.635874415964618,0.326520835769489,0.0312407053868539,0.624387108104053,1.59105292608102,1,7.28229768070898
n20-long,20,100,8000,5,10,balanced,fixed-total,0.878269365356102,0.912356305803671,0.0563108510267511,0.0234694429204589,0.227999999999998,19,10,0.600494458149096,0.478266483068964,0.0968839896323846,0.614104003299972,1.58875435846077,1,8.70728198281286
n20-long,20,100,8000,5,10,balanced,original,0.148313091229176,0.384529846386202,0.353305544099115,0.104877952181887,0.119999999999999,19,10,0.766537451912229,0.217298034256445,0.032248818635268,0.624419887240358,1.59103584426008,1,9.06941315715238
n20-long,20,100,8000,5,10,nearest,fixed-total,0.723628297923569,0.928626155084256,0.182415491124504,0.019927042626596,0.227999999999998,19,10,0.465495304335241,0.60348728341901,0.126645200564881,0.616170142218944,1.58887878726408,1,2.88091091711137
n20-long,20,100,8000,5,10,nearest,original,0.28151303216459,0.324942596060666,0.329557147240519,0.0920575919125158,0.119999999999999,19,10,0.589779400588699,0.515182308234006,0.0561454061596395,0.626437912505224,1.59110043888853,1,6.60973914793399
n20-long,20,100,8000,5,10,random,fixed-total,0.652345847544168,0.768884936487965,0.126053166246043,0.0349163686608371,0.227999999999998,19,10,0.493455974976533,0.595705127344111,0.137530011834659,0.619694585487116,1.58965742532929,1,10.4558008172934
n20-long,20,100,8000,5,10,random,original,0.501114376492179,0.568329357438744,0.319825820345823,0.075778501705702,0.119999999999999,19,10,0.602139487834766,0.419468888574632,0.0505533142797234,0.624339704045187,1.59086097528234,1,10.4558008172934
n20-long,20,100,8000,5,15,balanced,fixed-total,0.245808028638281,0.531757246205496,0.235852366052056,0.0648762734608579,0.227999999999998,19,15,0.672585538905245,0.462843172507262,0.0942142002155371,0.618117921281156,1.58973137494095,1,13.4216834913312
n20-long,20,100,8000,5,15,balanced,original,0.82940214283968,0.871017738916984,0.244416240913685,0.0541084608745601,0.180000000000002,19,15,0.612820462806214,0.397974582016307,0.0863207293643963,0.620107714664633,1.59009305427078,1,14.2243611967271
n20-long,20,100,8000,5,15,nearest,fixed-total,0.566560135229341,0.664935476305268,0.263278305581216,0.04844217531884,0.227999999999998,19,15,0.607211414075898,0.543639707821109,0.11451463899313,0.620198736270874,1.58996622523376,1,10.4957803485813
n20-long,20,100,8000,5,15,nearest,original,0.644877342548295,0.748740205785494,0.258070796525723,0.0485226413359952,0.180000000000002,19,15,0.614269432392345,0.529257239319295,0.0955450277681557,0.623588986827414,1.59051214659875,1,10.9326954314379
n20-long,20,100,8000,5,15,random,fixed-total,0.503953633542383,0.627112895220688,0.19257053421906,0.0563465186241038,0.227999999999998,19,15,0.594613917857479,0.575788571484496,0.121665989594282,0.618559645738933,1.58974565698426,1,15.7308073381537
n20-long,20,100,8000,5,15,random,original,0.732058131763917,0.815096327756617,0.159511742146223,0.0490340246580068,0.180000000000002,19,15,0.626728896495516,0.554363356054122,0.0942426720076966,0.622145998033175,1.5904007976367,1,15.7308073381537
n20-long,20,100,8000,5,19,all,original,0.84995451235395,0.872382875270101,0.0398473545577734,0.0141328211267268,0.227999999999998,19,19,0.596440050996717,0.586785034152449,0.129791919977715,0.612417606886108,1.5879905496717,1,20
n20-long,20,100,8000,6,0,balanced,fixed-total,0.34208808895058,0.410053094557142,0.371329912887362,0.10982091757908,0,19,0,0,0,0,0.63672450418195,1.59181126045487,0.05,0
n20-long,20,100,8000,6,0,balanced,original,0.34208808895058,0.410053094557142,0.371329912887362,0.10982091757908,0,19,0,0,0,0,0.63672450418195,1.59181126045487,0.05,0
n20-long,20,100,8000,6,0,nearest,fixed-total,0.34208808895058,0.410053094557142,0.371329912887362,0.10982091757908,0,19,0,0,0,0,0.63672450418195,1.59181126045487,0.05,0
n20-long,20,100,8000,6,0,nearest,original,0.34208808895058,0.410053094557142,0.371329912887362,0.10982091757908,0,19,0,0,0,0,0.63672450418195,1.59181126045487,0.05,0
n20-long,20,100,8000,6,0,random,fixed-total,0.34208808895058,0.410053094557142,0.371329912887362,0.10982091757908,0,19,0,0,0,0,0.63672450418195,1.59181126045487,0.05,0
n20-long,20,100,8000,6,0,random,original,0.34208808895058,0.410053094557142,0.371329912887362,0.10982091757908,0,19,0,0,0,0,0.63672450418195,1.59181126045487,0.05,0
n20-long,20,100,8000,6,1,balanced,fixed-total,0.230175244537026,0.609632619548867,0.308263052320785,0.00157102040684379,0.227999999999998,19,1,0,1,0.227768726235717,0.583007013693433,1.5764504142086,0.25,-1.5939955142627e-16
n20-long,20,100,8000,6,1,balanced,original,0.347916988378056,0.427782360475391,0.380810663632732,0.111502642588925,0.0119999999999999,19,1,0,1,0.0119878631153393,0.63672450418195,1.59181126045487,1,0.276407354177821
n20-long,20,100,8000,6,1,nearest,fixed-total,0.230175244537026,0.609632619548867,0.308263052320785,0.00157102040684379,0.227999999999998,19,1,0,1,0.227768726235717,0.583007013693433,1.5764504142086,0.25,-1.5939955142627e-16
n20-long,20,100,8000,6,1,nearest,original,0.347916988378056,0.427782360475391,0.380810663632732,0.111502642588925,0.0119999999999999,19,1,0,1,0.0119878631153393,0.63672450418195,1.59181126045487,1,0.276407354177821
n20-long,20,100,8000,6,1,random,fixed-total,0.662689554889581,0.765679038880631,0.217962951214551,0.0354044008550452,0.227999999999998,19,1,0,1,0.227763507465279,0.622454957840823,1.58994082308014,1,1.02072414349218
n20-long,20,100,8000,6,1,random,original,0.327675942908514,0.414020091953783,0.382802413805081,0.113507670678818,0.0119999999999999,19,1,0,1,0.0119877052505185,0.63672450418195,1.59181126045487,1,1.02072414349218
n20-long,20,100,8000,6,2,balanced,fixed-total,0.311909362270758,0.651085150293701,0.335595154411837,0.0743668622520438,0.227999999999998,19,2,0.464107243786472,0.111137845041755,0.113943656933808,0.589643884988361,1.57867164132695,1,0.842899961875686
n20-long,20,100,8000,6,2,balanced,original,0.350843326859347,0.449905170017286,0.382467344506642,0.105375101940504,0.0239999999999997,19,2,0.471304028653444,0.089622192267729,0.0119939035445755,0.63672450418195,1.59181126045487,1,1.10777357919878
n20-long,20,100,8000,6,2,nearest,fixed-total,0.64027168994965,0.813482900391684,0.338339401079698,0.000993815731449829,0.227999999999998,19,2,0.172414473486271,0.716052917667889,0.177030571626891,0.583515404099125,1.57737439872554,0.35,2.28871742408749e-16
n20-long,20,100,8000,6,2,nearest,original,0.269645363101397,0.411104128963398,0.382533432121849,0.101694135750341,0.0239999999999997,19,2,0.216695965773219,0.696383368903221,0.0154191742898014,0.636162007340772,1.59177493315763,1,0.57884759392613
n20-long,20,100,8000,6,2,random,fixed-total,0.404924328559237,0.485633426026783,0.23917862269059,0.0383775686958163,0.227999999999998,19,2,0.218122527462237,0.654356916957404,0.159504016912442,0.623993769828745,1.58996187559501,1,2.05739996638201
n20-long,20,100,8000,6,2,random,original,0.342726704891468,0.406955728196851,0.388043469536085,0.107821055331008,0.0239999999999997,19,2,0.25500166713666,0.626283064159467,0.0141793726986477,0.63672450418195,1.59181126045487,1,2.05739996638201
n20-long,20,100,8000,6,3,balanced,fixed-total,0.126297360238138,0.437518555711179,0.35184901255829,0.0759313758855006,0.227999999999998,19,3,0.52689153220441,0.280622732191235,0.0762150137894334,0.6085114619746,1.58744196925448,1,1.84258587163414
n20-long,20,100,8000,6,3,balanced,original,0.347854733083239,0.407284653639988,0.384918363547617,0.116367601863457,0.0359999999999999,19,3,0.520841764110122,0.290776810768872,0.0120096818560591,0.63672450418195,1.59181126045487,1,2.398184532402
n20-long,20,100,8000,6,3,nearest,fixed-total,0.956944723202062,0.997096526889837,0.303312264468203,0.000960353263083123,0.227999999999998,19,3,0.258617577491138,0.688772150065901,0.166541797040083,0.590510281750971,1.5799256489274,0.45,1.04762829624042e-16
n20-long,20,100,8000,6,3,nearest,original,0.325435156041495,0.440558678337791,0.364631197066591,0.099455301779616,0.0359999999999999,19,3,0.356442198291358,0.574074463169568,0.0196038367728483,0.63490863667798,1.59169701307128,1,0.808061822866885
n20-long,20,100,8000,6,3,random,fixed-total,0.975168824990542,0.976878150824144,0.0309155547417306,0.0150189119252164,0.227999999999998,19,3,0.254824591189827,0.711998062079901,0.154522634853751,0.602436608061206,1.58498229605308,1,3.09823531402867
n20-long,20,100,8000,6,3,random,original,0.31991377628505,0.449396205948538,0.38666044282325,0.111533346408014,0.0359999999999999,19,3,0.392205268625543,0.51830650730686,0.0181837207728034,0.636132223348697,1.59177459088663,1,3.09823531402867
n20-long,20,100,8000,6,4,balanced,fixed-total,0.267725669628854,0.55509722408226,0.315865980755426,0.0772300321371026,0.227999999999998,19,4,0.64831685112281,0.178465676765188,0.0620914828978757,0.610944656521619,1.58827454817432,1,2.76650527058564
n20-long,20,100,8000,6,4,balanced,original,0.340715814626142,0.443894641964855,0.383699382171497,0.116847397534701,0.0479999999999994,19,4,0.704135949784204,0.0825954794205916,0.0121810022423553,0.63672450418195,1.59181126045487,1,3.00748350357591
n20-long,20,100,8000,6,4,nearest,fixed-total,0.668829153992759,0.914327001362634,0.259430713708155,0.0077902083692057,0.227999999999998,19,4,0.270987085232066,0.701999942436275,0.168572324405802,0.601579307285095,1.58321041626978,1,0.067153618343626
n20-long,20,100,8000,6,4,nearest,original,0.216563656050608,0.362252592621434,0.380058212439054,0.103496558821262,0.0479999999999994,19,4,0.449996996256479,0.490221336838206,0.0236869498651822,0.633707466274015,1.59162229824655,1,2.20814731420778
n20-long,20,100,8000,6,4,random,fixed-total,0.837069972455377,0.861492380627088,0.0774820117338468,0.0221181529826583,0.227999999999998,19,4,0.316926414926195,0.67706220225035,0.144834727929356,0.615234224166831,1.58858659172748,1,4.13876603197728
n20-long,20,100,8000,6,4,random,original,0.295757245364989,0.374829061229297,0.388226648796543,0.113203651246868,0.0479999999999994,19,4,0.481956728216675,0.446229236618657,0.02198468781767,0.630792731068937,1.5914452127844,1,4.13876603197728
n20-long,20,100,8000,6,5,balanced,fixed-total,0.422636567759108,0.520908823522077,0.369269751679044,0.0834144408365051,0.227999999999998,19,5,0.706221376453118,0.193420086798605,0.0587971272288813,0.610713568860562,1.58836854224754,1,3.6308499247138
n20-long,20,100,8000,6,5,balanced,original,0.332290054242143,0.480298806501054,0.383173455037256,0.108195091579028,0.0599999999999995,19,5,0.723712169809991,0.178921514234071,0.0150615265187376,0.634753057946481,1.59168999049963,1,3.84458747552483
n20-long,20,100,8000,6,5,nearest,fixed-total,0.260691534147974,0.4789815717743,0.22210196373713,0.0384576819926324,0.227999999999998,19,5,0.366466093842583,0.644624190934095,0.13518956689387,0.617456760474973,1.58898024897894,1,1.30165376366556
n20-long,20,100,8000,6,5,nearest,original,0.357847891456637,0.459099301213499,0.354689896192759,0.0858432338144003,0.0599999999999995,19,5,0.454481648720636,0.544215241412979,0.0311862257795579,0.630972805115253,1.59145047011091,1,2.02797926506539
n20-long,20,100,8000,6,5,random,fixed-total,0.595492957274339,0.763990023849376,0.14790466112268,0.0397508360332365,0.227999999999998,19,5,0.38453682301011,0.61913335900834,0.139181124668445,0.622355316318466,1.59022293951953,1,5.19763131450032
n20-long,20,100,8000,6,5,random,original,0.222230434669113,0.418454437674586,0.369917231415648,0.110178956250421,0.0599999999999995,19,5,0.52489437441725,0.433986048705981,0.0266149795730123,0.628439050039166,1.5912995657887,1,5.19763131450032
n20-long,20,100,8000,6,7,balanced,fixed-total,0.899945554042073,0.91410350797354,0.0388513620834623,0.0147899240369205,0.227999999999998,19,7,0.57834501152549,0.438248205056753,0.0873058815792806,0.614053016160456,1.58888541860836,1,5.85079330051229
n20-long,20,100,8000,6,7,balanced,original,0.40086736297943,0.458251759303424,0.375026260513136,0.111628274659688,0.0840000000000005,19,7,0.767636004796519,0.141685721091066,0.0195597272284417,0.624067563916412,1.59103380896278,1,5.29451667795922
n20-long,20,100,8000,6,7,nearest,fixed-total,0.366772177218166,0.621982617448454,0.257345952081917,0.0356941963333365,0.227999999999998,19,7,0.450328608456058,0.579918908430127,0.129833532311669,0.616707803726248,1.5889401698619,1,2.2270864862462
n20-long,20,100,8000,6,7,nearest,original,0.578768708451128,0.67341972374105,0.377143255418487,0.0900289353108594,0.0840000000000005,19,7,0.574632299858069,0.407384451286255,0.0384440646021101,0.62678667440929,1.59117966384324,1,2.38939475526554
n20-long,20,100,8000,6,7,random,fixed-total,0.415298376858038,0.746624291198221,0.1667016287238,0.0304278538914059,0.227999999999998,19,7,0.442112257487111,0.597339486038697,0.129273743471609,0.620399702709863,1.58989397417304,1,7.30322871722556
n20-long,20,100,8000,6,7,random,original,0.365740579094114,0.477241965053488,0.36646117575868,0.110758020543993,0.0840000000000005,19,7,0.615226697830991,0.368372146013809,0.0338098899382836,0.624439829202503,1.5910520502388,1,7.30322871722556
n20-long,20,100,8000,6,10,balanced,fixed-total,0.411644290828954,0.567764565778192,0.208962390500762,0.052194526407779,0.227999999999998,19,10,0.621633886629882,0.428198411826889,0.0887629405855231,0.615122582027299,1.58897920341758,1,8.18944168797305
n20-long,20,100,8000,6,10,balanced,original,0.327021797667309,0.387814397793343,0.384185912403475,0.107600720218905,0.119999999999999,19,10,0.795317777913503,0.148650359746255,0.0297397024079993,0.623812828415812,1.59100313884216,1,8.5539181156897
n20-long,20,100,8000,6,10,nearest,fixed-total,0.454504483041824,0.623359299527813,0.2496460678255,0.0295371745052299,0.227999999999998,19,10,0.508673622293031,0.569876411620921,0.129681967125088,0.621408470265468,1.58994602540406,1,6.53534087323226
n20-long,20,100,8000,6,10,nearest,original,0.708826665611801,0.751176397484203,0.248704997279171,0.0444533689117576,0.119999999999999,19,10,0.505585743078385,0.6101890681898,0.0701692138503687,0.62808640263762,1.59110707489187,1,5.14323289917518
n20-long,20,100,8000,6,10,random,fixed-total,0.898964038028797,0.950101708221459,0.086339275094076,0.0349475277331703,0.227999999999998,19,10,0.51470086038947,0.586828874149754,0.132791520832691,0.614067174601409,1.58833581151106,1,10.4408343995932
n20-long,20,100,8000,6,10,random,original,0.478575441189427,0.631169915188052,0.314910618224491,0.078531666985415,0.119999999999999,19,10,0.622382006264904,0.450172431250634,0.0536427554177798,0.624899905609971,1.59101863951555,1,10.4408343995932
n20-long,20,100,8000,6,15,balanced,fixed-total,0.418591977932693,0.712980400759155,0.203562141875672,0.0387001337018328,0.227999999999998,19,15,0.603051995808922,0.418924485313202,0.110730668550728,0.622383823832643,1.5900664469462,1,12.5263044624056
n20-long,20,100,8000,6,15,balanced,original,0.177546860711578,0.409183012770824,0.28789389315253,0.0713181943961875,0.180000000000002,19,15,0.654728144474469,0.379942996938088,0.0707769534704134,0.621181125555952,1.59028106017953,1,12.7598101763369
n20-long,20,100,8000,6,15,nearest,fixed-total,0.696030499370942,0.836456538307492,0.182333672235359,0.0337127273543604,0.227999999999998,19,15,0.552875624850143,0.608309228353056,0.134301729146642,0.621565677533728,1.58994989344139,1,9.26168415357399
n20-long,20,100,8000,6,15,nearest,original,0.648910797093269,0.779118461418632,0.0961143733103522,0.0251586942342033,0.180000000000002,19,15,0.537236795688701,0.628382626821648,0.101095809491804,0.622497731083959,1.59033830120487,1,10.1816581298929
n20-long,20,100,8000,6,15,random,fixed-total,0.50277452939851,0.711665551021976,0.211492016792042,0.0621474589699839,0.227999999999998,19,15,0.618615838480689,0.542544259861486,0.119850901358819,0.619852848303134,1.58999790078661,1,15.7210012031868
n20-long,20,100,8000,6,15,random,original,0.948157951532677,0.97815123480633,0.0787902843433899,0.0301123593670475,0.180000000000002,19,15,0.583189898865002,0.583472592261344,0.101032545246232,0.617590107451484,1.5893851719038,1,15.7210012031868
n20-long,20,100,8000,6,19,all,original,0.43955107935687,0.758711365476229,0.184097940131676,0.0375059762744858,0.227999999999998,19,19,0.61672645059305,0.551380288176312,0.118360737092885,0.620847787026662,1.589984475226,1,20
n20-long,20,100,8000,7,0,balanced,fixed-total,0.204031655971519,0.370719766472681,0.384604355690062,0.124188129177634,0,19,0,0,0,0,0.63672450418195,1.59181126045487,0.05,0
n20-long,20,100,8000,7,0,balanced,original,0.204031655971519,0.370719766472681,0.384604355690062,0.124188129177634,0,19,0,0,0,0,0.63672450418195,1.59181126045487,0.05,0
n20-long,20,100,8000,7,0,nearest,fixed-total,0.204031655971519,0.370719766472681,0.384604355690062,0.124188129177634,0,19,0,0,0,0,0.63672450418195,1.59181126045487,0.05,0
n20-long,20,100,8000,7,0,nearest,original,0.204031655971519,0.370719766472681,0.384604355690062,0.124188129177634,0,19,0,0,0,0,0.63672450418195,1.59181126045487,0.05,0
n20-long,20,100,8000,7,0,random,fixed-total,0.204031655971519,0.370719766472681,0.384604355690062,0.124188129177634,0,19,0,0,0,0,0.63672450418195,1.59181126045487,0.05,0
n20-long,20,100,8000,7,0,random,original,0.204031655971519,0.370719766472681,0.384604355690062,0.124188129177634,0,19,0,0,0,0,0.63672450418195,1.59181126045487,0.05,0
n20-long,20,100,8000,7,1,balanced,fixed-total,0.28954579985258,0.632769337697796,0.339644584889662,0.00491502774749471,0.227999999999998,19,1,0,1,0.227746256640932,0.585008028233149,1.57751412387643,0.3,-1.10797302286666e-16
n20-long,20,100,8000,7,1,balanced,original,0.20148066000795,0.389583417389167,0.381759261729671,0.104818113850214,0.0119999999999999,19,1,0,1,0.0119875154115508,0.63672450418195,1.59181126045487,1,0.31228620626595
n20-long,20,100,8000,7,1,nearest,fixed-total,0.28954579985258,0.632769337697796,0.339644584889662,0.00491502774749471,0.227999999999998,19,1,0,1,0.227746256640932,0.585008028233149,1.57751412387643,0.3,-1.10797302286666e-16
n20-long,20,100,8000,7,1,nearest,original,0.20148066000795,0.389583417389167,0.381759261729671,0.104818113850214,0.0119999999999999,19,1,0,1,0.0119875154115508,0.63672450418195,1.59181126045487,1,0.31228620626595
n20-long,20,100,8000,7,1,random,fixed-total,0.161449402772682,0.368359393601982,0.17223591969132,0.0400837071007351,0.227999999999998,19,1,0,1,0.227763770123939,0.618623592947028,1.58915050317112,1,1.01566281103608
n20-long,20,100,8000,7,1,random,original,0.206906669169929,0.376454464485562,0.380360537790723,0.1154431472841,0.0119999999999999,19,1,0,1,0.0119877140114186,0.63672450418195,1.59181126045487,1,1.01566281103608
n20-long,20,100,8000,7,2,balanced,fixed-total,0.416991503784225,0.630194171626408,0.352727702476707,0.0663132579478943,0.227999999999998,19,2,0.464738472991845,0.109294455654277,0.11393921536356,0.58980913331847,1.57878336798096,1,0.584004852031899
n20-long,20,100,8000,7,2,balanced,original,0.214248374280767,0.343186734448805,0.388103434167229,0.111779846975221,0.0239999999999997,19,2,0.473688997534634,0.0822655645948989,0.0119939498524525,0.63672450418195,1.59181126045487,1,1.20981783170667
n20-long,20,100,8000,7,2,nearest,fixed-total,0.741303645796135,0.85747543275028,0.347434078653417,0.00301545580546654,0.227999999999998,19,2,0.174926423874287,0.74154873961812,0.165381405515185,0.592544348945069,1.58062798772603,0.35,-7.81949725130198e-17
n20-long,20,100,8000,7,2,nearest,original,0.147566276737783,0.399986982987595,0.374218526522656,0.103139644031602,0.0239999999999997,19,2,0.229660161591995,0.661808949763209,0.0153425419453123,0.636327292042058,1.59178575989,1,0.89729156759349
n20-long,20,100,8000,7,2,random,fixed-total,0.329634480840523,0.522050586493316,0.133126117789978,0.0331840090585663,0.227999999999998,19,2,0.176926076648859,0.757319561403745,0.161865705946594,0.619721503584264,1.58960062723295,1,2.05302167011132
n20-long,20,100,8000,7,2,random,original,0.18230907859422,0.381014752153926,0.389712311263177,0.109656234863157,0.0239999999999997,19,2,0.255232648632807,0.625190362381318,0.0141831619399079,0.63672450418195,1.59181126045487,1,2.05302167011132
n20-long,20,100,8000,7,3,balanced,fixed-total,0.193868428881717,0.38685810463352,0.369908872314555,0.099074843778431,0.227999999999998,19,3,0.522586186619564,0.288074104280309,0.0761127190055372,0.607784964156657,1.58723483653407,1,1.76575085161881
n20-long,20,100,8000,7,3,balanced,original,0.2239642640987,0.351869728530855,0.389492375964125,0.114497297851097,0.0359999999999999,19,3,0.517967226432645,0.296653278417008,0.0120085925941953,0.63672450418195,1.59181126045487,1,2.22001305086962
n20-long,20,100,8000,7,3,nearest,fixed-total,0.395913079037094,0.842175162908211,0.302468706773264,0.00508782930317385,0.227999999999998,19,3,0.264480131072211,0.67445422308339,0.166080367761965,0.593109051333609,1.58038519453016,0.65,-3.5751566317826e-16
n20-long,20,100,8000,7,3,nearest,original,0.414214579794782,0.463291861307877,0.392291201062932,0.12242985397532,0.0359999999999999,19,3,0.398465237557854,0.511838081751387,0.0172865482896701,0.635718381129418,1.59174805222906,1,1.34557204436914
n20-long,20,100,8000,7,3,random,fixed-total,0.449135945346497,0.636010794873098,0.149566301575037,0.0323940201403968,0.227999999999998,19,3,0.261833085077452,0.706727401001067,0.153002812666194,0.620390042575272,1.58971773725926,1,3.10707012157375
n20-long,20,100,8000,7,3,random,original,0.203313766382482,0.3403667625509,0.385197338401496,0.115445044343242,0.0359999999999999,19,3,0.390636257076512,0.521892982187393,0.0181094689279626,0.63620466527521,1.59177902818433,1,3.10707012157375
n20-long,20,100,8000,7,4,balanced,fixed-total,0.204675605186267,0.534791375552351,0.33871347066885,0.0819328076840853,0.227999999999998,19,4,0.675974240339254,0.135437619878973,0.0597717933707884,0.612319514889674,1.58875018825074,1,2.16395052856033
n20-long,20,100,8000,7,4,balanced,original,0.202029542792626,0.323131688512605,0.382253863172151,0.111645788459223,0.0479999999999994,19,4,0.698417539612655,0.089366635158783,0.0122209070179959,0.63672450418195,1.59181126045487,1,3.33571390054213
n20-long,20,100,8000,7,4,nearest,fixed-total,0.228757070535949,0.742900362783447,0.277358354113839,0.0197025350028485,0.227999999999998,19,4,0.314422608995375,0.672419763448139,0.147530500450287,0.614623769238775,1.58815208107869,1,0.265619207728013
n20-long,20,100,8000,7,4,nearest,original,0.197257677460119,0.398868363447804,0.375490991401956,0.104663131287867,0.0479999999999994,19,4,0.458031858190333,0.477323591746837,0.0234688654727103,0.633030045228777,1.59158109852395,1,1.65754186274596
n20-long,20,100,8000,7,4,random,fixed-total,0.83308190594175,0.888855815781942,0.0271969632652075,0.0109244546767732,0.227999999999998,19,4,0.312966423246285,0.677813377454643,0.147737609765488,0.607200061510764,1.58656006641553,1,4.1526008902013
n20-long,20,100,8000,7,4,random,original,0.222166947362515,0.413558615190885,0.371407447358078,0.102666257433125,0.0479999999999994,19,4,0.465614756206157,0.467878974233981,0.0229844508676703,0.631448788207014,1.59148510346675,1,4.1526008902013
n20-long,20,100,8000,7,5,balanced,fixed-total,0.146665019329645,0.268439931721582,0.390849234537359,0.108454527281259,0.227999999999998,19,5,0.729613971702057,0.175442420548589,0.0564897659573626,0.613269146746414,1.58901263579,1,4.16523478305678
n20-long,20,100,8000,7,5,balanced,original,0.200882044446916,0.341604471781821,0.384641746235254,0.119409126426901,0.0599999999999995,19,5,0.727929477857078,0.173512041767021,0.0148031220129175,0.63546494811993,1.59173389288088,1,4.22572977551753
n20-long,20,100,8000,7,5,nearest,fixed-total,0.157760058643268,0.98043992955645,0.230634397021408,0.00586487538915472,0.227999999999998,19,5,0.322631097632121,0.666547189303525,0.154783863281798,0.603346241133327,1.58447308078993,1,0.145899581823712
n20-long,20,100,8000,7,5,nearest,original,0.217838708954795,0.400861262627605,0.356692017441938,0.101781701105881,0.0599999999999995,19,5,0.486555865471729,0.49847945870996,0.0280091876488296,0.630786253665109,1.59143982397935,1,2.62668730212747
n20-long,20,100,8000,7,5,random,fixed-total,0.344772016429635,0.813636473779685,0.176024504714908,0.0245247803495481,0.227999999999998,19,5,0.372305954839196,0.610865264645526,0.146694560211892,0.624844610369248,1.59046387943792,1,5.19562601424683
n20-long,20,100,8000,7,5,random,original,0.154582373699525,0.336225636846798,0.386250838279689,0.112253270118223,0.0599999999999995,19,5,0.547335142832077,0.39287101798922,0.025624439088076,0.626817061127648,1.59120091796355,1,5.19562601424683
n20-long,20,100,8000,7,7,balanced,fixed-total,0.280207939349488,0.487117637808361,0.124639016578934,0.0331750651357829,0.227999999999998,19,7,0.561322651727253,0.448126210828726,0.086559895705798,0.614779455707577,1.58903556723357,1,5.84799284862612
n20-long,20,100,8000,7,7,balanced,original,0.203551788560772,0.339467820786739,0.383163760908261,0.113797816680471,0.0840000000000005,19,7,0.7709282724251,0.135993930079255,0.0189577119310771,0.623983736209376,1.5910288854478,1,6.11343998730954
n20-long,20,100,8000,7,7,nearest,fixed-total,0.934281008002569,0.963228693481842,0.203073678269106,0.0144717102897256,0.227999999999998,19,7,0.392484946393131,0.643595335037276,0.143452211082835,0.611637596882035,1.58704591379227,1,0.728931271616356
n20-long,20,100,8000,7,7,nearest,original,0.165855336572566,0.413865431000579,0.354827181118826,0.0982611631566683,0.0840000000000005,19,7,0.565526289167277,0.452449869661447,0.0369867063157998,0.628190403784546,1.59127245199799,1,3.99642218247527
n20-long,20,100,8000,7,7,random,fixed-total,0.634984296425978,0.79332110249181,0.12632875939628,0.0252271304606093,0.227999999999998,19,7,0.422888306590423,0.613873590425072,0.140054375780521,0.620529539530298,1.58974916162912,1,7.29045783286746
n20-long,20,100,8000,7,7,random,original,0.352018498433837,0.422223746048709,0.386784796080156,0.110748133635229,0.0840000000000005,19,7,0.632639086581015,0.323510225739908,0.0318518240470743,0.624669834781307,1.59106900004438,1,7.29045783286746
n20-long,20,100,8000,7,10,balanced,fixed-total,0.475738858630781,0.680012068198418,0.187372160250201,0.0365448273976151,0.227999999999998,19,10,0.600939065725752,0.471746931858558,0.103726613588101,0.618671945302072,1.58969912471398,1,7.61530021918275
n20-long,20,100,8000,7,10,balanced,original,0.122885798123893,0.338073041543473,0.375908609742955,0.1049650342758,0.119999999999999,19,10,0.782078352392557,0.182099218164458,0.0314982982044196,0.623793346661647,1.59099459174569,1,8.62907375005824
n20-long,20,100,8000,7,10,nearest,fixed-total,0.487040589497377,0.635364471463169,0.154917848176135,0.0389504194844182,0.227999999999998,19,10,0.474432165596143,0.644535438423185,0.131018293115229,0.62004767750034,1.58978933935531,1,7.46926785737374
n20-long,20,100,8000,7,10,nearest,original,0.217651935755172,0.457021056889328,0.253492319724705,0.0553983878011473,0.119999999999999,19,10,0.529454870071957,0.546081653264389,0.0598610061101851,0.627326000119924,1.59109844254063,1,6.6170100044504
n20-long,20,100,8000,7,10,random,fixed-total,0.476893107162994,0.728386184380235,0.159635987338152,0.0362789114944818,0.227999999999998,19,10,0.493073072860995,0.584027605238651,0.140689837331508,0.622739913679154,1.5901740129313,1,10.4464350967104
n20-long,20,100,8000,7,10,random,original,0.935488313100759,0.953041776120401,0.19818992373554,0.0469103733789544,0.119999999999999,19,10,0.542208870046484,0.564299073158033,0.0672902222448819,0.629302712829429,1.59130715259528,1,10.4464350967104
n20-long,20,100,8000,7,15,balanced,fixed-total,0.375316745516373,0.727952836271048,0.179152990944898,0.0331610583635543,0.227999999999998,19,15,0.607594029631685,0.52225036435478,0.107027602458283,0.621965987845027,1.59015494553275,1,13.051406745568
n20-long,20,100,8000,7,15,balanced,original,0.350255377499197,0.500184502908529,0.290609032309259,0.0706721039277074,0.180000000000002,19,15,0.715944792879323,0.407162452775975,0.0748901212762302,0.619708848991981,1.59018201671506,1,12.4097143643841
n20-long,20,100,8000,7,15,nearest,fixed-total,0.43507167791389,0.636952657548573,0.220529524496697,0.0382207674667629,0.227999999999998,19,15,0.555705412659335,0.565858901689785,0.122571332741587,0.621437897503271,1.59013057332924,1,12.0392768396577
n20-long,20,100,8000,7,15,nearest,original,0.540761043250719,0.690264925155563,0.246466086253237,0.0500465492811034,0.180000000000002,19,15,0.563009280529851,0.573299868442618,0.0984770648734878,0.625053464706945,1.59068788899133,1,10.6507658815919
n20-long,20,100,8000,7,15,random,fixed-total,0.326720395922303,0.499360342421904,0.239728760796039,0.0490327366745556,0.227999999999998,19,15,0.593164250244598,0.47488887322124,0.116783372397355,0.621153425183798,1.58994244741797,1,15.7371878944955
n20-long,20,100,8000,7,15,random,original,0.178848721637687,0.568447379242221,0.214687496298342,0.0464550330375993,0.180000000000002,19,15,0.585059214389974,0.536529889326959,0.090723285652063,0.62390163533238,1.59068715819484,1,15.7371878944955
n20-long,20,100,8000,7,19,all,original,0.964935913302395,0.970815359093748,0.115704825045476,0.0100982952721976,0.227999999999998,19,19,0.586813624590369,0.574397261202826,0.12435264670693,0.619631043612835,1.58945927104395,1,20
n20-long,20,100,8000,8,0,balanced,fixed-total,0.378184558618521,0.438866196643298,0.393665733627937,0.110867404403114,0,19,0,0,0,0,0.63672450418195,1.59181126045487,0.05,0
n20-long,20,100,8000,8,0,balanced,original,0.378184558618521,0.438866196643298,0.393665733627937,0.110867404403114,0,19,0,0,0,0,0.63672450418195,1.59181126045487,0.05,0
n20-long,20,100,8000,8,0,nearest,fixed-total,0.378184558618521,0.438866196643298,0.393665733627937,0.110867404403114,0,19,0,0,0,0,0.63672450418195,1.59181126045487,0.05,0
n20-long,20,100,8000,8,0,nearest,original,0.378184558618521,0.438866196643298,0.393665733627937,0.110867404403114,0,19,0,0,0,0,0.63672450418195,1.59181126045487,0.05,0
n20-long,20,100,8000,8,0,random,fixed-total,0.378184558618521,0.438866196643298,0.393665733627937,0.110867404403114,0,19,0,0,0,0,0.63672450418195,1.59181126045487,0.05,0
n20-long,20,100,8000,8,0,random,original,0.378184558618521,0.438866196643298,0.393665733627937,0.110867404403114,0,19,0,0,0,0,0.63672450418195,1.59181126045487,0.05,0
n20-long,20,100,8000,8,1,balanced,fixed-total,0.137104316451218,0.497054330693783,0.367712127578886,0.00491133243608899,0.227999999999998,19,1,0,1,0.227756646237945,0.58265215235351,1.57623467853279,0.25,-1.0416308546992e-16
n20-long,20,100,8000,8,1,balanced,original,0.274935546037214,0.399969988861606,0.389291467916141,0.100877388351369,0.0119999999999999,19,1,0,1,0.0119873828716088,0.63672450418195,1.59181126045487,1,0.150616700247611
n20-long,20,100,8000,8,1,nearest,fixed-total,0.137104316451218,0.497054330693783,0.367712127578886,0.00491133243608899,0.227999999999998,19,1,0,1,0.227756646237945,0.58265215235351,1.57623467853279,0.25,-1.0416308546992e-16
n20-long,20,100,8000,8,1,nearest,original,0.274935546037214,0.399969988861606,0.389291467916141,0.100877388351369,0.0119999999999999,19,1,0,1,0.0119873828716088,0.63672450418195,1.59181126045487,1,0.150616700247611
n20-long,20,100,8000,8,1,random,fixed-total,0.481216021578816,0.73842078000835,0.130998921492652,0.0263362745552973,0.227999999999998,19,1,0,1,0.22776596409018,0.620716225094665,1.5895143553794,1,1.02396046901083
n20-long,20,100,8000,8,1,random,original,0.390633700177062,0.451078524844668,0.390838093486278,0.12853002089895,0.0119999999999999,19,1,0,1,0.0119875326872131,0.63672450418195,1.59181126045487,1,1.02396046901083
n20-long,20,100,8000,8,2,balanced,fixed-total,0.354536116277687,0.560233935770573,0.366066145607066,0.0620235961695092,0.227999999999998,19,2,0.466178099096578,0.105294881154644,0.113944599587306,0.584634250864394,1.57702308132294,1,0.798477046466305
n20-long,20,100,8000,8,2,balanced,original,0.316426655765639,0.397092046511153,0.384512348370816,0.107774094813655,0.0239999999999997,19,2,0.473212096803547,0.0837412180516377,0.0119939436736451,0.63672450418195,1.59181126045487,1,1.18201212415179
n20-long,20,100,8000,8,2,nearest,fixed-total,0.55124457788192,0.681892015421047,0.321971510501776,0.00221653931363028,0.227999999999998,19,2,0.17589436682725,0.70947074473503,0.175546361694341,0.583293227094349,1.57725692818457,0.7,3.24472873941389e-16
n20-long,20,100,8000,8,2,nearest,original,0.372917945573215,0.480547396494471,0.381816744408625,0.1167727112404,0.0239999999999997,19,2,0.252378092263564,0.634777839856147,0.0140692555077659,0.636507568115797,1.59179723228696,1,0.885730775737037
n20-long,20,100,8000,8,2,random,fixed-total,0.556318416744733,0.699904824987753,0.158404348631667,0.0223482837465196,0.227999999999998,19,2,0.182174221698598,0.71157914806965,0.171955942977546,0.623285287340654,1.58998709584141,1,2.05626844962887
n20-long,20,100,8000,8,2,random,original,0.357136497876744,0.410205026551462,0.388409534697463,0.114119559654524,0.0239999999999997,19,2,0.25312248977174,0.627937924829525,0.0143135105539425,0.63672450418195,1.59181126045487,1,2.05626844962887
n20-long,20,100,8000,8,3,balanced,fixed-total,0.306085698576481,0.458831111523998,0.372663182639856,0.065446583302294,0.227999999999998,19,3,0.526271239028623,0.280632791432593,0.0763732304912848,0.607698154776835,1.58707786466443,1,1.8609555766526
n20-long,20,100,8000,8,3,balanced,original,0.318802886851785,0.409384334823758,0.382732374893835,0.114158562519423,0.0359999999999999,19,3,0.522193656740833,0.288011676399194,0.0120086246165687,0.63672450418195,1.59181126045487,1,2.37482788287925
n20-long,20,100,8000,8,3,nearest,fixed-total,0.496881814661744,0.81879979885594,0.30772909308779,0.00662141196457948,0.227999999999998,19,3,0.241207852481433,0.703610853784169,0.176208281236194,0.585408823845421,1.57779627596464,1,0.000312260310003652
n20-long,20,100,8000,8,3,nearest,original,0.300629986466632,0.420524028450387,0.375310636011791,0.086742598550072,0.0359999999999999,19,3,0.334248691688516,0.610793837800782,0.0204071840426786,0.6350479412904,1.59170561810175,1,0.674388435985146
n20-long,20,100,8000,8,3,random,fixed-total,0.455275765012726,0.753601894450175,0.191833909082024,0.0257187405674543,0.227999999999998,19,3,0.278028907611818,0.669138782867572,0.157612034294274,0.621879074373028,1.58996173571144,1,3.10817918864548
n20-long,20,100,8000,8,3,random,original,0.379342001223743,0.462368853558483,0.372991041958275,0.114482942767581,0.0359999999999999,19,3,0.372730400360211,0.55248228451633,0.01854190867838,0.636025462544089,1.59176777160004,1,3.10817918864548
n20-long,20,100,8000,8,4,balanced,fixed-total,0.120514085877437,0.337718308614754,0.383877102055108,0.0966008430383778,0.227999999999998,19,4,0.696673482320904,0.0946815538535313,0.0583059345336245,0.612271267334124,1.58870786317057,1,2.8572099261047
n20-long,20,100,8000,8,4,balanced,original,0.308885253127102,0.43178713764992,0.378916134407777,0.117329600121503,0.0479999999999994,19,4,0.697323443795044,0.0960908843151476,0.0122743136580125,0.63672450418195,1.59181126045487,1,3.12304343938678
n20-long,20,100,8000,8,4,nearest,fixed-total,0.847813588020988,0.904943291075404,0.290421668035021,0.0130545963676203,0.227999999999998,19,4,0.298482120158436,0.669422220503999,0.161889265948976,0.605871922021833,1.58477878564803,1,0.0747200073945458
n20-long,20,100,8000,8,4,nearest,original,0.219863824614065,0.342097644390471,0.374461446882307,0.102770578249084,0.0479999999999994,19,4,0.444889177449452,0.515113979082371,0.0239459496589912,0.632609143226195,1.59155400000889,1,1.85355874203828
n20-long,20,100,8000,8,4,random,fixed-total,0.516996604378128,0.799934974601614,0.147337871250982,0.0267842000747979,0.227999999999998,19,4,0.343341217629541,0.606390671571548,0.151924833879433,0.627224166803268,1.59070674205063,1,4.15398207423206
n20-long,20,100,8000,8,4,random,original,0.323358682296814,0.470715621843215,0.380988624569803,0.115454144014061,0.0479999999999994,19,4,0.478070535824359,0.450653081617564,0.0223568969520779,0.630642445465665,1.59143585664245,1,4.15398207423206
n20-long,20,100,8000,8,5,balanced,fixed-total,0.311801791630997,0.442602927195515,0.261951075450775,0.0636088388872404,0.227999999999998,19,5,0.598351651029297,0.327947754669687,0.0710076953296896,0.611647020849608,1.58835463554617,1,3.74990263787719
n20-long,20,100,8000,8,5,balanced,original,0.334977046956012,0.446578646330407,0.383890556012202,0.111820236180796,0.0599999999999995,19,5,0.727262720984609,0.177814362828985,0.0150549673266846,0.634414887900061,1.59166927240747,1,3.82822064750282
n20-long,20,100,8000,8,5,nearest,fixed-total,0.696084395232216,0.932849496126086,0.29187427045259,0.00889120007174323,0.227999999999998,19,5,0.357114568016029,0.656207098620384,0.146583987506786,0.60668295015626,1.58609137525069,0.7,2.67147415300428e-15
n20-long,20,100,8000,8,5,nearest,original,0.356329585974724,0.420705841520009,0.373746395066577,0.103499807860465,0.0599999999999995,19,5,0.510783552992259,0.451402849280531,0.0275986708260513,0.6317006111645,1.59149867906337,1,2.9397230254483
n20-long,20,100,8000,8,5,random,fixed-total,0.498945224639408,0.760204320868833,0.150816749265405,0.0297583378195581,0.227999999999998,19,5,0.373112979166224,0.606788745195835,0.149890446333277,0.624606837730629,1.59035598521952,1,5.1975911861854
n20-long,20,100,8000,8,5,random,original,0.1870290550309,0.314857842410656,0.383866966104144,0.109016734529666,0.0599999999999995,19,5,0.541054517385753,0.406542679036568,0.0256271116721132,0.627190838256818,1.59122373758958,1,5.1975911861854
n20-long,20,100,8000,8,7,balanced,fixed-total,0.493622016572847,0.680142476887013,0.146584306940087,0.0402208422857447,0.227999999999998,19,7,0.597935487232382,0.411361635936652,0.0856436649898668,0.616030392747636,1.58928458357508,1,5.31917473903527
n20-long,20,100,8000,8,7,balanced,original,0.321650603214811,0.436672654176207,0.381465175154861,0.10038108300934,0.0840000000000005,19,7,0.759542505617153,0.150011128699706,0.0199575463909348,0.62419909658437,1.59104202694516,1,5.74189126917563
n20-long,20,100,8000,8,7,nearest,fixed-total,0.691981106894514,0.938609975362897,0.27612803214309,0.0269216796807866,0.227999999999998,19,7,0.379453541800283,0.669883950821224,0.153425848229608,0.61300943333537,1.58727657301004,1,0.272945043155556
n20-long,20,100,8000,8,7,nearest,original,0.341152248485728,0.434022129636924,0.363888884648955,0.0819108066048424,0.0840000000000005,19,7,0.547546920574219,0.469088398762731,0.0376734732739038,0.627693421874622,1.59123540199688,1,3.3372714690442
n20-long,20,100,8000,8,7,random,fixed-total,0.644383381911184,0.788978220343365,0.168471898942611,0.0280174784323342,0.227999999999998,19,7,0.423246931323793,0.575311187487101,0.151110141926375,0.622594878455382,1.59002443205921,1,7.27859349873455
n20-long,20,100,8000,8,7,random,original,0.298256548373423,0.465462687195782,0.347873962637356,0.0989208451803665,0.0840000000000005,19,7,0.572573978483648,0.412815033266886,0.0356473005546572,0.626948793194504,1.59120200449684,1,7.27859349873455
n20-long,20,100,8000,8,10,balanced,fixed-total,0.908240310799058,0.921902624651927,0.0856913963533093,0.0224922990573192,0.227999999999998,19,10,0.587069680959018,0.474793805107607,0.0975824039552311,0.616037570920347,1.589148507338,1,9.0683613824587
n20-long,20,100,8000,8,10,balanced,original,0.206986890761495,0.374450499226951,0.373508897920265,0.102378843604777,0.119999999999999,19,10,0.788894270369755,0.177694234582967,0.0304794983674048,0.624088837439213,1.59103414859367,1,8.57299240665298
n20-long,20,100,8000,8,10,nearest,fixed-total,0.356989145864,0.514821382494277,0.181610242870917,0.0365428340209374,0.227999999999998,19,10,0.48728940764854,0.600088644526047,0.126964266286586,0.620444962704162,1.58982315352046,1,6.8733667512179
n20-long,20,100,8000,8,10,nearest,original,0.197330317842215,0.387271097162598,0.316642077802642,0.0797755224758042,0.119999999999999,19,10,0.552268064244645,0.529841563298974,0.0584826208765821,0.62611447908332,1.59102072764448,1,6.43464772004287
n20-long,20,100,8000,8,10,random,fixed-total,0.404055891144215,0.704299580022258,0.223180977182731,0.0498102062706122,0.227999999999998,19,10,0.537516299551703,0.509598781012962,0.119917920676961,0.618712083908415,1.58964682051093,1,10.4469658881195
n20-long,20,100,8000,8,10,random,original,0.514015538755375,0.577426063012014,0.324499276035614,0.0824225748541727,0.119999999999999,19,10,0.598971509922419,0.44803603126894,0.0534735810887474,0.624486959784659,1.59095936972321,1,10.4469658881195
n20-long,20,100,8000,8,15,balanced,fixed-total,0.922752777440284,0.948935903408614,0.0653761057080885,0.00534672094112102,0.227999999999998,19,15,0.571333496387338,0.550930645026077,0.116597246983422,0.616184432423237,1.58896015598521,1,14.6003777457171
n20-long,20,100,8000,8,15,balanced,original,0.311718819319047,0.487545890861384,0.239272255060345,0.0574874186873408,0.180000000000002,19,15,0.619607980460501,0.42481355490703,0.0770692324985006,0.621600327383967,1.5902143144328,1,14.5500067924718
n20-long,20,100,8000,8,15,nearest,fixed-total,0.549929701648793,0.742698258099361,0.188772687439576,0.051209281826382,0.227999999999998,19,15,0.534171477958927,0.624446741499804,0.142685168720983,0.623158534111049,1.59028342209784,1,11.3847573965973
n20-long,20,100,8000,8,15,nearest,original,0.692062782241024,0.816920803839129,0.182473712095981,0.041782600712394,0.180000000000002,19,15,0.541108166043459,0.603919533214225,0.109059937668976,0.626705238262654,1.59093021843669,1,9.40005458506039
n20-long,20,100,8000,8,15,random,fixed-total,0.346817577568144,0.612917614213547,0.179372957721728,0.0309685961040675,0.227999999999998,19,15,0.569292557893628,0.542984274872516,0.125172015735132,0.619840364941778,1.58978876265777,1,15.7251449513161
n20-long,20,100,8000,8,15,random,original,0.399186046733213,0.4825224788159,0.259261713053237,0.0478018503691736,0.180000000000002,19,15,0.573427121858883,0.401498395689956,0.0874757483710524,0.624737536781057,1.59053164254698,1,15.7251449513161
n20-long,20,100,8000,8,19,all,original,0.705344089858893,0.830466389762781,0.123606181095111,0.035847269757665,0.227999999999998,19,19,0.596946870340572,0.555495098854485,0.134752509154508,0.616539047641357,1.58892298816711,1,20
n20-long,20,100,8000,9,0,balanced,fixed-total,0.344869579573812,0.446494763438597,0.377476985109651,0.11864635566448,0,19,0,0,0,0,0.63672450418195,1.59181126045487,0.05,0
n20-long,20,100,8000,9,0,balanced,original,0.344869579573812,0.446494763438597,0.377476985109651,0.11864635566448,0,19,0,0,0,0,0.63672450418195,1.59181126045487,0.05,0
n20-long,20,100,8000,9,0,nearest,fixed-total,0.344869579573812,0.446494763438597,0.377476985109651,0.11864635566448,0,19,0,0,0,0,0.63672450418195,1.59181126045487,0.05,0
n20-long,20,100,8000,9,0,nearest,original,0.344869579573812,0.446494763438597,0.377476985109651,0.11864635566448,0,19,0,0,0,0,0.63672450418195,1.59181126045487,0.05,0
n20-long,20,100,8000,9,0,random,fixed-total,0.344869579573812,0.446494763438597,0.377476985109651,0.11864635566448,0,19,0,0,0,0,0.63672450418195,1.59181126045487,0.05,0
n20-long,20,100,8000,9,0,random,original,0.344869579573812,0.446494763438597,0.377476985109651,0.11864635566448,0,19,0,0,0,0,0.63672450418195,1.59181126045487,0.05,0
n20-long,20,100,8000,9,1,balanced,fixed-total,0.405135237659514,0.601906829908333,0.367240452156786,0.00530563015865916,0.227999999999998,19,1,0,1,0.227751690913958,0.585193171245545,1.5771743933343,0.15,-3.18898037107082e-16
n20-long,20,100,8000,9,1,balanced,original,0.325604720897957,0.44292441557104,0.385421845586858,0.109010958831672,0.0119999999999999,19,1,0,1,0.0119878316767492,0.63672450418195,1.59181126045487,1,0.322057830182519
n20-long,20,100,8000,9,1,nearest,fixed-total,0.405135237659514,0.601906829908333,0.367240452156786,0.00530563015865916,0.227999999999998,19,1,0,1,0.227751690913958,0.585193171245545,1.5771743933343,0.15,-3.18898037107082e-16
n20-long,20,100,8000,9,1,nearest,original,0.325604720897957,0.44292441557104,0.385421845586858,0.109010958831672,0.0119999999999999,19,1,0,1,0.0119878316767492,0.63672450418195,1.59181126045487,1,0.322057830182519
n20-long,20,100,8000,9,1,random,fixed-total,0.270009295761736,0.457165188026449,0.213869820542297,0.0421394575996276,0.227999999999998,19,1,0,1,0.227766611010485,0.621142125880868,1.58960547744211,1,1.01345609224563
n20-long,20,100,8000,9,1,random,original,0.323795850547091,0.476375087917906,0.382535769451359,0.118376793475019,0.0119999999999999,19,1,0,1,0.0119877900064283,0.63672450418195,1.59181126045487,1,1.01345609224563
n20-long,20,100,8000,9,2,balanced,fixed-total,0.208683899519519,0.493518279016434,0.358077261042487,0.0552769543471135,0.227999999999998,19,2,0.465996302461076,0.105745630272153,0.113942931318422,0.590476145514712,1.57885989070513,1,0.864655672065321
n20-long,20,100,8000,9,2,balanced,original,0.34986292638055,0.437585234902116,0.384122566359382,0.108653409824716,0.0239999999999997,19,2,0.476047756068088,0.0749452812799016,0.011993968896476,0.63672450418195,1.59181126045487,1,1.37640406267467
n20-long,20,100,8000,9,2,nearest,fixed-total,0.350036101509278,0.593177970412785,0.348029555909895,0.00245801838860809,0.227999999999998,19,2,0.175013835747401,0.714068241916015,0.174565438959991,0.583295417493414,1.5772398667567,1,0.0285125633711804
n20-long,20,100,8000,9,2,nearest,original,0.439414607415232,0.525385314962512,0.388220579158574,0.10042013576464,0.0239999999999997,19,2,0.213202944217172,0.70568334575128,0.015430513709366,0.63642751692408,1.59179203860563,1,0.555334546673284
n20-long,20,100,8000,9,2,random,fixed-total,0.361599015907007,0.539555005136829,0.157080537038216,0.0327801922428431,0.227999999999998,19,2,0.177710456605858,0.746664528907111,0.164883157512045,0.62278640379813,1.59005185225436,1,2.05896695842917
n20-long,20,100,8000,9,2,random,original,0.325852347503295,0.371581576743536,0.3903207484415,0.120820954944856,0.0239999999999997,19,2,0.254303641983476,0.628790019640323,0.0141409907326942,0.63672450418195,1.59181126045487,1,2.05896695842917
n20-long,20,100,8000,9,3,balanced,fixed-total,0.146280473262771,0.508663888319735,0.363645197934932,0.081427977845974,0.227999999999998,19,3,0.520172747911653,0.293329093088789,0.0761450764321135,0.609609407543936,1.5876911874695,1,1.82810181264531
n20-long,20,100,8000,9,3,balanced,original,0.352268846893746,0.451169096445475,0.385175695865563,0.116616980159316,0.0359999999999999,19,3,0.517098660717807,0.298633392907746,0.0120114707988317,0.63672450418195,1.59181126045487,1,2.35020213219013
n20-long,20,100,8000,9,3,nearest,fixed-total,0.973013408877991,0.990571918209963,0.333265823950116,0.000389075698330873,0.227999999999998,19,3,0.235345361184692,0.710425919030246,0.177789006822221,0.585820450906301,1.57786182477387,0.3,-3.59344230650192e-16
n20-long,20,100,8000,9,3,nearest,original,0.250655061689557,0.330536061194902,0.388137850484741,0.110670794296208,0.0359999999999999,19,3,0.394121837138068,0.514615263163961,0.0181124363688559,0.635626217857019,1.59174166493437,1,1.38894156351687
n20-long,20,100,8000,9,3,random,fixed-total,0.370405063646053,0.831159849885171,0.187342324214233,0.0172263326700869,0.227999999999998,19,3,0.266899074813621,0.685060684893542,0.160509490423437,0.625727600779625,1.59060455060235,1,3.08987793677749
n20-long,20,100,8000,9,3,random,original,0.321289114281198,0.364862601640169,0.38727021953907,0.116267164294525,0.0359999999999999,19,3,0.395125501724358,0.514383581526161,0.0179732825185684,0.63640973231122,1.59179173584115,1,3.08987793677749
n20-long,20,100,8000,9,4,balanced,fixed-total,0.355578854067857,0.503187916810751,0.112821546181361,0.0239045991108881,0.227999999999998,19,4,0.526000489587054,0.391063118827566,0.0784053347061263,0.612753040854534,1.58861727512555,1,2.77646045673918
n20-long,20,100,8000,9,4,balanced,original,0.355533299413472,0.430832140786096,0.377349372644768,0.112493297172736,0.0479999999999994,19,4,0.70256281312808,0.0859389409840089,0.0121867051406143,0.63672450418195,1.59181126045487,1,3.15014870535985
n20-long,20,100,8000,9,4,nearest,fixed-total,0.363118356318466,0.879690556185493,0.271283862477264,0.0348866225060573,0.227999999999998,19,4,0.290054886796444,0.672417500039461,0.159600259515285,0.608420735019923,1.58520793775513,1,0.456139468736789
n20-long,20,100,8000,9,4,nearest,original,0.499501814622241,0.552298667801394,0.370198097130708,0.101772077111294,0.0479999999999994,19,4,0.466865741084235,0.460700718395776,0.0229545868747501,0.632760385002109,1.59156439065943,1,1.59674179947884
n20-long,20,100,8000,9,4,random,fixed-total,0.244521972341317,0.490477815577879,0.171691210706895,0.0471890255887824,0.227999999999998,19,4,0.342342750409606,0.647140354999498,0.138014576461216,0.618709641299243,1.5895608210601,1,4.15117296634715
n20-long,20,100,8000,9,4,random,original,0.350182362907797,0.514975883858257,0.374500114398536,0.118567354111547,0.0479999999999994,19,4,0.464499760178363,0.474290730840896,0.0225197390992717,0.631599262452836,1.59149421253309,1,4.15117296634715
n20-long,20,100,8000,9,5,balanced,fixed-total,0.0936641632648734,0.347554249764463,0.361882555127728,0.0936278008891655,0.227999999999998,19,5,0.713097603724998,0.189617008531027,0.0576000482336207,0.611060255155634,1.588472891189,1,3.89987746021786
n20-long,20,100,8000,9,5,balanced,original,0.35282392265557,0.444343864004487,0.381997502196468,0.111257107296732,0.0599999999999995,19,5,0.719037173864642,0.189524829262692,0.0151739106731747,0.635672890744001,1.59174662390769,1,4.24867844183439
n20-long,20,100,8000,9,5,nearest,fixed-total,0.941689581719229,0.971975515822102,0.247895890452542,0.0086477846711979,0.227999999999998,19,5,0.371464575500307,0.614825534055542,0.13346617126545,0.602946704600137,1.58526255711904,0.5,-1.51128354820123e-15
n20-long,20,100,8000,9,5,nearest,original,0.243838558418351,0.409316098958865,0.35500513896321,0.102376457364136,0.0599999999999995,19,5,0.499055962980065,0.476025258437306,0.0269629698073718,0.631398641345994,1.59148014672163,1,2.85001192169757
n20-long,20,100,8000,9,5,random,fixed-total,0.980955083072961,0.989468236936383,0.0541929983154316,0.0268511804555251,0.227999999999998,19,5,0.359669994641768,0.646352651757745,0.144959656602734,0.603202244020048,1.5851048782881,1,5.18827486834992
n20-long,20,100,8000,9,5,random,original,0.250515177794024,0.358491906795071,0.389793641640696,0.104678418415287,0.0599999999999995,19,5,0.5524768741909,0.381319269633342,0.0255438460325529,0.627081604604657,1.59121793828203,1,5.18827486834992
n20-long,20,100,8000,9,7,balanced,fixed-total,0.248802362148622,0.487739708909214,0.207088414787153,0.0543064102267057,0.227999999999998,19,7,0.613651013230442,0.367672012894756,0.0769932515307155,0.613459107632051,1.58879639797102,1,5.56469524494595
n20-long,20,100,8000,9,7,balanced,original,0.332175948737995,0.415543162103107,0.384112446443599,0.117052557449089,0.0840000000000005,19,7,0.760313194552935,0.14536239205306,0.0195333380950576,0.624369606073047,1.59105228591048,1,6.0832391068698
n20-long,20,100,8000,9,7,nearest,fixed-total,0.843817962907657,0.921856338642138,0.300244184839403,0.0174503518448289,0.227999999999998,19,7,0.369591836334404,0.669963553087143,0.153863013800477,0.60939422719878,1.58620068007574,1,0.183953481683666
n20-long,20,100,8000,9,7,nearest,original,0.458901277666433,0.552221642019877,0.371648109053854,0.0882148616510958,0.0840000000000005,19,7,0.558320306858386,0.442411393228187,0.0378042943898261,0.627799638945502,1.59124326957998,1,3.66019875642831
n20-long,20,100,8000,9,7,random,fixed-total,0.571583469855087,0.743118448209132,0.190511781176029,0.026586485263264,0.227999999999998,19,7,0.428269929478166,0.565863021659871,0.149733160440746,0.622436099293845,1.59011939469557,1,7.28104963785372
n20-long,20,100,8000,9,7,random,original,0.37324257157704,0.460893168894904,0.370467725042811,0.103689630012564,0.0840000000000005,19,7,0.610545307111076,0.369253408363355,0.0332986719780841,0.6256954974168,1.59113088667543,1,7.28104963785372
n20-long,20,100,8000,9,10,balanced,fixed-total,0.833711013312187,0.8452288779164,0.084486889270262,0.0295628199224436,0.227999999999998,19,10,0.604925748476107,0.465926061541837,0.0990657992628636,0.615881048721179,1.58909089551954,1,8.65187240557724
n20-long,20,100,8000,9,10,balanced,original,0.205403776565964,0.37370815764883,0.382777158910991,0.110194251241411,0.119999999999999,19,10,0.800667331144018,0.156743369786022,0.0297781298572322,0.623929634398695,1.5910247017471,1,8.48777875278758
n20-long,20,100,8000,9,10,nearest,fixed-total,0.360213030111195,0.598419365052274,0.191485231785285,0.0320800797467933,0.227999999999998,19,10,0.501320125127004,0.58257813595787,0.122694005790273,0.620369268180585,1.58978967127979,1,6.26853232014468
n20-long,20,100,8000,9,10,nearest,original,0.440867864858907,0.476461169420751,0.342150751236178,0.0913508826916216,0.119999999999999,19,10,0.624315209843241,0.436482415717934,0.0499696030575571,0.6259921131073,1.59104254901206,1,7.3110931670802
n20-long,20,100,8000,9,10,random,fixed-total,0.594377932558618,0.785018149130301,0.140400252642066,0.0294140790288274,0.227999999999998,19,10,0.50522354660362,0.577149569016002,0.133224693784839,0.621481339763328,1.58999330397791,1,10.4370420993255
n20-long,20,100,8000,9,10,random,original,0.559657483699482,0.667468533532781,0.265739564528685,0.0627460441076222,0.119999999999999,19,10,0.558817404120578,0.469215515529859,0.0599534488275325,0.627359715121375,1.59113498940537,1,10.4370420993255
n20-long,20,100,8000,9,15,balanced,fixed-total,0.889804409703096,0.92850789111212,0.0869927091284184,0.0242467754980619,0.227999999999998,19,15,0.595466203078868,0.542945371903118,0.118612975941319,0.618518269475081,1.58947265776549,1,13.3909673661851
n20-long,20,100,8000,9,15,balanced,original,0.27904627195178,0.412503880096403,0.361985366367139,0.0978317839551709,0.180000000000002,19,15,0.787209331321561,0.252775418341492,0.0558130677968452,0.618853875613246,1.59009118052219,1,14.6656737208878
n20-long,20,100,8000,9,15,nearest,fixed-total,0.95668739079226,0.974457259465513,0.144540915381203,0.0204649912649953,0.227999999999998,19,15,0.517978121472645,0.629319085537516,0.145495419688773,0.614151514602629,1.58778779367268,1,7.96110969779498
n20-long,20,100,8000,9,15,nearest,original,0.731925287689004,0.785776508102578,0.16843118179142,0.0467190790304514,0.180000000000002,19,15,0.538774303458947,0.63238204505454,0.110318257465252,0.623046907993981,1.59025446880769,1,8.16230375856718
n20-long,20,100,8000,9,15,random,fixed-total,0.640102320872862,0.7934220283766,0.178421323319047,0.0310573104656858,0.227999999999998,19,15,0.560956631019208,0.562473784598056,0.136010007524183,0.620807823293813,1.58985508321238,1,15.7304694849114
n20-long,20,100,8000,9,15,random,original,0.785203273042,0.857320923889023,0.239303828740032,0.0504801715851349,0.180000000000002,19,15,0.640667824803146,0.510072302114892,0.0943619089998036,0.623161623017374,1.59062007198406,1,15.7304694849114
n20-long,20,100,8000,9,19,all,original,0.648736317638694,0.800607159575685,0.20295353142102,0.051579668053101,0.227999999999998,19,19,0.682957644442601,0.516004889866207,0.121935217860391,0.61780646637767,1.58943935473238,1,20
n20-long,20,100,8000,10,0,balanced,fixed-total,0.0555898844286989,0.306099572977429,0.38552245443077,0.121211797881173,0,19,0,0,0,0,0.63672450418195,1.59181126045487,0.05,0
n20-long,20,100,8000,10,0,balanced,original,0.0555898844286989,0.306099572977429,0.38552245443077,0.121211797881173,0,19,0,0,0,0,0.63672450418195,1.59181126045487,0.05,0
n20-long,20,100,8000,10,0,nearest,fixed-total,0.0555898844286989,0.306099572977429,0.38552245443077,0.121211797881173,0,19,0,0,0,0,0.63672450418195,1.59181126045487,0.05,0
n20-long,20,100,8000,10,0,nearest,original,0.0555898844286989,0.306099572977429,0.38552245443077,0.121211797881173,0,19,0,0,0,0,0.63672450418195,1.59181126045487,0.05,0
n20-long,20,100,8000,10,0,random,fixed-total,0.0555898844286989,0.306099572977429,0.38552245443077,0.121211797881173,0,19,0,0,0,0,0.63672450418195,1.59181126045487,0.05,0
n20-long,20,100,8000,10,0,random,original,0.0555898844286989,0.306099572977429,0.38552245443077,0.121211797881173,0,19,0,0,0,0,0.63672450418195,1.59181126045487,0.05,0
n20-long,20,100,8000,10,1,balanced,fixed-total,0.187639612848818,0.503729214658857,0.342549793688166,0.00633965894466653,0.227999999999998,19,1,0,1,0.227758527433027,0.582322561332285,1.5761366980426,0.4,-1.65040134675941e-16
n20-long,20,100,8000,10,1,balanced,original,0.033543713405653,0.216018824027895,0.389560116979784,0.114227785885965,0.0119999999999999,19,1,0,1,0.0119875846923944,0.63672450418195,1.59181126045487,1,0.411282136584039
n20-long,20,100,8000,10,1,nearest,fixed-total,0.187639612848818,0.503729214658857,0.342549793688166,0.00633965894466653,0.227999999999998,19,1,0,1,0.227758527433027,0.582322561332285,1.5761366980426,0.4,-1.65040134675941e-16
n20-long,20,100,8000,10,1,nearest,original,0.033543713405653,0.216018824027895,0.389560116979784,0.114227785885965,0.0119999999999999,19,1,0,1,0.0119875846923944,0.63672450418195,1.59181126045487,1,0.411282136584039
n20-long,20,100,8000,10,1,random,fixed-total,0.318130028157644,0.545180765014137,0.173766616925591,0.0309611816129979,0.227999999999998,19,1,0,1,0.227764555460593,0.623068289978339,1.58999224555036,1,1.01869776754624
n20-long,20,100,8000,10,1,random,original,0.0503062028667987,0.270683303085033,0.384042197076244,0.11351104753528,0.0119999999999999,19,1,0,1,0.0119877095162057,0.63672450418195,1.59181126045487,1,1.01869776754624
n20-long,20,100,8000,10,2,balanced,fixed-total,0.177826275292712,0.404927360140466,0.373532774546859,0.0510047318904284,0.227999999999998,19,2,0.468270094752525,0.098653021522353,0.113945749138133,0.585307065975908,1.57712764289432,1,0.823584123840351
n20-long,20,100,8000,10,2,balanced,original,0.0488259213388712,0.288607660623821,0.385552704004614,0.113148080017485,0.0239999999999997,19,2,0.474011132001779,0.0812386736589992,0.0119938011179594,0.63672450418195,1.59181126045487,1,1.35094333359214
n20-long,20,100,8000,10,2,nearest,fixed-total,0.211724653301385,0.493047025553147,0.31328185525167,5.06417320948325e-05,0.227999999999998,19,2,0.186226644589649,0.703839832818416,0.168695718538503,0.582892144516394,1.57741748294318,0.85,8.3411831924962e-16
n20-long,20,100,8000,10,2,nearest,original,0.051356194826299,0.355481377241124,0.373205130673954,0.106311806716691,0.0239999999999997,19,2,0.234791739606199,0.669088369435179,0.0144363017951382,0.63629132575615,1.5917832727706,1,0.960054725459188
n20-long,20,100,8000,10,2,random,fixed-total,0.388400163009852,0.630592791793463,0.171766516395053,0.0404726546892186,0.227999999999998,19,2,0.18795818735636,0.735814942614772,0.159240385060494,0.620407840881828,1.58967851545691,1,2.05158279052001
n20-long,20,100,8000,10,2,random,original,0.10818949083882,0.276338577944349,0.39104473598548,0.110386767677595,0.0239999999999997,19,2,0.255519831235196,0.62342077968671,0.0142276497623359,0.63672450418195,1.59181126045487,1,2.05158279052001
n20-long,20,100,8000,10,3,balanced,fixed-total,0.139137936191804,0.498636687046108,0.360218757952301,0.066756640130572,0.227999999999998,19,3,0.529979978321568,0.273730283493924,0.0761947134450412,0.607508080341213,1.58711031821147,1,1.91184515832305
n20-long,20,100,8000,10,3,balanced,original,0.049885960919279,0.30625487799734,0.384922298113495,0.115193702051928,0.0359999999999999,19,3,0.518349693474835,0.295764181936502,0.0120148740008481,0.63672450418195,1.59181126045487,1,2.22243932726697
n20-long,20,100,8000,10,3,nearest,fixed-total,0.476011683070591,0.797088031374453,0.299024721561437,0.0171588062844534,0.227999999999998,19,3,0.229755836197954,0.723878842372875,0.175030674770116,0.597810554701404,1.58159023328537,1,0.00859062668552611
n20-long,20,100,8000,10,3,nearest,original,0.109165723107378,0.386507369398124,0.3699040341144,0.0947284113339196,0.0359999999999999,19,3,0.35171686075215,0.581743698065738,0.0198060292817349,0.635175944605128,1.59171334482307,1,1.4637655414684
n20-long,20,100,8000,10,3,random,fixed-total,0.367100363823326,0.560710619258287,0.160199885854895,0.0437919925887379,0.227999999999998,19,3,0.279376038209477,0.684268789230448,0.146011793935281,0.618885758166882,1.58952420620791,1,3.10339149032126
n20-long,20,100,8000,10,3,random,original,0.0296863396624956,0.313644739630927,0.38360862530345,0.117677803686608,0.0359999999999999,19,3,0.393014226921405,0.518474016981491,0.0179225458488914,0.636247580826465,1.59178162346625,1,3.10339149032126
n20-long,20,100,8000,10,4,balanced,fixed-total,0.324818240232737,0.489147156777049,0.363995263855713,0.10100977480897,0.227999999999998,19,4,0.685579302183252,0.115176228278834,0.0591575334995985,0.612584361173147,1.58877415693381,1,3.06231160966064
n20-long,20,100,8000,10,4,balanced,original,0.0363600841912615,0.339354883527183,0.366657215653614,0.103573913314622,0.0479999999999994,19,4,0.689665384406606,0.108708319535676,0.0123559573507845,0.636721610917709,1.59181106820348,1,3.13185056320561
n20-long,20,100,8000,10,4,nearest,fixed-total,0.593995614849983,0.803724616140893,0.275593461628504,0.0365062903924943,0.227999999999998,19,4,0.281266154405721,0.693087085666213,0.164412128225997,0.60792358482573,1.58516087094988,1,0.305933511677641
n20-long,20,100,8000,10,4,nearest,original,0.335948593238216,0.378639630719635,0.387419519607226,0.10046519580026,0.0479999999999994,19,4,0.47541148806171,0.447007528385564,0.0235127103783567,0.63224804279983,1.59153233011022,1,1.62881044233316
n20-long,20,100,8000,10,4,random,fixed-total,0.355563755975652,0.604297240692636,0.141548383812703,0.0310758276901378,0.227999999999998,19,4,0.322790867337151,0.664319397923416,0.146038312273156,0.619811840069993,1.58961054694847,1,4.13628371248421
n20-long,20,100,8000,10,4,random,original,0.0700407398242996,0.291835660648246,0.388577463506307,0.104698988007731,0.0479999999999994,19,4,0.482924332536663,0.445096488615352,0.0218507830508702,0.632170923240737,1.59153010299692,1,4.13628371248421
n20-long,20,100,8000,10,5,balanced,fixed-total,0.224016917606555,0.511633697110451,0.355529307260188,0.0923825926683598,0.227999999999998,19,5,0.714985869344329,0.182113133711859,0.0582920433204417,0.611448987658391,1.58856048859444,1,3.64370134097211
n20-long,20,100,8000,10,5,balanced,original,0.0208979361189093,0.361121073426394,0.388398765750843,0.11926309353533,0.0599999999999995,19,5,0.730156004295106,0.175958122676814,0.0148871033845362,0.634209933596689,1.59165662641669,1,4.28745294074615
n20-long,20,100,8000,10,5,nearest,fixed-total,0.324757508821018,0.644088030211575,0.292583223687323,0.032455961713725,0.227999999999998,19,5,0.368727374051187,0.644939176248966,0.140281475473341,0.618450124931136,1.58925620883286,1,0.704959106218644
n20-long,20,100,8000,10,5,nearest,original,0.11806302178769,0.329468127117285,0.367768843480587,0.096498371639056,0.0599999999999995,19,5,0.497172034180346,0.470588853971285,0.0280443864250337,0.630881271011812,1.59144732603063,1,2.99402149720559
n20-long,20,100,8000,10,5,random,fixed-total,0.544596164462339,0.692180980061371,0.164605497835019,0.0383633059114342,0.227999999999998,19,5,0.365388306341173,0.623223481694627,0.149745787335103,0.621562155676879,1.58987435171978,1,5.19644396771791
n20-long,20,100,8000,10,5,random,original,0.0568930261837329,0.428846063852467,0.354170543728605,0.100807529244557,0.0599999999999995,19,5,0.504089792611428,0.464684523575841,0.0277772996647136,0.628284688754372,1.59128967730512,1,5.19644396771791
n20-long,20,100,8000,10,7,balanced,fixed-total,0.60608062079494,0.747428266189729,0.120531553756553,0.0362946529125171,0.227999999999998,19,7,0.591571021093957,0.414369358497092,0.0862086032823082,0.614870985726303,1.58907191074382,1,5.45837231981446
n20-long,20,100,8000,10,7,balanced,original,0.119159961111305,0.341406663988017,0.376393926944843,0.107684498974125,0.0840000000000005,19,7,0.759099135979051,0.155951797377484,0.0199555615287146,0.624655172911874,1.59106980031063,1,5.40795863096593
n20-long,20,100,8000,10,7,nearest,fixed-total,0.908372448248279,0.939301466998605,0.206369640910907,0.0160315317870308,0.227999999999998,19,7,0.366396306814729,0.680095322622926,0.148834602214162,0.613153256587892,1.58744404628945,1,1.37551873027011
n20-long,20,100,8000,10,7,nearest,original,0.0872538302339876,0.272255139321332,0.387231160370271,0.106643795554368,0.0840000000000005,19,7,0.616932867272832,0.344911745906036,0.0331717345672216,0.627142355152869,1.59120768612914,1,4.57627302060502
n20-long,20,100,8000,10,7,random,fixed-total,0.984444357204018,0.985819737198936,0.0578787001667658,0.0237505165238325,0.227999999999998,19,7,0.420721632029712,0.626556566316974,0.137847160944695,0.604478719942846,1.58561966217966,1,7.29581235112851
n20-long,20,100,8000,10,7,random,original,0.171938107693671,0.323705074472387,0.383196464543966,0.108136105999405,0.0840000000000005,19,7,0.629420980436311,0.338317693225096,0.0321290389068006,0.624894656621382,1.5910831581699,1,7.29581235112851
n20-long,20,100,8000,10,10,balanced,fixed-total,0.769221446566206,0.862001505216734,0.165021556445003,0.0334717614799613,0.227999999999998,19,10,0.555688335328106,0.457043640611506,0.113544744122492,0.621900995808135,1.59008004778157,1,6.97064741885595
n20-long,20,100,8000,10,10,balanced,original,0.0683388144901617,0.337957393973608,0.373050234993964,0.100657043239744,0.119999999999999,19,10,0.777485827739614,0.194453527813635,0.0311011460508492,0.624123561845909,1.59102863032854,1,8.66111638223846
n20-long,20,100,8000,10,10,nearest,fixed-total,0.616969051688039,0.735830973462266,0.207882644328763,0.0364920266957953,0.227999999999998,19,10,0.444876929099648,0.658186398027053,0.138440692869159,0.62041695653967,1.58979900804995,1,4.90227588397281
n20-long,20,100,8000,10,10,nearest,original,0.105834745004759,0.377573119065166,0.308468748382709,0.0806704801374938,0.119999999999999,19,10,0.561272205521645,0.52978896821197,0.0560935128702495,0.627082150875265,1.59116162141691,1,6.13788233167871
n20-long,20,100,8000,10,10,random,fixed-total,0.701107055366508,0.808964629604452,0.108711078564238,0.0255638771571403,0.227999999999998,19,10,0.47985002712518,0.571965294320017,0.145101993403429,0.618593013032817,1.5894212707946,1,10.4463607152285
n20-long,20,100,8000,10,10,random,original,0.370512426545925,0.46358463610777,0.312554488695097,0.0937133719442923,0.119999999999999,19,10,0.618292560919678,0.462883372783089,0.0515499285839926,0.624878188368898,1.59101928934482,1,10.4463607152285
n20-long,20,100,8000,10,15,balanced,fixed-total,0.45150399435523,0.770676971272446,0.210097823923293,0.0283362533161994,0.227999999999998,19,15,0.5786919113205,0.509998472864579,0.119526673165968,0.619310586385208,1.58972792732708,1,12.6782540598931
n20-long,20,100,8000,10,15,balanced,original,0.13331214429181,0.348424826682521,0.242383701718544,0.0513593838989122,0.180000000000002,19,15,0.607232532075463,0.452009971987971,0.0795684560868844,0.623003833598652,1.59047906661025,1,14.4034264605252
n20-long,20,100,8000,10,15,nearest,fixed-total,0.477786444524182,0.62987652876505,0.199436459365585,0.0387848190633583,0.227999999999998,19,15,0.540038724588901,0.590693258941298,0.122442098972995,0.619498376673002,1.58981583140704,1,11.2024653448927
n20-long,20,100,8000,10,15,nearest,original,0.559415714039873,0.648736099119576,0.299530524341763,0.0675360609435258,0.180000000000002,19,15,0.649481306244012,0.510740418184235,0.0943111510113662,0.622021354879126,1.59042278309809,1,10.0310414626909
n20-long,20,100,8000,10,15,random,fixed-total,0.632774289477152,0.716375910017697,0.148656580091164,0.044798613796415,0.227999999999998,19,15,0.579528213584816,0.579026009332275,0.124354135073419,0.618776877259711,1.58969195216239,1,15.7344548750415
n20-long,20,100,8000,10,15,random,original,0.620839686815655,0.747194787378459,0.179740459818199,0.0337134203240374,0.180000000000002,19,15,0.563085506114937,0.544581241343484,0.10193992782561,0.626671402152368,1.59092170827464,1,15.7344548750415
n20-long,20,100,8000,10,19,all,original,0.621870502614964,0.751278508749011,0.138158665343893,0.0284812723827235,0.227999999999998,19,19,0.581170663888236,0.561265569316128,0.12720146485808,0.620724742407984,1.5900162657183,1,20
