seed,hiddenCount,hiddenFraction,T,mode,eventGORelativeDeviation,postGORelativeDeviation,eventLORelativeDeviation,postPairRelativeDeviation,eventPairRelativeDeviation,eventInputMassRelativeDeviation,eventTurnTrackingError,postTurnTrackingError,eventFollowerLeaderError,controlEventGO,treatmentEventGO,controlPostPair,treatmentPostPair,eventGOLoss,postPairIncrease,eventActiveNeighbors,eventFreshNeighbors,meanPredictionError,p90PredictionError,recoveryTime,turnAngle
201,7,0.466666666666667,3,hold,4.11457512626234e-05,0.00012883632520167,2.03577649864376e-05,1.11183364421884e-05,4.23733577515709e-07,4.61369692914727e-17,0.255571499575793,0.666093075693107,0.820502556989714,0.620693149044389,0.620715232190964,0.258778912046596,0.258781789237605,-2.20831465748472e-05,2.87719100827755e-06,15,8,0.0122989653672844,0.0244488432553425,1.2,0.075
202,7,0.466666666666667,3,hold,0.00285482502923574,0.00559096223603711,0.000345889034609615,3.90632278507782e-05,2.49041919318357e-06,6.15159590552969e-17,0.95491044597718,1.09262008500853,1.4045284795213,0.17626288281515,0.176443438035936,0.249674859863663,0.249684612969602,-0.000180555220786383,9.75310593946538e-06,15,8,0.0457056686934619,0.0454603194165779,1.2,0.075
203,7,0.466666666666667,3,hold,2.95804863552035e-05,0.000127568045400088,3.74686895586506e-05,2.73052989985033e-05,1.73748360948598e-07,6.15159590552969e-17,1.13017696543388,1.84023015775157,0.570161208971131,0.694313455999715,0.694315706605089,0.261111678473756,0.261118808206209,-2.25060537333288e-06,7.12973245272697e-06,15,8,0.014755509899805,0.028405554729936,1.2,0.075
204,7,0.466666666666667,3,hold,0.00202901874774236,0.00266949464661239,0.000824467977111642,6.47688233001553e-05,1.78068380086601e-06,6.15159590552969e-17,0.299825786497838,0.216240768336093,0.864082438992799,0.533801005851824,0.533258871208109,0.240096863138432,0.240082063083467,0.000542134643714731,-1.48000549647148e-05,15,8,0.0213320773142403,0.0435389470586753,1.2,0.075
205,7,0.466666666666667,3,hold,0.00438953108561951,0.00232260721094521,0.00185001985717261,8.21368275889416e-05,5.95974042883274e-06,6.15159590552969e-17,1.80254143335405,2.13758348204314,1.42385051217372,0.136995243919555,0.136588229432845,0.296450525700453,0.296474875206171,0.000407014486709356,2.43495057181092e-05,15,8,0.020659476085105,0.0365099319563189,1.2,0.075
206,7,0.466666666666667,3,hold,9.58768553312917e-05,6.36831279913121e-06,4.99687753601843e-05,2.30926192868021e-06,4.37349190280205e-07,6.15159590552969e-17,0.0484647826321708,0.460964782862448,0.681555502537849,0.72361969022792,0.723569589686498,0.302162977540476,0.302163675313936,5.01005414219824e-05,6.97773460290874e-07,15,8,0.0107391652207868,0.0222518955294095,1.2,0.075
207,7,0.466666666666667,3,hold,0.00132985657006012,0.00332216129554711,0.00102147469765348,0.000203146962968918,5.1484203735504e-06,1.53789897638242e-17,0.191318134796271,0.60007054079401,0.927604752320339,0.623359293638833,0.624032728349167,0.298332136200445,0.29827153093302,-0.000673434710334564,-6.060526742515e-05,15,8,0.0294555105492754,0.0224366778214098,1.2,0.075
208,7,0.466666666666667,3,hold,0.00012232532978355,0.000193961419953351,9.58181898488601e-05,3.56521909804767e-05,1.02700163636711e-06,4.61369692914727e-17,0.150108552446988,0.308878482375973,0.808177585956529,0.644415252193399,0.644336728097673,0.190835332843205,0.190842136540938,7.8524095725685e-05,6.80369773234879e-06,15,8,0.0220837061150689,0.0388158283277086,1.2,0.075
209,7,0.466666666666667,3,hold,0.000110746525203107,3.44455088654704e-06,9.04592874531363e-05,4.4855550975686e-07,1.10837362814064e-07,0,0.206874462219963,0.617661228868629,1.499634994379,0.45309531219948,0.453045133468068,0.315831528002895,0.315831386334923,5.01787314119095e-05,-1.41667972040627e-07,15,8,0.0226070095010233,0.0262753627653636,1.2,0.075
210,7,0.466666666666667,3,hold,0.000888833198601157,0.00100809300087879,0.00129557405080653,0.00055246282081801,3.23251273523168e-05,7.68949488191212e-17,0.0986622395456459,0.457767171657186,0.505162777439297,0.917012090141554,0.916197019352318,0.128586127536565,0.128657166591302,0.00081507078923645,7.10390547369152e-05,15,8,0.0816419349747489,0.0885637002951161,1.2,0.075
211,7,0.466666666666667,3,hold,0.000527712519843735,0.00456320790554518,0.000628382960030502,8.62178760921284e-05,1.87841595052362e-06,7.68949488191212e-17,0.0530240530280262,0.246765794321936,1.04199374351704,0.525657698099271,0.525575861551927,0.223211936444947,0.223195008639473,8.1836547344083e-05,-1.69278054746277e-05,15,8,0.019884196573999,0.0427683797650307,1.2,0.075
212,7,0.466666666666667,3,hold,0.000426400506113166,0.00161299985528304,0.000218828099550856,2.88798965339292e-05,7.79321309036762e-07,3.07579795276485e-17,1.47637291797929,1.66565920005171,1.28407079345469,0.259447564694493,0.259382086290194,0.272627447831763,0.272620191790959,6.54784042985856e-05,-7.25604080410669e-06,15,8,0.0159265349555926,0.0207713360745703,1.2,0.075
213,7,0.466666666666667,3,hold,0.000186125418634893,9.58696817941868e-05,0.0001467925400878,4.29578400646336e-05,2.90703028637048e-06,0,0.475914813392325,0.826903561385508,0.426717647846891,0.877901008849271,0.877758321993271,0.100411852506158,0.100416165982459,0.000142686856000074,4.31347630055312e-06,15,8,0.0256114510201603,0.055686091137348,1.2,0.075
214,7,0.466666666666667,3,hold,0.000198339159108789,0.000465226517299487,0.000332659597568545,0.000181594629877524,3.50436641714708e-06,9.22739385829454e-17,0.346643948147327,0.803694719302048,0.795447798617649,0.681762959680289,0.681695324544553,0.165529707108047,0.165559766413943,6.76351357366878e-05,3.00593058960208e-05,15,8,0.018629746620214,0.0383812778266339,1.2,0.075
215,7,0.466666666666667,3,hold,3.62228903939273e-06,2.57915680437898e-06,6.11409197570559e-06,6.14237022787399e-07,3.93371463277529e-08,4.61369692914727e-17,0.367674556268778,0.814410778647336,0.803443631752083,0.671851603400335,0.671849169759636,0.265000055317202,0.264999892544357,2.43364069909546e-06,-1.62772845016534e-07,15,8,0.0148821670291191,0.0266761434129261,1.2,0.075
216,7,0.466666666666667,3,hold,0.00203971505066317,0.00145300698814047,0.000603856169131031,1.60941423577299e-05,1.26114674583069e-06,6.15159590552969e-17,0.212648759357225,0.399483420722014,1.58862270667782,0.156581993778038,0.156410578312653,0.216106548354719,0.21611001179749,0.000171415465385163,3.46344277042165e-06,15,8,0.0233232551920537,0.0506565848225371,1.2,0.075
217,7,0.466666666666667,3,hold,0.000306774059283516,9.10122766036578e-05,0.000305789131695851,3.26447219835915e-06,1.09686322445303e-07,6.15159590552969e-17,0.877676790379189,0.527745639026445,1.86970066536455,0.558761089332419,0.55863118237084,0.318922478952306,0.31892143783874,0.00012990696157853,-1.04111356597159e-06,15,8,0.0114351494408849,0.022742865317613,1.2,0.075
218,7,0.466666666666667,3,hold,0.00131055000833202,0.00162140494725599,0.000196517396540497,7.47132545010644e-06,2.41152062308923e-07,4.61369692914727e-17,1.28203214777787,1.57615940171857,1.52188252156043,0.146218936441215,0.146105907902005,0.292320984446793,0.29231881795571,0.00011302853921043,-2.16649108320088e-06,15,8,0.0292793655030608,0.0348249422582652,1.2,0.075
219,7,0.466666666666667,3,hold,0.000522122875179557,0.00337107037093916,0.00035250458608682,0.000124064300156422,1.15689365906114e-06,7.68949488191212e-17,0.218290446899549,0.654742831084937,1.37487660178953,0.461157313678703,0.461364366271198,0.372060742316786,0.372014582861175,-0.000207052592495238,-4.6159455611211e-05,15,8,0.0590812758562212,0.0226467299739328,1.2,0.075
220,7,0.466666666666667,3,hold,0.000757446263886912,0.000347439925967436,0.000938250912636283,1.42924441149121e-05,1.71010051300737e-06,6.15159590552969e-17,0.228360634613264,0.222370607273855,1.44774716373707,0.586445663686348,0.586646213264007,0.295769837435661,0.295765610161789,-0.000200549577658649,-4.22727387242583e-06,15,8,0.0169994604151332,0.0306292899592009,1.2,0.075
221,7,0.466666666666667,3,hold,0.000639918659133958,0.000270454275075096,0.000764359876157502,3.49397610886699e-05,2.13435604162357e-06,3.07579795276485e-17,0.773135126691955,1.23454324517453,0.689874020665614,0.738015782065594,0.737558723232131,0.283026254787943,0.283036143657667,0.000457058833463386,9.88886972411174e-06,15,8,0.0249358686477015,0.0293096711211812,1.2,0.075
222,7,0.466666666666667,3,hold,5.20562749132984e-05,1.71528731903512e-05,5.53760923927975e-05,4.51221928860307e-06,9.45873681602776e-07,4.61369692914727e-17,0.480581190969749,0.814393931257887,0.893491088610206,0.801946616316538,0.80192172005189,0.127610715870478,0.127611291678012,2.48962646474338e-05,5.75807533583217e-07,15,8,0.0149874882108677,0.0305145631041281,1.2,0.075
223,7,0.466666666666667,3,hold,0.000110254779434917,8.17780287755945e-05,4.34104906950517e-05,2.42922487047072e-05,2.20009683827796e-06,1.53789897638242e-17,0.853698736651788,0.690944984437473,1.31712378394089,0.632060586432679,0.63212130969564,0.201791595977773,0.201796497949409,-6.07232629611487e-05,4.90197163601186e-06,15,8,0.0387867794589843,0.0432689726814293,1.2,0.075
224,7,0.466666666666667,3,hold,5.61531232902603e-05,6.2953572743232e-05,5.41979881280425e-05,1.49680884186754e-05,4.81008400789151e-07,1.53789897638242e-17,0.0187234081897225,0.393878792791179,0.596093457824364,0.760689061416779,0.760652955937151,0.244656261056251,0.244659923092799,3.61054796280791e-05,3.6620365476725e-06,15,8,0.0104098149498403,0.0228399493371851,1.2,0.075
225,7,0.466666666666667,3,hold,0.000611259383794806,0.000310002842531646,0.000715502450708359,6.25813919178042e-05,1.27484589466874e-06,6.15159590552969e-17,0.254122749378105,0.659875963604226,0.63577113975102,0.725609222550927,0.725357396218739,0.172023192714899,0.172033958165741,0.000251826332188543,1.07654508422431e-05,15,8,0.0235100371559897,0.04113124831788,1.2,0.075
226,7,0.466666666666667,3,hold,9.30108250120939e-05,0.000358723514932841,7.55838543330052e-05,7.89095014306703e-05,1.64115187662145e-06,1.0765292834677e-16,0.137377047379,0.531610248062755,0.475209708056969,0.837273536419524,0.83719589207616,0.168594883550908,0.168582733602618,7.76443433644469e-05,-1.21499482899273e-05,15,8,0.0242812179138022,0.0494387128674734,1.2,0.075
227,7,0.466666666666667,3,hold,0.000550954433978823,0.00113229265180804,0.000572330033184397,0.000112561145092822,7.15062164477288e-06,1.0765292834677e-16,0.100632955308036,0.235992476547077,2.06437080555088,0.308218127530065,0.308251248416276,0.240225951759146,0.240252991867357,-3.31208862111465e-05,2.70401082110225e-05,15,8,0.0285659170668736,0.0256525197512738,1.2,0.075
228,7,0.466666666666667,3,hold,0.000305117850204797,0.00064390051734985,0.000331187276754961,0.000255706669186912,5.56593272214291e-06,4.61369692914727e-17,0.0470781045730998,0.157308537467446,0.736360738919883,0.742183906208832,0.742129297543039,0.161290663230163,0.161331906328428,5.46086657932987e-05,4.12430982655329e-05,15,8,0.0301531312141078,0.0649903284939901,1.2,0.075
229,7,0.466666666666667,3,hold,0.00544614141019204,0.00101902081116627,0.000361760894372835,4.73945084316839e-05,3.57739498176622e-06,6.15159590552969e-17,0.676013575635648,0.374053302373622,1.64388755439394,0.0990911771698831,0.0996209003062986,0.227882831395344,0.227893631790118,-0.000529723136415483,1.08003947740026e-05,15,8,0.0188547360270142,0.0385826170003126,1.2,0.075
230,7,0.466666666666667,3,hold,0.000745587792770383,0.00106384717127369,0.000844095267470343,5.11567960278515e-05,1.54650447498913e-06,1.53789897638242e-17,0.232943542913016,0.644779288354016,1.03026650330628,0.498399411226855,0.498767371336755,0.106980165891947,0.106978848653444,-0.000367960109900556,-1.3172385030398e-06,15,8,0.0324848708280273,0.0759124520784278,1.2,0.075
201,7,0.466666666666667,3,kalman,4.03412587757179e-05,0.000299612643142094,8.78897288401536e-05,0.000123053019811711,3.87663663619029e-07,1.53789897638242e-17,0.255571505242435,0.666090592975565,0.820374963928559,0.620693149044389,0.620717562314326,0.258778912046596,0.258747068520005,-2.44132699372623e-05,-3.18435265909228e-05,15,8,0.0124776735843326,0.0258853202343028,1.2,0.075
202,7,0.466666666666667,3,kalman,0.00372559301591143,0.00410455332210827,9.94088096065644e-05,5.40252134279808e-05,5.9329453079089e-06,1.23031918110594e-16,0.954910446387901,1.09243411290387,1.40384146367453,0.17626288281515,0.176919566580331,0.249674859863663,0.249688348601254,-0.000656683765180538,1.34887375917356e-05,15,8,0.0329191250220487,0.0273822504283685,1.2,0.075
203,7,0.466666666666667,3,kalman,9.61281944616619e-05,0.000327511956480617,0.000103788456607676,2.66616782951066e-05,6.77896797927964e-07,4.61369692914727e-17,1.13017616545794,1.84023538860566,0.570076920606573,0.694313455999715,0.694325032328315,0.261111678473756,0.261104716798185,-1.15763285992387e-05,-6.9616755705626e-06,15,8,0.0114306444472743,0.0241252927443307,1.2,0.075
204,7,0.466666666666667,3,kalman,0.000699705935657979,0.000336306900750281,0.000388600554113686,4.16264560520472e-06,1.37825316349723e-06,4.61369692914727e-17,0.299257079282354,0.216037050056976,0.864006496081949,0.533801005851824,0.533427502119569,0.240096863138432,0.240097684538227,0.000373503732254721,8.21399795107314e-07,15,8,0.0118588276582689,0.0253309406293489,1.2,0.075
205,7,0.466666666666667,3,kalman,0.00371591099429554,0.00265118189900631,0.000879417938750628,9.35384770501125e-06,7.39589701140053e-07,6.15159590552969e-17,1.80254143335201,2.13761722108937,1.42276699346348,0.136995243919555,0.137298159779398,0.296450525700453,0.296449458738927,-0.000302915859843722,-1.06696152588903e-06,15,8,0.0152445970712394,0.0221506229740296,1.2,0.075
206,7,0.466666666666667,3,kalman,0.000325550660883473,3.04668958901565e-05,0.000196815038379329,3.62347865859398e-06,1.21991892998753e-06,4.61369692914727e-17,0.0484647827139913,0.460964782863186,0.681325321845487,0.72361969022792,0.723776910919466,0.302162977540476,0.302161882659376,-0.000157220691545734,-1.09488110053513e-06,15,8,0.00951632788894868,0.021436658019947,1.2,0.075
207,7,0.466666666666667,3,kalman,0.00163970225552812,0.003328408607689,0.000708221967939508,0.000209831572466384,5.78992337947299e-06,1.53789897638242e-17,0.191318219310331,0.600071128403682,0.927195260864934,0.623359293638833,0.624344429560471,0.298332136200445,0.298269536699189,-0.000985135921638347,-6.25995012561947e-05,15,8,0.0296511784519791,0.022797346836998,1.2,0.075
208,7,0.466666666666667,3,kalman,5.84415654764775e-05,2.59701119659078e-05,4.33678065701631e-05,1.39420388584015e-06,3.27945243634953e-07,3.07579795276485e-17,0.150443481994275,0.308940159228804,0.808177791432113,0.644415252193399,0.644426133324012,0.190835332843205,0.190835596454959,-1.08811306128387e-05,2.63611754232063e-07,15,8,0.0131999681415204,0.0257128174892007,1.2,0.075
209,7,0.466666666666667,3,kalman,0.000129752743199877,1.0556751512004e-05,0.000183515946337885,1.79815745787795e-06,4.90795671841738e-07,1.53789897638242e-17,0.206874139855048,0.617661254979698,1.4995651993409,0.45309531219948,0.453036633326615,0.315831528002895,0.315830960088078,5.86788728647925e-05,-5.67914817511395e-07,15,8,0.0217228241936484,0.024162786828589,1.2,0.075
210,7,0.466666666666667,3,kalman,0.000684268237154852,0.000879283646608979,0.0009839308273712,0.000478082415535867,2.64228065684003e-05,1.38410907874418e-16,0.0964342267149988,0.456279611939328,0.506663114073418,0.917012090141554,0.916384607895183,0.128586127536565,0.128647602303022,0.000627482246370847,6.14747664570842e-05,15,8,0.082223991371399,0.0548722216510109,1.2,0.075
211,7,0.466666666666667,3,kalman,0.000197837451698377,0.00110676324685064,0.000206770985900531,2.7766489914628e-05,5.9058088741033e-07,7.68949488191212e-17,0.0559385037875339,0.246538660996526,1.04192551722353,0.525657698099271,0.525640855881506,0.223211936444947,0.223218125530595,1.6842217764923e-05,6.18908564764376e-06,15,8,0.0136515631337517,0.0255616593361587,1.2,0.075
212,7,0.466666666666667,3,kalman,0.000257106265566437,0.000315845995978412,5.55999390863881e-05,8.26604662773297e-06,4.95715622419424e-07,7.68949488191212e-17,1.47637262947269,1.66590022663799,1.28401498226846,0.259447564694493,0.259394275079955,0.272627447831763,0.272629701382959,5.32896145382211e-05,2.25355119577719e-06,15,8,0.0181745826482043,0.0249344044741981,1.2,0.075
213,7,0.466666666666667,3,kalman,8.58935058680959e-05,4.60421362899734e-05,5.86782334111439e-05,8.96227179050411e-06,5.67929520481225e-07,1.53789897638242e-17,0.476165993911348,0.8267740028683,0.426363642219754,0.877901008849271,0.87787053968962,0.100411852506158,0.100412592199931,3.04691596507811e-05,7.39693772990741e-07,15,8,0.0169310152975998,0.0290591001578957,1.2,0.075
214,7,0.466666666666667,3,kalman,0.000223024452924591,0.000448331790023674,0.00034035734331239,0.000137086025457217,9.90024384213658e-07,9.22739385829454e-17,0.346669807039769,0.803600398681222,0.794951520862722,0.681762959680289,0.681838833268719,0.165529707108047,0.165552396959566,-7.58735884296868e-05,2.2689851519111e-05,15,8,0.0125048933036171,0.0260895789527851,1.2,0.075
215,7,0.466666666666667,3,kalman,1.42983435894307e-06,1.89995001388619e-06,3.36325268546743e-06,7.07850140972085e-07,1.49128513166946e-08,1.53789897638242e-17,0.367448751322517,0.814326418194514,0.803424513473826,0.671851603400335,0.671851150130748,0.265000055317202,0.265000242897529,4.53269587041838e-07,1.87580326513892e-07,15,8,0.0127162449872994,0.0268664946353823,1.2,0.075
216,7,0.466666666666667,3,kalman,0.00770067800906857,0.00317493516559481,0.000856026468819729,8.38121753096734e-05,3.7910920650394e-06,3.07579795276485e-17,0.21117984189543,0.399729413652057,1.58928546069709,0.156581993778038,0.155615978966136,0.216106548354719,0.216124660714636,0.000966014811901555,1.81123599162741e-05,15,8,0.037603451346474,0.0253992809970114,1.2,0.075
217,7,0.466666666666667,3,kalman,0.000672395594879605,0.000113159527076256,0.000659258363636566,6.18006598400993e-06,3.03213708503328e-07,4.61369692914727e-17,0.873880449729942,0.527736412022322,1.86666151516109,0.558761089332419,0.558982673317317,0.318922478952306,0.318920507990343,-0.000221583984898499,-1.97096196370927e-06,15,8,0.0109286324531615,0.0233527485033642,1.2,0.075
218,7,0.466666666666667,3,kalman,0.000957944888518159,0.000430436707837032,0.000295115521852043,1.29913537625236e-06,1.29947737998728e-07,7.68949488191212e-17,1.27990599706439,1.57562888196982,1.52163542314128,0.146218936441215,0.146189565313123,0.292320984446793,0.292321225705768,2.93711280916487e-05,2.41258975571812e-07,15,8,0.0234849223035013,0.0219951732889592,1.2,0.075
219,7,0.466666666666667,3,kalman,0.00101455222763051,0.00375450370029683,0.000557716053448047,0.000135628603604571,1.18679127559543e-06,1.0765292834677e-16,0.217216360358589,0.654526701654184,1.37450361962758,0.461157313678703,0.461625181858584,0.372060742316786,0.372010280237849,-0.000467868179880832,-5.04620789365057e-05,15,8,0.0761395673107743,0.0274827740324195,1.2,0.075
220,7,0.466666666666667,3,kalman,0.00022284336900036,0.000108613799001867,0.00032504960506713,1.76180465087894e-06,1.3248528899502e-06,9.22739385829454e-17,0.232557187373659,0.222370601619931,1.4506058676647,0.586445663686348,0.58648686417081,0.295769837435661,0.295769316346986,-4.12004844612346e-05,-5.21088675183856e-07,15,8,0.0114720799759671,0.0242601865923239,1.2,0.075
221,7,0.466666666666667,3,kalman,0.00023492510973428,9.54359367193537e-05,0.000241865782827187,5.83586360665247e-06,7.97098822721656e-07,4.61369692914727e-17,0.773228051237164,1.23457502874717,0.689079994913909,0.738015782065594,0.738187110238536,0.283026254787943,0.283024603085323,-0.000171328172941865,-1.6517026200441e-06,15,8,0.0231452802194683,0.0252566866325123,1.2,0.075
222,7,0.466666666666667,3,kalman,9.55476306154499e-05,8.03908260533305e-05,0.000109403350548753,2.57073920506786e-05,8.27736201172729e-07,6.15159590552969e-17,0.480581190969749,0.814435261075622,0.893502798552655,0.801946616316538,0.801879021143085,0.127610715870478,0.127607435331775,6.75951734522062e-05,-3.28053870275014e-06,15,8,0.0124001592209556,0.0261058866414663,1.2,0.075
223,7,0.466666666666667,3,kalman,0.00139677911844154,0.000364534079788754,0.000342000498117735,0.000211346952224621,1.38419511857368e-05,3.07579795276485e-17,0.829043019244077,0.684108091861076,1.29813294500314,0.632060586432679,0.632936280808283,0.201791595977773,0.201834244016568,-0.000875694375604674,4.26480387944445e-05,15,8,0.11232104807787,0.0526436416455884,1.2,0.075
224,7,0.466666666666667,3,kalman,2.42270719774087e-05,1.35438801241301e-05,2.29529692877075e-05,7.8104638647892e-07,5.08536726227407e-07,4.61369692914727e-17,0.0187235607088111,0.393879050456631,0.595981055357344,0.760689061416779,0.760705441154808,0.244656261056251,0.244656451748633,-1.63797380287267e-05,1.90692382071034e-07,15,8,0.00935957675521723,0.0211912445792484,1.2,0.075
225,7,0.466666666666667,3,kalman,0.00030998146450546,0.000190159182275232,0.000399144688766181,4.99646897486821e-06,7.71841036149234e-07,6.15159590552969e-17,0.254107860022869,0.659867573925471,0.635414094546456,0.725609222550927,0.725617418074944,0.172023192714899,0.172023551878024,-8.19552401633006e-06,3.5916312512374e-07,15,8,0.0123888546893815,0.026371964608316,1.2,0.075
226,7,0.466666666666667,3,kalman,6.64371679541986e-06,0.000403764432145724,5.34413513444857e-06,0.000131693229476013,4.36008410558875e-08,7.68949488191212e-17,0.137377205270158,0.531601410578071,0.474941379199642,0.837273536419524,0.837277131418528,0.168594883550908,0.16857268074622,-3.59499900327576e-06,-2.22028046879513e-05,15,8,0.014498868266977,0.0271611697237235,1.2,0.075
227,7,0.466666666666667,3,kalman,0.0019853883773907,0.00250819007966942,0.000536183441059742,0.000199560361211979,4.61947859295599e-06,9.22739385829454e-17,0.129749032518981,0.21841393712251,2.06520470325513,0.308218127530065,0.307687967563932,0.240225951759146,0.240178012181441,0.00053015996613226,-4.79395777055466e-05,15,8,0.0552264335411691,0.0265539974349187,1.2,0.075
228,7,0.466666666666667,3,kalman,0.00012615459861033,9.73235555262891e-05,0.000122148611543644,3.79682486708701e-05,2.50796420622354e-06,6.15159590552969e-17,0.0469696385991351,0.157299538828664,0.736171450720209,0.742183906208832,0.742258448861685,0.161290663230163,0.161284539306153,-7.45426528535265e-05,-6.12392400981238e-06,15,8,0.0182729852926421,0.0296502507386842,1.2,0.075
229,7,0.466666666666667,3,kalman,0.00115052834699888,0.00504208132301716,6.7570580853208e-05,0.000138107978967921,3.3519859922394e-07,6.15159590552969e-17,0.676013563806828,0.37392754244059,1.64478489811652,0.0990911771698831,0.0989955598355211,0.227882831395344,0.227914303832629,9.56173343620525e-05,3.14724372854985e-05,15,8,0.0341675529879692,0.0265580850913425,1.2,0.075
230,7,0.466666666666667,3,kalman,0.00217093966861723,0.000350235023607034,0.00320901196417902,3.92415234158189e-05,6.24949184458596e-06,0,0.232943542913016,0.644756472311304,1.03133302727543,0.498399411226855,0.49786045040437,0.106980165891947,0.106984363956632,0.000538960822484685,4.19806468487702e-06,15,8,0.0176890942897333,0.0291256561234163,1.2,0.075
201,7,0.466666666666667,3,kalman-gm,2.82729895502936e-05,5.72816869117288e-05,8.73074181456468e-06,5.64301616831541e-06,3.10022835195675e-07,7.68949488191212e-17,0.255571501406495,0.666093047717062,0.820507557888786,0.620693149044389,0.620710354798459,0.258778912046596,0.258780372340181,-1.72057540704484e-05,1.46029358469801e-06,15,8,0.00691153342941304,0.0145695857605741,1.2,0.075
202,7,0.466666666666667,3,kalman-gm,0.00154495345582456,0.00376541979838056,0.000210288862146339,2.13042159225941e-05,7.57313466064778e-07,1.53789897638242e-17,0.954910446146232,1.09257808963141,1.40473270463819,0.17626288281515,0.176283764205406,0.249674859863663,0.249680178990788,-2.08813902559224e-05,5.31912712497889e-06,15,8,0.0317987698579001,0.0219167430964187,1.2,0.075
203,7,0.466666666666667,3,kalman-gm,3.88671433078462e-05,0.000242771269866378,4.57306240101861e-05,1.19948119338221e-06,5.18678258113009e-07,4.61369692914727e-17,1.13017715775345,1.84028639983643,0.570270895264762,0.694313455999715,0.694288197915933,0.261111678473756,0.261111365304641,2.52580837818095e-05,-3.13169115356282e-07,15,8,0.00759154573728047,0.0149685420299504,1.2,0.075
204,7,0.466666666666667,3,kalman-gm,0.00131654082423945,0.00260471597552601,0.000481181252494422,7.47148018004273e-05,9.81033716969122e-07,3.07579795276485e-17,0.299603125976288,0.216205837721884,0.864033337771797,0.533801005851824,0.533429151839298,0.240096863138432,0.240079251957052,0.000371854012525819,-1.76111813794516e-05,15,8,0.0103937715654888,0.0166862559536849,1.2,0.075
205,7,0.466666666666667,3,kalman-gm,0.00354672876560948,0.00223655169847019,0.00125974254369905,2.17059584615613e-05,4.16699934164586e-06,1.53789897638242e-17,1.80254143335252,2.13760376241348,1.42331524127212,0.136995243919555,0.136852986513491,0.296450525700453,0.29645696044325,0.000142257406063423,6.43474279676204e-06,15,8,0.0136323653824275,0.0178001413364948,1.2,0.075
206,7,0.466666666666667,3,kalman-gm,0.000136571338857631,7.05755777459984e-06,8.75221202616972e-05,1.77527475961734e-06,7.65008518028036e-07,6.15159590552969e-17,0.048464782740895,0.460964782863698,0.681388121876231,0.72361969022792,0.72370417992125,0.302162977540476,0.302162441118169,-8.44896933289929e-05,-5.36422307318429e-07,15,8,0.00603754189175088,0.012923383656303,1.2,0.075
207,7,0.466666666666667,3,kalman-gm,0.00156543032702347,0.00346939025661456,0.000629870278045411,0.000199257624913175,5.58769698120934e-06,1.53789897638242e-17,0.191318127914741,0.600071115870661,0.927215428105222,0.623359293638833,0.624322797335807,0.298332136200445,0.298272691247551,-0.000963503696974255,-5.94449528945745e-05,15,8,0.0253792091166551,0.0135314953210486,1.2,0.075
208,7,0.466666666666667,3,kalman-gm,3.10307490375337e-05,3.1559370715371e-05,2.34332937359874e-05,5.96164989286838e-06,1.95608438724109e-07,3.07579795276485e-17,0.150545437444527,0.308935749627176,0.808234866688513,0.644415252193399,0.644414074608642,0.190835332843205,0.190836470536647,1.1775847563289e-06,1.1376934416002e-06,15,8,0.00896471057449227,0.0152794464213675,1.2,0.075
209,7,0.466666666666667,3,kalman-gm,0.002618116233211,5.76436328790197e-05,0.000742919896649011,1.01284059293586e-05,5.95245823025818e-06,3.07579795276485e-17,0.206874185722237,0.617659810512803,1.49787956817811,0.45309531219948,0.451909148540493,0.315831528002895,0.315834726872816,0.00118616365898695,3.1988699209029e-06,15,8,0.0221400855688953,0.0136470370227091,1.2,0.075
210,7,0.466666666666667,3,kalman-gm,0.000837856465021839,0.000923297958085277,0.000862159722338803,0.000389511524188234,3.09838705339167e-05,4.61369692914727e-17,0.097274945338033,0.456220766443577,0.505137905463191,0.917012090141554,0.916285766417064,0.128586127536565,0.128605558971851,0.000726323724489497,1.9431435285274e-05,15,8,0.0906571650131157,0.123632694851274,1.2,0.075
211,7,0.466666666666667,3,kalman-gm,0.000175053769938558,0.000251365794164463,0.000161504568426029,1.98840466483166e-05,9.66294365374849e-07,7.68949488191212e-17,0.0549434048299669,0.246682270601131,1.04187503379123,0.525657698099271,0.525668136855199,0.223211936444947,0.223216374801504,-1.04387559273444e-05,4.43835655673241e-06,15,8,0.00906327104066715,0.0179642026888942,1.2,0.075
212,7,0.466666666666667,3,kalman-gm,0.000385842245364994,0.001462330697272,0.000160699546775139,3.20115792371807e-05,8.70937973797092e-07,3.07579795276485e-17,1.4763727940254,1.66570333496156,1.28406260574962,0.259447564694493,0.259351779499274,0.272627447831763,0.272619249950161,9.57851952191835e-05,-8.19788160228985e-06,15,8,0.0212306757567056,0.013773889437507,1.2,0.075
213,7,0.466666666666667,3,kalman-gm,0.000102451252731195,5.1111148127943e-05,9.85465731303971e-05,9.19192981313895e-06,8.75935524349905e-07,0,0.4764442111089,0.826820409273898,0.426481245860089,0.877901008849271,0.877814799590363,0.100411852506158,0.100412694332914,8.62092589077101e-05,8.41826756110692e-07,15,8,0.0142197147508641,0.0251534766195927,1.2,0.075
214,7,0.466666666666667,3,kalman-gm,0.000145749354272074,0.000461101307964483,0.000184350787313923,0.000140602293746554,8.21349465805029e-07,6.15159590552969e-17,0.346680985952739,0.803559594132515,0.795148869551606,0.681762959680289,0.681784196548644,0.165529707108047,0.16555298096455,-2.12368683542463e-05,2.32738565025867e-05,15,8,0.0095925437781947,0.0174557289017514,1.2,0.075
215,7,0.466666666666667,3,kalman-gm,6.31014539900928e-07,2.41173105619811e-07,1.05241186315434e-06,6.03677901237996e-08,2.39121458897628e-09,3.07579795276485e-17,0.367494159960862,0.814360577528895,0.803431249354557,0.671851603400335,0.671851179452205,0.265000055317202,0.26500007131467,4.23948130401364e-07,1.59974677221841e-08,15,8,0.00809128322701151,0.0153179527689691,1.2,0.075
216,7,0.466666666666667,3,kalman-gm,0.00460467721113862,0.00189615071981303,0.000331197174884092,5.19964907806106e-05,2.72186343630956e-06,4.61369692914727e-17,0.211908863979696,0.399497609924405,1.5889555765951,0.156581993778038,0.155917638463208,0.216106548354719,0.216117785136868,0.000664355314830009,1.12367821491557e-05,15,8,0.0242561076386777,0.0219528589232736,1.2,0.075
217,7,0.466666666666667,3,kalman-gm,0.000608832086792935,0.000143168434943792,0.000603062147514287,2.2312449397773e-06,1.19565144410661e-07,6.15159590552969e-17,0.87387807644569,0.527314718877629,1.86671669088751,0.558761089332419,0.55902854388851,0.318922478952306,0.318921796985704,-0.000267454556091329,-6.81966602401052e-07,15,8,0.00587196203094206,0.011641236675568,1.2,0.075
218,7,0.466666666666667,3,kalman-gm,0.000632169394569568,0.000250932855613061,0.000181768510995972,1.05568651601398e-06,4.40422739083822e-08,9.22739385829454e-17,1.28274126390108,1.57699577942602,1.52161131548538,0.146218936441215,0.146306536661621,0.292320984446793,0.292320677968887,-8.76002204062865e-05,-3.06477905767655e-07,15,8,0.0199195384336643,0.0138114212446885,1.2,0.075
219,7,0.466666666666667,3,kalman-gm,0.000652863121003577,0.0033557441990103,0.000428986277632914,0.00011978520156385,1.18055712197464e-06,7.68949488191212e-17,0.217918083640697,0.654678570292481,1.37460830679522,0.461157313678703,0.461454267288111,0.372060742316786,0.372016174945773,-0.000296953609408385,-4.45673710124117e-05,15,8,0.0672830966552826,0.0153658643427748,1.2,0.075
220,7,0.466666666666667,3,kalman-gm,0.000218872232155411,0.000151515155265757,0.000300226649900691,7.8585074186721e-06,1.07045964875946e-06,6.15159590552969e-17,0.231035814848848,0.222370538802,1.44954440968068,0.586445663686348,0.586494181599962,0.295769837435661,0.2957675131262,-4.85179136134772e-05,-2.32430946170759e-06,15,8,0.00908312232561503,0.0143973440099874,1.2,0.075
221,7,0.466666666666667,3,kalman-gm,5.67137733495456e-05,2.2380741629847e-05,4.0071205762884e-05,6.42445696403459e-07,1.39829432464437e-07,3.07579795276485e-17,0.77320275798461,1.23465972885063,0.689253849595942,0.738015782065594,0.738052545753621,0.283026254787943,0.283026432648994,-3.67636880261313e-05,1.7786105105333e-07,15,8,0.0182988246648205,0.0139544030591248,1.2,0.075
222,7,0.466666666666667,3,kalman-gm,7.8081083527989e-05,4.06128933561858e-05,7.97696268586646e-05,6.73474741823669e-06,7.21692835447126e-07,1.53789897638242e-17,0.480581190969749,0.8144457896571,0.893403607365697,0.801946616316538,0.80188969724942,0.127610715870478,0.127609858880793,5.69190671172337e-05,-8.56989684789866e-07,15,8,0.0104771831274645,0.0139079542404243,1.2,0.075
223,7,0.466666666666667,3,kalman-gm,0.00163515326443271,0.000459985908750882,0.000295957803822612,0.000106709873267597,6.30185565254532e-06,1.53789897638242e-17,0.829045824959787,0.685355482879394,1.29897393674171,0.632060586432679,0.633086876615827,0.201791595977773,0.201813129133407,-0.00102629018314861,2.15331556332543e-05,15,8,0.0868481581836298,0.127355122871026,1.2,0.075
224,7,0.466666666666667,3,kalman-gm,3.66919918409674e-05,3.0089395164621e-05,3.48305336659728e-05,6.00732608291181e-06,5.93680116362042e-07,3.07579795276485e-17,0.0187227794996497,0.393875678300241,0.595967560359845,0.760689061416779,0.760714357480514,0.244656261056251,0.244657730786189,-2.52960637343036e-05,1.4697299383909e-06,15,8,0.00605638990268229,0.0127310520940904,1.2,0.075
225,7,0.466666666666667,3,kalman-gm,0.00039436446232796,0.000242830807955394,0.000512438264243523,2.63856646595755e-05,9.18730714359579e-07,6.15159590552969e-17,0.254122715121067,0.659869197115598,0.635467468414166,0.725609222550927,0.725576151019472,0.172023192714899,0.172027731661176,3.30715314549423e-05,4.53894627664486e-06,15,8,0.0117075460038639,0.0175553373071775,1.2,0.075
226,7,0.466666666666667,3,kalman-gm,5.12934471508098e-06,0.000362406968950843,4.17844676012907e-06,0.000101965292811473,8.10920983369669e-08,4.61369692914727e-17,0.137377153936156,0.531606843142922,0.474958643622082,0.837273536419524,0.837270786108991,0.168594883550908,0.168577694230849,2.7503105333615e-06,-1.71893200589363e-05,15,8,0.0126143351460854,0.0174044400483488,1.2,0.075
227,7,0.466666666666667,3,kalman-gm,0.00102747751317552,0.0033746622928069,0.000548826744619688,0.000445809471036733,7.11318017643775e-06,1.53789897638242e-17,0.122647104022461,0.218710845724628,2.06382156978104,0.308218127530065,0.30802828099572,0.240225951759146,0.240118856754663,0.00018984653434449,-0.000107095004483041,15,8,0.0518876065986418,0.0161599288638665,1.2,0.075
228,7,0.466666666666667,3,kalman-gm,0.000100387936107145,0.000334368525573426,0.000108171491675343,7.31261074661833e-05,1.29923346514249e-06,6.15159590552969e-17,0.0470765973386508,0.157306543135034,0.736287955631221,0.742183906208832,0.742162538543949,0.161290663230163,0.161302457788535,2.13676648834205e-05,1.17945583726609e-05,15,8,0.0162294325184406,0.0245893101816468,1.2,0.075
229,7,0.466666666666667,3,kalman-gm,0.00119274946836892,0.00133651397686474,9.61670559803733e-05,1.0837543568884e-05,1.25516558883286e-06,4.61369692914727e-17,0.676013563005016,0.374020094007645,1.64462219352289,0.0990911771698831,0.0991982624311558,0.227882831395344,0.227885301085458,-0.000107085261272667,2.46969011384768e-06,15,8,0.0220851144239398,0.0186723471423846,1.2,0.075
230,7,0.466666666666667,3,kalman-gm,0.00179012565159771,0.000396993446208135,0.00257150801822766,3.96867274240842e-05,4.97005428046455e-06,1.53789897638242e-17,0.232943542913016,0.644776208695828,1.03109154413463,0.498399411226855,0.498061896585572,0.106980165891947,0.10698441158463,0.000337514641282088,4.245692683537e-06,15,8,0.0216402345181232,0.0324420949083963,1.2,0.075
201,7,0.466666666666667,3,mean,3.97959144407044e-05,0.000298932397603304,0.000106387569441059,0.000123591777884716,4.05085623547454e-07,4.61369692914727e-17,0.255571508046994,0.66609058911779,0.820343882719735,0.620693149044389,0.620716653128885,0.258778912046596,0.258746929100777,-2.35040844962175e-05,-3.19829458189114e-05,15,8,0.0124776669884271,0.0258853213150436,1.2,0.075
202,7,0.466666666666667,3,mean,0.00372625807612809,0.00412884410349036,9.89379153207247e-05,5.56631467365958e-05,5.93314121635541e-06,6.15159590552969e-17,0.9549104463576,1.09243495248592,1.40384141568916,0.17626288281515,0.176919683805762,0.249674859863663,0.249688757552024,-0.000656800990611572,1.38976883610301e-05,15,8,0.0329190896983733,0.0273822504283685,1.2,0.075
203,7,0.466666666666667,3,mean,8.94444293849278e-05,0.000323271332898448,9.85699683301784e-05,2.57800956840008e-05,6.81941561849293e-07,1.53789897638242e-17,1.13017563177975,1.8402268894929,0.570092051021171,0.694313455999715,0.694319852326842,0.261111678473756,0.261104946989701,-6.39632712654548e-06,-6.73148405526347e-06,15,8,0.0114306923934618,0.0241252964027918,1.2,0.075
204,7,0.466666666666667,3,mean,0.000684938830115648,0.000326007489497365,0.000391060844628122,4.30983452040036e-06,1.28499688290222e-06,6.15159590552969e-17,0.299334683329296,0.216034944871421,0.863989136542203,0.533801005851824,0.533435384815361,0.240096863138432,0.240097732900424,0.000365621036462704,8.69761992571827e-07,15,8,0.0118581374076157,0.0253309406293498,1.2,0.075
205,7,0.466666666666667,3,mean,0.00371964499649044,0.0026549665752532,0.000883307204623619,9.06362365545152e-06,7.64884150231285e-07,1.53789897638242e-17,1.80254143335198,2.13761654942078,1.42277997381341,0.136995243919555,0.137293240629873,0.296450525700453,0.296449655762676,-0.000297996710318149,-8.69937776662999e-07,15,8,0.0152445743917248,0.0221506229852988,1.2,0.075
206,7,0.466666666666667,3,mean,0.000337978291460136,3.36019407115992e-05,0.000203296107366706,3.54999059579496e-06,1.19677026445731e-06,4.61369692914727e-17,0.0484647827134551,0.460964782863193,0.681328457610019,0.72361969022792,0.723776028420498,0.302162977540476,0.302161904864748,-0.000156338192577821,-1.07267572866609e-06,15,8,0.00951634897192632,0.0214366580198169,1.2,0.075
207,7,0.466666666666667,3,mean,0.00163791155784382,0.00332771947908633,0.000706849983916951,0.000209657462549553,5.78129085966966e-06,1.53789897638242e-17,0.191318191866608,0.600071145239947,0.92719393607866,0.623359293638833,0.624344830684013,0.298332136200445,0.298269588641772,-0.000985537045180185,-6.25475586727731e-05,15,8,0.0296511927830697,0.0227974117066596,1.2,0.075
208,7,0.466666666666667,3,mean,5.68235462969341e-05,3.03933826944521e-05,4.28479452896293e-05,8.41719160872783e-07,3.85956357594193e-07,3.07579795276485e-17,0.150451489714884,0.308939163677254,0.808184852798444,0.644415252193399,0.644425854228143,0.190835332843205,0.190835264015108,-1.0602034744378e-05,-6.88280971961053e-08,15,8,0.0131999452539291,0.0257130642328547,1.2,0.075
209,7,0.466666666666667,3,mean,0.000132060576397698,1.0603995582289e-05,0.000186935641094997,1.81703933418588e-06,4.99076096981617e-07,1.53789897638242e-17,0.206874232677674,0.61766126590205,1.49956132575273,0.45309531219948,0.453035672678073,0.315831528002895,0.315830954124586,5.96395214076229e-05,-5.7387830935729e-07,15,8,0.0217228352612385,0.0241627868277008,1.2,0.075
210,7,0.466666666666667,3,mean,0.000682133735055315,0.00087606123818969,0.000977502806543959,0.000476595089959498,2.60182401705631e-05,9.22739385829454e-17,0.096278699725575,0.45630343256795,0.506761780912097,0.917012090141554,0.916386565259415,0.128586127536565,0.128647411053586,0.000625524882139139,6.12835170208328e-05,15,8,0.0822218037672095,0.0548675777406134,1.2,0.075
211,7,0.466666666666667,3,mean,0.000189595893822012,0.00109641630105436,0.000199755051725096,2.92085581460603e-05,5.43352682019724e-07,1.0765292834677e-16,0.0559092636071942,0.246546176924262,1.04192591521825,0.525657698099271,0.525640384092841,0.223211936444947,0.223218449356099,1.73140064301691e-05,6.51291115127128e-06,15,8,0.0136515585457429,0.0255616693370007,1.2,0.075
212,7,0.466666666666667,3,mean,0.000254175841834229,0.00132578455795574,5.35573991029566e-05,2.52803233723582e-05,5.36196326927538e-07,9.22739385829454e-17,1.47637270912452,1.66579576700385,1.2840192804623,0.259447564694493,0.259393037106168,0.272627447831763,0.272621169982444,5.45275883248097e-05,-6.27784931900188e-06,15,8,0.0181745891891057,0.0249344473745197,1.2,0.075
213,7,0.466666666666667,3,mean,9.0858198213512e-05,4.66183304235847e-05,6.08036506522065e-05,8.59654375567861e-06,6.40277354443716e-07,0,0.476187311864822,0.826774735647263,0.426368020747883,0.877901008849271,0.877865084735461,0.100411852506158,0.100412486419227,3.59241138096711e-05,6.33913068785741e-07,15,8,0.0169316380523779,0.029058725174165,1.2,0.075
214,7,0.466666666666667,3,mean,0.000218390861680067,0.000452997049887484,0.000341772921625036,0.000138660509794627,9.66391830983048e-07,4.61369692914727e-17,0.346672478402559,0.803536785229886,0.794958861773346,0.681762959680289,0.681839036236804,0.165529707108047,0.165552658812992,-7.60765565145816e-05,2.29517049450953e-05,15,8,0.0125048461586787,0.0260895789527851,1.2,0.075
215,7,0.466666666666667,3,mean,1.35390075634635e-06,1.7450125809235e-06,3.13331743057093e-06,6.68816360086847e-07,1.47302963766286e-08,4.61369692914727e-17,0.36745122064304,0.814330075548314,0.803424813125589,0.671851603400335,0.671851221346785,0.265000055317202,0.265000232553575,3.82053550496142e-07,1.77236372420064e-07,15,8,0.0127162453395991,0.0268664946353823,1.2,0.075
216,7,0.466666666666667,3,mean,0.00772146813507123,0.00313785057859206,0.000868723389941537,8.35857665123277e-05,3.80921646577887e-06,7.68949488191212e-17,0.211146184560792,0.39966050231688,1.58927824325754,0.156581993778038,0.155607157163432,0.216106548354719,0.216124611786212,0.000974836614606223,1.80634314925626e-05,15,8,0.0376034257062773,0.0253992860793202,1.2,0.075
217,7,0.466666666666667,3,mean,0.00058048424240199,0.000125883640319697,0.000570150113551213,6.96988140911954e-06,3.12127822991169e-07,1.53789897638242e-17,0.874311903288867,0.527747037799336,1.86699384327006,0.558761089332419,0.558932613402661,0.318922478952306,0.318920256100449,-0.000171524070241769,-2.222851857e-06,15,8,0.0109286363428652,0.0233527485037408,1.2,0.075
218,7,0.466666666666667,3,mean,0.00102559050696179,0.000534739586667615,0.000312708600730114,1.12742102435277e-06,1.25964042444486e-07,4.61369692914727e-17,1.27999040181427,1.57583474677342,1.52161220629957,0.146218936441215,0.146202420521704,0.292320984446793,0.292320659423943,1.65159195113312e-05,-3.2502284970537e-07,15,8,0.0234851005754506,0.0219951401511123,1.2,0.075
219,7,0.466666666666667,3,mean,0.00103534001026797,0.00375893697079885,0.000565860266943132,0.000135596741857112,1.18187413829713e-06,7.68949488191212e-17,0.217159602112958,0.654514908903288,1.3744470570453,0.461157313678703,0.461634768296582,0.372060742316786,0.372010292092355,-0.000477454617879258,-5.04502244310945e-05,15,8,0.0761395957573873,0.0274829409553661,1.2,0.075
220,7,0.466666666666667,3,mean,0.000227251003701773,0.000115773563594208,0.000330810544867235,1.37725732497573e-06,1.32275465900035e-06,4.61369692914727e-17,0.232581056091393,0.222370574723488,1.45061627559626,0.586445663686348,0.586485552052932,0.295769837435661,0.295769430084486,-3.98883665833183e-05,-4.07351175115145e-07,15,8,0.0114720687580554,0.0242598845207217,1.2,0.075
221,7,0.466666666666667,3,mean,0.000230456679967919,9.61714647178255e-05,0.000236735800601519,5.85375264364855e-06,7.90225052303572e-07,3.07579795276485e-17,0.773238699617017,1.23457739955033,0.689085546680904,0.738015782065594,0.738183803017978,0.283026254787943,0.283024598022256,-0.000168020952383596,-1.65676568718687e-06,15,8,0.0231452667633273,0.025256686633206,1.2,0.075
222,7,0.466666666666667,3,mean,0.000103615822728254,7.79906566667202e-05,0.000112698297378325,2.70678470741599e-05,1.02406892069611e-06,3.07579795276485e-17,0.480581190969749,0.814433373988956,0.893600753624523,0.801946616316538,0.801869210389256,0.127610715870478,0.127607261723136,7.74059272816374e-05,-3.45414734220617e-06,15,8,0.0124001115515464,0.0261058866414663,1.2,0.075
223,7,0.466666666666667,3,mean,0.00139653237340847,0.000360804773747654,0.000341417613823204,0.000211738788617701,1.38208583026202e-05,3.07579795276485e-17,0.829043019381535,0.684093181899644,1.2981345377004,0.632060586432679,0.632936143054845,0.201791595977773,0.201834323085859,-0.000875556622166451,4.27271080855662e-05,15,8,0.112320427191496,0.0526760498732899,1.2,0.075
224,7,0.466666666666667,3,mean,2.36565767475411e-05,1.22475081727582e-05,2.2758102318334e-05,4.02448584086673e-07,5.18171246360335e-07,1.53789897638242e-17,0.0187231106271654,0.393877022056419,0.595983845033831,0.760689061416779,0.760705594531798,0.244656261056251,0.244656284398502,-1.65331150183468e-05,2.33422510670378e-08,15,8,0.00935958871353809,0.021191218839947,1.2,0.075
225,7,0.466666666666667,3,mean,0.000300731349913982,0.000193746511680533,0.000387299963105447,5.35721766102442e-06,7.53085800245018e-07,6.15159590552969e-17,0.254106226396798,0.659866785082599,0.635401515269157,0.725609222550927,0.725626660776867,0.172023192714899,0.172023527425369,-1.74382259393036e-05,3.34710470497324e-07,15,8,0.0123889679208418,0.0263719648370584,1.2,0.075
226,7,0.466666666666667,3,mean,7.25215017263677e-06,0.000407936744796594,5.87039342387543e-06,0.000134965487794647,4.95781795857412e-08,4.61369692914727e-17,0.137377169404505,0.531600559974827,0.474941512307521,0.837273536419524,0.837277148517234,0.168594883550908,0.16857212906021,-3.61209770913806e-06,-2.275449069813e-05,15,8,0.0144988609626469,0.0271611679027606,1.2,0.075
227,7,0.466666666666667,3,mean,0.00196877431566252,0.00250700047440645,0.000546890757235762,0.000199785898829244,4.58844765844637e-06,6.15159590552969e-17,0.129767151167752,0.218415936491546,2.06520857544994,0.308218127530065,0.307692670114059,0.240225951759146,0.240177958001452,0.000525457416005376,-4.79937576943115e-05,15,8,0.0552265118170665,0.0265552931193134,1.2,0.075
228,7,0.466666666666667,3,mean,0.000129894891301092,9.69425601350658e-05,0.000123297511827868,3.80636576012038e-05,2.5542040719099e-06,7.68949488191212e-17,0.0469791806333635,0.157300007627745,0.73614895521159,0.742183906208832,0.742262845642502,0.161290663230163,0.161284523917583,-7.893943367e-05,-6.13931257946398e-06,15,8,0.0182730211137014,0.0296502544777644,1.2,0.075
229,7,0.466666666666667,3,mean,0.000812347282403938,0.00504158381491059,6.1551507499894e-05,0.000138959007651865,2.13588447590499e-07,1.53789897638242e-17,0.676013568265586,0.37392787925699,1.64472604255043,0.0990911771698831,0.0990293050884774,0.227882831395344,0.227914497767456,6.18720814057519e-05,3.16663721115942e-05,15,8,0.0341675455177933,0.0265580895434505,1.2,0.075
230,7,0.466666666666667,3,mean,0.00211502933712612,0.000359618346916242,0.00311916645228545,4.05850877969561e-05,6.03161208421533e-06,3.07579795276485e-17,0.232943542913016,0.64475728154793,1.03129899806269,0.498399411226855,0.497887637841762,0.106980165891947,0.106984507691372,0.000511773385092512,4.34179942525759e-06,15,8,0.0176882747340298,0.029125072440794,1.2,0.075
201,7,0.466666666666667,3,none,0.000699582069076314,0.00218012218945991,0.000945329923936634,0.000428563185673307,2.26835315301339e-05,0.466666666666666,0.262185699028661,0.676489532325595,0.820143779588339,0.620693149044389,0.620598710136476,0.258778912046596,0.258668008931665,9.44389079126751e-05,-0.000110903114931762,8,8,NaN,NaN,1.2,0.075
202,7,0.466666666666667,3,none,0.0423400224357726,0.0651111226742036,0.00300206489993462,0.00104262498570918,5.59961587167131e-05,0.466666666666666,0.954882723478086,1.0915798768607,1.39478708553853,0.17626288281515,0.183725857228137,0.249674859863663,0.24993517711086,-0.00746297441298742,0.000260317247197294,8,8,NaN,NaN,1.2,0.075
203,7,0.466666666666667,3,none,0.00252339444831767,0.00928589877671816,0.00356428340331075,0.000644575051342844,5.92717343215949e-05,0.466666666666666,1.11146002883131,1.75890947285348,0.56848897014492,0.694313455999715,0.696037619058908,0.261111678473756,0.261279984547314,-0.00172416305919232,0.000168306073558437,8,8,NaN,NaN,1.2,0.075
204,7,0.466666666666667,3,none,0.016676531659698,0.0204084157826552,0.0110951805166717,0.000889909109033061,6.00879120536929e-05,0.466666666666666,0.289117631826761,0.218095889134558,0.851818448891613,0.533801005851824,0.54270295522589,0.240096863138432,0.240310527523989,-0.00890194937406658,0.000213664385557154,8,8,NaN,NaN,1.2,0.075
205,7,0.466666666666667,3,none,0.0182535708559465,0.00603156504841711,0.00440712958662407,0.000223306048577012,2.64925690947382e-05,0.466666666666666,1.8138299401283,2.14575709395263,1.42172559414977,0.136995243919555,0.139495896311368,0.296450525700453,0.29638432650496,-0.00250065239181326,-6.6199195492746e-05,8,8,NaN,NaN,1.2,0.075
206,7,0.466666666666667,3,none,0.00664536295708494,0.00814220346061479,0.00239844404881955,0.0012172887970894,4.58583340411938e-05,0.466666666666666,0.0460644850620098,0.438934869992368,0.68714335504901,0.72361969022792,0.718810974743463,0.302162977540476,0.302530797147931,0.0048087154844579,0.000367819607455197,8,8,NaN,NaN,1.2,0.075
207,7,0.466666666666667,3,none,0.00236647219684482,0.00419813161917185,0.000914578473935264,0.000333234663906109,4.73807300621274e-06,0.466666666666666,0.191074250702632,0.600051268914584,0.92250506495549,0.623359293638833,0.62474921257629,0.298332136200445,0.298232721591306,-0.0013899189374572,-9.94146091391468e-05,8,8,NaN,NaN,1.2,0.075
208,7,0.466666666666667,3,none,0.00306720575209951,0.00245347962088437,0.00144811874691946,0.0028886455849796,0.000152394619758095,0.466666666666666,0.141983099778883,0.307625104677397,0.799196418019062,0.644415252193399,0.642739027420985,0.190835332843205,0.191386588484881,0.00167622477241387,0.000551255641675638,8,8,NaN,NaN,1.2,0.075
209,7,0.466666666666667,3,none,0.00692355355330291,0.06316817281758,0.006449028425338,0.000868583082477801,1.95216520651168e-05,0.466666666666666,0.220408830284359,0.648907184229791,1.48838953317137,0.45309531219948,0.456232341858244,0.315831528002895,0.315564182460408,-0.0031370296587636,-0.00026734554248751,8,8,NaN,NaN,1.2,0.075
210,7,0.466666666666667,3,none,0.00297443010954699,0.00321360708482343,0.00321089302125719,0.000845568739606765,0.000255963348993172,0.466666666666667,0.132386834539288,0.455889069748041,0.475410651808945,0.917012090141554,0.919689231055414,0.128586127536565,0.128628046101439,-0.00267714091386029,4.19185648738773e-05,8,8,NaN,NaN,1.2,0.075
211,7,0.466666666666667,3,none,0.00221229967652608,0.0424089128034971,0.00320240665139087,0.000980893765444978,1.47745228084225e-05,0.466666666666666,0.0622949709258692,0.230756751645124,1.04109366885364,0.525657698099271,0.525123961449098,0.223211936444947,0.223430883641779,0.000533736650173799,0.000218947196831749,8,8,NaN,NaN,1.2,0.075
212,7,0.466666666666667,3,none,0.00319258010638331,0.0133818857762348,0.00341550154204827,0.00118750709124016,4.73005331791102e-05,0.466666666666666,1.49752273196185,1.67614742841405,1.28018733821986,0.259447564694493,0.260255008699431,0.272627447831763,0.27295119485933,-0.000807444004937613,0.000323747027566926,8,8,NaN,NaN,1.2,0.075
213,7,0.466666666666667,3,none,0.000747009566029477,0.00159797117545435,0.00103443848192717,0.00182257158080241,0.000135268614064334,0.466666666666666,0.466002651757186,0.825992299056094,0.423315211090424,0.877901008849271,0.878024061297921,0.100411852506158,0.100594860294912,-0.000123052448649541,0.000183007788753447,8,8,NaN,NaN,1.2,0.075
214,7,0.466666666666667,3,none,0.0034464873550664,0.00200967783212898,0.000990383070989528,0.00141544129605758,0.000123406764554867,0.466666666666666,0.329722957403249,0.799508778020379,0.792612167954372,0.681762959680289,0.68411264709998,0.165529707108047,0.165764004691212,-0.00234968741969076,0.000234297583165046,8,8,NaN,NaN,1.2,0.075
215,7,0.466666666666667,3,none,0.00167554322585403,0.00534727735572573,0.00191783331686328,0.000243237178897402,9.98301865196163e-06,0.466666666666666,0.345401414091708,0.790476270578742,0.798967982269127,0.671851603400335,0.671075995668637,0.265000055317202,0.264936630435391,0.000775607731697991,-6.34248818112598e-05,8,8,NaN,NaN,1.2,0.075
216,7,0.466666666666667,3,none,0.0343142650011768,0.0343021175812363,0.00291565459927189,0.000838446676797003,6.26094393540377e-05,0.466666666666666,0.202529680293689,0.390173971392933,1.59237485824523,0.156581993778038,0.151208997749126,0.216106548354719,0.216287742172021,0.00537299602891221,0.000181193817302085,8,8,NaN,NaN,1.2,0.075
217,7,0.466666666666667,3,none,0.00755603474392252,0.0110143544556524,0.00509227230119522,0.00013023103898196,9.73419154583458e-06,0.466666666666666,0.86832480926697,0.516682176182899,1.865734163359,0.558761089332419,0.562885970271842,0.318922478952306,0.318881468881707,-0.00412488093942309,-4.10100705998723e-05,8,8,NaN,NaN,1.2,0.075
218,7,0.466666666666667,3,none,0.0158832904435051,0.0141431788321683,0.00247563413756121,0.000176236766884307,1.38800989383793e-05,0.466666666666666,1.18266336881249,1.4774005433042,1.52841496013715,0.146218936441215,0.144052476994909,0.292320984446793,0.292372502151984,0.00216645944630598,5.15177051913407e-05,8,8,NaN,NaN,1.2,0.075
219,7,0.466666666666667,3,none,0.00395814584932983,0.0103780653434918,0.00342612689860487,0.000582503377880261,1.63662934995502e-05,0.466666666666666,0.215935203432654,0.637726719192548,1.37737612141427,0.461157313678703,0.459331985771677,0.372060742316786,0.37184401567761,0.00182532790702545,-0.000216726639176165,8,8,NaN,NaN,1.2,0.075
220,7,0.466666666666667,3,none,0.00206902437206252,0.0137611072560042,0.00176077354740003,0.000126050708545161,1.12216119113779e-05,0.466666666666666,0.213806252167885,0.246007386608521,1.43650114599789,0.586445663686348,0.586639896190436,0.295769837435661,0.29574176298889,-0.00019423250408751,-2.80744467707877e-05,8,8,NaN,NaN,1.2,0.075
221,7,0.466666666666667,3,none,0.00240201785231936,0.00402775027221226,0.00104220264403683,0.000189705133580187,1.72535586790523e-05,0.466666666666666,0.757870005352022,1.18489279996943,0.684506729584099,0.738015782065594,0.739737432845014,0.283026254787943,0.283044955451203,-0.00172165077941915,1.87006632598413e-05,8,8,NaN,NaN,1.2,0.075
222,7,0.466666666666667,3,none,0.000483527269267485,0.0024046342007247,0.0018307022018929,0.00312361291279935,0.000207511815566461,0.466666666666666,0.47430379850952,0.813533554295805,0.876879112266651,0.801946616316538,0.801700254536465,0.127610715870478,0.128009322350383,0.000246361780072324,0.000398606479904594,8,8,NaN,NaN,1.2,0.075
223,7,0.466666666666667,3,none,0.00265660510144621,0.00784567781779877,0.00274006808194889,0.000127424776231389,1.31499046778288e-05,0.466666666666666,0.829051565369835,0.682769037025376,1.29794260999082,0.632060586432679,0.630831745654818,0.201791595977773,0.201783513512118,0.00122884077786042,-8.08246565534132e-06,8,8,NaN,NaN,1.2,0.075
224,7,0.466666666666667,3,none,0.00141651773003418,0.00193582658979112,0.000995881664760219,0.000481911692451387,2.86764829604962e-05,0.466666666666666,0.0142850337656463,0.37274975530364,0.599183187604268,0.760689061416779,0.759903400502574,0.244656261056251,0.244538358343417,0.000785660914205,-0.000117902712834446,8,8,NaN,NaN,1.2,0.075
225,7,0.466666666666667,3,none,0.00117440107570422,0.00478377078598747,0.00289305146127907,0.000291356200824808,8.82574433208846e-06,0.466666666666666,0.246451257400957,0.654380466602724,0.634500677669661,0.725609222550927,0.725642049033721,0.172023192714899,0.172073312738782,-3.28264827940017e-05,5.01200238831667e-05,8,8,NaN,NaN,1.2,0.075
226,7,0.466666666666667,3,none,0.000847708505404457,0.00925832706482268,0.00113365334944732,0.000932987768978512,5.33000767884873e-05,0.466666666666666,0.135268818641349,0.504971585900353,0.479963787418941,0.837273536419524,0.836839499921684,0.168594883550908,0.168752180515173,0.000434036497840329,0.000157296964265354,8,8,NaN,NaN,1.2,0.075
227,7,0.466666666666667,3,none,0.00147455493043752,0.0275059600851824,0.00645732270371682,0.00340949050173248,4.1236070984947e-05,0.466666666666666,0.160936927093936,0.15258241005926,2.06832662311991,0.308218127530065,0.30855025771799,0.240225951759146,0.241044999859939,-0.000332130187925816,0.000819048100792452,8,8,NaN,NaN,1.2,0.075
228,7,0.466666666666667,3,none,0.00394029139396063,0.00794309373592363,0.00765448349235774,0.00223127205576042,0.000249140160074989,0.466666666666666,0.0250675157060324,0.14839850458874,0.728235787006715,0.742183906208832,0.745108327067203,0.161290663230163,0.161649002526845,-0.00292442085837075,0.000358339296682273,8,8,NaN,NaN,1.2,0.075
229,7,0.466666666666667,3,none,0.0568018993246037,0.215702607399068,0.0118094417073568,0.00446333172436039,5.7528360337181e-05,0.466666666666666,0.676382747507624,0.36952478771377,1.64979680278059,0.0990911771698831,0.0934626101003229,0.227882831395344,0.228899948066148,0.00562856706956017,0.00101711667080391,8,8,NaN,NaN,1.2,0.075
230,7,0.466666666666667,3,none,0.00270380627673211,0.00726638532636693,0.0033332967274027,0.00117240460573085,0.000166507390310404,0.466666666666666,0.232943542913027,0.645781352861432,1.03453246309875,0.498399411226855,0.497668896513618,0.106980165891947,0.107100665900932,0.000730514713237063,0.00012050000898524,8,8,NaN,NaN,1.2,0.075
201,7,0.466666666666667,6,hold,0.000934811406025298,0.000499876294064202,0.00140879944741261,4.95091663166477e-05,1.87637742823933e-06,6.9205453937209e-17,0.293071483500863,0.735991836954552,0.819937774651747,0.619669905738535,0.62022849792682,0.257980404438362,0.257967654133012,-0.000558592188285661,-1.27503053497191e-05,15,8,0.0271771029409025,0.0375629659677328,1.2,0.15
202,7,0.466666666666667,6,hold,0.00675034446978755,0.0235515307651163,0.00100082149115271,0.000106498545208415,7.93697923683977e-06,9.22739385829454e-17,0.992410446160673,1.09624213754231,1.41477380723658,0.170303632416306,0.170907716714936,0.250357809507245,0.250384472249739,-0.000604084298629409,2.66627424940871e-05,15,8,0.0758876496724511,0.0882647609450093,1.2,0.15
203,7,0.466666666666667,6,hold,0.000275829261962522,0.000460450318815214,0.000157598869401169,9.64668581982382e-05,6.62656662542872e-06,4.61369692914727e-17,1.18080881748954,1.97170292178119,0.570432956741201,0.694831361493501,0.694661453726324,0.26282292600725,0.262848279709185,0.000169907767177074,2.53537019343875e-05,15,8,0.025397735244754,0.0510514664213995,1.2,0.15
204,7,0.466666666666667,6,hold,0.00444153701092504,0.00353765448435857,0.00203422331355362,0.000108274449836587,1.0909650560149e-05,6.15159590552969e-17,0.253120268359054,0.239994455826165,0.871178011317301,0.529232922627113,0.527152793816226,0.24116603027141,0.241179905842814,0.00208012881088718,1.38755714037742e-05,15,8,0.0426421232893646,0.082884978739173,1.2,0.15
205,7,0.466666666666667,6,hold,0.00657454480952784,0.00675447516694174,0.00500448422287496,0.000306574984173814,2.83003602964674e-05,4.61369692914727e-17,1.84004143335952,2.19498947106468,1.41987444661493,0.138313992330884,0.138646526774716,0.296187404006534,0.29627820765523,-0.00033253444383184,9.08036486957864e-05,15,8,0.0364251854693171,0.0702523381704703,1.2,0.15
206,7,0.466666666666667,6,hold,0.000121373554812415,9.30076283285004e-06,7.32707475059161e-05,4.49200740664454e-06,1.37155028127647e-06,4.61369692914727e-17,0.0859647826689325,0.535750405410847,0.671213023835631,0.730816175518362,0.730737112680691,0.303090070568099,0.303091432050941,7.90628376706404e-05,1.36148284187232e-06,15,8,0.0156675437482553,0.0329208509831289,1.2,0.15
207,7,0.466666666666667,6,hold,0.00148425284441464,0.00336619663082659,0.00083391907138069,0.000222962262550621,1.41338932340871e-05,1.53789897638242e-17,0.228822357185605,0.666640035537716,0.92644754518315,0.623915090092474,0.624700112288802,0.298159732371074,0.298093254002543,-0.000785022196328528,-6.64783685309422e-05,15,8,0.0545572905025997,0.0340434176006212,1.2,0.15
208,7,0.466666666666667,6,hold,0.000556974408102079,0.000735378133209762,0.000395736283265362,0.000195810916294227,8.10874323907935e-06,2.30684846457363e-17,0.116131490628087,0.379293067368794,0.810960409884256,0.647484045491922,0.647351468738349,0.189699177986297,0.189736323156159,0.00013257675357301,3.71451698617586e-05,15,8,0.034881900851784,0.065932667724788,1.2,0.15
209,7,0.466666666666667,6,hold,7.92866113171203e-05,1.44183054923378e-05,6.84261603428207e-05,5.97717573826254e-07,2.50502879487323e-07,0,0.244379211567622,0.687667859160184,1.49680377908107,0.451989620055829,0.451953783330504,0.317639695355088,0.31763950549626,3.58367253247394e-05,-1.89858828058553e-07,15,8,0.0309507713984055,0.0440065760478392,1.2,0.15
210,7,0.466666666666667,6,hold,0.00279213896308568,0.0020075922187445,0.00437532645754003,0.00224274390501691,0.000206680233232042,6.15159590552969e-17,0.084368136170191,0.498937615488825,0.552065723067987,0.916126108150963,0.913568156749294,0.128705980652668,0.128994635206316,0.00255795140166835,0.000288654553647994,15,8,0.143883436715421,0.193281451360136,1.2,0.15
211,7,0.466666666666667,6,hold,0.00246725543470858,0.0116527802128843,0.00202687239121529,0.000204591895030078,6.31666036804256e-06,9.22739385829454e-17,0.0358863710735059,0.3089847524824,1.04332917470392,0.525886913924451,0.524687196378576,0.223240579886201,0.223203832254963,0.00119971754587466,-3.67476312385359e-05,15,8,0.0353450794368594,0.0815662044433883,1.2,0.15
212,7,0.466666666666667,6,hold,0.00140373101461828,0.00331380090464353,0.000408038771595474,8.57725557128e-05,5.16023585955417e-06,3.84474744095606e-17,1.5264133749965,1.67852115319885,1.27147871471351,0.261334931329236,0.260990662465225,0.273468331842722,0.27349178792045,0.000344268864011499,2.34560777286663e-05,15,8,0.0257273209632354,0.0315168859748368,1.2,0.15
213,7,0.466666666666667,6,hold,0.000699433041999939,0.000681618048769299,0.000690315843762378,0.000255104157968341,6.35985886559074e-06,0,0.503207303386615,0.901691099243517,0.437398842995628,0.87541225150597,0.874815018892527,0.099987220540524,0.100012727696228,0.00059723261344255,2.55071557035852e-05,15,8,0.0570468677601809,0.104179477104504,1.2,0.15
214,7,0.466666666666667,6,hold,0.000302898810801031,0.000516139456230363,0.000667067121036542,0.000258567225520253,1.39881948894458e-05,8.45844437010333e-17,0.413659774063897,0.874550482177467,0.805400533370432,0.677496965498298,0.677390450921803,0.164646329192749,0.164688901337281,0.000106514576495181,4.25721445314634e-05,15,8,0.033305394221136,0.0692152895399516,1.2,0.15
215,7,0.466666666666667,6,hold,1.84291161707706e-05,1.39417271309597e-05,1.28442591498909e-05,1.59605558717031e-06,2.12540063822059e-07,4.61369692914727e-17,0.419725357467863,0.880799017252636,0.80381634293755,0.671400880245596,0.671391062131719,0.264174674618106,0.264174958351356,9.81811387675835e-06,2.83733250232565e-07,15,8,0.0219204268844898,0.0387734132517927,1.2,0.15
216,7,0.466666666666667,6,hold,0.00713789704555487,0.0152726343355239,0.00265989552683828,0.00015428512519442,1.62026859665677e-06,6.15159590552969e-17,0.200175422558024,0.47138361544148,1.58309240556775,0.163759311983133,0.162746431776234,0.218317963952119,0.218351637036148,0.00101288020689823,3.36730840287289e-05,15,8,0.0405889306478415,0.0942275816089158,1.2,0.15
217,7,0.466666666666667,6,hold,0.000226090674879255,9.16831704632303e-05,0.000220571735585891,1.54049395131443e-06,1.06879512953281e-07,6.15159590552969e-17,0.844983473668688,0.466090655329355,1.87382828817613,0.553435616137662,0.553384512058928,0.318752576091467,0.318753050792964,5.11040787341932e-05,4.74701496528396e-07,15,8,0.0176460585470892,0.0373910280821748,1.2,0.15
218,7,0.466666666666667,6,hold,0.00470343098722298,0.0070509763396112,0.000494645931974926,6.51974405173714e-05,4.81092747407357e-07,8.45844437010333e-17,1.36732658099335,1.51530373675587,1.51420218735165,0.150586228929638,0.149917256338821,0.292442391755793,0.292461292630203,0.000668972590816259,1.89008744092262e-05,15,8,0.0579362299057192,0.0649770308948217,1.2,0.15
219,7,0.466666666666667,6,hold,0.00195932552218888,0.00325145146519396,0.00332185514798526,0.000139833969733295,8.8248768015021e-06,6.9205453937209e-17,0.265100713590015,0.727421315289062,1.37916849574436,0.462880280277805,0.463761151626606,0.371949336250492,0.371897325098265,-0.000880871348801346,-5.20111522275707e-05,15,8,0.0802190106099921,0.04026493387118,1.2,0.15
220,7,0.466666666666667,6,hold,0.00103206385654606,0.000631323931134214,0.00107453707001538,4.27578513113378e-05,3.3768337643469e-06,6.9205453937209e-17,0.202049854083262,0.264356862744597,1.4565443502672,0.58816062790616,0.588484982458399,0.297059261601367,0.297046559985629,-0.000324354552239298,-1.27016157382071e-05,15,8,0.0334078557941792,0.0553929994976334,1.2,0.15
221,7,0.466666666666667,6,hold,0.00069519293369221,0.000280832020705563,0.000867339698040174,4.29197493750099e-05,7.1830864330682e-06,1.53789897638242e-17,0.818752168999991,1.31081577892537,0.693748954731431,0.736878508068452,0.736499316908485,0.283071680542917,0.283083829908501,0.000379191159967374,1.21493655840649e-05,15,8,0.0338716389830516,0.0493882679267772,1.2,0.15
222,7,0.466666666666667,6,hold,0.000106780990058818,3.8641749596076e-05,0.000142025932928815,2.67599479729691e-05,4.67302530944573e-06,6.9205453937209e-17,0.518081190969744,0.863356639185864,0.898933446281283,0.800436693177499,0.800445891109703,0.127400052690752,0.127403461909534,-9.19793220434118e-06,3.40921878175804e-06,15,8,0.0242417626442445,0.0506759622662187,1.2,0.15
223,7,0.466666666666667,6,hold,0.000921677076783615,0.0024038774133311,0.000561426677502909,0.000400608342066912,9.51995958079259e-06,1.53789897638242e-17,0.852832627531997,0.641676391077802,1.35040276591502,0.631765820639109,0.631310699003133,0.199721106557011,0.199801116498385,0.000455121635975836,8.00099413735733e-05,15,8,0.0928108508346342,0.10047889960559,1.2,0.15
224,7,0.466666666666667,6,hold,0.00012971692994445,0.000103823124710324,8.31734922599171e-05,2.61316039517767e-05,5.09096037240873e-06,2.30684846457363e-17,0.0481102645717771,0.462751699493432,0.592171791912994,0.762273019763617,0.762184169411427,0.244169401482415,0.244175782020512,8.8850352189862e-05,6.38053809668082e-06,15,8,0.0145903589236514,0.0303465327493946,1.2,0.15
225,7,0.466666666666667,6,hold,0.000856468697598942,0.00240201117150456,0.0014120973168085,0.00040865961662291,2.25558756648028e-05,5.38264641733848e-17,0.291619170975446,0.729227764072478,0.637925734691568,0.724412102927382,0.724147373369074,0.172054655203123,0.172124966992557,0.000264729558308652,7.03117894334954e-05,15,8,0.037946241161179,0.0777505217258723,1.2,0.15
226,7,0.466666666666667,6,hold,0.000203692413514515,0.000736430606845659,0.000155369782218054,0.000220555549106817,7.98726411979415e-06,7.68949488191212e-17,0.174878041872776,0.585875961528732,0.470194462604234,0.838028104896721,0.837865909595154,0.168515930875735,0.168553097999403,0.000162195301567158,3.71671236675442e-05,15,8,0.0477592919437711,0.0929499245895453,1.2,0.15
227,7,0.466666666666667,6,hold,0.0013888821562775,0.00221090546108107,0.000493262443528236,0.000375836750088218,1.49108087719681e-05,7.68949488191212e-17,0.0641169874603496,0.287906305652642,2.06708772862902,0.309340399244484,0.309082656007682,0.238297491646893,0.238387052601708,0.000257743236801516,8.95609548147425e-05,15,8,0.0393600672201038,0.043943504548781,1.2,0.15
228,7,0.466666666666667,6,hold,0.00127448651598258,0.00235786692139196,0.000808184332873786,0.0011404653048769,3.65473545810856e-05,5.38264641733848e-17,0.0470635714190547,0.199525029029533,0.741024103467927,0.743211364953001,0.742350074535906,0.161813969084391,0.161998512301976,0.00086129041709474,0.00018454321758517,15,8,0.0490226489712459,0.117903722155831,1.2,0.15
229,7,0.466666666666667,6,hold,0.0124344584417497,0.00532843389735521,0.00101982964916773,0.00045727188017719,2.52582594081584e-05,3.84474744095606e-17,0.638513566757426,0.333875091696808,1.64248907693287,0.103957868129617,0.104656540172319,0.227650835032501,0.22775493335786,-0.000698672042702151,0.000104098325359219,15,8,0.0401979610233532,0.0693025696022817,1.2,0.15
230,7,0.466666666666667,6,hold,0.00418378808104691,0.00792575627638075,0.00463056500161255,0.000554419926139657,3.01582322301739e-05,3.07579795276485e-17,0.27044354291295,0.71219902395978,1.02987346971488,0.494170623138713,0.496236308098287,0.108387537916611,0.108337088809358,-0.00206568495957421,-5.04491072531048e-05,15,8,0.0684268032806702,0.149132832837596,1.2,0.15
201,7,0.466666666666667,6,kalman,0.00038410292402991,0.000377926043334882,0.00138829291463642,0.000135546126505225,5.38001693854699e-06,3.07579795276485e-17,0.293071486457316,0.736011995347677,0.819416663967554,0.619669905738535,0.619790605260837,0.257980404438362,0.257945436193826,-0.000120699522302314,-3.49682445358712e-05,15,8,0.0288242720975562,0.0439313851446395,1.2,0.15
202,7,0.466666666666667,6,kalman,0.00738894957349464,0.014254008318554,0.000273158018902204,0.000133036586885597,1.19374086910186e-05,8.45844437010333e-17,0.992410446805385,1.09587157167514,1.41399066709741,0.170303632416306,0.171481302374669,0.250357809507245,0.250391116255722,-0.00117766995836251,3.33067484769983e-05,15,8,0.0570057059853938,0.0471060309340343,1.2,0.15
203,7,0.466666666666667,6,kalman,0.000447104873364227,0.000427937961906234,0.000322643317990445,2.25444795572184e-05,9.9890145364842e-06,5.38264641733848e-17,1.18088174842229,1.97187481272576,0.568327584811807,0.694831361493501,0.695114376311656,0.26282292600725,0.262817000801168,-0.000283014818154737,-5.92520608253877e-06,15,8,0.0204306889881783,0.0397662979118509,1.2,0.15
204,7,0.466666666666667,6,kalman,0.00344327335128346,0.00298589732756777,0.00250644884236353,7.69654257571775e-05,7.2790348878586e-06,6.15159590552969e-17,0.252835914751313,0.239906209887258,0.870985036528383,0.529232922627113,0.527410629008009,0.24116603027141,0.241152159348269,0.0018222936191038,-1.38709231413534e-05,15,8,0.0250207059434698,0.0436739070512751,1.2,0.15
205,7,0.466666666666667,6,kalman,0.0108686989328489,0.0048232716505317,0.00253184456379454,5.32646173380405e-05,9.62799992551854e-06,6.15159590552969e-17,1.84004143335369,2.19507370651923,1.42019761030891,0.138313992330884,0.139714212335127,0.296187404006534,0.296203180315269,-0.00140022000424317,1.57763087347557e-05,15,8,0.0251621432292573,0.0374682581156116,1.2,0.15
206,7,0.466666666666667,6,kalman,0.000317804555573101,0.000256929583090265,0.000177539232647686,1.91857808625601e-05,2.08490985321622e-06,2.30684846457363e-17,0.0859647827729709,0.535749059597749,0.670941070527187,0.730816175518362,0.730972159233191,0.303090070568099,0.303084255548424,-0.000155983714829461,-5.81501967553744e-06,15,8,0.0148296282997322,0.0335738794374314,1.2,0.15
207,7,0.466666666666667,6,kalman,0.00202254431566971,0.00356308964477357,0.000836226747446119,0.000273613785685354,1.7079964533879e-05,2.30684846457363e-17,0.228822408249213,0.666640014099481,0.925777099115187,0.623915090092474,0.625158492152328,0.298159732371074,0.298078151757961,-0.00124340205985425,-8.15806131129815e-05,15,8,0.0558290999403463,0.0389077587037026,1.2,0.15
208,7,0.466666666666667,6,kalman,0.000112056226731756,4.864592438331e-05,7.17214330961361e-05,5.33608057146195e-06,1.05726451356816e-06,1.53789897638242e-17,0.116297017777114,0.380232137547758,0.810733367825259,0.647484045491922,0.647534156566099,0.189699177986297,0.189700190236396,-5.01110741773503e-05,1.01225009807498e-06,15,8,0.0240993722336137,0.0443473741852631,1.2,0.15
209,7,0.466666666666667,6,kalman,0.000299301159661829,0.000103719460501346,0.000331282310535074,9.81506604082276e-06,1.57676384547053e-06,2.30684846457363e-17,0.244376333593624,0.687667740526864,1.4965994939411,0.451989620055829,0.45185446025788,0.317639695355088,0.317636577700501,0.000135159797949033,-3.11765458709701e-06,15,8,0.029875678499645,0.040227764790936,1.2,0.15
210,7,0.466666666666667,6,kalman,0.00279908979834851,0.00206003312758462,0.00414051324893299,0.00216292918585118,0.000147324963143989,9.99634334648575e-17,0.0900714687077318,0.495961137080616,0.559842766794734,0.916126108150963,0.913561788907637,0.128705980652668,0.128984362574615,0.00256431924332609,0.000278381921947252,15,8,0.138391811413347,0.151194437486727,1.2,0.15
211,7,0.466666666666667,6,kalman,0.000767789433318378,0.00501091746234734,0.000616368186122308,0.000131741511208703,2.96764564513989e-06,4.61369692914727e-17,0.0356411053682103,0.306263972719967,1.04235804695832,0.525886913924451,0.525690430927406,0.223240579886201,0.223269989937558,0.000196482997045216,2.94100513573153e-05,15,8,0.0256994647176427,0.0429887015383059,1.2,0.15
212,7,0.466666666666667,6,kalman,0.000585502996837267,0.00249202641652132,0.000157532599880911,0.000101947562529265,2.59630766183545e-06,4.61369692914727e-17,1.5264924730246,1.6788307507251,1.27108499611605,0.261334931329236,0.261194689316966,0.273468331842722,0.273496211272582,0.000140242012270614,2.78794298603097e-05,15,8,0.0287239604836436,0.0413836554071092,1.2,0.15
213,7,0.466666666666667,6,kalman,0.000452153663506073,0.0006551627901332,0.000403587129323674,0.000177358921988613,4.16007138505881e-06,7.68949488191212e-18,0.502716912605641,0.900706792580985,0.436609073390058,0.87541225150597,0.875052876316086,0.099987220540524,0.100004914976058,0.000359375189883698,1.76944355337547e-05,15,8,0.043567015730053,0.0516417909223046,1.2,0.15
214,7,0.466666666666667,6,kalman,0.000336745993491577,0.000507759013425398,0.000604020913321249,0.000128609960620472,1.25810148725403e-06,7.68949488191212e-17,0.413223278019398,0.874205324112197,0.805315126624396,0.677496965498298,0.67744911026459,0.164646329192749,0.16466724971709,4.78552337079829e-05,2.0920524341026e-05,15,8,0.0228463405422207,0.0452861070905985,1.2,0.15
215,7,0.466666666666667,6,kalman,1.07001258757636e-05,1.04701148745893e-05,2.00439556291776e-05,3.1383398702591e-06,1.32927058701254e-07,1.53789897638242e-17,0.418924442868097,0.880652874945678,0.803767318784559,0.671400880245596,0.67140026335942,0.264174674618106,0.26417550368802,6.16886176035836e-07,8.29069914066727e-07,15,8,0.0200995290385759,0.0432742619682811,1.2,0.15
216,7,0.466666666666667,6,kalman,0.00937969242031195,0.00407242077803056,0.00140802082663076,7.24523355795806e-05,1.51524386190429e-05,2.30684846457363e-17,0.197986551579601,0.471044691254432,1.58431260450135,0.163759311983133,0.162343186357869,0.218317963952119,0.218333781598506,0.00141612562526314,1.58176463873097e-05,15,8,0.0456403469765635,0.0442104512541528,1.2,0.15
217,7,0.466666666666667,6,kalman,0.000425341662185892,0.000500239226995291,0.000400760951655265,4.68517905785167e-05,9.64807370801133e-07,3.84474744095606e-17,0.843076675958684,0.466107800315571,1.87228184900191,0.553435616137662,0.553498921105453,0.318752576091467,0.318737641962526,-6.33049677905506e-05,-1.49341289414001e-05,15,8,0.0174434610000586,0.039455115417562,1.2,0.15
218,7,0.466666666666667,6,kalman,0.00248540046823589,0.00529814326524025,0.000525093192644751,5.32570269064791e-05,4.21854954453886e-07,9.22739385829454e-17,1.36588944091766,1.51551338181648,1.51364939934521,0.150586228929638,0.150267311123084,0.292442391755793,0.29245722047337,0.000318917806553211,1.48287175763107e-05,15,8,0.0473111265268144,0.0377512418938837,1.2,0.15
219,7,0.466666666666667,6,kalman,0.00367886583139785,0.00407430966328004,0.00433197320798563,0.000172483958337402,1.28524446927378e-05,8.45844437010333e-17,0.264148841329271,0.727378924078194,1.37988454177094,0.462880280277805,0.464583154724947,0.371949336250492,0.371885180956675,-0.00170287444714188,-6.41552938174544e-05,15,8,0.101778501405339,0.0465318760877729,1.2,0.15
220,7,0.466666666666667,6,kalman,0.00091702321784529,0.000478471506630224,0.000904229532311946,2.94680450589983e-05,2.89939310432765e-06,9.22739385829454e-17,0.2041516731704,0.264357006171027,1.45780623462517,0.58816062790616,0.588476175961775,0.297059261601367,0.297050507845661,-0.000315548055615,-8.75375570606185e-06,15,8,0.0250132575369578,0.040431505150897,1.2,0.15
221,7,0.466666666666667,6,kalman,0.000321931323373311,0.000250325406993063,0.000373522557534453,6.0304746632222e-06,1.05993170933889e-06,3.07579795276485e-17,0.818969043830799,1.31041375587035,0.692775735486629,0.736878508068452,0.737114707208897,0.283071680542917,0.283073383816067,-0.000236199140445065,1.70327315013097e-06,15,8,0.0324004398764075,0.0415697525046577,1.2,0.15
222,7,0.466666666666667,6,kalman,0.000199058223267199,0.000162613539621549,0.000460074296285513,0.000113529075628591,1.43431154910288e-05,6.15159590552969e-17,0.518081190969745,0.863258527848307,0.898275262222133,0.800436693177499,0.800318320246725,0.127400052690752,0.127385589080535,0.000118372930773658,-1.44636102170148e-05,15,8,0.0203566885839587,0.0436030026291627,1.2,0.15
223,7,0.466666666666667,6,kalman,0.0018596693252874,0.000583726389073907,0.00149721048891613,0.000376721832702624,5.4095285036056e-05,2.30684846457363e-17,0.822666333535342,0.638797479456534,1.32564477028561,0.631765820639109,0.632470538580515,0.199721106557011,0.199796345858303,-0.000704717941406541,7.52393012915534e-05,15,8,0.174148908961717,0.173105005159246,1.2,0.15
224,7,0.466666666666667,6,kalman,4.06521949863715e-05,4.92449869947196e-05,3.13162104679904e-05,2.43755126086987e-06,6.90573496309272e-07,5.38264641733848e-17,0.0481203339863205,0.46295470573937,0.591863409346121,0.762273019763617,0.762271126974695,0.244169401482415,0.244169932699831,1.89278892160916e-06,5.31217415647156e-07,15,8,0.0146128897017023,0.0333384498971263,1.2,0.15
225,7,0.466666666666667,6,kalman,0.00105350803135565,0.000369024947426607,0.00162201564428644,1.62533903827583e-05,2.17273884088631e-06,6.15159590552969e-17,0.291582102464272,0.729339253010618,0.63746586453366,0.724412102927382,0.724445074194877,0.172054655203123,0.172056487562557,-3.29712674946636e-05,1.83235943376631e-06,15,8,0.0207987425954571,0.0452556242070736,1.2,0.15
226,7,0.466666666666667,6,kalman,0.000311893016590499,0.00119619773021284,0.000205718820824703,0.00046900512859375,4.91077705943169e-06,9.22739385829454e-17,0.174878341949465,0.585713847198109,0.469088658780363,0.838028104896721,0.838288496205718,0.168515930875735,0.168436896039905,-0.00026039130899736,-7.90348358304696e-05,15,8,0.0317843787346178,0.0480849927216678,1.2,0.15
227,7,0.466666666666667,6,kalman,0.00291045174482087,0.00858735156338013,0.000818886879252564,0.000526621619842474,2.35389013458408e-05,7.68949488191212e-17,0.114052407023391,0.263458116225871,2.06875949179939,0.309340399244484,0.308480965300743,0.238297491646893,0.238171999035837,0.000859433943741164,-0.000125492611055485,15,8,0.0777890988017086,0.0440621758440987,1.2,0.15
228,7,0.466666666666667,6,kalman,0.000495610893315773,0.00134877718011812,0.000505993195464186,9.77467545959494e-05,6.138623383382e-06,6.15159590552969e-17,0.0469919439654558,0.199521730081173,0.740132840029954,0.743211364953001,0.743158986215467,0.161813969084391,0.161798256756374,5.23787375341478e-05,-1.57123280169208e-05,15,8,0.0344055044463285,0.05218359941665,1.2,0.15
229,7,0.466666666666667,6,kalman,0.0152130971731625,0.00720093738907578,0.00106043505220436,0.000637466813434896,2.13735230754742e-05,5.38264641733848e-17,0.638513538385765,0.333762956751823,1.6450148285815,0.103957868129617,0.102385541916801,0.227650835032501,0.227795954884885,0.00157232621281599,0.000145119852383962,15,8,0.0504355172720126,0.0448851897364984,1.2,0.15
230,7,0.466666666666667,6,kalman,0.00284095471367248,0.00105032328657754,0.00444525155500918,8.26678006858362e-05,2.98027117788612e-05,2.30684846457363e-17,0.27044354291295,0.710365521376639,1.03375939206497,0.494170623138713,0.493644169084204,0.108387537916611,0.108394608470464,0.00052645405450909,7.07055385303648e-06,15,8,0.0413909563909497,0.0556677780339099,1.2,0.15
201,7,0.466666666666667,6,kalman-gm,0.000161263443316091,0.000124637415368949,7.94422618954262e-05,2.20512665373383e-06,1.22323600957344e-06,6.9205453937209e-17,0.293071486831798,0.736018054025975,0.821379435100268,0.619669905738535,0.619758812215279,0.257980404438362,0.2579800200969,-8.89064767439163e-05,-3.84341461973636e-07,15,8,0.019349314006317,0.0226555561285506,1.2,0.15
202,7,0.466666666666667,6,kalman-gm,0.00474520441932426,0.0101692287653353,0.000347498890370428,2.79972235117249e-05,3.72396075752506e-06,4.61369692914727e-17,0.992410446428243,1.09608267775216,1.41502480569795,0.170303632416306,0.170761100371689,0.250357809507245,0.250355582816995,-0.00045746795538221,-2.22669024948108e-06,15,8,0.0506760667071145,0.0384590382198708,1.2,0.15
203,7,0.466666666666667,6,kalman-gm,0.000155498237253846,0.000608808935624629,0.00015667786766319,8.24713724469841e-06,1.63190577833679e-06,3.07579795276485e-17,1.18078262412778,1.9720170391327,0.569632655723239,0.694831361493501,0.694793381967353,0.26282292600725,0.262825080467528,3.79795261480687e-05,2.1544602779755e-06,15,8,0.0137180817075246,0.0241081689147706,1.2,0.15
204,7,0.466666666666667,6,kalman-gm,0.00406018275763239,0.00288036931824363,0.0020562072111955,8.4922677576488e-05,1.23580339001887e-05,4.61369692914727e-17,0.25300893809828,0.23988902360294,0.871228412569798,0.529232922627113,0.52724959864174,0.24116603027141,0.241164749842137,0.00198332398537291,-1.28042927322186e-06,15,8,0.0232572634147587,0.0306346808232498,1.2,0.15
205,7,0.466666666666667,6,kalman-gm,0.00952698479235278,0.00366582588431711,0.00344883825389111,0.000111867709174411,1.80011897131896e-05,3.07579795276485e-17,1.84004143335497,2.19504435645651,1.41999057844757,0.138313992330884,0.139317636443178,0.296187404006534,0.296220537812907,-0.00100364411229363,3.31338063725267e-05,15,8,0.0228628061420014,0.0305810502760213,1.2,0.15
206,7,0.466666666666667,6,kalman-gm,8.87604932475435e-05,4.14088502263293e-06,5.43927315746718e-05,5.65882613716874e-07,1.1478627367344e-06,5.38264641733848e-17,0.0859647828046225,0.535750460885554,0.671039765411464,0.730816175518362,0.730865835936983,0.303090070568099,0.303089899054698,-4.96604186204341e-05,-1.71513401324708e-07,15,8,0.00866438937596955,0.0185479324852675,1.2,0.15
207,7,0.466666666666667,6,kalman-gm,0.00156715000619699,0.003473813604018,0.000624642757411267,0.000238655083455978,1.54049756894725e-05,3.07579795276485e-17,0.228822357753972,0.66664073323281,0.92620158210182,0.623915090092474,0.624882976317445,0.298159732371074,0.298088575035262,-0.000967886224971665,-7.11573358122308e-05,15,8,0.0483521748253293,0.0202306806229036,1.2,0.15
208,7,0.466666666666667,6,kalman-gm,0.00017770708308466,7.05166549525514e-05,0.000111101287485562,2.04416994519498e-05,2.60482006131119e-06,3.84474744095606e-17,0.11634825775579,0.380220226741158,0.810762130378128,0.647484045491922,0.647526097019542,0.189699177986297,0.18970305575988,-4.20515276201627e-05,3.87777358267782e-06,15,8,0.0130261957535429,0.0252499486289353,1.2,0.15
209,7,0.466666666666667,6,kalman-gm,0.00144528188892761,6.82208592489501e-05,0.000427082076825237,9.80306349008863e-06,1.00529482024874e-05,1.53789897638242e-17,0.244376104210708,0.687665735985215,1.49585199161896,0.451989620055829,0.451336413910516,0.317639695355088,0.317642809197188,0.000653206145312804,3.11384210053833e-06,15,8,0.0286487841864956,0.0221977168740945,1.2,0.15
210,7,0.466666666666667,6,kalman-gm,0.00228140885560404,0.00264699105072053,0.00294065134761164,0.00143278320011591,0.000157110565916487,6.15159590552969e-17,0.0873491513678191,0.503225832662284,0.552065167194489,0.916126108150963,0.914057050326846,0.128705980652668,0.128890388419501,0.00206905782411627,0.000184407766833585,15,8,0.154184028256311,0.286521051714262,1.2,0.15
211,7,0.466666666666667,6,kalman-gm,0.00101180223484819,0.000621707529366399,0.000939079704852777,8.84840164974779e-05,6.01417251162632e-06,7.68949488191212e-17,0.0358930202646589,0.307224006840896,1.0425396038726,0.525886913924451,0.525406048928503,0.223240579886201,0.223260333109355,0.000480864995947755,1.97532231535572e-05,15,8,0.0174601067450043,0.0325484035877905,1.2,0.15
212,7,0.466666666666667,6,kalman-gm,0.000609048100889422,0.00248497028862439,0.000176221152818206,8.44533325548064e-05,2.68038005794849e-06,5.38264641733848e-17,1.52633490609744,1.67876818328752,1.27110079605853,0.261334931329236,0.261188969929864,0.273468331842722,0.273491427154694,0.000145961399372199,2.30953119723215e-05,15,8,0.0323182344682692,0.0208206918155123,1.2,0.15
213,7,0.466666666666667,6,kalman-gm,0.000535773548580869,0.000568998722299189,0.000494370655000522,7.2422094205593e-05,4.27704690710701e-06,7.68949488191212e-18,0.503111530401167,0.900908352786999,0.437013416618716,0.87541225150597,0.874950066106927,0.099987220540524,0.0999938906356799,0.000462185399042714,6.6700951559448e-06,15,8,0.0378121228786136,0.0474173599473771,1.2,0.15
214,7,0.466666666666667,6,kalman-gm,0.000243235102753183,0.000530431180252701,0.000565698885532524,0.000169545037079868,2.40342740170954e-06,7.68949488191212e-17,0.413636350695137,0.874281974845504,0.80557997134046,0.677496965498298,0.677404267502957,0.164646329192749,0.164674244160737,9.26979953404128e-05,2.79149679880489e-05,15,8,0.0184755398028069,0.0291733647743717,1.2,0.15
215,7,0.466666666666667,6,kalman-gm,4.56214692454305e-06,6.9032899155163e-06,4.06740144169711e-06,2.19255075173941e-07,1.67219520994197e-08,2.30684846457363e-17,0.419284858710718,0.880752085142138,0.803780131325955,0.671400880245596,0.6713978457277,0.264174674618106,0.26417461887593,3.03451789616105e-06,-5.57421759228571e-08,15,8,0.0125308951643505,0.0231466791394119,1.2,0.15
216,7,0.466666666666667,6,kalman-gm,0.00932674599649336,0.00600241058453571,0.000833113702406016,0.000210802989533151,1.50595712242905e-05,6.15159590552969e-17,0.198858542281071,0.471416327125091,1.58470694462068,0.163759311983133,0.162260297587503,0.218317963952119,0.218363986031589,0.00149901439563,4.60220794698973e-05,15,8,0.0389869254351105,0.0428727689618422,1.2,0.15
217,7,0.466666666666667,6,kalman-gm,0.000762006271866384,8.01735528666443e-05,0.000734552181874663,2.97947044896699e-06,2.60888226572844e-07,3.84474744095606e-17,0.840847211417426,0.46599759340006,1.8705790222923,0.553435616137662,0.553810237679358,0.318752576091467,0.31875162663005,-0.000374621541695713,-9.49461416877018e-07,15,8,0.00925584340854814,0.0183803570843204,1.2,0.15
218,7,0.466666666666667,6,kalman-gm,0.00196234752092667,0.0012729406768222,0.000294464257516021,1.15127238755401e-05,1.89352359220166e-07,7.68949488191212e-17,1.36913750781976,1.54873250594741,1.51349138634732,0.150586228929638,0.150382276895054,0.292442391755793,0.292439024947288,0.000203952034583187,-3.36680850578697e-06,15,8,0.0424999446964231,0.0259900695880182,1.2,0.15
219,7,0.466666666666667,6,kalman-gm,0.00165261018965276,0.00293081040157352,0.00303585135490477,0.0001134968475984,6.8686634995263e-06,7.68949488191212e-17,0.264807449573507,0.727523497140056,1.37808706888296,0.462880280277805,0.463619453173659,0.371949336250492,0.371907121173362,-0.000739172895854612,-4.22150771307483e-05,15,8,0.09425846698729,0.0250332212896662,1.2,0.15
220,7,0.466666666666667,6,kalman-gm,0.000729683636709564,0.000481604782661548,0.000723768767610181,3.80020391940163e-05,2.58852682907409e-06,5.38264641733848e-17,0.203387804014455,0.26435682545671,1.45735745745274,0.58816062790616,0.588435392663097,0.297059261601367,0.297047972743665,-0.000274764756937262,-1.12888577023207e-05,15,8,0.0200573277867641,0.0227641576691226,1.2,0.15
221,7,0.466666666666667,6,kalman-gm,6.80460012215762e-05,5.33767115745285e-05,8.08959301916427e-05,7.00481578329318e-06,4.13414595105926e-07,3.07579795276485e-17,0.819416216498787,1.31062495065586,0.693275885048783,0.736878508068452,0.736916519805332,0.283071680542917,0.283073663407893,-3.80117368791066e-05,1.98286497567035e-06,15,8,0.0241383902356121,0.0215276976902021,1.2,0.15
222,7,0.466666666666667,6,kalman-gm,0.000478700773630432,0.00416932222199117,0.000586355679249629,0.000440617555483674,5.93970245130177e-06,1.53789897638242e-17,0.518081190969746,0.863017425555445,0.897982350721668,0.800436693177499,0.800677978445452,0.127400052690752,0.127343917990967,-0.000241285267953012,-5.61346997850903e-05,15,8,0.0162492812616959,0.0217731199877118,1.2,0.15
223,7,0.466666666666667,6,kalman-gm,0.00166681948136157,0.00118815187335176,0.00147216760687753,0.000957079677527857,3.21782830362373e-05,1.53789897638242e-17,0.819448077489762,0.60276495101873,1.32335174439006,0.631765820639109,0.632351028292941,0.199721106557011,0.19991225556927,-0.000585207653832392,0.000191149012259091,15,8,0.169684035150165,0.353874832689386,1.2,0.15
224,7,0.466666666666667,6,kalman-gm,6.57399654751313e-05,5.693340768571e-05,4.32473265351705e-05,1.01832243304029e-05,1.94905314080675e-06,4.61369692914727e-17,0.0481071695733231,0.462735864046246,0.59197461798746,0.762273019763617,0.762253667044356,0.244169401482415,0.244171887914205,1.9352719261212e-05,2.48643178991564e-06,15,8,0.0086889455670836,0.0181209420907891,1.2,0.15
225,7,0.466666666666667,6,kalman-gm,0.00126372248497082,0.000555927391200249,0.00178369675550057,8.94464410291297e-05,1.08705647416599e-05,7.68949488191212e-17,0.291614544369306,0.729288580178446,0.637507478813467,0.724412102927382,0.724404762076367,0.172054655203123,0.172070044879694,7.34085101572468e-06,1.53896765704134e-05,15,8,0.0180587901411736,0.0303044983423684,1.2,0.15
226,7,0.466666666666667,6,kalman-gm,0.000115028706950579,0.000608743040508797,7.47052335370813e-05,5.03617919891282e-05,9.53138592190424e-07,3.84474744095606e-17,0.174878189971257,0.585825977434114,0.469547665960041,0.838028104896721,0.838108105000419,0.168515930875735,0.168507450180774,-8.00001036975417e-05,-8.48069496154846e-06,15,8,0.027897489283025,0.0326873278887427,1.2,0.15
227,7,0.466666666666667,6,kalman-gm,0.00211965481344438,0.00377361333291348,0.000745238451513016,0.000506954399860841,3.96771177637644e-05,3.84474744095606e-17,0.110736762685347,0.263548973017463,2.06634316590253,0.309340399244484,0.308748124708655,0.238297491646893,0.238176685685027,0.000592274535828519,-0.000120805961866194,15,8,0.0667892374844146,0.0253332016525336,1.2,0.15
228,7,0.466666666666667,6,kalman-gm,0.000322153016656567,0.00164637497648852,0.000314266905710435,0.000306170631749789,4.68788474171608e-06,7.68949488191212e-17,0.0470624533769335,0.199532718540763,0.74050089317694,0.743211364953001,0.743082999071433,0.161813969084391,0.161856615121602,0.000128365881568365,4.2646037210938e-05,15,8,0.0236524937696395,0.0469726175769019,1.2,0.15
229,7,0.466666666666667,6,kalman-gm,0.00670692980192832,0.00425389896176078,0.000303106526273594,0.000319159933162183,7.21383682105146e-06,3.07579795276485e-17,0.638513550781752,0.333803942628006,1.64399139840841,0.103957868129617,0.103707308686922,0.227650835032501,0.227723492057794,0.00025055944269529,7.26570252932882e-05,15,8,0.0468206040944898,0.0336715560803953,1.2,0.15
230,7,0.466666666666667,6,kalman-gm,0.00272311428702195,0.00121210856709981,0.00399442023692212,0.000168756648496583,4.16022958643388e-05,2.30684846457363e-17,0.27044354291295,0.710416237838982,1.03193066950371,0.494170623138713,0.494648611923448,0.108387537916611,0.108405622616531,-0.000477988784734754,1.80846999201204e-05,15,8,0.0481120680099185,0.0658252329024247,1.2,0.15
201,7,0.466666666666667,6,mean,0.00032973875114119,0.000474862901896956,0.00141113716282594,0.000143672630894944,5.45773194144048e-06,3.84474744095606e-17,0.293071498078362,0.736062756649372,0.819345247449975,0.619669905738535,0.619819130289485,0.257980404438362,0.257943339714937,-0.000149224550950255,-3.7064723425001e-05,15,8,0.0288241425040552,0.0439313852590786,1.2,0.15
202,7,0.466666666666667,6,mean,0.00742356544521638,0.014248069152094,0.000273590697726089,0.000135733417792053,1.22865623739516e-05,6.9205453937209e-17,0.992410446735298,1.09587356358194,1.4139743720089,0.170303632416306,0.171471385957229,0.250357809507245,0.2503917914284,-0.00116775354092279,3.39819211553502e-05,15,8,0.0570056566434762,0.0470839397112095,1.2,0.15
203,7,0.466666666666667,6,mean,0.000404488540000755,0.000722844131050015,0.000217198890972621,2.76406683355123e-05,1.0089846566177e-05,3.07579795276485e-17,1.18077928563535,1.97177362393546,0.568456423785306,0.694831361493501,0.695050240166301,0.26282292600725,0.262815661405921,-0.000218878672799577,-7.2646013287353e-06,15,8,0.0204310043913906,0.0397662979118474,1.2,0.15
204,7,0.466666666666667,6,mean,0.00342315862288613,0.0028308219663536,0.00239787949464023,8.01235691727226e-05,8.04495055548368e-06,7.68949488191212e-17,0.252874716774783,0.239869698259722,0.870977237557492,0.529232922627113,0.527421274384507,0.24116603027141,0.241150776071686,0.00181164824260623,-1.52541997240985e-05,15,8,0.0249976646397881,0.0433006132211671,1.2,0.15
205,7,0.466666666666667,6,mean,0.0108637219845051,0.00491877494804322,0.00253566287485348,5.31371912865461e-05,9.6908486156014e-06,3.07579795276485e-17,1.84004143335374,2.19507923128616,1.42024128922927,0.138313992330884,0.139710808608499,0.296187404006534,0.296203142573278,-0.0013968162776146,1.57385667433607e-05,15,8,0.025162228665813,0.0374574555540095,1.2,0.15
206,7,0.466666666666667,6,mean,0.00033946099005576,0.000683120718150755,0.000220732734724352,1.29023455166485e-05,1.97463072148875e-06,4.61369692914727e-17,0.0859647827684088,0.535747629530439,0.670927222231854,0.730816175518362,0.730994837112902,0.303090070568099,0.303088768024488,-0.00017866159454018,-1.30254361131565e-06,15,8,0.0148299855776701,0.0335707298196417,1.2,0.15
207,7,0.466666666666667,6,mean,0.00192280609551438,0.00353964405634136,0.000805232565367949,0.000270210886346624,1.68190476110963e-05,1.53789897638242e-17,0.228822390584541,0.666640373539822,0.925891115951388,0.623915090092474,0.625097022657507,0.298159732371074,0.298079166365517,-0.00118193256503311,-8.05660055568602e-05,15,8,0.0558291491374866,0.0389077587032967,1.2,0.15
208,7,0.466666666666667,6,mean,0.000119973362090199,6.81450220440684e-05,8.13800247721064e-05,2.91311523594998e-06,7.84859159221366e-07,4.61369692914727e-17,0.116301025201336,0.38021898328476,0.810753085011447,0.647484045491922,0.647536737049512,0.189699177986297,0.189698667806009,-5.26915575906284e-05,-5.10180288195439e-07,15,8,0.0240995342341662,0.0443474139041984,1.2,0.15
209,7,0.466666666666667,6,mean,0.000288783239265481,0.000106812070106834,0.000321570407428109,9.71762752699633e-06,1.56396427082335e-06,7.68949488191212e-18,0.244377044104645,0.687667853783707,1.49660683682266,0.451989620055829,0.451860133036915,0.317639695355088,0.31763660865084,0.000129487018913832,-3.08670424724933e-06,15,8,0.0298757029097504,0.0402277646036401,1.2,0.15
210,7,0.466666666666667,6,mean,0.00278728912059913,0.0020109959284206,0.00409119287055637,0.00232401869509566,0.000143240759797595,7.68949488191212e-17,0.0904223985172738,0.49651198289559,0.560317499529429,0.916126108150963,0.913572599816617,0.128705980652668,0.129005095757875,0.002553508334346,0.00029911510520742,15,8,0.138371859138258,0.151138383085534,1.2,0.15
211,7,0.466666666666667,6,mean,0.000790571367788472,0.00565293687306815,0.000627694335384113,0.000165959719373012,3.23294110668372e-06,9.22739385829454e-17,0.0357733180359727,0.306342279060656,1.04231338516919,0.525886913924451,0.525705928733985,0.223240579886201,0.223277628830192,0.000180985190466476,3.70489439905824e-05,15,8,0.0256992749964469,0.042962854167079,1.2,0.15
212,7,0.466666666666667,6,mean,0.000581226736565612,0.00230683430846492,0.000147861690775987,9.27376644726228e-05,2.65072704929194e-06,7.68949488191212e-17,1.52616430914362,1.67892390878299,1.27114120251048,0.261334931329236,0.261189870295876,0.273468331842722,0.273493692657124,0.000145061033360019,2.53608144023182e-05,15,8,0.0287239641538608,0.0413830097338534,1.2,0.15
213,7,0.466666666666667,6,mean,0.00044667442414677,0.000771842151336525,0.000390450871251498,0.000188639564366025,4.77726230648188e-06,7.68949488191212e-18,0.502815025673188,0.900756729850324,0.436572439549792,0.87541225150597,0.875059869975439,0.099987220540524,0.100006007175262,0.000352381530530627,1.87866347376994e-05,15,8,0.0435672350831242,0.0516417908984055,1.2,0.15
214,7,0.466666666666667,6,mean,0.000319024330979088,0.000504605445254776,0.000617589131705103,0.000132341458154052,1.7076924734214e-06,6.9205453937209e-17,0.413603549068883,0.874141563762203,0.80536413899313,0.677496965498298,0.677458974092809,0.164646329192749,0.164667949758285,3.79914054889852e-05,2.16205655356883e-05,15,8,0.022849291681396,0.0452941479263602,1.2,0.15
215,7,0.466666666666667,6,mean,9.96233814622305e-06,8.75252078837196e-06,1.53981522906965e-05,3.42380870624527e-06,1.43072502750626e-07,4.61369692914727e-17,0.418930414499089,0.880652997881201,0.80376554708761,0.671400880245596,0.671403305931985,0.264174674618106,0.264175579101657,-2.4256863895733e-06,9.04483550926982e-07,15,8,0.0200996638424513,0.0432741317123231,1.2,0.15
216,7,0.466666666666667,6,mean,0.00906305335568773,0.00399311082693153,0.00138924795208809,6.22687008995978e-05,1.52814188246601e-05,7.68949488191212e-17,0.196841398061976,0.470367149707322,1.58425933060894,0.163759311983133,0.162392255731577,0.218317963952119,0.218331558328118,0.00136705625155543,1.35943759983437e-05,15,8,0.0456402681570779,0.0442147555775838,1.2,0.15
217,7,0.466666666666667,6,mean,0.000471493205433757,0.000651155266298355,0.000376801195500342,5.2984351949494e-05,1.30529828486195e-06,3.07579795276485e-17,0.843342094440226,0.466213460031474,1.87261283985694,0.553435616137662,0.553423189547615,0.318752576091467,0.318735687192791,1.24265900466825e-05,-1.68888986764382e-05,15,8,0.0174436025219277,0.0394746361818807,1.2,0.15
218,7,0.466666666666667,6,mean,0.00202622451055747,0.00145905908399238,0.000703370636335216,3.799693122248e-06,5.80341685949337e-07,6.9205453937209e-17,1.36603369092402,1.54532424653624,1.51338953889547,0.150586228929638,0.150355437995034,0.292442391755793,0.292443127045602,0.000230790934603957,7.35289808985185e-07,15,8,0.0473110208125091,0.0377512427868081,1.2,0.15
219,7,0.466666666666667,6,mean,0.00374004014042193,0.00412953010480489,0.0043886728566681,0.000172801780291024,1.2835688071047e-05,6.9205453937209e-17,0.264111578792022,0.727389170950915,1.37982241077347,0.462880280277805,0.464611471106254,0.371949336250492,0.37188506274301,-0.00173119082844874,-6.42735074821499e-05,15,8,0.101778694392774,0.0465344509603067,1.2,0.15
220,7,0.466666666666667,6,mean,0.000887782608038584,0.000442624702324692,0.000875405965550303,2.98857301337715e-05,2.79001428499453e-06,5.38264641733848e-17,0.2041618840169,0.264356882492436,1.45781460814331,0.58816062790616,0.588448564636568,0.297059261601367,0.297050383768441,-0.000287936730408511,-8.8778329259559e-06,15,8,0.0250132879423079,0.040431568959489,1.2,0.15
221,7,0.466666666666667,6,mean,0.000298649470505737,0.000213476400641097,0.000347576250660996,1.22852817687694e-06,9.47702778325044e-07,1.53789897638242e-17,0.819098460323467,1.31043310183105,0.692908467741674,0.736878508068452,0.737097546587456,0.283071680542917,0.283071830532525,-0.000219038519004117,1.49989607830525e-07,15,8,0.0324003632932556,0.0415699122345901,1.2,0.15
222,7,0.466666666666667,6,mean,0.000190226272749405,0.000146395343509947,0.00046295338483109,0.000111078120372468,1.53308643510047e-05,6.9205453937209e-17,0.518081190969746,0.863207351441755,0.89830417003177,0.800436693177499,0.800297435298964,0.127400052690752,0.127385901332364,0.000139257878534982,-1.41513583882422e-05,15,8,0.0203565443363259,0.0435706637263724,1.2,0.15
223,7,0.466666666666667,6,mean,0.00171380029031289,0.000566375897553375,0.00151793692938143,0.000390355832498382,5.54287706325784e-05,3.07579795276485e-17,0.821815571509655,0.63862508046885,1.32503105416752,0.631765820639109,0.632443280512002,0.199721106557011,0.199799068855829,-0.000677459872893121,7.79622988175602e-05,15,8,0.17414767154416,0.173105005137022,1.2,0.15
224,7,0.466666666666667,6,mean,4.29001403076304e-05,3.06384753480085e-05,3.6510478462584e-05,9.28324831515036e-06,8.68587012923828e-07,3.07579795276485e-17,0.0481101392806986,0.46275616282174,0.591810711544392,0.762273019763617,0.762276321738359,0.244169401482415,0.24416713479723,-3.30197474227023e-06,-2.2666851849229e-06,15,8,0.0146134467128503,0.0333382159457818,1.2,0.15
225,7,0.466666666666667,6,mean,0.00112221091938587,0.000398586080536544,0.00162229024031877,1.70766538502377e-05,2.88429665534645e-06,7.68949488191212e-17,0.291567366384721,0.729332573572757,0.637503659603572,0.724412102927382,0.724411662743229,0.172054655203123,0.172055340135441,4.40184153727152e-07,6.84932317880638e-07,15,8,0.0207998149134877,0.0452556244388598,1.2,0.15
226,7,0.466666666666667,6,mean,0.00031446819713624,0.00117201595285201,0.000206369749106845,0.00046206255825289,4.7998578336718e-06,6.15159590552969e-17,0.174878212530982,0.585683081505774,0.469123441162346,0.838028104896721,0.838290408116161,0.168515930875735,0.168438065973608,-0.000262303219440096,-7.78649021268094e-05,15,8,0.0317841176464588,0.0480839413903729,1.2,0.15
227,7,0.466666666666667,6,mean,0.00291419590336985,0.00331077288196506,0.000824105037601237,0.000341793389253368,2.35368449443225e-05,5.38264641733848e-17,0.11413209927466,0.263256179278775,2.06876333497244,0.309340399244484,0.308479597978807,0.238297491646893,0.238216043139572,0.000860801265676364,-8.14485073205676e-05,15,8,0.0777892317029902,0.0440621759269426,1.2,0.15
228,7,0.466666666666667,6,mean,0.000478239652083201,0.00131486811216259,0.000462796933317668,0.000105402279322804,6.89035353254631e-06,6.15159590552969e-17,0.046999360600956,0.199523706760715,0.740033134597245,0.743211364953001,0.743220042641411,0.161813969084391,0.161796989050611,-8.67768840997485e-06,-1.69800337792805e-05,15,8,0.0344051301806328,0.0521874609876871,1.2,0.15
229,7,0.466666666666667,6,mean,0.0131638266198857,0.00695131822749383,0.00153491041857663,0.000634637494586663,2.17111845862368e-05,1.53789897638242e-17,0.638513559150372,0.333749375494107,1.64472020259773,0.103957868129617,0.102608902001522,0.227650835032501,0.227795310788087,0.00134896612809585,0.000144475755585588,15,8,0.0504351707728472,0.0448789622898351,1.2,0.15
230,7,0.466666666666667,6,mean,0.0027078201179653,0.000930633052467521,0.00423966977313751,7.41147934713409e-05,3.03087306522993e-05,3.07579795276485e-17,0.27044354291295,0.710384418854889,1.03363211234592,0.494170623138713,0.493759720696276,0.108387537916611,0.108393009321598,0.000410902442436822,5.47140498647361e-06,15,8,0.041386501569174,0.0556679727867548,1.2,0.15
201,7,0.466666666666667,6,none,0.00210400966714983,0.0034161397881815,0.00203898185709289,0.000127554986653181,2.91283548218382e-05,0.466666666666666,0.300033589382987,0.746143474577958,0.820028129924724,0.619669905738535,0.620380562669574,0.257980404438362,0.257956500950698,-0.000710656931039166,-2.39034876640426e-05,8,8,NaN,NaN,1.2,0.15
202,7,0.466666666666667,6,none,0.0720515072880591,0.137856873418103,0.00650569458080892,0.00274984146058258,0.000192956619804277,0.466666666666666,0.992352235386464,1.0939003536786,1.39714235324985,0.170303632416306,0.182574265828533,0.250357809507245,0.251046253791809,-0.0122706334122265,0.000688444284563658,8,8,NaN,NaN,1.2,0.15
203,7,0.466666666666667,6,none,0.00561186879664999,0.0228716228839902,0.00717490388632437,0.00116676147671986,0.000148583266793416,0.466666666666666,1.15592718500097,1.86908022340083,0.564540433221696,0.694831361493501,0.698716732099466,0.26282292600725,0.263129577672514,-0.0038853706059644,0.000306651665264054,8,8,NaN,NaN,1.2,0.15
204,7,0.466666666666667,6,none,0.0218223542178483,0.0396068343885565,0.0173899309731447,0.00178889194237958,0.000185208276778203,0.466666666666666,0.239708128550898,0.244261924938801,0.853510161353473,0.529232922627113,0.540782030928429,0.24116603027141,0.241597450239738,-0.011549108301316,0.000431419968328194,8,8,NaN,NaN,1.2,0.15
205,7,0.466666666666667,6,none,0.0237123388282335,0.0341874430863926,0.00629599684564005,0.000130142951190541,2.9206925393291e-05,0.466666666666666,1.85347522861699,2.2021101787665,1.41876360402223,0.138313992330884,0.14159374058172,0.296187404006534,0.296215493251186,-0.00327974825083561,2.80892446516207e-05,8,8,NaN,NaN,1.2,0.15
206,7,0.466666666666667,6,none,0.0136975346371609,0.0121317920953446,0.00573784212650369,0.0024976304422992,0.000163568464683473,0.466666666666666,0.0779333178498084,0.513712217080157,0.684144990445746,0.730816175518362,0.720805795640802,0.303090070568099,0.303847077555109,0.0100103798775602,0.000757006987009499,8,8,NaN,NaN,1.2,0.15
207,7,0.466666666666667,6,none,0.00205372983315248,0.00525266839682438,0.00277098905022556,9.60995787598803e-05,6.31547789913667e-06,0.466666666666666,0.228688860439052,0.666611666098774,0.921835757770065,0.623915090092474,0.624892508195881,0.298159732371074,0.298138530240063,-0.000977418103407668,-2.12021310113419e-05,8,8,NaN,NaN,1.2,0.15
208,7,0.466666666666667,6,none,0.00795835907906791,0.00699166501742211,0.00395319658373186,0.00738591570955734,0.000532064302578371,0.466666666666666,0.104482970470206,0.370394260275855,0.800477029088825,0.647484045491922,0.642481299657857,0.189699177986297,0.191100280125077,0.00500274583406506,0.00140110213877911,8,8,NaN,NaN,1.2,0.15
209,7,0.466666666666667,6,none,0.019473555612895,0.0830386090527132,0.0152760055454377,0.00111391007973321,4.54037681259811e-05,0.466666666666666,0.258870125664705,0.719413601624281,1.48398497619486,0.451989620055829,0.460791465058437,0.317639695355088,0.317295116708368,-0.00880184500260847,-0.000344578646720115,8,8,NaN,NaN,1.2,0.15
210,7,0.466666666666667,6,none,0.00518256838112878,0.00634967189209048,0.00394648818084858,0.00314867563431159,0.000976923768850441,0.466666666666666,0.0837900486968044,0.495362561186137,0.479997606793196,0.916126108150963,0.920848770623255,0.128705980652668,0.128703137951548,-0.00472266247229206,-2.84270111987228e-06,8,8,NaN,NaN,1.2,0.15
211,7,0.466666666666667,6,none,0.00159302866515907,0.0459477303290836,0.00422000254551809,0.00147092719609234,4.82831662948599e-05,0.466666666666666,0.0383289238954647,0.289540553082765,1.04185425773133,0.525886913924451,0.525537722806577,0.223240579886201,0.223568950526427,0.000349191117874426,0.000328370640226038,8,8,NaN,NaN,1.2,0.15
212,7,0.466666666666667,6,none,0.00399475212250325,0.0347100508782571,0.00350496118754327,0.0033791856942502,0.000177704702249406,0.466666666666666,1.55179969201884,1.697597606112,1.27312306965921,0.261334931329236,0.261464966398585,0.273468331842722,0.274392432117515,-0.000130035069348819,0.000924100274793392,8,8,NaN,NaN,1.2,0.15
213,7,0.466666666666667,6,none,0.00108740807605863,0.00407078689610216,0.00155474936359974,0.00358323334436268,0.000519639119687078,0.466666666666666,0.485884412034701,0.893958677019404,0.43188650722533,0.87541225150597,0.876002884880027,0.099987220540524,0.100345498083175,-0.000590633374057409,0.000358277542650951,8,8,NaN,NaN,1.2,0.15
214,7,0.466666666666667,6,none,0.00762838309777143,0.00719930319128543,0.00219910828623918,0.00385561730677098,0.000491498486927851,0.466666666666666,0.37140019496923,0.869193942601287,0.793153232815791,0.677496965498298,0.682665171898697,0.164646329192749,0.165281142429081,-0.00516820640039865,0.000634813236331877,8,8,NaN,NaN,1.2,0.15
215,7,0.466666666666667,6,none,0.0024752453899163,0.00635863591795101,0.00204358303497716,0.000112123137782597,2.52591456666134e-05,0.466666666666666,0.382895821520466,0.8453602834863,0.79583013325561,0.671400880245596,0.672112100111932,0.264174674618106,0.264149011979402,-0.00071121986633636,-2.5662638703694e-05,8,8,NaN,NaN,1.2,0.15
216,7,0.466666666666667,6,none,0.0646473017494377,0.0764770327925152,0.00519540086746041,0.00239640402044147,0.000202714027824177,0.466666666666666,0.210003859808089,0.476433177060155,1.59159206174246,0.163759311983133,0.153172714327079,0.218317963952119,0.218841141998669,0.0105865976560539,0.000523178046549454,8,8,NaN,NaN,1.2,0.15
217,7,0.466666666666667,6,none,0.015114173495239,0.0133677216353424,0.00906255936654526,9.23611562287725e-05,1.52959762446195e-05,0.466666666666666,0.831797874666163,0.456220564094774,1.86986859803749,0.553435616137662,0.561751769425849,0.318752576091467,0.318740260061755,-0.0083161532881868,-1.23160297117358e-05,8,8,NaN,NaN,1.2,0.15
218,7,0.466666666666667,6,none,0.0273827329101109,0.0238228156399144,0.00521423839901913,0.00133175789212279,5.27539934212894e-05,0.466666666666666,1.22640754781977,1.36707298189661,1.52547328125782,0.150586228929638,0.146540755637682,0.292442391755793,0.292831854219005,0.00404547329195596,0.000389462463212041,8,8,NaN,NaN,1.2,0.15
219,7,0.466666666666667,6,none,0.00956253866563084,0.0236266014311853,0.00778613599016041,0.000705053445704421,4.10781260472116e-05,0.466666666666666,0.254369970525818,0.711844162131743,1.3786368820281,0.462880280277805,0.45845396970009,0.371949336250492,0.371687092089342,0.00442631057771455,-0.000262244161150882,8,8,NaN,NaN,1.2,0.15
220,7,0.466666666666667,6,none,0.00167194088646423,0.0149384174368018,0.00254451392844069,0.000145428818091578,4.00200437184222e-05,0.466666666666666,0.168399071932808,0.29479720425205,1.43086864916956,0.58816062790616,0.588483038055204,0.297059261601367,0.297046566697439,-0.000322410149044139,-1.26949039280949e-05,8,8,NaN,NaN,1.2,0.15
221,7,0.466666666666667,6,none,0.00367123546562219,0.0014783218718638,0.000875319820156299,0.000319414848809863,7.84483853237262e-05,0.466666666666666,0.78982186969914,1.24811033328302,0.684076247275946,0.736878508068452,0.73955822442893,0.283071680542917,0.283160849730754,-0.00267971636047775,8.91691878371548e-05,8,8,NaN,NaN,1.2,0.15
222,7,0.466666666666667,6,none,0.00207988530554534,0.00705351448358159,0.00573396750559745,0.00604704529208163,0.000755889269962469,0.466666666666666,0.509915223742456,0.864944699210745,0.876358576453154,0.800436693177499,0.801754062036354,0.127400052690752,0.128170446579586,-0.00131736885885537,0.000770393888834563,8,8,NaN,NaN,1.2,0.15
223,7,0.466666666666667,6,none,0.00423956849943525,0.00846125793350578,0.0056470600024921,0.000998593338834608,6.37464034460188e-05,0.466666666666666,0.794942205262764,0.607292616068562,1.29578682624662,0.631765820639109,0.629312553467147,0.199721106557011,0.199920546723644,0.00245326717196157,0.000199440166632509,8,8,NaN,NaN,1.2,0.15
224,7,0.466666666666667,6,none,0.00392816364860722,0.00417726289730979,0.00244804467193663,0.000744699291734368,5.85985821050688e-05,0.466666666666666,0.0373173266680337,0.440981933260904,0.600596857544447,0.762273019763617,0.759424620911235,0.244169401482415,0.243987568702068,0.00284839885238203,-0.000181832780347159,8,8,NaN,NaN,1.2,0.15
225,7,0.466666666666667,6,none,0.00216404285597328,0.00818979407882286,0.00351441001684659,0.000955293549773697,6.95193850034081e-05,0.466666666666666,0.282738402187215,0.724681212293207,0.63699661751425,0.724412102927382,0.725570096879148,0.172054655203123,0.172219017905447,-0.00115799395176523,0.000164362702324081,8,8,NaN,NaN,1.2,0.15
226,7,0.466666666666667,6,none,0.00101668271972362,0.00921647257867223,0.00103464035931689,0.00382784353425016,0.000196279248260785,0.466666666666666,0.168681188663567,0.555420301177112,0.47403482876311,0.838028104896721,0.837450174221627,0.168515930875735,0.169160983492156,0.000577930675094007,0.000645052616420831,8,8,NaN,NaN,1.2,0.15
227,7,0.466666666666667,6,none,0.00541169579103733,0.0346909555591418,0.0122438235624667,0.005300039347441,0.000145518605439833,0.466666666666666,0.145070125726576,0.172806875865355,2.07031828340165,0.309340399244484,0.308059650481657,0.238297491646893,0.239560477729018,0.00128074876282643,0.00126298608212503,8,8,NaN,NaN,1.2,0.15
228,7,0.466666666666667,6,none,0.00517386653954754,0.0174213049121494,0.0136723317105248,0.0055534643687224,0.000799519219303556,0.466666666666666,0.0197015755062495,0.200244874712482,0.727180799214415,0.743211364953001,0.747056641365943,0.161813969084391,0.162712597196062,-0.00384527641294179,0.000898628111671711,8,8,NaN,NaN,1.2,0.15
229,7,0.466666666666667,6,none,0.0751316624366692,0.237976142554651,0.0213408817929031,0.00640826354817543,0.000174978029857598,0.466666666666666,0.641354119879975,0.329405414608118,1.64792632977309,0.103957868129617,0.0961473406736672,0.227650835032501,0.229109681580352,0.00781052745595018,0.00145884654785048,8,8,NaN,NaN,1.2,0.15
230,7,0.466666666666667,6,none,0.00418189943184441,0.00382448326599574,0.00597343262943084,0.00339494014805744,0.000577570733878066,0.466666666666666,0.270443542912639,0.709370629484515,1.03539360055523,0.494170623138713,0.495198149902035,0.108387537916611,0.108755507120633,-0.00102752676332207,0.000367969204022201,8,8,NaN,NaN,1.2,0.15
201,7,0.466666666666667,10.2,hold,0.00111553731577369,0.00151642216822461,0.00193092091001166,7.90104471457736e-05,4.03915463910106e-06,6.3325251968688e-17,0.345571460155696,0.826751967664523,0.821815256793742,0.616454826456683,0.617033029844574,0.256843355035923,0.256863648344251,-0.00057820338789099,2.0293308327809e-05,15,8,0.0545540857304458,0.0624790480404043,1.2,0.255
202,7,0.466666666666667,10.2,hold,0.0141207909595345,0.0365989862087811,0.0012711869053338,0.000162111113988246,2.40150790245893e-05,9.95111102365097e-17,1.04491044617977,1.09374136174135,1.42903955724881,0.160681919011297,0.162629978397905,0.251232225543705,0.251272953079658,-0.00194805938660788,4.07275359526363e-05,15,8,0.110304776851261,0.159799379823811,1.2,0.255
203,7,0.466666666666667,10.2,hold,0.00182267446648393,0.00265427295695342,0.00130802877411125,0.00024738357302275,3.95756029275955e-05,3.61858582678217e-17,1.24621034643413,2.15751317977937,0.571433234601538,0.694960207614072,0.693706313773403,0.265257115383265,0.265322735636238,0.00125389384066872,6.56202529732197e-05,15,8,0.0439450096900463,0.0820773209516803,1.2,0.255
204,7,0.466666666666667,10.2,hold,0.00576816512964071,0.00424516323699515,0.00355097706418859,0.000398549180790891,2.86017710823634e-05,5.88020196852102e-17,0.196829760890143,0.289925144097164,0.879489678904469,0.52268663025448,0.519830792637976,0.242669746266092,0.242764812973588,0.00285583761650379,9.50667074963638e-05,15,8,0.0740405356886612,0.143848785851203,1.2,0.255
205,7,0.466666666666667,10.2,hold,0.00542427388488823,0.016225084170454,0.0126927650071625,0.000748512874334867,0.000101756354702539,4.07090905512994e-17,1.88368788427853,2.28261347711883,1.41664808158033,0.140428566270625,0.140780927591709,0.295926180234087,0.296147684789845,-0.00035236132108418,0.000221504555757955,15,8,0.0560086140293904,0.116916360451717,1.2,0.255
206,7,0.466666666666667,10.2,hold,0.000122163666415611,0.000100928408384185,0.000147246392916803,1.60366488869321e-05,2.91959065559742e-06,4.97555551182548e-17,0.138464782702381,0.635486269042473,0.655686508764142,0.741284681449617,0.741199793347701,0.30427085822132,0.30427573770624,8.48881019162976e-05,4.87948491982082e-06,15,8,0.0227974886487849,0.0496133364498708,1.2,0.255
207,7,0.466666666666667,10.2,hold,0.00196776859995856,0.00672635456191969,0.00163973693064036,0.000396666829200657,2.52419514705198e-05,3.1662625984344e-17,0.281324094500605,0.750629765775231,0.925006257080601,0.624781647399439,0.625577374399505,0.297896301047248,0.297778135466081,-0.000795727000066281,-0.000118165581167016,15,8,0.0775627759766614,0.0550253380832535,1.2,0.255
208,7,0.466666666666667,10.2,hold,0.00085290850410347,0.00102879914456582,0.000651229164130655,0.000353435003576728,2.96305441620382e-05,1.80929291339108e-17,0.0793619324845633,0.496743838125133,0.811763291516969,0.650689174464744,0.650422534957571,0.187972843293289,0.18803927947583,0.000266639507173979,6.64361825416912e-05,15,8,0.0519023724545524,0.105077736502753,1.2,0.255
209,7,0.466666666666667,10.2,hold,0.000622727036470912,0.000391124521266445,0.000434565692088592,2.95076317093423e-05,1.25866365554765e-06,1.80929291339108e-17,0.296933732775974,0.779319334538105,1.49400111979222,0.450866371605387,0.450612593408597,0.320189618981196,0.32019906701855,0.0002537781967904,9.44803735405175e-06,15,8,0.0598428122586061,0.0785687142522349,1.2,0.255
210,7,0.466666666666667,10.2,hold,0.00403499434017161,0.00372568524811787,0.00665558110738124,0.0050008887468049,0.000836561807794453,6.78484842521657e-17,0.149995822592849,0.530144466319169,0.611343133401082,0.914585479434601,0.910895132201479,0.128852532382506,0.129496909561695,0.00369034723312175,0.00064437717918899,15,8,0.249722561721883,0.514596043330351,1.2,0.255
211,7,0.466666666666667,10.2,hold,0.00266395234860006,0.0187632524642833,0.0024477481131021,0.000335607711949518,4.1870658890421e-05,7.68949488191211e-17,0.0514808196652391,0.39782887887928,1.0460577168253,0.524420526677302,0.523198641897904,0.223419351449529,0.223372408887776,0.00122188477939734,-4.69425617538455e-05,15,8,0.0680163522335164,0.142991591289785,1.2,0.255
212,7,0.466666666666667,10.2,hold,0.00657400776479396,0.0120549166202947,0.00162191016521064,0.000691191993747769,2.51569273956938e-05,6.3325251968688e-17,1.58256678079661,1.69096171547225,1.2580475170075,0.265752189746186,0.264018412248636,0.274476173078156,0.274665888811462,0.00173377749755037,0.000189715733306148,15,8,0.037393554482575,0.0490592890922263,1.2,0.255
213,7,0.466666666666667,10.2,hold,0.00156933976396314,0.00115205516441155,0.00138341824680572,0.00101373756233849,3.40026425437898e-05,0,0.541353863920181,1.00859486705528,0.451313486562517,0.872167985399024,0.870808116110818,0.0994968351178286,0.0995976987969214,0.00135986928820567,0.000100863679092742,15,8,0.0950299839656923,0.180377539382667,1.2,0.255
214,7,0.466666666666667,10.2,hold,0.00118126648618494,0.00440372020069375,0.00288993917349216,0.000471863615929476,5.8920339329566e-05,6.78484842521657e-17,0.484271516588163,0.973696526488054,0.816440995897995,0.673134034661924,0.672396941897053,0.163489207893029,0.163566352501831,0.000737092764870955,7.71446088018507e-05,15,8,0.0616414805709148,0.114557117820016,1.2,0.255
215,7,0.466666666666667,10.2,hold,0.000170665806558078,0.000323800755833868,0.000256719656735218,7.11716103561527e-05,2.07166791913504e-06,4.97555551182548e-17,0.486807337585633,0.962200797007613,0.802811402796368,0.671087494214146,0.670985205799453,0.263019681400256,0.263038400934537,0.00010228841469291,1.87195342806185e-05,15,8,0.033867724944424,0.0597963989486667,1.2,0.255
216,7,0.466666666666667,10.2,hold,0.0165392959311646,0.025168006854146,0.00467325454727567,0.000288010658173408,9.77963364168819e-06,6.78484842521657e-17,0.206751956117784,0.596024367776249,1.57711230300588,0.175349490945206,0.172541108471489,0.221394250448839,0.221458014352627,0.00280838247371696,6.37639037875787e-05,15,8,0.0649804388304379,0.15051236554883,1.2,0.255
217,7,0.466666666666667,10.2,hold,0.000541896768337709,0.000634957872398961,0.000327598758377044,5.76412231627312e-05,1.04002590384378e-06,4.97555551182548e-17,0.802446728606167,0.378974421263511,1.88153529965418,0.546133392757736,0.545959681923914,0.318504644301917,0.318523003299197,0.000173710833821476,1.83589972805731e-05,15,8,0.0337228808964287,0.0630661785381437,1.2,0.255
218,7,0.466666666666667,10.2,hold,0.0129633440843968,0.0216654167734729,0.000781996237688576,0.00015652090706981,1.02065529675804e-06,7.68949488191211e-17,1.44467278262726,1.47584696289757,1.50783165416183,0.154417413284555,0.152438764485043,0.292665219519477,0.292619770687064,0.00197864879951229,-4.54488324129004e-05,15,8,0.0844699433504167,0.110166084529472,1.2,0.255
219,7,0.466666666666667,10.2,hold,0.00297179055712946,0.00192630516393687,0.004333149766793,0.000118241947590298,2.03570163288526e-05,8.14181811025988e-17,0.323043993705787,0.825745089894633,1.38080444164116,0.465289877658764,0.466657291254068,0.37174679214134,0.371702836076626,-0.0013674135953043,-4.39560647132375e-05,15,8,0.108940341406965,0.0689272541534192,1.2,0.255
220,7,0.466666666666667,10.2,hold,0.0021333506523969,0.00464401855187631,0.00220418284621742,0.000260999852140599,1.17653406267563e-05,9.04646456695542e-17,0.154158467992641,0.351191045253455,1.46109362900439,0.589985441053409,0.591000874530374,0.29879684942275,0.29871886348923,-0.00101543347696495,-7.79859335194144e-05,15,8,0.0575184954255601,0.0950222389729598,1.2,0.255
221,7,0.466666666666667,10.2,hold,0.00102833799706432,0.000717826478332238,0.00122334639060172,0.000163982516055986,1.57589721502317e-05,2.26161614173886e-17,0.880402598402545,1.40991835293811,0.698795659983387,0.736145556159055,0.735466832989835,0.283196832028892,0.283243271357948,0.000678723169220476,4.64393290551823e-05,15,8,0.0449529014259842,0.0833637501601674,1.2,0.255
222,7,0.466666666666667,10.2,hold,0.00033816703026987,0.000174845207437738,0.000332785442812896,0.000111884742516908,1.82444743118998e-05,8.14181811025988e-17,0.564371619414439,0.920192083894323,0.906810775925993,0.797942956744709,0.797776368586196,0.127132046923731,0.127146271060066,0.000166588158512824,1.4224136335709e-05,15,8,0.0385981251115211,0.0793184488746271,1.2,0.255
223,7,0.466666666666667,10.2,hold,0.00348491194784939,0.00674536769625337,0.00297278462020203,0.00133249209840535,8.97577991812108e-05,9.04646456695542e-18,0.856820752527795,0.559933430676521,1.40269653929336,0.631718246262418,0.629591565232933,0.196823045321248,0.197085310473922,0.00212668102948458,0.00026226515267464,15,8,0.143437236009959,0.196694452255131,1.2,0.255
224,7,0.466666666666667,10.2,hold,0.000269037768755966,0.000759165625951804,0.000151422590582836,0.000163131941979475,9.55998549965512e-06,2.26161614173886e-17,0.0949242301267741,0.552193245926877,0.589402947488065,0.763935855938713,0.763736227966273,0.243491386203349,0.243531107426036,0.00019962797244069,3.97212226866267e-05,15,8,0.0215007615384186,0.0478106361196144,1.2,0.255
225,7,0.466666666666667,10.2,hold,0.00246440862717303,0.0062012563432383,0.00457960978129757,0.00122651805685655,0.000118117663293264,6.3325251968688e-17,0.344116363967993,0.819325985647907,0.639355974677302,0.721973315722292,0.723231867196836,0.172323341653194,0.17253469934335,-0.00125855147454428,0.000211357690155504,15,8,0.0583214141094599,0.132747120303401,1.2,0.255
226,7,0.466666666666667,10.2,hold,0.00124073100996111,0.00374226878967954,0.00161375983389714,0.000848503839165803,2.5878536625957e-05,7.23717165356434e-17,0.22737936953014,0.641519155493643,0.464801493955234,0.841433810705956,0.840400350575799,0.168295200922579,0.168438000046675,0.00103346013015755,0.000142799124095988,15,8,0.0753506267587946,0.151492914364964,1.2,0.255
227,7,0.466666666666667,10.2,hold,0.00329869258918262,0.00387275510426681,0.00102158807889043,0.000913453493956591,4.14669138319479e-05,8.14181811025988e-17,0.0639244209675714,0.364343242398079,2.07117376167287,0.312902662733254,0.311971607229104,0.235418595642728,0.235633639581461,0.000931055504149633,0.000215043938732204,15,8,0.0551787585972495,0.0724842375601602,1.2,0.255
228,7,0.466666666666667,10.2,hold,0.00301016169295802,0.00680825403459383,0.00191282963311282,0.00370874771583353,0.000163592467767023,6.78484842521657e-17,0.0385740191973196,0.268221456050195,0.752231967286297,0.745696309265577,0.743502185416176,0.16238323784902,0.162985476311483,0.00219412384940032,0.000602238462462208,15,8,0.076185424781659,0.198244099234831,1.2,0.255
229,7,0.466666666666667,10.2,hold,0.0181005418167997,0.0055656455992505,0.00320842244899949,0.00169144075899573,9.5908649674524e-05,2.26161614173886e-17,0.586013271708628,0.285932602173441,1.63727912807749,0.110897494888555,0.112555395074371,0.227357107006652,0.227741668084291,-0.00165790018581541,0.000384561077638405,15,8,0.0649264695070926,0.114661355330576,1.2,0.255
230,7,0.466666666666667,10.2,hold,0.00618114017951707,0.00887218897633939,0.00908788262129732,0.000750273768572813,8.22861787108028e-05,3.61858582678217e-17,0.322943542912923,0.791282705711568,1.03882346544947,0.48898322665365,0.492004629815077,0.110618412617553,0.110548901213508,-0.00302140316142756,-6.95114040447474e-05,15,8,0.12797695805375,0.265088325530631,1.2,0.255
201,7,0.466666666666667,10.2,kalman,0.000611137738631116,0.00213084923350933,0.00203948481607028,0.000538062496820881,2.61509922758299e-05,2.26161614173886e-17,0.345571454578405,0.826167912265844,0.821392053953157,0.616454826456683,0.616608798697315,0.256843355035923,0.25670515725902,-0.000153972240632039,-0.000138197776902481,15,8,0.058194411508482,0.0713383361553204,1.2,0.255
202,7,0.466666666666667,10.2,kalman,0.00893559352364741,0.0209627654999661,0.000444295385684615,0.000228155742921899,2.56992362950785e-05,6.78484842521657e-17,1.04491044711578,1.09293275987022,1.4292489411134,0.160681919011297,0.161998054723934,0.251232225543705,0.25128954561877,-0.00131613571263684,5.73200750648462e-05,15,8,0.0886792238928557,0.0772709706504726,1.2,0.255
203,7,0.466666666666667,10.2,kalman,0.00100922497571726,0.00258476772795808,0.00122335088633912,6.27595925478672e-05,1.25026163018125e-05,5.42787874017325e-17,1.24788085618457,2.15918707053223,0.567170356538114,0.694960207614072,0.694681200542794,0.265257115383265,0.265273762811746,0.000279007071278053,1.66474284818763e-05,15,8,0.0373184536182586,0.0630548200857426,1.2,0.255
204,7,0.466666666666667,10.2,kalman,0.00621486366954611,0.0103323300674643,0.0054349337755508,0.000198559386386859,3.03949667027363e-05,6.78484842521657e-17,0.195636495304605,0.289621346788837,0.880175707679436,0.52268663025448,0.519438204105554,0.242669746266092,0.242665782604173,0.00324842614892605,-3.96366191870778e-06,15,8,0.0463675070997834,0.0755158543332186,1.2,0.255
205,7,0.466666666666667,10.2,kalman,0.0116759148175664,0.00670317787989459,0.00426498457211033,8.95551843703901e-05,2.78244614942745e-05,5.42787874017325e-17,1.88301893039401,2.28279938350414,1.42196724638334,0.140428566270625,0.142003910441664,0.295926180234087,0.29590062485965,-0.00157534417103946,-2.55553744372877e-05,15,8,0.0368732277180997,0.0622555144337964,1.2,0.255
206,7,0.466666666666667,10.2,kalman,0.000624696458186888,0.00110300402611829,0.0001660835576507,0.000114675962353366,2.27708578548316e-06,3.61858582678217e-17,0.138464782831736,0.635453796539731,0.656252093121284,0.741284681449617,0.741120268408501,0.30427085822132,0.304235965667838,0.000164413041116522,-3.48925534826144e-05,15,8,0.0225767977481447,0.0513060990673067,1.2,0.255
207,7,0.466666666666667,10.2,kalman,0.00333063586107548,0.00672791854785038,0.00170435886534749,0.000791670465888752,4.81664704022815e-05,3.1662625984344e-17,0.281324140426954,0.750460891200098,0.923446358876538,0.624781647399439,0.626851688818978,0.297896301047248,0.297660465343811,-0.00207004141953931,-0.00023583570343661,15,8,0.0799091446605606,0.0634282425997155,1.2,0.255
208,7,0.466666666666667,10.2,kalman,0.00027433992009174,0.000712321383932272,0.000176982456346186,0.000159930775039968,5.99608503086665e-06,1.35696968504331e-17,0.079459989514239,0.49788170351998,0.812138105806312,0.650689174464744,0.650809436955384,0.187972843293289,0.187942780650774,-0.000120262490639501,-3.00626425143621e-05,15,8,0.0419120773248173,0.0717965634912165,1.2,0.255
209,7,0.466666666666667,10.2,kalman,0.000812230962513274,0.000567333997453742,0.000634636645528447,6.97973974654454e-05,7.20173189293564e-06,2.71393937008663e-17,0.296887893069336,0.779339636555642,1.49412786332494,0.450866371605387,0.450919369206124,0.320189618981196,0.320167270579096,-5.29976007373217e-05,-2.23484021003401e-05,15,8,0.0584171359005737,0.0643943988706805,1.2,0.255
210,7,0.466666666666667,10.2,kalman,0.00489413933602802,0.00319776798228912,0.00658613884028864,0.00425525222942806,0.000641264100326405,7.23717165356434e-17,0.16622997189898,0.509717996921645,0.628038960384381,0.914585479434601,0.91010937066354,0.128852532382506,0.129400832408194,0.00447610877106092,0.000548300025688112,15,8,0.240934469384627,0.531360633676112,1.2,0.255
211,7,0.466666666666667,10.2,kalman,0.0022414290846417,0.0573915301271595,0.00147891204834514,0.00124672198992643,2.35720893034269e-05,5.42787874017325e-17,0.0393296829632296,0.396972831296341,1.04721716593379,0.524420526677302,0.525160033210287,0.223419351449529,0.223697893267957,-0.000739506532985725,0.00027854181842723,15,8,0.0534030401016013,0.0685327914060962,1.2,0.255
212,7,0.466666666666667,10.2,kalman,0.00613056102142218,0.0112870789445736,0.000906974573106496,0.000492190143497799,2.07876474069681e-05,5.88020196852102e-17,1.57990545662938,1.68692830173431,1.25818548026721,0.265752189746186,0.264130491714607,0.274476173078156,0.27461126754517,0.00162169803157973,0.000135094467014064,15,8,0.0413530090378244,0.0650740769637457,1.2,0.255
213,7,0.466666666666667,10.2,kalman,0.000603751475781095,0.00196428155467206,0.000603136615864545,0.000208908682962064,6.70357069462289e-06,1.35696968504331e-17,0.539643332643019,1.0071991593863,0.448018951806935,0.872167985399024,0.872117264964138,0.0994968351178286,0.09950860503352,5.07204348856479e-05,1.17699156913943e-05,15,8,0.0771514884750638,0.0923648371940864,1.2,0.255
214,7,0.466666666666667,10.2,kalman,0.000454219467089665,0.000705585091525778,0.00104547413765814,0.000149490604526717,3.84890582330145e-06,5.88020196852102e-17,0.484014755948253,0.972961610110919,0.814827567007453,0.673134034661924,0.673012474578517,0.163489207893029,0.163513647993551,0.000121560083407073,2.44401005215231e-05,15,8,0.0451646697684675,0.0763221458059857,1.2,0.255
215,7,0.466666666666667,10.2,kalman,0.000576323700890756,0.000576786518137475,0.000644017272120648,1.14001156065898e-05,9.69889321737377e-07,3.61858582678217e-17,0.486020862938099,0.962197429701034,0.802992992522782,0.671087494214146,0.670705265642395,0.263019681400256,0.263017023634406,0.000382228571750435,-2.65776585062383e-06,15,8,0.0331560880651406,0.0690350361158634,1.2,0.255
216,7,0.466666666666667,10.2,kalman,0.0133119650095078,0.0149816907978709,0.00318537417518526,0.000513034340292139,3.32985578833846e-05,3.1662625984344e-17,0.196307755320209,0.566186447378351,1.57817835777021,0.175349490945206,0.173179282522707,0.221394250448839,0.221507833302063,0.0021702084224989,0.000113582853223493,15,8,0.0580655868177527,0.073013682139001,1.2,0.255
217,7,0.466666666666667,10.2,kalman,0.00121894648163185,0.00805352260437464,0.000905569176437589,0.000247916415997482,1.2188267871147e-05,3.1662625984344e-17,0.801789700796698,0.379131938505179,1.88280196153729,0.546133392757736,0.54669373482122,0.318504644301917,0.318425681772023,-0.000560342063484389,-7.8962529893884e-05,15,8,0.0331944829002172,0.0639405846067236,1.2,0.255
218,7,0.466666666666667,10.2,kalman,0.00720024491209612,0.019452339816471,0.000829093656936522,0.00017645885809064,4.21822972171867e-06,9.04646456695542e-17,1.43467980645565,1.43544166047514,1.50732323051138,0.154417413284555,0.153338715623149,0.292665219519477,0.292613576149038,0.00107869766140639,-5.16433704392533e-05,15,8,0.067414342695774,0.0615426365228489,1.2,0.255
219,7,0.466666666666667,10.2,kalman,0.00703843077485315,0.00709224277841194,0.00790628960602109,0.000269155133172168,3.33116770166608e-05,8.59414133860765e-17,0.32087442800603,0.825611795349065,1.3820090423775,0.465289877658764,0.468564788252905,0.37174679214134,0.371646734583995,-0.0032749105941411,-0.000100057557345128,15,8,0.133633737613147,0.0744618973343902,1.2,0.255
220,7,0.466666666666667,10.2,kalman,0.00183332539218902,0.00703461512091269,0.00132935377103808,0.000213338269433437,9.50829061515722e-06,8.59414133860765e-17,0.155401712739467,0.351282540755637,1.46102605116201,0.589985441053409,0.590823407617475,0.29879684942275,0.298733104619982,-0.000837966564066128,-6.37448027680126e-05,15,8,0.0458582998752588,0.0638839104999169,1.2,0.255
221,7,0.466666666666667,10.2,kalman,0.00102127380801872,0.00422564352736921,0.000752906770001388,7.34976403486204e-05,3.32654458958958e-06,2.71393937008663e-17,0.880659223354667,1.40550328472433,0.696552200112623,0.736145556159055,0.736896759315142,0.283196832028892,0.283217646327801,-0.000751203156087108,2.08142989083282e-05,15,8,0.0438598813724004,0.0664406516293288,1.2,0.255
222,7,0.466666666666667,10.2,kalman,0.000385998480378128,0.00464866673511331,0.000705066298152917,0.000770196916342908,3.68433672598231e-05,6.3325251968688e-17,0.563239026608523,0.918954174344468,0.90677271344397,0.797942956744709,0.797807659341811,0.127132046923731,0.127034130213222,0.000135297402897913,-9.79167105090192e-05,15,8,0.0335114705977916,0.0701030714939597,1.2,0.255
223,7,0.466666666666667,10.2,kalman,0.00349902458681435,0.00561595786099239,0.00397674341772872,0.00109561649784934,0.000124910615529773,1.80929291339108e-17,0.82632456030155,0.527608645692392,1.37746621623544,0.631718246262418,0.630613491797874,0.196823045321248,0.197038687896858,0.00110475446454432,0.000215642575610908,15,8,0.220549669480931,0.479410587500396,1.2,0.255
224,7,0.466666666666667,10.2,kalman,0.00138329963883608,0.000664687856338551,0.000386511210692432,5.4688909930873e-05,8.18138768215481e-06,5.88020196852102e-17,0.0960137524593289,0.552684282541142,0.589649829591634,0.763935855938713,0.762896218617165,0.243491386203349,0.243502622452323,0.00103963732154885,1.12362489737028e-05,15,8,0.0225113407122216,0.0512999992241889,1.2,0.255
225,7,0.466666666666667,10.2,kalman,0.000946482454466949,0.00281699599120732,0.00143365090154148,0.000237268956383671,6.16196325599555e-06,6.3325251968688e-17,0.34406635670633,0.820497223691507,0.640834495504428,0.721973315722292,0.722011592614888,0.172323341653194,0.172364228632629,-3.82768925959029e-05,4.08869794346001e-05,15,8,0.0374807662973351,0.0755944818374126,1.2,0.255
226,7,0.466666666666667,10.2,kalman,0.000641117400171464,0.00254829103013805,0.00135337800094712,0.00118327296340855,3.61808347297835e-05,8.14181811025988e-17,0.227379782134321,0.641248337214827,0.461771149715108,0.841433810705956,0.841223394896515,0.168295200922579,0.168096061761456,0.000210415809441272,-0.000199139161123097,15,8,0.0537614786021662,0.0832317305559647,1.2,0.255
227,7,0.466666666666667,10.2,kalman,0.00335593250711903,0.0121801888491868,0.00154610612608748,0.000625993883497019,7.15809553738683e-05,5.88020196852102e-17,0.0781773783523629,0.345056803189976,2.0759121474275,0.312902662733254,0.312663363471849,0.235418595642728,0.235271225041795,0.000239299261404604,-0.000147370600933806,15,8,0.0850857807315196,0.070535716274039,1.2,0.255
228,7,0.466666666666667,10.2,kalman,0.00102715930398744,0.0256437913405643,0.00147216997216228,0.00337364288321496,1.28284519518271e-05,7.68949488191211e-17,0.0403996124633432,0.267270389083769,0.750835693097023,0.745696309265577,0.745203987534827,0.16238323784902,0.161837073520112,0.000492321730749257,-0.000546164328907995,15,8,0.0494001312430802,0.0911471835369606,1.2,0.255
229,7,0.466666666666667,10.2,kalman,0.0249224076605148,0.0169970267133489,0.00326961363138509,0.00187988829502273,0.000112497397277297,3.1662625984344e-17,0.588149940098202,0.285686669203544,1.64239507944038,0.110897494888555,0.108139071098857,0.227357107006652,0.227784512970904,0.0027584237896985,0.000427405964252035,15,8,0.0681882719073113,0.0715241964108877,1.2,0.255
230,7,0.466666666666667,10.2,kalman,0.00422319054102142,0.00966853406971353,0.00618752621683165,0.000376764997602072,5.67440075100118e-05,2.71393937008663e-17,0.322943542912923,0.787452269368947,1.04594406593536,0.48898322665365,0.487451863068446,0.110618412617553,0.110650698730638,0.00153136358520353,3.22861130844458e-05,15,8,0.0865942054406116,0.104919531776995,1.2,0.255
201,7,0.466666666666667,10.2,kalman-gm,0.000342449936091362,0.00100367860395286,0.000478903767082356,0.000123765386447002,1.84483323875392e-06,5.88020196852102e-17,0.345571463289476,0.826888843594664,0.823862243263999,0.616454826456683,0.616463846370053,0.256843355035923,0.256875143353015,-9.01991336956525e-06,3.17883170923655e-05,15,8,0.0429162990584917,0.0376757185451702,1.2,0.255
202,7,0.466666666666667,10.2,kalman-gm,0.00545681661386426,0.010086508933211,0.00076480585973204,5.14159271634737e-05,4.59151067927138e-06,4.52323228347771e-17,1.04491044661128,1.09337944489489,1.43062654487361,0.160681919011297,0.161302586859797,0.251232225543705,0.251219938050812,-0.000620667848499802,-1.22874928930417e-05,15,8,0.0746487052678045,0.0664080254853785,1.2,0.255
203,7,0.466666666666667,10.2,kalman-gm,0.00149547355739852,0.00349556109499653,0.00155192929657822,3.4853221925163e-05,6.73038481877172e-06,3.61858582678217e-17,1.24737162485567,2.1586822171801,0.569177266530851,0.694960207614072,0.69396212801529,0.265257115383265,0.265266360448374,0.000998079598782287,9.24506510968148e-06,15,8,0.0266478227109092,0.0387244923250491,1.2,0.255
204,7,0.466666666666667,10.2,kalman-gm,0.004140269034516,0.00217394240659658,0.00263642247569182,0.000166850971586296,3.06023632544626e-05,5.42787874017325e-17,0.196764272501452,0.290133521527158,0.879050013407789,0.52268663025448,0.520619895456158,0.242669746266092,0.242706850817609,0.0020667347983222,3.71045515166649e-05,15,8,0.0446524167009025,0.0582226460056985,1.2,0.255
205,7,0.466666666666667,10.2,kalman-gm,0.0139978520003723,0.00443292859898717,0.00430710209128188,0.000225080324361593,5.46281917201754e-05,2.71393937008663e-17,1.88359172525508,2.28274336747046,1.41984089752879,0.140428566270625,0.142209516799545,0.295926180234087,0.295992787394722,-0.0017809505289205,6.66071606341756e-05,15,8,0.0346977542003633,0.0535163503714466,1.2,0.255
206,7,0.466666666666667,10.2,kalman-gm,7.95690133626083e-05,2.31588749719695e-05,3.50444624229544e-05,4.45284899774741e-06,1.13311493202584e-06,5.88020196852102e-17,0.138464782850825,0.635486086651727,0.655575568245322,0.741284681449617,0.74129306758409,0.30427085822132,0.304272213093507,-8.38613447196046e-06,1.35487218607455e-06,15,8,0.01272059279655,0.0276616118489865,1.2,0.255
207,7,0.466666666666667,10.2,kalman-gm,0.00245226387780159,0.00691290317637739,0.00100465144331056,0.000451920691515077,3.3783370934546e-05,4.07090905512994e-17,0.28132410148236,0.750634802403268,0.924167236526161,0.624781647399439,0.626307963739968,0.297896301047248,0.297761675544879,-0.00152631634052916,-0.000134625502369056,15,8,0.0683675812789412,0.0325149115237089,1.2,0.255
208,7,0.466666666666667,10.2,kalman-gm,0.000217556320713817,0.000467337896342032,0.000143492533588391,7.40865253349353e-05,7.50411338694083e-06,3.1662625984344e-17,0.0794901638535786,0.496998882502268,0.811242027681462,0.650689174464744,0.650710901667944,0.187972843293289,0.187986769548106,-2.17272031995625e-05,1.39262548169281e-05,15,8,0.0219761675227817,0.0432144573045559,1.2,0.255
209,7,0.466666666666667,10.2,kalman-gm,0.00151916988724561,0.000327169167752036,0.000638145778312835,3.11415110154143e-05,1.13487389411109e-05,3.61858582678217e-17,0.296887827175438,0.779314077195359,1.49336296775669,0.450866371605387,0.450181456206083,0.320189618981196,0.320199590169742,0.000684915399304501,9.97118854652423e-06,15,8,0.0476232928326743,0.0413493202851581,1.2,0.255
210,7,0.466666666666667,10.2,kalman-gm,0.00401100223680195,0.00421967252610201,0.00619580120363617,0.00383091424616539,0.000604957508949807,5.42787874017325e-17,0.16103793703355,0.528449194896326,0.616517454758892,0.914585479434601,0.91092942820253,0.128852532382506,0.129346155384465,0.00365605123207089,0.000493623001958631,15,8,0.265555693435877,0.699163108972473,1.2,0.255
211,7,0.466666666666667,10.2,kalman-gm,0.00174129411208019,0.00193524720980466,0.00165135623452816,0.000217583293804596,3.94180952827092e-05,8.14181811025988e-17,0.0453398607406836,0.397022429917538,1.04649009162177,0.524420526677302,0.524709457710034,0.223419351449529,0.223467963767918,-0.000288931032732652,4.86123183880752e-05,15,8,0.0417555737647612,0.0625505461095257,1.2,0.255
212,7,0.466666666666667,10.2,kalman-gm,0.00569903754616867,0.010711559946722,0.00136767691585937,0.000575471106091216,1.65403687409477e-05,6.3325251968688e-17,1.58021839449354,1.68843285878855,1.25794757550673,0.265752189746186,0.264245425182523,0.274476173078156,0.274634126185073,0.00150676456366362,0.00015795310691697,15,8,0.042969954979819,0.0323263740066424,1.2,0.255
213,7,0.466666666666667,10.2,kalman-gm,0.00112196972918791,0.000713476434043674,0.00101327878250305,0.00043015977403524,9.47909692864999e-06,4.52323228347771e-18,0.540345044916126,1.00755300835228,0.450023105419661,0.872167985399024,0.87119346127912,0.0994968351178286,0.0995395371112815,0.000974524119903446,4.27019934528262e-05,15,8,0.0680090983313506,0.092352655707078,1.2,0.255
214,7,0.466666666666667,10.2,kalman-gm,0.000504377009347248,0.000722067574578878,0.00142250236310519,0.000332391238626322,1.91359674879824e-05,5.42787874017325e-17,0.484257742229336,0.973271043036218,0.815588230784973,0.673134034661924,0.672836929006324,0.163489207893029,0.163543550273343,0.00029710565559996,5.43423803136003e-05,15,8,0.0398931488254105,0.0521012363716222,1.2,0.255
215,7,0.466666666666667,10.2,kalman-gm,0.000116872983376591,0.00035219498870454,0.000181940249333728,2.52302545404465e-05,1.02276750810823e-06,3.61858582678217e-17,0.486452377996722,0.962194798840203,0.802633995558783,0.671087494214146,0.671009078988099,0.263019681400256,0.263026317453767,7.84152260468299e-05,6.63605351087559e-06,15,8,0.0209652470837498,0.036257013885181,1.2,0.255
216,7,0.466666666666667,10.2,kalman-gm,0.0171147851279296,0.0147083885342487,0.0016283454400013,0.000685518722201045,5.08786999099057e-05,7.23717165356434e-17,0.19697578790218,0.566453952867973,1.58058729968395,0.175349490945206,0.172365085092326,0.221394250448839,0.22154602035251,0.00298440585287952,0.000151769903670347,15,8,0.0587927186434742,0.0788469335815583,1.2,0.255
217,7,0.466666666666667,10.2,kalman-gm,0.000758472651603152,0.000385013500140062,0.000616417105234227,2.40318492789492e-05,6.76875907529896e-07,4.52323228347771e-17,0.7997464058019,0.378975774677876,1.87952968152547,0.546133392757736,0.546228094536838,0.318504644301917,0.318512298557523,-9.47017791021106e-05,7.65425560650901e-06,15,8,0.0213890674446691,0.0316581836142518,1.2,0.255
218,7,0.466666666666667,10.2,kalman-gm,0.00551032406351952,0.0127152938420522,0.000395711591998542,0.00025389767980785,3.93859239766997e-06,7.23717165356434e-17,1.45162620052392,1.47615516949597,1.50561407176468,0.154417413284555,0.153646379167683,0.292665219519477,0.292590912499281,0.000771034116872288,-7.43070201964502e-05,15,8,0.0618920037650516,0.0490588855367131,1.2,0.255
219,7,0.466666666666667,10.2,kalman-gm,0.00312559276797573,0.00241014862600139,0.00435349828014928,0.000125981290672163,1.59726268284722e-05,7.68949488191211e-17,0.323515539015671,0.825787122245232,1.38050226519154,0.465289877658764,0.466729015057785,0.37174679214134,0.371699959000662,-0.00143913739902148,-4.68331406772021e-05,15,8,0.128225456962261,0.044051496650604,1.2,0.255
220,7,0.466666666666667,10.2,kalman-gm,0.00134380054078162,0.00156719551531579,0.00116681855399755,0.000147221654449047,1.07602608360978e-05,6.3325251968688e-17,0.154947268811434,0.351189982521408,1.46068309196026,0.589985441053409,0.590671737257229,0.29879684942275,0.298752860056233,-0.000686296203819734,-4.398936651618e-05,15,8,0.0373935848509628,0.039515104028403,1.2,0.255
221,7,0.466666666666667,10.2,kalman-gm,0.000193427717762066,0.000227217581346685,0.000238403414452431,4.59483470876727e-05,2.81974957979064e-06,3.1662625984344e-17,0.881432307186159,1.40934818314487,0.69797770659639,0.736145556159055,0.73611120418439,0.283196832028892,0.283209844455225,3.43519746651634e-05,1.30124263321929e-05,15,8,0.0312632277759633,0.0361935469298722,1.2,0.255
222,7,0.466666666666667,10.2,kalman-gm,0.000962588835401028,0.00488145865251838,0.00107858622907261,0.000621028792646252,2.55577162750176e-05,3.61858582678217e-17,0.563908575185594,0.919540098939608,0.905311668345452,0.797942956744709,0.798614778216294,0.127132046923731,0.127053094262123,-0.000671821471584455,-7.8952661607691e-05,15,8,0.026395581600556,0.0368000674270554,1.2,0.255
223,7,0.466666666666667,10.2,kalman-gm,0.00180548899038715,0.0022703512746299,0.00401507562414601,0.00206960242483246,0.000158713814369122,9.04646456695542e-18,0.790061619599451,0.509359203205126,1.34425336795893,0.631718246262418,0.632568540041371,0.196823045321248,0.197230390773107,-0.000850293778953505,0.000407345451859764,15,8,0.245145085945927,0.864519055252903,1.2,0.255
224,7,0.466666666666667,10.2,kalman-gm,0.000235661408410519,0.000789088635188714,0.00012968480787979,0.000108878724472079,4.54489274629838e-06,3.61858582678217e-17,0.0945826878887797,0.552165404443868,0.589479338941816,0.763935855938713,0.76377391931705,0.243491386203349,0.243517897234899,0.000161936621663064,2.65110315497591e-05,15,8,0.0131774819605913,0.0270173205524569,1.2,0.255
225,7,0.466666666666667,10.2,kalman-gm,0.00195062689228047,0.00311309366142572,0.00309115133065551,0.000424656086293437,3.99387160776446e-05,8.59414133860765e-17,0.3441059648193,0.820423823250773,0.639559001855841,0.721973315722292,0.722838794691055,0.172323341653194,0.172396519809038,-0.00086547896876265,7.31781558434522e-05,15,8,0.0289937887295928,0.0545764379975058,1.2,0.255
226,7,0.466666666666667,10.2,kalman-gm,0.000904668322478571,0.00405158346646964,0.00136513793475929,0.000222683550501461,2.86221788845178e-06,4.97555551182548e-17,0.22737951224762,0.641459035184103,0.463430984246141,0.841433810705956,0.840776355364297,0.168295200922579,0.168332226887869,0.000657455341659841,3.70259652904817e-05,15,8,0.046749848080288,0.0610853971257508,1.2,0.255
227,7,0.466666666666667,10.2,kalman-gm,0.0025855825292927,0.00446847371980051,0.0014064746007959,0.00048298275211452,9.57705615536053e-05,4.97555551182548e-17,0.076252969051742,0.345189166144936,2.07249614589659,0.312902662733254,0.312130933151841,0.235418595642728,0.235304892521506,0.000771729581412939,-0.00011370312122246,15,8,0.0739062583913535,0.042818840181754,1.2,0.255
228,7,0.466666666666667,10.2,kalman-gm,0.000966511639734837,0.00238435092053384,0.000825496922135133,0.00102003011919031,6.28127190474427e-06,7.23717165356434e-17,0.0403733422361798,0.267475097533263,0.751818682058487,0.745696309265577,0.745177183348335,0.16238323784902,0.162548873642478,0.000519125917241403,0.000165635793457644,15,8,0.041364092779495,0.0890373894483245,1.2,0.255
229,7,0.466666666666667,10.2,kalman-gm,0.00749045486258057,0.00746758081192255,0.00217432730388235,0.00142424020655817,6.28973759703067e-05,2.26161614173886e-17,0.586872411929165,0.285909209413707,1.63958566276626,0.110897494888555,0.110813199109065,0.227357107006652,0.227680918139698,8.42957794904687e-05,0.000323811133045623,15,8,0.0697179457186192,0.0623550410799303,1.2,0.255
230,7,0.466666666666667,10.2,kalman-gm,0.00328925932118877,0.00921281558565617,0.00472965406922547,0.00119188362523627,0.000114425118731318,2.71393937008663e-17,0.322943542912923,0.787053924600622,1.04419118427508,0.48898322665365,0.488498168482217,0.110618412617553,0.110750256892202,0.000485058171433177,0.00013184427464849,15,8,0.0977762206205433,0.136607781994883,1.2,0.255
201,7,0.466666666666667,10.2,mean,0.000894543790483107,0.00228829442095129,0.00284798736833663,0.000495986260997582,2.95930419491912e-05,3.61858582678217e-17,0.345571477291923,0.827034272649417,0.820241679482227,0.616454826456683,0.616919871444164,0.256843355035923,0.256715964260597,-0.000465044987480355,-0.000127390775326342,15,8,0.0581909298376367,0.0713517505164241,1.2,0.255
202,7,0.466666666666667,10.2,mean,0.00926934438887529,0.0180090796179594,0.000665222243864864,0.000204091771403853,2.65978938091993e-05,6.3325251968688e-17,1.0449104470188,1.09285526713327,1.42915880266143,0.160681919011297,0.162059749437553,0.251232225543705,0.25128349997365,-0.00137783042625577,5.12744299449472e-05,15,8,0.0886806316256694,0.0772714259913356,1.2,0.255
203,7,0.466666666666667,10.2,mean,0.00152506938018665,0.00341478651536047,0.00168325073385092,2.87400445977881e-05,1.53693697155274e-05,3.61858582678217e-17,1.24673226862282,2.15878676875299,0.567475283433892,0.694960207614072,0.694194421549084,0.265257115383265,0.265264737586757,0.000765786064988133,7.62220349267484e-06,15,8,0.0373169817452171,0.0630551806587984,1.2,0.255
204,7,0.466666666666667,10.2,mean,0.0056911005888016,0.00432045146000441,0.00463281052237666,0.000165253418752837,2.93169025344354e-05,7.23717165356434e-17,0.196685318781625,0.290090017087479,0.880184511563368,0.52268663025448,0.51971196806528,0.242669746266092,0.242686645710716,0.0029746621892,1.68994446237647e-05,15,8,0.0462720621546858,0.0752314016632596,1.2,0.255
205,7,0.466666666666667,10.2,mean,0.0130421971768119,0.00523601498144414,0.00385082583041498,5.06663394342446e-05,3.34957829608677e-05,3.61858582678217e-17,1.88359132820837,2.28282773523983,1.42153661541508,0.140428566270625,0.142197834802574,0.295926180234087,0.295941173730383,-0.0017692685319496,1.49934962952197e-05,15,8,0.0368745193970865,0.0622555262425744,1.2,0.255
206,7,0.466666666666667,10.2,mean,0.000727765695355257,0.000644981075034377,0.000427931891423529,5.15662954485334e-05,5.81104795594064e-06,5.88020196852102e-17,0.138464782804269,0.635431359650816,0.65508134729997,0.741284681449617,0.741749738035972,0.30427085822132,0.304255168100349,-0.000465056586354272,-1.56901209714194e-05,15,8,0.0225765683149746,0.05124717457235,1.2,0.255
207,7,0.466666666666667,10.2,mean,0.00293328803782979,0.00721239772760731,0.00141097171663714,0.000530969514779988,4.58633784226234e-05,3.61858582678217e-17,0.281324121987588,0.750633981361664,0.923933623365447,0.624781647399439,0.62660387947714,0.297896301047248,0.297738127192826,-0.00182223207770171,-0.00015817385442181,15,8,0.0799106210723699,0.0634282382985765,1.2,0.255
208,7,0.466666666666667,10.2,mean,0.000252663670165827,0.000610847144906766,0.000180160297335615,0.000171647321385117,4.5052646041413e-06,3.1662625984344e-17,0.0794623476904579,0.497865092087486,0.812019162486242,0.650689174464744,0.650781693306143,0.187972843293289,0.187940578258244,-9.25188413981952e-05,-3.22650350444373e-05,15,8,0.0419135559933831,0.0718733251003121,1.2,0.255
209,7,0.466666666666667,10.2,mean,0.00090898946899875,0.00121705176359644,0.00163455175931407,0.000118570275866872,7.2639190845012e-06,2.71393937008663e-17,0.296896192505845,0.779330487406895,1.493316542457,0.450866371605387,0.45054188332393,0.320189618981196,0.320151654009744,0.000324488281457225,-3.79649714523089e-05,15,8,0.0584155345559238,0.0643949598956164,1.2,0.255
210,7,0.466666666666667,10.2,mean,0.00479627244708445,0.003506234544805,0.00648581138701744,0.0041230867531147,0.000630624409307391,5.88020196852102e-17,0.167060210531836,0.507416434587398,0.628563782283397,0.914585479434601,0.910198878299085,0.128852532382506,0.129383802551878,0.0043866011355157,0.000531270169371595,15,8,0.240910269590091,0.532078966285544,1.2,0.255
211,7,0.466666666666667,10.2,mean,0.00250202662322567,0.0570275024075084,0.0015730137885142,0.00132939968230085,3.27221167771056e-05,7.23717165356434e-17,0.0402457463000882,0.397108939556214,1.04644167342939,0.524420526677302,0.525377734788256,0.223419351449529,0.223716365064366,-0.000957208110954135,0.000297013614836866,15,8,0.0534045559192741,0.0685013430827621,1.2,0.255
212,7,0.466666666666667,10.2,mean,0.00571284819425407,0.00989614484588402,0.0014003891167436,0.000512099236633892,1.7653348160063e-05,7.68949488191211e-17,1.57988572629751,1.68599804322486,1.25808380404081,0.265752189746186,0.264238007720598,0.274476173078156,0.274616732116863,0.00151418202558876,0.000140559038707516,15,8,0.0413541967642753,0.06505951399617,1.2,0.255
213,7,0.466666666666667,10.2,mean,0.000725042997474645,0.00264954827222558,0.000762010577361942,0.000184946089804484,9.82544564664982e-06,4.52323228347771e-18,0.540064702966253,1.00723736009687,0.448064444324622,0.872167985399024,0.872116608242944,0.0994968351178286,0.0995021391533166,5.1377156079492e-05,5.30403548796077e-06,15,8,0.0771328501002874,0.0925019423428992,1.2,0.255
214,7,0.466666666666667,10.2,mean,0.000386256656525429,0.000651953113537577,0.000997851694194105,0.000231005554222059,4.61598931343607e-06,6.3325251968688e-17,0.484238449234214,0.973181554152819,0.814707108112107,0.673134034661924,0.673060655213943,0.163489207893029,0.163526974808108,7.33794479804902e-05,3.77669150786547e-05,15,8,0.0451691312516442,0.076348961897208,1.2,0.255
215,7,0.466666666666667,10.2,mean,0.000373387195749492,0.000596730331561168,0.000447149972141803,1.24812524842866e-05,1.20867350384686e-06,5.88020196852102e-17,0.486031085860467,0.962191939687821,0.802879605396262,0.671087494214146,0.670846501066627,0.263019681400256,0.263022709518635,0.000240993147518654,3.02811837841477e-06,15,8,0.0331604026482424,0.0690350361158634,1.2,0.255
216,7,0.466666666666667,10.2,mean,0.0119644427025562,0.0177580510461027,0.00267264010669094,0.000581170250662395,2.90703165788777e-05,6.78484842521657e-17,0.192687699989593,0.555383595032311,1.57838284007853,0.175349490945206,0.173460041572917,0.221394250448839,0.221522918200868,0.00188944937228903,0.000128667752028565,15,8,0.0580599916934438,0.0730220595439328,1.2,0.255
217,7,0.466666666666667,10.2,mean,0.0016396326818436,0.00862785934076074,0.00071730513479311,0.000306362413069723,1.6144739500648e-05,3.61858582678217e-17,0.801559444830097,0.378978949331396,1.88313057780721,0.546133392757736,0.546792984537297,0.318504644301917,0.318407066450515,-0.000659591779561283,-9.75778514022491e-05,15,8,0.0331978362678006,0.0639260648460312,1.2,0.255
218,7,0.466666666666667,10.2,mean,0.00486692293379866,0.0136052767848899,0.00101037756820413,0.000184006507128119,1.17056639151959e-06,6.78484842521657e-17,1.43594972736113,1.43639913813151,1.50640131731746,0.154417413284555,0.153774095428175,0.292665219519477,0.292611367214675,0.000643317856380526,-5.38523048016631e-05,15,8,0.0674074874600988,0.0615772140664737,1.2,0.255
219,7,0.466666666666667,10.2,mean,0.00674765551484412,0.00427930050898381,0.0076327569410301,0.000225192644613142,3.27513597810025e-05,7.68949488191211e-17,0.320852508808251,0.82569132802349,1.38151820516043,0.465289877658764,0.468429493467749,0.37174679214134,0.371663077498091,-0.0031396158089853,-8.37146432487601e-05,15,8,0.134048649068004,0.0745930150292216,1.2,0.255
220,7,0.466666666666667,10.2,mean,0.00198375064427845,0.00683276748521453,0.00133546353572399,0.000135430854601892,8.25603877067418e-06,5.88020196852102e-17,0.155404160641577,0.35125183541346,1.46090987195841,0.589985441053409,0.590904564244551,0.29879684942275,0.29875638311008,-0.000919123191141817,-4.04663126696758e-05,15,8,0.0458577299397233,0.0638833322165464,1.2,0.255
221,7,0.466666666666667,10.2,mean,0.000692211441330276,0.00172302976305135,0.000624643445657687,8.37925313363278e-05,1.63832827217814e-06,2.26161614173886e-17,0.880720028509145,1.40772348686716,0.697037110083695,0.736145556159055,0.736653310157232,0.283196832028892,0.283175794433866,-0.000507753998177047,-2.10375950263303e-05,15,8,0.0438599176185309,0.0664406514560407,1.2,0.255
222,7,0.466666666666667,10.2,mean,0.000472384011995906,0.00494505410072802,0.000869852893145105,0.000659798691253634,3.81019429777372e-05,6.3325251968688e-17,0.563188375521366,0.919125103324699,0.906136770227249,0.797942956744709,0.798045428416795,0.127132046923731,0.127048165365554,-0.000102471672085671,-8.3881558176673e-05,15,8,0.03351139930873,0.0701030727697534,1.2,0.255
223,7,0.466666666666667,10.2,mean,0.00332405177547646,0.00555100636651193,0.00399433892383103,0.00115993028554419,0.00013368887476485,2.26161614173886e-17,0.825591860574596,0.52791080038962,1.37720788457669,0.631718246262418,0.630653782292396,0.196823045321248,0.197051346332409,0.00106446397002229,0.000228301011161151,15,8,0.220547501539476,0.479410587500396,1.2,0.255
224,7,0.466666666666667,10.2,mean,0.00132198370736802,0.000518964673468705,0.000360491450755997,3.38554055585195e-05,1.20439151810832e-05,2.71393937008663e-17,0.0944690791483542,0.552166626316554,0.590262265446908,0.763935855938713,0.762947123768537,0.243491386203349,0.243483142703719,0.000988732170176483,-8.24349962992049e-06,15,8,0.0225133215593109,0.0512615763442268,1.2,0.255
225,7,0.466666666666667,10.2,mean,0.000956044821331292,0.00271609625205985,0.00138700343050531,0.000245663466889472,7.01105942828732e-06,5.88020196852102e-17,0.343942043214471,0.819375035845322,0.640863484868297,0.721973315722292,0.721961792235156,0.172323341653194,0.172365675202731,1.15234871359168e-05,4.23335495365026e-05,15,8,0.0374824448304538,0.0755439989639404,1.2,0.255
226,7,0.466666666666667,10.2,mean,0.000672322470853444,0.00248992439245347,0.0013755661657293,0.00104013427194979,3.33088940641854e-05,4.52323228347771e-17,0.227379529668945,0.640823620775783,0.462058803693906,0.841433810705956,0.841198424221288,0.168295200922579,0.168120151316295,0.000235386484668502,-0.000175049606284249,15,8,0.0537606760701664,0.0831886114732121,1.2,0.255
227,7,0.466666666666667,10.2,mean,0.00329229876618388,0.0116722615180525,0.00147179070902575,0.000542448322632899,6.87648599862812e-05,5.88020196852102e-17,0.0782272432896109,0.345051746298453,2.07601567514345,0.312902662733254,0.312730054688259,0.235418595642728,0.235290893220406,0.000172608044995092,-0.000127702422322991,15,8,0.0850859673848821,0.0705353849707187,1.2,0.255
228,7,0.466666666666667,10.2,mean,0.00097659817256048,0.00112005963485275,0.00140420649520903,3.27546912268275e-05,1.22367302939555e-05,6.78484842521657e-17,0.0406105680504105,0.266966971408145,0.750689898189741,0.745696309265577,0.74520508981871,0.16238323784902,0.162382387354295,0.000491219446866097,-8.50494725237183e-07,15,8,0.0493973595455509,0.0911285590244138,1.2,0.255
229,7,0.466666666666667,10.2,mean,0.0178547697543039,0.00888468992250435,0.00577243365112171,0.00178293664063107,0.000109863342396406,9.04646456695542e-18,0.587806853040579,0.285743333018504,1.64140695877204,0.110897494888555,0.108936134609457,0.227357107006652,0.227762470323242,0.001961360279098,0.000405363316590039,15,8,0.0681829248725193,0.0714658881071051,1.2,0.255
230,7,0.466666666666667,10.2,mean,0.00448620706524262,0.0133329499756868,0.00620449065618032,0.000895552822623995,5.86933131691796e-05,3.1662625984344e-17,0.322943542912923,0.786402234625507,1.04630820018391,0.48898322665365,0.487352665673381,0.110618412617553,0.110717477249207,0.00163056098026938,9.90646316538355e-05,15,8,0.0865869846380266,0.10500978622425,1.2,0.255
201,7,0.466666666666667,10.2,none,0.00741814821068536,0.00465762069989896,0.00626422615520993,0.000926161742243944,3.44788964383688e-05,0.466666666666666,0.352673311673082,0.83550069977137,0.81860089943197,0.616454826456683,0.62067887705331,0.256843355035923,0.257081233525107,-0.00422405059662651,0.00023787848918385,8,8,NaN,NaN,1.2,0.255
202,7,0.466666666666667,10.2,none,0.125219817873842,0.240570481209947,0.00875407985485903,0.00527334135618616,0.000550913987125005,0.466666666666666,1.04481739317603,1.09012500286371,1.3997389274185,0.160681919011297,0.180802479645511,0.251232225543705,0.252557058828671,-0.0201205606342139,0.00132483328496631,8,8,NaN,NaN,1.2,0.255
203,7,0.466666666666667,10.2,none,0.00990816825982789,0.0507905103026886,0.0151985935671724,0.00145281534323203,0.000343515148871595,0.466666666666666,1.21594130552984,1.9636203267633,0.559967471496842,0.694960207614072,0.701837795090565,0.265257115383265,0.265642484990395,-0.00687758747649291,0.000385369607130275,8,8,NaN,NaN,1.2,0.255
204,7,0.466666666666667,10.2,none,0.030713484422873,0.0597529214298036,0.0280579051288528,0.004102380856246,0.000446346532211101,0.466666666666666,0.180208050577521,0.316575306176017,0.854861828890761,0.52268663025448,0.538740157930845,0.242669746266092,0.243665269987564,-0.016053527676365,0.00099552372147209,8,8,NaN,NaN,1.2,0.255
205,7,0.466666666666667,10.2,none,0.0229933095992058,0.0561229323398748,0.0121445854095741,0.000864602248669213,0.000113686573565857,0.466666666666666,1.90043210123252,2.28724942920281,1.41665792943142,0.140428566270625,0.143657483771458,0.295926180234087,0.296182038674958,-0.00322891750083306,0.000255858440870483,8,8,NaN,NaN,1.2,0.255
206,7,0.466666666666667,10.2,none,0.0242051795085013,0.0144636754777963,0.00837553519762174,0.00408025886452459,0.000472553786070732,0.466666666666666,0.122596190366605,0.593439533085173,0.680626495423174,0.741284681449617,0.723341752668227,0.30427085822132,0.305512362087795,0.0179429287813902,0.00124150386647405,8,8,NaN,NaN,1.2,0.255
207,7,0.466666666666667,10.2,none,0.00296522980900985,0.00776053902908549,0.00642205778049056,0.000278123779640368,2.91724631014779e-05,0.466666666666666,0.281235338061537,0.750626314420871,0.922490741709389,0.624781647399439,0.624335718195087,0.297896301047248,0.297979153092436,0.000445929204351619,8.28520451881454e-05,8,8,NaN,NaN,1.2,0.255
208,7,0.466666666666667,10.2,none,0.012384313234148,0.0143921119325917,0.00563568092257331,0.0140048775031078,0.00140130773551213,0.466666666666666,0.0743515973958927,0.484338867141709,0.801310523319896,0.650689174464744,0.642719168085355,0.187972843293289,0.190605379937522,0.00797000637938926,0.00263253664423339,8,8,NaN,NaN,1.2,0.255
209,7,0.466666666666667,10.2,none,0.0345388945420568,0.10868840964264,0.0248906063970343,0.0017594976290778,7.70261873852496e-05,0.466666666666666,0.311790982090945,0.810579642334829,1.47841635311205,0.450866371605387,0.466438797666825,0.320189618981196,0.31964008938598,-0.0155724260614383,-0.000549529595215851,8,8,NaN,NaN,1.2,0.255
210,7,0.466666666666667,10.2,none,0.00885308621236231,0.0113189565811102,0.00871503295482391,0.00503615995874529,0.00256785033001445,0.466666666666666,0.0902083640838357,0.540802060419749,0.494653197193843,0.914585479434601,0.922667546045,0.128852532382506,0.128801689107914,-0.00808206661039883,-5.08432745923848e-05,8,8,NaN,NaN,1.2,0.255
211,7,0.466666666666667,10.2,none,0.00224109341783467,0.0500560792702976,0.0050583201254721,0.0027570294073552,0.000202812455489755,0.466666666666666,0.0485215777941783,0.379221426393264,1.0455509990798,0.524420526677302,0.5248461949691,0.223419351449529,0.224035325171648,-0.00042566829179867,0.000615973722118579,8,8,NaN,NaN,1.2,0.255
212,7,0.466666666666667,10.2,none,0.0155481275272908,0.0765245735905749,0.00406974797081994,0.00768778333276192,0.000546155303477561,0.466666666666666,1.61089299324572,1.68659401310587,1.26956168197391,0.265752189746186,0.262310831009921,0.274476173078156,0.276586286426786,0.00344135873626547,0.00211011334863052,8,8,NaN,NaN,1.2,0.255
213,7,0.466666666666667,10.2,none,0.00272673404906749,0.00575002905208495,0.00149860438407135,0.00651652148440491,0.0014065323508608,0.466666666666666,0.516521721671989,0.9827237972792,0.442061630705558,0.872167985399024,0.874333627907135,0.0994968351178286,0.100145208381504,-0.00216564250811127,0.000648373263675623,8,8,NaN,NaN,1.2,0.255
214,7,0.466666666666667,10.2,none,0.0140354619054756,0.0156720265854483,0.00481496702774129,0.00721298507527013,0.00132449980479234,0.466666666666666,0.425620233966455,0.953257084370311,0.790118898219972,0.673134034661924,0.6825817817627,0.163489207893029,0.16466845310953,-0.00944774710077652,0.00117924521650016,8,8,NaN,NaN,1.2,0.255
215,7,0.466666666666667,10.2,none,0.00493654274733142,0.0110713901958332,0.0033988304450941,6.89478953767599e-05,5.4306900940038e-05,0.466666666666666,0.435380139950725,0.930708002371395,0.79100683966005,0.671087494214146,0.673841133335782,0.263019681400256,0.263030922716763,-0.00275363912163631,1.12413165064396e-05,8,8,NaN,NaN,1.2,0.255
216,7,0.466666666666667,10.2,none,0.115133144941093,0.106566697613323,0.0109508280924531,0.0048352966548683,0.000575607618455442,0.466666666666666,0.250140286654094,0.611617959360442,1.59294772616623,0.175349490945206,0.155160952588865,0.221394250448839,0.222464757327442,0.0201885383563413,0.00107050687860235,8,8,NaN,NaN,1.2,0.255
217,7,0.466666666666667,10.2,none,0.0263497213354737,0.0174667340442562,0.0155129445490494,0.000543926658771873,2.82695309666799e-05,0.466666666666666,0.7836769366467,0.373742948385427,1.87554539030685,0.546133392757736,0.560495285685039,0.318504644301917,0.318677887468895,-0.014361892927303,0.000173243166978466,8,8,NaN,NaN,1.2,0.255
218,7,0.466666666666667,10.2,none,0.0364640143769766,0.0369787593091294,0.00515853884129104,0.00314507364656853,0.000179095260237587,0.466666666666666,1.27967664077452,1.31827402514775,1.52275743077414,0.154417413284555,0.148832610503412,0.292665219519477,0.293585673188655,0.00558480278114291,0.0009204536691779,8,8,NaN,NaN,1.2,0.255
219,7,0.466666666666667,10.2,none,0.0143307333371153,0.0278938911178022,0.0107173474302231,0.000645626271742371,7.14594803958363e-05,0.466666666666666,0.307254874697693,0.812676506837949,1.37772464897388,0.465289877658764,0.458621932497577,0.37174679214134,0.371506782645897,0.00666794516118676,-0.000240009495442399,8,8,NaN,NaN,1.2,0.255
220,7,0.466666666666667,10.2,none,0.00217480358490854,0.0221787326314915,0.00405163295019943,0.00024099039506478,9.37107172286895e-05,0.466666666666666,0.114100487415095,0.390739272567923,1.42747192885538,0.589985441053409,0.59070756532629,0.29879684942275,0.298806645250879,-0.000722124272880715,9.79582812986046e-06,8,8,NaN,NaN,1.2,0.255
221,7,0.466666666666667,10.2,none,0.00386667028575176,0.00676395475802153,0.00136760026633536,0.00100270005526828,0.00019515203928629,0.466666666666666,0.840036848604908,1.35785541652137,0.684541526056595,0.736145556159055,0.738976965864574,0.283196832028892,0.28348079350802,-0.00283140970551906,0.000283961479127173,8,8,NaN,NaN,1.2,0.255
222,7,0.466666666666667,10.2,none,0.0056563781064124,0.00929482804490018,0.0098052164911694,0.0105970549908871,0.00196253647786752,0.466666666666666,0.556361619720235,0.928100069084149,0.873969972490133,0.797942956744709,0.802252042840521,0.127132046923731,0.128479272216085,-0.00430908609581215,0.00134722529235482,8,8,NaN,NaN,1.2,0.255
223,7,0.466666666666667,10.2,none,0.00870116227157046,0.0131559405320077,0.0111333178889098,0.00244982888207373,0.000289010548449132,0.466666666666666,0.773663319377582,0.52417549662437,1.31475568267233,0.631718246262418,0.626354002880153,0.196823045321248,0.197305228102333,0.00536424338226482,0.000482182781085699,8,8,NaN,NaN,1.2,0.255
224,7,0.466666666666667,10.2,none,0.00702489232010144,0.00527290595754936,0.00438950068394513,0.000607000855699981,0.000104736193864284,0.466666666666666,0.0735471769954234,0.510649380802516,0.604193072812317,0.763935855938713,0.758655132525495,0.243491386203349,0.243343586723568,0.00528072341321784,-0.000147799479781008,8,8,NaN,NaN,1.2,0.255
225,7,0.466666666666667,10.2,none,0.00543938084324022,0.0206004485480448,0.00892874747976208,0.00235600202549795,0.000272404577242135,0.466666666666666,0.334735476599708,0.815552200242231,0.638906184647122,0.721973315722292,0.725659424201424,0.172323341653194,0.17272933579517,-0.00368610847913201,0.0004059941419755,8,8,NaN,NaN,1.2,0.255
226,7,0.466666666666667,10.2,none,0.00444808539162885,0.0155367642470475,0.003763074932402,0.00912322449353545,0.000562124467179682,0.466666666666666,0.219499958636437,0.607355215694859,0.470836072194768,0.841433810705956,0.837852263627943,0.168295200922579,0.16983059582178,0.00358154707801363,0.00153539489920134,8,8,NaN,NaN,1.2,0.255
227,7,0.466666666666667,10.2,none,0.0185877785555772,0.044449535392921,0.0203325416671469,0.00982973799737527,0.000421628763189893,0.466666666666666,0.102159875238932,0.222315732817567,2.07105632117621,0.312902662733254,0.307317854607602,0.235418595642728,0.237732698757607,0.00558480812565223,0.00231410311487805,8,8,NaN,NaN,1.2,0.255
228,7,0.466666666666667,10.2,none,0.00511850117933286,0.0329202572742848,0.0160309921243698,0.0131608829996338,0.00208712528369988,0.466666666666666,0.0348860909390601,0.268578071444598,0.724228218246467,0.745696309265577,0.749513156703977,0.16238323784902,0.164520344643453,-0.00381684743840001,0.00213710679443266,8,8,NaN,NaN,1.2,0.255
229,7,0.466666666666667,10.2,none,0.108711687806226,0.221827334434715,0.0312931161851654,0.00943852691023588,0.000473711769917715,0.466666666666666,0.590138625425812,0.281141323140917,1.64718930999248,0.110897494888555,0.098841641045738,0.227357107006652,0.229503023179368,0.0120558538428172,0.00214591617271567,8,8,NaN,NaN,1.2,0.255
230,7,0.466666666666667,10.2,none,0.00521973465822176,0.00573144448456492,0.0144951043605674,0.00803298187046383,0.00156014899947544,0.466666666666666,0.322942271304116,0.78708204422194,1.03814802497525,0.48898322665365,0.490924386358035,0.110618412617553,0.111507008320649,-0.00194115970438498,0.000888595703096293,8,8,NaN,NaN,1.2,0.255
201,7,0.466666666666667,18,hold,0.00289585157678037,0.00752636304413011,0.00459364862792691,0.000296167866220281,3.17574402346439e-05,6.9205453937209e-17,0.443071428406088,0.962123680058967,0.826161208120831,0.613462093670414,0.6124216388453,0.254740774080511,0.25481622011201,0.00104045482511336,7.54460314987276e-05,15,8,0.100740921940489,0.123324884044915,1.2,0.45
202,7,0.466666666666667,18,hold,0.0265895870957042,0.125576838031752,0.00562256919890831,0.000469721067627755,9.3065463116521e-05,7.43317838584838e-17,1.1152038777652,1.22192475006936,1.44525258918887,0.145980316846628,0.149640323246208,0.252665969589489,0.252784652118478,-0.00366000639957953,0.000118682528988777,15,8,0.191772054483397,0.373142616284481,1.2,0.45
203,7,0.466666666666667,18,hold,0.00437193699788845,0.0126538142017265,0.00423596726147107,0.000714647741469874,0.000137775726344686,4.35738043308353e-17,1.39857659063573,2.50032067651628,0.576944584795767,0.693505967146665,0.690481251768791,0.269888236903563,0.270081111922515,0.00302471537787422,0.000192875018952418,15,8,0.0761818307046513,0.145358053338732,1.2,0.45
204,7,0.466666666666667,18,hold,0.00500279558420494,0.010608067113058,0.00439971373253109,0.00100327826110741,9.11193673214093e-05,5.63896291340222e-17,0.136159784138351,0.405070336573147,0.891110063052595,0.513898516758025,0.511890733108464,0.2453875642382,0.245633756246946,0.00200778364956123,0.000246192008746284,15,8,0.125990072792116,0.262959044808293,1.2,0.45
205,7,0.466666666666667,18,hold,0.0125206107816164,0.0168695921362137,0.0263369769207135,0.00243168346228103,0.000367019008861812,4.61369692914727e-17,1.96386388369401,2.46712620555816,1.41519958324099,0.141046230201693,0.141841305951736,0.295672935729962,0.29639191871802,-0.000795075750042918,0.000718982988058628,15,8,0.0944763692433911,0.201152904312827,1.2,0.45
206,7,0.466666666666667,18,hold,0.000603987087938551,0.00106912192985565,0.000305120671285733,4.24220262379342e-05,1.18560159826149e-05,4.35738043308353e-17,0.235964782724015,0.7975563465992,0.633686967244454,0.757170510744761,0.756719007115306,0.30614492555231,0.306156360059608,0.000451503629455076,1.1434507297175e-05,15,8,0.036213515039464,0.0835396483974193,1.2,0.45
207,7,0.466666666666667,18,hold,0.00254589477996725,0.00929300756596919,0.00215389016552928,0.000601813124937579,5.82153562589577e-05,2.56316496063737e-17,0.378825170156992,0.87473982503654,0.922802342761279,0.625826379460481,0.626512507394243,0.2973284495251,0.297149513361759,-0.000686127933761336,-0.000178936163341546,15,8,0.119938241617582,0.10246203118902,1.2,0.45
208,7,0.466666666666667,18,hold,0.00134420702766246,0.0176012465822032,0.00125967439359765,0.00288586454379221,0.000126676353667082,1.53789897638242e-17,0.11337160609587,0.63941654683787,0.80511387545761,0.656561792705668,0.656145794492057,0.184384194244406,0.184916302053011,0.000415998213610049,0.000532107808605627,15,8,0.0814319446052151,0.178099395243001,1.2,0.45
209,7,0.466666666666667,18,hold,0.00284963259400582,0.000691242078816308,0.00157471991502381,0.000210024516236322,3.60225692780095e-05,1.79421547244616e-17,0.394581250961057,0.920709787783852,1.48978953578407,0.449870847147098,0.448604173991473,0.325066709348446,0.325134981326822,0.00126667315562522,6.82719783754404e-05,15,8,0.107309599530251,0.149333092475628,1.2,0.45
210,7,0.466666666666667,18,hold,0.00467553353426151,0.00577935064324897,0.0075401838880283,0.0171049997962204,0.00342465910512702,6.9205453937209e-17,0.289616186984293,0.569533388093284,0.688207563621882,0.911875482461987,0.907611978064665,0.128962871187208,0.131168781072585,0.00426350439732192,0.00220590988537718,15,8,0.519406617091894,2.47933333174056,1.2,0.45
211,7,0.466666666666667,18,hold,0.00862905709349686,0.0257652436307653,0.00729275681230847,0.00112278922925078,0.000214381766021254,6.9205453937209e-17,0.117220369630186,0.579157699942594,1.05564253178271,0.522301856214857,0.517894133368976,0.224149544629049,0.2244012173235,0.00440772284588144,0.000251672694450964,15,8,0.120801018397018,0.265241695471562,1.2,0.45
212,7,0.466666666666667,18,hold,0.0224987168624191,0.0247414252512965,0.0068391397411714,0.00266825250103022,0.000169986125619853,6.15159590552969e-17,1.67726710274803,1.74947228224321,1.23721358634539,0.277256991643946,0.271026590118923,0.275836339176229,0.276572340178111,0.00623040152502375,0.000736001001881992,15,8,0.0561800802243098,0.0811908087864484,1.2,0.45
213,7,0.466666666666667,18,hold,0.00624368099400137,0.00525916648575444,0.00640174618895516,0.00850877265990822,0.000401260689048574,5.12632992127474e-18,0.622483265716161,1.2273290961694,0.467163648245181,0.871812711122806,0.866374410548251,0.098955234601436,0.0997972221961675,0.00543830057455551,0.000841987594731502,15,8,0.160924109506423,0.325156464818145,1.2,0.45
214,7,0.466666666666667,18,hold,0.00199219605917485,0.0038354743526138,0.00612756316073367,0.00309792110265063,0.000361833043131591,5.63896291340222e-17,0.592983542722258,1.15785840795598,0.831465395911766,0.667349848166966,0.666085292901207,0.161551141126885,0.162051613816139,0.0012645552657586,0.000500472689254266,15,8,0.114258853838691,0.211844386555052,1.2,0.45
215,7,0.466666666666667,18,hold,0.000954408763380942,0.000633562710222306,0.00183160132203706,0.000409030869109872,3.2997312885756e-05,4.61369692914727e-17,0.593995555560029,1.08531148075768,0.797266575736678,0.671715051076487,0.671080898200385,0.260850135473205,0.260956831230825,0.000634152876101303,0.000106695757620033,15,8,0.0616585351946204,0.105495923196233,1.2,0.45
216,7,0.466666666666667,18,hold,0.0341258684709526,0.0656990962636467,0.00917425222199045,0.00235387288450704,0.000102321263114872,6.66422889765717e-17,0.275465258868262,0.75331958899149,1.5739922275288,0.196349411581488,0.189700823021605,0.226880572108821,0.227414620135529,0.00664858855988271,0.000534048026708398,15,8,0.109110862279982,0.248989622755675,1.2,0.45
217,7,0.466666666666667,18,hold,0.00240917505825413,0.0060827938610923,0.000637067347319257,0.000229683108170749,4.4241160573126e-05,4.61369692914727e-17,0.72197686146318,0.246930388519291,1.89628158816271,0.534074347723111,0.53285693680784,0.318023712698768,0.318096757373572,0.00121741091527056,7.30446748046543e-05,15,8,0.072453235362142,0.114903812487,1.2,0.45
218,7,0.466666666666667,18,hold,0.0313972360948724,0.0301042306468594,0.00253834426842388,0.000109657486449149,5.39506855457762e-06,8.20212787403959e-17,1.54330715712749,1.27424925485586,1.49887027701687,0.163271916598705,0.15815872946712,0.293237704289646,0.293211960344074,0.00511318713158504,-2.57439455721675e-05,15,8,0.12806707949764,0.199707321873127,1.2,0.45
219,7,0.466666666666667,18,hold,0.00266135438036953,0.00339104520318806,0.00459312471356412,0.000134943807855871,3.35954931456979e-05,7.17686188978464e-17,0.426533782922011,0.987574988472544,1.38271424485712,0.470199139466511,0.471320500119515,0.371206055765034,0.371254286949958,-0.001121360653004,4.82311849243289e-05,15,8,0.163156233984279,0.135429956582766,1.2,0.45
220,7,0.466666666666667,18,hold,0.00478755727092346,0.00414147869232658,0.00516737412180198,0.00069193770473005,7.1246755608931e-05,7.94581137797585e-17,0.117633659713258,0.557571697836584,1.46614495403684,0.592151562484213,0.594848701671794,0.301861486700453,0.301652617356199,-0.00269713918758041,-0.000208869344253912,15,8,0.11931196443599,0.194161874892552,1.2,0.45
221,7,0.466666666666667,18,hold,0.00205077971572408,0.00246775132844665,0.00336387413985106,0.000623424738591323,8.57661835968026e-05,3.84474744095606e-17,0.987573759108572,1.56038723205944,0.708199660952966,0.735591692675871,0.73412751667742,0.283553688964763,0.283730463349182,0.00146417599845099,0.000176774384419462,15,8,0.0706827382473066,0.149297223703938,1.2,0.45
222,7,0.466666666666667,18,hold,0.000565547058031853,0.00186866182392124,0.00053550505637681,0.000920037105748437,3.59317625566213e-05,6.9205453937209e-17,0.643690914636799,0.959272641948509,0.920747387951115,0.793344930268532,0.793079904637985,0.126739967564851,0.12662336209191,0.000265025630546887,-0.000116605472941017,15,8,0.0738521484490282,0.133301109523857,1.2,0.45
223,7,0.466666666666667,18,hold,0.00717920929343532,0.014038940786389,0.00724040077300408,0.00381528460669183,0.000551879901790473,7.68949488191212e-18,0.82025484848733,0.408097007095412,1.45520639196686,0.631817400198017,0.627323838326362,0.19156213940316,0.19229300348485,0.00449356187165487,0.000730864081689832,15,8,0.21114968955565,0.449242227428489,1.2,0.45
224,7,0.466666666666667,18,hold,0.000847239533028416,0.00230863635494591,0.000461754776806975,0.000536177050854394,5.14983621704943e-05,2.81948145670111e-17,0.182351633525583,0.68173176746299,0.586228080225641,0.766339241154661,0.765693311375081,0.242175938514647,0.242305787695148,0.000645929779579439,0.000129849180500679,15,8,0.0361899460925449,0.0788453875920396,1.2,0.45
225,7,0.466666666666667,18,hold,0.0080502104417571,0.00950378581347209,0.0144881470282585,0.00270198895892082,0.000537056370840194,6.66422889765717e-17,0.441613929179352,0.956201797112938,0.641862070190557,0.71734021513537,0.722819899542669,0.173539666879865,0.174008569143709,-0.00547968440729911,0.000468902263844191,15,8,0.0985276983475358,0.234468266273406,1.2,0.45
226,7,0.466666666666667,18,hold,0.00393407638543805,0.00434958440558931,0.00428757904817489,0.00309939170197213,0.000171846962953539,6.40791240159343e-17,0.324880678297251,0.682521541988352,0.457860029382439,0.848111154081283,0.844780588656367,0.167413112399171,0.167931991210543,0.00333056542491591,0.000518878811371319,15,8,0.115916971739733,0.247655603241851,1.2,0.45
227,7,0.466666666666667,18,hold,0.004648957725817,0.0109362749816794,0.00447699560729388,0.00291640213242348,0.000247464244053155,7.94581137797585e-17,0.128667299619256,0.473444563183182,2.07644370226327,0.321125898546225,0.320184052649615,0.229628310463464,0.230297998957765,0.000941845896609653,0.000669688494300447,15,8,0.0966772274005614,0.133734019397453,1.2,0.45
228,7,0.466666666666667,18,hold,0.00691394506892613,0.0167882036595725,0.00519101490419276,0.0126877051839959,0.000738583027187552,6.9205453937209e-17,0.046324536464182,0.402681629752947,0.760249632058158,0.751231733134072,0.746066399012503,0.162979605176763,0.16504744235825,0.00516533412156886,0.00206783718148682,15,8,0.130109713405118,0.355102361162362,1.2,0.45
229,7,0.466666666666667,18,hold,0.026872168629014,0.0287437062951372,0.0240314494928373,0.00674103019736783,0.000546018580434012,2.30684846457363e-17,0.503114634482603,0.207679853913419,1.61747030342587,0.131924475041749,0.130836794937651,0.226849140562764,0.228378337469545,0.00108768010409848,0.00152919690678053,15,8,0.107723171831427,0.202875301631168,1.2,0.45
230,7,0.466666666666667,18,hold,0.00589289796475138,0.0177079550724602,0.0120207943498628,0.00273746093170816,0.000251731306863402,2.81948145670111e-17,0.420443542912905,0.923165965205998,1.05970841016708,0.479247465433206,0.481698943955692,0.115476476377684,0.115792588720299,-0.00245147852248576,0.00031611234261523,15,8,0.21792668591128,0.489496368477,1.2,0.45
201,7,0.466666666666667,18,kalman,0.0023320337141133,0.00371858517793228,0.00248477990022686,0.00100532208245379,9.25463182494966e-05,3.84474744095606e-17,0.443071423031083,0.957080665925263,0.825607983670046,0.613462093670414,0.61233221564688,0.254740774080511,0.254484677555027,0.00112987802353336,-0.00025609652548451,15,8,0.108958780173281,0.131438441387129,1.2,0.45
202,7,0.466666666666667,18,kalman,0.0138594739769412,0.057459109661508,0.00434610957334562,0.001081969625307,7.31988598137495e-05,5.12632992127474e-17,1.11707504227294,1.22057310293069,1.44467531102107,0.145980316846628,0.147935724107836,0.252665969589489,0.252939346493934,-0.00195540726120775,0.00027337690444457,15,8,0.169108559530371,0.168465607367938,1.2,0.45
203,7,0.466666666666667,18,kalman,0.00257988992062753,0.0422232584960417,0.00296289788468418,0.000865077063231276,3.58312184204064e-05,4.87001342521101e-17,1.41320942457338,2.23258020389846,0.5761774853783,0.693505967146665,0.694739588514907,0.269888236903563,0.270121711026944,-0.00123362136824202,0.000233474123381201,15,8,0.0689430585558121,0.10893702458805,1.2,0.45
204,7,0.466666666666667,18,kalman,0.0152314745836847,0.0653578006598313,0.0146182253093677,0.00526829154847176,0.000167121981508189,5.89527940946596e-17,0.141518583546232,0.409425376048058,0.899324142732864,0.513898516758025,0.506071084561432,0.2453875642382,0.244094791007424,0.00782743219659313,-0.00129277323077618,15,8,0.0842491936420748,0.142845662052742,1.2,0.45
205,7,0.466666666666667,18,kalman,0.0107555341915785,0.00992499720635425,0.00414875963276141,0.00113476501031103,3.30354901761489e-05,5.89527940946596e-17,1.96126040272792,2.4688347402442,1.43208063171814,0.141046230201693,0.141705638298417,0.295672935729962,0.295337416427999,-0.000659408096724291,-0.000335519301962302,15,8,0.0620680931620641,0.11337926934128,1.2,0.45
206,7,0.466666666666667,18,kalman,0.00127721555694234,0.00166013225063186,0.000442317264277459,0.000159186482151264,2.30532719550838e-05,4.10106393701979e-17,0.235964782884748,0.797270294722659,0.63317725787709,0.757170510744761,0.756372684217719,0.30614492555231,0.306096191418583,0.000797826527041675,-4.8734133727133e-05,15,8,0.0383495873741473,0.0860234151883201,1.2,0.45
207,7,0.466666666666667,18,kalman,0.00703450977250287,0.0110707651747833,0.00396283748917322,0.00147182721167488,0.000185863934195085,2.56316496063737e-17,0.378825216130841,0.874235665815248,0.915178809091563,0.625826379460481,0.630222596622995,0.2973284495251,0.296890833422284,-0.0043962171625139,-0.000437616102816145,15,8,0.12357964259719,0.114596135694423,1.2,0.45
208,7,0.466666666666667,18,kalman,0.00226877854004775,0.0216513096222185,0.00193386423791514,0.000768278098357471,7.58815089067276e-05,2.81948145670111e-17,0.115731021949692,0.645274598206635,0.809004106722695,0.656561792705668,0.655266494749272,0.184384194244406,0.184461660933439,0.00129529795639543,7.74666890331199e-05,15,8,0.0748962041600758,0.124937535280874,1.2,0.45
209,7,0.466666666666667,18,kalman,0.00188226926734862,0.00337675217355841,0.00199682782683724,0.000179592054775315,4.22300853608405e-05,3.84474744095606e-17,0.394390950600283,0.920726257806107,1.48849513158155,0.449870847147098,0.450202337842346,0.325066709348446,0.325008329950175,-0.000331490695247916,-5.83793982709374e-05,15,8,0.105976850496182,0.117999098818176,1.2,0.45
210,7,0.466666666666667,18,kalman,0.00606912462712374,0.00731201291013998,0.00576039714048924,0.0155186638363092,0.00285811041506114,6.9205453937209e-17,0.319242110607483,0.512200268895363,0.720542736642758,0.911875482461987,0.906341196514507,0.128962871187208,0.130964202632527,0.00553428594748039,0.00200133144531952,15,8,0.526051348008375,2.33359608920348,1.2,0.45
211,7,0.466666666666667,18,kalman,0.00917530054410478,0.0655993562864644,0.00557786434013978,0.00129975865749917,0.000109037946234103,6.15159590552969e-17,0.0870451072724426,0.515779721490066,1.05596975898164,0.522301856214857,0.526847097283787,0.224149544629049,0.224440884940255,-0.00454524106892971,0.000291340311206104,15,8,0.0949178163814587,0.124775798335097,1.2,0.45
212,7,0.466666666666667,18,kalman,0.0180971941103871,0.0691010677350866,0.00192758338185428,0.000927392536840833,0.000119188830235259,6.40791240159343e-17,1.62422553112486,1.7129753004353,1.24712428931783,0.277256991643946,0.272243674838771,0.275836339176229,0.275699070924404,0.0050133168051755,-0.000137268251824628,15,8,0.0631920907736416,0.114610977943052,1.2,0.45
213,7,0.466666666666667,18,kalman,0.00325382863124775,0.00578969898017246,0.00402972746473249,0.0047121033017779,0.00012332992430153,1.28158248031869e-17,0.615815635055183,1.19306572664657,0.463917607774509,0.871812711122806,0.869290521162232,0.098955234601436,0.0994215218891296,0.00252218996057379,0.000466287287693633,15,8,0.138994185295106,0.20655126363163,1.2,0.45
214,7,0.466666666666667,18,kalman,0.00140270031164149,0.00740553089632015,0.00212941543152599,0.000592745858975685,4.50283884619691e-05,7.17686188978464e-17,0.591839310820958,1.15213050679822,0.831648703031078,0.667349848166966,0.666593769151259,0.161551141126885,0.161646899896801,0.000756079015707027,9.57587699157575e-05,15,8,0.0876747229801726,0.142640493226744,1.2,0.45
215,7,0.466666666666667,18,kalman,0.00160807549114445,0.00065221199124422,0.00209140841204625,0.000144038600621661,4.64209985111267e-06,3.07579795276485e-17,0.593549886388189,1.08557195515242,0.796719936773762,0.671715051076487,0.670637452431188,0.260850135473205,0.26088770796169,0.00107759864529822,3.75724884855311e-05,15,8,0.0650762480573722,0.120277023532814,1.2,0.45
216,7,0.466666666666667,18,kalman,0.0147856704795243,0.0219404691821649,0.00592316858868517,0.00112384765983671,0.00011060579503484,4.61369692914727e-17,0.243037842841826,0.715173622048666,1.56984989466086,0.196349411581488,0.193657500154856,0.226880572108821,0.227135551308848,0.00269191142663191,0.000254979200026912,15,8,0.0870543182372847,0.132946716787713,1.2,0.45
217,7,0.466666666666667,18,kalman,0.00159612759504498,0.0126984096686319,0.00416234249400771,0.000697542969030889,5.45525490379298e-05,4.10106393701979e-17,0.723650089421898,0.247812664148522,1.90159921070436,0.534074347723111,0.534558327907575,0.318023712698768,0.317801877493989,-0.000483980184464455,-0.000221835204778125,15,8,0.0712935964837969,0.11496864837008,1.2,0.45
218,7,0.466666666666667,18,kalman,0.0238991489180807,0.0342461840327396,0.00305770019779352,0.000509846311344462,3.51856506584548e-05,7.94581137797585e-17,1.50998525763768,1.25627441935505,1.49923620354304,0.163271916598705,0.159388639218435,0.293237704289646,0.293088198127767,0.00388327738026986,-0.000149506161879194,15,8,0.100943697847099,0.108660956735542,1.2,0.45
219,7,0.466666666666667,18,kalman,0.00894290403894241,0.0072013141282951,0.00935077234062362,0.000468086128712445,7.88587355107645e-05,6.66422889765717e-17,0.424912296246622,0.987942238863951,1.38684556861546,0.470199139466511,0.474404085249954,0.371206055765034,0.371032299359436,-0.00420494578344231,-0.000173756405597671,15,8,0.191666124330477,0.140186450926088,1.2,0.45
220,7,0.466666666666667,18,kalman,0.00631418963789641,0.011352440789107,0.00363590215858527,0.000546905969168355,5.42398926989278e-05,7.17686188978464e-17,0.118330268239782,0.557725199880149,1.46650991375388,0.592151562484213,0.59575244079936,0.301861486700453,0.301696396851514,-0.0036008783151466,-0.000165089848938512,15,8,0.106463456129938,0.119724087110092,1.2,0.45
221,7,0.466666666666667,18,kalman,0.00238899937347936,0.00334751653181522,0.000973136834425802,0.000274233265165559,3.0540235482291e-05,3.07579795276485e-17,0.988085656578702,1.55015016584827,0.703381737912775,0.735591692675871,0.73734867905787,0.283553688964763,0.283631448818737,-0.00175698638199836,7.77598539745461e-05,15,8,0.0708475265387748,0.11365406739568,1.2,0.45
222,7,0.466666666666667,18,kalman,0.00136299038886643,0.0101108535774722,0.00196377374499897,0.00284814603266756,0.000161033713849415,6.15159590552969e-17,0.642825037647344,0.954825132962204,0.922881025601735,0.793344930268532,0.792404762637904,0.126739967564851,0.126378993629051,0.000940167630627594,-0.000360973935800247,15,8,0.0697177553668771,0.130345735651445,1.2,0.45
223,7,0.466666666666667,18,kalman,0.00502579625137947,0.0106015163569282,0.00559876395391232,0.00132221324386018,0.000392714534914605,1.53789897638242e-17,0.793012608656334,0.375799863601698,1.43455260079342,0.631817400198017,0.629268545829483,0.19156213940316,0.191806003324328,0.00254885436853348,0.000243863921167562,15,8,0.275549759710094,0.991397575414913,1.2,0.45
224,7,0.466666666666667,18,kalman,0.00207613201344013,0.00212368221209166,0.000956922155904633,0.000498280113645488,2.97191581622909e-05,4.10106393701979e-17,0.183355270594152,0.683788346692967,0.586733731108887,0.766339241154661,0.764757918150447,0.242175938514647,0.242296609968813,0.00158132300421305,0.000120671454165281,15,8,0.0386074453485077,0.0874446321493449,1.2,0.45
225,7,0.466666666666667,18,kalman,0.00216167858040785,0.00579051397291904,0.00390464776444372,0.000220474417579246,5.74892879388438e-05,6.15159590552969e-17,0.441599125509066,0.961079292123644,0.645530613279359,0.71734021513537,0.718294307415209,0.173539666879865,0.173532661366488,-0.000954092279838851,-7.00551337628585e-06,15,8,0.0779345422456378,0.143800762094161,1.2,0.45
226,7,0.466666666666667,18,kalman,0.00196285743392972,0.00382548174102905,0.00331200687465355,0.00236215931970039,0.000317562343166148,8.20212787403959e-17,0.324881130012141,0.682814259607462,0.45341729571501,0.848111154081283,0.846632889958056,0.167413112399171,0.167017655955477,0.00147826412322672,-0.000395456443693751,15,8,0.0908367715988711,0.164493730077817,1.2,0.45
227,7,0.466666666666667,18,kalman,0.00437744461949442,0.0267686597454443,0.00190957258656137,0.000836901125203927,0.000207194603484256,6.66422889765717e-17,0.078728848232543,0.457609915877187,2.09000340032893,0.321125898546225,0.321669317273258,0.229628310463464,0.229436134272059,-0.000543418727033302,-0.00019217619140555,15,8,0.126448045633791,0.128772719978253,1.2,0.45
228,7,0.466666666666667,18,kalman,0.00158324841172502,0.0330736130535308,0.00221066123834117,0.00719668856486597,3.62364886651713e-05,7.17686188978464e-17,0.0450483300342344,0.402711285752916,0.756960498820825,0.751231733134072,0.751645651077716,0.162979605176763,0.161806758515465,-0.000413917943643671,-0.00117284666129816,15,8,0.0926904316409898,0.182926516330544,1.2,0.45
229,7,0.466666666666667,18,kalman,0.0506406015627626,0.0280494573055663,0.0141869701865485,0.00402658495117619,0.000527949583236585,3.84474744095606e-17,0.50320370258848,0.204565667929019,1.62628837186299,0.131924475041749,0.125246805243768,0.226849140562764,0.227762567898341,0.00667766979798093,0.000913427335577278,15,8,0.0927668554566805,0.125774694490201,1.2,0.45
230,7,0.466666666666667,18,kalman,0.0102343464173243,0.0237694785435046,0.00975247046859371,0.00217182251734576,0.000101848442239852,2.30684846457363e-17,0.420443542912905,0.920457043040622,1.07024380060823,0.479247465433206,0.474645114111985,0.115476476377684,0.115718214975834,0.00460235132122105,0.000241738598150021,15,8,0.155551371490874,0.250242310709791,1.2,0.45
201,7,0.466666666666667,18,kalman-gm,0.00225332442632606,0.00587491860373686,0.00403283299767276,9.45651827044728e-05,2.83731093502537e-05,5.63896291340222e-17,0.443071430216982,0.962165052575066,0.827305979150532,0.613462093670414,0.612204501953387,0.254740774080511,0.254763046627838,0.00125759171702671,2.22725473272628e-05,15,8,0.0849149650585128,0.0759158523611601,1.2,0.45
202,7,0.466666666666667,18,kalman-gm,0.00841400461506116,0.0404960932516592,0.00355441845521158,9.925955196174e-05,4.92168249953223e-06,4.35738043308353e-17,1.11539495241733,1.22182581039864,1.44826445975746,0.145980316846628,0.146436600267725,0.252665969589489,0.252647078337361,-0.000456283421096889,-1.889125212857e-05,15,8,0.144757613892718,0.165898127934984,1.2,0.45
203,7,0.466666666666667,18,kalman-gm,0.00434202760206188,0.0141395173426288,0.00511766605705984,0.000191602462271275,1.71894662864158e-05,4.10106393701979e-17,1.40779896655204,2.50899624909184,0.579984263450348,0.693505967146665,0.690518100270371,0.269888236903563,0.269939948154292,0.00298786687629449,5.17112507287759e-05,15,8,0.051124801287918,0.0733345058245458,1.2,0.45
204,7,0.466666666666667,18,kalman-gm,0.00441164905926503,0.00669373283107037,0.00337530231397541,0.000436413187621583,5.42618488329322e-05,5.89527940946596e-17,0.142336226396576,0.403268231893059,0.891082898174284,0.513898516758025,0.512944141780215,0.2453875642382,0.245494654607312,0.00095437497781026,0.000107090369111889,15,8,0.0835117051858915,0.135252118155229,1.2,0.45
205,7,0.466666666666667,18,kalman-gm,0.0203437485731382,0.00977369445697864,0.00962913514233052,0.00102555288642926,0.000175960098520595,4.35738043308353e-17,1.96322396035274,2.46691312102273,1.42611515965737,0.141046230201693,0.143399921679949,0.295672935729962,0.295976163962638,-0.0023536914782559,0.000303228232676874,15,8,0.062614460459809,0.109674114313429,1.2,0.45
206,7,0.466666666666667,18,kalman-gm,0.000581813267700036,0.000986538680928339,0.000172366929452928,4.17646784541825e-05,6.76938451153923e-06,5.89527940946596e-17,0.235964782868044,0.797559830539713,0.633659935138487,0.757170510744761,0.756768373004102,0.30614492555231,0.306146467743301,0.000402137740659397,1.5421909909441e-06,15,8,0.0216014107328193,0.0475753932271132,1.2,0.45
207,7,0.466666666666667,18,kalman-gm,0.00343450204479296,0.00985167241423228,0.00161811125832154,0.000728911922892132,9.20630333031571e-05,3.07579795276485e-17,0.378825185064093,0.874787619096792,0.9208761378559,0.625826379460481,0.62788871798078,0.2973284495251,0.297111723273226,-0.00206233852029875,-0.000216726251873877,15,8,0.106252177132403,0.0642008055090146,1.2,0.45
208,7,0.466666666666667,18,kalman-gm,0.000929407295358755,0.0198031402485989,0.000831326240558728,0.0021487651516498,3.57824494308926e-05,3.33211444882858e-17,0.11344586379508,0.638788841885071,0.806459321627434,0.656561792705668,0.656137753269678,0.184384194244406,0.184780392575513,0.000424039435989626,0.000396198331107406,15,8,0.042753441247355,0.0843821189353919,1.2,0.45
209,7,0.466666666666667,18,kalman-gm,0.0028092960892081,0.0005911770096805,0.00164161441230149,0.000148548400587033,3.87461513755478e-05,2.81948145670111e-17,0.394400160761733,0.920683008119011,1.48861253524469,0.449870847147098,0.448607042157738,0.325066709348446,0.325114997488204,0.00126380498936003,4.82881397578017e-05,15,8,0.0850120505233377,0.0915670685917549,1.2,0.45
210,7,0.466666666666667,18,kalman-gm,0.00614069178610651,0.00644734586363476,0.00575019657030426,0.0161884305468134,0.00276947038385481,6.66422889765717e-17,0.317238575323603,0.546197149910683,0.70987222897368,0.911875482461987,0.906282936307504,0.128962871187208,0.131050577670539,0.0055925461544831,0.00208770648333176,15,8,0.550922626078958,2.50835267826205,1.2,0.45
211,7,0.466666666666667,18,kalman-gm,0.00453349131195742,0.0107928006156019,0.00434974079891247,0.000455360332990518,0.000130265225386629,7.43317838584838e-17,0.0981528762199608,0.556977243326547,1.05905259996772,0.522301856214857,0.520615196085406,0.224149544629049,0.224251613440331,0.00168666012945172,0.000102068811281957,15,8,0.0846843297881077,0.141239103244819,1.2,0.45
212,7,0.466666666666667,18,kalman-gm,0.0220835632076982,0.0236426201764638,0.00554419010013015,0.00244916354292012,0.00014001831773774,6.66422889765717e-17,1.63852136994629,1.70477019782006,1.24718774892098,0.277256991643946,0.271138570725618,0.275836339176229,0.276511907481952,0.00611842091832869,0.000675568305722969,15,8,0.054976935019754,0.0575668469291917,1.2,0.45
213,7,0.466666666666667,18,kalman-gm,0.00393063068766516,0.00451393210260523,0.00413933961809919,0.00512940389357184,0.000144992088524446,5.12632992127474e-18,0.620488409957687,1.19258063209751,0.462571851071743,0.871812711122806,0.868388216436376,0.098955234601436,0.0994628159670899,0.00342449468642993,0.00050758136565392,15,8,0.12510619110555,0.205924379448513,1.2,0.45
214,7,0.466666666666667,18,kalman-gm,0.00103755897098536,0.00389870501007835,0.00380373724815473,0.00230113948706243,0.000212890301214416,7.17686188978464e-17,0.592975732340823,1.15717068323794,0.831171468227381,0.667349848166966,0.666735202520346,0.161551141126885,0.161922892836912,0.000614645646619847,0.00037175171002707,15,8,0.0832894948042056,0.118379390964792,1.2,0.45
215,7,0.466666666666667,18,kalman-gm,0.000843424412178929,0.000531860128463138,0.00150673156295434,0.000285663502452195,1.89579297778097e-05,3.07579795276485e-17,0.593794411614198,1.08535962305657,0.796516452453391,0.671715051076487,0.671148519708236,0.260850135473205,0.260924650836519,0.000566531368250996,7.45153633144052e-05,15,8,0.0434221795627376,0.0657430748302468,1.2,0.45
216,7,0.466666666666667,18,kalman-gm,0.0318747129394104,0.0534332920973381,0.00501131742699737,0.00195035204859091,0.000203779472191335,7.94581137797585e-17,0.246734818381386,0.718471503553871,1.57552069122061,0.196349411581488,0.190100272822105,0.226880572108821,0.227323069097419,0.00624913875938301,0.000442496988597916,15,8,0.0925641942463172,0.158473310754944,1.2,0.45
217,7,0.466666666666667,18,kalman-gm,0.00120880876708715,0.00595818943530617,0.000686786145900224,3.62321964973404e-05,1.44030505978682e-05,4.87001342521101e-17,0.720559985736976,0.246994268130382,1.89737836623585,0.534074347723111,0.533857055579059,0.318023712698768,0.318028227414084,0.000217292144051999,4.51471531652925e-06,15,8,0.0545200933812929,0.0665299504036812,1.2,0.45
218,7,0.466666666666667,18,kalman-gm,0.0168108647598653,0.0333169399773634,0.00129546550291457,0.000503243657977099,3.27434089084289e-05,7.43317838584838e-17,1.5483705297651,1.26695619655353,1.49520012048216,0.163271916598705,0.160572426150126,0.293237704289646,0.293090134274683,0.00269949044857842,-0.000147570014963528,15,8,0.096776413657218,0.108373113884504,1.2,0.45
219,7,0.466666666666667,18,kalman-gm,0.00412719758621627,0.00480573687781726,0.00588656031562257,0.000134189107683808,2.66419962581886e-05,6.66422889765717e-17,0.426745395759508,0.987952901032908,1.38195496113157,0.470199139466511,0.472131148295985,0.371206055765034,0.371156243955644,-0.00193200882947322,-4.98118093899358e-05,15,8,0.1868546691906,0.113308978247632,1.2,0.45
220,7,0.466666666666667,18,kalman-gm,0.00261325521691698,0.00311570805883517,0.00259405315734326,0.000436237105882596,5.38016411825682e-05,6.15159590552969e-17,0.118077497410641,0.55757182247731,1.46255321482376,0.592151562484213,0.593638640598559,0.301861486700453,0.301729803519117,-0.00148707811434544,-0.000131683181335623,15,8,0.0897227083101846,0.0937270709566897,1.2,0.45
221,7,0.466666666666667,18,kalman-gm,0.000734062797521685,0.00170238707810805,0.00100166394514007,0.000253441260083425,2.96647526119816e-05,5.38264641733848e-17,0.988192848253938,1.55887990526324,0.705846554108424,0.735591692675871,0.7359363031694,0.283553688964763,0.283625553168995,-0.00034461049352898,7.18642042325329e-05,15,8,0.0514078145254467,0.0742990138486714,1.2,0.45
222,7,0.466666666666667,18,kalman-gm,0.00147711774869947,0.007699428159142,0.00136582919346691,0.00180381392934915,0.000103487361290272,5.38264641733848e-17,0.643001553924765,0.95737316349573,0.918408084265468,0.793344930268532,0.794460254798117,0.126739967564851,0.126511352245953,-0.00111532452958463,-0.000228615318898739,15,8,0.0563114156955968,0.0742353091898114,1.2,0.45
223,7,0.466666666666667,18,kalman-gm,0.00212793775333333,0.00868827167377622,0.00619080215666338,0.0050916689870739,0.00074266291550484,1.02526598425495e-17,0.721625572523022,0.343133767333959,1.36868390380837,0.631817400198017,0.632512038428201,0.19156213940316,0.192537510407457,-0.00069463823018473,0.000975371004296598,15,8,0.310137730996881,1.52487588508275,1.2,0.45
224,7,0.466666666666667,18,kalman-gm,0.000941110885071717,0.00166094336337594,0.00051985843114332,0.000348543651478026,3.03386505883988e-05,3.07579795276485e-17,0.18216914835508,0.682000250845232,0.586117861317319,0.766339241154661,0.765628283980733,0.242175938514647,0.242260347400557,0.000710957173928027,8.44088859100131e-05,15,8,0.023851744246264,0.0462217648241339,1.2,0.45
225,7,0.466666666666667,18,kalman-gm,0.00498217944798945,0.00739413020723839,0.00900344073187355,0.00159685350463287,0.00021476274210981,8.71476086616706e-17,0.44159866240788,0.95772501934147,0.643803548088783,0.71734021513537,0.720606533907811,0.173539666879865,0.173816784305114,-0.00326631877244042,0.000277117425249933,15,8,0.0569679132676551,0.117566423999955,1.2,0.45
226,7,0.466666666666667,18,kalman-gm,0.00356374454724802,0.00582110936863225,0.00422688508076773,0.00139150264870336,1.34081487528578e-05,5.89527940946596e-17,0.32488078967076,0.682469780977815,0.456872383352583,0.848111154081283,0.845147501711463,0.167413112399171,0.167646068188502,0.00296365236982004,0.00023295578933112,15,8,0.0769849444160056,0.128456979295188,1.2,0.45
227,7,0.466666666666667,18,kalman-gm,0.00402746679226288,0.0140997951301876,0.00275862409096201,0.000138363223189905,0.00014922424489097,6.15159590552969e-17,0.104540024076238,0.464341566720631,2.07931434099833,0.321125898546225,0.321021752644812,0.229628310463464,0.229596538350293,0.000104145901412471,-3.17721131713772e-05,15,8,0.0995833141481313,0.093572351368679,1.2,0.45
228,7,0.466666666666667,18,kalman-gm,0.00159695897465096,0.00373845538672543,0.00137125510876937,0.00282985154478787,0.000148380950085937,7.43317838584838e-17,0.0457925831832994,0.403168052254099,0.756520668129015,0.751231733134072,0.750185559222532,0.162979605176763,0.163440813264242,0.00104617391154056,0.00046120808747838,15,8,0.0848479600133902,0.195651777693183,1.2,0.45
229,7,0.466666666666667,18,kalman-gm,0.0393410473828011,0.0442376227084993,0.016360323030565,0.00541414562417494,0.000457838883782388,2.81948145670111e-17,0.50405648106323,0.207065544143585,1.62245751804139,0.131924475041749,0.127157374928376,0.226849140562764,0.22807733484449,0.00476710011337282,0.00122819428172573,15,8,0.0986339756456394,0.136642082809751,1.2,0.45
230,7,0.466666666666667,18,kalman-gm,0.00950438563737239,0.028370753636356,0.00805077952368634,0.00535808341298777,0.000305776286115066,2.0505319685099e-17,0.420443542912905,0.920423177930631,1.06989765469421,0.479247465433206,0.475329068902683,0.115476476377684,0.116095208970354,0.00391839653052318,0.000618732592669543,15,8,0.176045090965554,0.333097035013765,1.2,0.45
201,7,0.466666666666667,18,mean,0.00144913207433486,0.00671397368236477,0.0026764932617046,0.00151793275341131,0.000115604579334746,3.58843094489232e-17,0.443071440071942,0.962071306475339,0.823393885400196,0.613462093670414,0.613362693569245,0.254740774080511,0.254354094715905,9.94001011688191e-05,-0.000386679364606159,15,8,0.1089046463923,0.131632643539625,1.2,0.45
202,7,0.466666666666667,18,mean,0.0130771194965493,0.0573078988376397,0.00336531479071022,0.000585988124432963,6.17118490185224e-05,5.38264641733848e-17,1.11595678480594,1.22083675757991,1.44674997107652,0.145980316846628,0.146364503151094,0.252665969589489,0.252814028847117,-0.000384186304466171,0.000148059257627781,15,8,0.169149192608439,0.169428033505576,1.2,0.45
203,7,0.466666666666667,18,mean,0.00194754021186604,0.0381306137733017,0.00321943147321888,0.000980394005240094,3.99743892458241e-05,4.87001342521101e-17,1.40970019646276,2.23970931775104,0.579241177547637,0.693505967146665,0.692480796253179,0.269888236903563,0.270152833713108,0.00102517089348608,0.000264596809545071,15,8,0.0689701266178004,0.108785669299671,1.2,0.45
204,7,0.466666666666667,18,mean,0.0081447311078297,0.00516453501868689,0.00689183073712696,0.000649469654784494,6.70080890758549e-05,5.63896291340222e-17,0.136407402261496,0.401409890388447,0.895337360581859,0.513898516758025,0.509712951522318,0.2453875642382,0.245544259919751,0.00418556523570663,0.000156695681550564,15,8,0.0843436442594683,0.142535457707603,1.2,0.45
205,7,0.466666666666667,18,mean,0.0107252323279135,0.00795496182691464,0.0043594737174193,4.87643960985777e-05,5.27817293443732e-05,4.61369692914727e-17,1.96273379280265,2.4680606521595,1.43137537680611,0.141046230201693,0.142190136278851,0.295672935729962,0.295684313362905,-0.00114390607715879,1.13776329436072e-05,15,8,0.0620807261592579,0.113452026688552,1.2,0.45
206,7,0.466666666666667,18,mean,0.000755329622386805,0.000834230746594464,0.000506073977731911,0.00019637608545604,1.8355599316198e-05,5.63896291340222e-17,0.235964782622854,0.797510639852319,0.632165932861771,0.757170510744761,0.757495400926591,0.30614492555231,0.306084806010248,-0.00032489018183001,-6.01195420621936e-05,15,8,0.0383005510432712,0.0854000625176021,1.2,0.45
207,7,0.466666666666667,18,mean,0.00511904518252653,0.0100234883928782,0.00247918741152284,0.00116920383729322,0.00014231284395948,2.81948145670111e-17,0.378825198298693,0.874270177239695,0.918447479750367,0.625826379460481,0.62902410124893,0.2973284495251,0.296980811960979,-0.0031977217884485,-0.000347637564121191,15,8,0.12359373315836,0.114359231005864,1.2,0.45
208,7,0.466666666666667,18,mean,0.00182828649183102,0.0136843421549777,0.00148439863445626,0.000301755155579648,3.98335749256473e-05,3.58843094489232e-17,0.115813036505978,0.666861262184495,0.808699006026764,0.656561792705668,0.655558624678402,0.184384194244406,0.184431192816971,0.001003168027265,4.6998572564857e-05,15,8,0.0749722767999596,0.125620373293035,1.2,0.45
209,7,0.466666666666667,18,mean,0.00316805246891474,0.00221037017453714,0.00446332508676571,0.000294793163533267,5.69802020473896e-05,1.79421547244616e-17,0.394412489731314,0.920700327044879,1.48622445419925,0.449870847147098,0.448542134490579,0.325066709348446,0.324970881904838,0.00132871265651918,-9.58274436081774e-05,15,8,0.105941087528861,0.118006977227224,1.2,0.45
210,7,0.466666666666667,18,mean,0.00557801630004341,0.00703041847710765,0.00576462175362889,0.0150682134961408,0.00278152645346591,6.9205453937209e-17,0.319526071529387,0.512116896485712,0.719874472378584,0.911875482461987,0.906789026157204,0.128962871187208,0.130906111263332,0.00508645630478292,0.00194324007612414,15,8,0.526172316782994,2.3337953983942,1.2,0.45
211,7,0.466666666666667,18,mean,0.00961273240998886,0.0788836267381089,0.00603633574548169,0.00234093458702474,0.000157965915470126,6.66422889765717e-17,0.0897261368956069,0.563659767163612,1.05424216558619,0.522301856214857,0.527121490791041,0.224149544629049,0.224674264050737,-0.00481963457618408,0.000524719421687987,15,8,0.0949448784831471,0.124747511422582,1.2,0.45
212,7,0.466666666666667,18,mean,0.0139248928801723,0.0123178942859756,0.0030750897158173,0.000749330552838929,9.700044447333e-05,6.66422889765717e-17,1.62342906682576,1.71351751126331,1.24909135412112,0.277256991643946,0.273398495673668,0.275836339176229,0.276043031772757,0.00385849597027842,0.00020669259652799,15,8,0.0632782321205915,0.114502311163103,1.2,0.45
213,7,0.466666666666667,18,mean,0.00253384114618851,0.00555707422696254,0.00271883962825079,0.00513866605714694,0.000127583490499824,1.02526598425495e-17,0.617617951985654,1.19139329882782,0.461830107640575,0.871812711122806,0.870089122203357,0.098955234601436,0.0994637325066594,0.0017235889194489,0.000508497905223411,15,8,0.138755865856317,0.205972041372632,1.2,0.45
214,7,0.466666666666667,18,mean,0.00115947674945975,0.00397722184902304,0.00257672593531097,0.00165214087373596,0.000107689615296691,7.43317838584838e-17,0.595154816616855,1.1547652491288,0.831397171055848,0.667349848166966,0.66688196934908,0.161551141126885,0.161818046370339,0.000467878817885405,0.000266905243454413,15,8,0.0876245339158535,0.142564623059287,1.2,0.45
215,7,0.466666666666667,18,mean,0.00101960545803726,0.000508418681476077,0.00160276184898732,0.000246147380263549,1.20129041964036e-05,4.10106393701979e-17,0.593555679368567,1.08534467252074,0.7965822267905,0.671715051076487,0.671035596731191,0.260850135473205,0.260914343050693,0.000679454345295869,6.42075774881212e-05,15,8,0.0650860882038241,0.120266640331205,1.2,0.45
216,7,0.466666666666667,18,mean,0.012416108152048,0.0294087651564475,0.00298464541356643,0.00134105487814212,0.000117359649191809,6.66422889765717e-17,0.22456898734452,0.687168378405399,1.57075015227622,0.196349411581488,0.194060218358669,0.226880572108821,0.227184831406803,0.00228919322281915,0.00030425929798221,15,8,0.0871206864462283,0.1329939169929,1.2,0.45
217,7,0.466666666666667,18,mean,0.00224187780136222,0.0108485890124289,0.00422832828410281,0.000570823524277448,6.59125423466744e-05,3.58843094489232e-17,0.721484181512168,0.228447968777665,1.89949915413124,0.534074347723111,0.533871273701735,0.318023712698768,0.317842177282281,0.000203074021375567,-0.000181535416486509,15,8,0.0713019739615267,0.114877757569513,1.2,0.45
218,7,0.466666666666667,18,mean,0.00830030648382214,0.0213271769703915,0.00141434712372703,0.000262474229223413,2.68925681953111e-05,6.9205453937209e-17,1.51633543381468,1.2615942862289,1.49526844963743,0.163271916598705,0.162070397297923,0.293237704289646,0.293160736949234,0.00120151930078224,-7.69673404126681e-05,15,8,0.100934916561705,0.108624757014057,1.2,0.45
219,7,0.466666666666667,18,mean,0.0119636823477279,0.00868643926455816,0.0116452442451634,0.000407427841284831,8.20371582434629e-05,6.9205453937209e-17,0.425137784359606,0.987813624893162,1.38451207211102,0.470199139466511,0.475824452611264,0.371206055765034,0.371054816083062,-0.00562531314475235,-0.000151239681972204,15,8,0.191872340896268,0.140186451050844,1.2,0.45
220,7,0.466666666666667,18,mean,0.0062087582062236,0.011672420419179,0.00347819719987803,0.000192865735799118,4.33477758057794e-05,5.63896291340222e-17,0.118333625578573,0.557688983404769,1.46544937368378,0.592151562484213,0.595685707232773,0.301861486700453,0.301803267962711,-0.00353414474855974,-5.82187377418986e-05,15,8,0.106454335822396,0.11973059076089,1.2,0.45
221,7,0.466666666666667,18,mean,0.00103185000875231,0.00166103952130351,0.000780437655556306,0.000128225952039076,1.03464388884322e-05,2.81948145670111e-17,0.988158584907571,1.55656205751263,0.706164488407809,0.735591692675871,0.736263840913143,0.283553688964763,0.283518836657475,-0.000672148237271199,-3.48523072877077e-05,15,8,0.0708628506678513,0.113740027865873,1.2,0.45
222,7,0.466666666666667,18,mean,0.00178142231729813,0.0316798336218326,0.00120904149836093,0.00623341928672432,0.000174244757377596,6.15159590552969e-17,0.640903357561719,0.953433659699404,0.917358246267482,0.793344930268532,0.794591235541624,0.126739967564851,0.125949944206634,-0.00124630527309183,-0.000790023358217559,15,8,0.069699188779632,0.129682906195883,1.2,0.45
223,7,0.466666666666667,18,mean,0.00494970315480695,0.0103746441260979,0.00580327760493452,0.00137998444804122,0.000451632797750957,1.28158248031869e-17,0.792221955084001,0.377961802131422,1.43511732968593,0.631817400198017,0.629276818392233,0.19156213940316,0.191815008879959,0.00254058180578399,0.000252869476799074,15,8,0.275540987156383,0.991396218905256,1.2,0.45
224,7,0.466666666666667,18,mean,0.00266085154279233,0.00158706565313355,0.00151142642264835,1.49963930073244e-05,2.33712109261646e-05,3.58843094489232e-17,0.182098454859519,0.682329933521069,0.587550885204304,0.766339241154661,0.764312127400613,0.242175938514647,0.242172875572662,0.00202711375404773,-3.06294198530066e-06,15,8,0.0386591422541363,0.0875151797147602,1.2,0.45
225,7,0.466666666666667,18,mean,0.00162603279948117,0.00460893230506165,0.00292639426521737,0.000496545274366527,6.66177758810444e-05,5.38264641733848e-17,0.437810382016898,0.959844713511561,0.645998347111012,0.71734021513537,0.717719370335538,0.173539666879865,0.173625837181369,-0.000379155200167599,8.6170301504338e-05,15,8,0.0779109644003674,0.143498410864618,1.2,0.45
226,7,0.466666666666667,18,mean,0.00140695142656187,0.00402494638776002,0.00263677143695033,0.00266024426519237,0.000290410926324319,5.38264641733848e-17,0.324880792558479,0.683932700195191,0.453166100605753,0.848111154081283,0.847169707161628,0.167413112399171,0.166967752626993,0.000941446919654874,-0.000445359772177902,15,8,0.0908573680775933,0.164730143401925,1.2,0.45
227,7,0.466666666666667,18,mean,0.00423013464688368,0.0220778485384189,0.00173189871362568,0.000646451786134965,0.000191594573526951,6.66422889765717e-17,0.0786840594082964,0.457210374338623,2.09054195808127,0.321125898546225,0.321633775500852,0.229628310463464,0.229479866832018,-0.000507876954627369,-0.000148443631446261,15,8,0.126453354613953,0.128753826434393,1.2,0.45
228,7,0.466666666666667,18,mean,0.00152965491967959,0.00581490759049328,0.00209339902819989,0.00231058542846186,2.78132308233418e-05,7.68949488191212e-17,0.0449027978237734,0.403003323248404,0.75698916525568,0.751231733134072,0.75149650624384,0.162979605176763,0.162603026875905,-0.00026477310976805,-0.000376578300857896,15,8,0.0926094779277464,0.182716674536639,1.2,0.45
229,7,0.466666666666667,18,mean,0.0242364209656901,0.00832955847881555,0.0167631388787638,0.00422786353042046,0.000511369401181768,1.53789897638242e-17,0.504597328887473,0.208532836205523,1.62118639143925,0.131924475041749,0.128737688338757,0.226849140562764,0.227808227771057,0.00318678670299197,0.000959087208292536,15,8,0.0927961197875067,0.125578736028662,1.2,0.45
230,7,0.466666666666667,18,mean,0.0112920834837164,0.0258350888155167,0.0107244447177837,0.00248270391014641,9.12061557869156e-05,2.56316496063737e-17,0.422988312239997,0.924706728541177,1.07181834616258,0.479247465433206,0.474154863825535,0.115476476377684,0.115758987530999,0.00509260160767127,0.000282511153314608,15,8,0.155707268497855,0.2505648363896,1.2,0.45
201,7,0.466666666666667,18,none,0.0115719939237495,0.00388679620643725,0.00643223854004886,0.0036892962106807,0.000308975468935276,0.466666666666666,0.450256406823212,0.965215946825067,0.818770464784787,0.613462093670414,0.620363361777126,0.254740774080511,0.255680588253032,-0.00690126810671251,0.000939814172521098,8,8,NaN,NaN,1.2,0.45
202,7,0.466666666666667,18,none,0.222835757280201,0.49770612736196,0.0139266178980635,0.0115044030212435,0.00170347956133669,0.466666666666666,1.11262884780123,1.18307877518388,1.39456501055288,0.145980316846628,0.17850995129915,0.252665969589489,0.2555727407334,-0.0325296344525221,0.00290677114391073,8,8,NaN,NaN,18,0.45
203,7,0.466666666666667,18,none,0.0188500727228989,0.0760355067540782,0.0292561729060463,0.00276457953032949,0.00091664931485033,0.466666666666666,1.32795799189041,2.11882363942404,0.552917754885678,0.693505967146665,0.706573961117633,0.269888236903563,0.270634364398783,-0.0130679939709674,0.000746127495220307,8,8,NaN,NaN,1.2,0.45
204,7,0.466666666666667,18,none,0.0471717101091405,0.119576317879222,0.0471746339600587,0.00894446343985094,0.00124443834617973,0.466666666666666,0.132952265726657,0.413756402385059,0.858219689891814,0.513898516758025,0.538139988616052,0.2453875642382,0.247582424335123,-0.0242414718580268,0.00219486009692265,8,8,NaN,NaN,1.2,0.45
205,7,0.466666666666667,18,none,0.0391310188162567,0.0685147551242881,0.0279188942156934,0.00319308481186025,0.000525192073373013,0.466666666666666,1.98367818875214,2.53928527756085,1.4146598620432,0.141046230201693,0.146565512889677,0.295672935729962,0.296617044490319,-0.00551928268798452,0.000944108760357472,8,8,NaN,NaN,1.2,0.45
206,7,0.466666666666667,18,none,0.0366507221774898,0.0171120995322214,0.0107750411416951,0.00679207951878256,0.00141365719690253,0.466666666666666,0.208218578854605,0.744779474532593,0.673081937733135,0.757170510744761,0.729419664714467,0.30614492555231,0.308224286230933,0.0277508460302943,0.00207936067862306,8,8,NaN,NaN,1.2,0.45
207,7,0.466666666666667,18,none,0.00572815180213922,0.00803163655195393,0.0117410723575356,0.001342088958032,0.000207216462073808,0.466666666666666,0.378764108332666,0.874416705540988,0.924050375094507,0.625826379460481,0.623038676401511,0.2973284495251,0.297727490754117,0.00278770305897045,0.000399041229016411,8,8,NaN,NaN,1.2,0.45
208,7,0.466666666666667,18,none,0.0186659187728059,0.0272476317392428,0.00732374335684223,0.0303179116815557,0.00400239502900144,0.466666666666666,0.118386716333735,0.660347162794651,0.800201221327554,0.656561792705668,0.644356518513005,0.184384194244406,0.189974337960982,0.0122052741926628,0.0055901437165767,8,8,NaN,NaN,1.2,0.45
209,7,0.466666666666667,18,none,0.0584207477717085,0.128292880755593,0.0385581702697262,0.00163665106370049,0.000123627965814831,0.466666666666666,0.409602295487592,0.956775786058926,1.46806610706565,0.449870847147098,0.476152638438123,0.325066709348446,0.324552168650047,-0.0262817912910254,-0.000514540698399303,8,8,NaN,NaN,7.2,0.45
210,7,0.466666666666667,18,none,0.017251328222297,0.0117063306020897,0.0218380667892439,0.00495816967996499,0.00556259762500144,0.466666666666666,0.183306189729689,0.598322414186222,0.523753721479653,0.911875482461987,0.927598137798158,0.128962871187208,0.129110906807707,-0.0157226553361713,0.000148035620499851,8,8,NaN,NaN,1.2,0.45
211,7,0.466666666666667,18,none,0.00278524975410184,0.0421712844920764,0.0125474887017922,0.00552675048422132,0.000789169238905229,0.466666666666666,0.100839913793648,0.547620026277252,1.05399456268398,0.522301856214857,0.522172720694701,0.224149544629049,0.225388363233366,0.000129135520156006,0.00123881860431658,8,8,NaN,NaN,1.2,0.45
212,7,0.466666666666667,18,none,0.0583378797672101,0.150578415825834,0.0211617110089907,0.0179909109974135,0.00195636109348201,0.466666666666666,1.66091113385521,1.6464511487564,1.28314485103375,0.277256991643946,0.26147374104779,0.275836339176229,0.280798886204201,0.0157832505961561,0.0049625470279719,8,8,NaN,NaN,21.6,0.45
213,7,0.466666666666667,18,none,0.0049652038937199,0.0142576391360801,0.0023554598491716,0.0156977597258926,0.00392328911988559,0.466666666666666,0.583157612222429,1.09676628796005,0.449670622003967,0.871812711122806,0.876021006664631,0.098955234601436,0.100508610097829,-0.00420829554182451,0.00155337549639268,8,8,NaN,NaN,1.2,0.45
214,7,0.466666666666667,18,none,0.0231978872273963,0.0204517175287479,0.00863156863858161,0.0127655885491742,0.00356187417961938,0.466666666666666,0.522658730728702,1.11392141107874,0.786441150418592,0.667349848166966,0.682830954685963,0.161551141126885,0.16361343652416,-0.0154811065189973,0.00206229539727539,8,8,NaN,NaN,1.2,0.45
215,7,0.466666666666667,18,none,0.00753922066138625,0.0180857800669427,0.0041657750840025,0.000755446759783478,0.000122635835780568,0.466666666666666,0.5328701656612,1.05906308014157,0.780878396501037,0.671715051076487,0.676462371712367,0.260850135473205,0.261047193862837,-0.00474732063588087,0.000197058389632314,8,8,NaN,NaN,1.2,0.45
216,7,0.466666666666667,18,none,0.182328961125007,0.160130070013573,0.0148992139285874,0.0115839582504534,0.00176295319984942,0.466666666666666,0.339986646088815,0.75371749926474,1.59335181488763,0.196349411581488,0.160549227350329,0.226880572108821,0.229508747183968,0.0358001842311591,0.00262817507514756,8,8,NaN,NaN,27.6,0.45
217,7,0.466666666666667,18,none,0.0485170632033125,0.0420926565053126,0.0283245680070395,0.00193225846026761,0.0001667224826958,0.466666666666666,0.688887784540641,0.217627370895091,1.88154378188465,0.534074347723111,0.559969877062673,0.318023712698768,0.318638216708196,-0.0258955293395626,0.000614504009427909,8,8,NaN,NaN,1.2,0.45
218,7,0.466666666666667,18,none,0.0894716889424245,0.0813405075893785,0.0110676683427503,0.00795546160256315,0.000757085646590121,0.466666666666666,1.33474506958253,1.15051167951616,1.52375242681022,0.163271916598705,0.148689698862007,0.293237704289646,0.295570545586546,0.0145822177366978,0.00233284129690005,8,8,NaN,NaN,1.2,0.45
219,7,0.466666666666667,18,none,0.0229679981992375,0.0325322504034761,0.0190382029523763,0.000435522480572319,0.00011045119917928,0.466666666666666,0.404993148555791,0.980265228326342,1.37512980794688,0.470199139466511,0.459399606477962,0.371206055765034,0.371044387182824,0.0107995329885499,-0.000161668582210254,8,8,NaN,NaN,1.2,0.45
220,7,0.466666666666667,18,none,0.00661420241758264,0.0239490475185505,0.00567510403533017,0.00045429302295002,0.000146069449508205,0.466666666666666,0.115360455408997,0.594615238678003,1.42818189579644,0.592151562484213,0.595750285145398,0.301861486700453,0.301900674987804,-0.00359872266118431,3.91882873509958e-05,8,8,NaN,NaN,1.2,0.45
221,7,0.466666666666667,18,none,0.00342253731065779,0.0279878612019747,0.00407023147969515,0.00330001392334501,0.000551394935971775,0.466666666666666,0.936134349294899,1.51977704029413,0.685819124130704,0.735591692675871,0.737874851878066,0.283553688964763,0.284489420086362,-0.00228315920219484,0.000935731121599556,8,8,NaN,NaN,1.2,0.45
222,7,0.466666666666667,18,none,0.0124234680729669,0.0177780942215892,0.0172488391297683,0.01834812677733,0.00515572932025515,0.466666666666667,0.63463430900588,1.00168637974736,0.865894105333115,0.793344930268532,0.803085209794805,0.126739967564851,0.129065408557486,-0.00974027952627334,0.00232544099263458,8,8,NaN,NaN,1.2,0.45
223,7,0.466666666666667,18,none,0.0157309718008362,0.0124535328553616,0.0174329197209602,0.00678853947612166,0.00114988100648396,0.466666666666666,0.730487373323788,0.364190766098915,1.35451112156133,0.631817400198017,0.621953347592304,0.19156213940316,0.192862566548629,0.0098640526057127,0.00130042714546867,8,8,NaN,NaN,1.2,0.45
224,7,0.466666666666667,18,none,0.0118772889038597,0.0543521598334205,0.00867196460158209,0.00401539978516027,0.000138321965564826,0.466666666666666,0.147548982127903,0.403599441252663,0.611022479731532,0.766339241154661,0.757285853360491,0.242175938514647,0.241203505303165,0.00905338779416933,-0.000972433211482703,8,8,NaN,NaN,1.2,0.45
225,7,0.466666666666667,18,none,0.0111899339973429,0.0378609236751534,0.0197367523078996,0.00438400904347298,0.00100364484428168,0.466666666666666,0.431923177197546,0.953808910991792,0.642935680535612,0.71734021513537,0.725230649834923,0.173539666879865,0.174297849410078,-0.0078904346995528,0.000758182530213339,8,8,NaN,NaN,1.2,0.45
226,7,0.466666666666667,18,none,0.0123692799978617,0.025348576364672,0.0107579582171426,0.0222738916590973,0.00202641740284176,0.466666666666666,0.315960245337635,0.653394082292317,0.472847686746533,0.848111154081283,0.837711989086408,0.167413112399171,0.171142053927063,0.0103991649948752,0.00372894152789142,8,8,NaN,NaN,1.2,0.45
227,7,0.466666666666667,18,none,0.0458862222211363,0.0570921558565351,0.0377253483439128,0.0216382892086069,0.00164664293045843,0.466666666666666,0.102937986935285,0.353255119346744,2.07320589884088,0.321125898546225,0.306521746662491,0.229628310463464,0.234597074255756,0.0146041518837332,0.00496876379229222,8,8,NaN,NaN,1.2,0.45
228,7,0.466666666666667,18,none,0.00630614860449034,0.0480296534921691,0.0201775981887464,0.0307841431133058,0.00608370807072559,0.466666666666666,0.0810059615317884,0.37759838389047,0.714471045877615,0.751231733134072,0.755969112079625,0.162979605176763,0.167996792667075,-0.00473737894555229,0.00501718749031156,8,8,NaN,NaN,1.2,0.45
229,7,0.466666666666667,18,none,0.196590641249832,0.249041410504449,0.0662404652671682,0.0183066727733201,0.00159031961318466,0.466666666666666,0.503365181478531,0.194322522892183,1.63920687081456,0.131924475041749,0.105989357896744,0.226849140562764,0.231001993547956,0.0259351171450048,0.00415285298519142,8,8,NaN,NaN,NaN,0.45
230,7,0.466666666666667,18,none,0.00776685756154643,0.00726913397783358,0.0237019198891741,0.0152549616483208,0.00415099637707474,0.466666666666666,0.420400054225059,0.923103867894819,1.05405808570332,0.479247465433206,0.482623363872353,0.115476476377684,0.117238065596109,-0.00337589843914656,0.0017615892184248,8,8,NaN,NaN,1.2,0.45
201,7,0.466666666666667,30,hold,0.00356369425130007,0.00248776420938575,0.00813200709666378,0.00132776154786965,0.000240305445828304,6.61296559844442e-17,0.592105139413198,1.07617650816039,0.823332673806561,0.61337352961391,0.611653588666697,0.251666117837944,0.25200027043211,0.00171994094721252,0.000334152594166854,15,8,0.155517475250897,0.23323672808672,1.2,0.75
202,7,0.466666666666667,30,hold,0.0473587905648239,0.491585723548374,0.00916110802944458,0.000950309929253846,0.0003598676117597,7.9970746771886e-17,1.17505192314807,1.34039248799936,1.46460551296284,0.12679718571031,0.13266921710289,0.254198267232006,0.254393488542978,-0.00587203139258019,0.000195221310971723,15,8,0.287801002062891,0.910694191778795,1.2,0.75
203,7,0.466666666666667,30,hold,0.00632407932422332,0.0387335909652343,0.00498006209181463,0.00109388622082425,0.00040053935221316,3.69095754331781e-17,1.66597350409767,2.45644816675106,0.610124497440432,0.689071094449994,0.684717703599554,0.277505500308237,0.27779477093331,0.00435339085044072,0.00028927062507304,15,8,0.126052759472773,0.252389412645332,1.2,0.75
204,7,0.466666666666667,30,hold,0.0109896153796462,0.0700783122777474,0.0149194484452504,0.00337178753025524,0.000688246212714419,5.22885651970024e-17,0.201171522656447,0.549078960581697,0.903066850099711,0.50663352600945,0.509454005870771,0.249220583047942,0.250060901902146,-0.00282047986132118,0.000840318854203991,15,8,0.208544636262493,0.468537322967915,1.2,0.75
205,7,0.466666666666667,30,hold,0.0212805504482737,0.102081925310293,0.0300460927480601,0.00707490803198977,0.00121897948313452,5.075066622062e-17,2.06518925146483,2.64811853339213,1.42244665785976,0.141974542362929,0.140588664795023,0.295485691358775,0.297576225449907,0.00138587756790614,0.00209053409113224,15,8,0.161419966695187,0.338438071533928,1.2,0.75
206,7,0.466666666666667,30,hold,0.00213354657114151,0.00204290730041576,0.000789679962775632,0.000603780098273612,9.24221503280986e-05,3.22958785040309e-17,0.385964782723314,0.973535527409787,0.629907260793597,0.767745834320446,0.766111303377565,0.308385781722002,0.308571978919596,0.00163453094288101,0.000186197197594295,15,8,0.0740838143420535,0.145439861715611,1.2,0.75
207,7,0.466666666666667,30,hold,0.0028379535997104,0.0181294054662398,0.00272012658623995,0.000993663988843248,0.000115838825384495,2.76821815748836e-17,0.52832688405153,0.988371901918335,0.921052648366394,0.626193173014412,0.626942227179449,0.296358053976175,0.296063573650135,-0.000749054165036832,-0.000294480326039789,15,8,0.170945396579722,0.188685468091191,1.2,0.75
208,7,0.466666666666667,30,hold,0.00608060983660879,0.0328487444731451,0.00643257498417009,0.00972419226090518,0.000739872667486828,1.69168887402067e-17,0.232098056027146,0.758708082721152,0.791363943180394,0.6676663370147,0.66388645257562,0.178073257869194,0.179804876465239,0.0037798844390804,0.00173161859604579,15,8,0.129728082283614,0.307046869864219,1.2,0.75
209,7,0.466666666666667,30,hold,0.00279241523239865,0.00304037154705215,0.00366442535381642,0.000685042894690989,0.000165349722089007,2.15305856693539e-17,0.544503295292193,1.04742315371832,1.48608877847076,0.448979724841159,0.447736354085348,0.332845623273297,0.33307363680255,0.00124337075581108,0.000228013529252366,15,8,0.155353931136675,0.270222460112082,1.2,0.75
210,7,0.466666666666667,30,hold,0.0118351513604643,0.028783927783451,0.00983208162443222,0.0573627145281566,0.0114643701491358,7.53570498427387e-17,0.466368349215867,0.672709588216435,0.748976829874258,0.916008449083529,0.905167350441162,0.128399859481735,0.135765223966642,0.0108410986423677,0.00736536448490622,15,8,0.854861969238839,2.98430349385968,1.2,0.75
211,7,0.466666666666667,30,hold,0.0240519429838377,0.0992995556023676,0.015899588986243,0.00439897298421818,0.000789789247334206,7.07433529135914e-17,0.239360864839589,0.760092026076887,1.07609225251255,0.520630668201357,0.508168038869002,0.225818917750076,0.226812289068584,0.0124626293323548,0.000993371318507974,15,8,0.201797638230366,0.493191267708644,1.2,0.75
212,7,0.466666666666667,30,hold,0.0456342014018876,0.0269979616208246,0.0181374475782123,0.00709491850776354,0.000898993604922052,7.22812518899739e-17,1.80013811932585,1.92397457671628,1.2226292883839,0.29633260082413,0.282814214253036,0.276908707479213,0.278873352192868,0.0135183865710938,0.00196464471365515,15,8,0.0840779872425435,0.132829634224382,1.2,0.75
213,7,0.466666666666667,30,hold,0.0148818963175366,0.0164912773714968,0.0157913309121005,0.0355133853929486,0.00393336531948743,6.15159590552969e-18,0.742913326979434,1.30626754504402,0.496328082526167,0.876634454323834,0.863591483194333,0.099312621041405,0.102839548426832,0.0130429711295011,0.00352692738542728,15,8,0.264570870243177,0.659367347331404,1.2,0.75
214,7,0.466666666666667,30,hold,0.00617078929050564,0.0128537028160994,0.0141088723410398,0.0118647420049941,0.00186262385135307,6.61296559844442e-17,0.750552068251991,1.40273850687778,0.847274329483813,0.664582869094448,0.660520830126296,0.159139045762059,0.161027189482947,0.00406203896815119,0.00188814372088778,15,8,0.190753663938664,0.38649344103134,1.2,0.75
215,7,0.466666666666667,30,hold,0.00114875276964403,0.00408145554231655,0.00232963161547537,0.00139225765486462,0.000220102545709673,5.53643631497672e-17,0.747064120115201,1.17875050346672,0.787873585306636,0.671840470224486,0.671786124511957,0.257585642560136,0.257944268142773,5.4345712528826e-05,0.000358625582637571,15,8,0.111567715414962,0.185966847282666,1.2,0.75
216,7,0.466666666666667,30,hold,0.0737176482651136,0.106037250765601,0.0229127530543485,0.0094838722365576,0.000780418241570636,6.76675549608266e-17,0.41046688618614,0.771407012287801,1.57646307057616,0.231871893083733,0.214810045807278,0.234245606013739,0.236467161413148,0.017061847276455,0.00222155539940931,15,8,0.180443730156947,0.403810480940301,1.2,0.75
217,7,0.466666666666667,30,hold,0.00400860522102193,0.00529044770656185,0.00564807114694476,0.00162428046175385,0.000186815318928336,3.69095754331781e-17,0.593454276905492,0.189414609556786,1.91845250663126,0.51900693865808,0.518257081780845,0.316927809886414,0.317442589535799,0.000749856877234718,0.000514779649384941,15,8,0.14567787328862,0.203665720149539,1.2,0.75
218,7,0.466666666666667,30,hold,0.0647535986758817,0.068618045724159,0.00396365990770723,0.000301656684822785,5.28801294995949e-05,7.22812518899739e-17,1.54383768190283,1.00122398485203,1.50644125798428,0.173061671459917,0.16186316530894,0.294348761231623,0.294437553503117,0.0111985061509766,8.87922714948247e-05,15,8,0.206677545283284,0.370061752821429,1.2,0.75
219,7,0.466666666666667,30,hold,0.00307834892511839,0.00623455841497188,0.00601077348959569,0.00113753264956359,8.3824008110102e-05,6.30538580316793e-17,0.579222578936884,1.17822379251992,1.38277688303503,0.476575154620251,0.477396207054708,0.369860263375472,0.370280991500837,-0.000821052434456964,0.000420728125365787,15,8,0.221248123408999,0.277342644614384,1.2,0.75
220,7,0.466666666666667,30,hold,0.00700543670111944,0.00373941601356681,0.00612123750178014,0.00112143341082634,0.000238584547638609,6.9205453937209e-17,0.195282445094409,0.861793227147169,1.46953936286767,0.597168965116479,0.601269702302948,0.3064103015315,0.306066682781941,-0.00410073718646875,-0.000343618749558797,15,8,0.202856395836032,0.385345040928214,1.2,0.75
221,7,0.466666666666667,30,hold,0.00282548964130254,0.00910253139124212,0.00426579115950493,0.00247910329894494,0.00030699233559601,3.9985373385943e-17,1.15169432620482,1.67454115886818,0.710284459106306,0.738637676002285,0.736577279214431,0.28403914330989,0.284743305687099,0.00206039678785394,0.000704162377209043,15,8,0.11247289534123,0.256148815476569,1.2,0.75
222,7,0.466666666666667,30,hold,0.0018312870290188,0.0085585913175145,0.00315764986654745,0.00217669710040094,0.000115569399814974,7.38191508663563e-17,0.762443148194599,0.875838780136247,0.930956446316749,0.783966210026699,0.782892254345201,0.126245534050082,0.126516883856975,0.00107395568149789,0.000271349806893358,15,8,0.124576037144135,0.223896775110203,1.2,0.75
223,7,0.466666666666667,30,hold,0.00944968372357196,0.032285298536147,0.00983047185277447,0.00787528735411117,0.00207359364383618,6.15159590552969e-18,0.733076968465001,0.247178288383809,1.50163784807242,0.631887662732556,0.625941956658667,0.184226175646748,0.185645859992963,0.00594570607388925,0.00141968434621529,15,8,0.299078935676465,1.06068464043612,1.2,0.75
224,7,0.466666666666667,30,hold,0.0024781349340749,0.00424316592104461,0.00161886459926044,0.0017586945627962,0.000227539218493775,2.76821815748836e-17,0.323424830118411,0.69435058894426,0.577998119200603,0.770567549288362,0.768659984798149,0.239356771046396,0.239777726498204,0.0019075644902133,0.000420955451807751,15,8,0.0597854794619074,0.124453967142464,1.2,0.75
225,7,0.466666666666667,30,hold,0.0133145352810149,0.0169594081583755,0.0250128202929656,0.00277182212789008,0.00142553765331131,7.84328477955036e-17,0.591613504655012,1.09760535544126,0.64503183420826,0.712675502917593,0.721987412875379,0.177083392187468,0.177563873869765,-0.0093119099577858,0.000480481682296508,15,8,0.165750480440008,0.441549943837141,1.2,0.75
226,7,0.466666666666667,30,hold,0.0107017083378279,0.0160469462030224,0.0127715112578662,0.0159962323778452,0.00122046704482973,7.07433529135914e-17,0.470089478251152,0.676523938541731,0.465610521590394,0.851790387495661,0.842678356386866,0.164834614973858,0.167471347778892,0.00911203110879485,0.00263673280503447,15,8,0.165630591612639,0.406964006217426,1.2,0.75
227,7,0.466666666666667,30,hold,0.0199968889033525,0.122253151166142,0.00686050179746429,0.00681589683489774,0.00114444799505809,7.84328477955036e-17,0.224031258287456,0.601742106540363,2.07224415407159,0.323435680453825,0.32844253984907,0.220357260803393,0.22185919315985,-0.00500685939524571,0.00150193235645658,15,8,0.152722965283303,0.246747890277994,1.2,0.75
228,7,0.466666666666667,30,hold,0.0183626239117541,0.0153988830692296,0.0131408203704535,0.0383336424895522,0.00327149355359586,7.22812518899739e-17,0.129647448450317,0.550888741688455,0.786287936278349,0.757865136372272,0.74396592838645,0.163102445899061,0.169354756749327,0.0138992079858217,0.00625231085026612,15,8,0.216093858615529,0.612375158859333,1.2,0.75
229,7,0.466666666666667,30,hold,0.0817113189760502,0.0599220093753633,0.0420667698836232,0.0161262199057459,0.00250854280893313,2.9220080551266e-17,0.406998822171418,0.0940748868564924,1.57744740084048,0.178230899964877,0.165141868027769,0.226248352017759,0.22989688269571,0.013089031937108,0.003648530677951,15,8,0.176606863242611,0.35828938936509,2.1,0.75
230,7,0.466666666666667,30,hold,0.0232741841943475,0.041216814186987,0.0191381716000507,0.0124923148978153,0.00126420167138735,2.61442825985012e-17,0.56741307776136,1.04746737357819,1.08646157278857,0.475921500527079,0.468010196823451,0.12443443724665,0.125988911420867,0.00791130370362785,0.00155447417421759,15,8,0.337913938682262,0.916916997416308,1.2,0.75
201,7,0.466666666666667,30,kalman,0.0040797279558911,0.00468884467456008,0.0039174885403597,0.00131327284846346,0.000326169880466392,4.45990703150903e-17,0.59284812670263,1.06753756289881,0.824165923746885,0.61337352961391,0.611051574234482,0.251666117837944,0.251335611558509,0.00232195537942752,-0.000330506279434777,15,8,0.173027002624094,0.239493595327237,1.2,0.75
202,7,0.466666666666667,30,kalman,0.0449942352715736,0.142592756926299,0.0155646958074562,0.00363184983177156,0.000455228494201418,4.76748682678551e-17,1.18214904142634,1.34732938487614,1.45481574833173,0.12679718571031,0.132461646231168,0.254198267232006,0.255121477166089,-0.00566446052085884,0.000923209934083184,15,8,0.253449450312678,0.414430893183557,1.2,0.75
203,7,0.466666666666667,30,kalman,0.0107029195308443,0.0409372972131119,0.0107430274225608,0.000860600859758874,0.00015689625927407,4.45990703150903e-17,1.68672706983027,2.77919507479821,0.612990010047301,0.689071094449994,0.696112838313147,0.277505500308237,0.27774432178039,-0.00704174386315229,0.000238821472153085,15,8,0.121874559562367,0.200059841635741,1.2,0.75
204,7,0.466666666666667,30,kalman,0.0278977830106515,0.0954104714213076,0.0245413270262301,0.0127257266196355,0.000884434131264715,5.53643631497672e-17,0.209064935740806,0.531074356804984,0.922022197999318,0.50663352600945,0.492499573834917,0.249220583047942,0.246049070040087,0.0141339521745329,-0.00317151300785427,15,8,0.157533179288372,0.283610903948765,1.2,0.75
205,7,0.466666666666667,30,kalman,0.0375242889119676,0.169444999235269,0.00516625092305356,0.0062873756511984,0.000403915828820597,5.69022621261496e-17,2.05269299400196,2.6479806789794,1.44751193142313,0.141974542362929,0.137952910006109,0.295485691358775,0.293627861817648,0.00402163235681981,-0.00185782954112669,15,8,0.11054081901036,0.211686846655025,1.2,0.75
206,7,0.466666666666667,30,kalman,0.00132765274789905,0.00664345885902427,0.0015386835559086,0.000327415185376122,2.91968269131239e-05,3.53716764567957e-17,0.385964782914979,0.971589038373333,0.625178422772369,0.767745834320446,0.767055029519223,0.308385781722002,0.308284811534112,0.000690804801223077,-0.000100970187889869,15,8,0.0808258736895399,0.146644043665828,1.2,0.75
207,7,0.466666666666667,30,kalman,0.0131820439742968,0.0116836822901183,0.00600706024330091,0.00266928240260935,0.000578165667564588,3.53716764567957e-17,0.528217479250387,0.98633772260427,0.904350539975568,0.626193173014412,0.634443980185678,0.296358053976175,0.295566990637825,-0.00825080717126588,-0.000791063338350156,15,8,0.176961095182738,0.207688409173385,1.2,0.75
208,7,0.466666666666667,30,kalman,0.0147357938251834,0.0508258633359313,0.0111142991619792,0.00570219319627788,0.000181945897676032,3.53716764567957e-17,0.236633841620196,0.769202234595337,0.799741867182237,0.6676663370147,0.657944320737903,0.178073257869194,0.179088665988654,0.00972201627679774,0.00101540811946075,15,8,0.115195594571058,0.22082773727198,1.2,0.75
209,7,0.466666666666667,30,kalman,0.00552158903719311,0.0138532043704501,0.00426972892360514,0.000502703105359527,0.000107573258535662,3.53716764567957e-17,0.543534169970312,1.04118684087645,1.48500612946096,0.448979724841159,0.451149633942996,0.332845623273297,0.332678300744872,-0.00216990910183703,-0.000167322528424814,15,8,0.157488669508001,0.212022281603344,1.2,0.75
210,7,0.466666666666667,30,kalman,0.0113694841678782,0.0291613665359066,0.00719316442128608,0.0493424329249628,0.010135514708342,6.9205453937209e-17,0.498294602050157,0.60208561737482,0.785231079875871,0.916008449083529,0.905593905524031,0.128399859481735,0.134735420935788,0.0104145435594978,0.00633556145405218,15,8,0.880626560478037,2.86253321458035,1.2,0.75
211,7,0.466666666666667,30,kalman,0.021394250370364,0.0463500141548461,0.00930214560517966,0.00226822061811897,0.000318569998874086,7.07433529135914e-17,0.179004759880063,0.633586716431712,1.06718304108324,0.520630668201357,0.531620949805395,0.225818917750076,0.226331124875278,-0.0109902816040385,0.000512207125202035,15,8,0.154013483719571,0.23239755395059,1.2,0.75
212,7,0.466666666666667,30,kalman,0.0388219518056454,0.134777262924369,0.00783239321069458,0.00244813705547361,0.000462259695508469,5.69022621261496e-17,1.66105411913846,1.63235320847309,1.24454362905772,0.29633260082413,0.284830944951134,0.276908707479213,0.277586617946976,0.0115016558729957,0.000677910467763163,15,8,0.0966365504530648,0.196961579096269,1.2,0.75
213,7,0.466666666666667,30,kalman,0.0095705122154241,0.0125881465544825,0.0136178216059132,0.0259390015866577,0.00204347273249411,1.0765292834677e-17,0.72367006673606,1.27711236767282,0.4989416611821,0.876634454323834,0.868433337090244,0.099312621041405,0.101888691276173,0.0082011172335899,0.00257607023476814,15,8,0.233935349311337,0.483238452956089,1.2,0.75
214,7,0.466666666666667,30,kalman,0.00685134194989774,0.0101144612421283,0.00800170055097925,0.0037122166405329,0.000408276039269078,7.84328477955036e-17,0.743826791333757,1.38925321702525,0.854872503615617,0.664582869094448,0.660137592298812,0.159139045762059,0.159729804375895,0.00444527679563578,0.000590758613836443,15,8,0.151001808109977,0.298293245158894,1.2,0.75
215,7,0.466666666666667,30,kalman,0.0026888873883178,0.00312769767830701,0.00450332805155998,0.000300784563748628,5.63132874507675e-05,3.9985373385943e-17,0.74461424905977,1.18248953027123,0.78675832008232,0.671840470224486,0.67003550877636,0.257585642560136,0.257663120345261,0.00180496144812569,7.74777851253605e-05,15,8,0.124431955870579,0.211834279767008,1.2,0.75
216,7,0.466666666666667,30,kalman,0.023929854415934,0.0195582856391139,0.0154028229187953,0.00263994869404069,0.000277296725399833,5.38264641733848e-17,0.386675946041917,0.83931083941628,1.58312500885258,0.231871893083733,0.226449980202209,0.234245606013739,0.234864002395419,0.00542191288152449,0.00061839638168074,15,8,0.147859040896433,0.247576061514674,1.2,0.75
217,7,0.466666666666667,30,kalman,0.00269812531234618,0.010074437846248,0.0069492688164511,0.00103703636909841,0.000199084764374055,3.9985373385943e-17,0.59243956533697,0.195689186363247,1.92447328531447,0.51900693865808,0.519909092832077,0.316927809886414,0.316599144221183,-0.000902154173996824,-0.000328665665230917,15,8,0.143908027083016,0.202493070654009,1.2,0.75
218,7,0.466666666666667,30,kalman,0.0394458763923143,0.0479096783639782,0.0115092831723968,0.00095861888548256,6.83246046534e-05,8.15086457482684e-17,1.45821552690776,0.955755410538708,1.52577094854291,0.173061671459917,0.166246371640459,0.294348761231623,0.294630929513058,0.00681529981945735,0.00028216828143503,15,8,0.167716109025348,0.205119351985286,1.2,0.75
219,7,0.466666666666667,30,kalman,0.0138658909304978,0.0211078292269864,0.0118743586601201,7.00534513644386e-05,0.000146618300984873,5.84401611025321e-17,0.57749267239534,1.17963240452294,1.38959953631519,0.476575154620251,0.475074619600554,0.369860263375472,0.369862642799321,0.00150053501969741,2.37942384926304e-06,15,8,0.250122946945716,0.278498185115091,1.2,0.75
220,7,0.466666666666667,30,kalman,0.0169290862549175,0.0351812372728367,0.0109461831577642,0.00152155132871336,0.000209200796952756,6.61296559844442e-17,0.197913235937101,0.869090528959199,1.45991363789179,0.597168965116479,0.607195642668843,0.3064103015315,0.305944082530073,-0.0100266775523634,-0.000466219001426714,15,8,0.19192403240906,0.237232232177074,1.2,0.75
221,7,0.466666666666667,30,kalman,0.00225030001208616,0.0108531631160001,0.00401577081640271,0.00154380914556306,0.000103906044100593,3.38337774804133e-17,1.15914243337555,1.72805470306376,0.70884671921695,0.738637676002285,0.739905270218106,0.28403914330989,0.28447764553703,-0.00126759421582114,0.000438502227139706,15,8,0.111626756595185,0.200054327547282,1.2,0.75
222,7,0.466666666666667,30,kalman,0.00224913033825627,0.0134984726603483,0.00490577767702774,0.0107097861355836,0.000681778340802891,7.07433529135914e-17,0.753076948971811,0.821149251883264,0.9296738951059,0.783966210026699,0.782396652117939,0.126245534050082,0.124893471379833,0.00156955790875993,-0.00135206267024891,15,8,0.128860634005818,0.264165249845658,1.2,0.75
223,7,0.466666666666667,30,kalman,0.00447094494948875,0.0183561642207925,0.00486831810005902,0.00338017855619316,0.00124013145967508,1.23031918110594e-17,0.685895899477283,0.159619440544846,1.46678096813072,0.631887662732556,0.631024284574888,0.184226175646748,0.184767608174811,0.000863378157668482,0.000541432528063405,15,8,0.346071705090848,1.44783978298347,1.2,0.75
224,7,0.466666666666667,30,kalman,0.00436319365806712,0.0331704613669576,0.00221860336137561,0.00148869171575721,0.000178621832036118,3.53716764567957e-17,0.314857624540843,0.491109433803054,0.586939806261177,0.770567549288362,0.767211232900697,0.239356771046396,0.239152196216197,0.00335631638766517,-0.000204574830199627,15,8,0.0646082467151363,0.145405721269286,1.2,0.75
225,7,0.466666666666667,30,kalman,0.00511120140119985,0.0209840664474317,0.00521241480376849,0.00021469136460445,9.28044941349716e-05,5.53643631497672e-17,0.589888124345897,1.10779287428551,0.654745299165926,0.712675502917593,0.710555633231802,0.177083392187468,0.177045566210666,0.00211986968579077,-3.78259768022085e-05,15,8,0.142945106737363,0.289319989367674,1.2,0.75
226,7,0.466666666666667,30,kalman,0.00360701728828543,0.00497485949273418,0.0061931598462197,0.00395225128965596,0.00103289174391398,7.68949488191211e-17,0.448980882262123,0.598766074562427,0.456489748108373,0.851790387495661,0.848829839138185,0.164834614973858,0.164183147154247,0.00296054835747593,-0.000651467819610372,15,8,0.148840526767556,0.337328123124509,1.2,0.75
227,7,0.466666666666667,30,kalman,0.0142644006561593,0.0680394794725074,0.00383801676370035,0.000253223295902784,0.000308353352551734,7.68949488191211e-17,0.15331331958148,0.522781691460701,2.09041195797821,0.323435680453825,0.327531921320473,0.220357260803393,0.220301461211537,-0.00409624086664795,-5.57995918567447e-05,15,8,0.178561738474024,0.23321394576954,1.2,0.75
228,7,0.466666666666667,30,kalman,0.00549352858017514,0.0485651362940787,0.00497196856035771,0.0135157751307138,0.000379131250164786,7.38191508663563e-17,0.117365555211335,0.537189393466262,0.786091306707269,0.757865136372272,0.761552076975163,0.163102445899061,0.16089798991702,-0.00368694060289091,-0.00220445598204111,15,8,0.177977211796556,0.380794365346552,1.2,0.75
229,7,0.466666666666667,30,kalman,0.0909922990309171,0.0522759920415461,0.0346998262056609,0.00792649006150909,0.00169198806716995,3.07579795276485e-17,0.411829909048168,0.0916022067679961,1.58157598290552,0.178230899964877,0.162015099606114,0.226248352017759,0.228041707331461,0.0162158003587626,0.00179335531370158,15,8,0.146939582585677,0.234934998133477,1.2,0.75
230,7,0.466666666666667,30,kalman,0.0282973093361666,0.0571759435710728,0.0240583928900655,0.00758605963211681,0.000407208472053729,1.84547877165891e-17,0.564201843811911,1.0295059998116,1.09420101947331,0.475921500527079,0.462635662562719,0.12443443724665,0.125378404307892,0.0132858379643591,0.000943967061241982,15,8,0.251629537655128,0.671822674023557,1.2,0.75
201,7,0.466666666666667,30,kalman-gm,0.00280467209190137,0.00243645432186919,0.00657090772491678,0.000911771991570125,0.000157798157949617,5.53643631497672e-17,0.592084471862572,1.07536669419274,0.824604737504185,0.61337352961391,0.611730722964022,0.251666117837944,0.251895579955415,0.00164280664988756,0.000229462117471824,15,8,0.135452303129548,0.174057503475446,1.2,0.75
202,7,0.466666666666667,30,kalman-gm,0.027316289371255,0.0880540864115711,0.00597403228595367,0.000696668171976579,6.32086066703073e-05,4.61369692914727e-17,1.17708996561052,1.35285239352521,1.47082723142156,0.12679718571031,0.124344294582438,0.254198267232006,0.254114624827763,0.00245289112787207,-8.36424042434408e-05,15,8,0.230780830663713,0.519275558736247,1.2,0.75
203,7,0.466666666666667,30,kalman-gm,0.00874167013439058,0.0445677574195417,0.00910912146687594,0.000377027769571745,6.02557536342692e-05,4.15232723623254e-17,1.68612538722379,2.44676862232939,0.626322913360748,0.689071094449994,0.68306147534832,0.277505500308237,0.277542012503042,0.00600961910167477,3.6512194805457e-05,15,8,0.0936277641428448,0.145579935897455,1.2,0.75
204,7,0.466666666666667,30,kalman-gm,0.0155158381563202,0.0640260443461943,0.0142015115241821,0.00173053489284939,0.000418190908801998,5.075066622062e-17,0.204548916571735,0.521428497543471,0.900538137786671,0.50663352600945,0.512561460872084,0.249220583047942,0.249651867962922,-0.00592793486263439,0.000431284914980731,15,8,0.154957287333367,0.29282099901759,1.2,0.75
205,7,0.466666666666667,30,kalman-gm,0.0354983423142765,0.121339027265977,0.0160366550061419,0.00315577805817052,0.00059753696502263,4.61369692914727e-17,2.06132399708683,2.64674913117585,1.44111588593329,0.141974542362929,0.140070878831698,0.295485691358775,0.296418178620068,0.0019036635312306,0.000932487261293368,15,8,0.118997345725015,0.223811577338451,1.2,0.75
206,7,0.466666666666667,30,kalman-gm,0.00167506401112208,0.00168496786861754,0.000652070627701943,0.000396566381266059,5.28637783742493e-05,5.075066622062e-17,0.38596478285825,0.973836646046856,0.627965961649164,0.767745834320446,0.766482847368729,0.308385781722002,0.308508077155493,0.0012629869517172,0.000122295433491399,15,8,0.0549256808746359,0.0914123308802837,1.2,0.75
207,7,0.466666666666667,30,kalman-gm,0.0042752318665751,0.0177485733779685,0.00193507070990597,0.0012778824609058,0.000202461755042996,3.07579795276485e-17,0.528345202845491,0.988455537896483,0.918408802532146,0.626193173014412,0.628768585129574,0.296358053976175,0.295979343216851,-0.00257541211516232,-0.000378710759324328,15,8,0.152705317609304,0.128545538689636,1.2,0.75
208,7,0.466666666666667,30,kalman-gm,0.00894221853732608,0.0409908631667258,0.00833817330316831,0.00751787819813301,0.000387000652794418,2.76821815748836e-17,0.23012372885353,0.750405525535957,0.795147363326571,0.6676663370147,0.661807623049502,0.178073257869194,0.179411990932199,0.00585871396519855,0.00133873306300533,15,8,0.0842830115423991,0.174773041594551,1.2,0.75
209,7,0.466666666666667,30,kalman-gm,0.00291763359172757,0.00250049992932862,0.00262655169802889,0.000508610170385161,0.000133828858369307,3.22958785040309e-17,0.54439124216487,1.0471563319892,1.48429038378738,0.448979724841159,0.447669775767266,0.332845623273297,0.333014911942462,0.00130994907389374,0.000169288669164987,15,8,0.125261097704783,0.183449970003378,1.2,0.75
210,7,0.466666666666667,30,kalman-gm,0.0152407792022305,0.0285466555444877,0.00852988739007417,0.0605180941485295,0.010777814964336,6.76675549608266e-17,0.511460451224001,0.659872302677059,0.793104694884397,0.916008449083529,0.902051966642043,0.128399859481735,0.136170374266509,0.0139564824414858,0.00777051478477362,15,8,0.905339946873134,2.96432201948648,1.2,0.75
211,7,0.466666666666667,30,kalman-gm,0.0166596793834585,0.0790503320803599,0.0128555503246364,0.00128520582776233,0.000366532249955209,6.9205453937209e-17,0.21127095745486,0.76577109127538,1.07811313770506,0.520630668201357,0.512365842670677,0.225818917750076,0.226109141539188,0.00826482553067984,0.00029022378911138,15,8,0.15609181028644,0.330404997346212,1.2,0.75
212,7,0.466666666666667,30,kalman-gm,0.0440290535121146,0.0244881979265674,0.0139841798771791,0.00651149000963697,0.000816155968763058,6.61296559844442e-17,1.68966218586462,1.83501769893247,1.2553344275987,0.29633260082413,0.28328799771391,0.276908707479213,0.278711795761545,0.0130446031102197,0.00180308828233238,15,8,0.0750083976793909,0.108749420290817,1.2,0.75
213,7,0.466666666666667,30,kalman-gm,0.0102139392238952,0.0151070242321843,0.0119955350454004,0.025985788694254,0.00206215745306739,7.68949488191211e-18,0.737521108579821,1.29580901875442,0.490268947729391,0.876634454323834,0.867681930751681,0.099312621041405,0.10189333782646,0.00895252357215261,0.00258071678505448,15,8,0.22294026065562,0.47924346170632,1.2,0.75
214,7,0.466666666666667,30,kalman-gm,0.00664210716786241,0.00967064188938027,0.0124474288171099,0.00929759683555604,0.00132804100519122,7.68949488191211e-17,0.750953524115612,1.40044956702025,0.849814516667438,0.664582869094448,0.660215299961076,0.159139045762059,0.16061865645035,0.00436756913337189,0.00147961068829073,15,8,0.151863998642942,0.276910386722106,1.2,0.75
215,7,0.466666666666667,30,kalman-gm,0.0011376465978982,0.00454831143665213,0.00280820711322319,0.000904154598729892,0.000146152537008891,3.38337774804133e-17,0.746471136158957,1.19014091519434,0.786705192553881,0.671840470224486,0.671327726805437,0.257585642560136,0.257818539803423,0.000512743419048484,0.000232897243287541,15,8,0.0874865701518278,0.129028368003452,1.2,0.75
216,7,0.466666666666667,30,kalman-gm,0.0690728450195442,0.132745862424662,0.0233692040753926,0.0101740874515165,0.000733940254609351,7.53570498427387e-17,0.372564914061869,0.72551381562085,1.57402416802,0.231871893083733,0.215861507170732,0.234245606013739,0.236628841294456,0.0160103859130016,0.00238323528071727,15,8,0.151731027416104,0.307512829388225,1.2,0.75
217,7,0.466666666666667,30,kalman-gm,0.00335669863563892,0.00541633025013852,0.00588839402353658,0.000979012837249232,8.09803585705694e-05,5.075066622062e-17,0.593306048239658,0.196496893252324,1.92279171058513,0.51900693865808,0.519245652920769,0.316927809886414,0.317238086280774,-0.000238714262688973,0.000310276394360083,15,8,0.122242691947417,0.145842340405305,1.2,0.75
218,7,0.466666666666667,30,kalman-gm,0.0378340738293927,0.0594880574757208,0.00274945289471038,0.0005281274445311,0.000118154424846203,7.38191508663563e-17,1.53324825081963,0.990650151906928,1.50877792411792,0.173061671459917,0.166541194401132,0.294348761231623,0.294193307572552,0.00652047705878472,-0.000155453659070152,15,8,0.166735023712714,0.235069896177583,1.2,0.75
219,7,0.466666666666667,30,kalman-gm,0.00420958112129494,0.00547166191495995,0.00733004069865843,0.000503412106680798,4.31345842931697e-05,5.69022621261496e-17,0.579272624531669,1.17920687498764,1.37813862251471,0.476575154620251,0.47851278387085,0.369860263375472,0.370046455509835,-0.00193762925059907,0.000186192134363361,15,8,0.241864090354088,0.302549406341948,1.2,0.75
220,7,0.466666666666667,30,kalman-gm,0.00525648327440918,0.007233683480117,0.00444869437994165,0.00143722209678206,0.000202646191314196,6.15159590552969e-17,0.19554330382174,0.861859349062268,1.46303561639605,0.597168965116479,0.600271754766297,0.3064103015315,0.305969921875457,-0.00310278964981783,-0.000440379656042725,15,8,0.164549049481601,0.214843978933051,1.2,0.75
221,7,0.466666666666667,30,kalman-gm,0.00158783953740063,0.0104769114343663,0.00217030243780304,0.00154907222704188,0.000108398202706373,6.61296559844442e-17,1.15642832802771,1.73370776344028,0.710274704304921,0.738637676002285,0.737995586490088,0.28403914330989,0.284479140458184,0.00064208951219714,0.000439997148294118,15,8,0.0874096057199442,0.156084478670534,1.2,0.75
222,7,0.466666666666667,30,kalman-gm,0.00197123896095901,0.00382401360329138,0.00319896937756354,0.00128201620013497,0.000362999013935425,6.15159590552969e-17,0.759970818583203,0.869698484937534,0.927260923125101,0.783966210026699,0.784348940591035,0.126245534050082,0.126384630317099,-0.000382730564335714,0.000139096267016934,15,8,0.103571374038562,0.158232065075429,1.2,0.75
223,7,0.466666666666667,30,kalman-gm,0.003396734494026,0.0211227175859863,0.00761604331266044,0.0111105575624788,0.0027052201085751,1.0765292834677e-17,0.615789617141186,0.192613926062304,1.40103897170002,0.631887662732556,0.632234490433132,0.184226175646748,0.186273031175786,-0.000346827700575583,0.00204685552903852,15,8,0.376899014649793,1.76622208276345,1.2,0.75
224,7,0.466666666666667,30,kalman-gm,0.0026495978430804,0.00344089077514159,0.00160379228278891,0.00142606678807571,0.000161504798732552,3.07579795276485e-17,0.323552796670078,0.694840646259113,0.577749013309298,0.770567549288362,0.768532006988368,0.239356771046396,0.239698109788087,0.00203554229999406,0.000341338741690307,15,8,0.0432010482223113,0.079047930363556,1.2,0.75
225,7,0.466666666666667,30,kalman-gm,0.00688656075144395,0.00262788853279697,0.0149009913392745,0.000742711570297975,0.000638075486100505,7.68949488191211e-17,0.591601424280902,1.10282330767633,0.649033398567461,0.712675502917593,0.717398826721727,0.177083392187468,0.17720573877834,-0.00472332380413387,0.000122346590871835,15,8,0.112908715944158,0.235980065399609,1.2,0.75
226,7,0.466666666666667,30,kalman-gm,0.0112680149674951,0.0130314441722746,0.0132124464214282,0.011544224264331,0.000445071608948804,6.30538580316793e-17,0.468629091923265,0.665184720516315,0.466283865880315,0.851790387495661,0.84222768013879,0.164834614973858,0.16673750273564,0.00956270735687119,0.00190288776178286,15,8,0.119749933463541,0.260929861558249,1.2,0.75
227,7,0.466666666666667,30,kalman-gm,0.0151994269256322,0.117213396078904,0.00290515673191974,0.0021188161085519,0.000174105181691017,6.15159590552969e-17,0.188515495161619,0.559918414783398,2.07571655931644,0.323435680453825,0.327513235567659,0.220357260803393,0.22082415731722,-0.00407755511383425,0.000466896513826602,15,8,0.149211547686456,0.201800686676964,1.2,0.75
228,7,0.466666666666667,30,kalman-gm,0.00278855091714052,0.00580905683796589,0.00290356238692532,0.0101115993540109,0.000982148740364846,7.68949488191211e-17,0.12801815078754,0.560781989136474,0.787195402467744,0.757865136372272,0.755908414176443,0.163102445899061,0.164751672485651,0.00195672219582911,0.00164922658659055,15,8,0.161194464899917,0.411128362303743,1.2,0.75
229,7,0.466666666666667,30,kalman-gm,0.0873264068135205,0.0567827123367553,0.0385348076328248,0.0125937169483264,0.00206164003760533,2.61442825985012e-17,0.412430742703831,0.0955974930927369,1.58004524004741,0.178230899964877,0.162920404033922,0.226248352017759,0.229097659723096,0.0153104959309552,0.00284930770533696,15,8,0.151729343494711,0.283941198107066,1.2,0.75
230,7,0.466666666666667,30,kalman-gm,0.0385473927085158,0.0500047753269884,0.0276983607799281,0.017158643023024,0.0015532502222603,1.69168887402067e-17,0.567359491118352,1.0404687794638,1.1036314635023,0.475921500527079,0.457957901265847,0.12443443724665,0.126569563335136,0.017963599261231,0.00213512608848614,15,8,0.288770759416429,0.843799833194947,6.3,0.75
201,7,0.466666666666667,30,mean,0.00516825981517108,0.0115726503162876,0.00271222054397149,0.00247863531471677,0.000420524087897642,4.92127672442375e-17,0.592914829948982,1.07531674247752,0.82619439181539,0.61337352961391,0.610677208346211,0.251666117837944,0.251042329310753,0.00269632126769866,-0.000623788527190799,15,8,0.172247505294439,0.238931090372281,1.2,0.75
202,7,0.466666666666667,30,mean,0.0238328433132086,0.242004057572058,0.0140452268716719,0.00145051435961961,0.000241085032450978,5.69022621261496e-17,1.18724712244623,1.34167519979947,1.46555168939805,0.12679718571031,0.125151161261928,0.254198267232006,0.254566985468817,0.00164602444838143,0.000368718236810449,15,8,0.253669247656015,0.415319829451375,1.2,0.75
203,7,0.466666666666667,30,mean,0.00704172914525047,0.0704323382789922,0.00633396665960078,0.0016867261589903,0.000235903944113137,4.30611713387078e-17,1.6724487980984,2.37656939185397,0.616675267355589,0.689071094449994,0.692496950002141,0.277505500308237,0.27797357609487,-0.00342585555214605,0.000468075786633594,15,8,0.12203778473755,0.200903712227903,1.2,0.75
204,7,0.466666666666667,30,mean,0.0123421763084681,0.0465126835836039,0.00875754856453701,0.00207249268524084,0.000147336293342507,5.69022621261496e-17,0.204188294706151,0.543090735154146,0.904598952322888,0.50663352600945,0.507310581522619,0.249220583047942,0.24973709088332,-0.000677055513168542,0.000516507835378317,15,8,0.158254535595606,0.285175708472464,1.2,0.75
205,7,0.466666666666667,30,mean,0.0175395943557533,0.0342057847137836,0.00533955796331799,0.000637448516832242,5.6081721418199e-05,3.38337774804133e-17,2.07889604951089,2.69443734623116,1.44017112314205,0.141974542362929,0.141870075084323,0.295485691358775,0.295297334443073,0.000104467278605845,-0.000188356915701801,15,8,0.110582657225905,0.213219584567603,1.2,0.75
206,7,0.466666666666667,30,mean,0.00110881532807461,0.00234635195721606,0.00087331874889259,0.000322898948256993,5.96144012147757e-05,5.075066622062e-17,0.385071998998537,0.969277595748206,0.623546877222092,0.767745834320446,0.76826236297672,0.308385781722002,0.308286204277427,-0.00051652865627436,-9.95774445754449e-05,15,8,0.0804487761877102,0.145681296971701,1.2,0.75
207,7,0.466666666666667,30,mean,0.00954593843072802,0.017643322224945,0.00464366846259897,0.0021862206041105,0.000426775709577033,2.9220080551266e-17,0.528825764925155,0.9907214696651,0.909635670556046,0.626193173014412,0.632167227455094,0.296358053976175,0.295710149892378,-0.00597405444068177,-0.000647904083796806,15,8,0.176915877640384,0.207268262525581,1.2,0.75
208,7,0.466666666666667,30,mean,0.0117641604194016,0.0494996791737395,0.00804011743485232,0.00292292737088953,0.000113860919455745,3.84474744095606e-17,0.236806004558723,0.764877645439002,0.794697322886808,0.6676663370147,0.65993013213706,0.178073257869194,0.17858628346101,0.00773620487764048,0.000513025591816065,15,8,0.115470458404734,0.220763720414365,1.2,0.75
209,7,0.466666666666667,30,mean,0.00504101929052639,0.00313647183570794,0.00769076817154318,0.000994152272015002,0.000172230317011759,2.46063836221188e-17,0.544397273411437,1.0455662018713,1.47785009447949,0.448979724841159,0.446774310462067,0.332845623273297,0.33251472404069,0.00220541437909275,-0.000330899232607398,15,8,0.157384619240279,0.212084677031557,1.2,0.75
210,7,0.466666666666667,30,mean,0.0106063306670545,0.0283450881388835,0.00791721894595239,0.0489938808018702,0.00989921920585677,7.38191508663563e-17,0.499449261499357,0.611557832394826,0.780801623145265,0.916008449083529,0.906292960578733,0.128399859481735,0.13469066689216,0.00971548850479571,0.00629080741042504,15,8,0.881642744833575,2.8671557191828,1.2,0.75
211,7,0.466666666666667,30,mean,0.0233898959421638,0.0689960550039022,0.0116887231975179,0.00255976034594799,0.000530047546178751,6.61296559844442e-17,0.179107805903735,0.645943866265573,1.0651643136155,0.520630668201357,0.532687497311976,0.225818917750076,0.226396960061098,-0.012056829110619,0.000578042311021535,15,8,0.154267994790112,0.233685502784271,1.2,0.75
212,7,0.466666666666667,30,mean,0.0226695094347457,0.0125253388333833,0.00661176685939133,0.00136228900198971,0.000308544334890539,7.07433529135914e-17,1.6519824251266,1.82745017728201,1.26098606724854,0.29633260082413,0.28961625289711,0.276908707479213,0.277285937165967,0.00671634792701991,0.000377229686754118,15,8,0.0966958911289007,0.194359934062549,1.2,0.75
213,7,0.466666666666667,30,mean,0.0105667388451333,0.0186955380160111,0.0117856728283106,0.028743046213716,0.00201831777393524,1.38410907874418e-17,0.729046287881303,1.27952814374077,0.496443714934159,0.876634454323834,0.867662554582207,0.099312621041405,0.102167168297603,0.00897189974162733,0.00285454725619837,15,8,0.233363115968979,0.484323677441221,1.2,0.75
214,7,0.466666666666667,30,mean,0.00670597352030606,0.00577646578669092,0.00890846609694965,0.00419332924685007,0.000742491661617017,8.30465447246508e-17,0.750640464539668,1.40275222256693,0.852872063453949,0.664582869094448,0.660309732661143,0.159139045762059,0.159806368176969,0.00427313643330458,0.000667322414909853,15,8,0.150437875308619,0.295675273754029,1.2,0.75
215,7,0.466666666666667,30,mean,0.00169588379287743,0.00338854048774297,0.00248661984274086,0.000564756608384212,0.000131890255744543,3.69095754331781e-17,0.745432886632976,1.18903566679692,0.785982341760461,0.671840470224486,0.671117045503389,0.257585642560136,0.257731115753996,0.000723424721096837,0.00014547319386073,15,8,0.124402183357856,0.211830554178291,1.2,0.75
216,7,0.466666666666667,30,mean,0.0112411873773281,0.00658353059390208,0.00446023326925198,0.00271530089838267,0.000362637670165987,6.9205453937209e-17,0.302091517142906,0.66410556031593,1.55733105956174,0.231871893083733,0.230151159772931,0.234245606013739,0.23488165331819,0.00172073331080269,0.000636047304451298,15,8,0.147308285054909,0.246051082645884,1.2,0.75
217,7,0.466666666666667,30,mean,0.00428091424613904,0.0156296532379701,0.00740201253577309,0.00091600926636933,0.000192685141569611,3.69095754331781e-17,0.593449611851351,0.196968980638146,1.92446487444491,0.51900693865808,0.517447357095474,0.316927809886414,0.316637501075788,0.00155958156260544,-0.000290308810626093,15,8,0.144602064992863,0.203209688956977,1.2,0.75
218,7,0.466666666666667,30,mean,0.010478251100186,0.0211327256088543,0.00279125574966551,0.000136108428238211,5.88665704921896e-05,7.68949488191211e-17,1.51165955779361,0.973900557560338,1.50629698459629,0.173061671459917,0.172355081987576,0.294348761231623,0.294388824578868,0.000706589472340521,4.00633472451006e-05,15,8,0.16781258590309,0.206596050162209,1.2,0.75
219,7,0.466666666666667,30,mean,0.0108577530378458,0.00519187837219284,0.0131518666360515,0.000399800119574079,0.000193732783172452,5.84401611025321e-17,0.577955440669682,1.17900690517983,1.38368691243676,0.476575154620251,0.481211686263954,0.369860263375472,0.369712393197948,-0.00463653164370299,-0.000147870177523214,15,8,0.250020372380038,0.276870075697388,1.2,0.75
220,7,0.466666666666667,30,mean,0.0143250885781104,0.0196962077742066,0.00886290448272539,0.00100794496530961,0.000135506713449041,5.99780600789145e-17,0.195693316350948,0.862332518041075,1.46861092251825,0.597168965116479,0.605638034763266,0.3064103015315,0.306101456810752,-0.00846906964678676,-0.000308844720747675,15,8,0.191873197041118,0.237224048958525,1.2,0.75
221,7,0.466666666666667,30,mean,0.0015888260456571,0.00485455426755719,0.00218902223026278,0.000150066532593574,3.27333213066382e-05,2.76821815748836e-17,1.16211567735753,1.7420046825601,0.709756452947304,0.738637676002285,0.739743850330781,0.28403914330989,0.284020491025241,-0.00110617432849574,-1.86522846488391e-05,15,8,0.109059512846931,0.19934300101378,1.2,0.75
222,7,0.466666666666667,30,mean,0.00922652684310004,0.0331386053611971,0.0045292723074893,0.0177945034437334,0.000966362265691822,6.30538580316793e-17,0.753294644937768,0.866099817066749,0.916350714822092,0.783966210026699,0.791099309052991,0.126245534050082,0.123999057459671,-0.00713309902629243,-0.00224647659041014,15,8,0.128374970331451,0.26288239646034,1.2,0.75
223,7,0.466666666666667,30,mean,0.00380658460097629,0.0158291749874873,0.00576377773834655,0.00256662046166552,0.00125435909801002,1.0765292834677e-17,0.703939251179817,0.175566871868999,1.48418724653169,0.631887662732556,0.630173161967134,0.184226175646748,0.184620784215442,0.00171450076542259,0.000394608568694246,15,8,0.346818478392149,1.4500930406025,1.2,0.75
224,7,0.466666666666667,30,mean,0.00692423839216682,0.015531906591291,0.00389959700794777,0.000208928320005246,6.48703932025177e-05,3.22958785040309e-17,0.320764951252112,0.691134933882588,0.582954989260791,0.770567549288362,0.76523915659867,0.239356771046396,0.239388129444919,0.0053283926896918,3.13583985224425e-05,15,8,0.0649719921135224,0.146173280682339,1.2,0.75
225,7,0.466666666666667,30,mean,0.00463853724650042,0.0150957774307894,0.00694998996740808,0.000950273255181662,0.000111479450967841,4.61369692914727e-17,0.583647288327119,1.09571305984003,0.655482239114455,0.712675502917593,0.71029707540366,0.177083392187468,0.176915114575936,0.00237842751393292,-0.000168277611532597,15,8,0.144223808854764,0.285204371626827,1.2,0.75
226,7,0.466666666666667,30,mean,0.00299658162242706,0.00335100638184321,0.0049565125654562,0.00100950905337544,0.000953598688494619,5.84401611025321e-17,0.472518266326189,0.702238391132241,0.45175196786189,0.851790387495661,0.849389010641409,0.164834614973858,0.164886911350511,0.00240137685425183,5.22963766530632e-05,15,8,0.148739034895073,0.336082638519908,1.2,0.75
227,7,0.466666666666667,30,mean,0.014022347916694,0.0752147926540519,0.00275868185769445,0.000419408260917557,0.00031816509087298,7.53570498427387e-17,0.149147203176798,0.522162691693905,2.09058329513602,0.323435680453825,0.327460690792926,0.220357260803393,0.22036481024076,-0.00402501033910139,7.54943736621161e-06,15,8,0.17853176363011,0.23366645586683,1.2,0.75
228,7,0.466666666666667,30,mean,0.00312008737239301,0.0437354035224513,0.00490304143104357,0.0057977597291098,0.000391042403763249,7.84328477955036e-17,0.12059045262168,0.542261713680218,0.794268126725122,0.757865136372272,0.756719084092517,0.163102445899061,0.162156817106508,0.00114605227975473,-0.000945628792552884,15,8,0.177269935295129,0.378390806588357,1.2,0.75
229,7,0.466666666666667,30,mean,0.0197150511743299,0.00646912868829803,0.019042088277008,0.00702903181315281,0.00166590130096056,1.84547877165891e-17,0.417656242890876,0.10479722447725,1.5640089924162,0.178230899964877,0.174834717269526,0.226248352017759,0.227838658881766,0.00339618269535032,0.00159030686400623,15,8,0.146911021975721,0.234459881055153,1.2,0.75
230,7,0.466666666666667,30,mean,0.0239705415045829,0.0672913768275366,0.0229609702734522,0.00382222354677443,0.000263088906814831,1.84547877165891e-17,0.574199039931914,1.0416447669977,1.09268595315307,0.475921500527079,0.464704864914587,0.12443443724665,0.124626246376817,0.0112166356124917,0.000191809130167051,15,8,0.252937869099028,0.681103189973282,1.2,0.75
201,7,0.466666666666667,30,none,0.0116778595116175,0.0102016276251758,0.0134852654345173,0.0098562432284173,0.00160499587421402,0.466666666666666,0.598328035198373,1.07740365176645,0.817352872347389,0.61337352961391,0.62041779261267,0.251666117837944,0.254146600307706,-0.00704426299876087,0.0024804824697623,8,8,NaN,NaN,1.2,0.75
202,7,0.466666666666667,30,none,0.397405849447269,0.89208394402685,0.022232362046218,0.0217976992603882,0.00454913650545311,0.466666666666666,1.15961562088516,1.30627631438944,1.382785217454,0.12679718571031,0.177187129005038,0.254198267232006,0.259739204613641,-0.0503899432947287,0.00554093738163506,8,8,NaN,NaN,NaN,0.75
203,7,0.466666666666667,30,none,0.0299301813320095,0.0588156268962864,0.0535262514224236,0.00488287119377574,0.00220475788903774,0.466666666666666,1.48894053319166,2.58517168304339,0.546613927278526,0.689071094449994,0.709692330891422,0.277505500308237,0.278860523921806,-0.0206212364414276,0.00135502361356941,8,8,NaN,NaN,1.2,0.75
204,7,0.466666666666667,30,none,0.0715873803349444,0.243606689639086,0.0733999315925488,0.0191906304155686,0.00340663313744872,0.466666666666666,0.191827300921754,0.533546415133677,0.862518040397109,0.50663352600945,0.542902092926322,0.249220583047942,0.254003283149167,-0.0362685669168725,0.00478270010122556,8,8,NaN,NaN,NaN,0.75
205,7,0.466666666666667,30,none,0.0404984725139841,0.0169256366895866,0.0354100158327674,0.0111314913853804,0.00197701030461622,0.466666666666666,2.03952578862471,2.64609364675194,1.42672574581554,0.141974542362929,0.147724294464499,0.295485691358775,0.298774887786638,-0.00574975210157054,0.00328919642786337,8,8,NaN,NaN,1.2,0.75
206,7,0.466666666666667,30,none,0.0359286350172084,0.0156382845727482,0.0101522106341503,0.0101555447109891,0.00324990433832145,0.466666666666666,0.347151790420713,0.948553985422425,0.660016476383203,0.767745834320446,0.740161774453165,0.308385781722002,0.311517607316513,0.0275840598672814,0.0031318255945111,8,8,NaN,NaN,1.2,0.75
207,7,0.466666666666667,30,none,0.00833836374323695,0.00301175962052432,0.0135601588860928,0.00342457826841049,0.000814779544028073,0.466666666666666,0.528777348724269,0.995000349694439,0.926466434250168,0.626193173014412,0.621450021830903,0.296358053976175,0.29737295532749,0.00474315118350845,0.00101490135131523,8,8,NaN,NaN,1.2,0.75
208,7,0.466666666666667,30,none,0.0267891425820523,0.0288327226720863,0.016334376158338,0.0665857936818464,0.0113189831537142,0.466666666666666,0.240658345078195,0.800818259842791,0.795615733823906,0.6676663370147,0.649810161254762,0.178073257869194,0.189930407077926,0.017856175759938,0.0118571492087324,8,8,NaN,NaN,1.2,0.75
209,7,0.466666666666667,30,none,0.0869256144887276,0.202832069924857,0.0538777945203905,0.00355251710116024,0.000129957157812003,0.466666666666666,0.559772861194503,1.09490414638368,1.45222616606124,0.448979724841159,0.488007563315957,0.332845623273297,0.331663183504573,-0.0390278384747976,-0.00118243976872473,8,8,NaN,NaN,NaN,0.75
210,7,0.466666666666667,30,none,0.0210335169279854,0.0230385213521068,0.0258303853727587,0.0107560638444466,0.00855867001701047,0.466666666666666,0.351433924334211,0.68655430064776,0.559376543601167,0.916008449083529,0.935270283557718,0.128399859481735,0.129780513912559,-0.0192618344741885,0.00138065443082318,8,8,NaN,NaN,1.2,0.75
211,7,0.466666666666667,30,none,0.0079346807170053,0.0356738975317421,0.0143180549662494,0.0119001213333192,0.00233520319501143,0.466666666666666,0.210136393438686,0.735568890056342,1.06877572573467,0.520630668201357,0.517294993435558,0.225818917750076,0.228506190270661,0.00333567476579887,0.00268727252058473,8,8,NaN,NaN,1.2,0.75
212,7,0.466666666666667,30,none,0.131269838321585,0.245351155287291,0.0454275657478296,0.039322244428624,0.00626952766155742,0.466666666666666,1.69194532814299,1.58157947237742,1.3308740349138,0.29633260082413,0.257667868892723,0.276908707479213,0.287797379359125,0.0386647319314061,0.010888671879912,8,8,NaN,NaN,NaN,0.75
213,7,0.466666666666667,30,none,0.00614444201534772,0.0186379835844248,0.00352984063773194,0.0313280412861269,0.0103351236174341,0.466666666666666,0.684849367301448,1.26957441852186,0.460603614332537,0.876634454323834,0.88194862450146,0.099312621041405,0.102423890933624,-0.00531417017762662,0.00311126989221861,8,8,NaN,NaN,1.2,0.75
214,7,0.466666666666667,30,none,0.0257409667131085,0.0479757042184309,0.00761816861078855,0.0245699132827809,0.00820337226745628,0.466666666666666,0.667918189951623,1.29820951922975,0.788520154834531,0.664582869094448,0.68168987460591,0.159139045762059,0.163049078316337,-0.0171070055114623,0.00391003255427828,8,8,NaN,NaN,1.2,0.75
215,7,0.466666666666667,30,none,0.0112638665938182,0.0335228308332296,0.00556091959277035,0.00152114015328201,0.000389291513546605,0.466666666666666,0.681931334273928,1.18385607963608,0.769120184462101,0.671840470224486,0.679217859239967,0.257585642560136,0.257977466423943,-0.00737738901548124,0.00039182386380717,8,8,NaN,NaN,1.2,0.75
216,7,0.466666666666667,30,none,0.264758767723176,0.208668244231341,0.0239203553600173,0.0266271281029097,0.00480078047734058,0.466666666666666,0.499285460985524,0.791852551706043,1.59972545616574,0.231871893083733,0.170481776401244,0.234245606013739,0.24048289377261,0.0613901166824894,0.00623728775887154,8,8,NaN,NaN,26.4,0.75
217,7,0.466666666666667,30,none,0.0765424256921529,0.0845306679256849,0.0424937504844475,0.00501672912134838,0.000855142700913584,0.466666666666666,0.548230304450811,0.18343684653839,1.89224246937717,0.51900693865808,0.558723274967515,0.316927809886414,0.318517750859637,-0.0397163363094354,0.00158994097322234,8,8,NaN,NaN,7.5,0.75
218,7,0.466666666666667,30,none,0.174596122664673,0.155826138561713,0.0161582118957233,0.0191269581470284,0.00266202662490521,0.466666666666666,1.33485049205383,0.950715917615662,1.55066672913648,0.173061671459917,0.142861372480101,0.294348761231623,0.29997875766833,0.0302002989798159,0.00562999643670691,8,8,NaN,NaN,5.7,0.75
219,7,0.466666666666667,30,none,0.0333022781000056,0.021842348170039,0.0338535900575041,0.00169367871616617,0.000138104058051877,0.466666666666666,0.555117784334502,1.17069251807017,1.37255387625811,0.476575154620251,0.460704116285534,0.369860263375472,0.370486687831506,0.0158710383347168,0.000626424456034652,8,8,NaN,NaN,1.2,0.75
220,7,0.466666666666667,30,none,0.0136164128404168,0.0342119816906127,0.0145336394446829,0.000588503091471573,0.000316893589541653,0.466666666666666,0.217675632537306,0.877910810047086,1.43080692211706,0.597168965116479,0.605109531700005,0.3064103015315,0.306491738449439,-0.00794056658352595,8.143691793915e-05,8,8,NaN,NaN,1.2,0.75
221,7,0.466666666666667,30,none,0.00549059595599552,0.0702166571706337,0.00614480835234384,0.00985036395114872,0.00146354387283267,0.466666666666666,1.08708240754537,1.64352033031237,0.688524545654292,0.738637676002285,0.737462564494954,0.28403914330989,0.286837032247865,0.00117511150733132,0.0027978889379749,8,8,NaN,NaN,1.2,0.75
222,7,0.466666666666667,30,none,0.0267502800785569,0.0234307162878307,0.0342438505396001,0.026832923185559,0.0113669264748808,0.466666666666666,0.748814632279378,0.940975070451142,0.855182425922217,0.783966210026699,0.804868036185577,0.126245534050082,0.129633070767767,-0.0209018261588782,0.00338753671768571,8,8,NaN,NaN,1.2,0.75
223,7,0.466666666666667,30,none,0.0190683658322054,0.0259551152206109,0.0187019283982094,0.0146922152061014,0.00368942314277044,0.466666666666666,0.627561380027006,0.163050133656205,1.38813693947374,0.631887662732556,0.619883627074763,0.184226175646748,0.186932866265947,0.0120040356577936,0.00270669061919905,8,8,NaN,NaN,1.2,0.75
224,7,0.466666666666667,30,none,0.0202328761284642,0.0792756030391233,0.0149940522796867,0.00582983562754683,0.000110150934945246,0.466666666666666,0.264090116609338,0.419069406652278,0.625183409733007,0.770567549288362,0.75500593837783,0.239356771046396,0.237965825944261,0.0155616109105322,-0.00139094510213484,8,8,NaN,NaN,1.2,0.75
225,7,0.466666666666667,30,none,0.0146081924452725,0.0155041988248839,0.0289353641891225,0.00897239941087909,0.0027763152710433,0.466666666666666,0.581755627973931,1.09680832283436,0.649563704476247,0.712675502917593,0.723004470838374,0.177083392187468,0.178672255111208,-0.0103289679207805,0.00158886292373931,8,8,NaN,NaN,1.2,0.75
226,7,0.466666666666667,30,none,0.016188520351848,0.0506765031483374,0.0147873101541679,0.0573588557279736,0.00796591916201338,0.466666666666666,0.455506376020956,0.699800888499658,0.475945549405892,0.851790387495661,0.838055977075738,0.164834614973858,0.174289339873119,0.0137344104199226,0.00945472489926158,8,8,NaN,NaN,1.2,0.75
227,7,0.466666666666667,30,none,0.0525833648074799,0.134136400819791,0.0586162930467982,0.0489249238425626,0.00648990858612471,0.466666666666666,0.190780055871485,0.536079656362164,2.07951822826777,0.323435680453825,0.306507005551518,0.220357260803393,0.231138223006355,0.0169286749023064,0.0107809622029617,8,8,NaN,NaN,1.2,0.75
228,7,0.466666666666667,30,none,0.00891461047835779,0.0548236895350469,0.0241204352758691,0.0660352936631709,0.0157213059606618,0.466666666666666,0.182532426718604,0.481210213655949,0.712915529083712,0.757865136372272,0.764621208858158,0.163102445899061,0.173872963811187,-0.00675607248588631,0.0107705179121259,8,8,NaN,NaN,1.2,0.75
229,7,0.466666666666667,30,none,0.326765370314691,0.32007811250229,0.070456830698651,0.0376461011348994,0.00521565699219913,0.466666666666666,0.388892467759282,0.0824554114185618,1.62365428904229,0.178230899964877,0.119991213936333,0.226248352017759,0.234765720359424,0.0582396860285436,0.0085173683416649,8,8,NaN,NaN,NaN,0.75
230,7,0.466666666666667,30,none,0.0175814229940467,0.0390661640897886,0.0252582378631318,0.0269035061479071,0.00965543850393457,0.466666666666666,0.557390371129956,1.04120819231317,1.0734190189672,0.475921500527079,0.471890571506099,0.12443443724665,0.127782159894126,0.00403092902097919,0.0033477226474766,8,8,NaN,NaN,1.2,0.75
201,7,0.466666666666667,60,hold,0.00395359899637069,0.00934488268148312,0.0139629496418726,0.00375080833489976,0.00165147845678467,5.69022621261496e-17,0.879875694401942,1.16773821703144,0.823572959426851,0.604518268728009,0.603569709651756,0.243663018909081,0.244576952191312,0.000948559076252672,0.000913933282231018,15,8,0.33180821389714,1.05382452874333,1.2,1.5
202,7,0.466666666666667,60,hold,0.30099455942471,0.441764815272274,0.0130547849675001,0.0107589011809198,0.00185774995879602,7.99707467718859e-17,1.25339130798719,0.838807236205697,1.52133789926428,0.102410668347178,0.133169257361885,0.253373927979874,0.256099953032831,-0.0307585890147071,0.00272602505295695,15,8,0.47459732547864,1.97237245127196,5.4,1.5
203,7,0.466666666666667,60,hold,0.0267304773306461,0.0912976257502499,0.0125772667248555,0.00481150618692577,0.00155000488399025,4.45990703150902e-17,2.09570787538334,1.29221395301513,0.832673176726693,0.67661223041512,0.658528237233816,0.297576783509928,0.299008576044872,0.0180839931813041,0.00143179253494349,15,8,0.225471971210825,0.539506049650802,NaN,1.5
204,7,0.466666666666667,60,hold,0.0430471523430891,0.10426838430802,0.0380421903743207,0.00660844208312332,0.00274116095343527,5.76712116143408e-17,0.390397451912445,0.94805890535627,0.947918543840029,0.479611960406856,0.498884275668079,0.259367846311,0.26108186370157,-0.0192723152612232,0.00171401739057067,15,8,0.377102710837886,1.16167433868069,13.5,1.5
205,7,0.466666666666667,60,hold,0.166126912668732,0.200805450468401,0.0545903825644383,0.0299657399073109,0.00676055161723099,5.99780600789145e-17,2.34453360173513,1.53140477595152,1.43024938383654,0.155508193785385,0.130491807078738,0.292106770724174,0.300859966240859,0.0250163867066476,0.00875319551668511,15,8,0.296566623186702,0.704852225887666,18,1.5
206,7,0.466666666666667,60,hold,0.00226501673197244,0.00687064896783155,0.00377240603172948,0.00345363589892321,0.000739766033704921,3.76785249213693e-17,0.66761211781802,1.1547398742652,0.659201413680287,0.76275561821622,0.761598725290366,0.312256384116912,0.313334803974766,0.00115689292585391,0.00107841985785412,15,8,0.167365913723316,0.318794373159299,1.2,1.5
207,7,0.466666666666667,60,hold,0.00997703573437752,0.0219776881058195,0.0120778016800166,0.00277872212406325,0.000247544649150988,2.69132320866924e-17,0.780519169869048,1.00237092836934,0.970530524245394,0.628696822959976,0.626008760332303,0.293818116863282,0.294634555765061,0.0026880626276726,0.000816438901778603,15,8,0.257262085424553,0.422255973059849,1.2,1.5
208,7,0.466666666666667,60,hold,0.0301026484368007,0.213909035932832,0.0189469026538927,0.0105353277453435,0.0052652765231517,2.84511310630748e-17,0.52137177666047,0.87658074462042,0.811506566299499,0.664485102964321,0.644622308546967,0.158651271748673,0.160322714893761,0.0198627944173544,0.00167144314508783,15,8,0.244971691230157,0.66672020069212,NaN,1.5
209,7,0.466666666666667,60,hold,0.00340294966303908,0.0765492089796016,0.010034635812756,0.00363916457006623,0.000875005922790713,3.22958785040309e-17,0.831680137313731,1.54731144181239,1.547049372249,0.441212379415521,0.440927991499805,0.350661284405813,0.351937398528116,0.000284387915715962,0.00127611412230355,15,8,0.257077108286912,0.584750440740266,1.2,1.5
210,7,0.466666666666667,60,hold,0.0168177371230902,0.0485518543140027,0.0308765819462682,0.176558698410702,0.0585043358262707,7.45881003545475e-17,0.756525550324614,0.951588916418168,0.722680360236861,0.911413335905791,0.913505604416011,0.125609799060753,0.147787301690549,-0.00209226851021966,0.0221775026297963,15,8,1.25601726845676,3.07979537056911,10.2,1.5
211,7,0.466666666666667,60,hold,0.0919481493315378,0.238143853682968,0.0446626990311415,0.0205577332559522,0.00508132622006169,7.3050201378165e-17,0.528060637774503,0.834999038286506,1.12961641000085,0.535618105199024,0.48639878658494,0.228482457714034,0.233179539133384,0.0492193186140844,0.00469708141934949,15,8,0.379719147862046,1.10498963188383,NaN,1.5
212,7,0.466666666666667,60,hold,0.0508638555523689,0.014962554470303,0.0183844842428532,0.0110651692469183,0.0047568314703499,6.61296559844441e-17,2.10880587053124,2.6687550456665,1.19783185995282,0.31187371502253,0.304386592280646,0.274363468784459,0.27739934700173,0.00748712274188395,0.00303587821727161,15,8,0.163195802972042,0.284040973971127,1.2,1.5
213,7,0.466666666666667,60,hold,0.0446962928005368,0.0524049570187632,0.0400452287939895,0.164962591152169,0.0338391733303781,1.76858382283979e-17,0.984470454473855,1.27708183268717,0.612736891154819,0.882013185706611,0.842591972068397,0.102920263681531,0.119898257060501,0.0394212136382137,0.0169779933789699,15,8,0.558104791600184,2.11687750267242,9.9,1.5
214,7,0.466666666666667,60,hold,0.0164914249507162,0.0184894060302686,0.0186047024495529,0.0424733851653099,0.0109960512751876,6.15159590552969e-17,1.13696414477988,1.54818208191172,0.879561062160061,0.630378622365926,0.636375132132868,0.157360503203676,0.164044136466053,-0.00599650976694202,0.00668363326237671,15,8,0.430446279204357,1.77238282942038,1.2,1.5
215,7,0.466666666666667,60,hold,0.00719918958440606,0.0247065844407261,0.0057729066108248,0.00262429993849345,0.00121696970523184,6.07470095671057e-17,0.993499164862963,1.46040480683933,0.778270563827752,0.671182338834457,0.675600439104663,0.248246814965666,0.248843959712814,-0.00441810027020612,0.000597144747147536,15,8,0.259265663432292,0.451542358708359,1.2,1.5
216,7,0.466666666666667,60,hold,0.125342359159695,0.105450101143832,0.0384244367022545,0.0369947063353498,0.00699950484393457,7.53570498427387e-17,0.579090380261886,0.739489594476264,1.508137356509,0.334844960018649,0.292890304467407,0.247931489834199,0.257103642491901,0.0419546555512424,0.00917215265770198,15,8,0.344060198517986,0.867002086957204,NaN,1.5
217,7,0.466666666666667,60,hold,0.0316133100514228,0.191669757763779,0.0369649064702667,0.0141550358135901,0.00185742335857563,3.9985373385943e-17,0.388420438265583,1.15075748881119,1.96718346100555,0.488622654063587,0.502654458124005,0.310620011332117,0.315016848716941,-0.0140318040604182,0.00439683738482388,15,8,0.308100233150767,0.619276092094104,NaN,1.5
218,7,0.466666666666667,60,hold,0.0882627286814589,0.190013175803488,0.0187711393258312,0.00444118874783966,0.000461515982141129,7.3050201378165e-17,1.31039873110322,0.884258163674797,1.64855171577027,0.163107835808856,0.148715423085497,0.296791263855397,0.298109369876888,0.014392412723359,0.0013181060214917,15,8,0.368996966172515,0.916038498452382,1.2,1.5
219,7,0.466666666666667,60,hold,0.0124668297928081,0.0257302657035689,0.0179962494777501,0.00724562923091777,0.00117698933739033,5.15196157088111e-17,0.890917959281865,1.34093591678222,1.33453657113389,0.480979680498432,0.477089402301871,0.364308778337542,0.366948424670944,0.00389027819656104,0.00263964633340243,15,8,0.36060413916193,1.65457525573802,1.2,1.5
220,7,0.466666666666667,60,hold,0.0081929678641753,0.021497319082064,0.00614053454335466,0.00202423735616903,0.000711004835814659,6.38228075198705e-17,0.524500202811021,1.1863056330795,1.44835229463887,0.616243723113678,0.621054368221199,0.3162758737353,0.31563565629683,-0.00481064510752052,-0.000640217438469994,15,8,0.343367694465605,0.905876912837091,1.2,1.5
221,7,0.466666666666667,60,hold,0.0301487753007275,0.0275056646426678,0.0225838786606106,0.0174572361233154,0.00292662447442612,3.84474744095605e-17,1.45526304316756,1.64255180130831,0.686213595983028,0.77335303701702,0.750050698233042,0.281279093238121,0.286189448785331,0.0233023387839782,0.00491035554720994,15,8,0.207745931785725,0.561805847043122,3.3,1.5
222,7,0.466666666666667,60,hold,0.0211865873635074,0.0487934012494309,0.0184970418910718,0.0745530722760931,0.00507970501372567,6.9205453937209e-17,0.919384382712336,0.811507894452045,0.81772301043214,0.792114667204658,0.775513316341067,0.121879525794511,0.130966018890045,0.0166013508635906,0.00908649309553415,15,8,0.272774278827913,0.560796933254393,15,1.5
223,7,0.466666666666667,60,hold,0.0120523691690341,0.0182718043102874,0.0160834642442467,0.0392442237521926,0.0107879962509939,1.61479392520154e-17,0.48732469527525,0.237688807734398,1.61276670874973,0.632175035025271,0.625211065566513,0.169761273584287,0.176423422989285,0.00696396945875769,0.00666214940499892,15,8,0.51115598959655,2.04461716709183,1.2,1.5
224,7,0.466666666666667,60,hold,0.00917174160006294,0.00437154043822914,0.00577058153083797,0.00427276182676511,0.00102889166865087,2.537533311031e-17,0.493113576261869,0.540346267459209,0.679975547052192,0.778956862416219,0.771813474292913,0.223126860356711,0.224080228288169,0.00714338812330601,0.000953367931458103,15,8,0.119738083377453,0.243419025977118,1.2,1.5
225,7,0.466666666666667,60,hold,0.0133017897694524,0.028413997418068,0.0277343677014092,0.0141862630158332,0.00337661557743504,7.38191508663562e-17,0.857422141604475,0.788695776575615,0.651591394032202,0.719146306360281,0.728531871129606,0.18848700201647,0.191160928202142,-0.00938556476932589,0.00267392618567153,15,8,0.316322423366645,0.996642652301169,1.2,1.5
226,7,0.466666666666667,60,hold,0.0313438782870073,0.0261317284305598,0.0375816440183406,0.0678756752050144,0.0138346458401379,7.15123024017826e-17,0.595679699734128,0.867273241043017,0.627221241897581,0.842147129779083,0.815752763235109,0.157707722072075,0.168412240192762,0.0263943665439735,0.0107045181206869,15,8,0.293620493183688,0.805829038013214,1.2,1.5
227,7,0.466666666666667,60,hold,0.0628063132367258,0.0972996590886539,0.0151479990804665,0.0140189068865554,0.00457078519907556,7.07433529135914e-17,0.411217470851214,0.436041035110779,2.04068871195899,0.300154329372957,0.318275492215829,0.201546749006127,0.204372214113732,-0.0181211628428725,0.00282546510760483,15,8,0.273451983363041,0.589222397831002,1.2,1.5
228,7,0.466666666666667,60,hold,0.0424330333693827,0.0432780995948013,0.0174170977867647,0.132548442442395,0.0271912492949331,7.15123024017826e-17,0.255215137148466,0.55285567765841,0.995537611636902,0.749273559383692,0.717488201680174,0.163381255125069,0.18503718601618,0.0317853577035181,0.0216559308911115,15,8,0.464902362605414,1.45154066784736,6.6,1.5
229,7,0.466666666666667,60,hold,0.12838937905477,0.0444068587951717,0.122229797885741,0.0458520439891504,0.0124031365418292,2.84511310630748e-17,0.278950296412481,0.409806151384115,1.46014510166936,0.281974869639758,0.246509516208315,0.22640934769465,0.2367906790647,0.0354653534314431,0.0103813313700499,15,8,0.334439379348328,0.875079469269446,1.8,1.5
230,7,0.466666666666667,60,hold,0.107995092152491,0.318812616547865,0.0477517632491466,0.0128819451882295,0.00838894922645473,3.07579795276484e-17,0.811896252314531,0.730018044258601,1.15899751067213,0.479405086058137,0.42921438009176,0.151856386065861,0.151682773860237,0.0501907059663767,-0.000173612205623466,15,8,0.586320812527596,2.17222117563408,NaN,1.5
201,7,0.466666666666667,60,kalman,0.00447921121530383,0.00984420317674928,0.0147619790910238,0.00142438018749861,0.000700315487450542,0.233333333333333,0.85977631132592,1.19058823532607,0.82232392115914,0.604518268728009,0.603558015939794,0.243663018909081,0.243976837667213,0.000960252788215001,0.000313818758132189,11.5,8,0.173027002624094,0.239493595327237,1.2,1.5
202,7,0.466666666666667,60,kalman,0.196761853008957,1.30025070218437,0.029296727175998,0.0207627656572346,0.00457386604367419,0.233333333333333,1.17974995338181,0.668534057033459,1.4694373311269,0.102410668347178,0.122540840276672,0.253373927979874,0.258634671470173,-0.0201301719294943,0.00526074349029917,11.5,8,0.253449450312678,0.414430893183557,NaN,1.5
203,7,0.466666666666667,60,kalman,0.0202063071277168,0.0400231754737785,0.0193995586527233,0.00125259107989515,0.000692276618603076,0.233333333333333,2.16186997906134,1.72736074576825,0.746721402792502,0.67661223041512,0.690117400643369,0.297576783509928,0.297949525534537,-0.013505170228249,0.000372742024608426,11.5,8,0.121874559562367,0.200059841635741,1.2,1.5
204,7,0.466666666666667,60,kalman,0.0306493544392477,0.0526645498411192,0.032957079534285,0.0235968711998393,0.00458498326248678,0.233333333333333,0.367624810738487,0.8565998104105,1.02522578154352,0.479611960406856,0.464912163439044,0.259367846311,0.253247576648219,0.0146997969678121,-0.00612026966278038,11.5,8,0.157533179288372,0.283610903948765,1.2,1.5
205,7,0.466666666666667,60,kalman,0.190391804771402,0.498229494221086,0.0466991836746884,0.00789595254592467,0.00107509791079841,0.233333333333333,2.18956642775019,2.24250354773355,1.50146272884637,0.155508193785385,0.12655363880832,0.292106770724174,0.294413231924155,0.028954554977065,0.00230646119998138,11.5,8,0.11054081901036,0.211686846655025,NaN,1.5
206,7,0.466666666666667,60,kalman,0.00370597415321516,0.00963701423865543,0.00455977712779527,0.000352605999889251,0.000105076245580844,0.233333333333333,0.692320916491986,1.17132787615205,0.641449922130671,0.76275561821622,0.764711529625736,0.312256384116912,0.312350120519165,-0.00195591140951619,9.37364022528941e-05,11.5,8,0.0808258736895399,0.146644043665828,1.2,1.5
207,7,0.466666666666667,60,kalman,0.0228353100847163,0.0383627480777443,0.022800527071575,0.000834882981361402,0.00125349071677012,0.233333333333333,0.804016145229351,1.02039688060608,0.950632463986216,0.628696822959976,0.626029927951227,0.293818116863282,0.294029188403397,0.00266689500874871,0.000211071540114258,11.5,8,0.176961095182738,0.207688409173385,1.2,1.5
208,7,0.466666666666667,60,kalman,0.0163161021659217,0.0965742065790383,0.0207706780840034,0.0612057542278345,0.00637814085005627,0.233333333333333,0.536579457075652,0.889137327961792,0.811488799354514,0.664485102964321,0.653701584741355,0.158651271748673,0.168361642495256,0.0107835182229657,0.00971037074658268,11.5,8,0.115195594571058,0.22082773727198,1.2,1.5
209,7,0.466666666666667,60,kalman,0.0411238453960664,0.136623814964437,0.0189359013851655,0.00218435978839017,0.000455985142940552,0.233333333333333,0.820320985107681,1.03881435442319,1.5320454192258,0.441212379415521,0.459202142881051,0.350661284405813,0.349895313996812,-0.0179897634655305,-0.000765970409001306,11.5,8,0.157488669508001,0.212022281603344,24,1.5
210,7,0.466666666666667,60,kalman,0.0350049147797329,0.0518172026158069,0.0313301993244194,0.0823662123087526,0.0422496651101096,0.233333333333333,0.637573326188045,0.78803503460292,0.62153777431242,0.911413335905791,0.932612401767588,0.125609799060753,0.13595580243825,-0.0211990658617964,0.0103460033774977,11.5,8,0.880626560478037,2.86253321458035,3.9,1.5
211,7,0.466666666666667,60,kalman,0.0254610491288407,0.0538023448242921,0.0208784100348467,0.00961294987558639,0.00247326310682131,0.233333333333333,0.438665839848971,0.860264979678456,1.07699050169767,0.535618105199024,0.538699190846582,0.228482457714034,0.23067884812749,-0.0030810856475577,0.0021963904134558,11.5,8,0.154013483719571,0.23239755395059,1.2,1.5
212,7,0.466666666666667,60,kalman,0.0546782638338014,0.081289447690067,0.0152013608707529,0.0307388504980047,0.00492277189174062,0.233333333333333,1.72345146600352,1.59392842009129,1.30902307565178,0.31187371502253,0.294822278787021,0.274363468784459,0.282797086433538,0.0170514362355096,0.00843361764907945,11.5,8,0.0966365504530648,0.196961579096269,1.2,1.5
213,7,0.466666666666667,60,kalman,0.0264483732778521,0.0349547821033674,0.0221158463412678,0.120358529350684,0.024693642534748,0.233333333333333,0.920414684045219,1.27988895447037,0.632505774672374,0.882013185706611,0.858779733495044,0.102920263681531,0.115307595258625,0.0232334522115669,0.0123873315770936,11.5,8,0.233935349311337,0.483238452956089,7.8,1.5
214,7,0.466666666666667,60,kalman,0.0286101756270299,0.0889211548181941,0.0147882557715754,0.0343480463834695,0.00732294929346088,0.233333333333333,1.12290565562,1.18024115685169,0.88732160493993,0.630378622365926,0.643813238773112,0.157360503203676,0.162765529066642,-0.0134346164071864,0.00540502586296595,11.5,8,0.151001808109977,0.298293245158894,1.2,1.5
215,7,0.466666666666667,60,kalman,0.00667435428119258,0.0121574148892901,0.00662018978104413,0.00821605532619785,0.000533848900231045,0.233333333333333,0.94298409656206,0.924667579831691,0.787988736112205,0.671182338834457,0.673552454065064,0.248246814965666,0.250286424531976,-0.00237011523060757,0.00203960956631031,11.5,8,0.124431955870579,0.211834279767008,1.2,1.5
216,7,0.466666666666667,60,kalman,0.17554614985626,0.190117928328812,0.0318080487720966,0.0455276040673233,0.00612313356743557,0.233333333333333,0.758645649069038,0.715307746690779,1.6324587067781,0.334844960018649,0.27612759037016,0.247931489834199,0.259219216539192,0.0587173696484892,0.011287726704993,11.5,8,0.147859040896433,0.247576061514674,NaN,1.5
217,7,0.466666666666667,60,kalman,0.0343291253579429,0.23772719641723,0.0170324100968242,0.00787885826399759,0.00052920761849488,0.233333333333333,0.417092871739116,1.26106655346966,1.96206810606821,0.488622654063587,0.505147546615427,0.310620011332117,0.313067342375364,-0.0165248925518397,0.00244733104324708,11.5,8,0.143908027083016,0.202493070654009,NaN,1.5
218,7,0.466666666666667,60,kalman,0.0592835881489246,0.345188297623274,0.0204670958377676,0.0195434596276223,0.00220305244688247,0.233333333333333,1.20465648279247,0.919468013110064,1.67294076933044,0.163107835808856,0.157261400725626,0.296791263855397,0.302591591938385,0.0058464350832298,0.00580032808298893,11.5,8,0.167716109025348,0.205119351985286,1.2,1.5
219,7,0.466666666666667,60,kalman,0.0158584739823677,0.0183073921275369,0.0214856179629008,0.00807345644428678,0.000909814972555571,0.233333333333333,0.865986710873508,1.30677139635632,1.32989334474656,0.480979680498432,0.475919319300331,0.364308778337542,0.367250009391721,0.00506036119810061,0.00294123105417947,11.5,8,0.250122946945716,0.278498185115091,1.2,1.5
220,7,0.466666666666667,60,kalman,0.0280232777744004,0.0422544144285775,0.0187775336865137,0.00247232523930245,0.000759057545655736,0.233333333333333,0.519955640101826,1.20781970712107,1.44256808440918,0.616243723113678,0.633471468459797,0.3162758737353,0.315493936910082,-0.0172277453461187,-0.000781936825218217,11.5,8,0.19192403240906,0.237232232177074,1.2,1.5
221,7,0.466666666666667,60,kalman,0.0421570704197528,0.089215503015572,0.0226283240348161,0.0256626026200074,0.00265041590826999,0.233333333333333,1.45374477974686,1.54865147505763,0.69185505153863,0.77335303701702,0.742215613869692,0.281279093238121,0.288497446833207,0.031137423147328,0.00721835359508591,11.5,8,0.111626756595185,0.200054327547282,22.2,1.5
222,7,0.466666666666667,60,kalman,0.0111975293302509,0.0157421162663706,0.0235631611401683,0.0463869378965406,0.00384019678737599,0.233333333333333,0.909306999858414,0.851436419658322,0.794588580844045,0.792114667204658,0.783341782124901,0.121879525794511,0.127533143788401,0.00877288507975666,0.00565361799388981,11.5,8,0.128860634005818,0.264165249845658,1.2,1.5
223,7,0.466666666666667,60,kalman,0.00741333225555297,0.0152033270184335,0.0104089564778037,0.0137885750234104,0.00527032779052386,0.233333333333333,0.415069279686625,0.233819789984116,1.55279652695374,0.632175035025271,0.634922202451317,0.169761273584287,0.172102039641173,-0.00274716742604546,0.00234076605688663,11.5,8,0.346071705090848,1.44783978298347,1.2,1.5
224,7,0.466666666666667,60,kalman,0.0143590018111437,0.0210680993085406,0.00802063593144377,0.025186743669874,0.00228068000598645,0.233333333333333,0.551011243290074,0.614941967782927,0.643105005337741,0.778956862416219,0.770224257984719,0.223126860356711,0.228746699394379,0.0087326044315006,0.00561983903766824,11.5,8,0.0646082467151363,0.145405721269286,1.2,1.5
225,7,0.466666666666667,60,kalman,0.0179368631250183,0.0279750854435943,0.00876683725964737,0.0184676543857078,0.00116351656860139,0.233333333333333,0.840501699518013,0.790081920572346,0.678538463252063,0.719146306360281,0.707008456667895,0.18848700201647,0.191967914825909,0.0121378496923856,0.00348091280943838,11.5,8,0.142945106737363,0.289319989367674,1.2,1.5
226,7,0.466666666666667,60,kalman,0.0178662860598695,0.026499231251982,0.011240466143295,0.0344975390079332,0.00697004118410031,0.233333333333333,0.635699528508456,0.878257352061821,0.526615928487944,0.842147129779083,0.853717317886472,0.157707722072075,0.163148250366109,-0.0115701881073892,0.0054405282940337,11.5,8,0.148840526767556,0.337328123124509,1.2,1.5
227,7,0.466666666666667,60,kalman,0.0435157605754235,0.0495791708457056,0.0197141023884733,0.00428112068324876,0.0011770777424458,0.233333333333333,0.35283095098138,0.502635472126559,2.06087563424923,0.300154329372957,0.312957085672706,0.201546749006127,0.202298432176296,-0.0128027562997489,0.000751683170169133,11.5,8,0.178561738474024,0.23321394576954,1.2,1.5
228,7,0.466666666666667,60,kalman,0.0236299668711492,0.0978920741896589,0.0135493256293469,0.0140834786275277,0.00187830786628424,0.233333333333333,0.343721483144721,0.763977625278018,0.884811548297339,0.749273559383692,0.766740662177513,0.163381255125069,0.165246520006693,-0.0174671027938204,0.00186526488162445,11.5,8,0.177977211796556,0.380794365346552,1.2,1.5
229,7,0.466666666666667,60,kalman,0.171138063903553,0.069474704832462,0.136112012388848,0.0402884237381818,0.00868325160760464,0.233333333333333,0.270309065306687,0.368453341813827,1.48191840135913,0.281974869639758,0.233719155873848,0.22640934769465,0.235531023432857,0.0482557137659095,0.0091216757382074,11.5,8,0.146939582585677,0.234934998133477,7.2,1.5
230,7,0.466666666666667,60,kalman,0.068738197157255,0.0789366088839456,0.0286726872986221,0.0409631094506049,0.011200958739005,0.233333333333333,0.78271159111231,0.769325075292957,1.14482168704363,0.479405086058137,0.446542374712376,0.151856386065861,0.15807689582905,0.0328627113457609,0.00622050976318916,11.5,8,0.251629537655128,0.671822674023557,3,1.5
201,7,0.466666666666667,60,kalman-gm,0.00798862616763299,0.0447129743222942,0.0157645972775723,0.0026723219858692,0.001261758415736,5.22885651970023e-17,0.877899973134029,1.15973096205488,0.830512421006951,0.604518268728009,0.599799777083321,0.243663018909081,0.243850645572209,0.00471849164468827,0.000187626663127811,15,8,0.30814082113175,0.852275157603591,1.2,1.5
202,7,0.466666666666667,60,kalman-gm,0.0759761235226547,0.439308316354318,0.0132241274048956,0.00125187991427879,0.000659358312860024,4.07543228741342e-17,1.24635582645266,0.776840810676752,1.53475583954146,0.102410668347178,0.106517976344254,0.253373927979874,0.253452417545458,-0.00410730799707659,7.84895655837614e-05,15,8,0.403198914452867,1.63959269965082,1.2,1.5
203,7,0.466666666666667,60,kalman-gm,0.0335586775663134,0.0932747663991817,0.0165525408990276,0.00377643012933265,0.000566128704783884,4.22922218505166e-17,2.07248154481752,1.31695105970254,0.899427960692034,0.67661223041512,0.65391302528977,0.297576783509928,0.298700561440965,0.0226992051253499,0.00112377793103679,15,8,0.184027231627554,0.373020819894603,27.6,1.5
204,7,0.466666666666667,60,kalman-gm,0.0415274136018293,0.0967098938501457,0.0293503995541398,0.0046855872394716,0.00149915604565406,6.22849085434881e-17,0.387750953586223,0.908846189294614,0.949930859978068,0.479611960406856,0.498562550189308,0.259367846311,0.260583136982004,-0.0189505897824526,0.00121529067100405,15,8,0.314216470652851,1.02676421233859,1.2,1.5
205,7,0.466666666666667,60,kalman-gm,0.176709145646402,0.198853167372139,0.0535276546890749,0.0184678538779575,0.00347147373337864,5.38264641733848e-17,2.34367329804295,1.53157515606887,1.45492341508416,0.155508193785385,0.129596572407295,0.292106770724174,0.29750135588267,0.02591162137809,0.00539458515849609,15,8,0.241446557045125,0.54970070688179,18.3,1.5
206,7,0.466666666666667,60,kalman-gm,0.00195091386409712,0.00368469770368638,0.00285184874369819,0.0031878291118378,0.000618352841223611,5.30575146851935e-17,0.666534110187479,1.15681977575157,0.656598401348933,0.76275561821622,0.762604125659741,0.312256384116912,0.313251804108557,0.000151492556478625,0.000995419991645098,15,8,0.143551176251974,0.248566500542857,1.2,1.5
207,7,0.466666666666667,60,kalman-gm,0.00706940418288376,0.0137116010994126,0.00614776121668812,0.000830075879188546,0.000430733671744873,2.76821815748836e-17,0.782827484281243,0.992800773349151,0.960380913862424,0.628696822959976,0.631405902481505,0.293818116863282,0.293606733990085,-0.00270907952152913,-0.000211382873197011,15,8,0.233995440558237,0.344526247147916,1.2,1.5
208,7,0.466666666666667,60,kalman-gm,0.0374967086421005,0.214573951140544,0.0192128663679667,0.00423485666736037,0.003454182816068,3.15269290158396e-17,0.511926298360973,0.876350387458846,0.817002476624402,0.664485102964321,0.639624950826653,0.158651271748673,0.159323137144623,0.0248601521376678,0.000671865395950071,15,8,0.192731240567423,0.488032351086006,NaN,1.5
209,7,0.466666666666667,60,kalman-gm,0.00342733940503074,0.0738100576063008,0.0087894585841043,0.00325662018709296,0.000761511418718977,3.61406259449869e-17,0.825553186194647,1.53739243222158,1.54918617438976,0.441212379415521,0.440973787389541,0.350661284405813,0.351803255023441,0.000238592025979866,0.00114197061762792,15,8,0.219367815161025,0.445096854217493,1.2,1.5
210,7,0.466666666666667,60,kalman-gm,0.0249167239627946,0.057359127677981,0.0342497263504004,0.162415205729441,0.0583243577565032,6.84365044490178e-17,0.803819384047412,0.953678816847628,0.761387302123461,0.911413335905791,0.916772593023815,0.125609799060753,0.146010740416839,-0.00535925711802352,0.0204009413560859,15,8,1.30744270412356,3.08311151409915,9.6,1.5
211,7,0.466666666666667,60,kalman-gm,0.0900175159034542,0.260140201332848,0.0535931561439201,0.00901399168432848,0.0018618313076062,6.68986054726354e-17,0.498469318739439,0.824920188288649,1.13575051729924,0.535618105199024,0.487607451135468,0.228482457714034,0.230541996687883,0.0480106540635559,0.00205953897384924,15,8,0.327365356470581,0.956371972329763,NaN,1.5
212,7,0.466666666666667,60,kalman-gm,0.0441226195057494,0.0180142758860001,0.0161257443164792,0.00921860939659304,0.00417399513326747,5.22885651970023e-17,1.97614558751524,2.69840288730998,1.23661719732969,0.31187371502253,0.301125221879675,0.274363468784459,0.276892718435877,0.0107484931428548,0.00252924965141827,15,8,0.143929342866555,0.279466065995433,1.2,1.5
213,7,0.466666666666667,60,kalman-gm,0.0356777204205626,0.0452925413645594,0.0286111715379027,0.150400340911478,0.0261993367278694,1.69168887402066e-17,0.967627152000963,1.2789507494003,0.610300193071589,0.882013185706611,0.850545649592662,0.102920263681531,0.118399506425933,0.0314675361139485,0.0154792427444014,15,8,0.522780837635199,2.12511419705617,9.3,1.5
214,7,0.466666666666667,60,kalman-gm,0.0158951827934794,0.0108740070610835,0.0191864373593781,0.0382984820467412,0.00879156880253768,7.22812518899738e-17,1.12851538093608,1.52479540261276,0.880881766231718,0.630378622365926,0.635271344344574,0.157360503203676,0.163387171610488,-0.00489272197864825,0.00602666840681214,15,8,0.383023298951689,1.65515776340866,1.2,1.5
215,7,0.466666666666667,60,kalman-gm,0.00558676541430464,0.0109217646539656,0.00543630772616713,0.00334317958204578,0.000895729744458478,5.4595413661576e-17,0.981143756890637,1.04275465134066,0.779758486720242,0.671182338834457,0.674255216691007,0.248246814965666,0.249076748648767,-0.00307287785655062,0.000829933683101112,15,8,0.226474021611261,0.345934219917358,1.2,1.5
216,7,0.466666666666667,60,kalman-gm,0.125236131810791,0.0442635311531841,0.030476504017279,0.0330934264736941,0.00675651047477385,7.15123024017826e-17,0.550908227522872,0.762311319699734,1.52553013590333,0.334844960018649,0.292913105180754,0.247931489834199,0.256136392363541,0.041931854837895,0.0082049025293415,15,8,0.300408875515914,0.793362811228579,2.7,1.5
217,7,0.466666666666667,60,kalman-gm,0.0249363957727895,0.186196277525125,0.0327289832557093,0.0113648421822033,0.00124575630545818,5.8440161102532e-17,0.385451269776855,1.14644170678888,1.98884670714967,0.488622654063587,0.500055424138771,0.310620011332117,0.314150158739541,-0.0114327700751846,0.0035301474074237,15,8,0.281123031591765,0.479562884923032,NaN,1.5
218,7,0.466666666666667,60,kalman-gm,0.0649271344602134,0.160171523434269,0.0129378651159493,0.0022246020656405,0.000203025285062874,7.38191508663562e-17,1.28189315731429,0.876284376011648,1.65712508678201,0.163107835808856,0.152531286919914,0.296791263855397,0.297451506314033,0.0105765488889421,0.000660242458636769,15,8,0.319773609018612,0.666973064647246,1.2,1.5
219,7,0.466666666666667,60,kalman-gm,0.011594348396905,0.0201185703048945,0.0205821632087699,0.00613499918103429,0.000936968671820892,5.8440161102532e-17,0.887769441200917,1.33933726140821,1.32172234235645,0.480979680498432,0.478070455559161,0.364308778337542,0.366543812394286,0.00290922493927093,0.00223503405674442,15,8,0.373308979299429,1.77427798952294,1.2,1.5
220,7,0.466666666666667,60,kalman-gm,0.012696616170799,0.0101062382698538,0.00827911680291306,0.00460146763299053,0.000960332492218338,6.68986054726354e-17,0.52509459590464,1.18756074086443,1.4319836162995,0.616243723113678,0.62404982362006,0.3162758737353,0.314820540539211,-0.00780610050638191,-0.00145533319608878,15,8,0.295351051108258,0.609299740374343,1.2,1.5
221,7,0.466666666666667,60,kalman-gm,0.0242775042598575,0.0220381790080304,0.0188818373149133,0.012098986228183,0.00190430217547035,6.61296559844441e-17,1.46365732250536,1.61151937847296,0.681418705877913,0.77335303701702,0.754843329663252,0.281279093238121,0.284682285113485,0.018509707353768,0.00340319187536383,15,8,0.173739910339169,0.419148622444198,1.2,1.5
222,7,0.466666666666667,60,kalman-gm,0.0212884630208383,0.0463378891407386,0.0202528538499447,0.0731043502547013,0.00495566149131128,7.38191508663562e-17,0.903888828541833,0.808602323770204,0.810553382114828,0.792114667204658,0.776215821054416,0.121879525794511,0.13078944933707,0.0158988461502421,0.00890992354255886,15,8,0.250520641403258,0.554623443643332,12.6,1.5
223,7,0.466666666666667,60,kalman-gm,0.0079750971550034,0.0154997846016356,0.013424957697264,0.0334859534260361,0.0122998114237814,1.69168887402066e-17,0.395801428042397,0.238984119893227,1.53532631010619,0.632175035025271,0.632396107087018,0.169761273584287,0.175445891685075,-0.000221072061746995,0.005684618100788,15,8,0.556032763491596,2.08830039998135,1.2,1.5
224,7,0.466666666666667,60,kalman-gm,0.00661574680932358,0.00714110853452184,0.00342726223823015,0.00306754327613985,0.000792038262221324,2.537533311031e-17,0.478057268516954,0.535276889271051,0.690172235902162,0.778956862416219,0.773806556947362,0.223126860356711,0.223811311656924,0.00515030546885674,0.000684451300213424,15,8,0.0988639743590528,0.198276631233446,1.2,1.5
225,7,0.466666666666667,60,kalman-gm,0.0138383834909656,0.0295142261634721,0.015121909981446,0.0156530024447769,0.00147144432608447,7.07433529135914e-17,0.853536834619825,0.780427191717017,0.670186313421826,0.719146306360281,0.714638517264541,0.18848700201647,0.191437389519843,0.00450778909573975,0.00295038750337248,15,8,0.260619881065225,0.727805635577826,1.2,1.5
226,7,0.466666666666667,60,kalman-gm,0.0156103982102907,0.0152916898149342,0.0279703643246966,0.0407320829987715,0.0096981326223987,7.15123024017826e-17,0.584633337745021,0.86681190390896,0.615922025874546,0.842147129779083,0.82903457027007,0.157707722072075,0.164131486097062,0.0131125595090128,0.00642376402498696,15,8,0.243593191660007,0.595263871844253,1.2,1.5
227,7,0.466666666666667,60,kalman-gm,0.0520164160233894,0.0916679535977776,0.0140176053422078,0.0055146286053166,0.00150250490792375,6.45917570080617e-17,0.368762307159114,0.419094724771302,2.04276125013835,0.300154329372957,0.315348040902659,0.201546749006127,0.202658204473504,-0.0151937115297023,0.00111145546737775,15,8,0.268143957819718,0.60989530731621,1.2,1.5
228,7,0.466666666666667,60,kalman-gm,0.0117795913942839,0.0489183608590785,0.0115253370291504,0.0202511560223657,0.00793177202792196,7.22812518899738e-17,0.275555468213041,0.410427839734083,0.985256829697965,0.749273559383692,0.743357010043111,0.163381255125069,0.166197905031166,0.00591654934058145,0.00281664990609666,15,8,0.401891997844827,1.31379860544161,1.2,1.5
229,7,0.466666666666667,60,kalman-gm,0.110813357526917,0.0510960836714396,0.101543200266428,0.0368749133173206,0.00993471379846528,3.9985373385943e-17,0.263618714569852,0.348091962811701,1.44871580557933,0.281974869639758,0.25085517166982,0.22640934769465,0.234758172765121,0.0311196979699375,0.00834882507047132,15,8,0.296139337423766,0.774760252626254,1.2,1.5
230,7,0.466666666666667,60,kalman-gm,0.12419755724448,0.329343402044836,0.0556104713209239,0.0184579641115996,0.0139703130545934,2.76821815748836e-17,0.815982586325523,0.717386553450157,1.17427743460921,0.479405086058137,0.420055112298143,0.151856386065861,0.154441188829354,0.059349973759994,0.00258480276349362,15,8,0.52878743888732,2.17758842167656,NaN,1.5
201,7,0.466666666666667,60,mean,0.0105992740033891,0.00441697070954209,0.0101749058795408,0.00244818882433602,0.000749013259758949,0.233333333333333,0.859586010240317,1.17527197712644,0.830646434353031,0.604518268728009,0.598347690206253,0.243663018909081,0.243066485829284,0.0061705785217553,-0.00059653307979719,11.5,8,0.172247505294439,0.238931090372281,1.2,1.5
202,7,0.466666666666667,60,mean,0.0459248997482474,0.756712135291213,0.0191971833229663,0.0174902204985013,0.00343313569281157,0.233333333333333,1.1803379640701,0.66609921370033,1.50591096400352,0.102410668347178,0.0990849102750137,0.253373927979874,0.257805493848813,0.00332575807216398,0.0044315658689394,11.5,8,0.253669247656015,0.415319829451375,1.2,1.5
203,7,0.466666666666667,60,mean,0.0330483795159638,0.0372519046703289,0.0254012840183498,0.00127284882765563,0.00132518833683058,0.233333333333333,2.01555038470967,2.33069321584257,0.614135053490181,0.67661223041512,0.698259969962626,0.297576783509928,0.29771435437172,-0.0216477395475056,0.000137570861791909,11.5,8,0.12203778473755,0.200903712227903,1.2,1.5
204,7,0.466666666666667,60,mean,0.0705886930578438,0.204432942789472,0.0366025189438616,0.0145434243968114,0.00321481846006652,0.233333333333333,0.373699359314421,0.957321972807825,0.945718372513584,0.479611960406856,0.510679189472576,0.259367846311,0.263139942974788,-0.0310672290657198,0.00377209666378782,11.5,8,0.158254535595606,0.285175708472464,NaN,1.5
205,7,0.466666666666667,60,mean,0.0968769549105605,0.314488869004176,0.018624348450372,0.0235822725015137,0.00173432514053539,0.233333333333333,2.26846090172048,1.92547205386465,1.46163304214725,0.155508193785385,0.141802204759276,0.292106770724174,0.298995312190929,0.0137059890261098,0.00688854146675467,11.5,8,0.110582657225905,0.213219584567603,NaN,1.5
206,7,0.466666666666667,60,mean,0.00483264615516877,0.0142184370040176,0.00310608186606575,0.0010747375499787,0.000196435627358591,0.233333333333333,0.686508388767235,1.1750937492197,0.643680925639598,0.76275561821622,0.765925886815883,0.312256384116912,0.312591977778143,-0.00317026859966299,0.000335593661231019,11.5,8,0.0804487761877102,0.145681296971701,1.2,1.5
207,7,0.466666666666667,60,mean,0.0194564340668808,0.0350704010446653,0.0210014830404093,0.00121675553813627,0.000851926094038702,0.233333333333333,0.806531457078546,1.00843296990114,0.956395118610463,0.628696822959976,0.62552097034713,0.293818116863282,0.294172338225522,0.00317585261284608,0.000354221362239862,11.5,8,0.176915877640384,0.207268262525581,1.2,1.5
208,7,0.466666666666667,60,mean,0.0166683255852349,0.0886767582513185,0.014428459650529,0.0512875075657761,0.00395452852633109,0.233333333333333,0.53664831325172,0.879479739127122,0.798272814632558,0.664485102964321,0.653468413430391,0.158651271748673,0.166788100048803,0.0110166895339303,0.00813682830013008,11.5,8,0.115470458404734,0.220763720414365,1.2,1.5
209,7,0.466666666666667,60,mean,0.0339670376343857,0.117943790968641,0.012094490543907,0.002815037597585,0.000788258754271046,0.233333333333333,0.825460215984867,1.03475139406001,1.51670823675302,0.441212379415521,0.453939979898241,0.350661284405813,0.349674159706193,-0.0127276004827203,-0.000987124699619809,11.5,8,0.157384619240279,0.212084677031557,18.9,1.5
210,7,0.466666666666667,60,mean,0.0349915969156741,0.0523980406351702,0.0324284069013984,0.0832616646007369,0.0424673163327516,0.233333333333333,0.64375182839956,0.796459705910683,0.618652030549335,0.911413335905791,0.93328605126062,0.125609799060753,0.136068280020715,-0.0218727153548287,0.0104584809599623,11.5,8,0.881642744833575,2.8671557191828,4.8,1.5
211,7,0.466666666666667,60,mean,0.0266318772827937,0.0416816224335895,0.0238635681031847,0.0106994260527097,0.00297444389877575,0.233333333333333,0.437786490256757,0.859692044313457,1.07254481621886,0.535618105199024,0.54242244183419,0.228482457714034,0.230927088874687,-0.00680433663516545,0.00244463116065267,11.5,8,0.154267994790112,0.233685502784271,1.2,1.5
212,7,0.466666666666667,60,mean,0.017649049266191,0.0432624589773514,0.00818474540895404,0.0260861367180919,0.00353645029802661,0.233333333333333,1.71680290037609,1.58621340354207,1.3485535920799,0.31187371502253,0.306427218347937,0.274363468784459,0.28152055174162,0.00544649667459307,0.00715708295716134,11.5,8,0.0966958911289007,0.194359934062549,1.2,1.5
213,7,0.466666666666667,60,mean,0.0313916577752856,0.03567961918432,0.0241964862280449,0.130811199500073,0.0257384126519056,0.233333333333333,0.927248705486862,1.27929085710011,0.633725400365447,0.882013185706611,0.854470963427548,0.102920263681531,0.116383386826576,0.0275422222790621,0.0134631231450449,11.5,8,0.233363115968979,0.484323677441221,7.8,1.5
214,7,0.466666666666667,60,mean,0.0207043082597557,0.0391697584853864,0.0161711222087514,0.0361291031964949,0.00749338713356895,0.233333333333333,1.14597392087479,1.54724669964152,0.891286642466341,0.630378622365926,0.638229216385324,0.157360503203676,0.163045797062974,-0.00785059401939875,0.00568529385929797,11.5,8,0.150437875308619,0.295675273754029,1.2,1.5
215,7,0.466666666666667,60,mean,0.00650149486062076,0.0122920834056506,0.00523417038987155,0.00694510875194886,0.000644679636888507,0.233333333333333,0.947828449807249,0.932689862983967,0.786885818801909,0.671182338834457,0.67441035475145,0.248246814965666,0.249970916092928,-0.0032280159169936,0.00172410112726148,11.5,8,0.124402183357856,0.211830554178291,1.2,1.5
216,7,0.466666666666667,60,mean,0.14557473200399,0.188464381371088,0.0263570184782136,0.0441636196483093,0.00586583327873575,0.233333333333333,0.612477153833426,0.728657286725551,1.57159133630957,0.334844960018649,0.28657603991003,0.247931489834199,0.258881041850076,0.0482689201086197,0.0109495520158762,11.5,8,0.147308285054909,0.246051082645884,NaN,1.5
217,7,0.466666666666667,60,mean,0.0332763191128179,0.238151857270687,0.0203239830485729,0.00809450339271961,0.000502802199731055,0.233333333333333,0.41795845296302,1.25846817645381,1.96615435865423,0.488622654063587,0.502938520172322,0.310620011332117,0.313134326067692,-0.0143158661087351,0.00251431473557443,11.5,8,0.144602064992863,0.203209688956977,NaN,1.5
218,7,0.466666666666667,60,mean,0.0442401378663705,0.402143353317792,0.0157932593201546,0.0160230713978884,0.00177173021445694,0.233333333333333,1.24489592497519,0.914737504666413,1.66610933820889,0.163107835808856,0.167913605311682,0.296791263855397,0.301546771466421,-0.00480576950282609,0.00475550761102455,11.5,8,0.16781258590309,0.206596050162209,1.2,1.5
219,7,0.466666666666667,60,mean,0.00972024645903916,0.00962082684977944,0.0128954593090754,0.00736846378008317,0.000776892989251719,0.233333333333333,0.869041994233519,1.30668625858401,1.31796627904612,0.480979680498432,0.484602162782192,0.364308778337542,0.366993174375488,-0.00362248228376047,0.00268439603794652,11.5,8,0.250020372380038,0.276870075697388,1.2,1.5
220,7,0.466666666666667,60,mean,0.0207438522809571,0.0309995004760258,0.0171017136019125,0.00282455104091807,0.000617104271723042,0.233333333333333,0.514787630625598,1.20786485263188,1.46633922370378,0.616243723113678,0.628984277537713,0.3162758737353,0.315382536386924,-0.0127405544240345,-0.000893337348376313,11.5,8,0.191873197041118,0.237224048958525,1.2,1.5
221,7,0.466666666666667,60,mean,0.0366856906234226,0.0726405208843491,0.02117098778567,0.0208053868776521,0.00190267916908987,0.233333333333333,1.4612314037631,1.54560590885959,0.685649718949656,0.77335303701702,0.746124053302699,0.281279093238121,0.287131213593536,0.0272289837143209,0.00585212035541428,11.5,8,0.109059512846931,0.19934300101378,20.7,1.5
222,7,0.466666666666667,60,mean,0.0153169201050849,0.0052084476215438,0.00864881968106831,0.00940147106504531,0.00237782748843133,0.233333333333333,0.913757338718609,0.867723624568987,0.765430282871005,0.792114667204658,0.804139687609012,0.121879525794511,0.12302537262969,-0.0120250204043545,0.00114584683517854,11.5,8,0.128374970331451,0.26288239646034,1.2,1.5
223,7,0.466666666666667,60,mean,0.00582039040896357,0.0125339351579042,0.0094911960053798,0.0174148693786819,0.00487721002459744,0.233333333333333,0.449657605887121,0.234535499634194,1.58036292393615,0.632175035025271,0.632341732427548,0.169761273584287,0.172717643989316,-0.000166697402276396,0.00295637040502903,11.5,8,0.346818478392149,1.4500930406025,1.2,1.5
224,7,0.466666666666667,60,mean,0.0165510380491855,0.0227572634611739,0.00833220606842111,0.0232175378406639,0.00184698469315209,0.233333333333333,0.579604379637901,0.639023414610843,0.618305551313177,0.778956862416219,0.769435493838969,0.223126860356711,0.228307316680311,0.00952136857725052,0.00518045632360047,11.5,8,0.0649719921135224,0.146173280682339,1.2,1.5
225,7,0.466666666666667,60,mean,0.0169179328039158,0.0264569025762948,0.0156983342908049,0.0222614654796514,0.00135836170243336,0.233333333333333,0.833736418235425,0.805880517243731,0.679880454339822,0.719146306360281,0.707443509648603,0.18848700201647,0.192682998905223,0.0117027967116781,0.00419599688875263,11.5,8,0.144223808854764,0.285204371626827,1.2,1.5
226,7,0.466666666666667,60,mean,0.0215118885812179,0.0299602617035004,0.0119184311581612,0.0399274581796684,0.00808756669501996,0.233333333333333,0.706549833151856,0.949584224436307,0.493910068262845,0.842147129779083,0.85774680979586,0.157707722072075,0.164004590549719,-0.0155996800167776,0.00629686847764355,11.5,8,0.148739034895073,0.336082638519908,3.9,1.5
227,7,0.466666666666667,60,mean,0.0494356425982255,0.138216461902074,0.0224001960815756,0.00553223389345626,0.00117853823571291,0.233333333333333,0.339125866379881,0.505033797244427,2.06572080758778,0.300154329372957,0.314737492873701,0.201546749006127,0.202657185642757,-0.0145831635007441,0.00111043663663059,11.5,8,0.17853176363011,0.23366645586683,1.2,1.5
228,7,0.466666666666667,60,mean,0.0142789485326552,0.103003803061073,0.013789025758777,0.0356640919982777,0.00648682196132454,0.233333333333333,0.347668069371625,0.764294379401384,0.911882399713776,0.749273559383692,0.757472360784816,0.163381255125069,0.169208099238644,-0.00819880140112303,0.00582684411357455,11.5,8,0.177269935295129,0.378390806588357,1.2,1.5
229,7,0.466666666666667,60,mean,0.0831604883428793,0.0237161193290619,0.0740407963517526,0.0331748515259462,0.0077753586944964,0.233333333333333,0.267895335286278,0.353681983570686,1.44609756365957,0.281974869639758,0.258584526089248,0.22640934769465,0.233920444188506,0.0233903435505099,0.00751109649385634,11.5,8,0.146911021975721,0.234459881055153,1.2,1.5
230,7,0.466666666666667,60,mean,0.0474617066829616,0.0559818318312172,0.0316073399981837,0.0253881062436927,0.00783281475917568,0.233333333333333,0.795657736294111,0.764714481172593,1.12768046403784,0.479405086058137,0.456747432715733,0.151856386065861,0.155711732129084,0.0226576533424033,0.00385534606322329,11.5,8,0.252937869099028,0.681103189973282,1.2,1.5
201,7,0.466666666666667,60,none,0.0171797507476038,0.0239234282357715,0.0212912111372912,0.0247682138444013,0.00835057251893175,0.466666666666666,0.863626250782464,1.18196042493987,0.810861226677771,0.604518268728009,0.614844428453021,0.243663018909081,0.249698116667394,-0.0103261597250125,0.00603509775831251,8,8,NaN,NaN,1.2,1.5
202,7,0.466666666666667,60,none,0.70344940614791,1.9633174804602,0.0397348044670016,0.0467083692691066,0.0157698181120501,0.466666666666666,1.15005758198771,0.678068013720883,1.40021921180328,0.102410668347178,0.17445139217921,0.253373927979874,0.265208610971122,-0.0720407238320326,0.011834682991248,8,8,NaN,NaN,NaN,1.5
203,7,0.466666666666667,60,none,0.0320762895988218,0.0632410011498198,0.0641390762254264,0.00458470770663669,0.00540574746162775,0.466666666666666,1.92759237029073,0.955784043957872,0.546735861356995,0.67661223041512,0.698314047080967,0.297576783509928,0.29856868527203,-0.0217018166658467,0.000991901762101873,8,8,NaN,NaN,1.2,1.5
204,7,0.466666666666667,60,none,0.159603624845493,0.338188493074736,0.129734483555402,0.0366959675180981,0.0137263777429296,0.466666666666666,0.346014148518564,0.952466122195177,0.906374467838866,0.479611960406856,0.556159767807043,0.259367846311,0.268885600374467,-0.0765478074001873,0.00951775406346751,8,8,NaN,NaN,NaN,1.5
205,7,0.466666666666667,60,none,0.0885915006166243,0.410384702024843,0.0289657168660859,0.0544214551272199,0.0107150641301393,0.466666666666666,2.16452871917687,2.03646309339155,1.4448631428673,0.155508193785385,0.150980553849024,0.292106770724174,0.308003646239497,0.00452763993636135,0.0158968755153227,8,8,NaN,NaN,NaN,1.5
206,7,0.466666666666667,60,none,0.0217432968079084,0.0156901584885056,0.0259337363007529,0.0192091921203061,0.00787093867684287,0.466666666666666,0.649103772497486,1.18382579946382,0.65107742374635,0.76275561821622,0.749881431518099,0.312256384116912,0.318254576990206,0.0128741866981209,0.00599819287329385,8,8,NaN,NaN,1.2,1.5
207,7,0.466666666666667,60,none,0.0241544695013586,0.0320145822888936,0.0326497406134886,0.0143633737135268,0.00358762699615872,0.466666666666666,0.805940507183578,1.05535938927125,0.970082440363558,0.628696822959976,0.613750122357496,0.293818116863282,0.298038336279594,0.0149467006024791,0.00422021941631202,8,8,NaN,NaN,1.2,1.5
208,7,0.466666666666667,60,none,0.0301270372103792,0.0370896867625629,0.0219593427518119,0.190532946564425,0.0471608508652382,0.466666666666666,0.565804768760992,0.986868813667921,0.791531650899782,0.664485102964321,0.664295106308997,0.158651271748673,0.188879566031141,0.000189996655324484,0.030228294282468,8,8,NaN,NaN,1.2,1.5
209,7,0.466666666666667,60,none,0.138999551872049,0.213859333991432,0.0735553368945185,0.00612217490606052,0.00113195803452278,0.466666666666666,0.837619286033509,0.969750797043356,1.49011571971649,0.441212379415521,0.502540702434679,0.350661284405813,0.348514474689897,-0.0613283230191577,-0.00214680971591622,8,8,NaN,NaN,NaN,1.5
210,7,0.466666666666667,60,none,0.0384951969930662,0.0380017245833466,0.0367443641994335,0.013179724358003,0.0180488118422933,0.466666666666666,0.569779515401905,0.904524821485511,0.466930887426701,0.911413335905791,0.946495849440699,0.125609799060753,0.127265301589038,-0.0350825135349073,0.00165550252828487,8,8,NaN,NaN,1.2,1.5
211,7,0.466666666666667,60,none,0.0576969626948307,0.143633643618646,0.0199626542267341,0.0406150697784989,0.00997642728058433,0.466666666666666,0.479912345134722,0.832763203569373,1.11196666549489,0.535618105199024,0.50511224904361,0.228482457714034,0.237762288677253,0.030505856155414,0.00927983096321843,8,8,NaN,NaN,NaN,1.5
212,7,0.466666666666667,60,none,0.220477038282559,0.305898496910595,0.0340168957024542,0.110689862925471,0.0273117152500555,0.466666666666666,1.71705426040264,1.52038230586543,1.45079747949549,0.31187371502253,0.24323012235028,0.274363468784459,0.304732723535967,0.0686435926722503,0.0303692547515085,8,8,NaN,NaN,NaN,1.5
213,7,0.466666666666667,60,none,0.0115647248197517,0.02549758911891,0.0107693034922002,0.0841355605160624,0.0336262372632911,0.466666666666666,0.901965622540196,1.27007490465168,0.543714482561927,0.882013185706611,0.890940286830713,0.102920263681531,0.111579517754838,-0.00892710112410237,0.00865925407330656,8,8,NaN,NaN,1.2,1.5
214,7,0.466666666666667,60,none,0.0567266283607601,0.053480983721069,0.0282357165315899,0.0784074201151676,0.0254105939304305,0.466666666666666,0.911717878399684,0.940249862777506,0.803187242011839,0.630378622365926,0.666137876203446,0.157360503203676,0.169698734287901,-0.0357592538375198,0.0123382310842248,8,8,NaN,NaN,1.2,1.5
215,7,0.466666666666667,60,none,0.0181479344958453,0.00985936523198847,0.00809681608883872,0.01247158672451,0.0017991568928652,0.466666666666666,0.915838437302107,0.916807713940825,0.771224658713943,0.671182338834457,0.683267845747665,0.248246814965666,0.251342846647594,-0.0120855069132082,0.0030960316819277,8,8,NaN,NaN,1.2,1.5
216,7,0.466666666666667,60,none,0.387149951479587,0.230343109398603,0.0722556392499875,0.0757891816555179,0.0201707802979805,0.466666666666666,0.794089695476856,0.736482682062906,1.58718484918892,0.334844960018649,0.205209749994245,0.247931489834199,0.266722014555367,0.129635210024404,0.0187905247211673,8,8,NaN,NaN,NaN,1.5
217,7,0.466666666666667,60,none,0.143550357616288,0.323688857935816,0.0917713525405665,0.0213085043504824,0.00461224652174388,0.466666666666666,0.422782069232226,1.28382260905484,1.88505548477185,0.488622654063587,0.558759753930579,0.310620011332117,0.317238859194935,-0.0701370998669915,0.00661884786281733,8,8,NaN,NaN,NaN,1.5
218,7,0.466666666666667,60,none,0.330180802975407,0.414638663550596,0.0680318571050272,0.059470763853238,0.0131180983390871,0.466666666666666,1.14653971392053,0.927977756665067,1.6600136300586,0.163107835808856,0.109260558529384,0.296791263855397,0.314441667021845,0.0538472772794724,0.0176504031664483,8,8,NaN,NaN,2.1,1.5
219,7,0.466666666666667,60,none,0.0348431089934673,0.0686644914844108,0.0515792168920897,0.0113088913338587,0.00183939040542704,0.466666666666666,0.836562789862412,1.29444719354828,1.30171545000272,0.480979680498432,0.464220853067182,0.364308778337542,0.368428706723732,0.01675882743125,0.00411992838619007,8,8,NaN,NaN,1.2,1.5
220,7,0.466666666666667,60,none,0.0176486268085245,0.0182386022574659,0.017317828840529,0.00271166255771695,0.000920348145464048,0.466666666666666,0.548412321131335,1.20687575172027,1.43490357422628,0.616243723113678,0.627024212315515,0.3162758737353,0.317133507180017,-0.0107804892018368,0.000857633444717227,8,8,NaN,NaN,1.2,1.5
221,7,0.466666666666667,60,none,0.0549138854904358,0.148865052555005,0.0335485370601945,0.0430096018474998,0.00678757674784131,0.466666666666666,1.37935995594218,1.66619906001836,0.703880780597507,0.77335303701702,0.732325441663323,0.281279093238121,0.293376795046319,0.0410275953536971,0.0120977018081974,8,8,NaN,NaN,NaN,1.5
222,7,0.466666666666667,60,none,0.0234683793486918,0.0143102879856115,0.035661344071083,0.0899919922849952,0.0271688930007183,0.466666666666666,0.908698672940677,0.87334257687584,0.736513347817688,0.792114667204658,0.810044969557746,0.121879525794511,0.13284770713951,-0.0179303023530887,0.0109681813449985,8,8,NaN,NaN,1.2,1.5
223,7,0.466666666666667,60,none,0.0165738450848356,0.0206802341709964,0.020438098814271,0.0376455666158804,0.0139795557830428,0.466666666666666,0.391253022182334,0.233797184869436,1.48383355119747,0.632175035025271,0.625663703154481,0.169761273584287,0.176152032917801,0.0065113318707904,0.00639075933351395,8,8,NaN,NaN,1.2,1.5
224,7,0.466666666666667,60,none,0.0374049101196429,0.0597716233032039,0.0283386550820794,0.014740478715031,0.00109529150476157,0.466666666666666,0.472330932503595,0.563073511260472,0.694453281915247,0.778956862416219,0.749834644421878,0.223126860356711,0.226415857092551,0.0291222179943409,0.00328899673583979,8,8,NaN,NaN,1.2,1.5
225,7,0.466666666666667,60,none,0.0123590165721318,0.0502346274892017,0.0436080300304885,0.0232594948154109,0.0082401060897759,0.466666666666666,0.833999749081861,0.759801597068124,0.659954527366481,0.719146306360281,0.727993280989939,0.18848700201647,0.192871114462645,-0.00884697462965854,0.00438411244617443,8,8,NaN,NaN,1.2,1.5
226,7,0.466666666666667,60,none,0.0312094907896168,0.0778676716086176,0.0234162251686904,0.156212734740423,0.0451814671462099,0.466666666666666,0.681787045469129,0.947379841600817,0.505651121364256,0.842147129779083,0.853787703151297,0.157707722072075,0.182343676626637,-0.0116405733722139,0.0246359545545614,8,8,NaN,NaN,19.5,1.5
227,7,0.466666666666667,60,none,0.0527077599812465,0.184047979186855,0.0565520321009335,0.123948705372917,0.0314326339815223,0.466666666666666,0.388105388226398,0.478289362813956,2.06511733046957,0.300154329372957,0.298796120972408,0.201546749006127,0.226528207617556,0.00135820840054871,0.0249814586114297,8,8,NaN,NaN,1.2,1.5
228,7,0.466666666666667,60,none,0.0238611061041511,0.100316517305209,0.046784264149125,0.164104640835312,0.0537599394785916,0.466666666666666,0.403287278199955,0.711459963515485,0.818120486643647,0.749273559383692,0.767152055285182,0.163381255125069,0.190192877316591,-0.0178784959014892,0.0268116221915219,8,8,NaN,NaN,1.2,1.5
229,7,0.466666666666667,60,none,0.474386917769594,0.368858408335137,0.182682974251688,0.102773718074789,0.0243117189789856,0.466666666666666,0.271422739284195,0.459426116977348,1.58992350292578,0.281974869639758,0.14820968034287,0.22640934769465,0.249678278164117,0.133765189296888,0.0232689304694669,8,8,NaN,NaN,NaN,1.5
230,7,0.466666666666667,60,none,0.0659015753226562,0.0776813753836884,0.029988141364279,0.0608894012227655,0.028816160478428,0.466666666666666,0.780514528417107,0.780239407271396,1.11418725379597,0.479405086058137,0.449979759765086,0.151856386065861,0.161102830485264,0.0294253262930504,0.00924644441940337,8,8,NaN,NaN,4.8,1.5
201,11,0.733333333333333,3,hold,0.000294398922538258,0.000454724970876614,0.000238528556575534,9.42026716994257e-05,3.15833569507832e-06,3.07579795276485e-17,0.255571493069939,0.666090758838744,0.819819098116388,0.620693149044389,0.620867450778963,0.258778912046596,0.258754542264908,-0.00017430173457359,-2.43697816888172e-05,15,4,0.0134940680576182,0.0274943080617547,1.2,0.075
202,11,0.733333333333333,3,hold,0.00464644703913111,0.0069666417232322,0.000578020577120526,7.9520186797856e-05,3.97503520161652e-06,9.22739385829454e-17,0.954910445919193,1.09271520722365,1.40473649039672,0.17626288281515,0.176333355318707,0.249674859863663,0.249694714055158,-7.04725035567566e-05,1.9854191495087e-05,15,4,0.0483692379093164,0.0399847885418674,1.2,0.075
203,11,0.733333333333333,3,hold,0.000242806710434634,0.000533725415712641,0.00031152462695269,2.09731631609736e-05,1.43033347543388e-06,6.15159590552969e-17,1.13020736485459,1.84033561615106,0.570645509222625,0.694313455999715,0.694156587769765,0.261111678473756,0.261117144729094,0.00015686822995008,5.46625533818901e-06,15,4,0.0136759028623675,0.0262078233211012,1.2,0.075
204,11,0.733333333333333,3,hold,0.00155155855546628,0.00257961075075548,0.000450254262733727,7.8270010078385e-05,1.81147716345399e-06,3.07579795276485e-17,0.298644550618274,0.216223952925866,0.864236327171842,0.533801005851824,0.533150850968043,0.240096863138432,0.24007833642236,0.000650154883780885,-1.85267160713923e-05,15,4,0.0198130749729509,0.0403513752015172,1.2,0.075
205,11,0.733333333333333,3,hold,0.00386061424636561,0.0023852422569351,0.00178773222310011,8.25449996886683e-05,5.31848426345651e-06,3.07579795276485e-17,1.80254143335794,2.13757847726154,1.42372448751903,0.136995243919555,0.13666090575979,0.296450525700453,0.296474996209005,0.000334338159764483,2.44705085516494e-05,15,4,0.0191510638319533,0.0361362247286117,1.2,0.075
206,11,0.733333333333333,3,hold,0.000175377930314305,1.0869709909031e-05,0.000132248879431361,2.60802833648343e-06,4.18073088524968e-07,3.07579795276485e-17,0.048464782674101,0.460964782863013,0.681677326585818,0.72361969022792,0.723504008489155,0.302162977540476,0.302163765590084,0.000115681738765983,7.88049607661767e-07,15,4,0.0172207734010534,0.0220549477052874,1.2,0.075
207,11,0.733333333333333,3,hold,0.00129572319979713,0.00326220250337934,0.00182416410365949,0.000193956267984521,4.12992826441586e-06,0,0.19128868433929,0.600067524146864,0.928169944047202,0.623359293638833,0.623580962674283,0.298332136200445,0.298274272812688,-0.000221669035450078,-5.78633877572882e-05,15,4,0.0331335136433578,0.023559334150792,1.2,0.075
208,11,0.733333333333333,3,hold,9.05797021329371e-05,0.000445700065547938,6.86304182677959e-05,7.32572684474882e-05,1.80398420240575e-06,3.07579795276485e-17,0.149894131637848,0.309048147835546,0.807998461293169,0.644415252193399,0.644375192992522,0.190835332843205,0.190849312918413,4.00592008767076e-05,1.39800752073604e-05,15,4,0.0199860171145203,0.0384090657471497,1.2,0.075
209,11,0.733333333333333,3,hold,0.000334511305272789,6.07187625647917e-06,0.00020102649933456,1.70864720775358e-07,4.17635686225145e-07,0,0.206873298510694,0.617661064446538,1.49943970136363,0.45309531219948,0.452943877730079,0.315831528002895,0.315831497026916,0.000151434469400596,-3.09759790423358e-08,15,4,0.0219706063727043,0.0238223476094737,1.2,0.075
210,11,0.733333333333333,3,hold,0.00118916141673456,0.00112527240830696,0.00168462670612144,0.000896812566605212,3.07940194419285e-05,1.0765292834677e-16,0.099759410722651,0.461204190323255,0.505295758033131,0.917012090141554,0.915921614745278,0.128586127536565,0.128701445191631,0.00109047539627545,0.000115317655065892,15,4,0.0837459674079822,0.0991824035191002,1.2,0.075
211,11,0.733333333333333,3,hold,0.000608943294601993,0.004594075204901,0.000732651724148818,8.39553805051639e-05,3.08561581854642e-06,9.22739385829454e-17,0.0527111115387542,0.24692587358873,1.04206752498339,0.525657698099271,0.525518868081708,0.223211936444947,0.223195940301187,0.000138830017563685,-1.59961437600201e-05,15,4,0.0194458476920595,0.0454680749623453,1.2,0.075
212,11,0.733333333333333,3,hold,0.000549291163648612,0.00180883385223654,0.000262039870067175,3.93352937052064e-05,5.39972570065718e-07,6.15159590552969e-17,1.47637324634113,1.66580706631952,1.28387035159715,0.259447564694493,0.259416057098266,0.272627447831763,0.272616900510947,3.15075962268485e-05,-1.05473208162093e-05,15,4,0.0150513301390761,0.0216110981712634,1.2,0.075
213,11,0.733333333333333,3,hold,0.000457482149653708,0.000447945986510089,0.00029867993250443,5.96044519866523e-05,2.37554393379872e-06,1.53789897638242e-17,0.475922610458784,0.826949927036454,0.426985791187955,0.877901008849271,0.877611444598943,0.100411852506158,0.1004178374996,0.000289564250328411,5.98499344159412e-06,15,4,0.0275460755007557,0.0586901104610713,1.2,0.075
214,11,0.733333333333333,3,hold,0.000425008185882022,8.69530553873699e-05,0.000796948996246833,7.41556513024844e-05,5.10285443152102e-06,9.22739385829454e-17,0.346650213567297,0.795053222141458,0.795933386278775,0.681762959680289,0.681541722369365,0.165529707108047,0.165541982071287,0.000221237310923794,1.22749632405067e-05,15,4,0.020516921605196,0.0412266981122142,1.2,0.075
215,11,0.733333333333333,3,hold,4.97308013066805e-07,8.81043354354711e-07,4.96755854717539e-07,4.81928351568433e-07,6.6178157130471e-09,1.53789897638242e-17,0.367498499590801,0.814355263529689,0.803430449535384,0.671851603400335,0.671851911616536,0.265000055317202,0.265000183028242,-3.08216200362033e-07,1.27711039824563e-07,15,4,0.0151360886093141,0.0273171943125492,1.2,0.075
216,11,0.733333333333333,3,hold,0.00631474169660489,0.00290343356629879,0.00190653308328333,7.88733650891213e-06,4.13713012962208e-06,7.68949488191212e-17,0.21248965579976,0.399212780743295,1.58980628706112,0.156581993778038,0.156225963601623,0.216106548354719,0.216107710668869,0.000356030176414429,1.16231414991619e-06,15,4,0.0262037329471077,0.0588722989444168,1.2,0.075
217,11,0.733333333333333,3,hold,0.000325442270263833,0.000109921142088112,0.00031615204419671,4.60077942774576e-06,1.35257954003171e-07,6.15159590552969e-17,0.87769764680183,0.527758724342809,1.86973179836794,0.558761089332419,0.558626188619851,0.318922478952306,0.318921011660326,0.000134900712568087,-1.46729198020945e-06,15,4,0.0145010995482798,0.0242306134848208,1.2,0.075
218,11,0.733333333333333,3,hold,0.00239527725710747,0.0022279115954633,0.000413172850458597,6.27037118750957e-06,4.5445608829234e-07,1.0765292834677e-16,1.28187258926011,1.57597060211329,1.52178154867667,0.146218936441215,0.146179210920955,0.292320984446793,0.292319410881648,3.97255202595231e-05,-1.57356514530305e-06,15,4,0.0249676982818853,0.0359895801844505,1.2,0.075
219,11,0.733333333333333,3,hold,0.00135098852582878,0.00328287303704247,0.000672638409574326,0.000125157539607791,2.07333880639608e-06,7.68949488191212e-17,0.218229251395865,0.654743293935935,1.37432208322617,0.461157313678703,0.461780331918085,0.372060742316786,0.372014176109693,-0.000623018239381951,-4.65662070930173e-05,15,4,0.0414558938540318,0.0221788936241065,1.2,0.075
220,11,0.733333333333333,3,hold,0.000369272450190812,0.000482462702636972,0.000428988692172163,1.77803299961024e-05,1.30596741765599e-06,3.07579795276485e-17,0.231017988596747,0.222370573115582,1.44966999430115,0.586445663686348,0.586486823613877,0.295769837435661,0.295764582468227,-4.11599275287222e-05,-5.25496743429221e-06,15,4,0.0184605665780594,0.0320767567973288,1.2,0.075
221,11,0.733333333333333,3,hold,0.000655954644388043,0.00025568691917572,0.000704957726472153,3.46929711910061e-05,2.12088183385517e-06,3.07579795276485e-17,0.77293344655976,1.2345135143447,0.689805288842449,0.738015782065594,0.737617447290692,0.283026254787943,0.283036073809647,0.000398334774901854,9.81902170365645e-06,15,4,0.0213499833819007,0.0289946008758735,1.2,0.075
222,11,0.733333333333333,3,hold,0.000211847228126079,0.000296695650310449,0.000161887453334242,0.000215884042055511,2.93789733526007e-06,1.0765292834677e-16,0.480581190969751,0.814535577412265,0.89316304916008,0.801946616316538,0.801784726475095,0.127610715870478,0.12763826498763,0.000161889841441998,2.75491171517162e-05,15,4,0.0181208107365907,0.0344291748487771,1.2,0.075
223,11,0.733333333333333,3,hold,0.000153128846486543,0.000121153296398263,5.121296653795e-05,2.90928434269507e-05,2.72552315401648e-06,1.53789897638242e-17,0.852891022281324,0.69104705246749,1.3165100601141,0.632060586432679,0.632148617864983,0.201791595977773,0.20179746666908,-8.8031432304414e-05,5.87069130665585e-06,15,4,0.0324170844254756,0.0441846869827612,1.2,0.075
224,11,0.733333333333333,3,hold,8.45635073013444e-05,0.000133992424204049,7.87481200978122e-05,3.69060708853483e-05,6.83268226670233e-07,4.61369692914727e-17,0.0187264571257363,0.393905549054368,0.596118721977804,0.760689061416779,0.760634000091512,0.244656261056251,0.244665290357564,5.50613252672472e-05,9.02930131308627e-06,15,4,0.0114559208883254,0.0240211526366911,1.2,0.075
225,11,0.733333333333333,3,hold,0.00072770907163537,0.00036199183593564,0.00086757807393646,3.7692339190121e-05,3.21034182630018e-06,1.53789897638242e-17,0.254122736659354,0.659879138075636,0.635797700870744,0.725609222550927,0.725326004671238,0.172023192714899,0.172029661924882,0.000283217879689368,6.46920998278788e-06,15,4,0.0230247071098919,0.0394438392349201,1.2,0.075
226,11,0.733333333333333,3,hold,0.000288974297174513,0.000423565371566534,0.00029511691461101,2.2390717265192e-05,6.58261274198916e-06,1.0765292834677e-16,0.137377289794307,0.531558817558726,0.476090476247056,0.837273536419524,0.83706400506416,0.168594883550908,0.168595122611549,0.000209531355364556,2.39060640710165e-07,15,4,0.0250636924499734,0.0523848487316636,1.2,0.075
227,11,0.733333333333333,3,hold,0.00044232327612397,0.00114482990843025,0.000674475401486744,0.000115085373142462,7.8677153190821e-06,7.68949488191212e-17,0.100633318188907,0.235989791666533,2.06413799726477,0.308218127530065,0.308137036064352,0.240225951759146,0.240253598252443,8.1091465712807e-05,2.76464932967044e-05,15,4,0.0232429086681982,0.0268404530375843,1.2,0.075
228,11,0.733333333333333,3,hold,0.000257253231627517,0.00331654477107416,0.000284179097767719,0.000283597489582687,7.05315854928965e-06,6.15159590552969e-17,0.0470171742134381,0.157400487711952,0.736058889241918,0.742183906208832,0.742303335953084,0.161290663230163,0.161336404857348,-0.000119429744252464,4.57416271852007e-05,15,4,0.03528690863001,0.0739439259765668,1.2,0.075
229,11,0.733333333333333,3,hold,0.00522533442363245,0.00121025004659535,0.00060029177438132,7.35779304415769e-05,4.06643504579153e-06,4.61369692914727e-17,0.676016108075448,0.374053343354514,1.64403466833734,0.0990911771698831,0.0995042744821985,0.227882831395344,0.227899598542461,-0.000413097312315387,1.67671471172362e-05,15,4,0.0197903902540167,0.0396132437144412,1.2,0.075
230,11,0.733333333333333,3,hold,0.00157210543389159,0.00397016244817057,0.0013630046895019,0.00076710105268691,5.03900442611681e-06,0,0.232943542913016,0.644920691062285,1.0293874671456,0.498399411226855,0.49917400789389,0.106980165891947,0.106898101294074,-0.000774596667035532,-8.20645978723325e-05,15,4,0.0334201369818217,0.0771229251272345,1.2,0.075
201,11,0.733333333333333,3,kalman,0.000129276372490358,0.000345565010110604,0.000556362767854571,0.00013914925916557,8.82445811822441e-07,6.15159590552969e-17,0.25557148320689,0.666090605865149,0.819575480331259,0.620693149044389,0.620740206969793,0.258778912046596,0.258742903152697,-4.7057925403593e-05,-3.60088938989561e-05,15,4,0.0152205647190345,0.0257641364689922,1.2,0.075
202,11,0.733333333333333,3,kalman,0.0033240483445458,0.00386989120156328,0.000123058850926493,6.08232566556033e-05,5.45673317054198e-06,1.0765292834677e-16,0.954910446576789,1.09243304719506,1.40398580570812,0.17626288281515,0.176818963750522,0.249674859863663,0.249690045901745,-0.000556080935372022,1.51860380819394e-05,15,4,0.042000085610543,0.0273822504283685,1.2,0.075
203,11,0.733333333333333,3,kalman,9.28236777721398e-05,0.000360906771317847,0.000102631680758429,2.01975133529702e-05,7.06671811655278e-07,4.61369692914727e-17,1.13021071993499,1.84034250438247,0.570106228805443,0.694313455999715,0.694321072194459,0.261111678473756,0.261106404667143,-7.61619474342057e-06,-5.27380661259014e-06,15,4,0.0105188378538534,0.0225274790676124,1.2,0.075
204,11,0.733333333333333,3,kalman,0.000705195262605743,0.000271041350695808,0.000461690388643897,6.37506966047279e-06,2.04336835963016e-06,4.61369692914727e-17,0.298595157470872,0.216024150432685,0.863822694945745,0.533801005851824,0.533587427331472,0.240096863138432,0.240095332504204,0.000213578520351443,-1.5306342277685e-06,15,4,0.0114847139220917,0.0248096570438237,1.2,0.075
205,11,0.733333333333333,3,kalman,0.00394358292821945,0.00257355820341771,0.000898748235868457,1.02423895808124e-05,2.0260879844376e-06,1.53789897638242e-17,1.80254143335273,2.13761783404135,1.42295636802047,0.136995243919555,0.137189843858524,0.296450525700453,0.296449237494185,-0.000194599938969342,-1.28820626779269e-06,15,4,0.0217062086672801,0.0225642507287076,1.2,0.075
206,11,0.733333333333333,3,kalman,0.000379284456562351,0.00018179506318719,0.000200739604132075,2.05028716753475e-05,1.06034099475702e-06,3.07579795276485e-17,0.04846478272555,0.46096478286343,0.681520121768915,0.72361969022792,0.723680844069382,0.302162977540476,0.302156782331723,-6.11538414616253e-05,-6.19520875355328e-06,15,4,0.0143253101929245,0.021173224795259,1.2,0.075
207,11,0.733333333333333,3,kalman,0.00175134712799253,0.00326907125783409,0.00107349332968739,0.000220754072109138,5.87725652832283e-06,1.53789897638242e-17,0.191292176299895,0.600070457410431,0.927345606961518,0.623359293638833,0.624238935099467,0.298332136200445,0.298266278166538,-0.000879641460634462,-6.58580339072662e-05,15,4,0.0320179481109324,0.0246542211871601,1.2,0.075
208,11,0.733333333333333,3,kalman,6.3135615971748e-05,4.25564547246956e-05,4.31038470320575e-05,2.15827846898353e-06,5.37515022957655e-07,3.07579795276485e-17,0.15032269383361,0.308924910278861,0.808098560860586,0.644415252193399,0.644431386208445,0.190835332843205,0.190835744267072,-1.61340150455769e-05,4.11423866378824e-07,15,4,0.0123449096917892,0.0253607859640841,1.2,0.075
209,11,0.733333333333333,3,kalman,0.000330518698583232,1.20638143828849e-05,0.000276123393497212,1.31923618018687e-06,2.38458650254858e-07,1.53789897638242e-17,0.206873065784184,0.617661090603666,1.49939202166547,0.45309531219948,0.452945707919292,0.315831528002895,0.315831111346517,0.000149604280188231,-4.16656378585123e-07,15,4,0.0215344143980669,0.0240722831699243,1.2,0.075
210,11,0.733333333333333,3,kalman,0.00169321633749298,0.00122305896730621,0.00165219629164024,0.00109970317458406,4.49368359817799e-05,6.15159590552969e-17,0.0963187439811395,0.463678548975432,0.509870952839257,0.917012090141554,0.915501446925162,0.128586127536565,0.128727534109225,0.00151064321639197,0.000141406572659431,15,4,0.0975576329647727,0.0735967530775338,1.2,0.075
211,11,0.733333333333333,3,kalman,0.000184562655826824,0.000671492167742894,0.000249625051346479,1.92638707004771e-05,7.52774364137209e-07,9.22739385829454e-17,0.0554680189691077,0.246717993752468,1.04191879793788,0.525657698099271,0.525640885903142,0.223211936444947,0.223216233279054,1.68121961293011e-05,4.29683410651666e-06,15,4,0.0125827936009311,0.024656818607816,1.2,0.075
212,11,0.733333333333333,3,kalman,0.000210529529290076,0.00027796638436988,3.4054641556027e-05,3.66179633860277e-06,2.91143695889041e-07,1.0765292834677e-16,1.47637279969279,1.66594810589026,1.28398289220171,0.259447564694493,0.259395236128187,0.272627447831763,0.272626476345541,5.23285663056872e-05,-9.71486221993389e-07,15,4,0.0151999873261307,0.023309740295979,1.2,0.075
213,11,0.733333333333333,3,kalman,0.000313569515709255,0.000280919443073013,0.000187835579439376,3.20659274749509e-05,2.794333968027e-06,1.53789897638242e-17,0.476155229035925,0.82690267234125,0.426600827158777,0.877901008849271,0.877764685773111,0.100411852506158,0.100413943520448,0.00013632307616056,2.0910142894047e-06,15,4,0.017131251316762,0.0305421825935532,1.2,0.075
214,11,0.733333333333333,3,kalman,0.000432430627071147,0.000446596966603894,0.000547581313566224,0.000104171058871982,4.14104241566421e-06,7.68949488191212e-17,0.346680010598924,0.803545541299395,0.794546246703521,0.681762959680289,0.681943072694864,0.165529707108047,0.16554618133465,-0.00018011301457479,1.64742266029369e-05,15,4,0.0131388641047999,0.026781514994096,1.2,0.075
215,11,0.733333333333333,3,kalman,1.25975705535602e-06,4.57151947401725e-06,2.80355324176907e-06,4.53626307033037e-07,2.17945696094751e-08,0,0.3674263693949,0.814278711270414,0.803419688307285,0.671851603400335,0.671852186321818,0.265000055317202,0.265000175528199,-5.82921482861209e-07,1.20210996457093e-07,15,4,0.0216075001344573,0.0268224559605335,1.2,0.075
216,11,0.733333333333333,3,kalman,0.0102081039307252,0.00481072806659171,0.00148808673059774,0.000131837154181726,5.72031169570006e-06,3.07579795276485e-17,0.211411357175191,0.400673709475777,1.58995852002374,0.156581993778038,0.155095240786685,0.216106548354719,0.216135039227054,0.00148675299135232,2.84908723351218e-05,15,4,0.038296482555444,0.0280038598094423,1.2,0.075
217,11,0.733333333333333,3,kalman,0.000615017139856916,0.000143117949268311,0.000595716789652948,8.12488207267943e-06,3.39256695866194e-07,3.07579795276485e-17,0.874154872705746,0.527739830258874,1.86688619560017,0.558761089332419,0.558950116703677,0.318922478952306,0.318919887744775,-0.000189027371258443,-2.59120753181408e-06,15,4,0.0138061866225805,0.0235196704654927,1.2,0.075
218,11,0.733333333333333,3,kalman,0.00157608750847397,0.000481735075411298,0.000400267194781552,1.30993222177985e-06,9.257437875324e-08,3.07579795276485e-17,1.28082943756631,1.57591741782498,1.5215812899511,0.146218936441215,0.1462267793477,0.292320984446793,0.292321338919484,-7.84290648499775e-06,3.54472691370677e-07,15,4,0.0191311084062348,0.0230261860983614,1.2,0.075
219,11,0.733333333333333,3,kalman,0.00196527461719714,0.00392436310173561,0.00116410145905917,0.000139008674281803,2.12969321563635e-06,1.0765292834677e-16,0.216854144482634,0.65435236482192,1.37366961697779,0.461157313678703,0.46206361444181,0.372060742316786,0.372009022646244,-0.000906300763107576,-5.171967054176e-05,15,4,0.0599172127781805,0.0263982970166694,1.2,0.075
220,11,0.733333333333333,3,kalman,0.000221773250670789,0.000778289304350659,0.000275312180387116,1.13473852616664e-05,1.32937028380066e-06,9.22739385829454e-17,0.232427123930823,0.222372679746666,1.45062381200761,0.586445663686348,0.586505258239046,0.295769837435661,0.295773163677617,-5.95945526974173e-05,3.32624195545528e-06,15,4,0.0125647998584903,0.0253070663826888,1.2,0.075
221,11,0.733333333333333,3,kalman,0.000338142234521938,0.000289917300514403,0.00033716090005399,2.40913922044873e-05,1.11197722647642e-06,1.53789897638242e-17,0.773073352110914,1.23456170248566,0.689045769606462,0.738015782065594,0.73823393603179,0.283026254787943,0.283019436291435,-0.000218153966195223,-6.81849650826349e-06,15,4,0.0186201924308622,0.0245244749569706,1.2,0.075
222,11,0.733333333333333,3,kalman,0.000171968187648445,0.000335392476736973,0.000285301929708095,0.000122095776434417,4.60470295857297e-06,6.15159590552969e-17,0.480581190969751,0.814611233279978,0.893764758882903,0.801946616316538,0.801828939221332,0.127610715870478,0.127595135141042,0.000117677095205304,-1.55807294355578e-05,15,4,0.013079305653542,0.0271743054374411,1.2,0.075
223,11,0.733333333333333,3,kalman,0.00140056891718551,0.000378890168653545,0.000334362286933157,0.000212699619013515,1.36096403814597e-05,4.61369692914727e-17,0.829043019379899,0.684050628116422,1.29816089301244,0.632060586432679,0.632938671654525,0.201791595977773,0.201834516973358,-0.000878085221846681,4.29209955846016e-05,15,4,0.0822371687261319,0.0405451660772878,1.2,0.075
224,11,0.733333333333333,3,kalman,2.54899402587155e-05,4.8574434654294e-05,2.40135294354675e-05,9.12835605399334e-06,5.64541124050823e-07,3.07579795276485e-17,0.0187279676070331,0.393915782836701,0.595968907477236,0.760689061416779,0.760706098841634,0.244656261056251,0.244658494365713,-1.70374248551375e-05,2.2333094617602e-06,15,4,0.00987576610804724,0.0221910536564507,1.2,0.075
225,11,0.733333333333333,3,kalman,0.00022787217721078,0.00016008302341663,0.000273423777148609,8.21855638729545e-06,1.01753456716129e-06,3.07579795276485e-17,0.254108058726477,0.659867974416666,0.635475450554631,0.725609222550927,0.725580077737849,0.172023192714899,0.172021931857741,2.91448130776639e-05,-1.26085715800112e-06,15,4,0.0124667558397805,0.0262331507800329,1.2,0.075
226,11,0.733333333333333,3,kalman,2.15009067948327e-05,0.000782623378527912,3.46961452964522e-05,0.000277962307014849,8.76840131091672e-07,9.22739385829454e-17,0.137378965238802,0.531583152050685,0.474833798160611,0.837273536419524,0.837291422848808,0.168594883550908,0.168548020528125,-1.78864292832759e-05,-4.68630227827102e-05,15,4,0.0139978297932353,0.0268200267352912,1.2,0.075
227,11,0.733333333333333,3,kalman,0.00224934538491826,0.00253157877415692,0.000530544855281137,0.000198134619328082,5.32621245756887e-06,7.68949488191212e-17,0.129757885908999,0.218412214009163,2.0651225940732,0.308218127530065,0.30758715853941,0.240225951759146,0.240178354681642,0.000630968990654546,-4.75970775045245e-05,15,4,0.047379214127135,0.0246151819873619,1.2,0.075
228,11,0.733333333333333,3,kalman,0.000302441147185705,0.00326317524496485,0.000326184527722275,0.000117107542598982,1.61641018340003e-06,9.22739385829454e-17,0.0470191417423693,0.157375903796615,0.735987007495802,0.742183906208832,0.742398879105145,0.161290663230163,0.161285402789071,-0.000214972896313248,-5.26044109124185e-06,15,4,0.0190276524057576,0.0315245044244947,1.2,0.075
229,11,0.733333333333333,3,kalman,0.00268646774242308,0.00510528588167942,0.000273757195564475,0.000149223971682424,2.22917722634483e-06,6.15159590552969e-17,0.67601385915378,0.37392780844043,1.64422533361697,0.0990911771698831,0.0993146917125685,0.227882831395344,0.227916836976523,-0.000223514542685428,3.40055811790493e-05,15,4,0.0257454610553598,0.0253258559347191,1.2,0.075
230,11,0.733333333333333,3,kalman,0.00336568390331582,0.000966265022561293,0.00542906041534733,7.70402485731782e-05,9.75023639909943e-06,0,0.232943542913035,0.644741764188544,1.03226314903882,0.498399411226855,0.497070530593517,0.106980165891947,0.106988031032108,0.00132888063333715,7.86514016143908e-06,15,4,0.0172575852303391,0.027526117349705,1.2,0.075
201,11,0.733333333333333,3,kalman-gm,0.000757699203001156,0.000834385824859863,0.000321380854943099,7.04388123523418e-05,1.8865383379908e-06,7.68949488191212e-17,0.255571492299846,0.666098012229575,0.81995191201149,0.620693149044389,0.621163447748728,0.258778912046596,0.258797140125823,-0.000470298704339211,1.82280792263934e-05,15,4,0.0130565505117212,0.0147213406323412,1.2,0.075
202,11,0.733333333333333,3,kalman-gm,0.00249269564581321,0.00993369955989166,0.000413763024927288,0.000195629289314462,1.75465346696707e-06,6.15159590552969e-17,0.954910446256016,1.09231968475609,1.40491611811518,0.17626288281515,0.176178650707782,0.249674859863663,0.249723703579058,8.42321073678404e-05,4.88437153948162e-05,15,4,0.0427161210943808,0.0192303347600147,1.2,0.075
203,11,0.733333333333333,3,kalman-gm,0.000182990063390941,0.00039492368392197,0.000232790857154792,2.09805751234652e-06,1.25590707900141e-06,3.07579795276485e-17,1.13019264544219,1.84036823254565,0.570558537787562,0.694313455999715,0.694192705682038,0.261111678473756,0.261112067013915,0.000120750317677165,3.88540158838824e-07,15,4,0.00745827129898771,0.0141857898821183,1.2,0.075
204,11,0.733333333333333,3,kalman-gm,0.00103760520326078,0.00254592194674823,0.000260759731973531,7.73139280645145e-05,1.17128914087351e-06,7.68949488191212e-17,0.299002253020407,0.216196535582273,0.863836475257238,0.533801005851824,0.533602290342722,0.240096863138432,0.240078521051418,0.000198715509101799,-1.83420870136383e-05,15,4,0.00948439718638293,0.0165925314539619,1.2,0.075
205,11,0.733333333333333,3,kalman-gm,0.00515992738538732,0.00222164863674186,0.00139841047278019,2.69868411356746e-05,6.16417848128837e-06,3.07579795276485e-17,1.80254143335272,2.137602995194,1.42361908504848,0.136995243919555,0.136671935833625,0.296450525700453,0.296458525963695,0.000323308085929427,8.00026324166536e-06,15,4,0.0143591925327945,0.0165692285473265,1.2,0.075
206,11,0.733333333333333,3,kalman-gm,0.000176253840787924,9.56886553093494e-06,0.000113518290294378,2.97189690689942e-06,9.4822787262112e-07,1.53789897638242e-17,0.0484647827407386,0.460964782863681,0.68141086596497,0.72361969022792,0.723701668673695,0.302162977540476,0.302162079543258,-8.1978445774944e-05,-8.97997218332058e-07,15,4,0.011689619601219,0.013649509792552,1.2,0.075
207,11,0.733333333333333,3,kalman-gm,0.00148813833262321,0.00328910172813879,0.000833779722993855,0.000204771822925656,5.80618290766155e-06,3.07579795276485e-17,0.191290256536764,0.600070091030586,0.927453595035042,0.623359293638833,0.624140201599786,0.298332136200445,0.298271046185078,-0.000780907960953581,-6.10900153670702e-05,15,4,0.0286009994857077,0.0144429433146955,1.2,0.075
208,11,0.733333333333333,3,kalman-gm,5.40314714490692e-05,6.53703879026805e-05,3.88694761007002e-05,9.89059393703872e-06,4.21230892206926e-07,4.61369692914727e-17,0.150510743417414,0.308939837707117,0.808200424194822,0.644415252193399,0.644422046662177,0.190835332843205,0.190837220317991,-6.79446877825951e-06,1.88747478599177e-06,15,4,0.00808637156350109,0.0152821095014808,1.2,0.075
209,11,0.733333333333333,3,kalman-gm,0.00338030170693688,0.000121667335497986,0.000952937129654397,1.51066181731799e-05,7.04936607785953e-06,1.53789897638242e-17,0.206873571610749,0.617659005531858,1.49733111616028,0.45309531219948,0.451563937059771,0.315831528002895,0.315836299149196,0.00153137513970908,4.77114630059172e-06,15,4,0.0201358315737975,0.0133591248189926,1.2,0.075
210,11,0.733333333333333,3,kalman-gm,0.00160810880608533,0.00133774662660781,0.00132049391685723,0.000601856861892762,5.74710410913683e-05,9.22739385829454e-17,0.0972845329035148,0.461509095410838,0.507404936233648,0.917012090141554,0.915537434924111,0.128586127536565,0.128652744539764,0.00147465521744334,6.66170031989957e-05,15,4,0.10390609101224,0.187629547443724,1.2,0.075
211,11,0.733333333333333,3,kalman-gm,0.000390940630688359,0.000213359537330287,0.00047704506388807,2.81497381391713e-05,3.14413394502624e-06,6.15159590552969e-17,0.052849363228719,0.246872311731817,1.04176019655779,0.525657698099271,0.525737401314813,0.223211936444947,0.223218219802508,-7.97032155413602e-05,6.28335756046261e-06,15,4,0.0084855881070415,0.0173836171989676,1.2,0.075
212,11,0.733333333333333,3,kalman-gm,0.00038070469708431,0.00128676919578613,0.000153300518663814,2.78437590694599e-05,5.75949529017058e-07,9.22739385829454e-17,1.47637299281701,1.66579437195499,1.28400677655332,0.259447564694493,0.259352543230312,0.272627447831763,0.272620283726842,9.50214641805891e-05,-7.16410492167752e-06,15,4,0.0158628517412844,0.0132033966191516,1.2,0.075
213,11,0.733333333333333,3,kalman-gm,0.000348199942464655,0.000254251846183826,0.000267607405278279,2.93599238249371e-05,3.1286000984475e-06,0,0.476428963541168,0.826916599033605,0.426792790988056,0.877901008849271,0.87766401502045,0.100411852506158,0.100413256429925,0.000236993828821364,1.40392376666895e-06,15,4,0.0148151838325477,0.0284110131153863,1.2,0.075
214,11,0.733333333333333,3,kalman-gm,0.000156330201742119,5.03361368430165e-05,0.000181908008651977,5.16978060947772e-06,7.59505047052308e-07,7.68949488191212e-17,0.346682256889478,0.794905794342752,0.795060283281433,0.681762959680289,0.681814147165046,0.165529707108047,0.165528865212311,-5.11874847565985e-05,-8.41895735727016e-07,15,4,0.010170889494435,0.0175117177817201,1.2,0.075
215,11,0.733333333333333,3,kalman-gm,7.84903854447279e-07,1.52311751527639e-06,6.42636626934927e-07,1.23209720576166e-06,1.2098353808599e-08,1.53789897638242e-17,0.367502006515643,0.814366002305365,0.803430698369684,0.671851603400335,0.671851446648987,0.265000055317202,0.264999728849474,1.5675134855675e-07,-3.2646772804068e-07,15,4,0.0122639961419925,0.0160301834753209,1.2,0.075
216,11,0.733333333333333,3,kalman-gm,0.00650794841209649,0.00324491093095607,0.000848636548854168,7.69345992036145e-05,3.14889425529467e-06,6.15159590552969e-17,0.211927339240619,0.399849857336282,1.58952541760928,0.156581993778038,0.155625437799539,0.216106548354719,0.216123174425402,0.000956555978499168,1.66260706829469e-05,15,4,0.0240158862707157,0.0246128842046334,1.2,0.075
217,11,0.733333333333333,3,kalman-gm,0.000622907332365451,0.000127996939931825,0.00060928247038894,2.88604847440433e-06,1.67665220259701e-07,4.61369692914727e-17,0.873879187799546,0.527409860744413,1.86670278959465,0.558761089332419,0.559011423958929,0.318922478952306,0.318921563909083,-0.000250334626509996,-9.15043223356227e-07,15,4,0.00869690844668478,0.0117194322172489,1.2,0.075
218,11,0.733333333333333,3,kalman-gm,0.00107536281683953,0.000358398964462314,0.00027179497337342,3.538045713422e-07,9.91528572593449e-08,7.68949488191212e-17,1.28246249197227,1.57686417970238,1.52166170444481,0.146218936441215,0.146275032994208,0.292320984446793,0.292320964037376,-5.60965529930957e-05,-2.04094170325186e-08,15,4,0.0150553928850745,0.0136711964469001,1.2,0.075
219,11,0.733333333333333,3,kalman-gm,0.00129412963244846,0.00347453454806583,0.000716093316201468,0.0001206278488781,1.56621788300864e-06,9.22739385829454e-17,0.217206512973707,0.6544458188762,1.3738048550835,0.461157313678703,0.461754111023555,0.372060742316786,0.372015861429788,-0.00059679734485194,-4.4880886997663e-05,15,4,0.0466701135531262,0.0144122799415358,1.2,0.075
220,11,0.733333333333333,3,kalman-gm,0.000837170879183016,0.000186063061644276,0.000293975126080906,1.35879432667698e-05,4.81289093636165e-06,7.68949488191212e-17,0.231156108244233,0.222370328306113,1.45120965798687,0.586445663686348,0.58693661891821,0.295769837435661,0.29576581853189,-0.000490955231861368,-4.01890377109748e-06,15,4,0.0129542958283309,0.0151332509958251,1.2,0.075
221,11,0.733333333333333,3,kalman-gm,0.000131504370423572,4.96225784268432e-05,9.81915858152025e-05,6.58906884679114e-07,2.19242487262874e-07,1.53789897638242e-17,0.773060388652666,1.23462592268827,0.689217201143189,0.738015782065594,0.7380825173258,0.283026254787943,0.283026276815223,-6.67352602050753e-05,2.20272801837451e-08,15,4,0.0138598504582967,0.0137660740651087,1.2,0.075
222,11,0.733333333333333,3,kalman-gm,0.000153486733157229,5.53309667068999e-05,0.000188701898721014,1.29764315041067e-05,1.43627247866597e-06,7.68949488191212e-17,0.480581190969751,0.814454386847219,0.89349976656631,0.801946616316538,0.801823564262317,0.127610715870478,0.127609059938764,0.000123052054220552,-1.65593171368328e-06,15,4,0.0108685697549765,0.0156168497003797,1.2,0.075
223,11,0.733333333333333,3,kalman-gm,0.00163906103353712,0.000468566065828042,0.000300749595412723,0.000122297083424665,6.1802768866857e-06,3.07579795276485e-17,0.829045792600884,0.684700239655882,1.29901406677678,0.632060586432679,0.633089568624811,0.201791595977773,0.201816274501421,-0.00102898219213254,2.46785236476901e-05,15,4,0.0644423318999458,0.0573215040018451,1.2,0.075
224,11,0.733333333333333,3,kalman-gm,3.55389862757302e-05,8.4858149760396e-05,3.39718588368824e-05,1.84414183680336e-05,6.0672190658967e-07,1.53789897638242e-17,0.0187260064628349,0.393902263894439,0.59596503749591,0.760689061416779,0.760713010549756,0.244656261056251,0.244660772864718,-2.39491329766417e-05,4.51180846649718e-06,15,4,0.00628083676815498,0.0132147812315848,1.2,0.075
225,11,0.733333333333333,3,kalman-gm,0.000594309387445071,0.000295652859624688,0.000721652598886659,1.4444619549848e-05,2.09141796246296e-06,4.61369692914727e-17,0.254122712381551,0.659876433921808,0.63558165772754,0.725609222550927,0.725474917892884,0.172023192714899,0.172025663224689,0.000134304658043205,2.4705097898467e-06,15,4,0.011135613725201,0.0172596187812579,1.2,0.075
226,11,0.733333333333333,3,kalman-gm,5.37706203678038e-05,0.00041797396254306,4.61173830009373e-05,0.000104026139387655,9.48606947087664e-07,1.0765292834677e-16,0.137378395177382,0.531576282248889,0.475089828431279,0.837273536419524,0.837244001821845,0.168594883550908,0.168577465973744,2.95345976796368e-05,-1.74175771636706e-05,15,4,0.0126871766051519,0.0179113654491501,1.2,0.075
227,11,0.733333333333333,3,kalman-gm,0.000994350596690166,0.00340131635271717,0.000482780982710115,0.000443813797337904,7.71344919473822e-06,7.68949488191212e-17,0.122649958158472,0.218708976169323,2.06384913263839,0.308218127530065,0.308000772735174,0.240225951759146,0.240119336167277,0.00021735479489069,-0.000106615591869339,15,4,0.0402334039430772,0.0154036338431709,1.2,0.075
228,11,0.733333333333333,3,kalman-gm,0.000319481280946857,0.00346220857048708,0.000369528899843016,0.000238117882892509,5.23872016378164e-06,9.22739385829454e-17,0.0474134194391715,0.157412367126578,0.736122773283199,0.742183906208832,0.742294950629487,0.161290663230163,0.161329069421421,-0.000111044420654882,3.8406191258695e-05,15,4,0.0199378141236628,0.0292665733283952,1.2,0.075
229,11,0.733333333333333,3,kalman-gm,0.00425977576064267,0.00135549895486542,0.000287588684741422,2.63978265375154e-05,2.80971620680429e-06,3.07579795276485e-17,0.676014177910739,0.374020307467023,1.64410012216392,0.0990911771698831,0.099493759292709,0.227882831395344,0.227888847006798,-0.00040258212282591,6.01561145405216e-06,15,4,0.0173132970880464,0.0178963936308723,1.2,0.075
230,11,0.733333333333333,3,kalman-gm,0.00193355386029273,0.00043656313277092,0.00281576382822178,5.28983370965112e-05,5.90025149249214e-06,0,0.232943542913022,0.644779213088899,1.03119423355948,0.498399411226855,0.497985960090182,0.106980165891947,0.106985824964825,0.000413451136672233,5.65907287799289e-06,15,4,0.0209734323880198,0.0310770958700397,1.2,0.075
201,11,0.733333333333333,3,mean,0.000125036120494274,0.000344857200795669,0.000565535058707864,0.000139966023607593,8.89829560119878e-07,6.15159590552969e-17,0.255571486779194,0.666090564238995,0.819561114509484,0.620693149044389,0.620737533223613,0.258778912046596,0.258742691791284,-4.43841792240773e-05,-3.62202553126612e-05,15,4,0.0152205886595969,0.0257641364689922,1.2,0.075
202,11,0.733333333333333,3,mean,0.00340586098149779,0.00386117501996398,0.000114494275313031,6.12153287918738e-05,5.50458178937663e-06,9.22739385829454e-17,0.954910446544028,1.09243243228545,1.4039475018905,0.17626288281515,0.176845252467512,0.249674859863663,0.2496901437923,-0.000582369652361686,1.52839286376191e-05,15,4,0.0420005594658739,0.0273822504283685,1.2,0.075
203,11,0.733333333333333,3,mean,9.18992839002656e-05,0.000351344654532714,0.000101205566085697,1.71392456142734e-05,7.28597398663162e-07,6.15159590552969e-17,1.13020548180312,1.84033818189096,0.570112927253735,0.694313455999715,0.694318431822546,0.261111678473756,0.261107203216566,-4.97582283048859e-06,-4.47525719011688e-06,15,4,0.0105189637933009,0.0225300966194792,1.2,0.075
204,11,0.733333333333333,3,mean,0.000646655487297002,0.000273075916553524,0.00041039240428474,5.65032799642251e-06,1.93059608993463e-06,6.15159590552969e-17,0.298835212280519,0.216023154611835,0.863850252876794,0.533801005851824,0.533562042810293,0.240096863138432,0.240095510413688,0.000238963041530549,-1.35272474343806e-06,15,4,0.0114843559272299,0.0248096570438237,1.2,0.075
205,11,0.733333333333333,3,mean,0.0039750400090659,0.0025666661793467,0.000905723601044731,9.86436826575019e-06,2.05691200297227e-06,1.53789897638242e-17,1.80254143335282,2.13761653859301,1.42296255369154,0.136995243919555,0.137185620947317,0.296450525700453,0.296449502331273,-0.000190377027762081,-1.02336917972012e-06,15,4,0.0217061706516578,0.0225642474476713,1.2,0.075
206,11,0.733333333333333,3,mean,0.000387583534394458,0.000212734710056256,0.000198885966867905,2.39646225074825e-05,1.02048204327774e-06,1.53789897638242e-17,0.0484647827233174,0.46096478286338,0.681524594266038,0.72361969022792,0.723680903985691,0.302162977540476,0.302155736318784,-6.12137577699401e-05,-7.24122169249442e-06,15,4,0.0143253196205367,0.021173224795215,1.2,0.075
207,11,0.733333333333333,3,mean,0.0017528176547651,0.00327131384230428,0.00107279791085989,0.000220577421013466,5.8419121247408e-06,1.53789897638242e-17,0.19129110927191,0.600070449419731,0.927337967398911,0.623359293638833,0.624244091731371,0.298332136200445,0.298266330867237,-0.000884798092538619,-6.58053332085323e-05,15,4,0.0320179755041898,0.0246548356454888,1.2,0.075
208,11,0.733333333333333,3,mean,5.53153373455508e-05,4.22913809525319e-05,3.84863419044451e-05,1.20330484898309e-06,3.68690008955777e-07,3.07579795276485e-17,0.150342916222624,0.308926166461123,0.808120757419696,0.644415252193399,0.644427394989522,0.190835332843205,0.190835259922374,-1.214279612336e-05,-7.29208308522522e-08,15,4,0.0123449104274222,0.0253564761450171,1.2,0.075
209,11,0.733333333333333,3,mean,0.000345309881359981,1.20981643783574e-05,0.000284629124704132,1.29283682786296e-06,2.367375799942e-07,1.53789897638242e-17,0.206873247962546,0.617661106386631,1.49937750927028,0.45309531219948,0.45293912265961,0.315831528002895,0.315831119684265,0.000156189539869717,-4.08318630802373e-07,15,4,0.0215344303488032,0.0240722831699243,1.2,0.075
210,11,0.733333333333333,3,mean,0.00168340571348865,0.001268839616047,0.0016361014512643,0.00108522180575399,4.44491345845972e-05,4.61369692914727e-17,0.0961903541189806,0.463681109048915,0.509979272928132,0.917012090141554,0.915511318829871,0.128586127536565,0.128725672006085,0.00150077131168278,0.000139544469520144,15,4,0.0975559950277655,0.0735958753067174,1.2,0.075
211,11,0.733333333333333,3,mean,0.00017195499166011,0.000681642319736931,0.000234183534564876,2.22651344871202e-05,6.92873618319982e-07,3.07579795276485e-17,0.0553607627249561,0.24673109853572,1.04191221219472,0.525657698099271,0.525646020581949,0.223211936444947,0.223216906288731,1.16775173221284e-05,4.96984378407728e-06,15,4,0.0125827043444522,0.0246568220827899,1.2,0.075
212,11,0.733333333333333,3,mean,0.000215262683309037,0.00021512813171264,3.43630862405386e-05,1.24813837173448e-06,3.06385725818439e-07,7.68949488191212e-17,1.47637297133228,1.66595296228988,1.28397792683671,0.259447564694493,0.259394101169281,0.272627447831763,0.272627268489884,5.34635252116833e-05,-1.79341879130157e-07,15,4,0.0152000527116455,0.0233105216927423,1.2,0.075
213,11,0.733333333333333,3,mean,0.000319711462627965,0.000281171640116421,0.00019020070735054,3.17836801441667e-05,2.94599106953435e-06,0,0.476177434953654,0.826903927684234,0.426613501013814,0.877901008849271,0.877754631100377,0.100411852506158,0.100413813459742,0.000146377748894355,1.96095358336451e-06,15,4,0.0171315133203623,0.0305475635380139,1.2,0.075
214,11,0.733333333333333,3,mean,0.000407218399885206,0.000453646954385752,0.000544817043458026,0.000110880256940784,3.73560798976109e-06,4.61369692914727e-17,0.34668290605188,0.803481282713828,0.794610321579562,0.681762959680289,0.681930871563665,0.165529707108047,0.165547589351086,-0.000167911883376104,1.78822430388098e-05,15,4,0.0131389543757754,0.0267815312039774,1.2,0.075
215,11,0.733333333333333,3,mean,1.24258346701652e-06,4.37337557330789e-06,2.7400722436777e-06,4.23481527693543e-07,2.15207745289461e-08,1.53789897638242e-17,0.367427981158626,0.814282764871792,0.803419943996659,0.671851603400335,0.671852191578619,0.265000055317202,0.26500016753983,-5.88178283844609e-07,1.12222628264602e-07,15,4,0.0216075006377577,0.0268224559605335,1.2,0.075
216,11,0.733333333333333,3,mean,0.0101029247863153,0.0047933109064118,0.00148062915679211,0.000130156914214558,5.70545357875869e-06,9.22739385829454e-17,0.211375724879491,0.400648808409505,1.58991317606822,0.156581993778038,0.155100021058311,0.216106548354719,0.216134676116195,0.00148197271972701,2.81277614754094e-05,15,4,0.0382964771238674,0.0280038598805477,1.2,0.075
217,11,0.733333333333333,3,mean,0.000543743144072244,0.000152553441766854,0.000526056131041365,8.78277672035191e-06,3.60808941267117e-07,7.68949488191212e-17,0.874514529854343,0.527752541607719,1.86716050405025,0.558761089332419,0.558905064615577,0.318922478952306,0.318919677927383,-0.000143975283158781,-2.80102492373924e-06,15,4,0.0138061890056531,0.0235196588451687,1.2,0.075
218,11,0.733333333333333,3,mean,0.00154941529756954,0.000622070147515939,0.000404278814685111,1.69333768198061e-06,7.96517940579441e-08,6.15159590552969e-17,1.28109093083177,1.5762511373177,1.52155536394034,0.146218936441215,0.146240384287543,0.292320984446793,0.292320508105781,-2.14478463276879e-05,-4.76341011985681e-07,15,4,0.0191311503403393,0.0230261863423236,1.2,0.075
219,11,0.733333333333333,3,mean,0.00196245086208724,0.00393259506773017,0.0011796935465885,0.000138777984106614,2.0729488433905e-06,1.0765292834677e-16,0.216659202371089,0.65433162096688,1.37352649756868,0.461157313678703,0.462062312246489,0.372060742316786,0.372009108477002,-0.000904998567786608,-5.16338397839339e-05,15,4,0.0599172428088146,0.0263985839768051,1.2,0.075
220,11,0.733333333333333,3,mean,0.000226045903129516,0.000790339669186218,0.000281501170427647,1.31207469526532e-05,1.33403928321221e-06,4.61369692914727e-17,0.232480298626882,0.222372642948518,1.45066284043677,0.586445663686348,0.586502344832553,0.295769837435661,0.295773694546701,-5.66811462046513e-05,3.85711103970954e-06,15,4,0.0125648164558034,0.0253069851828881,1.2,0.075
221,11,0.733333333333333,3,mean,0.000326291189501367,0.000280853047118881,0.000325309741234609,2.35122103844732e-05,1.11435389011809e-06,1.53789897638242e-17,0.773094864344981,1.23456435754522,0.689064439836962,0.738015782065594,0.738223347342665,0.283026254787943,0.283019600215096,-0.000207565277070465,-6.65457284690363e-06,15,4,0.0186202084045127,0.0245245191237871,1.2,0.075
222,11,0.733333333333333,3,mean,0.000169880152429143,0.000332617409844733,0.000267977780753179,0.000121054274747343,4.705147911332e-06,1.53789897638242e-17,0.480581190969751,0.814610718218152,0.893827920469249,0.801946616316538,0.801829039513806,0.127610715870478,0.127595268047818,0.000117576802731079,-1.54478226596899e-05,15,4,0.0130791925654427,0.0271743138206562,1.2,0.075
223,11,0.733333333333333,3,mean,0.00139653886048788,0.000360032310004727,0.000337164846309209,0.000209969085469039,1.35841340948457e-05,6.15159590552969e-17,0.829043019545378,0.68403789463825,1.29815276711051,0.632060586432679,0.632936143741641,0.201791595977773,0.201833965974636,-0.00087555730896286,4.23699968627908e-05,15,4,0.0822368931973102,0.0405451668280548,1.2,0.075
224,11,0.733333333333333,3,mean,2.51589680458336e-05,4.92347172669562e-05,2.40284151988951e-05,8.94814093594445e-06,5.77207372732567e-07,3.07579795276485e-17,0.0187263637335401,0.393904270439952,0.595972780801035,0.760689061416779,0.760706427508511,0.244656261056251,0.244658450274956,-1.73660917321738e-05,2.18921870479255e-06,15,4,0.00987577043899401,0.0221910536625622,1.2,0.075
225,11,0.733333333333333,3,mean,0.000217547200126807,0.000174451295555632,0.000265464532966935,8.22184640380463e-06,1.00295076959928e-06,6.15159590552969e-17,0.254106245941303,0.659867025989625,0.635461101536886,0.725609222550927,0.725593576224742,0.172023192714899,0.172021989436368,1.56463261851147e-05,-1.20327853151109e-06,15,4,0.0124669586114306,0.0262331505269446,1.2,0.075
226,11,0.733333333333333,3,mean,2.01831548645182e-05,0.000779186482484049,3.32791653317547e-05,0.000274615076132231,8.6156003836227e-07,1.0765292834677e-16,0.137378841765283,0.531583370466335,0.474837370479891,0.837273536419524,0.837290318549889,0.168594883550908,0.168548584854126,-1.67821303641236e-05,-4.62986967818371e-05,15,4,0.0139977811977799,0.0268200267352912,1.2,0.075
227,11,0.733333333333333,3,mean,0.00223084829876083,0.00253230703782637,0.000529993322386415,0.000197894435485378,5.27482360836044e-06,6.15159590552969e-17,0.129775849732328,0.218414238418237,2.0651273521384,0.308218127530065,0.307590700030027,0.240225951759146,0.240178412380034,0.00062742750003737,-4.75393791123138e-05,15,4,0.0473792649005305,0.0246163833491118,1.2,0.075
228,11,0.733333333333333,3,mean,0.000304377421126005,0.00327130093972313,0.000325758237322771,0.000116929606697842,1.61220743102845e-06,7.68949488191212e-17,0.0470308800719707,0.157377430653801,0.735971655809326,0.742183906208832,0.742404208994508,0.161290663230163,0.161285124243826,-0.000220302785676407,-5.53898633677968e-06,15,4,0.0190274669108919,0.0315245087934968,1.2,0.075
229,11,0.733333333333333,3,mean,0.00299253691422275,0.0050882835647037,0.000286337766412,0.000152401813743114,2.33285829489408e-06,6.15159590552969e-17,0.676013898664511,0.373927479637136,1.64417006253586,0.0990911771698831,0.0993464159028412,0.227882831395344,0.227917561152169,-0.000255238732958109,3.47297568255667e-05,15,4,0.0257454466440116,0.0253258569164965,1.2,0.075
230,11,0.733333333333333,3,mean,0.0032205366625908,0.000942167433281623,0.00518742864653266,7.44405574198438e-05,9.14676261759202e-06,3.07579795276485e-17,0.232943542913036,0.644744838018004,1.03215669601933,0.498399411226855,0.49715169843202,0.106980165891947,0.106987740044295,0.0012477127948343,7.57415234790615e-06,15,4,0.0172569915220848,0.0275261499400425,1.2,0.075
201,11,0.733333333333333,3,none,0.00247840652100545,0.00411558834564525,0.00235089425538873,0.000508263118274196,2.3852510736378e-05,0.733333333333333,0.26973689649576,0.708480060523683,0.825272153345337,0.620693149044389,0.619183654600332,0.258778912046596,0.258647384269816,0.0015094944440566,-0.000131527776780407,4,4,NaN,NaN,1.2,0.075
202,11,0.733333333333333,3,none,0.0472027619205784,0.0771446963098213,0.00288893856604533,0.00108016436094048,4.26180420736093e-05,0.733333333333333,0.941359295813655,1.04403072600009,1.39044465950736,0.17626288281515,0.184582977708108,0.249674859863663,0.24994454974911,-0.00832009489295834,0.000269689885447537,4,4,NaN,NaN,1.2,0.075
203,11,0.733333333333333,3,none,0.00595959193003082,0.0185307836338787,0.00813120555397188,0.00105445011422484,5.37656871306559e-05,0.733333333333333,1.10470293967633,1.68273329985231,0.567512791142682,0.694313455999715,0.698451280869003,0.261111678473756,0.261387007712948,-0.00413782486928771,0.000275329239192092,4,4,NaN,NaN,1.2,0.075
204,11,0.733333333333333,3,none,0.0188105699083527,0.0270069728516124,0.0129460330766495,0.00108942274944661,6.74116108264154e-05,0.733333333333333,0.278443086369355,0.226456706105899,0.851754071266029,0.533801005851824,0.543842106989548,0.240096863138432,0.240358430123205,-0.0100411011377247,0.000261566984773776,4,4,NaN,NaN,1.2,0.075
205,11,0.733333333333333,3,none,0.0220599891932186,0.0356848659127524,0.00351141031986458,0.000429919908960935,4.12102767094266e-05,0.733333333333333,1.77506935774818,2.10318137272621,1.42998795218606,0.136995243919555,0.134134877290333,0.296450525700453,0.296323075717433,0.00286036662922165,-0.00012744998302056,4,4,NaN,NaN,1.2,0.075
206,11,0.733333333333333,3,none,0.00987847405513684,0.012694535451861,0.00562457399741646,0.00071029124343351,2.57977518891321e-05,0.733333333333333,0.0484489373758043,0.446623430397623,0.692056941469434,0.72361969022792,0.716471431892218,0.302162977540476,0.302377601257513,0.00714825833570267,0.000214623717036796,4,4,NaN,NaN,1.2,0.075
207,11,0.733333333333333,3,none,0.00266866958842427,0.00472394347312296,0.00271430283919097,0.00066472300772726,1.34902609130241e-05,0.733333333333333,0.184604844200617,0.582494935881897,0.925414378540334,0.623359293638833,0.624919961437708,0.298332136200445,0.298133827965568,-0.00156066779887578,-0.000198308234876858,4,4,NaN,NaN,1.2,0.075
208,11,0.733333333333333,3,none,0.003976695122708,0.00723108608758425,0.00203459367026672,0.00264228350866528,0.000165960054476926,0.733333333333333,0.141983077756432,0.306840563525736,0.798758930333869,0.644415252193399,0.642063294092944,0.190835332843205,0.191339573896048,0.002351958100455,0.000504241052842252,4,4,NaN,NaN,1.2,0.075
209,11,0.733333333333333,3,none,0.00766223860447253,0.0585927191614622,0.00603258683711035,0.000852041812652883,1.86728249142669e-05,0.733333333333333,0.220435854665971,0.647023533909348,1.48840146390827,0.45309531219948,0.456567036592121,0.315831528002895,0.31556938484162,-0.00347172439264039,-0.000262143161275407,4,4,NaN,NaN,1.2,0.075
210,11,0.733333333333333,3,none,0.00292334132676402,0.00446790229320396,0.00394393400092983,0.00121524254672195,0.000309260814029529,0.733333333333333,0.13229026422666,0.459917342183607,0.482136327397132,0.917012090141554,0.919692829481807,0.128586127536565,0.128678170449181,-0.00268073934025306,9.20429126158046e-05,4,4,NaN,NaN,1.2,0.075
211,11,0.733333333333333,3,none,0.0036063744079283,0.0400595039743136,0.00627154435378214,0.000976458438035777,1.3161598967957e-05,0.733333333333333,0.0622942211414774,0.231321974920915,1.04357309633406,0.525657698099271,0.523761979629516,0.223211936444947,0.223429893623759,0.00189571846975571,0.000217957178811974,4,4,NaN,NaN,1.2,0.075
212,11,0.733333333333333,3,none,0.012205764560787,0.029427018751369,0.00132734772766096,0.00156382623581117,5.51635238290749e-05,0.733333333333333,1.47546262605327,1.65924656667286,1.29258119242058,0.259447564694493,0.256290342839951,0.272627447831763,0.273053789787285,0.00315722185454193,0.000426341955521553,4,4,NaN,NaN,1.2,0.075
213,11,0.733333333333333,3,none,0.000654496455515747,0.00191644330595492,0.000871688355378038,0.00152396376994357,0.000113723185390264,0.733333333333333,0.466012835429898,0.817359247145449,0.424532702205849,0.877901008849271,0.877959500198999,0.100411852506158,0.100564876531451,-5.84913497283179e-05,0.000153024025292302,4,4,NaN,NaN,1.2,0.075
214,11,0.733333333333333,3,none,0.00702829663224961,0.00655294640973265,0.00360853961076671,0.00108596455294736,0.00015468253130051,0.733333333333333,0.299180822497636,0.792155622812934,0.789352320430343,0.681762959680289,0.686554591993803,0.165529707108047,0.165709466502426,-0.00479163231351351,0.000179759394379098,4,4,NaN,NaN,1.2,0.075
215,11,0.733333333333333,3,none,0.00130989579646751,0.00736925522055552,0.00124602865876862,0.000628966578168994,3.24862666768288e-06,0.733333333333333,0.355271095274323,0.792402391916651,0.800214878082397,0.671851603400335,0.671026036078951,0.265000055317202,0.264833379139195,0.000825567321384191,-0.000166676178007455,4,4,NaN,NaN,1.2,0.075
216,11,0.733333333333333,3,none,0.0206579721255285,0.0320345748022914,0.0122837451421228,0.00189312442069149,0.000122791877554585,0.733333333333333,0.13471081159626,0.348067551506984,1.58408006833059,0.156581993778038,0.153347327315211,0.216106548354719,0.216515664938881,0.00323466646282637,0.000409116584161665,4,4,NaN,NaN,1.2,0.075
217,11,0.733333333333333,3,none,0.0077536869629801,0.0222611458212349,0.00409873589584448,0.000227531485383432,5.06684640138908e-06,0.733333333333333,0.866123996644058,0.5154346385668,1.86388490739361,0.558761089332419,0.562996548238891,0.318922478952306,0.318850209593266,-0.00423545890647195,-7.226935904042e-05,4,4,NaN,NaN,1.2,0.075
218,11,0.733333333333333,3,none,0.0457276354684281,0.0482601433943436,0.0043872483751409,0.000175755060668404,9.62882787073409e-06,0.733333333333333,1.13824354143284,1.41678474637205,1.5297581272617,0.146218936441215,0.139874583857142,0.292320984446793,0.292372361339149,0.00634435258407316,5.13768923560937e-05,4,4,NaN,NaN,1.2,0.075
219,11,0.733333333333333,3,none,0.00119943422381108,0.0118983331731783,0.00260742819214939,0.000734167619046953,2.54874471160444e-05,0.733333333333333,0.202471119442078,0.637433050766142,1.3603552805559,0.461157313678703,0.461081124609828,0.372060742316786,0.371787587367458,7.61890688749822e-05,-0.000273154949327556,4,4,NaN,NaN,1.2,0.075
220,11,0.733333333333333,3,none,0.00131581918394079,0.0122523106141621,0.00265702601979111,8.6054654864366e-05,1.46905231547204e-05,0.733333333333333,0.212083044900895,0.245698851744068,1.43660409834645,0.586445663686348,0.586285492478062,0.295769837435661,0.295781069440824,0.000160171208285798,1.12320051627451e-05,4,4,NaN,NaN,1.2,0.075
221,11,0.733333333333333,3,none,0.00272216672170055,0.00311208048201223,0.00295464135664782,0.000318212878269813,1.64686467272134e-05,0.733333333333333,0.744697660854737,1.1543934627732,0.684286103057216,0.738015782065594,0.740024784067623,0.283026254787943,0.283006180478975,-0.00200900200202877,-2.00743089683481e-05,4,4,NaN,NaN,1.2,0.075
222,11,0.733333333333333,3,none,0.00187438978782849,0.00576388977244473,0.00262117714420567,0.00371139189219599,0.000274053741855806,0.733333333333333,0.471947579706349,0.813978424648864,0.87727673987638,0.801946616316538,0.803449776864545,0.127610715870478,0.128084329246717,-0.00150316054800733,0.000473613376239018,4,4,NaN,NaN,1.2,0.075
223,11,0.733333333333333,3,none,0.0023510649320619,0.00771009940737396,0.00365037451367649,0.000501657838210514,6.38455878084372e-05,0.733333333333333,0.800220518396675,0.677460135161772,1.27277431970522,0.632060586432679,0.631198784373188,0.201791595977773,0.201892826313581,0.000861802059490846,0.000101230335807259,4,4,NaN,NaN,1.2,0.075
224,11,0.733333333333333,3,none,0.00217419517253143,0.00437500348012798,0.00176727634407572,0.00075202855597006,3.40752552918392e-05,0.733333333333333,0.0120906670245656,0.368812130550477,0.601830133726198,0.760689061416779,0.759325877190643,0.244656261056251,0.24447227256154,0.00136318422613608,-0.000183988494711166,4,4,NaN,NaN,1.2,0.075
225,11,0.733333333333333,3,none,0.00315912172324541,0.00106518422948234,0.0052038228446892,0.000892154095569993,2.92890950331875e-05,0.733333333333333,0.242111115715302,0.642439428749803,0.637304883164422,0.725609222550927,0.723316934693379,0.172023192714899,0.172176663910813,0.00229228785754785,0.000153471195913623,4,4,NaN,NaN,1.2,0.075
226,11,0.733333333333333,3,none,0.00217103715227665,0.0100403954139114,0.00376902014471327,0.000276607166854315,3.11006698602226e-05,0.733333333333333,0.126609644872536,0.483821558502444,0.476393324778661,0.837273536419524,0.839091288373709,0.168594883550908,0.168591258706173,-0.00181775195418484,-3.62484473512059e-06,4,4,NaN,NaN,1.2,0.075
227,11,0.733333333333333,3,none,0.00149967462167103,0.0303182844039174,0.00725012667257884,0.00326756293275645,3.73846089260501e-05,0.733333333333333,0.161334540801647,0.152484572495409,2.06711854178218,0.308218127530065,0.307871041564099,0.240225951759146,0.2410109051746,0.000347085965965288,0.000784953415454325,4,4,NaN,NaN,1.2,0.075
228,11,0.733333333333333,3,none,0.00412929848968512,0.0105828279359419,0.00715812468991849,0.00210689418656982,0.000258731338260284,0.733333333333333,0.0301735034249233,0.136868528067499,0.727440774554911,0.742183906208832,0.745248605091809,0.161290663230163,0.161582278009463,-0.00306469888297674,0.000291614779299844,4,4,NaN,NaN,1.2,0.075
229,11,0.733333333333333,3,none,0.046397914193629,0.234760957105454,0.015158474494618,0.00432302540622082,5.044998234304e-05,0.733333333333333,0.676678001530056,0.369389351178199,1.64907841441426,0.0990911771698831,0.0944935532342092,0.227882831395344,0.228867974665107,0.00459762393567393,0.000985143269763607,4,4,NaN,NaN,1.2,0.075
230,11,0.733333333333333,3,none,0.00593709923347365,0.0162022990703612,0.00883950320041795,0.00277933255544554,0.000336344235250757,0.733333333333333,0.232713010184117,0.646068761959535,1.03016666147779,0.498399411226855,0.501170055704927,0.106980165891947,0.107277499349797,-0.00277064447807265,0.000297333457850452,4,4,NaN,NaN,1.2,0.075
201,11,0.733333333333333,6,hold,0.00137244997357729,0.000919206186640394,0.00203111598670655,1.79103790197855e-05,3.34525897843519e-06,4.61369692914727e-17,0.293071478467442,0.735939089517535,0.818304965319293,0.619669905738535,0.620445079738374,0.257980404438362,0.257976873399245,-0.000775173999838696,-3.5310391165283e-06,15,4,0.026335162188949,0.0439899807087878,1.2,0.15
202,11,0.733333333333333,6,hold,0.00935832859477348,0.0364751652011759,0.0017652032946869,0.000442580263976509,2.46003394000168e-05,8.45844437010333e-17,0.992410445966994,1.09636060553582,1.41552667287326,0.170303632416306,0.170411590703687,0.250357809507245,0.250468612932665,-0.000107958287380232,0.000110803425420297,15,4,0.0796173159255843,0.0774600336374645,1.2,0.15
203,11,0.733333333333333,6,hold,0.000970478774493915,0.00125430750367366,0.00112638525399365,6.06988547665995e-05,3.74975962086013e-06,3.84474744095606e-17,1.18143534952904,1.97170960678054,0.571624859089801,0.694831361493501,0.69431879450153,0.26282292600725,0.262838879057865,0.00051256699197092,1.59530506150468e-05,15,4,0.0232253586949275,0.0448880479511491,1.2,0.15
204,11,0.733333333333333,6,hold,0.00386101740802939,0.00278479239779802,0.00158680688006064,7.38804403232823e-05,1.49319357984068e-05,3.07579795276485e-17,0.252529650419273,0.239888272844475,0.870933659664652,0.529232922627113,0.52727857941683,0.24116603027141,0.241151744223602,0.00195434321028305,-1.42860478080603e-05,15,4,0.0376154779374493,0.0740571139176729,1.2,0.15
205,11,0.733333333333333,6,hold,0.0063817135127017,0.00711960038156133,0.00505635327775785,0.000320789757038474,2.73812891673706e-05,5.38264641733848e-17,1.84004143336609,2.19498373587987,1.41985550772751,0.138313992330884,0.138651493289479,0.296187404006534,0.296282417891903,-0.000337500958595352,9.50138853691124e-05,15,4,0.0331177789792315,0.0663850819415037,1.2,0.15
206,11,0.733333333333333,6,hold,0.000136018408220371,1.05076993931354e-05,0.000102098683001861,3.32760429347423e-06,1.17025342016852e-06,3.84474744095606e-17,0.0859647827110498,0.535750199140202,0.671241381419992,0.730816175518362,0.730729518354476,0.303090070568099,0.303091079131919,8.66571638860003e-05,1.00856382013181e-06,15,4,0.024623061850894,0.032531482206636,1.2,0.15
207,11,0.733333333333333,6,hold,0.00119931318873612,0.00325246404893671,0.00197552407458052,0.000169231635691415,8.64718489387762e-06,7.68949488191212e-18,0.228788974002882,0.666628542399291,0.927697985182582,0.623915090092474,0.623681505563288,0.298159732371074,0.298109274311868,0.00023358452918586,-5.04580592064713e-05,15,4,0.0543644899748384,0.0375960843296834,1.2,0.15
208,11,0.733333333333333,6,hold,0.000616351695481036,0.000579519353224776,0.000496968202873783,0.000185162248539085,1.85421531105278e-05,1.53789897638242e-17,0.116026811967922,0.380365436837281,0.810815915518488,0.647484045491922,0.647284559405046,0.189699177986297,0.189734303112639,0.000199486086875422,3.51251263419589e-05,15,4,0.0321155846477544,0.0672232075594679,1.2,0.15
209,11,0.733333333333333,6,hold,0.000193200194884818,2.79820400047623e-05,0.000126350349862442,5.27374697174881e-07,3.20385819730461e-07,7.68949488191212e-18,0.244374033015815,0.687667389712459,1.49670755889307,0.451989620055829,0.451903376450132,0.317639695355088,0.317639527839949,8.62436056965676e-05,-1.67515138148611e-07,15,4,0.0305752269313787,0.0379681117283237,1.2,0.15
210,11,0.733333333333333,6,hold,0.00453546673724118,0.00320765016874019,0.00689719521692401,0.00302638782482311,0.000220795456250025,9.22739385829454e-17,0.0907613198816478,0.499624763792907,0.558179371662382,0.916126108150963,0.911971048660326,0.128705980652668,0.129095494865497,0.00415505949063691,0.000389514212829151,15,4,0.151158824313237,0.219956838196895,1.2,0.15
211,11,0.733333333333333,6,hold,0.00269629521924141,0.0116564679963305,0.00224584888349412,0.000196435974387358,7.66723738554966e-06,7.68949488191212e-17,0.0357296328176258,0.309941372099267,1.04357930237313,0.525886913924451,0.52455960040905,0.223240579886201,0.22320918149535,0.00132731351540122,-3.13983908506746e-05,15,4,0.0340672356067714,0.083774628772729,1.2,0.15
212,11,0.733333333333333,6,hold,0.0016791795195014,0.00285319002425855,0.000438865339162498,4.95480053236525e-05,2.01330869430167e-06,5.38264641733848e-17,1.52640969421244,1.68229678094745,1.27091843982474,0.261334931329236,0.261385443444136,0.273468331842722,0.273454989963821,-5.0512114900067e-05,-1.33418789004869e-05,15,4,0.0240585994333288,0.0340928555685602,1.2,0.15
213,11,0.733333333333333,6,hold,0.00104402905001005,0.00114265015606642,0.000996492018288861,0.000322127972267382,2.78148519137769e-06,7.68949488191212e-18,0.503211637449458,0.901084620258708,0.437632317622701,0.87541225150597,0.874562413963211,0.099987220540524,0.100019429221129,0.000849837542758963,3.22086806053705e-05,15,4,0.0571604668132712,0.10864957647431,1.2,0.15
214,11,0.733333333333333,6,hold,0.000496918871733144,0.000156735923520477,0.000936369288341221,0.000144818303330622,2.20793478100535e-05,9.22739385829454e-17,0.408729406072208,0.868342361516858,0.804881902553857,0.677496965498298,0.677282189427428,0.164646329192749,0.164670172994793,0.000214776070870265,2.3843802043309e-05,15,4,0.0369588047655171,0.0727533741836159,1.2,0.15
215,11,0.733333333333333,6,hold,1.40630532107679e-05,1.09206418574389e-05,4.85424780324182e-06,6.08080882846272e-06,3.06699609286189e-07,1.53789897638242e-17,0.419299538360946,0.880743736278446,0.803811269103782,0.671400880245596,0.671406512785536,0.264174674618106,0.2641762810138,-5.63253994032009e-06,1.60639569367405e-06,15,4,0.0230505885239051,0.0402440718543384,1.2,0.15
216,11,0.733333333333333,6,hold,0.0125842888710779,0.0156244468129421,0.00473553129556444,0.000133590390579501,1.1810961485209e-05,7.68949488191212e-17,0.19661136222178,0.470784752737949,1.58411759633094,0.163759311983133,0.162616602329793,0.218317963952119,0.218346564947184,0.00114270965333951,2.86009950649074e-05,15,4,0.0496464993072647,0.111798760093138,1.2,0.15
217,11,0.733333333333333,6,hold,0.000241040483590836,0.000123567773073895,0.000215328522978822,9.74328344335506e-07,2.46847055013957e-07,4.61369692914727e-17,0.845010245554655,0.46612661382236,1.87386561196226,0.553435616137662,0.553367680434009,0.318752576091467,0.318752423873681,6.79357036533601e-05,-1.52217786301145e-07,15,4,0.0260037817047807,0.0380879993948118,1.2,0.15
218,11,0.733333333333333,6,hold,0.010365988951865,0.00408854034689992,0.00174205198874425,1.73303913520926e-05,5.145750644962e-07,9.99634334648575e-17,1.37229556577025,1.54559601878825,1.51458606385551,0.150586228929638,0.149180508430628,0.292442391755793,0.292447459896891,0.00140572049900936,5.06814109706988e-06,15,4,0.0470226348791714,0.0649769894492831,1.2,0.15
219,11,0.733333333333333,6,hold,0.00243816397914402,0.00283324296493013,0.0035826378788387,0.000133056820133865,9.97833153118971e-06,7.68949488191212e-17,0.265070115838636,0.727324510716905,1.37843378263472,0.462880280277805,0.463992240942484,0.371949336250492,0.37189984585456,-0.00111196066467958,-4.94903959323922e-05,15,4,0.0563725885867916,0.0358706055403047,1.2,0.15
220,11,0.733333333333333,6,hold,0.000899961873784507,0.0010319501231621,0.000756263538093451,2.36509443275699e-05,2.22953386001759e-06,4.61369692914727e-17,0.203894862649116,0.264356780449633,1.4582599846674,0.58816062790616,0.588150412144967,0.297059261601367,0.297052380238189,1.0215761193233e-05,-6.88136317780807e-06,15,4,0.0331993650945526,0.056595279496416,1.2,0.15
221,11,0.733333333333333,6,hold,0.000756430516060587,0.000978632834688324,0.000941963781174064,0.000144088392130167,7.62146433266631e-06,2.30684846457363e-17,0.818199474173739,1.3107756331073,0.693018231988696,0.736878508068452,0.736652043189774,0.283071680542917,0.283112467886224,0.000226464878678556,4.07873433070133e-05,15,4,0.0299059051829583,0.0505358977962929,1.2,0.15
222,11,0.733333333333333,6,hold,0.000340789203973754,0.000446587374220431,0.000373229971101037,0.000444619290895557,2.37742688611843e-05,8.45844437010333e-17,0.51808119096975,0.863463653689208,0.898552828134041,0.800436693177499,0.800279570436186,0.127400052690752,0.127456697211839,0.000157122741313143,5.66445210874186e-05,15,4,0.0293246074103736,0.0576171016152265,1.2,0.15
223,11,0.733333333333333,6,hold,0.00107884266114295,0.00261733463586798,0.000584679277424631,0.000455866592863398,1.15802631174252e-05,1.53789897638242e-17,0.852448499718457,0.641791224866307,1.35018890475367,0.631765820639109,0.631308707373087,0.199721106557011,0.19981215273738,0.000457113266021886,9.10461803690524e-05,15,4,0.0762050701378619,0.0964796468330395,1.2,0.15
224,11,0.733333333333333,6,hold,0.000619729984178595,0.000548764263054649,0.000348058793689666,0.000166256308525515,1.63350080312027e-05,3.84474744095606e-17,0.048139979971966,0.463104771583227,0.593635848512596,0.762273019763617,0.761805248922005,0.244169401482415,0.24420999618576,0.000467770841611914,4.05947033453508e-05,15,4,0.0169920393072568,0.0368396064664882,1.2,0.15
225,11,0.733333333333333,6,hold,0.0011637561650095,0.00286021340400466,0.00190490414629851,0.000346483949716391,2.17128222102365e-05,4.61369692914727e-17,0.291618909215776,0.729212140719068,0.636717195400133,0.724412102927382,0.72477781248386,0.172054655203123,0.172114269379625,-0.000365709556477484,5.96141765018698e-05,15,4,0.0373513625296686,0.0723887557009455,1.2,0.15
226,11,0.733333333333333,6,hold,0.000698877719876248,0.000800514413594703,0.000505509867414739,0.00017773293661724,2.21567091186996e-05,8.45844437010333e-17,0.174877273598413,0.58576727470825,0.47127649322901,0.838028104896721,0.838201288637641,0.168515930875735,0.168545881706996,-0.000173183740920296,2.99508312613322e-05,15,4,0.047618833308666,0.0966039161341237,1.2,0.15
227,11,0.733333333333333,6,hold,0.00141316101017625,0.0026706760025932,0.0005622868943975,0.000286777623184822,1.65327029811606e-05,8.45844437010333e-17,0.0641164588381215,0.287929913818368,2.06696349963129,0.309340399244484,0.309015593239899,0.238297491646893,0.238365830035158,0.000324806004584549,6.83383882654009e-05,15,4,0.0337767153951284,0.0473853904978805,1.2,0.15
228,11,0.733333333333333,6,hold,0.00107218107137309,0.00410223659741126,0.00124651761986767,0.00159194725286066,6.85116355104495e-05,7.68949488191212e-17,0.0479127760176912,0.199622529169716,0.738961257164423,0.743211364953001,0.743237315933102,0.161813969084391,0.162071568387949,-2.59509801012248e-05,0.000257599303558376,15,4,0.0641073937128435,0.139311411029614,1.2,0.15
229,11,0.733333333333333,6,hold,0.0147074893316947,0.0100869640437456,0.00173262360777219,0.000332677215706481,4.26989963002158e-05,3.07579795276485e-17,0.6399271214109,0.345456903157075,1.64187334878017,0.103957868129617,0.105091039182153,0.227650835032501,0.227726569278453,-0.00113317105253597,7.57342459518678e-05,15,4,0.045071497505806,0.0745927431239899,1.2,0.15
230,11,0.733333333333333,6,hold,0.00826287284939132,0.0110123352726351,0.00776821912877408,0.00236042816163914,1.75784525931929e-05,2.30684846457363e-17,0.27044354291295,0.713155280870375,1.0259556118282,0.494170623138713,0.498249422285811,0.108387537916611,0.108131696919742,-0.00407879914709837,-0.000255840996869099,15,4,0.0672431615619371,0.149783553408132,1.2,0.15
201,11,0.733333333333333,6,kalman,0.000594149255899679,0.000608745908284429,0.0018221083331662,0.00016625250785064,6.10860476552211e-06,6.15159590552969e-17,0.2930714570687,0.736061264826742,0.818881105181642,0.619669905738535,0.619888898291496,0.257980404438362,0.257937514549147,-0.000218992552961011,-4.28898892141999e-05,15,4,0.0297786077581267,0.0439540448044318,1.2,0.15
202,11,0.733333333333333,6,kalman,0.00755434951739207,0.0209614376130544,0.000360012983817192,0.000259766908673149,1.43415990681213e-05,8.45844437010333e-17,0.992410446947697,1.09575027155377,1.41408607643839,0.170303632416306,0.171430849225832,0.250357809507245,0.250422844181483,-0.00112721680952579,6.50346742378782e-05,15,4,0.0701352094649831,0.0473157376776623,1.2,0.15
203,11,0.733333333333333,6,kalman,0.000621542612034248,0.000681641540585223,0.000519754376271403,1.53670552191749e-05,6.73562560196382e-06,2.30684846457363e-17,1.18147885974864,1.97175295769602,0.568384472560865,0.694831361493501,0.695206115307368,0.26282292600725,0.262818887192833,-0.000374753813866741,-4.03881441681853e-06,15,4,0.018212036152584,0.0375289216552961,1.2,0.15
204,11,0.733333333333333,6,kalman,0.00167101315079627,0.00149457647658318,0.00159363110765737,5.34806905391374e-05,5.22878340960682e-06,6.15159590552969e-17,0.252504953845571,0.239649827645642,0.86966392396856,0.529232922627113,0.528429995163644,0.24116603027141,0.241153132545576,0.000802927463469527,-1.28977258334975e-05,15,4,0.0222447981327236,0.042841447547882,1.2,0.15
205,11,0.733333333333333,6,kalman,0.00909691527051217,0.00466576110039415,0.00224525653197977,3.5165577029791e-05,9.75721452885141e-06,5.38264641733848e-17,1.84004143335379,2.19507411800376,1.42078754013432,0.138313992330884,0.139359065891589,0.296187404006534,0.296179716780601,-0.00104507356070487,-7.68722593313842e-06,15,4,0.0302236953075888,0.0389477849630033,1.2,0.15
206,11,0.733333333333333,6,kalman,0.000364213466928031,0.000426148091569617,0.000216603179996111,5.51781958101883e-05,2.14664696853638e-06,3.07579795276485e-17,0.0859647827942677,0.535746991315293,0.671042686349355,0.730816175518362,0.73093672620209,0.303090070568099,0.303073346604837,-0.000120550683727821,-1.67239632619304e-05,15,4,0.0209378895969568,0.0330706329304622,1.2,0.15
207,11,0.733333333333333,6,kalman,0.00223731890368095,0.00286979766871144,0.00127039691670854,0.000328086040308048,1.94988113901488e-05,2.30684846457363e-17,0.228798961626454,0.666637900061097,0.926026122654464,0.623915090092474,0.62490192729657,0.298159732371074,0.298061910325101,-0.00098683720409673,-9.78220459729329e-05,15,4,0.0528134029227836,0.0418303861049374,1.2,0.15
208,11,0.733333333333333,6,kalman,0.000187325419203134,0.000109331215143537,0.000124775929324977,2.24415415604672e-05,2.15520953432855e-06,1.53789897638242e-17,0.116236587399662,0.380202891741403,0.810675018221054,0.647484045491922,0.647572610695022,0.189699177986297,0.189695115553652,-8.85652031003326e-05,-4.06243264501782e-06,15,4,0.0217687188802444,0.0427882905159893,1.2,0.15
209,11,0.733333333333333,6,kalman,0.000400369544281722,0.000196966673803863,0.00037839823436866,1.87055351457636e-05,1.1334927905231e-06,7.68949488191212e-18,0.244373039517563,0.687667281910605,1.49651538184008,0.451989620055829,0.451809332464275,0.317639695355088,0.317633753734602,0.000180287591553743,-5.94162048515423e-06,15,4,0.0308031439710959,0.0392730684283309,1.2,0.15
210,11,0.733333333333333,6,kalman,0.00491102847914336,0.00394883933219143,0.00575482391387124,0.00396630578547892,0.000226960336727754,7.68949488191212e-17,0.0932579776483589,0.515989543723614,0.56410062216054,0.916126108150963,0.911648015061504,0.128705980652668,0.129216467928356,0.004478093089459,0.000510487275688413,15,4,0.156344780665455,0.202451054988436,1.2,0.15
211,11,0.733333333333333,6,kalman,0.000858593226621686,0.00447437840407426,0.000702533292529072,0.000107790727696488,3.48537028149416e-06,7.68949488191212e-17,0.0371018613865939,0.307257270531038,1.04218898419486,0.525886913924451,0.525645319860329,0.223240579886201,0.223264643150758,0.000241594064121764,2.40632645573197e-05,15,4,0.022978869809875,0.0417810976198811,1.2,0.15
212,11,0.733333333333333,6,kalman,0.000750605594341546,0.00351185696624855,0.000216335005799238,3.6520010735537e-05,1.35803430829741e-06,8.45844437010333e-17,1.52653306816651,1.67925905569027,1.27097435340431,0.261334931329236,0.261256306750061,0.273468331842722,0.273477979487965,7.86245791755347e-05,9.64764524302109e-06,15,4,0.0239431281214577,0.0384012165668217,1.2,0.15
213,11,0.733333333333333,6,kalman,0.000827914782196881,0.000925503446769808,0.000748822685583741,0.000151263038899233,9.78300100820815e-06,7.68949488191212e-18,0.502595282712243,0.901723094734094,0.437209101523618,0.87541225150597,0.874859580659026,0.099987220540524,0.100002095184117,0.00055267084694372,1.48746435925395e-05,15,4,0.0405746019209054,0.0563393348554735,1.2,0.15
214,11,0.733333333333333,6,kalman,0.00058907952075181,0.000521067512392557,0.000760877602154979,7.84224363609943e-05,1.06841553253232e-05,6.9205453937209e-17,0.413492062478584,0.874053293048501,0.805040228531649,0.677496965498298,0.677449351893197,0.164646329192749,0.164654608352803,4.76136051010378e-05,8.27916005346152e-06,15,4,0.0235440066006416,0.0466049839557714,1.2,0.15
215,11,0.733333333333333,6,kalman,0.000389646123946948,0.000177753512094055,4.40789125049982e-05,0.000180366597607274,7.53209855756005e-06,3.84474744095606e-17,0.418673570664822,0.880561058175091,0.804941535026701,0.671400880245596,0.671662357272041,0.264174674618106,0.264222322905341,-0.000261477026444928,4.76482872348766e-05,15,4,0.0279975126094327,0.0432754675177209,1.2,0.15
216,11,0.733333333333333,6,kalman,0.0157425382015517,0.00929093748599067,0.00306198752272863,0.000216919694558713,2.4178397821166e-05,6.9205453937209e-17,0.202278471787383,0.473666616644777,1.58503829777777,0.163759311983133,0.161237150895785,0.218317963952119,0.218365321418176,0.00252216108734726,4.73574660571738e-05,15,4,0.0491107722520472,0.0503696654376768,1.2,0.15
217,11,0.733333333333333,6,kalman,0.000519778264548927,0.000596214327277529,0.000373723186876052,6.36012038306849e-05,1.37450649809369e-06,2.30684846457363e-17,0.843202255700964,0.466023976971159,1.87256479049545,0.553435616137662,0.553445565462944,0.318752576091467,0.318732303043904,-9.94932528196046e-06,-2.02730475635493e-05,15,4,0.0259235636622269,0.0396647438212314,1.2,0.15
218,11,0.733333333333333,6,kalman,0.00573495961157817,0.0285346305061419,0.00119184305785933,6.47836753204508e-05,3.5207277908617e-07,5.38264641733848e-17,1.36655030514051,1.51486567367024,1.51364669860895,0.150586228929638,0.150253426439395,0.292442391755793,0.292461337248751,0.000332802490242264,1.89454929574434e-05,15,4,0.0368350710994392,0.0397913495174381,1.2,0.15
219,11,0.733333333333333,6,kalman,0.00470559226832406,0.00403923316820927,0.00405090398417585,0.000173670393686948,1.51831014424711e-05,8.45844437010333e-17,0.263753699159965,0.727156511298052,1.37902148914832,0.462880280277805,0.46505840614584,0.371949336250492,0.371884739662834,-0.00217812586803491,-6.45965876582222e-05,15,4,0.0792067763170711,0.0440251404867822,1.2,0.15
220,11,0.733333333333333,6,kalman,0.000974896410071781,0.00109681833125634,0.000956362528651494,7.93060596811984e-06,3.45393768264005e-06,7.68949488191212e-17,0.204087015053814,0.264360870318888,1.45679017032161,0.58816062790616,0.588082331778472,0.297059261601367,0.29706075636715,7.82961276880156e-05,1.49476578262975e-06,15,4,0.0241109139979248,0.0421270738215929,1.2,0.15
221,11,0.733333333333333,6,kalman,0.000356421537615455,0.000824237455655869,0.000589108497397415,0.000100689056311878,3.10816392659309e-06,7.68949488191212e-18,0.818128716777522,1.31031484779463,0.693424933932984,0.736878508068452,0.737060849400202,0.283071680542917,0.283043178322535,-0.000182341331749186,-2.85022203824836e-05,15,4,0.0269220423225136,0.041101248864202,1.2,0.15
222,11,0.733333333333333,6,kalman,0.000361977093262853,0.0002505215588183,0.000774310722155527,0.000157721418318367,3.64680976589207e-05,6.15159590552969e-17,0.51808119096975,0.863297354511714,0.898864880008602,0.800436693177499,0.800173891112411,0.127400052690752,0.127379958973748,0.000262802065087309,-2.00937170042201e-05,15,4,0.0218774733895754,0.0456050012730191,1.2,0.15
223,11,0.733333333333333,6,kalman,0.00322364770111965,0.0030204325337381,0.0017968045231989,0.000475870317959212,6.11772970593046e-05,4.61369692914727e-17,0.806577688697519,0.611046028231033,1.31294505428779,0.631765820639109,0.632752525555335,0.199721106557011,0.199816147903492,-0.000986704916225795,9.50413464804506e-05,15,4,0.132243858156379,0.0863208514206297,1.2,0.15
224,11,0.733333333333333,6,kalman,0.00050642741684892,0.000778513512314675,0.000153834822201928,7.97331337681031e-05,3.06430646525596e-06,4.61369692914727e-17,0.0481638838419024,0.463548296665386,0.59235017508792,0.762273019763617,0.761915055449869,0.244169401482415,0.244149933090865,0.000357964313747855,-1.94683915504751e-05,15,4,0.0153915875271251,0.0356275211283612,1.2,0.15
225,11,0.733333333333333,6,kalman,0.00065672841178656,0.000460886749653956,0.00114701667208291,0.000139995944679932,3.20935780255787e-06,3.84474744095606e-17,0.291583532140889,0.729339197684977,0.637982868971467,0.724412102927382,0.724194225678719,0.172054655203123,0.172078742157115,0.000217877248663106,2.40869539917413e-05,15,4,0.0207913826120178,0.0453889755210883,1.2,0.15
226,11,0.733333333333333,6,kalman,0.000379026035552523,0.00208329173945365,0.000307968748014432,0.000215934656632799,1.27397396709116e-05,7.68949488191212e-17,0.174880295415421,0.585430829490133,0.469516083211073,0.838028104896721,0.837922166550753,0.168515930875735,0.168479542446064,0.000105938345967499,-3.63884296708084e-05,15,4,0.0297429209464142,0.0473686570011611,1.2,0.15
227,11,0.733333333333333,6,kalman,0.00290815012935495,0.00928823166479459,0.000823647597271593,0.00057308680114605,2.48403644875781e-05,9.22739385829454e-17,0.114052146913917,0.263464798303246,2.06888427803166,0.309340399244484,0.308591971450133,0.238297491646893,0.238160926499684,0.000748427794351189,-0.000136565147209045,15,4,0.0642923544710726,0.0413557862850227,1.2,0.15
228,11,0.733333333333333,6,kalman,0.00149997828306056,0.00158985871258674,0.00164618172301055,0.00078103154249084,1.52544338083418e-05,8.45844437010333e-17,0.0469325988849333,0.199520120226505,0.739792582751301,0.743211364953001,0.74341880710904,0.161813969084391,0.161940350898261,-0.000207442156039012,0.000126381813870547,15,4,0.0416863712256873,0.0564243034479315,1.2,0.15
229,11,0.733333333333333,6,kalman,0.0138655053054723,0.00744703571988598,0.00179888106915846,0.000574364617486146,2.86140979401361e-05,4.61369692914727e-17,0.638513942765614,0.334224604586967,1.64442268734221,0.103957868129617,0.102787112419759,0.227650835032501,0.227781589617285,0.00117075570985845,0.000130754584783844,15,4,0.0443118567901771,0.0435456304518151,1.2,0.15
230,11,0.733333333333333,6,kalman,0.00379151440614976,0.00149338962124377,0.00546184200205908,0.000300273818659743,5.00324944887933e-05,3.07579795276485e-17,0.27044354291296,0.710438147485455,1.03401929570255,0.494170623138713,0.49334466192791,0.108387537916611,0.108420083856516,0.000825961210803319,3.25459399053485e-05,15,4,0.0377819735032941,0.0513884739882591,1.2,0.15
201,11,0.733333333333333,6,kalman-gm,0.00210690690450451,0.000930340043251611,0.00100518360333427,5.07910214639987e-05,1.28617068408753e-05,6.9205453937209e-17,0.29307147687873,0.735991487064521,0.819732508319714,0.619669905738535,0.620975492541449,0.257980404438362,0.257993507526621,-0.00130558680291418,1.31030882591199e-05,15,4,0.0254138138984795,0.0231411209915883,1.2,0.15
202,11,0.733333333333333,6,kalman-gm,0.00988086970544886,0.0280421983948326,0.000545424102461909,0.000459042849717645,2.23860775090112e-05,6.9205453937209e-17,0.992410446499651,1.09563720252489,1.41386617619053,0.170303632416306,0.171686372788594,0.250357809507245,0.25047273446957,-0.00138274037228712,0.000114924962325273,15,4,0.0681293944896493,0.0330361948922238,1.2,0.15
203,11,0.733333333333333,6,kalman-gm,0.000701763418633934,0.000818941355259511,0.000836060238603675,6.23186962368517e-06,1.91533147656725e-06,3.07579795276485e-17,1.18131227535225,1.9720093330677,0.570332778065435,0.694831361493501,0.694618292166303,0.26282292600725,0.262824563885459,0.000213069327198334,1.63787820899264e-06,15,4,0.0128126092804341,0.0225219815693309,1.2,0.15
204,11,0.733333333333333,6,kalman-gm,0.00352869694105217,0.00233784645674734,0.00176527366850967,8.77570906779778e-05,1.25669539679994e-05,7.68949488191212e-17,0.252708501620339,0.239821150667923,0.870871939938309,0.529232922627113,0.527542999627973,0.24116603027141,0.241146349245122,0.00168992299914045,-1.96810262879468e-05,15,4,0.019706411979204,0.0299466944119695,1.2,0.15
205,11,0.733333333333333,6,kalman-gm,0.0103585555007029,0.0036783548617221,0.00350762986750758,0.000122822904563577,2.10073467017648e-05,2.30684846457363e-17,1.84004143335429,2.19504416474755,1.42014863543259,0.138313992330884,0.139231628698619,0.296187404006534,0.29622378260379,-0.000917636367734387,3.63785972552283e-05,15,4,0.0247083518300843,0.0292465996284648,1.2,0.15
206,11,0.733333333333333,6,kalman-gm,0.000153550854626733,4.86682500577565e-06,0.000104312610038028,2.84525902044338e-06,1.86940100358996e-06,1.53789897638242e-17,0.0859647828117951,0.535750186046619,0.671057760241677,0.730816175518362,0.730869465731678,0.303090070568099,0.303089208198342,-5.32902133158653e-05,-8.62369757290704e-07,15,4,0.0162718620555637,0.0196651620267237,1.2,0.15
207,11,0.733333333333333,6,kalman-gm,0.00110854321657516,0.00329018159741963,0.00132290723959653,0.000206675870231674,1.20778640346825e-05,3.07579795276485e-17,0.228793407851046,0.666630465816131,0.927190948973032,0.623915090092474,0.62407772966204,0.298159732371074,0.298098109948918,-0.000162639569566336,-6.16224221558348e-05,15,4,0.046783311939576,0.0215847565141156,1.2,0.15
208,11,0.733333333333333,6,kalman-gm,0.000247808454109827,0.000369826545995794,0.000180162405638374,6.02795707859289e-05,3.5382222345865e-06,3.07579795276485e-17,0.116330944958113,0.380398241698259,0.810704245594454,0.647484045491922,0.647525848408097,0.189699177986297,0.189710612971325,-4.18029161748434e-05,1.14349850274575e-05,15,4,0.0122969188179968,0.0250967216782645,1.2,0.15
209,11,0.733333333333333,6,kalman-gm,0.0021058105580795,8.81150892172029e-05,0.00061002192338303,1.46058320381004e-05,1.37422272921043e-05,2.30684846457363e-17,0.244374399002906,0.687664576479485,1.49538429717524,0.451989620055829,0.451038479185542,0.317639695355088,0.317644334747127,0.000951140870286887,4.63939203898978e-06,15,4,0.0270608687348045,0.0210709649117886,1.2,0.15
210,11,0.733333333333333,6,kalman-gm,0.00450865227263919,0.00595003673660015,0.00474558106907122,0.00361554784259936,0.000267027253402793,9.99634334648575e-17,0.0893097876047514,0.527450697643821,0.553583897408811,0.916126108150963,0.911995614091424,0.128705980652668,0.129171323283346,0.00413049405953894,0.000465342630678387,15,4,0.178742967084236,0.410890542309782,1.2,0.15
211,11,0.733333333333333,6,kalman-gm,0.00120655359332556,0.000857278548963195,0.00116690023622304,0.000125394229879343,1.02454645535264e-05,6.9205453937209e-17,0.0357987164176427,0.308774981973594,1.04249252043851,0.525886913924451,0.525395005262554,0.223240579886201,0.223268572966794,0.000491908661897195,2.79930805926482e-05,15,4,0.0158981305141926,0.0317399118547854,1.2,0.15
212,11,0.733333333333333,6,kalman-gm,0.000456384488776145,0.00206909464714075,0.000135048279500342,7.37326948678502e-05,1.5656067617079e-06,8.45844437010333e-17,1.52633165097209,1.67907790153258,1.27100038321094,0.261334931329236,0.261222085507758,0.273468331842722,0.273488495399789,0.000112845821477794,2.01635570677794e-05,15,4,0.024215377742367,0.0197530157407257,1.2,0.15
213,11,0.733333333333333,6,kalman-gm,0.000925440496581301,0.000981367418452374,0.000863585658796166,0.000155566766879452,1.32584803992857e-05,7.68949488191212e-18,0.503054427233284,0.901711473371713,0.437364151960483,0.87541225150597,0.874647002736398,0.099987220540524,0.100002141019456,0.000765248769572319,1.49204789319461e-05,15,4,0.0357102715397479,0.0532716558933897,1.2,0.15
214,11,0.733333333333333,6,kalman-gm,0.000250757026268302,0.000517900946289835,0.000509873875512221,0.000159158527571963,9.92750942127252e-07,6.9205453937209e-17,0.412386339759199,0.874619133545495,0.805312560297266,0.677496965498298,0.677426666262189,0.164646329192749,0.164672534060074,7.02992361090449e-05,2.62048673244467e-05,15,4,0.0190552181320942,0.0289519081554976,1.2,0.15
215,11,0.733333333333333,6,kalman-gm,5.66428668551864e-05,2.495980380692e-05,9.35932145534098e-06,2.16826334274492e-05,1.82647325991503e-06,2.30684846457363e-17,0.419306779284977,0.880781879585965,0.80359088547018,0.671400880245596,0.671363035468712,0.264174674618106,0.264168946615475,3.78447768839219e-05,-5.72800263056006e-06,15,4,0.0207830923392857,0.0244691492173016,1.2,0.15
216,11,0.733333333333333,6,kalman-gm,0.0139302137368356,0.0110636308279894,0.00243784592661857,0.000308915575123758,1.38658497801768e-05,9.22739385829454e-17,0.198946505670016,0.472129669733599,1.58481060848492,0.163759311983133,0.161509345545446,0.218317963952119,0.218385405771513,0.00224996643768643,6.74418193941167e-05,15,4,0.0443336662447654,0.0466932138773366,1.2,0.15
217,11,0.733333333333333,6,kalman-gm,0.000639917562661267,0.00011704413952162,0.000614245725027774,4.84248540098376e-06,1.47217424770583e-07,2.30684846457363e-17,0.841448676463521,0.466035734350889,1.87103013379209,0.553435616137662,0.553726226347281,0.318752576091467,0.318751032536771,-0.00029061020961908,-1.54355469624889e-06,15,4,0.0176254538192005,0.0182442405320966,1.2,0.15
218,11,0.733333333333333,6,kalman-gm,0.00339649226014071,0.00132079313321935,0.000643137497009123,3.94388528071026e-06,1.22275075450841e-07,6.15159590552969e-17,1.36929579069788,1.54896457816364,1.51363959365737,0.150586228929638,0.150193185058739,0.292442391755793,0.292442691894727,0.000393043870898534,3.00138934032912e-07,15,4,0.0308789289742224,0.0241651446824909,1.2,0.15
219,11,0.733333333333333,6,kalman-gm,0.00229739739582706,0.00304718965731569,0.0033528459056445,0.000111603014788884,7.92246767061858e-06,6.9205453937209e-17,0.264120989411964,0.727054059100833,1.37725407606412,0.462880280277805,0.463943700228295,0.371949336250492,0.371907825583218,-0.00106341995048993,-4.15106672742793e-05,15,4,0.0669027438896738,0.0227644951200583,1.2,0.15
220,11,0.733333333333333,6,kalman-gm,0.00111502714306751,0.000573323052141692,0.000740750391251801,2.64565298544498e-05,7.67516554112497e-06,6.9205453937209e-17,0.203448286967557,0.264356429130543,1.45830758100396,0.58816062790616,0.588557984220579,0.297059261601367,0.297051402444144,-0.000397356314418884,-7.85915722309738e-06,15,4,0.023427288813791,0.0245628392924884,1.2,0.15
221,11,0.733333333333333,6,kalman-gm,0.000222709895437921,0.000647192664868212,0.000269437515666277,7.72128675518807e-05,8.88217861236313e-07,1.53789897638242e-17,0.819074991093826,1.31061949356903,0.692734147604144,0.736878508068452,0.736992610834521,0.283071680542917,0.283093537319094,-0.000114102766068536,2.18567761774485e-05,15,4,0.0188880483720254,0.0217126354053692,1.2,0.15
222,11,0.733333333333333,6,kalman-gm,0.000532179406599166,0.00402770715106603,0.000849064282228103,0.000401448052247595,1.08207279217735e-05,6.15159590552969e-17,0.51808119096975,0.863037933078198,0.898214932302513,0.800436693177499,0.800604835721028,0.127400052690752,0.127348908187743,-0.00016814254352992,-5.11445030089433e-05,15,4,0.0168956970588219,0.0254984330668169,1.2,0.15
223,11,0.733333333333333,6,kalman-gm,0.00229255408071767,0.00126581137392595,0.00179486774286161,0.00121371555101431,5.502602999189e-05,1.53789897638242e-17,0.79312989254962,0.597549153571238,1.30329649489341,0.631765820639109,0.633084330255758,0.199721106557011,0.199963511169905,-0.00131850961664923,0.00024240461289403,15,4,0.126891255709829,0.141464639138299,1.2,0.15
224,11,0.733333333333333,6,kalman-gm,0.000169428431199635,0.000141173963058102,9.95198985552559e-05,3.64925176602509e-05,6.63604811637941e-06,2.30684846457363e-17,0.0481371478560657,0.463051028862835,0.592281344296908,0.762273019763617,0.7621710335019,0.244169401482415,0.244178311838611,0.000101986261717263,8.91035619568992e-06,15,4,0.00941469061554861,0.0197296281080344,1.2,0.15
225,11,0.733333333333333,6,kalman-gm,0.00130554089866045,0.000672137844046149,0.00181571074415434,7.55285211270969e-05,1.08320586925035e-05,6.15159590552969e-17,0.291614384902441,0.729279058224026,0.637355252916784,0.724412102927382,0.724453377071137,0.172054655203123,0.172067650236784,-4.12741437541775e-05,1.29950336605245e-05,15,4,0.0174609058334177,0.0299151158056552,1.2,0.15
226,11,0.733333333333333,6,kalman-gm,0.000564724898232241,0.00157952928222459,0.000447391079088763,0.000417713214350772,6.3767050025172e-06,9.99634334648575e-17,0.174879333046683,0.585617195330863,0.470657995974827,0.838028104896721,0.837617642169914,0.168515930875735,0.168586322206891,0.000410462726807231,7.03913311554158e-05,15,4,0.0261567663067911,0.034878924684278,1.2,0.15
227,11,0.733333333333333,6,kalman-gm,0.00215880952930427,0.0034879682034874,0.000688461619070722,0.00046759774323628,3.9934040570571e-05,7.68949488191212e-17,0.110736505034098,0.263544876439357,2.06632714582914,0.309340399244484,0.308717153284861,0.238297491646893,0.23818606427758,0.000623245959623001,-0.000111427369312953,15,4,0.0552200996653229,0.0250296165345236,1.2,0.15
228,11,0.733333333333333,6,kalman-gm,0.00127019662242292,0.00361580144958664,0.00164409015952235,0.000885215070747356,4.86577087677936e-05,8.45844437010333e-17,0.0483162397531314,0.199619839443732,0.738939281598371,0.743211364953001,0.744092354796311,0.161813969084391,0.161957209248482,-0.000880989843310198,0.000143240164090949,15,4,0.0353856804486757,0.0587449454062785,1.2,0.15
229,11,0.733333333333333,6,kalman-gm,0.00887115290361133,0.00407534670625511,0.000475842312863621,0.000340936917534079,1.55608418169011e-05,3.84474744095606e-17,0.638544503186424,0.3337840788977,1.64370770917929,0.103957868129617,0.10388355573253,0.227650835032501,0.227728449606471,7.43123970871291e-05,7.76145739700401e-05,15,4,0.0409763608549673,0.0322770964885861,1.2,0.15
230,11,0.733333333333333,6,kalman-gm,0.00346587280587395,0.0013319904672963,0.00458588581502645,0.000285773159709963,4.80138475061563e-05,3.07579795276485e-17,0.270443542912953,0.710606251190174,1.03116073077123,0.494170623138713,0.495194789041802,0.108387537916611,0.108418512165795,-0.00102416590308948,3.09742491836133e-05,15,4,0.0443529312167804,0.0618312412677051,1.2,0.15
201,11,0.733333333333333,6,mean,0.000710986706752164,0.000610781713396897,0.00198773271829337,0.000178024721958993,6.89948034276396e-06,5.38264641733848e-17,0.29307146814661,0.736074903885666,0.818559965196548,0.619669905738535,0.619959654147205,0.257980404438362,0.257934477548591,-0.000289748408670104,-4.5926889771008e-05,15,4,0.0297783169518506,0.0439313846671139,1.2,0.15
202,11,0.733333333333333,6,mean,0.00757050439652611,0.0209869092951232,0.000361418813406553,0.000257014384059463,1.46786436994735e-05,8.45844437010333e-17,0.992410446876425,1.09575616613398,1.41405975675455,0.170303632416306,0.171407537224337,0.250357809507245,0.25042215506545,-0.00110390480803025,6.43455582049809e-05,15,4,0.0701332919586016,0.0473134365235224,1.2,0.15
203,11,0.733333333333333,6,mean,0.000579908458617362,0.000711316055839801,0.000495438294299075,2.14629042734907e-05,6.18449763542966e-06,4.61369692914727e-17,1.18144537861755,1.97178415737099,0.568641324071082,0.694831361493501,0.695098415525907,0.26282292600725,0.262817285063948,-0.000267054032405184,-5.64094330177234e-06,15,4,0.0182125976423388,0.0375289216552961,1.2,0.15
204,11,0.733333333333333,6,mean,0.00164899398017876,0.00133427417545826,0.00159041931872795,3.37287722347906e-05,4.91976021779067e-06,5.38264641733848e-17,0.252624981250395,0.239683131110299,0.869678685253846,0.529232922627113,0.528413331877603,0.24116603027141,0.241167926128461,0.000819590749510424,1.89585705157619e-06,15,4,0.0222420415172367,0.0428298129190567,1.2,0.15
205,11,0.733333333333333,6,mean,0.00964599505677553,0.00446462170441467,0.00233751100713095,2.50325365419534e-05,9.87471866085242e-06,4.61369692914727e-17,1.84004143335399,2.19507323358067,1.42095624115245,0.138313992330884,0.139244330024889,0.296187404006534,0.296184172033553,-0.000930337694004986,-3.23197298172317e-06,15,4,0.030223728409231,0.0389485982380107,1.2,0.15
206,11,0.733333333333333,6,mean,0.000375402464705565,0.000669811150473322,0.000225360485126129,1.42784086894922e-05,2.03447588624781e-06,1.53789897638242e-17,0.0859647827850339,0.535746975573065,0.671037117057446,0.730816175518362,0.730954620897473,0.303090070568099,0.303086856665656,-0.000138445379111041,-3.2139024431177e-06,15,4,0.0209381180538636,0.0330706329304427,1.2,0.15
207,11,0.733333333333333,6,mean,0.00221449472370416,0.00279311595299138,0.00128356030474738,0.000320702896288895,1.94437534408572e-05,2.30684846457363e-17,0.228794779649985,0.666639689865419,0.926070559719111,0.623915090092474,0.624874545545335,0.298159732371074,0.298064111681346,-0.000959455452860997,-9.56206897281253e-05,15,4,0.0528134909190008,0.0418304463828942,1.2,0.15
208,11,0.733333333333333,6,mean,0.000144166951751457,9.76507306205107e-05,0.000104566387960672,5.62096315198912e-06,1.06636145045452e-06,1.53789897638242e-17,0.11624670115302,0.380204841748955,0.81074950252289,0.647484045491922,0.647545185282924,0.189699177986297,0.189698143390156,-6.1139791002196e-05,-1.03459614137852e-06,15,4,0.0217690601378081,0.0427908189161648,1.2,0.15
209,11,0.733333333333333,6,mean,0.000392575303335955,0.000151966369526152,0.000365883073272557,1.26653074173516e-05,1.07437114898682e-06,2.30684846457363e-17,0.244374127448516,0.687667567600043,1.49652243936548,0.451989620055829,0.451816300487975,0.317639695355088,0.317635672350698,0.000173319567853433,-4.02300438962611e-06,15,4,0.0308031859092718,0.0392730328196773,1.2,0.15
210,11,0.733333333333333,6,mean,0.00475319100759244,0.00282935788126128,0.00558135910864186,0.00334737147448715,0.000222868359689519,5.38264641733848e-17,0.092017925668448,0.506888476559897,0.563630633140404,0.916126108150963,0.911793051811979,0.128705980652668,0.1291368073809,0.00433305633898398,0.000430826728232635,15,4,0.15634343784197,0.202811728795996,1.2,0.15
211,11,0.733333333333333,6,mean,0.00064592349881094,0.00502782861837673,0.000540936762257913,0.000164933446483231,3.96297295866373e-06,3.84474744095606e-17,0.0370514656430233,0.307759044460495,1.04203170138697,0.525886913924451,0.525761322080416,0.223240579886201,0.223277399724437,0.000125591844034884,3.68198382355461e-05,15,4,0.0229786618027811,0.041780325374005,1.2,0.15
212,11,0.733333333333333,6,mean,0.000558870637482395,0.00222940764113231,0.000152194773537535,7.03266884576538e-05,1.11308513066799e-06,7.68949488191212e-17,1.52613354774964,1.67891999075017,1.27099709124043,0.261334931329236,0.261263431232234,0.273468331842722,0.27345016986213,7.1500097002028e-05,-1.81619805919869e-05,15,4,0.0239436908008833,0.0384012582650857,1.2,0.15
213,11,0.733333333333333,6,mean,0.00084704344250906,0.000789911021093499,0.000755121000039042,0.000107835727541679,1.00561478696111e-05,0,0.50275227232006,0.901748368405076,0.4371755790856,0.87541225150597,0.87484054447043,0.099987220540524,0.0999944275276683,0.000571707035539803,7.20698714426024e-06,15,4,0.0405692274141053,0.0563563032824905,1.2,0.15
214,11,0.733333333333333,6,mean,0.000537634466140402,0.000505414210394402,0.000754421122117211,8.64323851388232e-05,8.53228801649146e-06,6.15159590552969e-17,0.413770363604946,0.874008240783977,0.805072605989209,0.677496965498298,0.677477181274108,0.164646329192749,0.164656964453253,1.97842241900281e-05,1.06352605033666e-05,15,4,0.0235466687955964,0.0466049839997016,1.2,0.15
215,11,0.733333333333333,6,mean,0.000389081259637558,0.000178614573781221,4.40093183817262e-05,0.000179680326635771,7.51201620965337e-06,3.07579795276485e-17,0.418702342031273,0.880575589781061,0.804942308944698,0.671400880245596,0.671661986419098,0.264174674618106,0.26422214160993,-0.000261106173502307,4.74669918242798e-05,15,4,0.027997618407834,0.0432752919761645,1.2,0.15
216,11,0.733333333333333,6,mean,0.0149484758716518,0.00853800846376656,0.00278859059031712,0.000172773534940767,2.28777253566007e-05,6.9205453937209e-17,0.202316802210306,0.473384724149676,1.58520395465199,0.163759311983133,0.161361341552346,0.218317963952119,0.218355683518492,0.00239797043078625,3.77195663730787e-05,15,4,0.0491081800364346,0.0503664821204906,1.2,0.15
217,11,0.733333333333333,6,mean,0.000497371976682219,0.000707721868868763,0.000358099217624806,7.220058215515e-05,1.6080232146475e-06,5.38264641733848e-17,0.843441533055965,0.466202196987246,1.87275476017588,0.553435616137662,0.553385087445041,0.318752576091467,0.31872956196991,5.05286926215653e-05,-2.30141215572577e-05,15,4,0.0259237683280003,0.0396643343086591,1.2,0.15
218,11,0.733333333333333,6,mean,0.00527891578926053,0.0286477798461821,0.00121575801027122,6.5605865186528e-05,8.75197985996499e-07,5.38264641733848e-17,1.36848457954613,1.51585476140813,1.51320363859032,0.150586228929638,0.150396581885582,0.292442391755793,0.292461568576952,0.000189647044055914,1.91768211587462e-05,15,4,0.0368344184162913,0.0398056486772082,1.2,0.15
219,11,0.733333333333333,6,mean,0.0048320241436166,0.00426481990271343,0.00419953459973089,0.000175213812548526,1.50015447409243e-05,8.45844437010333e-17,0.263558064665247,0.727155132547399,1.37882164941235,0.462880280277805,0.465116928967711,0.371949336250492,0.371884165589213,-0.00223664868990637,-6.51706612793423e-05,15,4,0.079206976511593,0.0440251404876819,1.2,0.15
220,11,0.733333333333333,6,mean,0.00094341189203355,0.00110947336431916,0.000921533072216455,8.02383506104723e-06,3.33664255048253e-06,5.38264641733848e-17,0.204111642286033,0.264360724070464,1.45674881640131,0.58816062790616,0.588041387413136,0.297059261601367,0.297060383853092,0.000119240493023953,1.12225172522407e-06,15,4,0.0241108267223082,0.0421566560936357,1.2,0.15
221,11,0.733333333333333,6,mean,0.000316533266519116,0.000788412518881997,0.000541555898324908,9.83691189429459e-05,3.0036998226001e-06,2.30684846457363e-17,0.818645266563623,1.31038926043712,0.693497925519102,0.736878508068452,0.73705078654753,0.283071680542917,0.283043835031104,-0.000172278479077248,-2.78455118127058e-05,15,4,0.0269227983057396,0.0410928744658303,1.2,0.15
222,11,0.733333333333333,6,mean,0.000368423013383415,0.000340607465915948,0.000777746033877679,0.000163553238873412,3.55650439674288e-05,4.61369692914727e-17,0.518081190969751,0.863424742496518,0.898865319442269,0.800436693177499,0.80015112288432,0.127400052690752,0.127379215999502,0.000285570293178705,-2.08366912502159e-05,15,4,0.021876879113708,0.0455778611059067,1.2,0.15
223,11,0.733333333333333,6,mean,0.00275414691897979,0.00305525152422399,0.00176279836974964,0.000514377148928849,6.51492675617348e-05,3.84474744095606e-17,0.805874862334637,0.611009861438531,1.31225460117565,0.631765820639109,0.632843112880399,0.199721106557011,0.199823838530383,-0.00107729224129006,0.00010273197337171,15,4,0.132243564401843,0.0863208691521731,1.2,0.15
224,11,0.733333333333333,6,mean,0.000477878126009018,0.000776447352463608,0.000145679157599149,8.9651017081721e-05,3.05867203561316e-06,3.07579795276485e-17,0.0481375220569582,0.463036306380763,0.592312171865121,0.762273019763617,0.761940364315418,0.244169401482415,0.244147511447232,0.00033265544819871,-2.18900351831336e-05,15,4,0.015392145724537,0.0356277368623257,1.2,0.15
225,11,0.733333333333333,6,mean,0.000719668349037617,0.000446355742558073,0.00122029604378223,0.000134609393901529,3.42573550394198e-06,6.9205453937209e-17,0.291567098686621,0.729335246065505,0.638056888103285,0.724412102927382,0.724148868890671,0.172054655203123,0.172077815375978,0.000263234036711407,2.31601728548289e-05,15,4,0.0207944506222163,0.0454070828881288,1.2,0.15
226,11,0.733333333333333,6,mean,0.000366064509493179,0.00201505925372388,0.000308733250412044,0.000186701059188671,1.18133177051167e-05,7.68949488191212e-17,0.174879975213127,0.585365295255503,0.469454995832435,0.838028104896721,0.837925933783844,0.168515930875735,0.168484468772951,0.000102171112877519,-3.14621027846645e-05,15,4,0.0297425562781183,0.0473685900253793,1.2,0.15
227,11,0.733333333333333,6,mean,0.00289532798119383,0.00928995334912599,0.000822445343272467,0.000567379837432656,2.46619005826255e-05,6.9205453937209e-17,0.11413712895651,0.26346743801946,2.06893706990875,0.309340399244484,0.30858484301075,0.238297491646893,0.238162286454822,0.000755556233733426,-0.000135205192071224,15,4,0.0642924442417692,0.0413651557216048,1.2,0.15
228,11,0.733333333333333,6,mean,0.00142998909564816,0.00130558760737611,0.00153009110899696,0.000669684547925317,1.53391777676284e-05,6.9205453937209e-17,0.0469790021889619,0.199526138321291,0.739603069940909,0.743211364953001,0.743520534498715,0.161813969084391,0.161922333399125,-0.0003091695457139,0.000108364314734281,15,4,0.0416824415875915,0.0564282397876728,1.2,0.15
229,11,0.733333333333333,6,mean,0.0137437181724142,0.00740037906946816,0.00181664772647617,0.000586930056562689,2.99204619064723e-05,3.84474744095606e-17,0.638514140701786,0.334123193814906,1.64434854222613,0.103957868129617,0.102830839023026,0.227650835032501,0.227784450149983,0.00112702910659179,0.000133615117482169,15,4,0.0443118316353839,0.0435455872961406,1.2,0.15
230,11,0.733333333333333,6,mean,0.00360923663355762,0.0014032483433896,0.00530968988182289,0.000278767181755008,4.83757185792765e-05,3.07579795276485e-17,0.27044354291296,0.710461567726375,1.0338745353175,0.494170623138713,0.49350228269395,0.108387537916611,0.108417752805093,0.000668340444763108,3.02148884823777e-05,15,4,0.037783012070675,0.0513888871685042,1.2,0.15
201,11,0.733333333333333,6,none,0.00310938943826114,0.00538267015985969,0.00347780125562488,0.000141463803195915,3.60184052339772e-05,0.733333333333333,0.312311548370643,0.77544698788303,0.82628377795878,0.619669905738535,0.618921703242322,0.257980404438362,0.257999441396111,0.000748202496212591,1.9036957749603e-05,4,4,NaN,NaN,1.2,0.15
202,11,0.733333333333333,6,none,0.0737561349769844,0.135738658633396,0.00479501269895181,0.00253283731666516,0.000167340938285056,0.733333333333333,0.970379013582667,1.04897191704163,1.38965766138578,0.170303632416306,0.182864570115874,0.250357809507245,0.250991925109683,-0.0125609376995678,0.000634115602438497,4,4,NaN,NaN,1.2,0.15
203,11,0.733333333333333,6,none,0.00888154735501152,0.0363833427801874,0.012770365825832,0.00240131418488238,0.000183070570283485,0.733333333333333,1.12411521558091,1.69654432034717,0.570003034836142,0.694831361493501,0.701002539134353,0.26282292600725,0.263454046427584,-0.00617117764085166,0.000631120420333501,4,4,NaN,NaN,1.2,0.15
204,11,0.733333333333333,6,none,0.0323399411015117,0.0634474428625399,0.0289913552332257,0.00231104976572056,0.000258772025792567,0.733333333333333,0.211240387122763,0.264421973745913,0.851944256664662,0.529232922627113,0.546348284173855,0.24116603027141,0.241723376969168,-0.0171153615467417,0.000557346697758501,4,4,NaN,NaN,1.2,0.15
205,11,0.733333333333333,6,none,0.0291087605073174,0.0411301066226827,0.00428796376792965,0.000287519758186516,6.05912775402067e-05,0.733333333333333,1.81004035151557,2.16527468915057,1.43200868058856,0.138313992330884,0.134368716938897,0.296187404006534,0.296102244275756,0.00394527539198761,-8.51597307778507e-05,4,4,NaN,NaN,1.2,0.15
206,11,0.733333333333333,6,none,0.0204294953019477,0.0172500065614842,0.0108795768323697,0.00214724698330453,0.000134088720664972,0.733333333333333,0.0898477519500287,0.520613966489051,0.693863257906682,0.730816175518362,0.715885969894022,0.303090070568099,0.303740879807796,0.0149302056243398,0.000650809239696909,4,4,NaN,NaN,1.2,0.15
207,11,0.733333333333333,6,none,0.00200595184675869,0.00312603471520508,0.00411248424027391,0.000539887862436737,4.23627125103657e-05,0.733333333333333,0.22532885225222,0.65049708236297,0.922990189484043,0.623915090092474,0.624691994855457,0.298159732371074,0.297998759550499,-0.000776904762983255,-0.000160972820574529,4,4,NaN,NaN,1.2,0.15
208,11,0.733333333333333,6,none,0.0083595920553056,0.0103275493933996,0.00471871015151985,0.00714228197318074,0.000582882583347761,0.733333333333333,0.104482966130826,0.370234352945309,0.800291210689853,0.647484045491922,0.642176685454261,0.189699177986297,0.191054063005556,0.00530736003766083,0.00135488501925874,4,4,NaN,NaN,1.2,0.15
209,11,0.733333333333333,6,none,0.0148538457584889,0.0709712657157229,0.0106614889271027,0.000970516259655597,5.43376345093586e-05,0.733333333333333,0.257126633851985,0.717810967771547,1.48644335959518,0.451989620055829,0.458703404156576,0.317639695355088,0.31735549429475,-0.00671378410074727,-0.000284201060338075,4,4,NaN,NaN,1.2,0.15
210,11,0.733333333333333,6,none,0.00345298272683647,0.00739631238654351,0.00326284859758494,0.00323632157293863,0.00122082333086243,0.733333333333333,0.0831636577019598,0.506092604162765,0.490438449313217,0.916126108150963,0.919289475778012,0.128705980652668,0.128991156516577,-0.0031633676270492,0.000285175863909175,4,4,NaN,NaN,1.2,0.15
211,11,0.733333333333333,6,none,0.00722152011040672,0.0370433835291676,0.0123873366815189,0.00181377989592274,5.6655847294292e-05,0.733333333333333,0.0393690174334081,0.291220746263102,1.04620239473593,0.525886913924451,0.522089210999746,0.223240579886201,0.223645489161953,0.00379770292470515,0.000404909275751726,4,4,NaN,NaN,1.2,0.15
212,11,0.733333333333333,6,none,0.0217494003406952,0.071815723874319,0.00138628031261893,0.00435647884438526,0.00021521650132745,0.733333333333333,1.51586972633059,1.66364671274823,1.29149394980439,0.261334931329236,0.255655820302743,0.273468331842722,0.274659690845004,0.00567911102649335,0.00119135900228214,4,4,NaN,NaN,1.2,0.15
213,11,0.733333333333333,6,none,0.00138967701510916,0.00329933200119218,0.00124528101454973,0.00427743735997183,0.000521932227308816,0.733333333333333,0.48591197748365,0.883204978929784,0.433545498840036,0.87541225150597,0.87636030676483,0.099987220540524,0.100414909613184,-0.000948055258859931,0.00042768907265978,4,4,NaN,NaN,1.2,0.15
214,11,0.733333333333333,6,none,0.0131753351625375,0.0130599060374465,0.00633592660086655,0.00362241048370377,0.000582879374612507,0.733333333333333,0.331644941892728,0.864628411375084,0.787513938966235,0.677496965498298,0.68642321509034,0.164646329192749,0.16524274578172,-0.00892624959204215,0.000596416588971157,4,4,NaN,NaN,1.2,0.15
215,11,0.733333333333333,6,none,0.00106788341797006,0.00326773546521732,0.00200451443790173,9.92859112197638e-05,1.2082848748382e-05,0.733333333333333,0.403522135817972,0.874377139536795,0.802042640885466,0.671400880245596,0.670711146513651,0.264174674618106,0.26416288539776,0.000689733731944842,-1.17892203458353e-05,4,4,NaN,NaN,1.2,0.15
216,11,0.733333333333333,6,none,0.044327955210444,0.0690674983312845,0.0202258456541148,0.00411372448306307,0.00041367281532665,0.733333333333333,0.0996274648286313,0.433873664958698,1.57991087876767,0.163759311983133,0.156500196536251,0.218317963952119,0.219216063905521,0.00725911544688143,0.000898099953402313,4,4,NaN,NaN,1.2,0.15
217,11,0.733333333333333,6,none,0.0188951928422384,0.0273810022106498,0.0115568745034172,0.000406290236637372,2.29204713688484e-05,0.733333333333333,0.823152943138841,0.448302872484041,1.86242428405654,0.553435616137662,0.563844388996694,0.318752576091467,0.318882082151036,-0.0104087728590315,0.000129506059568974,4,4,NaN,NaN,1.2,0.15
218,11,0.733333333333333,6,none,0.0817223297337082,0.0350734219522821,0.00508000601306588,0.0013800204170852,4.78419372396804e-05,0.733333333333333,1.1577293510176,1.3064556596874,1.53080158692475,0.150586228929638,0.13845091829574,0.292442391755793,0.292845968227238,0.0121353106338975,0.000403576471444222,4,4,NaN,NaN,1.2,0.15
219,11,0.733333333333333,6,none,0.00710338017086216,0.0429233019795521,0.00580151830469736,0.00121875465254165,6.14347205475611e-05,0.733333333333333,0.248095821340948,0.716880708580293,1.36080711268341,0.462880280277805,0.459830735071252,0.371949336250492,0.371496021266427,0.00304954520655246,-0.000453314984065067,4,4,NaN,NaN,1.2,0.15
220,11,0.733333333333333,6,none,0.00318404000438991,0.0139853157495628,0.00650564890712032,0.000301021691828681,5.77120674567349e-05,0.733333333333333,0.175981176901138,0.29624121932875,1.43819721519381,0.58816062790616,0.586722836831976,0.297059261601367,0.297146774966717,0.00143779107418427,8.7513365349855e-05,4,4,NaN,NaN,1.2,0.15
221,11,0.733333333333333,6,none,0.00314056865670972,0.00445190732278687,0.00373406146396466,0.000642810612434083,8.59617432583596e-05,0.733333333333333,0.760937702557727,1.19296908361807,0.686058807766783,0.736878508068452,0.739192725614695,0.283071680542917,0.283252854476899,-0.0023142175462428,0.000181173933981805,4,4,NaN,NaN,1.2,0.15
222,11,0.733333333333333,6,none,0.00444609289154982,0.0104978272332811,0.00870724022051082,0.00814390592274732,0.000976023380312366,0.733333333333333,0.506146051297452,0.862878798213874,0.873976795263952,0.800436693177499,0.803995509069171,0.127400052690752,0.128437586734418,-0.00355881589167212,0.00103753404366653,4,4,NaN,NaN,1.2,0.15
223,11,0.733333333333333,6,none,0.00321569566978624,0.00721144559743646,0.0065581640385524,0.0023893190449836,0.00020365580674854,0.733333333333333,0.765604003847633,0.603199034197827,1.27284834902119,0.631765820639109,0.630046360735465,0.199721106557011,0.200198304000593,0.00171945990364338,0.000477197443581867,4,4,NaN,NaN,1.2,0.15
224,11,0.733333333333333,6,none,0.00511362816594893,0.00680905067009805,0.00379898282241508,0.00072838755562837,7.07926794686408e-05,0.733333333333333,0.0278500518641551,0.440006210784528,0.606885912394092,0.762273019763617,0.758520390109107,0.244169401482415,0.24399155152891,0.0037526296545093,-0.000177849953505018,4,4,NaN,NaN,1.2,0.15
225,11,0.733333333333333,6,none,0.0023549028694488,0.00329720193383747,0.00404824072446488,0.00190567138455697,0.00013642759233471,0.733333333333333,0.270060614490292,0.710863711116574,0.639642126067036,0.724412102927382,0.722885413639964,0.172054655203123,0.172382534836124,0.00152668928741819,0.000327879633000407,4,4,NaN,NaN,1.2,0.15
226,11,0.733333333333333,6,none,0.00290344153074186,0.0104362432889507,0.00404709260160388,0.00213316122460179,0.000135480913240428,0.733333333333333,0.158985421947467,0.533632031443693,0.470412870844902,0.838028104896721,0.840461270500407,0.168515930875735,0.168875402525207,-0.00243316560368604,0.000359471649471794,4,4,NaN,NaN,1.2,0.15
227,11,0.733333333333333,6,none,0.00823138702259692,0.0351235796793055,0.0125850322940555,0.00479630488746547,0.000127211789563628,0.733333333333333,0.145268932580431,0.172969799833952,2.06846156826356,0.309340399244484,0.306851669165493,0.238297491646893,0.23944043907075,0.00248873007899074,0.00114294742385675,4,4,NaN,NaN,1.2,0.15
228,11,0.733333333333333,6,none,0.00413048800463951,0.0188024622027888,0.0112304538491584,0.00826899438964339,0.000895288752623522,0.733333333333333,0.0304269690762712,0.194351343988851,0.727703320753456,0.743211364953001,0.746092195586328,0.161813969084391,0.163152007886915,-0.00288083063332729,0.00133803880252475,4,4,NaN,NaN,1.2,0.15
229,11,0.733333333333333,6,none,0.0604148275883634,0.221048394123782,0.0268036858789356,0.00620045475748961,0.000163128824387825,0.733333333333333,0.649432145364044,0.355190692643597,1.64569796476443,0.103957868129617,0.0976772714501127,0.227650835032501,0.229062373735625,0.00628059667950465,0.00141153870312375,4,4,NaN,NaN,1.2,0.15
230,11,0.733333333333333,6,none,0.0153182318848805,0.0245149827777535,0.0214033069358171,0.00793029380179971,0.00122693742430104,0.733333333333333,0.265386695157609,0.701681072038994,1.02891481079225,0.494170623138713,0.501646242192505,0.108387537916611,0.109247082936743,-0.00747561905379169,0.000859545020132432,4,4,NaN,NaN,1.2,0.15
201,11,0.733333333333333,10.2,hold,0.00152636761019062,0.00239216195444317,0.00247519166067143,0.00023637863690794,4.51384420463007e-06,4.07090905512994e-17,0.345571455857699,0.825368171331131,0.820260217300395,0.616454826456683,0.617323738108041,0.256843355035923,0.256904067318085,-0.000868911651358113,6.07122821622535e-05,15,4,0.0481297673863755,0.0736101228800017,1.2,0.255
202,11,0.733333333333333,10.2,hold,0.0136953866809038,0.0465576355197386,0.00165849406830507,0.000519886947298091,5.82294696656562e-05,7.23717165356434e-17,1.0449104459204,1.09378513097769,1.43060573400613,0.160681919011297,0.162008520574401,0.251232225543705,0.251362837898506,-0.00132660156310404,0.000130612354800822,15,4,0.115858683574238,0.140182462542113,1.2,0.255
203,11,0.733333333333333,10.2,hold,0.00384562365587106,0.00394821015424853,0.00425432885301944,0.000209802713491445,2.85291983375802e-05,5.88020196852102e-17,1.24659397986907,2.15753560463043,0.574792681948646,0.694960207614072,0.692382800491671,0.265257115383265,0.265312767045845,0.00257740712240078,5.56516625803222e-05,15,4,0.0394685872487546,0.072930867123902,1.2,0.255
204,11,0.733333333333333,10.2,hold,0.00458393794713837,0.0171985352947243,0.00266190814309655,0.000769185586923747,4.43126147396764e-05,4.07090905512994e-17,0.196482338572625,0.289064241041152,0.879022838093954,0.52268663025448,0.520377777830492,0.242669746266092,0.242483088194882,0.00230885242398764,-0.000186658071210321,15,4,0.0641622728176903,0.126495463608421,1.2,0.255
205,11,0.733333333333333,10.2,hold,0.00654093953890159,0.0178305648177136,0.0146946946095852,0.000937642083202399,0.000110875899863638,5.88020196852102e-17,1.88370315675138,2.28266925677922,1.41725422853902,0.140428566270625,0.140241267982535,0.295926180234087,0.296203653074196,0.000187298288089254,0.000277472840108818,15,4,0.051120850313301,0.110164928921795,1.2,0.255
206,11,0.733333333333333,10.2,hold,0.000139882543521457,0.000171742497756147,0.000181940551386405,2.35234520018884e-05,2.21595957275836e-06,4.97555551182548e-17,0.138464782732679,0.635490168021014,0.655689270316867,0.741284681449617,0.741197034151099,0.30427085822132,0.304278015722249,8.76472985186097e-05,7.15750092894263e-06,15,4,0.0332754644293248,0.0494167697745072,1.2,0.255
207,11,0.733333333333333,10.2,hold,0.00268370285381908,0.00332356612627269,0.0034301520612923,8.92102388478222e-05,1.2242483149525e-05,3.1662625984344e-17,0.281289175500024,0.750665002955566,0.92784867851097,0.624781647399439,0.623407675031072,0.297896301047248,0.297874123804837,0.00137397236836699,-2.21772424106909e-05,15,4,0.074574172236909,0.0613230846221455,1.2,0.255
208,11,0.733333333333333,10.2,hold,0.000746646504126837,0.000948634746659627,0.000825754716907677,0.000333188141958222,5.94458098539151e-05,1.35696968504331e-17,0.0792960922462914,0.498153620677675,0.811370250413892,0.650689174464744,0.650389116867703,0.187972843293289,0.188035473615684,0.000300057597041299,6.26303223954949e-05,15,4,0.0488626525469498,0.110218133864346,1.2,0.255
209,11,0.733333333333333,10.2,hold,0.000746295608001347,0.00110344173656326,0.000558175404444073,8.42373791728345e-06,1.15651383504172e-06,1.80929291339108e-17,0.296875370710771,0.779313272708929,1.49392587024786,0.450866371605387,0.450544334930331,0.320189618981196,0.32019231617463,0.000322036675056541,2.69719343413244e-06,15,4,0.0519742854338852,0.0648599746145475,1.2,0.255
210,11,0.733333333333333,10.2,hold,0.00830381668822582,0.00435732919691511,0.0120469310009011,0.00867846250056943,0.00106403558596641,8.59414133860765e-17,0.159137255584417,0.541401313150092,0.623121450465077,0.914585479434601,0.906990929267663,0.128852532382506,0.129970774252891,0.00759455016693805,0.00111824187038499,15,4,0.270876201860885,0.76102341095527,1.2,0.255
211,11,0.733333333333333,10.2,hold,0.00386267942654578,0.0248712591514558,0.00325988787055809,0.000390082548148965,5.70385498793786e-05,7.23717165356434e-17,0.0570623791219271,0.402510765387692,1.04642110164409,0.524420526677302,0.522449286758425,0.223419351449529,0.223377544042897,0.00197123991887709,-4.18074066323107e-05,15,4,0.0634131212344517,0.145005536493676,1.2,0.255
212,11,0.733333333333333,10.2,hold,0.00271609323569629,0.00304020075855595,0.00178903723874713,0.000283390864518397,5.19919463208276e-06,4.97555551182548e-17,1.58313074062383,1.70030159657216,1.25596958592057,0.265752189746186,0.265604927814006,0.274476173078156,0.274553957118134,0.000147261932180725,7.77840399783197e-05,15,4,0.0357474620704556,0.0537155037514072,1.2,0.255
213,11,0.733333333333333,10.2,hold,0.0024078997724756,0.00305180833391399,0.00261997434333818,0.00211779487718468,4.07217641218891e-05,9.04646456695542e-18,0.541306756559766,1.01173386043108,0.451413022294998,0.872167985399024,0.870105608939861,0.0994968351178286,0.0997075490055373,0.00206237645916283,0.000210713887708626,15,4,0.0962502798840149,0.18775191190653,1.2,0.255
214,11,0.733333333333333,10.2,hold,0.0012902613992027,0.00437331461658038,0.0029193676903424,0.000438216539921026,6.95087660687518e-05,8.14181811025988e-17,0.476922484115712,0.971171983982657,0.815305088499673,0.673134034661924,0.672337212833938,0.163489207893029,0.163560851568027,0.000796821827985745,7.16436749973126e-05,15,4,0.0650934057515034,0.122263167874941,1.2,0.255
215,11,0.733333333333333,10.2,hold,0.00014874049206262,0.000186239360651516,0.000215989106855866,8.38562309636616e-05,3.14204944023539e-06,3.61858582678217e-17,0.486243536266801,0.962168985463422,0.802798769077848,0.671087494214146,0.671031791879042,0.263019681400256,0.263041737239408,5.57023351037591e-05,2.20558391514886e-05,15,4,0.0373152958315346,0.0620529752520471,1.2,0.255
216,11,0.733333333333333,10.2,hold,0.0246526248374774,0.0315215758031512,0.00885911786478937,0.000327527246828598,1.17073400638429e-05,4.97555551182548e-17,0.204462034040964,0.598167695576817,1.57727155834736,0.175349490945206,0.171566715631835,0.221394250448839,0.221466763098153,0.00378277531337057,7.25126493131895e-05,15,4,0.0844783273142336,0.188421004075185,1.2,0.255
217,11,0.733333333333333,10.2,hold,0.000665575562192751,0.000633698602089943,0.000320745546596582,5.53551482128437e-05,9.91886722678516e-07,4.07090905512994e-17,0.802900835955477,0.37907896736804,1.88182857971562,0.546133392757736,0.545888090128782,0.318504644301917,0.318522275173709,0.000245302628953617,1.76308717918117e-05,15,4,0.0428363864290722,0.0624199018319249,1.2,0.255
218,11,0.733333333333333,10.2,hold,0.0158147838592902,0.0186140091493801,0.00304419697983886,0.000304335814651843,1.13579576287931e-05,8.59414133860765e-17,1.45237026304013,1.48367222001659,1.50683544537239,0.154417413284555,0.152066661555454,0.292665219519477,0.29275428802748,0.00235075172910107,8.90685080027204e-05,15,4,0.0794182969018312,0.109109528623309,1.2,0.255
219,11,0.733333333333333,10.2,hold,0.00301454105873232,0.00375123952956346,0.00437408383238359,0.00015705552894621,1.99462156373047e-05,8.59414133860765e-17,0.321416354176874,0.825460183302023,1.37887678516046,0.465289877658764,0.466682738180738,0.37174679214134,0.371688407252266,-0.0013928605219738,-5.83848890738148e-05,15,4,0.0769993240423694,0.0589649129910866,1.2,0.255
220,11,0.733333333333333,10.2,hold,0.0018073596509139,0.00249383834276527,0.0019092386412807,0.000109769564984995,3.01409633427532e-06,5.88020196852102e-17,0.168512684203204,0.305592576656698,1.47130209704266,0.589985441053409,0.589575827020798,0.29879684942275,0.298764050622569,0.000409614032610913,-3.27988001800222e-05,15,4,0.0581650387907463,0.0976837759806051,1.2,0.255
221,11,0.733333333333333,10.2,hold,0.000985028555678207,0.00341820688025693,0.00193981600726643,0.000469414888748619,2.38371823948441e-05,1.80929291339108e-17,0.879767808960935,1.40994806968113,0.696757660385092,0.736145556159055,0.735646079469478,0.283196832028892,0.283329768838293,0.000499476689576669,0.000132936809400804,15,4,0.0412915857440896,0.084819901178486,1.2,0.255
222,11,0.733333333333333,10.2,hold,0.000803226784091228,0.00121392765194231,0.000573975491245708,0.00132381408019352,9.56691050324321e-05,7.68949488191211e-17,0.56455678302281,0.921856264850944,0.905530519063845,0.797942956744709,0.797370061379196,0.127132046923731,0.127300346117492,0.000572895365513004,0.000168299193761458,15,4,0.0457304231587482,0.0893776599695797,1.2,0.255
223,11,0.733333333333333,10.2,hold,0.00481172284445522,0.00726678906209996,0.00343498490545974,0.00165482729183558,0.000120125317878785,9.04646456695542e-18,0.850781612514547,0.560157169539425,1.39685810851636,0.631718246262418,0.628810630000404,0.196823045321248,0.197148753468307,0.00290761626201443,0.000325708147059792,15,4,0.120455110861974,0.180003495445001,1.2,0.255
224,11,0.733333333333333,10.2,hold,0.000760982720362707,0.00123923093484187,0.000419859282025608,0.000382480674137592,5.22051940284913e-05,3.61858582678217e-17,0.0965220310104078,0.55318748075107,0.589968097763213,0.763935855938713,0.763393425551342,0.243491386203349,0.243584516952891,0.000542430387371444,9.31307495417538e-05,15,4,0.0257921753410017,0.0590575856593489,1.2,0.255
225,11,0.733333333333333,10.2,hold,0.00298959899987962,0.00775360094157752,0.00466625250118585,0.001081455409724,0.000111780548537162,6.3325251968688e-17,0.344115632092382,0.819257805424924,0.638289344100846,0.721973315722292,0.723850944369437,0.172323341653194,0.172509701663247,-0.00187762864714564,0.000186360010052564,15,4,0.0572353598108542,0.121528800451121,1.2,0.255
226,11,0.733333333333333,10.2,hold,0.00352873304609435,0.00488732030804865,0.00335715918650823,0.00254920544973132,0.000102165407554478,7.23717165356434e-17,0.227377225287175,0.640943122841335,0.468121130326092,0.841433810705956,0.83891100536029,0.168295200922579,0.168724219965934,0.00252280534566701,0.000429019043355466,15,4,0.0764122384426286,0.157987745715526,1.2,0.255
227,11,0.733333333333333,10.2,hold,0.00351384819923432,0.00553946625805211,0.000908510459570618,0.000874766225374436,4.43743138640618e-05,8.59414133860765e-17,0.06392958095233,0.364423896568757,2.07075047337148,0.312902662733254,0.311869253679097,0.235418595642728,0.235624531879022,0.00103340905415727,0.00020593623629334,15,4,0.0526288347864037,0.0796322766420419,1.2,0.255
228,11,0.733333333333333,10.2,hold,0.00248045203261204,0.00889932939494136,0.0020156173856576,0.00500927704574815,0.000293143620580536,7.68949488191211e-17,0.0411536951350094,0.266654529740895,0.750831336786218,0.745696309265577,0.744432778963231,0.16238323784902,0.163196660474992,0.00126353030234592,0.000813422625971361,15,4,0.104308730708945,0.239358521945363,1.2,0.255
229,11,0.733333333333333,10.2,hold,0.0290193824326019,0.00749567582802623,0.00266078268148379,0.0015973953269572,0.000119759850450204,2.71393937008663e-17,0.599065524253102,0.302775935990181,1.63677219438704,0.110897494888555,0.113882855124764,0.227357107006652,0.227720286186935,-0.00298536023620844,0.000363179180282935,15,4,0.073279323706903,0.125821661793081,1.2,0.255
230,11,0.733333333333333,10.2,hold,0.0145569942179736,0.0148006564596408,0.0159706127885235,0.00320361009076618,4.44200554543207e-05,2.26161614173886e-17,0.322943542912922,0.79331290426249,1.03007712938532,0.48898322665365,0.49609872331685,0.110618412617553,0.110264034354667,-0.00711549666320015,-0.00035437826288613,15,4,0.120492076060256,0.261763791814771,1.2,0.255
201,11,0.733333333333333,10.2,kalman,0.00199593004468006,0.00382607915140519,0.00429399662337806,0.000715433182927375,3.40337097479211e-05,6.3325251968688e-17,0.345571429194587,0.827075404903948,0.818904230877556,0.616454826456683,0.617597471953974,0.256843355035923,0.256659600776916,-0.00114264549729118,-0.000183754259007096,15,4,0.0544637330205184,0.0704531752261477,1.2,0.255
202,11,0.733333333333333,10.2,kalman,0.0137436930799557,0.0505874801369029,0.000895070536919655,0.00115500154043838,3.94466999337695e-05,6.3325251968688e-17,1.04491044721001,1.09253484730615,1.42844131734744,0.160681919011297,0.162627972650363,0.251232225543705,0.251522399151216,-0.00194605363906601,0.000290173607510741,15,4,0.105434920800518,0.0779244403425592,1.2,0.255
203,11,0.733333333333333,10.2,kalman,0.000872849741337153,0.0112805930012294,0.00105475906572466,0.000183254989695813,1.06101179909394e-05,4.07090905512994e-17,1.24897256651603,2.11483178741981,0.566859889301313,0.694960207614072,0.695259061072576,0.265257115383265,0.265305725073211,-0.00029885345850371,4.86096899463012e-05,15,4,0.0321981129116264,0.059067935488472,1.2,0.255
204,11,0.733333333333333,10.2,kalman,0.00355199851614262,0.0087582159427071,0.00422331032792247,0.00155193948772893,2.42086798650246e-05,6.3325251968688e-17,0.193293770038637,0.289015331562632,0.878118129264805,0.52268663025448,0.520919121746404,0.242669746266092,0.242293137504385,0.00176750850807656,-0.00037660876170751,15,4,0.039728554785551,0.0724467273981015,1.2,0.255
205,11,0.733333333333333,10.2,kalman,0.0123418137351413,0.0101448910182766,0.00507715610058582,0.000499346437042714,1.88191159815483e-05,4.97555551182548e-17,1.88300676508368,2.28312313025926,1.42451713624951,0.140428566270625,0.140344513561223,0.295926180234087,0.29577841055036,8.40527094016823e-05,-0.000147769683727552,15,4,0.0405784539845687,0.0634016992176862,1.2,0.255
206,11,0.733333333333333,10.2,kalman,0.00052318452557093,0.00107528212516892,0.000378232163172254,0.000259616453893766,1.05339466292123e-05,4.52323228347771e-17,0.138464782849276,0.635443381522013,0.655281928414399,0.741284681449617,0.741453084979483,0.30427085822132,0.304191864500086,-0.000168403529865031,-7.8993721234632e-05,15,4,0.0292130082836613,0.0511095962082525,1.2,0.255
207,11,0.733333333333333,10.2,kalman,0.00282635074169015,0.00539225568188959,0.00139922256643775,0.000907585150008795,5.85641685790985e-05,3.1662625984344e-17,0.281308086796518,0.750447458836606,0.922801054675365,0.624781647399439,0.62630687604769,0.297896301047248,0.297625934788175,-0.00152522864825182,-0.000270366259073032,15,4,0.071931491673742,0.0670420790064647,1.2,0.255
208,11,0.733333333333333,10.2,kalman,0.000494963563224544,0.000774461349962146,0.000251625522288061,0.000356085355319803,9.15130417196684e-06,9.04646456695542e-18,0.0794244366098807,0.498113180503756,0.811898862333174,0.650689174464744,0.650978532920949,0.187972843293289,0.187905908916594,-0.000289358456204565,-6.69343766945643e-05,15,4,0.0373230558580119,0.0703278165888865,1.2,0.255
209,11,0.733333333333333,10.2,kalman,0.0026499548994996,0.0315489023651773,0.000908034628667341,0.000432775456364418,1.57068880434761e-05,2.26161614173886e-17,0.296871970484449,0.781013833073745,1.4937632420695,0.450866371605387,0.451848622326301,0.320189618981196,0.320051048772718,-0.000982250720913949,-0.000138570208477736,15,4,0.0528355923217553,0.0621481410367433,1.2,0.255
210,11,0.733333333333333,10.2,kalman,0.00895790081097221,0.00496779939273191,0.0110111102267135,0.00908200596423892,0.00095893874923638,7.68949488191211e-17,0.175945313564306,0.543964843659595,0.638590587339507,0.914585479434601,0.906405083025586,0.128852532382506,0.130022771850112,0.00818039640901465,0.00117023946760521,15,4,0.261913582346967,0.79997142583743,1.2,0.255
211,11,0.733333333333333,10.2,kalman,0.00197716581156551,0.0402601353187427,0.00144997784832824,0.00056422527297095,1.66430402206438e-05,8.59414133860765e-17,0.040955843163963,0.325797207537949,1.04754907181485,0.524420526677302,0.524390211163991,0.223419351449529,0.223545410294088,3.03155133108315e-05,0.000126058844558603,15,4,0.0463481798062392,0.0686785187494179,1.2,0.255
212,11,0.733333333333333,10.2,kalman,0.00555019672206274,0.0105487212721533,0.000927222757965603,0.000491946587360257,2.17298694452115e-05,8.14181811025988e-17,1.57957488460536,1.68720918474598,1.2576526164187,0.265752189746186,0.264354095398104,0.274476173078156,0.274611200694813,0.00139809434808176,0.000135027616657502,15,4,0.0348188314309394,0.0601156395019653,1.2,0.255
213,11,0.733333333333333,10.2,kalman,0.00119441480429056,0.00234567483183045,0.00173788599086847,0.000997752064018161,1.60316832182724e-05,9.04646456695542e-18,0.539373709571162,1.00882197459624,0.450447648283059,0.872167985399024,0.87122919553963,0.0994968351178286,0.0995961082904307,0.000938789859393372,9.92731726020882e-05,15,4,0.0742247466330849,0.100935073522231,1.2,0.255
214,11,0.733333333333333,10.2,kalman,0.00063968773858495,0.000783662112248329,0.000948445280996488,4.15631060562683e-05,2.96966550260935e-05,6.3325251968688e-17,0.484172865128937,0.973062186126364,0.814509111150326,0.673134034661924,0.673016386287509,0.163489207893029,0.163487367638446,0.000117648374415064,-1.84025458301817e-06,15,4,0.04368846331901,0.078096316739131,1.2,0.255
215,11,0.733333333333333,10.2,kalman,0.000468408997015782,0.000167962225796326,0.00022635049127882,0.000296868998450742,3.22793090803099e-05,5.42787874017325e-17,0.485767083629344,0.96207568289179,0.804278769926561,0.671087494214146,0.671328308592002,0.263019681400256,0.263097763789646,-0.00024081437785596,7.80823893901272e-05,15,4,0.0440430043113042,0.0688425533681685,1.2,0.255
216,11,0.733333333333333,10.2,kalman,0.0237975950525905,0.0331864902428859,0.00552288687143234,0.00108172969731927,6.08242298707848e-05,6.78484842521657e-17,0.205219805702329,0.569154706218981,1.5797715886691,0.175349490945206,0.171256582172594,0.221394250448839,0.221633739184366,0.00409290877261148,0.000239488735526249,15,4,0.0714584191856298,0.086004638931271,1.2,0.255
217,11,0.733333333333333,10.2,kalman,0.00101799522927064,0.000789689742499911,0.000604780895066612,0.00011146492543223,1.34186033546376e-05,3.1662625984344e-17,0.801102129214898,0.378926225322326,1.88248556965533,0.546133392757736,0.546480940297563,0.318504644301917,0.31846914220549,-0.000347547539826984,-3.5502096426932e-05,15,4,0.0430176129505777,0.0643958832747931,1.2,0.255
218,11,0.733333333333333,10.2,kalman,0.00668721724069379,0.0345820079372246,0.00359660295040435,0.00011889871117109,6.71355569127834e-06,7.23717165356434e-17,1.42549804857029,1.40392914566006,1.50642058750464,0.154417413284555,0.154219332992582,0.292665219519477,0.292700017036882,0.000198080291973344,3.47975174054699e-05,15,4,0.0618886887757289,0.0644390299442916,1.2,0.255
219,11,0.733333333333333,10.2,kalman,0.00856843471587793,0.011024466378061,0.00862880346723024,0.000365112903555399,3.7817019318414e-05,8.14181811025988e-17,0.32064199144018,0.82521019893057,1.38057078219667,0.465289877658764,0.469276683599442,0.37174679214134,0.371611062590674,-0.00398680594067795,-0.00013572955066613,15,4,0.10251163653039,0.0692659098619002,1.2,0.255
220,11,0.733333333333333,10.2,kalman,0.00193415270747429,0.00647871868968115,0.00144414695521004,0.000189375082950674,5.67258881726517e-06,8.14181811025988e-17,0.155364154760491,0.351298875334898,1.4588130707163,0.589985441053409,0.590376650719291,0.29879684942275,0.298740264744605,-0.000391209665882124,-5.65846781448331e-05,15,4,0.0480153075327199,0.0675759698710106,1.2,0.255
221,11,0.733333333333333,10.2,kalman,0.000650275766454887,0.00558634357653005,0.00134779224224705,0.000137185489821244,1.29230978352291e-05,1.80929291339108e-17,0.879745129679826,1.40558094903456,0.698941002671932,0.736145556159055,0.736232872777139,0.283196832028892,0.283157981532775,-8.73166180844993e-05,-3.88504961177083e-05,15,4,0.037866245979191,0.0651547491808877,1.2,0.255
222,11,0.733333333333333,10.2,kalman,0.000612761245034299,0.00474492965793545,0.0010532682277196,0.00143034633573532,0.000100709655692282,6.78484842521657e-17,0.563389050306272,0.918690757878992,0.908992903791052,0.797942956744709,0.798063064281315,0.127132046923731,0.126950204066259,-0.000120107536606024,-0.000181842857471889,15,4,0.0363298362492856,0.0753377664585773,1.2,0.255
223,11,0.733333333333333,10.2,kalman,0.00363460025046684,0.00405165963234102,0.00434490660484584,0.000783643778708459,0.000141235420698038,2.71393937008663e-17,0.800604563577189,0.525977823938376,1.35581471967357,0.631718246262418,0.631200611996667,0.196823045321248,0.19697728447622,0.000517634265751603,0.000154239154972449,15,4,0.170546074560884,0.179348585700721,1.2,0.255
224,11,0.733333333333333,10.2,kalman,0.0016737107023211,0.000771737289031237,0.000297372798039354,6.21933003720323e-05,1.94050963270111e-05,4.97555551182548e-17,0.0973412210280823,0.556973287256953,0.588982188202115,0.763935855938713,0.762673761051674,0.243491386203349,0.24349112516717,0.0012620948870393,-2.61036179064755e-07,15,4,0.0236579522203149,0.0551563026290642,1.2,0.255
225,11,0.733333333333333,10.2,kalman,0.000938653117110245,0.00230766237213872,0.00159176154558081,0.00039933609823772,1.87801110445632e-05,5.42787874017325e-17,0.344074560690558,0.820534549754491,0.641557242830911,0.721973315722292,0.721670368208508,0.172323341653194,0.172392156584085,0.000302947513783612,6.88149308910721e-05,15,4,0.0362733206634526,0.0747028285850011,1.2,0.255
226,11,0.733333333333333,10.2,kalman,0.00299618530731029,0.00480119191893944,0.00304996770778012,0.00031966146184702,4.3692720036011e-05,9.04646456695542e-17,0.227381357087771,0.640620413909003,0.464451956868859,0.841433810705956,0.839037246217194,0.168295200922579,0.168283266014315,0.00239656448876241,-1.19349082634648e-05,15,4,0.0524876203648386,0.0826446297616541,1.2,0.255
227,11,0.733333333333333,10.2,kalman,0.00467461385910937,0.0087040170946653,0.00170153477806622,0.000743826648324647,7.94655373435997e-05,9.49878779530319e-17,0.0781761973606636,0.345040228033354,2.07506168725983,0.312902662733254,0.312095516904248,0.235418595642728,0.235243485017778,0.000807145829006373,-0.000175110624950226,15,4,0.0760722811332638,0.0682022742963113,1.2,0.255
228,11,0.733333333333333,10.2,kalman,0.00299238675310624,0.0261140102724023,0.0039469720731825,0.00310532118722347,8.15000506054785e-05,6.78484842521657e-17,0.0406177500590015,0.266809975061992,0.752619825240105,0.745696309265577,0.744242687545062,0.16238323784902,0.162007701950176,0.00145362172051458,-0.000375535898844638,15,4,0.0700464536422336,0.101516301204885,1.2,0.255
229,11,0.733333333333333,10.2,kalman,0.0196144383708872,0.00864427298633882,0.00627719253744472,0.0016930578949773,0.000111428691501225,2.71393937008663e-17,0.589541916282715,0.286386882302127,1.64109565865585,0.110897494888555,0.108881522022659,0.227357107006652,0.227742035751649,0.00201597286589595,0.000384928744996811,15,4,0.0638904194708067,0.0705712433975751,1.2,0.255
230,11,0.733333333333333,10.2,kalman,0.00481608728043234,0.00929582817756285,0.00642564840159592,0.00103312592893506,9.69703070238835e-05,2.71393937008663e-17,0.325041001534632,0.79383479959812,1.04599801918374,0.48898322665365,0.487308003893557,0.110618412617553,0.110732695367846,0.00167522276009338,0.000114282750292832,15,4,0.0752897772083339,0.094805886004957,1.2,0.255
201,11,0.733333333333333,10.2,kalman-gm,0.0023369775852389,0.00134305848783895,0.00146519209682203,0.000187684534216644,2.75938868452184e-05,5.42787874017325e-17,0.345571453297318,0.826861014599068,0.821485915007704,0.616454826456683,0.617873711526503,0.256843355035923,0.256891560561379,-0.00141888506981997,4.82055254565572e-05,15,4,0.042801286023502,0.0383333640305068,1.2,0.255
202,11,0.733333333333333,10.2,kalman-gm,0.0144954254661202,0.0292640922580409,0.00107968681420218,0.000558893561563263,6.33618449349402e-05,6.3325251968688e-17,1.04491044667226,1.09298782249572,1.42905896118068,0.160681919011297,0.162834596715618,0.251232225543705,0.251372637617019,-0.00215267770432078,0.000140412073313586,15,4,0.0969922723446244,0.0621871314056239,1.2,0.255
203,11,0.733333333333333,10.2,kalman-gm,0.00245272843885612,0.00419755590524483,0.00294098810243715,3.16346754623015e-05,5.34795421652855e-06,4.52323228347771e-17,1.24703289318176,2.15862801367241,0.570529136231348,0.694960207614072,0.693417151833935,0.265257115383265,0.265264948805221,0.00154305578013696,7.83342195675996e-06,15,4,0.0237339936975258,0.0369755911887144,1.2,0.255
204,11,0.733333333333333,10.2,kalman-gm,0.00354508046436143,0.00335058634531871,0.00233401854418117,4.55023523862479e-05,3.41445198365149e-05,7.23717165356434e-17,0.196587545161487,0.289704524403145,0.878674572361873,0.52268663025448,0.52094531719493,0.242669746266092,0.242658789786315,0.00174131305955006,-1.09564797771233e-05,15,4,0.0372446758337379,0.056639746504703,1.2,0.255
205,11,0.733333333333333,10.2,kalman-gm,0.013482102688825,0.00604785001305666,0.00518922088738367,0.00030530066917826,6.3657150615352e-05,2.71393937008663e-17,1.88359177981181,2.28274868664688,1.42019013668778,0.140428566270625,0.141995387520569,0.295926180234087,0.29601652669494,-0.00156682124994457,9.03464608528332e-05,15,4,0.0378504402722064,0.0514773503739185,1.2,0.255
206,11,0.733333333333333,10.2,kalman-gm,0.000114258252315458,3.86757933983497e-05,0.00015460353957588,1.39093921998062e-06,2.69375468657532e-06,3.61858582678217e-17,0.138464782855665,0.635486228159879,0.65549280365603,0.741284681449617,0.741332488209557,0.30427085822132,0.304271002602111,-4.78067599397091e-05,1.44380790514376e-07,15,4,0.0212130601537738,0.02880060986445,1.2,0.255
207,11,0.733333333333333,10.2,kalman-gm,0.00145741295070935,0.00664435808786116,0.00195563814549221,0.000382395435776423,2.1623672519893e-05,4.07090905512994e-17,0.281297334211459,0.750610810257865,0.925637138403982,0.624781647399439,0.625015613581742,0.297896301047248,0.297782386861393,-0.000233966182303885,-0.000113914185855147,15,4,0.0630137293631114,0.0353873502777882,1.2,0.255
208,11,0.733333333333333,10.2,kalman-gm,0.000499331690278577,0.000597006901752484,0.000380561390203436,4.11505103198061e-05,1.20262157714022e-05,2.26161614173886e-17,0.0794800212411254,0.498123149423666,0.8108904236236,0.650689174464744,0.650803961311011,0.187972843293289,0.18797052048003,-0.000114786846266544,-2.32281325908273e-06,15,4,0.0211459593460587,0.0432749156673286,1.2,0.255
209,11,0.733333333333333,10.2,kalman-gm,0.00190819364769043,0.000447251085422546,0.000746277327243413,2.98366984976184e-05,1.58313390848708e-05,2.71393937008663e-17,0.296875719367868,0.779310522471507,1.49309801976395,0.450866371605387,0.450007422732383,0.320189618981196,0.320199172382319,0.000858948873004711,9.55340112360925e-06,15,4,0.0413010594171663,0.0358255481524048,1.2,0.255
210,11,0.733333333333333,10.2,kalman-gm,0.00824728202468701,0.00886978225658101,0.0113618184522106,0.00856541724819397,0.00105386643920613,9.95111102365097e-17,0.168578557855462,0.578211609416742,0.620427082308832,0.914585479434601,0.90704263505002,0.128852532382506,0.129956208085849,0.00754284438458074,0.00110367570334259,15,4,0.295898912970701,0.940160256974458,1.2,0.255
211,11,0.733333333333333,10.2,kalman-gm,0.00160189011861922,0.00750558171637994,0.00166694779885922,0.000142764909713979,5.51735857894771e-05,7.23717165356434e-17,0.0486797879683872,0.398345929285569,1.04627166520069,0.524420526677302,0.524228312695642,0.223419351449529,0.223451247893068,0.000192213981659512,3.18964435380478e-05,15,4,0.0366238282574644,0.0610434863973159,1.2,0.255
212,11,0.733333333333333,10.2,kalman-gm,0.00571643204536383,0.0102024246406441,0.00135374385643379,0.000548372127807421,1.32131916100445e-05,7.23717165356434e-17,1.58046887125556,1.68889401041702,1.25794978025049,0.265752189746186,0.264236813875864,0.274476173078156,0.274626688161219,0.00151537587032233,0.000150515083063306,15,4,0.0332668055149446,0.0314000699836168,1.2,0.255
213,11,0.733333333333333,10.2,kalman-gm,0.00184483030590423,0.00234622432182058,0.00230269302127059,0.00115043541648609,1.73388702668829e-05,9.04646456695542e-18,0.54023210885841,1.00859549069642,0.450738499550886,0.872167985399024,0.870585391220176,0.0994968351178286,0.0996112998007765,0.00158259417884784,0.000114464682947827,15,4,0.0664234464221773,0.103353073864742,1.2,0.255
214,11,0.733333333333333,10.2,kalman-gm,0.000914575981089106,0.00442403609473988,0.00184008035362133,0.000199557819778093,1.41077196134481e-05,5.88020196852102e-17,0.483522441660568,0.9736111330628,0.815796688948712,0.673134034661924,0.672576983552512,0.163489207893029,0.163518921578137,0.000557051109411217,2.97136851077506e-05,15,4,0.0383746171481788,0.0529028929193553,1.2,0.255
215,11,0.733333333333333,10.2,kalman-gm,0.000144095136511415,0.000106508758781653,0.000154984634773884,2.09538776877326e-05,3.78283481903045e-06,4.07090905512994e-17,0.486561260313448,0.962193624732146,0.802411859868056,0.671087494214146,0.670991072122674,0.263019681400256,0.263025187401912,9.64220914720077e-05,5.50600165539927e-06,15,4,0.0336225450809208,0.038536721778093,1.2,0.255
216,11,0.733333333333333,10.2,kalman-gm,0.024983906044482,0.0217961245917763,0.00523193594070788,0.000833256953695108,5.22295724974811e-05,8.59414133860765e-17,0.198009473803878,0.568185598164231,1.57931787818696,0.175349490945206,0.170986949726504,0.221394250448839,0.221578728747534,0.00436254121870173,0.000184478298694612,15,4,0.0727428535786954,0.0900108723550659,1.2,0.255
217,11,0.733333333333333,10.2,kalman-gm,0.000696081090947928,0.000430919494751787,0.000556847942987361,2.25202238796621e-05,5.56868972056378e-07,1.80929291339108e-17,0.80021349083252,0.379008542198791,1.87991204306461,0.546133392757736,0.546157229509236,0.318504644301917,0.318511817097813,-2.38367515007564e-05,7.1727958963913e-06,15,4,0.0309409237717753,0.0313556794217726,1.2,0.255
218,11,0.733333333333333,10.2,kalman-gm,0.00868985037822516,0.0134575864506512,0.00185964417263829,0.000231108468598882,1.02043071950812e-05,5.88020196852102e-17,1.45463300856244,1.47744856402439,1.5051799624759,0.154417413284555,0.153244076753948,0.292665219519477,0.292732856930172,0.00117333653060778,6.7637410695302e-05,15,4,0.0557864588184529,0.0464855266288717,1.2,0.255
219,11,0.733333333333333,10.2,kalman-gm,0.00440104186183352,0.00625358671362826,0.00554011056641779,0.00020248035184025,1.61467015256191e-05,7.68949488191211e-17,0.320858044510681,0.82520274236159,1.37820769545942,0.465289877658764,0.467337637888228,0.37174679214134,0.371671520720071,-0.00204776022946362,-7.52714212682626e-05,15,4,0.0924664665113337,0.0381387922231422,1.2,0.255
220,11,0.733333333333333,10.2,kalman-gm,0.00160152187432094,0.00479007490106233,0.00117866870519085,0.000196840455163914,1.15591136599627e-05,8.59414133860765e-17,0.154983217549445,0.351189454351058,1.46098400500127,0.589985441053409,0.590559680214632,0.29879684942275,0.298738034114908,-0.000574239161222975,-5.88153078419174e-05,15,4,0.043146707036038,0.0444785692548862,1.2,0.255
221,11,0.733333333333333,10.2,kalman-gm,0.000343713819712778,0.00186735395230822,0.000781573089878458,0.000226622674056384,7.38603915710465e-06,1.80929291339108e-17,0.88117998058922,1.40929037367041,0.696776897382479,0.736145556159055,0.736165027018711,0.283196832028892,0.283261010852251,-1.94708596560671e-05,6.41788233586843e-05,15,4,0.0256554567441033,0.0372047174206704,1.2,0.255
222,11,0.733333333333333,10.2,kalman-gm,0.000777478444244132,0.00481285759624083,0.00112484388968405,0.000296108552725254,2.20418086711708e-05,5.88020196852102e-17,0.564054536923289,0.920144809557234,0.905358860977014,0.797942956744709,0.79833101885969,0.127132046923731,0.127103549736583,-0.00038806211498091,-2.84971871474238e-05,15,4,0.0272705645356638,0.0423871656002268,1.2,0.255
223,11,0.733333333333333,10.2,kalman-gm,0.00384344203878665,0.00263118364830855,0.00495516329072538,0.00293595809449003,0.000270645577940673,9.04646456695542e-18,0.732550247680461,0.495763685837894,1.2986189168841,0.631718246262418,0.634069837730586,0.196823045321248,0.197400909534341,-0.00235159146816832,0.000577864213093095,15,4,0.185763133975466,0.281829544197683,1.2,0.255
224,11,0.733333333333333,10.2,kalman-gm,0.000366486630132052,0.00106038877177926,0.000166964356291022,0.000182909366860012,1.27702858030444e-05,3.61858582678217e-17,0.0964547591452492,0.553126098644609,0.588588440440337,0.763935855938713,0.763714809475771,0.243491386203349,0.243535923058636,0.000221046462941936,4.45368552863212e-05,15,4,0.0148848670282584,0.0309655281390171,1.2,0.255
225,11,0.733333333333333,10.2,kalman-gm,0.00233339450810975,0.00346265519393119,0.00357420880725806,0.000408899829883354,4.12096956300127e-05,7.23717165356434e-17,0.344105500142354,0.820398308732087,0.639060533691202,0.721973315722292,0.723125919889787,0.172323341653194,0.172393804638281,-0.00115260416749516,7.04629850869221e-05,15,4,0.0278817788244199,0.0533563816991425,1.2,0.255
226,11,0.733333333333333,10.2,kalman-gm,0.00420914625319378,0.00742998379593291,0.00373697076300536,0.00229224704570425,4.05517109909808e-05,8.59414133860765e-17,0.227380190801964,0.640513211971946,0.468277171594344,0.841433810705956,0.837929029563399,0.168295200922579,0.1686809750997,0.00350478114255747,0.000385774177120984,15,4,0.0453720329679532,0.0668016453827753,1.2,0.255
227,11,0.733333333333333,10.2,kalman-gm,0.00356372027077386,0.00419561738444293,0.00134102120166075,0.00027812743233737,9.40433982587221e-05,7.23717165356434e-17,0.0762534499663083,0.345178573295487,2.07204540621722,0.312902662733254,0.311813777548978,0.235418595642728,0.235353119273198,0.00108888518427645,-6.54763695305816e-05,15,4,0.0668920888151344,0.0439717132613673,1.2,0.255
228,11,0.733333333333333,10.2,kalman-gm,0.00316457503846787,0.00812013530883482,0.0035708434709119,0.00418296000362901,0.000151401629181843,9.49878779530319e-17,0.0417611125054785,0.266430791140944,0.753072470770805,0.745696309265577,0.744479228410381,0.16238323784902,0.163062480438203,0.00121708085519587,0.000679242589182229,15,4,0.0641637414412622,0.11683795480166,1.2,0.255
229,11,0.733333333333333,10.2,kalman-gm,0.0143360570160086,0.00707346906816799,0.00197980944195663,0.00137708222395843,6.82671138275357e-05,2.71393937008663e-17,0.59399209893727,0.294257689289439,1.63916837076236,0.110897494888555,0.111901128556564,0.227357107006652,0.227670196437202,-0.00100363366800872,0.000313089430549476,15,4,0.0635924254799892,0.0615402752169771,1.2,0.255
230,11,0.733333333333333,10.2,kalman-gm,0.00345483680339473,0.00574666590754196,0.0068539932949492,0.000994010969251598,0.000135786151959143,2.71393937008663e-17,0.322943542912924,0.789232448981915,1.04148808409449,0.48898322665365,0.490212969441933,0.110618412617553,0.110728368533096,-0.00122974278828352,0.000109955915543047,15,4,0.0865844714206332,0.126223790973671,1.2,0.255
201,11,0.733333333333333,10.2,mean,0.00171614906893459,0.00304235296428449,0.00407513452000083,0.000562745863416703,3.69240608876028e-05,4.07090905512994e-17,0.345571444446396,0.82710083965431,0.819432668421748,0.616454826456683,0.617424032093803,0.256843355035923,0.25669881750033,-0.000969205637120127,-0.000144537535592533,15,4,0.0544619648885189,0.0704531802536066,1.2,0.255
202,11,0.733333333333333,10.2,mean,0.0130969284415869,0.0582762584347788,0.000815240043016322,0.000918774671369525,3.91670105386129e-05,8.14181811025988e-17,1.04491044711427,1.0925376916646,1.42846086963624,0.160681919011297,0.162634440382565,0.251232225543705,0.251463051349166,-0.00195252137126774,0.000230825805461352,15,4,0.105424618344003,0.0778283356856133,1.2,0.255
203,11,0.733333333333333,10.2,mean,0.000850475759876725,0.00335116599603905,0.00104702058068153,7.62588649210729e-05,9.41920347158242e-06,5.88020196852102e-17,1.24892595158411,2.15844156152802,0.567296070391275,0.694960207614072,0.694912202078517,0.265257115383265,0.265277343589796,4.80055355549546e-05,2.02282065313658e-05,15,4,0.0322040933474517,0.0590856524104941,1.2,0.255
204,11,0.733333333333333,10.2,mean,0.00310746294504559,0.003901775362276,0.00333915841948716,0.000134975240927647,1.50513777094394e-05,5.42787874017325e-17,0.196538415532108,0.289603831204185,0.878273830754652,0.52268663025448,0.521173312547139,0.242669746266092,0.242643175662817,0.0015133177073411,-2.65706032755886e-05,15,4,0.0397355159399422,0.0722638805006875,1.2,0.255
205,11,0.733333333333333,10.2,mean,0.00966748509127549,0.00971749437529444,0.00437849468725984,0.000215259104122701,1.46394677841113e-05,6.3325251968688e-17,1.88359162219913,2.28276216658729,1.42334863021925,0.140428566270625,0.140937963771633,0.295926180234087,0.295862479429644,-0.000509397501008652,-6.37008044436427e-05,15,4,0.0405748504510038,0.0633645364584385,1.2,0.255
206,11,0.733333333333333,10.2,mean,0.000565158415996632,0.000895127063596163,0.00042575354858784,0.000200264181100165,8.76651910659703e-06,3.1662625984344e-17,0.138464782806451,0.635441962158737,0.655985326780363,0.741284681449617,0.741382311663295,0.30427085822132,0.304209923667066,-9.76302136776333e-05,-6.09345542543371e-05,15,4,0.0292195315379751,0.0511896968653902,1.2,0.255
207,11,0.733333333333333,10.2,mean,0.0022508367515132,0.00550639192766176,0.00130482414254421,0.000643182617932366,5.15869353945308e-05,4.07090905512994e-17,0.281299284411121,0.750638090283633,0.924110567224526,0.624781647399439,0.625881222932901,0.297896301047248,0.297704699324468,-0.00109957553346285,-0.000191601722779937,15,4,0.0719332012378695,0.0670684023073853,1.2,0.255
208,11,0.733333333333333,10.2,mean,0.000371507878543696,0.000849724768911847,0.000214221623250824,0.000254421056724009,8.34866615531102e-06,2.26161614173886e-17,0.0794303862731305,0.498185801134927,0.812065974705342,0.650689174464744,0.650883530352074,0.187972843293289,0.187925019043863,-0.000194355887329872,-4.7824249426095e-05,15,4,0.0373160185845951,0.0702669970464769,1.2,0.255
209,11,0.733333333333333,10.2,mean,0.00101145253041594,0.00121181825551472,0.00173377827533962,0.000152367711295633,1.3627938738471e-05,4.97555551182548e-17,0.296876835475038,0.779329355680693,1.49214903936017,0.450866371605387,0.450809935131035,0.320189618981196,0.320140832421771,5.64364743524931e-05,-4.87865594247855e-05,15,4,0.0528326113142563,0.0621481410676457,1.2,0.255
210,11,0.733333333333333,10.2,mean,0.00821889199096059,0.00373725137397878,0.00987999901066067,0.00808541831089222,0.000935606829395623,7.23717165356434e-17,0.172107332447159,0.54262943222064,0.635745371342694,0.914585479434601,0.907081227245039,0.128852532382506,0.129894359007237,0.00750425218956222,0.00104182662473035,15,4,0.261703286976475,0.796186619946128,1.2,0.255
211,11,0.733333333333333,10.2,mean,0.00165798809018106,0.0411316452914355,0.00112277535651008,0.000747284781013205,3.09414770969725e-05,5.42787874017325e-17,0.0425923985582281,0.333735599732754,1.04653664356578,0.524420526677302,0.524787481505881,0.223419351449529,0.223586309330652,-0.000366954828579396,0.000166957881122074,15,4,0.0463469902884753,0.0686643964047802,1.2,0.255
212,11,0.733333333333333,10.2,mean,0.00537311154456072,0.00932513385228426,0.00072069394916479,0.000308423783579033,1.21309499976923e-05,6.78484842521657e-17,1.57994395751247,1.68594553875555,1.25704825357987,0.265752189746186,0.26436812789492,0.274476173078156,0.274560828057959,0.00138406185126672,8.46549798030582e-05,15,4,0.0348262276908504,0.0601853715165204,1.2,0.255
213,11,0.733333333333333,10.2,mean,0.00119399673555906,0.00178375139045436,0.00163830776642305,0.000641433459984302,1.35687381322468e-05,0,0.539716819637986,1.00888987183535,0.450080894078195,0.872167985399024,0.871226505066651,0.0994968351178286,0.0995606557170357,0.000941480332372369,6.38205992071164e-05,15,4,0.0741955789503195,0.101229690336037,1.2,0.255
214,11,0.733333333333333,10.2,mean,0.000513384636990584,0.00063285982904175,0.000897031935305219,0.000133778031698012,2.37632223747551e-05,7.23717165356434e-17,0.484336575485581,0.973286868641217,0.814451354164356,0.673134034661924,0.673087679344641,0.163489207893029,0.163510017525543,4.63553172834229e-05,2.08096325131285e-05,15,4,0.0436947979036623,0.0781273197904806,1.2,0.255
215,11,0.733333333333333,10.2,mean,0.000452985855107586,0.000172498013269911,0.000143231537748901,0.000285211589428145,3.18837815233777e-05,4.97555551182548e-17,0.485852629958739,0.962078146014239,0.804210264131921,0.671087494214146,0.671368748424397,0.263019681400256,0.263094697661639,-0.000281254210251331,7.50162613830513e-05,15,4,0.0440361412342678,0.0688425533681682,1.2,0.255
216,11,0.733333333333333,10.2,mean,0.0226154179644156,0.029681531476467,0.00556396147662215,0.000919338956355243,4.71051108831607e-05,4.52323228347771e-17,0.204598540554615,0.560231052172525,1.58008992877007,0.175349490945206,0.171490787164308,0.221394250448839,0.22159778680799,0.00385870378089809,0.000203536359150687,15,4,0.0714505226219521,0.0860046897063924,1.2,0.255
217,11,0.733333333333333,10.2,mean,0.00175465200980017,0.00726221122281665,0.000562212048367212,0.000288138030361486,1.85512781817666e-05,4.52323228347771e-17,0.800934336034156,0.378486672251006,1.88299788258166,0.546133392757736,0.546834939211872,0.318504644301917,0.318412871001047,-0.000701546454135991,-9.17733008701399e-05,15,4,0.0430173448734695,0.064403011687014,1.2,0.255
218,11,0.733333333333333,10.2,mean,0.0143008185200548,0.0592012757665493,0.00492457012340658,0.00018053242994469,7.77701209505818e-06,5.42787874017325e-17,1.4379110519873,1.44136087672135,1.50318541311258,0.154417413284555,0.15604654453204,0.292665219519477,0.292718055082717,-0.00162913124748473,5.28355632401473e-05,15,4,0.0618862059219179,0.0644520087100457,1.2,0.255
219,11,0.733333333333333,10.2,mean,0.0088811425039075,0.00864132760032331,0.00897311968361515,0.000334506943080092,3.76136593445325e-05,8.59414133860765e-17,0.320526912263207,0.825221837669972,1.37990586392338,0.465289877658764,0.469422183367877,0.37174679214134,0.371622440258301,-0.00413230570911317,-0.00012435188303903,15,4,0.102512146480138,0.0692417178407738,1.2,0.255
220,11,0.733333333333333,10.2,mean,0.00153558221716582,0.00344300892243622,0.00134021145985669,7.51391082897512e-05,6.76189666835657e-06,5.42787874017325e-17,0.155374709458622,0.351267411447653,1.45908388593969,0.589985441053409,0.590042806601398,0.29879684942275,0.298774511676518,-5.73655479887577e-05,-2.23377462312935e-05,15,4,0.0480150183187253,0.0675799039301515,1.2,0.255
221,11,0.733333333333333,10.2,mean,0.000750814480779652,0.00306758563145221,0.00112799509124949,0.000292124220768458,1.42992910043119e-05,1.80929291339108e-17,0.880333926215966,1.40819889631141,0.69950569251495,0.736145556159055,0.73597995650695,0.283196832028892,0.283114103375012,0.000165599652104521,-8.27286538805361e-05,15,4,0.0378618517160958,0.0650052341780402,1.2,0.255
222,11,0.733333333333333,10.2,mean,0.000486776655244955,0.00505357974775151,0.00104284293261248,0.00123841480733032,9.66734850971756e-05,5.88020196852102e-17,0.563415001441589,0.918759776907683,0.908924909664218,0.797942956744709,0.797955755230836,0.127132046923731,0.126974604714334,-1.27984861267632e-05,-0.000157442209396561,15,4,0.0363362743774353,0.0752277232931275,1.2,0.255
223,11,0.733333333333333,10.2,mean,0.00374943109689425,0.00517737534777563,0.00451954882150012,0.00129242347765458,0.000157221332230692,2.26161614173886e-17,0.800190526230987,0.52624373592819,1.35599850158384,0.631718246262418,0.6310068787723,0.196823045321248,0.197077424045964,0.000711367490117693,0.000254378724716652,15,4,0.170543952460788,0.179491773467154,1.2,0.255
224,11,0.733333333333333,10.2,mean,0.00171321076630362,0.0006618308293707,0.000326446637733716,6.73468027648739e-05,2.09232818063016e-05,3.61858582678217e-17,0.0962923394129927,0.5528528007564,0.589585042758112,0.763935855938713,0.762645671719667,0.243491386203349,0.243474991153497,0.00129018421904595,-1.63950498528168e-05,15,4,0.0236638969234609,0.0551800573576125,1.2,0.255
225,11,0.733333333333333,10.2,mean,0.00103334243689844,0.00209807922710611,0.0015826726563677,0.000287156873626012,1.75248159816724e-05,5.88020196852102e-17,0.343939352350928,0.819329942941567,0.641694370411584,0.721973315722292,0.721563353403973,0.172323341653194,0.172372825485236,0.000409962318319089,4.94838320419183e-05,15,4,0.0362835589662747,0.074642735401383,1.2,0.255
226,11,0.733333333333333,10.2,mean,0.0034617503814876,0.00560925502751054,0.00341973520934917,0.000672767105229729,3.04961608880933e-05,8.59414133860765e-17,0.227380947973291,0.640245085804165,0.465171949277026,0.841433810705956,0.838641330557974,0.168295200922579,0.168401846880195,0.00279248014798262,0.000106645957616444,15,4,0.052489998727883,0.0826601112147123,1.2,0.255
227,11,0.733333333333333,10.2,mean,0.00329421867849182,0.00973860846974561,0.00144614592695571,0.000475446775738044,7.33894674507647e-05,5.42787874017325e-17,0.0782306759370048,0.345030858583079,2.07593764609287,0.312902662733254,0.31268702533126,0.235418595642728,0.235306666630481,0.000215637401994171,-0.000111929012247114,15,4,0.0760790639061665,0.0682022734567878,1.2,0.255
228,11,0.733333333333333,10.2,mean,0.00311380572962506,0.00492163985817936,0.00384149641325988,0.00211081582859481,8.40381618750228e-05,7.23717165356434e-17,0.0408920650775132,0.266622579614462,0.752418118913715,0.745696309265577,0.744181387409554,0.16238323784902,0.162725998957771,0.0015149218560229,0.000342761108750188,15,4,0.07001207491956,0.101514171499245,1.2,0.255
229,11,0.733333333333333,10.2,mean,0.0208250840216133,0.00891768391245604,0.00615974243937965,0.0017650066145136,0.000114856223684929,2.26161614173886e-17,0.589330118489385,0.286394074347216,1.64123408249372,0.110897494888555,0.108769381627774,0.227357107006652,0.227758393804376,0.00212811326078148,0.000401286797723417,15,4,0.063892599188315,0.0705712742055637,1.2,0.255
230,11,0.733333333333333,10.2,mean,0.00507508157371912,0.00914990826008741,0.0067682247063248,0.00146944453640841,9.04240260109679e-05,3.1662625984344e-17,0.324923972923342,0.793670649217954,1.04650142152419,0.48898322665365,0.487165592205124,0.110618412617553,0.1107809602396,0.00181763444852586,0.000162547622047034,15,4,0.0753103067104891,0.094797439456651,1.2,0.255
201,11,0.733333333333333,10.2,none,0.00640160107667075,0.00657497377374188,0.00436805204425439,0.00124266854432139,5.13088505822176e-05,0.733333333333333,0.36690111090736,0.851534988141317,0.825126771871573,0.616454826456683,0.618827596363139,0.256843355035923,0.257162526194044,-0.00237276990645559,0.000319171158121113,4,4,NaN,NaN,1.2,0.255
202,11,0.733333333333333,10.2,none,0.132701189552048,0.259290690810894,0.00900005279787788,0.00525897444838297,0.000513487098034386,0.733333333333333,1.01929550830699,1.05036528902079,1.38925004889185,0.160681919011297,0.182004600803602,0.251232225543705,0.25255344939845,-0.0213226817923049,0.00132122385474473,4,4,NaN,NaN,1.2,0.255
203,11,0.733333333333333,10.2,none,0.0120199540793141,0.059092891415334,0.0215841800082243,0.00559478041670405,0.000536000981018227,0.733333333333333,1.14191649529051,1.60472996691164,0.579647900383735,0.694960207614072,0.703313597396544,0.265257115383265,0.266741170697802,-0.00835338978247171,0.0014840553145377,4,4,NaN,NaN,1.2,0.255
204,11,0.733333333333333,10.2,none,0.0470571695198315,0.0929477471423981,0.0471175766847177,0.00508861770063031,0.000673683435139813,0.733333333333333,0.140723878578837,0.345416929574561,0.853839580221315,0.52268663025448,0.547282783620115,0.242669746266092,0.243904599832349,-0.0245961533656346,0.0012348535662571,4,4,NaN,NaN,1.2,0.255
205,11,0.733333333333333,10.2,none,0.0506401144071301,0.0601463770120919,0.0115372466148666,0.00058157257506687,5.49090761813023e-05,0.733333333333333,1.84703841531928,2.21459778779585,1.43860652981988,0.140428566270625,0.133364820247229,0.295926180234087,0.296098282784756,0.00706374602339542,0.000172102550668441,4,4,NaN,NaN,1.2,0.255
206,11,0.733333333333333,10.2,none,0.0338771092983468,0.0214349701675973,0.0147850296023068,0.00455778447740913,0.000480170286819594,0.733333333333333,0.144522030897938,0.619656749386384,0.693523397987106,0.741284681449617,0.716172099274959,0.30427085822132,0.30565765921585,0.0251125821746589,0.00138680099452909,4,4,NaN,NaN,1.2,0.255
207,11,0.733333333333333,10.2,none,0.00356588819274735,0.00639503872893487,0.00896927656333498,0.000177592241464237,4.65414335013826e-05,0.733333333333333,0.279156068633491,0.734521144078998,0.921510802653099,0.624781647399439,0.623746950835328,0.297896301047248,0.297887869617682,0.00103469656410992,-8.43142956625686e-06,4,4,NaN,NaN,1.2,0.255
208,11,0.733333333333333,10.2,none,0.0128254099538497,0.0174744170295539,0.00672529176196088,0.0152749281089409,0.00156008227749775,0.733333333333333,0.0743507922780277,0.483492384983589,0.802605608083852,0.650689174464744,0.642405785193802,0.187972843293289,0.190844114961027,0.00828338927094203,0.0028712716677382,4,4,NaN,NaN,1.2,0.255
209,11,0.733333333333333,10.2,none,0.0265679510308051,0.0895519250381604,0.0183058107393722,0.00108609379350853,0.000117556660512557,0.733333333333333,0.309292998625565,0.809744574004105,1.48349505976749,0.450866371605387,0.462844967287636,0.320189618981196,0.31991624171128,-0.0119785956822487,-0.000273377269915638,4,4,NaN,NaN,1.2,0.255
210,11,0.733333333333333,10.2,none,0.00585396592974946,0.0115237848598094,0.00773324373510261,0.00558245996643808,0.00337191052399408,0.733333333333333,0.090207409449141,0.547670062974657,0.498893407141924,0.914585479434601,0.919939431671055,0.128852532382506,0.129237295069282,-0.00535395223645373,0.000384762686775589,4,4,NaN,NaN,1.2,0.255
211,11,0.733333333333333,10.2,none,0.00627552838626039,0.047959800218867,0.0144454451709977,0.00416184282386744,0.000278305787886839,0.733333333333333,0.0592293813617046,0.415692469479036,1.04795247709461,0.524420526677302,0.521240901437369,0.223419351449529,0.224349187674073,0.00317962523993202,0.000929836224543341,4,4,NaN,NaN,1.2,0.255
212,11,0.733333333333333,10.2,none,0.0444188108585962,0.111383413985491,0.00326086177598972,0.00920693391835119,0.0006849081258577,0.733333333333333,1.53649536909583,1.65364835526812,1.30347773415294,0.265752189746186,0.253950597622825,0.274476173078156,0.277003257065848,0.0118015921233617,0.00252708398769251,4,4,NaN,NaN,1.2,0.255
213,11,0.733333333333333,10.2,none,0.00331308138260487,0.00252870049100498,0.00160261504041009,0.00813763252206072,0.00158730621112849,0.733333333333333,0.516557655289939,0.983265712888017,0.445252477520999,0.872167985399024,0.874899616545834,0.0994968351178286,0.100306503799126,-0.00273163114681016,0.000809668681296956,4,4,NaN,NaN,1.2,0.255
214,11,0.733333333333333,10.2,none,0.0197581472152393,0.0197658939252174,0.00814973129669462,0.00822097640872529,0.00158317957523335,0.733333333333333,0.380662481903551,0.939024054826964,0.785973816017128,0.673134034661924,0.686433916014362,0.163489207893029,0.164833248814199,-0.0132998813524383,0.00134404092116978,4,4,NaN,NaN,1.2,0.255
215,11,0.733333333333333,10.2,none,0.00129451005744651,0.00186284338284212,0.00338361921722394,0.000788856890680835,7.93481785536047e-05,0.733333333333333,0.46044903829288,0.950462720733548,0.803779806801048,0.671087494214146,0.670234790665153,0.263019681400256,0.263227166288313,0.000852703548992708,0.00020748488805727,4,4,NaN,NaN,1.2,0.255
216,11,0.733333333333333,10.2,none,0.0923057389518986,0.12825748563634,0.0228632774663747,0.00851668952341321,0.00112655398765283,0.733333333333333,0.101005523150027,0.515291511680071,1.57693314241079,0.175349490945206,0.159163726608669,0.221394250448839,0.223279796542181,0.0161857643365365,0.00188554609334155,4,4,NaN,NaN,1.2,0.255
217,11,0.733333333333333,10.2,none,0.033685835656819,0.0315984352602922,0.0228628468477307,0.00148541470407878,0.000110495387885646,0.733333333333333,0.768400156382771,0.364259985906793,1.86050845626311,0.546133392757736,0.56450182315896,0.318504644301917,0.31897775578388,-0.0183684304012247,0.000473111481963449,4,4,NaN,NaN,1.2,0.255
218,11,0.733333333333333,10.2,none,0.111463467463474,0.0743495032597589,0.00840429428814819,0.00319357204313794,0.000167615991442023,0.733333333333333,1.17901224981077,1.21392617695643,1.53307843376442,0.154417413284555,0.137306069916087,0.292665219519477,0.293599866982533,0.0171113433684686,0.000934647463056229,4,4,NaN,NaN,1.2,0.255
219,11,0.733333333333333,10.2,none,0.0145421632949115,0.0496854073578983,0.0105159240413406,0.00129649086461324,0.000105742852363958,0.733333333333333,0.304433721887103,0.81598028311838,1.35959419622236,0.465289877658764,0.458663832394767,0.37174679214134,0.371264825821379,0.00662604526399725,-0.000481966319960523,4,4,NaN,NaN,1.2,0.255
220,11,0.733333333333333,10.2,none,0.00533384544137756,0.0126764261634535,0.0119648035800466,0.000764436149008111,0.000162968940841651,0.733333333333333,0.128022273389605,0.342429520702669,1.44278638935345,0.589985441053409,0.587094394541741,0.29879684942275,0.299025260535658,0.00289104651166772,0.000228411112908483,4,4,NaN,NaN,1.2,0.255
221,11,0.733333333333333,10.2,none,0.00342588760788236,0.0014620638711456,0.00515071328760635,0.00195431757362107,0.000268641742640273,0.733333333333333,0.786780913555072,1.25349804269793,0.685620372767068,0.736145556159055,0.738667508097498,0.283196832028892,0.28375028857452,-0.00252195193844298,0.000553456545627879,4,4,NaN,NaN,1.2,0.255
222,11,0.733333333333333,10.2,none,0.00825486151379907,0.0155907828806445,0.0153251857398701,0.016750956214046,0.00270072493970309,0.733333333333333,0.549540908308311,0.933824037291327,0.864703447998752,0.797942956744709,0.804529865348548,0.127132046923731,0.129261630275152,-0.00658690860383893,0.00212958335142145,4,4,NaN,NaN,1.2,0.255
223,11,0.733333333333333,10.2,none,0.00524904448886739,0.00648892014489467,0.0123935879781826,0.0057371469959626,0.000666765041422961,0.733333333333333,0.726609980528199,0.506928812375006,1.2807974890388,0.631718246262418,0.628585921265772,0.196823045321248,0.197952248064448,0.00313232499664616,0.00112920274320101,4,4,NaN,NaN,1.2,0.255
224,11,0.733333333333333,10.2,none,0.00759293204226919,0.0112081454114564,0.00561547474550258,0.000415985358527991,9.22358549734298e-05,0.733333333333333,0.0614100387268765,0.496607494742136,0.612545960656692,0.763935855938713,0.758220843564328,0.243491386203349,0.243390403971207,0.00571501237438547,-0.000100982232142816,4,4,NaN,NaN,1.2,0.255
225,11,0.733333333333333,10.2,none,0.00289559646335511,0.00886934267899073,0.00670662302093916,0.00390632090097594,0.000435789666890718,0.733333333333333,0.318527381856837,0.78993710721673,0.641666400629549,0.721973315722292,0.722162324144719,0.172323341653194,0.17299649192442,-0.000189008422427335,0.00067315027122589,4,4,NaN,NaN,1.2,0.255
226,11,0.733333333333333,10.2,none,0.00355641328029707,0.0154999159888748,0.00399934847340538,0.0072457884090309,0.000486926163912932,0.733333333333333,0.20937544780185,0.586701505332666,0.466007648029397,0.841433810705956,0.841341046453516,0.168295200922579,0.169514632338719,9.27642524402355e-05,0.00121943141614035,4,4,NaN,NaN,1.2,0.255
227,11,0.733333333333333,10.2,none,0.0206947955908515,0.0475751004083143,0.0202436664256207,0.00988981818448053,0.000407422573027434,0.733333333333333,0.102276820447082,0.222926924011098,2.06995726585865,0.312902662733254,0.306461071069871,0.235418595642728,0.237746842750881,0.00644159166338298,0.00232824710815232,4,4,NaN,NaN,1.2,0.255
228,11,0.733333333333333,10.2,none,0.00313929873082095,0.0365651615573489,0.0139741799734269,0.0189220444504723,0.0025470327489539,0.733333333333333,0.0594119265932542,0.279968256021591,0.728134035910842,0.745696309265577,0.747300374239653,0.16238323784902,0.165455860693611,-0.0016040649740767,0.00307262284459079,4,4,NaN,NaN,1.2,0.255
229,11,0.733333333333333,10.2,none,0.0990893911860993,0.246875347445751,0.0419984824943953,0.0103250008739358,0.000521389167337871,0.733333333333333,0.605371892272089,0.299715467349313,1.64560355259117,0.110897494888555,0.0999087296359847,0.227357107006652,0.229704569335191,0.0109887652525705,0.00234746232853919,4,4,NaN,NaN,1.2,0.255
230,11,0.733333333333333,10.2,none,0.0269612440101749,0.0485749154260631,0.0552805356409611,0.0161623849260498,0.00330998931553719,0.733333333333333,0.314827875248147,0.775575505937643,1.02708847483088,0.48898322665365,0.502111410307787,0.110618412617553,0.112406269982187,-0.013128183654137,0.0017878573646335,4,4,NaN,NaN,1.2,0.255
201,11,0.733333333333333,18,hold,0.00377830991746668,0.00928739438336841,0.00627494239915114,0.000632651391697913,5.93811672252824e-05,3.84474744095606e-17,0.443071425744644,0.95777460336657,0.826747737951335,0.613462093670414,0.612224221973208,0.254740774080511,0.254901936185755,0.00123787169720539,0.000161162105244239,15,4,0.0967099165936667,0.139095275962253,1.2,0.45
202,11,0.733333333333333,18,hold,0.0275203047539613,0.149798413346553,0.00626005224033791,0.00111400619381841,0.000187420561606873,6.15159590552969e-17,1.11519049072329,1.21765947159887,1.44637932446311,0.145980316846628,0.149502473299109,0.252665969589489,0.252947441044579,-0.00352215645248068,0.000281471455089826,15,4,0.186642333467278,0.289647631294171,1.2,0.45
203,11,0.733333333333333,18,hold,0.00887400903912897,0.0178432478128098,0.0104998355563168,0.000301496009577555,8.01403710707289e-05,5.63896291340222e-17,1.39963155909514,2.50460931710849,0.583195361304911,0.693505967146665,0.68740570629092,0.269888236903563,0.269969607130021,0.00610026085574565,8.1370226458346e-05,15,4,0.0695078667813838,0.127953538648524,1.2,0.45
204,11,0.733333333333333,18,hold,0.00381655612008399,0.0312092103985458,0.00323213545374007,0.00185255578727976,7.06948747881922e-05,5.12632992127474e-17,0.135143394576221,0.403299815139669,0.892340561347264,0.513898516758025,0.512411675635426,0.2453875642382,0.244932970085944,0.00148684112259921,-0.000454594152255962,15,4,0.111019722015052,0.233976431074041,1.2,0.45
205,11,0.733333333333333,18,hold,0.0182579143945834,0.018300683170836,0.0300645011582674,0.0029890485945472,0.000451170863285004,5.12632992127474e-17,1.96396904792451,2.46791879994331,1.4136770652313,0.141046230201693,0.14297405025726,0.295672935729962,0.296556716502951,-0.00192782005556732,0.000883780772989285,15,4,0.0857732540447283,0.190306438675009,1.2,0.45
206,11,0.733333333333333,18,hold,0.000857285201750811,0.00114078504557061,0.000309902371681191,4.72429228407701e-05,8.08974030389909e-06,5.12632992127474e-17,0.235964782731736,0.797559230104392,0.634217329651299,0.757170510744761,0.75654629403439,0.30614492555231,0.306151371195304,0.000624216710371128,6.44564299331407e-06,15,4,0.0476955133222736,0.0843167862803715,1.2,0.45
207,11,0.733333333333333,18,hold,0.00525228933417079,0.00610260724121297,0.00593457184139068,0.00015912294455425,3.7801602567867e-05,2.81948145670111e-17,0.378789393639003,0.874426689982736,0.927835823768775,0.625826379460481,0.622710919931603,0.2973284495251,0.2973449159625,0.0031154595288785,1.64664373996259e-05,15,4,0.110097214844696,0.114573210683777,1.2,0.45
208,11,0.733333333333333,18,hold,0.00199856150801137,0.0182551210163592,0.00173471908031456,0.00326634203330861,0.000206718282861305,1.79421547244616e-17,0.11331479593218,0.639093405905728,0.806320429111047,0.656561792705668,0.655383532831556,0.184384194244406,0.184986456088344,0.00117825987411182,0.000602261843938242,15,4,0.0795215818950616,0.186940886837884,1.2,0.45
209,11,0.733333333333333,18,hold,0.00361846889690763,0.000709711551369672,0.00224684098790471,0.00021135166419955,3.16207943359899e-05,1.79421547244616e-17,0.394377267398212,0.920715143317249,1.48961301770312,0.449870847147098,0.448251187799196,0.325066709348446,0.325135412738443,0.00161965934790202,6.87033899966655e-05,15,4,0.0899340620536306,0.120160063278783,1.2,0.45
210,11,0.733333333333333,18,hold,0.0123253772308352,0.0104516418760423,0.0102895546900069,0.0249885713880796,0.00481097976395467,7.17686188978464e-17,0.302621352302448,0.58534742717246,0.70686928822351,0.911875482461987,0.900636273153093,0.128962871187208,0.132185469100281,0.0112392093088938,0.00322259791307325,15,4,0.522500786473479,2.41704770480501,1.2,0.45
211,11,0.733333333333333,18,hold,0.0115912778599081,0.0312143272793743,0.0100816237113355,0.00193543115934621,0.00030367777274383,7.68949488191212e-17,0.135270949343972,0.598593689170358,1.05365257259016,0.522301856214857,0.516278553066939,0.224149544629049,0.224583370642077,0.00602330314791817,0.000433826013028325,15,4,0.119009340543973,0.269324514313825,1.2,0.45
212,11,0.733333333333333,18,hold,0.00926385733792476,0.0126059984786738,0.00540403886998342,0.00156375714991687,6.40915187836173e-05,5.38264641733848e-17,1.68255967595553,1.7846480412763,1.23150225456602,0.277256991643946,0.275095430036914,0.275836339176229,0.276267680223822,0.00216156160703219,0.000431341047593723,15,4,0.0578993241662123,0.0927967009966721,1.2,0.45
213,11,0.733333333333333,18,hold,0.00798780715897287,0.0120216589385698,0.00939140072454865,0.012350600187481,0.000696645166370689,1.02526598425495e-17,0.622336499777039,1.20430311633918,0.466649625671116,0.871812711122806,0.864870212067132,0.098955234601436,0.100177391140457,0.0069424990556743,0.00122215653902072,15,4,0.173070280736121,0.370602734088734,1.2,0.45
214,11,0.733333333333333,18,hold,0.00229603608142322,0.00543647557994878,0.00757490782698562,0.00395821571363955,0.00044606175664731,7.43317838584838e-17,0.587428005769229,1.16274169729108,0.829622373523093,0.667349848166966,0.665858217155585,0.161551141126885,0.16219059539225,0.00149163101138107,0.000639454265364836,15,4,0.117698030053252,0.229745076811459,1.2,0.45
215,11,0.733333333333333,18,hold,0.000423057105718055,0.00116754241372993,0.00118762199324252,0.000529573140770002,4.46996544629426e-05,3.33211444882858e-17,0.593676068003087,1.08499442848589,0.796898608304864,0.671715051076487,0.67155806522829,0.260850135473205,0.260988274698717,0.000156985848196515,0.000138139225512826,15,4,0.066847804735479,0.108118732364296,1.2,0.45
216,11,0.733333333333333,18,hold,0.050831131680171,0.0757049984541407,0.0173481483916007,0.0020812993542045,8.62360065966453e-05,5.63896291340222e-17,0.27433634534735,0.755671238207199,1.57587790669653,0.196349411581488,0.18667477706406,0.226880572108821,0.227352778497032,0.00967463451742762,0.000472206388211636,15,4,0.140729279206649,0.325403289128636,1.2,0.45
217,11,0.733333333333333,18,hold,0.0032206354191003,0.00685049702673545,0.000866908060662477,0.000262338669774487,4.54798012892131e-05,4.35738043308353e-17,0.723254119790564,0.247389096999522,1.89626397843583,0.534074347723111,0.532421263528614,0.318023712698768,0.318107142616514,0.00165308419449737,8.34299177461384e-05,15,4,0.0814506607121067,0.114459159592312,1.2,0.45
218,11,0.733333333333333,18,hold,0.0488959204121322,0.0590308466011475,0.00829012764163819,0.0010344617484915,0.000108323285149957,7.94581137797585e-17,1.55680987321024,1.30158894164036,1.49983535813338,0.163271916598705,0.155340337521284,0.293237704289646,0.293541047477949,0.00793157907742046,0.000303343188303102,15,4,0.130114218473758,0.198813995902963,1.2,0.45
219,11,0.733333333333333,18,hold,0.00351782546367936,0.00317320495715168,0.00499248867976526,0.000213302259018352,2.51536040576348e-05,7.68949488191212e-17,0.421297358814148,0.987693578216288,1.37745059804115,0.470199139466511,0.471656857098682,0.371206055765034,0.371285204441997,-0.00145771763217019,7.91486769626149e-05,15,4,0.116391505792645,0.107728489444177,1.2,0.45
220,11,0.733333333333333,18,hold,0.00159589394681653,0.00173528275258341,0.00249417371284252,0.000332871567265626,3.84922451373073e-05,6.66422889765717e-17,0.116767556650874,0.505610661277986,1.48882499872603,0.592151562484213,0.591874207777411,0.301861486700453,0.301761005594278,0.000277354706802763,-0.000100481106175112,15,4,0.117331613163329,0.201142462570859,1.2,0.45
221,11,0.733333333333333,18,hold,0.00189579013892408,0.0165173799615334,0.00472480707330741,0.00203307516654851,0.000145627047775503,2.30684846457363e-17,0.987139809068831,1.56028797883029,0.702427257753033,0.735591692675871,0.734325032231102,0.283553688964763,0.28413017492818,0.00126666044476988,0.000576485963417478,15,4,0.0662583453141651,0.155178641308033,1.2,0.45
222,11,0.733333333333333,18,hold,0.0015557854078436,0.00184040967686253,0.00113884212495622,0.00249400247821559,0.000460232531459137,8.45844437010333e-17,0.644908949052765,0.96633118110222,0.916951185222224,0.793344930268532,0.792270673421744,0.126739967564851,0.127056057358047,0.00107425684678787,0.000316089793195702,15,4,0.0814846573745973,0.148761890042917,1.2,0.45
223,11,0.733333333333333,18,hold,0.0103461085270022,0.0110731342502053,0.0095031727773664,0.00580567061027298,0.000732575347718155,7.68949488191212e-18,0.813249663420881,0.380997491526244,1.4532765148314,0.631817400198017,0.625355369690698,0.19156213940316,0.192674286085934,0.00646203050731854,0.00111214668277394,15,4,0.183791187968719,0.37158730895295,1.2,0.45
224,11,0.733333333333333,18,hold,0.00230769478724852,0.00354571629833582,0.00160416579645626,0.00124076026443611,0.000176226761078764,2.30684846457363e-17,0.184570674459134,0.682522274728846,0.588200416839189,0.766339241154661,0.764680388078099,0.242175938514647,0.242476420796159,0.00165885307656121,0.000300482281511498,15,4,0.043913767669615,0.10137178602588,1.2,0.45
225,11,0.733333333333333,18,hold,0.0091816975028969,0.0146827541845491,0.0160897684237155,0.00267019693463506,0.00050774107121006,7.17686188978464e-17,0.441612389229831,0.955097274005128,0.640462364756723,0.71734021513537,0.723767506165969,0.173539666879865,0.174003051966405,-0.0064272910305987,0.000463385086540204,15,4,0.0950375875616995,0.219262703139614,1.2,0.45
226,11,0.733333333333333,18,hold,0.0120038265127991,0.00778607399773808,0.0131248067766393,0.00949111338147379,0.00061861901681114,6.40791240159343e-17,0.324877175967317,0.684025565729762,0.469520605483991,0.848111154081283,0.838183529228142,0.167413112399171,0.169002049230497,0.00992762485314066,0.00158893683132595,15,4,0.125095570373384,0.278208019129989,1.2,0.45
227,11,0.733333333333333,18,hold,0.00650535675202922,0.00538324132125014,0.00425364086309982,0.00286817180118194,0.000285337926456902,7.94581137797585e-17,0.128740139275914,0.484258106216197,2.07213916291267,0.321125898546225,0.319104725906983,0.229628310463464,0.230286923908289,0.00202117263924115,0.00065861344482436,15,4,0.0988430666080379,0.150466779546691,1.2,0.45
228,11,0.733333333333333,18,hold,0.00909809452142864,0.0224240034097347,0.00913331623675575,0.017756528303558,0.00125597963305695,7.43317838584838e-17,0.0447640813495178,0.399236731089755,0.761091226531908,0.751231733134072,0.744729098205276,0.162979605176763,0.165873557148987,0.00650263492879665,0.0028939519722239,15,4,0.182914334549733,0.442249212922777,1.2,0.45
229,11,0.733333333333333,18,hold,0.0318988755945697,0.0325885229239271,0.0171361967429518,0.00696152219314799,0.000563151415382192,3.07579795276485e-17,0.527375635565866,0.215084838834673,1.61826824465081,0.131924475041749,0.132980370049168,0.226849140562764,0.228428355889288,-0.00105589500741898,0.00157921532652423,15,4,0.120302185884592,0.222830294894448,1.2,0.45
230,11,0.733333333333333,18,hold,0.0249604697726598,0.0122234564673846,0.0373065024195431,0.00176634787400008,0.000167241310580992,1.79421547244616e-17,0.420443542912905,0.936641428617338,1.04153701646555,0.479247465433206,0.491208217348508,0.115476476377684,0.115272504749137,-0.0119607519153023,-0.000203971628546743,15,4,0.205331432656149,0.467359989046173,1.2,0.45
201,11,0.733333333333333,18,kalman,0.00289293635112873,0.0038830612553179,0.00503683079227387,0.00191195625864161,0.000136193191560917,6.40791240159343e-17,0.443071407898866,0.964839289607122,0.819807427181723,0.613462093670414,0.614558379541139,0.254740774080511,0.254253720863177,-0.00109628587072515,-0.000487053217334441,15,4,0.107208301053177,0.12957457358073,1.2,0.45
202,11,0.733333333333333,18,kalman,0.0226833285693743,0.0961907113941056,0.00450674515661762,0.00232329787406478,0.000190701523435367,5.38264641733848e-17,1.11655472351687,1.18771524222872,1.4412404760194,0.145980316846628,0.149032535133939,0.252665969589489,0.253252987899485,-0.00305221828731094,0.000587018309995777,15,4,0.175189320164265,0.162520284544665,1.2,0.45
203,11,0.733333333333333,18,kalman,0.00488088533849893,0.0593064811948111,0.00523912838875262,0.000729420729438192,7.86656863550311e-05,4.61369692914727e-17,1.40348422884315,2.15898587405353,0.571476991759166,0.693505967146665,0.6967165029058,0.269888236903563,0.270085098978192,-0.00321053575913497,0.000196862074628985,15,4,0.0598462699959641,0.101653191245679,1.2,0.45
204,11,0.733333333333333,18,kalman,0.0120904280053114,0.0934935268915848,0.0143216897625183,0.010808919512758,0.000268520158804481,5.89527940946596e-17,0.138620043825711,0.409113796804512,0.897516544535398,0.513898516758025,0.507735738794423,0.2453875642382,0.242735189806918,0.00616277796360209,-0.00265237443128244,15,4,0.07282367933524,0.135919471540435,1.2,0.45
205,11,0.733333333333333,18,kalman,0.0174798667319782,0.0794532102854634,0.00763166135567345,0.00375473234465556,0.000184530119149607,5.12632992127474e-17,1.96091558002453,2.46832164605824,1.43708639859216,0.141046230201693,0.14002422335594,0.295672935729962,0.294562762994737,0.00102200684575251,-0.00111017273522455,15,4,0.0636991294089732,0.115013351566311,1.2,0.45
206,11,0.733333333333333,18,kalman,0.000617519437891139,0.000683102006709868,0.000577636120301037,0.000442202027124453,7.6131430719568e-05,5.12632992127474e-17,0.235964782895945,0.797200421705901,0.631046553498146,0.757170510744761,0.757191450998334,0.30614492555231,0.306009547645637,-2.09402535726118e-05,-0.000135377906673096,15,4,0.0460847451699676,0.0870949408423289,1.2,0.45
207,11,0.733333333333333,18,kalman,0.00677682866321043,0.0127236032596792,0.00328808845893373,0.00197313797273172,0.000237374818814839,3.33211444882858e-17,0.378816067416499,0.873481199401764,0.912288768737265,0.625826379460481,0.629931144333249,0.2973284495251,0.296741779470969,-0.00410476487276801,-0.000586670054131423,15,4,0.10680708295095,0.117752211712448,1.2,0.45
208,11,0.733333333333333,18,kalman,0.00171766264593884,0.0225176359678651,0.0015348582566933,0.00152839211053951,0.000143672054006972,1.28158248031869e-17,0.113408725436904,0.628661170019667,0.809198671599813,0.656561792705668,0.656269980911071,0.184384194244406,0.184102382896614,0.000291811794596777,-0.000281811347791333,15,4,0.0682246733600669,0.125115090308329,1.2,0.45
209,11,0.733333333333333,18,kalman,0.010956263937903,0.064538654562153,0.00466159495086337,0.00253020793824481,9.47890918112932e-05,2.30684846457363e-17,0.394369094600561,0.925130460450189,1.49384988328125,0.449870847147098,0.454679320149669,0.325066709348446,0.324244222979994,-0.0048084730025715,-0.000822486368452556,15,4,0.091758366878189,0.110161168739028,1.2,0.45
210,11,0.733333333333333,18,kalman,0.015271757564589,0.011163414311644,0.00867262697342772,0.0265843892269285,0.00441728627316324,6.66422889765717e-17,0.333829293011648,0.580182464524751,0.740199457183876,0.911875482461987,0.89795655060412,0.128962871187208,0.132391270350671,0.0139189318578664,0.00342839916346297,15,4,0.51674590011675,2.26965905968154,1.2,0.45
211,11,0.733333333333333,18,kalman,0.00655235907175744,0.048094704392458,0.00312422772481292,0.000407037121246738,4.97010418158418e-05,7.94581137797585e-17,0.0848395008863384,0.448779004458672,1.05878002923946,0.522301856214857,0.525119429139216,0.224149544629049,0.224240781814424,-0.00281757292435896,9.12371853745753e-05,15,4,0.0898613614915106,0.126461608180659,1.2,0.45
212,11,0.733333333333333,18,kalman,0.018043171890046,0.0158005899561627,0.00206398397746891,0.00139234995000784,0.00016661089753823,7.43317838584838e-17,1.6213706160271,1.70710113748928,1.25099474285501,0.277256991643946,0.272297962883784,0.275836339176229,0.276220399889291,0.00495902876016261,0.000384060713062367,15,4,0.0564182817850929,0.104438237037322,1.2,0.45
213,11,0.733333333333333,18,kalman,0.00463970134057459,0.00500334165254967,0.00780811305084239,0.00707935942006508,0.000345709084244074,1.02526598425495e-17,0.611760440599494,1.12220279499937,0.466525008693869,0.871812711122806,0.867839781691591,0.098955234601436,0.0996557742736764,0.00397292943121514,0.000700539672240425,15,4,0.144578476137381,0.24482331721297,1.2,0.45
214,11,0.733333333333333,18,kalman,0.00135634727081331,0.00625577596333401,0.00239860802279378,0.000196172563945721,4.09161564731877e-05,7.94581137797585e-17,0.592927627475446,1.15958425535908,0.830840998285259,0.667349848166966,0.667055764331031,0.161551141126885,0.161568685529379,0.000294083835934324,1.75444024943325e-05,15,4,0.0834485895198386,0.145250851174736,1.2,0.45
215,11,0.733333333333333,18,kalman,0.000576052129986409,0.00196523045034769,0.00166746199923877,0.000804274390981479,0.000123972531081929,3.84474744095606e-17,0.593406078097239,1.08595735094292,0.79936158560431,0.671715051076487,0.671678323435746,0.260850135473205,0.26105993055705,3.67276407408801e-05,0.000209795083845148,15,4,0.0765433789850312,0.119930032965438,1.2,0.45
216,11,0.733333333333333,18,kalman,0.0464329802066892,0.0814522121524233,0.0131830218327365,0.00375952805763526,0.000288012960943826,6.40791240159343e-17,0.24784155669768,0.707902046577038,1.57170481011127,0.196349411581488,0.187277649436425,0.226880572108821,0.227733535985396,0.00907176214506272,0.000852963876575452,15,4,0.110423297001753,0.157821182417007,1.2,0.45
217,11,0.733333333333333,18,kalman,0.00196585118394187,0.00512775681882086,0.000958386912365461,0.000327573645668318,4.66630913909511e-05,4.61369692914727e-17,0.720753924313315,0.24728683037609,1.90152327932763,0.534074347723111,0.53486291353725,0.318023712698768,0.31791953651179,-0.000788565814139227,-0.000104176186977709,15,4,0.0818597358327295,0.11536777949381,1.2,0.45
218,11,0.733333333333333,18,kalman,0.0085932904744771,0.0347568410599793,0.0085268429711914,4.65234263711979e-05,2.93062403018516e-05,7.68949488191212e-17,1.4773361418059,1.20482888806321,1.4948083432405,0.163271916598705,0.163473954805807,0.293237704289646,0.293230311131226,-0.000202038207102105,-7.39315841996047e-06,15,4,0.103581802482042,0.116123280420459,1.2,0.45
219,11,0.733333333333333,18,kalman,0.0140399943572326,0.0131029576080215,0.0138248969384735,0.000621337106123963,9.42447268693415e-05,6.9205453937209e-17,0.420858553432022,0.98878305433955,1.38231582123056,0.470199139466511,0.476800732731397,0.371206055765034,0.370975411668569,-0.00660159326488545,-0.000230644096464737,15,4,0.145950875881145,0.122600482052589,1.2,0.45
220,11,0.733333333333333,18,kalman,0.00621177914092744,0.0131997284511803,0.00314885968485038,0.000175127497498716,3.30088234241828e-05,7.17686188978464e-17,0.118308912027025,0.557746935200714,1.46164680930932,0.592151562484213,0.595404926920683,0.301861486700453,0.301808622453696,-0.00325336443646938,-5.28642467570922e-05,15,4,0.10996084918366,0.126063655172998,1.2,0.45
221,11,0.733333333333333,18,kalman,0.0016759900655378,0.00519246130373118,0.0023011016055199,0.000480879914133418,4.35600281069762e-05,3.84474744095606e-17,0.98747854958517,1.55012682350366,0.706423833404332,0.735591692675871,0.736527140964395,0.283553688964763,0.283417333691161,-0.0009354482885233,-0.000136355273601589,15,4,0.062892352173877,0.112561886466664,1.2,0.45
222,11,0.733333333333333,18,kalman,0.0011752887500388,0.0206223914175835,0.00188950939581662,0.00529961135139021,0.000338026566130237,7.43317838584838e-17,0.643237674164357,0.952116758596857,0.925922192225819,0.793344930268532,0.793109490054658,0.126739967564851,0.12606829499407,0.000235440213873852,-0.000671672570781513,15,4,0.0736266729225299,0.138478246836635,1.2,0.45
223,11,0.733333333333333,18,kalman,0.00551344231849852,0.00987680704039681,0.0061432569656762,0.00123782692088087,0.000343441892343737,2.0505319685099e-17,0.77826312472433,0.385330312710284,1.42375230572172,0.631817400198017,0.629341676523393,0.19156213940316,0.191411124123222,0.00247572367462378,-0.000151015279938512,15,4,0.221905330861849,0.430529238606005,1.2,0.45
224,11,0.733333333333333,18,kalman,0.00207178890691712,0.00190500627403683,0.000722977417123633,0.000153488244476315,4.79282277507344e-05,4.35738043308353e-17,0.192603634523398,0.676345795969294,0.580395495489479,0.766339241154661,0.764862495537402,0.242175938514647,0.242184236204715,0.00147674561725897,8.29769006760017e-06,15,4,0.0403675532773705,0.0939263460800319,1.2,0.45
225,11,0.733333333333333,18,kalman,0.00223804489624284,0.0137263420086399,0.00280753590764726,0.00059587763964437,6.80520236601512e-05,6.15159590552969e-17,0.441612407203605,0.962959952883297,0.647665294041687,0.71734021513537,0.717009364220303,0.173539666879865,0.173439186695555,0.00033085091506676,-0.000100480184309074,15,4,0.073899814686321,0.141403170562516,1.2,0.45
226,11,0.733333333333333,18,kalman,0.00637306660972077,0.0144680305859853,0.00645150671556162,0.00466757776848016,0.00026798253046998,8.71476086616706e-17,0.322318137381772,0.559739004646542,0.459304343636939,0.848111154081283,0.842776650578647,0.167413112399171,0.166631698677585,0.00533450350263614,-0.000781413721586442,15,4,0.0980085404266251,0.17396688869238,1.2,0.45
227,11,0.733333333333333,18,kalman,0.00420754395009802,0.0132812668558551,0.00202691991414991,0.00145351536835612,0.000273788935544536,7.94581137797585e-17,0.0720658564883041,0.400695076220117,2.09049073953494,0.321125898546225,0.320352579515348,0.229628310463464,0.229294542185196,0.000773319030876993,-0.000333768278268296,15,4,0.119786171303804,0.126923925926047,1.2,0.45
228,11,0.733333333333333,18,kalman,0.00421475908883012,0.0410378085977377,0.0112920170274168,0.00941769149533541,0.000420474749706985,7.17686188978464e-17,0.0446441873414895,0.399598673777673,0.76184864775281,0.751231733134072,0.748506220046759,0.162979605176763,0.161553469162424,0.00272551308731366,-0.00142613601433925,15,4,0.135670586772584,0.222449013472411,1.2,0.45
229,11,0.733333333333333,18,kalman,0.041033676151085,0.0213841995875564,0.0126002763612202,0.00247412417073826,0.000422777394429773,2.81948145670111e-17,0.509365618839228,0.203813663408671,1.62453578783029,0.131924475041749,0.12660135307723,0.226849140562764,0.227410393504542,0.0053231219645189,0.000561252941777536,15,4,0.0937857058136343,0.126438793037214,1.2,0.45
230,11,0.733333333333333,18,kalman,0.0084016187906088,0.0157379254052004,0.00843063745957215,0.00165475102074004,8.58521348786818e-05,2.0505319685099e-17,0.426093313823118,0.924676903746132,1.0689808255552,0.479247465433206,0.475606210033882,0.115476476377684,0.115667561194842,0.00364125539932372,0.000191084817157435,15,4,0.137670909508931,0.221497545423549,1.2,0.45
201,11,0.733333333333333,18,kalman-gm,0.00469096527902826,0.00652370605966333,0.00501683128564515,9.50491739401363e-05,5.878206213694e-05,5.12632992127474e-17,0.443071423791936,0.962081317003777,0.827144371036872,0.613462093670414,0.612298106918867,0.254740774080511,0.254744328605819,0.00116398675154702,3.55452530818423e-06,15,4,0.0827888580320095,0.0780360914792491,1.2,0.45
202,11,0.733333333333333,18,kalman-gm,0.0164801947516006,0.0934455097394014,0.00386594395877818,0.000693083124959718,0.000131266379407415,4.87001342521101e-17,1.11541476306966,1.22088289344509,1.44728907804655,0.145980316846628,0.147707322995406,0.252665969589489,0.252511881774801,-0.00172700614877748,-0.000154087814687926,15,4,0.155259063185552,0.151089038422541,1.2,0.45
203,11,0.733333333333333,18,kalman-gm,0.00549913741691271,0.0146153269512927,0.00684318909369645,0.000115476811447826,1.39465690528043e-05,4.10106393701979e-17,1.40753132708988,2.50903048564591,0.581449572973907,0.693505967146665,0.689783795168683,0.269888236903563,0.269857071070518,0.00372217197798266,-3.11658330448988e-05,15,4,0.0461828608659713,0.070273548747938,1.2,0.45
204,11,0.733333333333333,18,kalman-gm,0.00425032670663607,0.031636983141275,0.00337631079327635,0.00159207734219149,5.99892166265607e-05,7.17686188978464e-17,0.141926113970914,0.40403265556438,0.89332124428478,0.513898516758025,0.511777550259078,0.2453875642382,0.244996888257121,0.00212096649894676,-0.000390675981079198,15,4,0.0720245839678171,0.127820136104053,1.2,0.45
205,11,0.733333333333333,18,kalman-gm,0.0250482033379416,0.0103794847128082,0.0130341887372248,0.00140684379849849,0.000227594408396639,4.10106393701979e-17,1.96322546285862,2.46682976539474,1.42555237186138,0.141046230201693,0.144394195898624,0.295672935729962,0.296088901365977,-0.00334796569693119,0.000415965636015538,15,4,0.0622087627710131,0.105868697252169,1.2,0.45
206,11,0.733333333333333,18,kalman-gm,0.000339360875271135,0.00259530336781544,0.000789102361317958,0.000269836538506408,9.4356087598066e-06,4.35738043308353e-17,0.235964782866585,0.797550258782907,0.633490077200589,0.757170510744761,0.757198032374333,0.30614492555231,0.306062316465318,-2.75216295717991e-05,-8.26090869923374e-05,15,4,0.0302561426156839,0.0488348478353529,1.2,0.45
207,11,0.733333333333333,18,kalman-gm,0.00177005249040101,0.00896508228020611,0.00273156243810364,0.000483119591649449,4.84072507324069e-05,3.07579795276485e-17,0.37880321220281,0.874550796886437,0.923448076536396,0.625826379460481,0.625879433850243,0.2973284495251,0.29718480432598,-5.30543897619418e-05,-0.00014364519912033,15,4,0.0927596571557978,0.0711046708506915,1.2,0.45
208,11,0.733333333333333,18,kalman-gm,0.00114395826060751,0.0195556816476812,0.00132811881639363,0.00216311054953972,4.65371652821032e-05,2.56316496063737e-17,0.113440094224202,0.638519824342841,0.805131293706432,0.656561792705668,0.656413556210804,0.184384194244406,0.184783037640144,0.000148236494863748,0.000398843395738455,15,4,0.0425387202090456,0.0852203735775854,1.2,0.45
209,11,0.733333333333333,18,kalman-gm,0.00275883461004317,0.000612760611704736,0.00195149906329096,0.000162381187922066,3.74791792132199e-05,2.56316496063737e-17,0.394376375064455,0.92068899080973,1.48846421018372,0.449870847147098,0.448630516385447,0.325066709348446,0.325119494066864,0.00124033076165056,5.27847184179175e-05,15,4,0.0714120378139797,0.0743599549005416,1.2,0.45
210,11,0.733333333333333,18,kalman-gm,0.0135423603642206,0.00738421148135827,0.00942076127007163,0.0248598910026965,0.0044479080645311,9.48371035435828e-17,0.329859302996392,0.613682374601615,0.716013675891948,0.911875482461987,0.899526536071189,0.128962871187208,0.132168874108316,0.0123489463907978,0.00320600292110877,15,4,0.543562303748776,2.31142053930729,1.2,0.45
211,11,0.733333333333333,18,kalman-gm,0.0061442929877769,0.0147392820505767,0.00580134624885817,0.00111903151858222,0.000179265067196491,7.17686188978464e-17,0.112383075795736,0.598092132522485,1.05571111199879,0.522301856214857,0.519459795626428,0.224149544629049,0.224400375034365,0.00284206058842911,0.000250830405315759,15,4,0.0812392202071931,0.13736697379949,1.2,0.45
212,11,0.733333333333333,18,kalman-gm,0.0225734978937469,0.0259950049496417,0.00561274364567078,0.00217671951432214,0.000128476623983765,7.17686188978464e-17,1.63838058675766,1.70555763214126,1.24674661628534,0.277256991643946,0.271000472656231,0.275836339176229,0.276436757518473,0.0062565189877158,0.000600418342244076,15,4,0.04828609378458,0.0600959148890983,1.2,0.45
213,11,0.733333333333333,18,kalman-gm,0.00640533779687637,0.00462025142624953,0.00808395705177324,0.00879628443060056,0.000435610607012676,7.68949488191212e-18,0.61909420087771,1.13003316761176,0.464079115448357,0.871812711122806,0.866243420605512,0.098955234601436,0.099825672990887,0.00556929051729393,0.000870438389451037,15,4,0.133632523742264,0.24494707658804,1.2,0.45
214,11,0.733333333333333,18,kalman-gm,0.00235346220638514,0.00586002468480647,0.00587092621290281,0.00245295074969389,0.000214323291211785,6.66422889765717e-17,0.592559067786953,1.1583704987068,0.830785450022735,0.667349848166966,0.665812461483623,0.161551141126885,0.161947418119626,0.00153738668334278,0.000396276992741095,15,4,0.0792708257070042,0.122271011018448,1.2,0.45
215,11,0.733333333333333,18,kalman-gm,0.000375829697438775,0.000703797998644238,0.00110473261349755,0.000669255453179993,3.4920335242109e-05,3.84474744095606e-17,0.593856111587739,1.08513617953675,0.797127186826531,0.671715051076487,0.67151865642746,0.260850135473205,0.261024710848833,0.000196394649026369,0.000174575375628182,15,4,0.0564800391757126,0.0707925386042636,1.2,0.45
216,11,0.733333333333333,18,kalman-gm,0.0482279890489086,0.0794068173548542,0.0131900614384503,0.00265839404869918,0.000234731406334635,7.43317838584838e-17,0.247392537313091,0.736900161900085,1.57605335890262,0.196349411581488,0.186890286236521,0.226880572108821,0.22748371007148,0.00945912534496639,0.000603137962659555,15,4,0.114040952345189,0.188889063502144,1.2,0.45
217,11,0.733333333333333,18,kalman-gm,0.00184816498490196,0.0064314341401262,0.000771665044372778,6.43136587447326e-05,1.95467395720317e-05,2.56316496063737e-17,0.721082879866403,0.247263391887523,1.89706747932165,0.534074347723111,0.533351631809553,0.318023712698768,0.318042164189551,0.000722715913558035,1.84514907837169e-05,15,4,0.0644887490266259,0.0656247489569163,1.2,0.45
218,11,0.733333333333333,18,kalman-gm,0.0262584829027594,0.0310514646396811,0.00355189111020533,0.000186135857039332,5.42851398343367e-05,6.9205453937209e-17,1.55458308336445,1.28567680571948,1.49604891143563,0.163271916598705,0.159080142790619,0.293237704289646,0.29329228634105,0.00419177380808556,5.45820514041995e-05,15,4,0.0966907903483722,0.103831966596922,1.2,0.45
219,11,0.733333333333333,18,kalman-gm,0.00828977045645268,0.0159777773738817,0.00976795491027849,0.000141560887821138,2.66423632511209e-05,7.43317838584838e-17,0.420980983338873,0.98797830360861,1.37650364190778,0.470199139466511,0.47409698240151,0.371206055765034,0.371153507506215,-0.00389784293499896,-5.2548258818681e-05,15,4,0.13585249413048,0.0775336350263276,1.2,0.45
220,11,0.733333333333333,18,kalman-gm,0.00445086982977295,0.00601485509853732,0.00437978236018458,0.000396698704590342,5.30094112931506e-05,7.94581137797585e-17,0.118097555514119,0.557569470103646,1.46479764238252,0.592151562484213,0.594577125265706,0.301861486700453,0.301741738639713,-0.00242556278149276,-0.000119748060739784,15,4,0.0938310593374148,0.10700718109623,1.2,0.45
221,11,0.733333333333333,18,kalman-gm,0.00085942033054389,0.00578601282748285,0.00221209479196369,0.000720300010193424,5.6859979298491e-05,4.35738043308353e-17,0.988033547092607,1.55851132989894,0.703486497757518,0.735591692675871,0.735991633213789,0.283553688964763,0.283757932689814,-0.000399940537917911,0.000204243725051702,15,4,0.0440201496261859,0.0773416154921369,1.2,0.45
222,11,0.733333333333333,18,kalman-gm,0.00121269551026566,0.00728710229932703,0.00127523256771912,0.000573587692837427,7.15455098942997e-05,7.43317838584838e-17,0.644030553498434,0.960170486990965,0.918823969929561,0.793344930268532,0.793823333689646,0.126739967564851,0.12668781790513,-0.000478403421113621,-5.2149659721514e-05,15,4,0.0558647198079812,0.0841021954212713,1.2,0.45
223,11,0.733333333333333,18,kalman-gm,0.00343987983059502,0.0073284832346812,0.00845214321394029,0.00681499249752447,0.00114725799778158,7.68949488191212e-18,0.654285919973306,0.33605682697451,1.31669793770731,0.631817400198017,0.633651602538081,0.19156213940316,0.192867633946002,-0.00183420234006388,0.00130549454284227,15,4,0.242606331878919,0.801448263051595,1.2,0.45
224,11,0.733333333333333,18,kalman-gm,0.00203807574063612,0.00269610928089436,0.00141235198953383,0.000799002438990885,8.2994385398359e-05,2.56316496063737e-17,0.184231829950691,0.682747860961022,0.58704412019384,0.766339241154661,0.764810775033071,0.242175938514647,0.242369437680185,0.00152846612158989,0.00019349916553811,15,4,0.0279544698192966,0.056430693585785,1.2,0.45
225,11,0.733333333333333,18,kalman-gm,0.005089609976807,0.0067281435478468,0.00937476303159832,0.0017048286354691,0.000217380021678133,7.43317838584838e-17,0.441598012352553,0.957468108265418,0.64397684715562,0.71734021513537,0.720689705223054,0.173539666879865,0.173835522273351,-0.00334949008768382,0.000295855393486561,15,4,0.0531518448692614,0.113866647124619,1.2,0.45
226,11,0.733333333333333,18,kalman-gm,0.0141053105415469,0.0129775306509473,0.0132125060370655,0.0081577285521936,0.000323834125408628,7.17686188978464e-17,0.324881089103445,0.68270719916423,0.473365969109312,0.848111154081283,0.836169213749032,0.167413112399171,0.168778823126202,0.0119419403322508,0.00136571072703032,15,4,0.0831801688089258,0.145587634108157,1.2,0.45
227,11,0.733333333333333,18,kalman-gm,0.00438138069816207,0.0144448484183288,0.00284370639774453,7.22779541288616e-05,0.000107446546428609,5.89527940946596e-17,0.104549503781635,0.466469607478535,2.07765224286258,0.321125898546225,0.320542018017076,0.229628310463464,0.22964481072434,0.000583880529148917,1.65002608755987e-05,15,4,0.0975311065563138,0.0980960276812923,1.2,0.45
228,11,0.733333333333333,18,kalman-gm,0.0116931059964379,0.0163164621097099,0.0142308344825809,0.0144311491021978,0.000886148573290823,8.20212787403959e-17,0.0442058795382872,0.398445828452175,0.765572464640436,0.751231733134072,0.743095048457765,0.162979605176763,0.165331588159686,0.00813668467630707,0.0023519829829232,15,4,0.131053725437765,0.269739722637796,1.2,0.45
229,11,0.733333333333333,18,kalman-gm,0.0400479780049744,0.0609535987446216,0.0125474699943039,0.00598631372125811,0.000440168553716335,2.0505319685099e-17,0.519963886781313,0.209604775119647,1.62278779010315,0.131924475041749,0.128224634877611,0.226849140562764,0.228207130685571,0.00369984016413792,0.00135799012280648,15,4,0.0960986780343949,0.1369688679679,1.2,0.45
230,11,0.733333333333333,18,kalman-gm,0.00379718846396279,0.00846568458267407,0.00848632971992646,0.00722691080820783,0.000585331758536709,2.56316496063737e-17,0.420443542912907,0.921821744547585,1.06573358328633,0.479247465433206,0.479424182893585,0.115476476377684,0.116311014572912,-0.000176717460379021,0.000834538195227642,15,4,0.158958536754037,0.301484274156834,1.2,0.45
201,11,0.733333333333333,18,mean,0.00192445460555114,0.0073396865052365,0.0047674636013317,0.00190092866719687,0.000131799008847817,5.12632992127474e-17,0.443071418193202,0.964061610008661,0.821212156866027,0.613462093670414,0.614592397402947,0.254740774080511,0.254256530040358,-0.00113030373253362,-0.000484244040153565,15,4,0.106701022809267,0.129416681483271,1.2,0.45
202,11,0.733333333333333,18,mean,0.0169186152765416,0.0906435485283468,0.00382424191566771,0.00185155184468419,0.000148806152903962,6.15159590552969e-17,1.11584526689035,1.22131059381114,1.44444378310468,0.145980316846628,0.148075102030765,0.252665969589489,0.253133793731572,-0.00209478518413686,0.000467824142082339,15,4,0.175124769237218,0.162463357183595,1.2,0.45
203,11,0.733333333333333,18,mean,0.00245090415052748,0.0493556852502795,0.00324181153043941,0.00121940151483217,8.54303931178841e-05,5.63896291340222e-17,1.40529938168704,2.16429408192099,0.577162226371133,0.693505967146665,0.694809056955063,0.269888236903563,0.270217339028478,-0.00130308980839814,0.000329102124915589,15,4,0.0598557982922803,0.101840804290881,1.2,0.45
204,11,0.733333333333333,18,mean,0.00703557551923588,0.0104822399582449,0.00654841645860493,0.00125461991948795,7.68460947117764e-05,5.38264641733848e-17,0.136288932058841,0.401370922540098,0.894472013767249,0.513898516758025,0.51034579485671,0.2453875642382,0.245079696112112,0.00355272190131531,-0.000307868126087875,15,4,0.0728392569032045,0.135828391804386,1.2,0.45
205,11,0.733333333333333,18,mean,0.0135341545869365,0.0100681239561322,0.00500488614318295,0.000796213862527224,7.18949952342084e-05,6.40791240159343e-17,1.96277331621224,2.46738975487926,1.43432722439155,0.141046230201693,0.140484469646653,0.295672935729962,0.295437516839759,0.000561760555039937,-0.000235418890202316,15,4,0.0637117923355885,0.114904137848745,1.2,0.45
206,11,0.733333333333333,18,mean,0.00150897713777921,0.00777802305472135,0.00158968260745206,0.000745456924917265,7.4084532168537e-05,4.10106393701979e-17,0.235964782421915,0.797542648058168,0.630589953278689,0.757170510744761,0.758117047889495,0.30614492555231,0.305916707697529,-0.000946537144734314,-0.00022821785478125,15,4,0.0460926280627818,0.0871415475480135,1.2,0.45
207,11,0.733333333333333,18,mean,0.00373553185873476,0.00940314432789337,0.00223272758140424,0.00142418026435745,0.000175023268240685,4.35738043308353e-17,0.378805764274557,0.874322991608105,0.919121324629258,0.625826379460481,0.627966392435238,0.2973284495251,0.296905000215255,-0.00214001297475622,-0.000423449309845647,15,4,0.106811858150553,0.117713305493924,1.2,0.45
208,11,0.733333333333333,18,mean,0.00174696403138295,0.0125712669084811,0.00140815514159868,0.000305349483979109,7.34537407535688e-05,2.0505319685099e-17,0.115493180760546,0.666433569040632,0.80854853719667,0.656561792705668,0.655890689059364,0.184384194244406,0.184367911079009,0.000671103646303613,-1.62831653965193e-05,15,4,0.0682465828825317,0.125149694513031,1.2,0.45
209,11,0.733333333333333,18,mean,0.00302307358116004,0.0124604805573745,0.00358316948364205,0.000618740799527711,8.61215573170065e-05,3.84474744095606e-17,0.394377616565024,0.922450524966566,1.48714149587955,0.449870847147098,0.450629499687114,0.325066709348446,0.324865577312804,-0.000758652540016498,-0.0002011320356421,15,4,0.0919208702847583,0.110161166385354,1.2,0.45
210,11,0.733333333333333,18,mean,0.0124301421012015,0.0107145360193469,0.00840790658857456,0.0232873859881589,0.00418633981591043,7.94581137797585e-17,0.328319818460515,0.552308451198622,0.733954075333694,0.911875482461987,0.900547895983083,0.128962871187208,0.131966079346685,0.0113275864789042,0.00300320815947771,15,4,0.515491292074408,2.27024479327856,1.2,0.45
211,11,0.733333333333333,18,mean,0.00725721808206124,0.0497621440488637,0.00373359894196302,0.00109937943593466,0.000135153216213432,6.9205453937209e-17,0.0894296691512218,0.449229904029581,1.05541790534937,0.522301856214857,0.525807548733365,0.224149544629049,0.224395970028988,-0.00350569251850772,0.000246425399939295,15,4,0.0898815927989302,0.126431219892456,1.2,0.45
212,11,0.733333333333333,18,mean,0.0124796087713735,0.0101381243107596,0.00181483084130179,0.000237022196304869,6.00661021801015e-05,5.63896291340222e-17,1.62364365068117,1.71544639377416,1.2459978981278,0.277256991643946,0.273821783633324,0.275836339176229,0.2759015315437,0.0034352080106223,6.51923674709781e-05,15,4,0.0565272837284346,0.104996382737608,1.2,0.45
213,11,0.733333333333333,18,mean,0.00462154882978445,0.00417614722481315,0.00698714832245447,0.00782177795933252,0.000336712908306125,1.28158248031869e-17,0.615027608250811,1.14112869286443,0.466101992644467,0.871812711122806,0.867840187831789,0.098955234601436,0.0997292404744021,0.00397252329101734,0.000774005872966091,15,4,0.144222161168254,0.245258297503417,1.2,0.45
214,11,0.733333333333333,18,mean,0.00152971054201263,0.00400655060288744,0.00279546454402128,0.00110706681007549,6.07762257620964e-05,6.9205453937209e-17,0.594455160181078,1.15850145626931,0.831534207771602,0.667349848166966,0.666608726047316,0.161551141126885,0.161729989033356,0.000741122119649958,0.000178847906471395,15,4,0.0834886159377138,0.145138740761275,1.2,0.45
215,11,0.733333333333333,18,mean,0.000655183429407809,0.0011336448572603,0.00048666230204526,0.000726976105631018,0.000108649821093934,3.33211444882858e-17,0.593454554351267,1.08483672150218,0.797940516787009,0.671715051076487,0.672092332906446,0.260850135473205,0.261039767288844,-0.000377281829959904,0.000189631815639634,15,4,0.076503485718347,0.119947803615333,1.2,0.45
216,11,0.733333333333333,18,mean,0.0370004960788786,0.0650275944312532,0.0082942843384093,0.00300779773258523,0.000222103900276472,6.15159590552969e-17,0.23476966432195,0.686888830721963,1.57200152883818,0.196349411581488,0.189144961621293,0.226880572108821,0.227562982979177,0.00720444996019499,0.000682410870356552,15,4,0.110435301145183,0.157410752737336,1.2,0.45
217,11,0.733333333333333,18,mean,0.00205522625085057,0.00979137756157452,0.00282048086107994,0.000567634023609337,6.96123821200268e-05,4.35738043308353e-17,0.72007138832185,0.228492812889522,1.89953411601069,0.534074347723111,0.534090666225433,0.318023712698768,0.317843191619125,-1.63185023225931e-05,-0.000180521079642381,15,4,0.0818636668157923,0.115348990588346,1.2,0.45
218,11,0.733333333333333,18,mean,0.0391410852577593,0.0892461120152945,0.0157719989306173,0.000593410209304123,5.94710975471558e-05,6.9205453937209e-17,1.51469547950535,1.24811663887487,1.48542675942443,0.163271916598705,0.169334363584627,0.293237704289646,0.293411714537125,-0.00606244698592174,0.000174010247478379,15,4,0.103476176661285,0.116067621600306,1.2,0.45
219,11,0.733333333333333,18,mean,0.0171691290013959,0.023000206736956,0.0162023865982509,0.000515192715129654,9.95979021446266e-05,7.43317838584838e-17,0.423392136745218,0.987741162196985,1.37914479091589,0.470199139466511,0.478272049148357,0.371206055765034,0.371014813109292,-0.00807290968184586,-0.000191242655742158,15,4,0.145956834979446,0.122886236490832,1.2,0.45
220,11,0.733333333333333,18,mean,0.00309872231120241,0.00601286914389029,0.00184625470315461,0.000114278526998653,2.36617933896478e-05,5.63896291340222e-17,0.11831671342866,0.557714723515504,1.4645010443276,0.592151562484213,0.593505599233745,0.301861486700453,0.301826990414395,-0.00135403674953143,-3.44962860577513e-05,15,4,0.110614813221777,0.126477503488941,1.2,0.45
221,11,0.733333333333333,18,mean,0.00105098688230879,0.00487009610893416,0.00160013529206829,0.000557779284163392,5.33393292331867e-05,2.30684846457363e-17,0.987930975815013,1.55732655306008,0.708160763736345,0.735591692675871,0.735758757368271,0.283553688964763,0.28339552859111,-0.000167064692400182,-0.000158160373652654,15,4,0.0628086671235699,0.112460923176191,1.2,0.45
222,11,0.733333333333333,18,mean,0.00163442038338252,0.0302538282822227,0.00164298574211406,0.00640943387761806,0.000321060014124414,6.15159590552969e-17,0.642537675845243,0.951582286111018,0.925494985669686,0.793344930268532,0.794413707038068,0.126739967564851,0.125927636123093,-0.00106877676953596,-0.000812331441758371,15,4,0.0736031348316541,0.138107078167609,1.2,0.45
223,11,0.733333333333333,18,mean,0.00587795561068813,0.010146734879562,0.00653060134418477,0.000973808459840716,0.000472476749231557,1.53789897638242e-17,0.775608054626514,0.377979197998431,1.42197420018003,0.631817400198017,0.629042694942166,0.19156213940316,0.191725919962826,0.00277470525585099,0.000163780559666193,15,4,0.221817663419186,0.430559394961721,1.2,0.45
224,11,0.733333333333333,18,mean,0.00282537857267626,0.012587340000931,0.000871516095993985,0.0005942185809667,7.76352684211935e-05,3.58843094489232e-17,0.18371390026577,0.683227991045424,0.585876340076387,0.766339241154661,0.764199237379495,0.242175938514647,0.242032033072119,0.00214000377516583,-0.000143905442528452,15,4,0.0404343638175097,0.0937501497774855,1.2,0.45
225,11,0.733333333333333,18,mean,0.0027622021058803,0.00878997209100213,0.00317226747537888,0.000483067533479223,5.85635930431522e-05,6.40791240159343e-17,0.437794465717741,0.961390568934685,0.650301654605349,0.71734021513537,0.716014964631339,0.173539666879865,0.173623498258705,0.00132525050403168,8.38313788404621e-05,15,4,0.0739761597161891,0.140865233952677,1.2,0.45
226,11,0.733333333333333,18,mean,0.00776314818306957,0.00768903804322771,0.00768519066508911,0.00090171704541799,0.000160335667625143,8.9710773622308e-17,0.324881811631516,0.682079921671205,0.461946846851591,0.848111154081283,0.841595341927863,0.167413112399171,0.167262153142094,0.00651581215341948,-0.000150959257076811,15,4,0.0979954768309656,0.173455529467802,1.2,0.45
227,11,0.733333333333333,18,mean,0.00406982782313465,0.0213490133763712,0.00239789871741552,0.000293867152238203,0.000180376537792091,6.15159590552969e-17,0.0786875696871659,0.457440953078398,2.0899701666347,0.321125898546225,0.321309620765119,0.229628310463464,0.229560830245795,-0.000183722218894664,-6.74802176691683e-05,15,4,0.119873049664521,0.126752746892028,1.2,0.45
228,11,0.733333333333333,18,mean,0.00944270170535733,0.0121987241401253,0.0143256428940906,0.00354443486040051,0.000491907251762056,6.40791240159343e-17,0.0438038516424039,0.400061902047022,0.76576924934929,0.751231733134072,0.744595393864275,0.162979605176763,0.163557275770886,0.00663633926979749,0.000577670594122831,15,4,0.135739085012141,0.223088043338035,1.2,0.45
229,11,0.733333333333333,18,mean,0.0222787838283151,0.00731631677725048,0.0163850200433827,0.00382995546509819,0.000494551841854959,2.0505319685099e-17,0.508042760556049,0.207952003620079,1.6198959588782,0.131924475041749,0.129088115467197,0.226849140562764,0.227717962668415,0.00283635957455225,0.000868822105651187,15,4,0.0939023759007364,0.126177033399577,1.2,0.45
230,11,0.733333333333333,18,mean,0.0101422365989404,0.0149693415419589,0.00998888143315602,0.00188402443190271,0.000116810919779779,2.56316496063737e-17,0.426026997610058,0.923723745867843,1.0713317886249,0.479247465433206,0.474763088261129,0.115476476377684,0.11569403688049,0.00448437717207707,0.000217560502805593,15,4,0.137979512163355,0.223404306316188,1.2,0.45
201,11,0.733333333333333,18,none,0.0100792772000212,0.0036261973535489,0.0050407624691993,0.00459794083611168,0.000384381157191366,0.733333333333333,0.465694649620565,0.961739038054782,0.824094172952843,0.613462093670414,0.618753682312115,0.254740774080511,0.255912057088279,-0.00529158864170139,0.00117128300776748,4,4,NaN,NaN,1.2,0.45
202,11,0.733333333333333,18,none,0.251419769022635,0.590343104689171,0.0126783430686336,0.01190274521308,0.00168504349800379,0.733333333333333,1.08425527232501,1.14711855383347,1.38076085951344,0.145980316846628,0.182682654390059,0.252665969589489,0.255673388249529,-0.0367023375434304,0.00300741866003952,4,4,NaN,NaN,20.1,0.45
203,11,0.733333333333333,18,none,0.0171183974880988,0.0707519067369352,0.036698864421905,0.0117233514615878,0.00173615224870685,0.733333333333333,1.15682719781805,1.502138135594,0.618681612640094,0.693505967146665,0.70537767795265,0.269888236903563,0.273052231560132,-0.011871710805985,0.00316399465656873,4,4,NaN,NaN,1.2,0.45
204,11,0.733333333333333,18,none,0.0660164133217355,0.127620008787416,0.0721180021821898,0.0119612317188679,0.0018197514229599,0.733333333333333,0.143101868082759,0.459431527968134,0.858754022405556,0.513898516758025,0.547824253645749,0.2453875642382,0.248322701754982,-0.0339257368877246,0.00293513751678169,4,4,NaN,NaN,1.2,0.45
205,11,0.733333333333333,18,none,0.0802035369366206,0.0663911231086394,0.0345688665046221,0.00204008524309711,0.000360228487665527,0.733333333333333,1.8486234664015,2.32870815516834,1.45865921132975,0.141046230201693,0.129760781496468,0.295672935729962,0.296074361979379,0.0112854487052249,0.000401426249417388,4,4,NaN,NaN,1.2,0.45
206,11,0.733333333333333,18,none,0.0527639443764819,0.0263744781410674,0.0188506605321202,0.00980756735310387,0.00172318314573157,0.733333333333333,0.243368013103787,0.782199119381082,0.691468189149394,0.757170510744761,0.717219208032312,0.30614492555231,0.309147462529476,0.039951302712449,0.00300253697716525,4,4,NaN,NaN,5.4,0.45
207,11,0.733333333333333,18,none,0.00835369156208463,0.00884743658892453,0.0174818037710204,0.00148612600060111,0.000178744575261688,0.733333333333333,0.377477010472536,0.862484882067088,0.921873156865573,0.625826379460481,0.621274568378444,0.2973284495251,0.297770317064658,0.00455181108203737,0.000441867539557666,4,4,NaN,NaN,1.2,0.45
208,11,0.733333333333333,18,none,0.0208945856243914,0.0244454720050569,0.00755160193968965,0.0350825346899046,0.00455949382729471,0.733333333333333,0.118362548017009,0.660244888101748,0.807097976745767,0.656561792705668,0.642878320258598,0.184384194244406,0.190852859135255,0.013683472447069,0.00646866489084947,4,4,NaN,NaN,1.2,0.45
209,11,0.733333333333333,18,none,0.0476406550218589,0.119741700722914,0.0310307376486584,0.000866828869257417,0.000278634190833924,0.733333333333333,0.406585829935647,0.956583941521276,1.47777744857831,0.449870847147098,0.471302988980424,0.325066709348446,0.324967323497928,-0.0214321418333263,-9.938585051807e-05,4,4,NaN,NaN,1.2,0.45
210,11,0.733333333333333,18,none,0.0113849294755886,0.01639151552879,0.0189265096638602,0.0142271270558703,0.00825917853167355,0.733333333333333,0.17742999553156,0.645601718223568,0.518037059846131,0.911875482461987,0.922257120520335,0.128962871187208,0.130792298188264,-0.0103816380583481,0.0018294270010563,4,4,NaN,NaN,1.2,0.45
211,11,0.733333333333333,18,none,0.0049662675097107,0.0573834984462964,0.0166343007647171,0.0102444108414474,0.00126342964796415,0.733333333333333,0.136523613836327,0.620392193734043,1.0483198852226,0.522301856214857,0.521182005021293,0.224149544629049,0.226445824654152,0.0011198511935643,0.00229628002510332,4,4,NaN,NaN,1.2,0.45
212,11,0.733333333333333,18,none,0.0960349944184925,0.186154193762925,0.0210366321705973,0.0203779917477513,0.0023875213595812,0.733333333333333,1.54645258581281,1.6206366837241,1.33912366421057,0.277256991643946,0.25063220700493,0.275836339176229,0.281457329819692,0.0266247846390163,0.00562099064346311,4,4,NaN,NaN,24.6,0.45
213,11,0.733333333333333,18,none,0.00423192343584858,0.0061639608902871,0.00503617480287391,0.0253913755194921,0.00484946757900124,0.733333333333333,0.583176291101929,1.12039451132581,0.46366724003942,0.871812711122806,0.872999925594626,0.098955234601436,0.10146784412282,-0.00118721447182015,0.0025126095213845,4,4,NaN,NaN,1.2,0.45
214,11,0.733333333333333,18,none,0.0286198744945108,0.0381663658010902,0.0114238207796755,0.0195231043862199,0.00448265238646679,0.733333333333333,0.475750858053643,1.10898369155825,0.785005358613509,0.667349848166966,0.686449317065435,0.161551141126885,0.164705120918818,-0.0190994688984694,0.00315397979193312,4,4,NaN,NaN,1.2,0.45
215,11,0.733333333333333,18,none,0.00363086980610369,0.0026075775297672,0.00819203307110429,0.00295056592773768,0.000403941935863181,0.733333333333333,0.560689501729727,1.06094374801998,0.806562973386655,0.671715051076487,0.669285222557521,0.260850135473205,0.261619790995178,0.0024298285189657,0.000769655521972997,4,4,NaN,NaN,1.2,0.45
216,11,0.733333333333333,18,none,0.173220524332163,0.229897429374436,0.021303891382711,0.017817267293576,0.00312366360268434,0.733333333333333,0.166207465972666,0.676646269318274,1.57459326377586,0.196349411581488,0.162337663555031,0.226880572108821,0.230922963905803,0.034011748026457,0.0040423917969823,4,4,NaN,NaN,NaN,0.45
217,11,0.733333333333333,18,none,0.0584694460814869,0.0458998825697656,0.042323723990909,0.00370718855520009,0.000520740376555739,0.733333333333333,0.669505574109465,0.208273937614274,1.86057037273859,0.534074347723111,0.565285212389595,0.318023712698768,0.319202686566767,-0.0312108646664842,0.00117897386799911,4,4,NaN,NaN,3.9,0.45
218,11,0.733333333333333,18,none,0.17975784148787,0.149456414033512,0.0161128662852354,0.00798502527410273,0.000731852812578795,0.733333333333333,1.19432311545817,1.07070904415478,1.54184984405725,0.163271916598705,0.133979491568683,0.293237704289646,0.295579214769719,0.0292924250300221,0.00234151048007269,4,4,NaN,NaN,6.6,0.45
219,11,0.733333333333333,18,none,0.0292851493984488,0.0716347192246671,0.0285731611377416,0.00116471530791444,0.000178641629878037,0.733333333333333,0.40430946270962,0.98116572681475,1.3547688807917,0.470199139466511,0.456508777219498,0.371206055765034,0.370773706389494,0.0136903622470135,-0.000432349375540078,4,4,NaN,NaN,1.2,0.45
220,11,0.733333333333333,18,none,0.0070023393487924,0.00475262288688572,0.0147086956133184,0.0022217423725793,0.00040012606465439,0.733333333333333,0.111867133285811,0.546963209574383,1.44865840163201,0.592151562484213,0.58815009492914,0.301861486700453,0.302532145156105,0.00400146755507343,0.000670658455652178,4,4,NaN,NaN,1.2,0.45
221,11,0.733333333333333,18,none,0.00359245870134709,0.0219585030977986,0.0103624699554715,0.00584919623571095,0.000862936672592709,0.733333333333333,0.838145148516407,1.26686718859493,0.683130621548105,0.735591692675871,0.736671503299125,0.283553688964763,0.285212250134877,-0.00107981062325396,0.00165856117011464,4,4,NaN,NaN,1.2,0.45
222,11,0.733333333333333,18,none,0.015344070687849,0.0359497845266918,0.0262954938560385,0.0325991144301162,0.0077599180229532,0.733333333333333,0.626765866288635,1.03106042387431,0.844830293045685,0.793344930268532,0.805518070958419,0.126739967564851,0.130871578270367,-0.012173140689887,0.0041316107055158,4,4,NaN,NaN,1.2,0.45
223,11,0.733333333333333,18,none,0.00697330300045691,0.00929786264026972,0.0178890441221745,0.012511483683826,0.00233764161987786,0.733333333333333,0.646707060023599,0.339923668299905,1.28938129136966,0.631817400198017,0.62751558159551,0.19156213940316,0.193958865984742,0.00430181860250679,0.00239672658158144,4,4,NaN,NaN,1.2,0.45
224,11,0.733333333333333,18,none,0.0115270494007235,0.0315119221713141,0.00957759791799673,0.00313524145878412,0.000190035727640494,0.733333333333333,0.13496074202465,0.399528599361005,0.62161616071297,0.766339241154661,0.757554061240657,0.242175938514647,0.241656071388121,0.00878517991400381,-0.00051986712652617,4,4,NaN,NaN,1.2,0.45
225,11,0.733333333333333,18,none,0.00700547113678047,0.0269130832777719,0.0162594029706008,0.00728703993192816,0.00143223411418351,0.733333333333333,0.413530618798031,0.937915445795259,0.64344091243907,0.71734021513537,0.721287984831998,0.173539666879865,0.174804257362192,-0.00394776969662762,0.00126459048232708,4,4,NaN,NaN,1.2,0.45
226,11,0.733333333333333,18,none,0.00788234845170518,0.0270251927514736,0.0088708947074772,0.0195752889946472,0.00203316437046841,0.733333333333333,0.305569273330753,0.641460670201803,0.462284222435341,0.848111154081283,0.843069222310689,0.167413112399171,0.170690272455878,0.0050419317705941,0.00327716005670713,4,4,NaN,NaN,1.2,0.45
227,11,0.733333333333333,18,none,0.0452530641993859,0.0580904417917324,0.0363657097945327,0.022279007516272,0.00174616689538558,0.733333333333333,0.105968757697686,0.354461913736398,2.07306025882308,0.321125898546225,0.306613157799532,0.229628310463464,0.234744201318229,0.0145127407466927,0.00511589085476436,4,4,NaN,NaN,1.2,0.45
228,11,0.733333333333333,18,none,0.00402515319541812,0.0540519663185333,0.0182533064845966,0.0474833109454468,0.00800988089839066,0.733333333333333,0.128606856994138,0.415119318272807,0.726804478605194,0.751231733134072,0.75046345367909,0.162979605176763,0.170718416447138,0.00076827945498256,0.00773881127037441,4,4,NaN,NaN,1.2,0.45
229,11,0.733333333333333,18,none,0.224979666564901,0.309346633071059,0.0993550197461412,0.022426723709224,0.00203755647991977,0.733333333333333,0.513096515720565,0.186888207859071,1.64489480438116,0.131924475041749,0.102244150635107,0.226849140562764,0.23193662356184,0.0296803244066423,0.00508748299907602,4,4,NaN,NaN,NaN,0.45
230,11,0.733333333333333,18,none,0.0475069905928015,0.061555410028206,0.0834795645257758,0.0284889155114496,0.00884699451644783,0.733333333333333,0.399153444047875,0.899071797736061,1.02480712462006,0.479247465433206,0.501983669884451,0.115476476377684,0.118766275956768,-0.0227362044512449,0.00328979957908375,4,4,NaN,NaN,1.2,0.45
201,11,0.733333333333333,30,hold,0.00578943460630277,0.0042285085838483,0.0125670733197139,0.00148166147184482,0.000309728021167223,5.22885651970024e-17,0.592651312936813,1.06757333254182,0.82634523430276,0.61337352961391,0.61051188473511,0.251666117837944,0.252039001828513,0.00286164487879953,0.00037288399056924,15,4,0.158001966135526,0.253801502056604,1.2,0.75
202,11,0.733333333333333,30,hold,0.0765792581445266,0.417433822222692,0.0137417029229776,0.00423309397298528,0.000657862012104994,5.99780600789145e-17,1.17502146833537,1.33672595349711,1.45674699268663,0.12679718571031,0.136210060313688,0.254198267232006,0.255274312384969,-0.00941287460337827,0.00107604515296311,15,4,0.268669848211103,0.580408454732945,1.2,0.75
203,11,0.733333333333333,30,hold,0.0141525833495971,0.0548847762952552,0.0153281809557811,0.000737988669389171,0.000215535669152476,4.76748682678551e-17,1.67504632477498,2.45669220480201,0.622544742169448,0.689071094449994,0.679351308771235,0.277505500308237,0.277692327595479,0.00971978567875936,0.000186827287242349,15,4,0.11550960690703,0.224671365002648,1.2,0.75
204,11,0.733333333333333,30,hold,0.00818577613468537,0.0426304781173541,0.00636224714558807,0.00187300671197321,0.000100998472810533,5.075066622062e-17,0.185927655037756,0.556289384654974,0.909821253757701,0.50663352600945,0.502771026227192,0.249220583047942,0.249687374872752,0.00386249978225823,0.000466791824810672,15,4,0.19195342270817,0.435953969341272,1.2,0.75
205,11,0.733333333333333,30,hold,0.0207276300911106,0.0634213337831221,0.0329114019168145,0.00920792012724192,0.001575771098021,4.15232723623254e-17,2.04785576917592,2.64395366617846,1.42166941939493,0.141974542362929,0.144295178249006,0.295485691358775,0.298206500003549,-0.00232063588607683,0.00272080864477446,15,4,0.144026424329648,0.317306837573118,1.2,0.75
206,11,0.733333333333333,30,hold,0.00147041037289114,0.00717979408410238,0.000979287874443768,0.000220518080619357,7.21619108446212e-05,4.76748682678551e-17,0.385964782691762,0.974399967745829,0.628804843431131,0.767745834320446,0.76705473164474,0.308385781722002,0.308381583693259,0.000691102675706288,-4.19802874274622e-06,15,4,0.0826986120868798,0.146402994302563,1.2,0.75
207,11,0.733333333333333,30,hold,0.0121557918063556,0.0100197698848135,0.0110467354238612,0.000917222465045774,0.000215693850816277,2.9220080551266e-17,0.528789839781241,0.991027057129065,0.932055073155612,0.626193173014412,0.61868423618609,0.296358053976175,0.296629880240979,0.0075089368283217,0.000271826264804196,15,4,0.15960076094901,0.206994727494839,1.2,0.75
208,11,0.733333333333333,30,hold,0.00791954293859245,0.0394876174482053,0.00787146567997908,0.0112338660802933,0.00107720097640802,1.69168887402067e-17,0.230121978034012,0.750426151161988,0.790590000329708,0.6676663370147,0.662459076341512,0.178073257869194,0.180073709000578,0.00520726067318826,0.00200045113138406,15,4,0.12927740220694,0.305382306209819,1.2,0.75
209,11,0.733333333333333,30,hold,0.00379274256263609,0.00255651000320114,0.00375300986097487,0.000683929606164977,0.000160551070526399,1.53789897638242e-17,0.544378804714508,1.04709406749745,1.48561411098496,0.448979724841159,0.447282969031562,0.332845623273297,0.333073266249336,0.00169675580959736,0.000227642976039042,15,4,0.131713050123131,0.213101941017349,1.2,0.75
210,11,0.733333333333333,30,hold,0.0223854085990757,0.0268300368397021,0.0103964553082061,0.0743929334952999,0.0157090872002285,7.68949488191211e-17,0.483894992522717,0.785916134012905,0.764557119598516,0.916008449083529,0.895503225670589,0.128399859481735,0.137951901688966,0.0205052234129405,0.0095520422072306,15,4,0.803762266943222,2.89206063009401,1.2,0.75
211,11,0.733333333333333,30,hold,0.0315019164261499,0.0831545550737563,0.0217875350046402,0.008563954261641,0.00122262196137787,7.68949488191211e-17,0.275182123856279,0.739747740835144,1.06867546583549,0.520630668201357,0.504248310079315,0.225818917750076,0.227752820633101,0.0163823581220413,0.00193390288302493,15,4,0.211222308936086,0.512939285655558,10.5,0.75
212,11,0.733333333333333,30,hold,0.027712928775782,0.085593353811846,0.0156398104502406,0.00335887414453881,0.000540723414304303,5.22885651970024e-17,1.80941984421125,2.01510360140443,1.21414451247445,0.29633260082413,0.288364501129248,0.276908707479213,0.277838808977163,0.00796809969488164,0.00093010149794959,15,4,0.102725773446549,0.164417727321023,1.2,0.75
213,11,0.733333333333333,30,hold,0.0161258157955532,0.0141059607018055,0.0187230587265354,0.0481579128890041,0.00609014803369523,1.23031918110594e-17,0.738959857874581,1.23989622199621,0.483925110090902,0.876634454323834,0.862510832249082,0.099312621041405,0.104095309594296,0.0141236220747518,0.00478268855289066,15,4,0.28756755944638,0.72735158897794,1.2,0.75
214,11,0.733333333333333,30,hold,0.00770741293706089,0.0149040272701318,0.0188277434303683,0.016578446596273,0.00241790789631656,7.68949488191211e-17,0.745514973474666,1.40948033293946,0.844229924156046,0.664582869094448,0.659485031482806,0.159139045762059,0.161777323933607,0.00509783761164203,0.00263827817154814,15,4,0.198932320839846,0.426060316095815,1.2,0.75
215,11,0.733333333333333,30,hold,0.00173598520288088,0.00546150190572394,0.00166433995747765,0.00190617333963122,0.000294038486311722,3.22958785040309e-17,0.74683471074741,1.17453091634514,0.788579593118111,0.671840470224486,0.672742079535349,0.257585642560136,0.258076645444656,-0.000901609310862926,0.000491002884519908,15,4,0.117335923791505,0.187811237625698,1.2,0.75
216,11,0.733333333333333,30,hold,0.0977481612986191,0.13612252232667,0.04261264620971,0.00979787897880265,0.000707134152025079,6.45917570080618e-17,0.41318670436907,0.829926172262945,1.5685908514123,0.231871893083733,0.209390458844765,0.234245606013739,0.236540716112778,0.0224814342389679,0.0022951100990389,15,4,0.21750370231915,0.530634240582525,NaN,0.75
217,11,0.733333333333333,30,hold,0.00423970875296567,0.00809029063323517,0.00529371314098103,0.00180591500565171,0.000221927225155448,3.69095754331781e-17,0.597417482064269,0.193653832196622,1.91827039147879,0.51900693865808,0.517279285650297,0.316927809886414,0.317500154573996,0.00172765300778248,0.000572344687582207,15,4,0.153679410733049,0.207362590736951,1.2,0.75
218,11,0.733333333333333,30,hold,0.0862696517441417,0.067084272072506,0.0109440206767115,0.00298261697824348,0.000438807956048285,8.15086457482684e-17,1.59110800771074,1.05345089682972,1.49787221492941,0.173061671459917,0.158162752270086,0.294348761231623,0.295226690844397,0.0148989191898304,0.000877929612774375,15,4,0.205682685310218,0.357738254432221,1.2,0.75
219,11,0.733333333333333,30,hold,0.00344193457685817,0.0286214518378992,0.0067668696923679,0.00195061304301248,9.83374272740282e-05,6.30538580316793e-17,0.572445147817708,1.17405521706519,1.37603564636294,0.476575154620251,0.47779063981481,0.369860263375472,0.370581717629304,-0.00121548519455902,0.000721454253832226,15,4,0.172387178642657,0.204537281207635,1.2,0.75
220,11,0.733333333333333,30,hold,0.00420707949574598,0.0114193819031633,0.00404372686322063,9.21587538928933e-05,9.30458272025357e-05,6.61296559844442e-17,0.172399892231812,0.81577545827602,1.50402666369659,0.597168965116479,0.595210962070461,0.3064103015315,0.306434270091325,0.00195800304601842,2.39685598256933e-05,15,4,0.211361044005994,0.408683446276849,1.2,0.75
221,11,0.733333333333333,30,hold,0.00456708924500268,0.0488523546782618,0.00676204181613926,0.00684071521124224,0.00062491854621301,3.22958785040309e-17,1.14949055231644,1.6743661994252,0.708465903966382,0.738637676002285,0.735340972035749,0.28403914330989,0.285982174198118,0.0032967039665361,0.00194303088822818,15,4,0.108616344102804,0.265910708085008,1.2,0.75
222,11,0.733333333333333,30,hold,0.00345841540016121,0.016944933297346,0.00476397591645543,0.00675678589584211,0.00121929630110937,8.76602416537981e-17,0.769631563454724,0.905300015160313,0.932880210295672,0.783966210026699,0.78147173476557,0.126245534050082,0.127098548093964,0.00249447526112915,0.000853014043882646,15,4,0.135026665571184,0.245081691955771,1.2,0.75
223,11,0.733333333333333,30,hold,0.0160262465627189,0.0273711471550401,0.0142877341541903,0.0147552900057398,0.00302681002543342,7.68949488191211e-18,0.717990340961755,0.225439487918893,1.50143846250321,0.631887662732556,0.621805767780292,0.184226175646748,0.186944486295064,0.010081894952265,0.00271831064831613,15,4,0.273800212196013,0.804475478306104,1.2,0.75
224,11,0.733333333333333,30,hold,0.00527293866266018,0.00708730562610278,0.00347058554161142,0.00407614327056957,0.000662292815709181,2.15305856693539e-17,0.328472319596191,0.710143253166049,0.582619951723997,0.770567549288362,0.766570168262837,0.239356771046396,0.240332423537962,0.00399738102552467,0.000975652491566029,15,4,0.0743257043284549,0.165724503067326,1.2,0.75
225,11,0.733333333333333,30,hold,0.0179590151235698,0.0349506611044578,0.0295827318630158,0.00329095626049799,0.00152428372957332,9.22739385829454e-17,0.59161051282886,1.09374438904417,0.640071716444204,0.712675502917593,0.725378987153826,0.177083392187468,0.177479099019439,-0.0127034842362325,0.00039570683197065,15,4,0.157690897292585,0.409607702083178,1.2,0.75
226,11,0.733333333333333,30,hold,0.025213855165464,0.0208609921355968,0.0274949599370523,0.0337837700803164,0.00345736581646397,6.61296559844442e-17,0.473202682476752,0.71056350437779,0.493604306480707,0.851790387495661,0.830465240616423,0.164834614973858,0.170403349707412,0.0213251468792375,0.00556873473355428,15,4,0.19407193631348,0.489473917350722,1.2,0.75
227,11,0.733333333333333,30,hold,0.0175909311043481,0.109079325073847,0.00576444567853844,0.00703272600092216,0.00125273393201806,8.30465447246508e-17,0.261645009902607,0.655669848384213,2.05425906827254,0.323435680453825,0.326637068075209,0.220357260803393,0.221906973040937,-0.00320138762138386,0.00154971223754401,15,4,0.158741920138343,0.276925877685768,1.2,0.75
228,11,0.733333333333333,30,hold,0.02530330967012,0.0234633593996526,0.0218536467999209,0.0508505859193286,0.00557514119245358,7.22812518899739e-17,0.122567067336189,0.53324034873338,0.783381371692685,0.757865136372272,0.738887925570509,0.163102445899061,0.171396300837903,0.018977210801763,0.00829385493884283,15,4,0.285851907269236,0.768572912869232,1.2,0.75
229,11,0.733333333333333,30,hold,0.116737448457929,0.157967074642185,0.0365641946463969,0.0234004613815107,0.00274900712579736,2.9220080551266e-17,0.427751400392945,0.108582253832961,1.58696003242165,0.178230899964877,0.16058316192141,0.226248352017759,0.231542667841782,0.0176477380434672,0.00529431582402202,15,4,0.190680505540155,0.405121174754664,21.9,0.75
230,11,0.733333333333333,30,hold,0.0234123793994118,0.0186106707511657,0.0346311366201976,0.00625277471896478,0.000349016881182116,1.38410907874418e-17,0.568381135221881,1.0709050030215,1.06725209231545,0.475921500527079,0.483059692570932,0.12443443724665,0.125212497750034,-0.00713819204385351,0.000778060503384461,15,4,0.317315816355359,0.821614882974198,1.2,0.75
201,11,0.733333333333333,30,kalman,0.00495477704701978,0.0042903521468712,0.00495477792317478,0.00585674913851322,0.000424332811324681,5.99780600789145e-17,0.587686490257016,1.06668665434943,0.815890688511406,0.61337352961391,0.612128361959811,0.251666117837944,0.250192172519103,0.00124516765409873,-0.00147394531884034,15,4,0.172395661077682,0.243145820693193,1.2,0.75
202,11,0.733333333333333,30,kalman,0.0559470354509855,0.101322517082568,0.0139456150875712,0.00333704716923556,0.000685606703778913,5.075066622062e-17,1.18150152585344,1.32662994200234,1.45195994421258,0.12679718571031,0.1337356516317,0.254198267232006,0.255046538840097,-0.00693846592139038,0.00084827160809115,15,4,0.246462398234652,0.374402965502855,1.2,0.75
203,11,0.733333333333333,30,kalman,0.0197542148483882,0.0914823351881143,0.0195148002594613,0.00125032187007872,0.000341361125115796,4.92127672442375e-17,1.63269124106708,2.31754204309376,0.58892293870641,0.689071094449994,0.70257852048673,0.277505500308237,0.277801469016002,-0.0135074260367355,0.000295968707764853,15,4,0.105456654962778,0.181694018286528,1.2,0.75
204,11,0.733333333333333,30,kalman,0.0289121105643273,0.112904285508233,0.0279062694905669,0.0157712520507442,0.00153779248079892,5.99780600789145e-17,0.207867970007226,0.537598592727729,0.925280327919226,0.50663352600945,0.492015966523048,0.249220583047942,0.245290062416459,0.0146175594864019,-0.0039305206314825,15,4,0.141746733893561,0.265100281332847,1.2,0.75
205,11,0.733333333333333,30,kalman,0.0659831912516383,0.260242738319711,0.00870305557983809,0.0119206384609758,0.00107605881036547,5.69022621261496e-17,2.02700608249362,2.60725423724647,1.4564251150624,0.141974542362929,0.133472686458064,0.295485691358775,0.291963313261695,0.00850185590486436,-0.00352237809707944,15,4,0.107801570720197,0.211977362618607,1.2,0.75
206,11,0.733333333333333,30,kalman,0.00415981132884635,0.0167661757956177,0.00362895416163669,0.00140983169984232,0.000214990966664299,3.84474744095606e-17,0.385964782921737,0.9711813088112,0.612877847423829,0.767745834320446,0.770665190967992,0.308385781722002,0.30795100967115,-0.00291935664754607,-0.000434772050852333,15,4,0.0883418510801973,0.149710193531713,1.2,0.75
207,11,0.733333333333333,30,kalman,0.0162430177533801,0.0126658104242401,0.00816549418188758,0.00384645767156505,0.000755123818429168,3.53716764567957e-17,0.524682402889559,0.978145626122996,0.896590240793361,0.626193173014412,0.636282627876479,0.296358053976175,0.295218125265928,-0.0100894548620667,-0.00113992871024675,15,4,0.15915205595213,0.210283472567736,1.2,0.75
208,11,0.733333333333333,30,kalman,0.012376151952359,0.0481919611123721,0.00819859067485193,0.00171050480242448,0.000577190018850617,1.99926866929715e-17,0.232325626340296,0.795167026193648,0.800180439950904,0.6676663370147,0.659904760897222,0.178073257869194,0.178325019103928,0.00776157611747824,0.000251761234734197,15,4,0.112801315679852,0.22603010034237,1.2,0.75
209,11,0.733333333333333,30,kalman,0.0283041460444299,0.105695472684802,0.0104774420803899,0.00595501637261857,0.00041165588872737,2.76821815748836e-17,0.543651779417816,1.04785315745284,1.49730583619813,0.448979724841159,0.461615454102007,0.332845623273297,0.33086352213715,-0.0126357292608481,-0.00198210113614692,15,4,0.138219501190996,0.192278541120791,1.2,0.75
210,11,0.733333333333333,30,kalman,0.0272599511081388,0.0276651895422927,0.0075703322876224,0.0734777556067065,0.0150455463430456,7.22812518899739e-17,0.522767142060551,0.725982307181746,0.814072169306116,0.916008449083529,0.891042309210502,0.128399859481735,0.13783439297667,0.0249661398730277,0.00943453349493442,15,4,0.804092127621785,2.73224763730506,1.2,0.75
211,11,0.733333333333333,30,kalman,0.0171090186866584,0.0415557096020569,0.00550131572342696,0.00124040997450679,6.52293070441185e-05,8.45844437010333e-17,0.160311807799144,0.581583284046172,1.07583258572335,0.520630668201357,0.529175306203618,0.225818917750076,0.225538809712067,-0.00854463800226076,-0.000280108038009524,15,4,0.162410190370006,0.239840182987827,1.2,0.75
212,11,0.733333333333333,30,kalman,0.0378077381968792,0.10429740414686,0.00648464700799601,0.00199131869671233,0.000652685357792472,7.07433529135914e-17,1.64226382713707,1.98563454956076,1.2576872572131,0.29633260082413,0.285155075511642,0.276908707479213,0.277396973431918,0.0111775253124873,0.000488265952705005,15,4,0.102336594974264,0.184986288930865,1.2,0.75
213,11,0.733333333333333,30,kalman,0.012598039248063,0.0091513520331968,0.0226236725595942,0.0303921806046739,0.0038434711188649,9.22739385829454e-18,0.708822021399587,1.24610634259188,0.496505706699171,0.876634454323834,0.865633791766045,0.099312621041405,0.102330948156419,0.0110006625577892,0.00301832711501392,15,4,0.248192410694036,0.566935737997843,1.2,0.75
214,11,0.733333333333333,30,kalman,0.00222197377100406,0.015511174256497,0.00575796391709525,0.00251545516468187,0.000264024969167821,7.22812518899739e-17,0.745493983226387,1.3847713248683,0.842535482906396,0.664582869094448,0.663812952991915,0.159139045762059,0.159490067662318,0.000769916102532714,0.000351021900259157,15,4,0.151217237471637,0.305556805848539,1.2,0.75
215,11,0.733333333333333,30,kalman,0.00175712305935531,0.0248378958518975,0.00433095805865196,0.00261762086436335,0.000397842236244292,4.15232723623254e-17,0.740868739680706,1.155811976583,0.790218593285618,0.671840470224486,0.672647695087417,0.257585642560136,0.257074105645518,-0.000807224862931161,-0.000511536914618027,15,4,0.135779850144484,0.211268586328803,1.2,0.75
216,11,0.733333333333333,30,kalman,0.0814385050762708,0.0952922209629836,0.0323823571724993,0.0109582966231096,0.00110169973101189,6.9205453937209e-17,0.373494352985985,0.697476833907502,1.5704125133434,0.231871893083733,0.213015788459687,0.234245606013739,0.236812538847097,0.0188561046240468,0.00256693283335862,15,4,0.179252963885701,0.314180260088548,1.2,0.75
217,11,0.733333333333333,30,kalman,0.00390899801093591,0.0109900157118623,0.00355397978307851,0.000456401006194394,0.000159552438339919,4.45990703150903e-17,0.593756237644836,0.202567439779585,1.93033580606282,0.51900693865808,0.520656071788115,0.316927809886414,0.316783163715091,-0.00164913313003518,-0.000144646171323145,15,4,0.154841363411171,0.205385119826921,1.2,0.75
218,11,0.733333333333333,30,kalman,0.0131490967505648,0.126141719784929,0.0106892169086898,0.00323285203310754,0.000175358821129152,7.84328477955036e-17,1.40107802035722,0.943870755882406,1.53350395441917,0.173061671459917,0.172343734715157,0.294348761231623,0.295300347222813,0.000717936744759816,0.000951585991190336,15,4,0.171304936071741,0.219985875539747,1.2,0.75
219,11,0.733333333333333,30,kalman,0.0144474578683951,0.0120445795108127,0.0151740230751706,0.000112303470919549,0.000172437096695618,6.45917570080618e-17,0.569120405207951,1.17753760729723,1.3800061268043,0.476575154620251,0.483460454087751,0.369860263375472,0.369828822678503,-0.00688529946749998,-3.14406969689363e-05,15,4,0.202124169534721,0.224818182146649,1.2,0.75
220,11,0.733333333333333,30,kalman,0.0124469490465868,0.0275119595528257,0.00773912750172416,0.000156265792546114,4.77559172877029e-05,6.30538580316793e-17,0.196953438128445,0.876830154735065,1.46203257946405,0.597168965116479,0.604346926624905,0.3064103015315,0.30637096087685,-0.0071779615084252,-3.93406546497704e-05,15,4,0.212823193271318,0.256652831584999,1.2,0.75
221,11,0.733333333333333,30,kalman,0.00209263921036587,0.00277011380066133,0.00323290664156341,0.000754437739193373,0.000120428443165961,4.30611713387078e-17,1.15503990231337,1.7336846390502,0.708139307659088,0.738637676002285,0.740004940516925,0.28403914330989,0.283824853460769,-0.00136726451463975,-0.000214289849121136,15,4,0.107471075048601,0.198791251569244,1.2,0.75
222,11,0.733333333333333,30,kalman,0.00466381375075751,0.0174022590948041,0.00373059664025006,0.0217521222950842,0.00120267241726887,7.68949488191211e-17,0.733119139597719,0.699037853289037,0.913085612490253,0.783966210026699,0.786915767869821,0.126245534050082,0.123499425754216,-0.00294955784312193,-0.00274610829586559,15,4,0.137085255232249,0.269955044350618,1.2,0.75
223,11,0.733333333333333,30,kalman,0.00641898865168284,0.0178033094436428,0.00657270804864928,0.0021528621043306,0.000571713866539314,1.99926866929715e-17,0.710031126089036,0.211546888191275,1.49551587869088,0.631887662732556,0.628436242066653,0.184226175646748,0.184045991453435,0.00345142066590367,-0.000180184193312335,15,4,0.297396448486958,0.977922026352994,1.2,0.75
224,11,0.733333333333333,30,kalman,0.0023287226711316,0.0626069745055147,0.000906308341033308,0.0161874951554441,0.000283552431127094,3.53716764567957e-17,0.287679100923363,0.184907896970663,0.597986749525338,0.770567549288362,0.76888684907358,0.239356771046396,0.23548218447466,0.00168070021478257,-0.00387458657173628,15,4,0.0685655892459158,0.155093093365322,1.2,0.75
225,11,0.733333333333333,30,kalman,0.00917950455742938,0.0333891811897412,0.00773527130112584,0.00103830982923284,0.000167852765018601,5.075066622062e-17,0.590210975952434,1.11323189254518,0.661146189944214,0.712675502917593,0.706898248105965,0.177083392187468,0.176907377659037,0.00577725481162831,-0.000176014528430966,15,4,0.138456091467587,0.2763130547792,1.2,0.75
226,11,0.733333333333333,30,kalman,0.00546763894780932,0.0184007630216977,0.00642397202799601,0.00454134752161599,0.000718219129359393,8.15086457482684e-17,0.416893866897003,0.539426336438964,0.462937677973447,0.851790387495661,0.847325131334137,0.164834614973858,0.164086043703669,0.00446525616152327,-0.000748571270188053,15,4,0.167686599893527,0.385275431671406,1.2,0.75
227,11,0.733333333333333,30,kalman,0.00778155136218683,0.0748451846120783,0.00359805994367922,0.000156549858876544,0.000465020578017615,7.84328477955036e-17,0.133612391290502,0.523837784094997,2.09616208419675,0.323435680453825,0.32455835826893,0.220357260803393,0.220325351836551,-0.00112267781510507,-3.19089668418218e-05,15,4,0.172841902911609,0.232205438172442,1.2,0.75
228,11,0.733333333333333,30,kalman,0.00457047127668691,0.0359192305347969,0.0161453721882103,0.010683019714547,0.00117630021547622,7.22812518899739e-17,0.0929897782767603,0.321263729205999,0.793573163891374,0.757865136372272,0.757722234604147,0.163102445899061,0.16173075313387,0.000142901768124494,-0.00137169276519099,15,4,0.242872400207277,0.558903558676614,1.2,0.75
229,11,0.733333333333333,30,kalman,0.106645956176716,0.0686421513799759,0.0386092006055152,0.00597876945696145,0.00122413576948589,2.9220080551266e-17,0.398699839070219,0.0741865711170205,1.58669837287561,0.178230899964877,0.159277429750334,0.226248352017759,0.227601038754491,0.0189534702145433,0.00135268673673164,15,4,0.149936982785382,0.239446432802817,3.6,0.75
230,11,0.733333333333333,30,kalman,0.0236499094853991,0.0280012530369274,0.0194143074946623,0.00938188537451974,0.000511341104871841,1.84547877165891e-17,0.572532772030932,1.0342173921578,1.0867869656826,0.475921500527079,0.464897119584425,0.12443443724665,0.125601866873541,0.0110243809426538,0.00116742962689094,15,4,0.226222769488796,0.560349497874785,1.2,0.75
201,11,0.733333333333333,30,kalman-gm,0.00698271002444289,0.0107283383229476,0.00922494820529108,0.0004817459835829,0.000142329596432573,5.38264641733848e-17,0.592508775557008,1.07536479127299,0.826960221183292,0.61337352961391,0.610118765697863,0.251666117837944,0.251778115807115,0.00325476391604644,0.000111997969171569,15,4,0.134540971035082,0.169360273653854,1.2,0.75
202,11,0.733333333333333,30,kalman-gm,0.0262424077392518,0.065360075902769,0.00587100689518722,0.000307286686464713,0.000191450623865433,5.22885651970024e-17,1.1770212941555,1.35372238076802,1.47343024709379,0.12679718571031,0.126074488466384,0.254198267232006,0.254139545805032,0.000722697243925195,-5.87214269738368e-05,15,4,0.225397212129905,0.363587253752254,1.2,0.75
203,11,0.733333333333333,30,kalman-gm,0.00972325449345785,0.0486523567020466,0.0108154157717028,0.000309988488655481,3.68777779010775e-05,4.30611713387078e-17,1.68844383628012,2.44830349280112,0.627537440174333,0.689071094449994,0.682425988415455,0.277505500308237,0.277470374838702,0.00664510603453934,-3.51254695346337e-05,15,4,0.0841981188953699,0.137811674113922,1.2,0.75
204,11,0.733333333333333,30,kalman-gm,0.00402358579169395,0.0346027294993395,0.00724728591520446,0.000295678384929838,0.000118706043478661,5.69022621261496e-17,0.204894282313895,0.530573962446626,0.908543668707465,0.50663352600945,0.505697778943039,0.249220583047942,0.249146893908455,0.000935747066410737,-7.3689139486888e-05,15,4,0.143534138242283,0.288689893602374,1.2,0.75
205,11,0.733333333333333,30,kalman-gm,0.0332075996290973,0.075277629718084,0.0177399823680825,0.00440130451742815,0.000832294755807652,4.30611713387078e-17,2.06382879229953,2.64587863633101,1.43972383481573,0.141974542362929,0.142483160790375,0.295485691358775,0.296786213866987,-0.000508618427446388,0.00130052250821276,15,4,0.108981110921228,0.213443311934501,1.2,0.75
206,11,0.733333333333333,30,kalman-gm,0.00266446975749136,0.0199258927252011,0.00350974398745417,0.00120144518156716,2.41528258173097e-05,4.30611713387078e-17,0.385964782849346,0.974764227483755,0.624806645096744,0.767745834320446,0.769630598654471,0.308385781722002,0.308015273110488,-0.00188476433402543,-0.00037050861151372,15,4,0.0600614148621502,0.0926269478379957,1.2,0.75
207,11,0.733333333333333,30,kalman-gm,0.00328674794891971,0.0141819828848204,0.00442874820094194,0.000572751791398955,6.49966202718733e-05,2.30684846457363e-17,0.528781971283355,0.989712881693801,0.922454186718874,0.626193173014412,0.624849543822699,0.296358053976175,0.296192864491007,0.00134362919171251,-0.000165189485167833,15,4,0.136087307911866,0.143991844443902,1.2,0.75
208,11,0.733333333333333,30,kalman-gm,0.00771721566607392,0.04381954611345,0.00831941576211162,0.00796738891774908,0.000520221082144551,2.46063836221188e-17,0.230081232318605,0.750432282972068,0.789969882980313,0.6676663370147,0.662875517573881,0.178073257869194,0.179492036770488,0.00479081944081933,0.00141877890129449,15,4,0.0846060470912842,0.179248788349409,1.2,0.75
209,11,0.733333333333333,30,kalman-gm,0.00301272763428301,0.00248484409438824,0.00378064875155465,0.0006268560410376,0.000149149966176108,3.53716764567957e-17,0.544375386245943,1.04707103296172,1.48511215108116,0.448979724841159,0.447628714723944,0.332845623273297,0.333054269562979,0.00135101011721561,0.000208646289681791,15,4,0.106605873122299,0.148364277123652,1.2,0.75
210,11,0.733333333333333,30,kalman-gm,0.0275378981987839,0.0295936327878371,0.00961484983576666,0.0754659753227359,0.0148759787614253,8.45844437010333e-17,0.532365332825474,0.752191044803531,0.798068365298567,0.916008449083529,0.890783501663441,0.128399859481735,0.138089680108827,0.0252249474200882,0.0096898206270914,15,4,0.832889545422139,2.86370385705021,1.2,0.75
211,11,0.733333333333333,30,kalman-gm,0.0227010755964339,0.0837605106571109,0.0183380553799372,0.00309595847859305,0.000609260746936031,6.61296559844442e-17,0.239918346016578,0.757133589841811,1.07296527509478,0.520630668201357,0.509032061071225,0.225818917750076,0.226518043743111,0.0115986071301321,0.000699125993035056,15,4,0.163156853401865,0.323206255746388,1.2,0.75
212,11,0.733333333333333,30,kalman-gm,0.0447267118939143,0.0256150420854172,0.0148620519606102,0.00643937621400797,0.000778372459214512,6.76675549608266e-17,1.69049986348827,1.85684436928877,1.2532826467848,0.29633260082413,0.283079902639806,0.276908707479213,0.278691826823606,0.0132526981843239,0.00178311934439334,15,4,0.0853564851963912,0.125065630514491,1.2,0.75
213,11,0.733333333333333,30,kalman-gm,0.0156324023264712,0.0172441117226742,0.0194462991375849,0.0383771614703055,0.00426907184602416,1.0765292834677e-17,0.727653139255593,1.25120826649724,0.497818258310569,0.876634454323834,0.862939530476432,0.099312621041405,0.10312395753515,0.0136949238474017,0.00381133649374526,15,4,0.242188125479505,0.578495363670767,1.2,0.75
214,11,0.733333333333333,30,kalman-gm,0.00813867216161997,0.012720210284283,0.0157740013281387,0.0130493693535696,0.00157450210132125,7.38191508663563e-17,0.748593610686999,1.40428627354606,0.846174086128685,0.664582869094448,0.659193964576312,0.159139045762059,0.161215709948783,0.00538890451813549,0.00207666418672373,15,4,0.149794587815438,0.290219096910656,1.2,0.75
215,11,0.733333333333333,30,kalman-gm,0.000921165853740059,0.00464499387119718,0.00237723049886071,0.00190022006906567,0.000295937664698527,4.15232723623254e-17,0.746628669804719,1.18840489584099,0.790548686215768,0.671840470224486,0.671753462559763,0.257585642560136,0.258075111967632,8.70076647233764e-05,0.000489469407495945,15,4,0.0985779473600435,0.137171750687326,1.2,0.75
216,11,0.733333333333333,30,kalman-gm,0.104000046514355,0.171247567492594,0.0370540392588954,0.0118029397207482,0.000953051422405863,7.9970746771886e-17,0.378138109259648,0.837373100636439,1.5785057456675,0.231871893083733,0.207763452573581,0.234245606013739,0.237010392781369,0.0241084405101528,0.00276478676763028,15,4,0.174039437669437,0.357831430303442,NaN,0.75
217,11,0.733333333333333,30,kalman-gm,0.00305582328431485,0.00881413747203678,0.00490467950815672,0.00116894237195311,9.9848054811823e-05,3.38337774804133e-17,0.595456489031063,0.195111634456628,1.92152852607547,0.51900693865808,0.518108877276204,0.316927809886414,0.317298280232241,0.000898061381875531,0.000370470345826531,15,4,0.131766754660588,0.146203764471107,1.2,0.75
218,11,0.733333333333333,30,kalman-gm,0.0395196227843029,0.0422943398671185,0.0053839435411622,0.000700060903802286,0.000126830143338796,6.61296559844442e-17,1.56002896189198,1.01353197218225,1.5018667769876,0.173061671459917,0.166279638898853,0.294348761231623,0.294554823291444,0.00678203256106349,0.000206062059820893,15,4,0.163024609449202,0.221702541640332,1.2,0.75
219,11,0.733333333333333,30,kalman-gm,0.0132737769704513,0.0355783674889046,0.014038629852649,0.00127862176053166,6.14605381727167e-05,7.38191508663563e-17,0.571674360797908,1.17546733857029,1.37419502960473,0.476575154620251,0.482901106932339,0.369860263375472,0.37033317475658,-0.00632595231208758,0.00047291138110785,15,4,0.188295070111199,0.178251952875699,1.2,0.75
220,11,0.733333333333333,30,kalman-gm,0.0048038335228713,0.0073620803259663,0.00579287582902043,0.000643995328910952,0.000147552058552512,7.68949488191211e-17,0.19555484515484,0.861839553387582,1.47057314955283,0.597168965116479,0.599429982570404,0.3064103015315,0.306212974728583,-0.00226101745392529,-0.000197326802916482,15,4,0.181360803874898,0.27674146930228,1.2,0.75
221,11,0.733333333333333,30,kalman-gm,0.00149786161650915,0.0162158858405297,0.00515152958097985,0.00261948756244085,0.000205063998577066,6.15159590552969e-17,1.15430729332345,1.67601698137106,0.709199687908599,0.738637676002285,0.738150572775043,0.28403914330989,0.284783180313036,0.000487103227241698,0.000744037003146611,15,4,0.0797268494885816,0.161225341349407,1.2,0.75
222,11,0.733333333333333,30,kalman-gm,0.00255862940044362,0.00713750818640328,0.00469066641386907,0.0015337487947777,0.000118941343206311,7.38191508663563e-17,0.765132907597016,0.876265096985249,0.935839466427115,0.783966210026699,0.783556794452807,0.126245534050082,0.126439162985777,0.000409415573891421,0.00019362893569538,15,4,0.104352001507048,0.174260166180554,1.2,0.75
223,11,0.733333333333333,30,kalman-gm,0.00433245154122745,0.0141588318659562,0.0110109327908123,0.0164835460900985,0.00374534801759828,1.0765292834677e-17,0.554903308480091,0.161893272789726,1.35936245077019,0.631887662732556,0.631562934708912,0.184226175646748,0.187262876304023,0.000324728023644457,0.00303670065727574,15,4,0.313380228733088,1.28802623197844,1.2,0.75
224,11,0.733333333333333,30,kalman-gm,0.0040998115486887,0.00547462797323722,0.00259232942224877,0.00253548402470347,0.000368784386551758,2.76821815748836e-17,0.328285370590091,0.710851665419481,0.578992114897842,0.770567549288362,0.767428402327688,0.239356771046396,0.239963656315589,0.00313914696067422,0.000606885269192744,15,4,0.053136124213109,0.107267475376205,1.2,0.75
225,11,0.733333333333333,30,kalman-gm,0.00951147086754317,0.0152259986728255,0.0195917721655383,0.00172382361396154,0.000745033333219829,7.38191508663563e-17,0.591600942612842,1.09953740295064,0.647732476500679,0.712675502917593,0.719273200104785,0.177083392187468,0.177230701737585,-0.00659769718719194,0.000147309550116273,15,4,0.10539196429896,0.233885096486538,1.2,0.75
226,11,0.733333333333333,30,kalman-gm,0.0309450640422899,0.0155494003937102,0.0320444685360383,0.0295833890330348,0.0024964480359245,6.9205453937209e-17,0.471380730047341,0.688635773226217,0.501938487743223,0.851790387495661,0.82544423792589,0.164834614973858,0.16971098151474,0.0263461495697709,0.00487636654088214,15,4,0.14421380408089,0.299358265908672,1.5,0.75
227,11,0.733333333333333,30,kalman-gm,0.0203061554184885,0.117753146097583,0.00315953618949975,0.00283197376266483,0.000241712725412483,6.61296559844442e-17,0.215401413616696,0.605026290727584,2.06453858620929,0.323435680453825,0.328808902443373,0.220357260803393,0.220981306784401,-0.00537322198954836,0.000624045981007901,15,4,0.148522723803665,0.213620453778722,1.2,0.75
228,11,0.733333333333333,30,kalman-gm,0.0229950754595519,0.0498888969828723,0.0246617687333489,0.0285298918082395,0.00471040813071496,7.84328477955036e-17,0.117823192357309,0.52343477979478,0.785937725532184,0.757865136372272,0.740826498937498,0.163102445899061,0.16775574103422,0.0170386374347736,0.00465329513515943,15,4,0.224483814345256,0.522685155063361,1.2,0.75
229,11,0.733333333333333,30,kalman-gm,0.127287542169606,0.143957374046352,0.0408618955809367,0.0194250917200356,0.0022649415854633,2.61442825985012e-17,0.406675277196871,0.0825466418544644,1.59114138901337,0.178230899964877,0.156494407756062,0.226248352017759,0.230643247007211,0.0217364922088149,0.00439489498945187,15,4,0.151415150598237,0.281568067045446,19.8,0.75
230,11,0.733333333333333,30,kalman-gm,0.0204109505203453,0.0330982259806982,0.0143016267135368,0.019565417876778,0.00308003215001598,2.76821815748836e-17,0.568313981353446,1.04593797186821,1.088612334602,0.475921500527079,0.467405396572755,0.12443443724665,0.126869049009642,0.00851610395432343,0.00243461176299241,15,4,0.262909124372729,0.764339835650064,1.2,0.75
201,11,0.733333333333333,30,mean,0.00353752807448874,0.00940825073201049,0.00547997203999494,0.00657826652713466,0.000483563641238387,5.99780600789145e-17,0.592580891117414,1.07922175702617,0.820875667936683,0.61337352961391,0.612590233743169,0.251666117837944,0.250010591038956,0.00078329587074024,-0.00165552679898727,15,4,0.171948821640456,0.24298223612071,1.2,0.75
202,11,0.733333333333333,30,mean,0.0283443275012297,0.197533585885768,0.0127823910288528,0.00137526356184176,0.000419667353948858,6.45917570080618e-17,1.18737510187914,1.36236383980786,1.46481234202014,0.12679718571031,0.126006351705301,0.254198267232006,0.254547856846414,0.000790834005008684,0.000349589614407492,15,4,0.244963587104126,0.369938048109644,1.2,0.75
203,11,0.733333333333333,30,mean,0.0139623113216538,0.0777301820623307,0.0137387354004046,0.0019697587540243,0.000401779738349265,4.92127672442375e-17,1.6474969144709,2.34990679129201,0.6043135775058,0.689071094449994,0.69845414348652,0.277505500308237,0.278052119196759,-0.00938304903652523,0.000546618888522042,15,4,0.105571762769181,0.182365618679222,1.2,0.75
204,11,0.733333333333333,30,mean,0.00722582107628334,0.0687414468377987,0.00840235869721294,0.00895109742015868,0.000280748051812599,5.38264641733848e-17,0.200729231903136,0.52858294993889,0.908074355868223,0.50663352600945,0.503010392752795,0.249220583047942,0.246989785329971,0.00362313325665538,-0.00223079771797087,15,4,0.141037485204368,0.263490224373168,1.2,0.75
205,11,0.733333333333333,30,mean,0.0232087680886479,0.09878287787343,0.00866927169489012,0.00926989169147263,0.000332787467225387,6.61296559844442e-17,2.07198644582733,2.69861949576297,1.45068033122961,0.141974542362929,0.141175817280615,0.295485691358775,0.292746571003499,0.000798725082314055,-0.00273912035527575,15,4,0.107900355912169,0.211610961888521,1.2,0.75
206,11,0.733333333333333,30,mean,0.00581985809888914,0.0227430581670789,0.00508504670662634,0.00214546279599576,0.000238261992977269,3.69095754331781e-17,0.385627197490176,0.969879301972344,0.616268959749116,0.767745834320446,0.772096396624976,0.308385781722002,0.307724151500503,-0.00435056230453017,-0.000661630221498625,15,4,0.0885101886775368,0.149512800606862,1.2,0.75
207,11,0.733333333333333,30,mean,0.00925412572164085,0.0148668149382579,0.00461059759620813,0.002463858322678,0.000502815027372798,4.15232723623254e-17,0.528812236879676,0.991644212285405,0.910488266580972,0.626193173014412,0.631869374521267,0.296358053976175,0.295627869718393,-0.00567620150685555,-0.000730184257781855,15,4,0.159128009725587,0.209683549321795,1.2,0.75
208,11,0.733333333333333,30,mean,0.0114466763572762,0.050442296089293,0.00853538623364942,0.00270121614052081,0.000241299982985733,2.61442825985012e-17,0.236542456106097,0.76502570555749,0.792770808702925,0.6676663370147,0.660309308254205,0.178073257869194,0.178523422994482,0.00735702876049526,0.000450165125288356,15,4,0.113085464011126,0.22868315621915,1.2,0.75
209,11,0.733333333333333,30,mean,0.00802732705942133,0.0627450879529475,0.00497235512126933,0.00400895065857351,0.000305109367833747,3.53716764567957e-17,0.544374218138893,1.05102182907847,1.48218563686496,0.448979724841159,0.452223027855752,0.332845623273297,0.331511261592673,-0.0032433030145922,-0.0013343616806248,15,4,0.138120884791148,0.192566646919197,1.2,0.75
210,11,0.733333333333333,30,mean,0.0227167741992311,0.0282311783856184,0.00924526784525209,0.0692723793086912,0.0140742461471127,7.84328477955036e-17,0.513964893671687,0.714165198153391,0.797028938212279,0.916008449083529,0.895203985189131,0.128399859481735,0.137294423250937,0.0208044638943985,0.00889456376920143,15,4,0.803896884739613,2.73309919137691,1.2,0.75
211,11,0.733333333333333,30,mean,0.0156584928275316,0.0379460580724426,0.00622900440879573,0.001560454748664,0.000403026110379513,6.9205453937209e-17,0.1691321895411,0.618610042518524,1.0720395935664,0.520630668201357,0.528612100211156,0.225818917750076,0.226171297952618,-0.00798143200979861,0.000352380202541272,15,4,0.162536110899983,0.23912002770651,1.2,0.75
212,11,0.733333333333333,30,mean,0.0142938215648344,0.00552459967523283,0.00308424504285738,0.000431018011852948,0.000153593766203514,5.075066622062e-17,1.6546392512471,1.82383496769835,1.25317906557831,0.29633260082413,0.292111785968639,0.276908707479213,0.276903735485805,0.00422081485549012,-4.97199340847243e-06,15,4,0.102767425198584,0.185572159058649,1.2,0.75
213,11,0.733333333333333,30,mean,0.0128435955759812,0.00807017119262934,0.0198214455819264,0.0308092200498184,0.00355955895539037,1.38410907874418e-17,0.710377575512455,1.24499413937662,0.505568699062888,0.876634454323834,0.865409276958846,0.099312621041405,0.102372365436794,0.0112251773649882,0.00305974439538888,15,4,0.24586549100517,0.55841482973399,1.2,0.75
214,11,0.733333333333333,30,mean,0.00739420153150778,0.00640723531304658,0.0101306983622136,0.00368376013905377,0.000555733559772995,6.9205453937209e-17,0.756150559443047,1.40790152764111,0.855662654465477,0.664582869094448,0.659836647412957,0.159139045762059,0.159725275835404,0.00474622168149105,0.000586230073345327,15,4,0.150801163262556,0.307018527158107,1.2,0.75
215,11,0.733333333333333,30,mean,0.00277166041337986,0.0134894834682355,0.00203840891656205,0.000600879794890595,0.000333222420379626,4.76748682678551e-17,0.744436993108793,1.18863042105462,0.784897847343688,0.671840470224486,0.67366489501544,0.257585642560136,0.257740420568204,-0.00182442479095418,0.000154778008068296,15,4,0.135297916018395,0.209506776842479,1.2,0.75
216,11,0.733333333333333,30,mean,0.0610168217513416,0.0721096839775934,0.0192533559943766,0.00913530094156139,0.00088782965154907,6.30538580316793e-17,0.311547317989527,0.690054528284655,1.56263413078035,0.231871893083733,0.217760152518167,0.234245606013739,0.236385510118913,0.0141117405655667,0.00213990410517393,15,4,0.178802574064483,0.308027487470706,1.2,0.75
217,11,0.733333333333333,30,mean,0.00331558028598123,0.0081287889873784,0.00595067711075327,0.000798262091732796,0.000202853150812586,4.15232723623254e-17,0.585474566594389,0.192064824843623,1.92003333868475,0.51900693865808,0.519387880129928,0.316927809886414,0.316674818429966,-0.00038094147184839,-0.000252991456448223,15,4,0.154804347507896,0.205203665372026,1.2,0.75
218,11,0.733333333333333,30,mean,0.05710741356392,0.16426076739693,0.0208555886821718,0.0013440575481868,0.000205512869903843,7.68949488191211e-17,1.51929172259895,0.985132861096889,1.48926598490186,0.173061671459917,0.182747860090922,0.294348761231623,0.294744382905955,-0.00968618863100514,0.000395621674332796,15,4,0.172577626391214,0.221432395053522,1.2,0.75
219,11,0.733333333333333,30,mean,0.0293401406877704,0.0635261132022734,0.0294422137416465,0.000366478874794141,0.000202048434140076,7.38191508663563e-17,0.577181442583637,1.17763286939258,1.37947167789974,0.476575154620251,0.490557936705105,0.369860263375472,0.369962863645481,-0.0139827820848541,0.000102600270009028,15,4,0.202454231275885,0.225130916066594,1.2,0.75
220,11,0.733333333333333,30,mean,0.00489067770671428,0.00545881561397165,0.00393352694338614,0.000107454372254635,4.04736941606063e-05,5.075066622062e-17,0.195682966559951,0.862248770128971,1.47518877629873,0.597168965116479,0.599801000156065,0.3064103015315,0.306405866053886,-0.00263203503958574,-4.43547761327656e-06,15,4,0.212951866089755,0.256928684510076,1.2,0.75
221,11,0.733333333333333,30,mean,0.00341948947208377,0.00290057024067789,0.00418092381718801,0.00142604082849617,0.000205792595278593,2.76821815748836e-17,1.16184103696151,1.74333942082525,0.708624260091564,0.738637676002285,0.740799820242657,0.28403914330989,0.283634091894639,-0.00216214424037175,-0.000405051415250977,15,4,0.102869844056362,0.19674121774928,1.2,0.75
222,11,0.733333333333333,30,mean,0.00947961130344959,0.0276941752504843,0.00603223578703874,0.0220568391679572,0.00126937798284595,5.84401611025321e-17,0.758584376025348,0.860703619773304,0.92814489095679,0.783966210026699,0.791261175559462,0.126245534050082,0.123460956609866,-0.00729496553276276,-0.00278457744021551,15,4,0.136158513273876,0.266498076277699,1.2,0.75
223,11,0.733333333333333,30,mean,0.00673786885560081,0.0228605308226467,0.00756254175505257,0.00185476779354534,0.000995810135872671,1.38410907874418e-17,0.702144280374345,0.216948579373889,1.48795821154976,0.631887662732556,0.628193540155536,0.184226175646748,0.184520973758962,0.00369412257702008,0.000294798112214104,15,4,0.297836459033538,0.982542358414192,1.2,0.75
224,11,0.733333333333333,30,mean,0.0067984089630964,0.0166782838033079,0.00281550815547567,0.0011308296534215,0.000189988828102199,3.07579795276485e-17,0.327955802283548,0.710358689303838,0.578509402105617,0.770567549288362,0.765344032772325,0.239356771046396,0.23908609931195,0.00522351651603711,-0.000270671734446485,15,4,0.0694282762695476,0.155024624079388,1.2,0.75
225,11,0.733333333333333,30,mean,0.0117323035355299,0.0260524782296545,0.0130555959528837,0.0010153576343287,7.58829436719166e-05,6.45917570080618e-17,0.584156267485053,1.09938732399895,0.667246519991245,0.712675502917593,0.704707890484336,0.177083392187468,0.177257664152208,0.00796761243325688,0.000174271964740042,15,4,0.140825529203063,0.279889023254972,1.2,0.75
226,11,0.733333333333333,30,mean,0.00793506267581643,0.00825049586011309,0.00747279045388133,0.000831110465941416,0.000328572012659585,8.30465447246508e-17,0.465323422212051,0.63710626909415,0.462594175684263,0.851790387495661,0.845081909112452,0.164834614973858,0.164971610747512,0.00670847838320887,0.000136995773654197,15,4,0.169078826668797,0.39325470344591,1.2,0.75
227,11,0.733333333333333,30,mean,0.021368925674967,0.0864964666136351,0.00370761899392585,0.00153713611615021,0.000199228307366591,6.30538580316793e-17,0.153764607689088,0.522190060146656,2.09202843695962,0.323435680453825,0.329673230531432,0.220357260803393,0.22069597990743,-0.00623755007760743,0.000338719104036826,15,4,0.173324146593369,0.233276399626806,1.2,0.75
228,11,0.733333333333333,30,mean,0.0171636739677884,0.0298218801116205,0.0243255072948641,0.00878989271572202,0.00187482988507838,7.53570498427387e-17,0.106872516559762,0.382255309354856,0.805188342420022,0.757865136372272,0.745131776998696,0.163102445899061,0.164299856730043,0.0127333593735754,0.00119741083098193,15,4,0.244228541550278,0.559939437138383,1.2,0.75
229,11,0.733333333333333,30,mean,0.0165311289132416,0.00585738679935577,0.0208168327816754,0.00534728375483087,0.00144098268073394,2.61442825985012e-17,0.418232177538561,0.101119297373838,1.55795683479894,0.178230899964877,0.175649945420316,0.226248352017759,0.227458166155061,0.00258095454456083,0.00120981413730182,15,4,0.150116799593224,0.240485917049132,1.2,0.75
230,11,0.733333333333333,30,mean,0.0179055585763316,0.0403082223556543,0.0176271108790921,0.00463019870136259,0.000552764094834181,2.46063836221188e-17,0.576248803807299,1.04226773381347,1.08580956237289,0.475921500527079,0.467625618628729,0.12443443724665,0.124938077799234,0.00829588189834983,0.000503640552584267,15,4,0.22752662117999,0.576810969032415,1.2,0.75
201,11,0.733333333333333,30,none,0.00815954361989933,0.00833087855703881,0.0166136073232453,0.0116588678422636,0.00186759743714929,0.733333333333333,0.611697165905779,1.05453924522347,0.822653801240975,0.61337352961391,0.617843378172821,0.251666117837944,0.254600259846192,-0.00446984855891146,0.00293414200824811,4,4,NaN,NaN,1.2,0.75
202,11,0.733333333333333,30,none,0.466259113322981,1.15323022622338,0.0231819503328991,0.0247090776988701,0.00484176436301119,0.733333333333333,1.1333958412963,1.26914157585401,1.36670987663448,0.12679718571031,0.185917529091448,0.254198267232006,0.26047927196796,-0.0591203433811383,0.0062810047359538,4,4,NaN,NaN,NaN,0.75
203,11,0.733333333333333,30,none,0.0232209200832451,0.0729038360247894,0.0640964860560162,0.0202035156987241,0.00486547713302209,0.733333333333333,1.16786781922713,1.46215339883239,0.719678150153601,0.689071094449994,0.705071959265892,0.277505500308237,0.283112087040196,-0.0160008648158976,0.00560658673195975,4,4,NaN,NaN,1.2,0.75
204,11,0.733333333333333,30,none,0.0832817368011824,0.251045563069019,0.096508177900731,0.0271339117874087,0.00458292682031193,0.733333333333333,0.23231356565016,0.633460974430427,0.864871259721508,0.50663352600945,0.548826845977224,0.249220583047942,0.255982912363971,-0.042193319967774,0.00676232931602941,4,4,NaN,NaN,NaN,0.75
205,11,0.733333333333333,30,none,0.121658365998933,0.214692375908588,0.0448786000615376,0.00761808057437981,0.00178282765068954,0.733333333333333,1.79693841574735,2.46954878984038,1.4846034257647,0.141974542362929,0.124718326222725,0.295485691358775,0.297736725164122,0.0172562161402036,0.00225103380534747,4,4,NaN,NaN,1.2,0.75
206,11,0.733333333333333,30,none,0.0644831178207642,0.0254014364293888,0.0149471437990379,0.0177395737183825,0.00466696170367925,0.733333333333333,0.394072065334538,0.967781541958045,0.689538578557524,0.767745834320446,0.71823918922956,0.308385781722002,0.31385641403056,0.0495066450908862,0.00547063230855847,4,4,NaN,NaN,2.4,0.75
207,11,0.733333333333333,30,none,0.0140470713183739,0.00849771566533489,0.0232088736220828,0.00535138504702445,0.000955836730427518,0.733333333333333,0.527906324762211,0.99203210351713,0.924791600319317,0.626193173014412,0.617802682532035,0.296358053976175,0.297943980034788,0.00839049048237733,0.00158592605861337,4,4,NaN,NaN,1.2,0.75
208,11,0.733333333333333,30,none,0.0376038536264018,0.0282331859455388,0.0188389245655784,0.0802715960257516,0.0129860398621524,0.733333333333333,0.240643797724259,0.810823266905703,0.814105923532811,0.6676663370147,0.642580578295318,0.178073257869194,0.192367482487859,0.0250857587193826,0.0142942246186654,4,4,NaN,NaN,1.2,0.75
209,11,0.733333333333333,30,none,0.072948401893169,0.184896215463895,0.046570407487422,0.00153266603990602,0.000571114145978256,0.733333333333333,0.556477368506612,1.07265139739526,1.46880836839028,0.448979724841159,0.481732078250757,0.332845623273297,0.332534642781303,-0.0327523534095973,-0.000310980491994303,4,4,NaN,NaN,NaN,0.75
210,11,0.733333333333333,30,none,0.0114751761457689,0.0346543102570806,0.0268769910016703,0.042571683911943,0.0158233248491738,0.733333333333333,0.310611386854419,0.782052525932571,0.525010461217592,0.916008449083529,0.926519807387775,0.128399859481735,0.13386605771393,-0.0105113583042461,0.00546619823219434,4,4,NaN,NaN,1.2,0.75
211,11,0.733333333333333,30,none,0.00533163127930018,0.0301360286377234,0.0213279303594383,0.0230590900721398,0.00410668872694136,0.733333333333333,0.269904856410889,0.796250228388618,1.04913453704035,0.520630668201357,0.520640642543363,0.225818917750076,0.231026096514469,-9.97434200595948e-06,0.00520717876439214,4,4,NaN,NaN,1.2,0.75
212,11,0.733333333333333,30,none,0.172735039404591,0.272444113512768,0.044583233355166,0.043245437402867,0.00726878747079399,0.733333333333333,1.55223326805053,1.55080880823688,1.38810048224379,0.29633260082413,0.245146530747507,0.276908707479213,0.288883745654814,0.051186070076622,0.0119750381756011,4,4,NaN,NaN,NaN,0.75
213,11,0.733333333333333,30,none,0.00967117342514094,0.0118144182520629,0.0153796893698929,0.0616543155812436,0.0136794302230821,0.733333333333333,0.677872935611012,1.23118949290448,0.493705287096583,0.876634454323834,0.871082365955029,0.099312621041405,0.105435672720292,0.00555208836880473,0.00612305167888724,4,4,NaN,NaN,1.2,0.75
214,11,0.733333333333333,30,none,0.0337162291284235,0.0953958256143387,0.0096936151905289,0.0484497145831319,0.0114096397594766,0.733333333333333,0.597395158729697,1.02455730817975,0.7820047187474,0.664582869094448,0.686990097383661,0.159139045762059,0.166849287108263,-0.0224072282892134,0.00771024134620373,4,4,NaN,NaN,1.2,0.75
215,11,0.733333333333333,30,none,0.00471601644406911,0.00957553600788477,0.0118682221663031,0.00688183143096458,0.00141390275321784,0.733333333333333,0.707644824606659,1.19552240249489,0.808089781414301,0.671840470224486,0.668677508346092,0.257585642560136,0.259358303531271,0.00316296187839381,0.00177266097113555,4,4,NaN,NaN,1.2,0.75
216,11,0.733333333333333,30,none,0.274773413424587,0.298615488261873,0.0244180997290626,0.0369153098535684,0.00765485764928542,0.733333333333333,0.30519792827125,0.692339965701378,1.57235602913034,0.231871893083733,0.168159661543895,0.234245606013739,0.242892855141573,0.0637122315398382,0.00864724912783408,4,4,NaN,NaN,NaN,0.75
217,11,0.733333333333333,30,none,0.0887184416024456,0.0958309485122189,0.0648888636488783,0.00725151666703887,0.00179742865383467,0.733333333333333,0.526094766197974,0.17082192209197,1.86800443341225,0.51900693865808,0.56504272546995,0.316927809886414,0.319226017182054,-0.0460357868118704,0.00229820729563946,4,4,NaN,NaN,11.7,0.75
218,11,0.733333333333333,30,none,0.260769049394101,0.189319824059712,0.0283962022128991,0.0187156779826339,0.00256215222189577,0.733333333333333,1.17588209904599,0.918681353789731,1.58048407670326,0.173061671459917,0.127966733270769,0.294348761231623,0.299857697861421,0.0450949381891474,0.00550893662979825,4,4,NaN,NaN,7.5,0.75
219,11,0.733333333333333,30,none,0.0491322027739465,0.0974006897426356,0.0530551298783031,0.000173522416925261,0.000251515075512262,0.733333333333333,0.554852935988281,1.14991718322035,1.34553910291783,0.476575154620251,0.453207661365995,0.369860263375472,0.369859947515128,0.0233674932542559,-3.15860343349517e-07,4,4,NaN,NaN,1.2,0.75
220,11,0.733333333333333,30,none,0.0135668517257952,0.023387810672746,0.0161532426595752,0.00568484653423208,0.00112957613108302,0.733333333333333,0.202316458336521,0.864513041166466,1.4536949205199,0.597168965116479,0.589154249490313,0.3064103015315,0.308152197072214,0.00801471562616666,0.00174189554071435,4,4,NaN,NaN,1.2,0.75
221,11,0.733333333333333,30,none,0.0140941026225118,0.112595813335489,0.0132952251792405,0.017126626445531,0.00250732066582838,0.733333333333333,0.916042135718994,1.17667979940506,0.681384647692924,0.738637676002285,0.730460676836003,0.28403914330989,0.288903775613267,0.00817699916628221,0.00486463230337714,4,4,NaN,NaN,NaN,0.75
222,11,0.733333333333333,30,none,0.0302555277940745,0.045964146271009,0.0503483773327849,0.0573418015609548,0.0187616838404619,0.733333333333333,0.735810971024744,0.92696979244084,0.80886783804662,0.783966210026699,0.807685521483777,0.126245534050082,0.133484680411538,-0.0237193114570781,0.00723914636145653,4,4,NaN,NaN,1.2,0.75
223,11,0.733333333333333,30,none,0.00580626078138183,0.0069786579307459,0.0199193232941781,0.0293880174195358,0.00673016111680883,0.733333333333333,0.505089235630335,0.0961747392380578,1.28573913632148,0.631887662732556,0.628290974454375,0.184226175646748,0.189640217705789,0.00359668827818106,0.00541404205904108,4,4,NaN,NaN,1.2,0.75
224,11,0.733333333333333,30,none,0.0192396483884141,0.0579657503874826,0.0163397939836841,0.00312961948591415,0.000961764538721261,0.733333333333333,0.25361468182578,0.429908759369441,0.6376911248378,0.770567549288362,0.755771170806431,0.239356771046396,0.239654542057579,0.0147963784819307,0.00029777101118242,4,4,NaN,NaN,1.2,0.75
225,11,0.733333333333333,30,none,0.0128419417827751,0.0205779000786696,0.0234539967733876,0.0124311025797223,0.00380143301292744,0.733333333333333,0.557370801600932,1.08348896737808,0.644657109789029,0.712675502917593,0.721181118350618,0.177083392187468,0.179284734000916,-0.00850561543302465,0.0022013418134476,4,4,NaN,NaN,1.2,0.75
226,11,0.733333333333333,30,none,0.00760804289088363,0.0605245505694657,0.00767001733535974,0.0532639898173053,0.00800774469408254,0.733333333333333,0.453411108556277,0.778337633436668,0.457786583340162,0.851790387495661,0.847353646100231,0.164834614973858,0.173614364227364,0.00443674139542954,0.00877974925350699,4,4,NaN,NaN,1.2,0.75
227,11,0.733333333333333,30,none,0.0528406074537059,0.134558891642632,0.0566943193998562,0.0504047816709148,0.00692866960428993,0.733333333333333,0.206899924874925,0.578346979297861,2.07610990985407,0.323435680453825,0.306356656720225,0.220357260803393,0.231464320423789,0.0170790237335998,0.0111070596203959,4,4,NaN,NaN,1.2,0.75
228,11,0.733333333333333,30,none,0.00642411944589174,0.0653534231615991,0.0280847718146656,0.100163412509477,0.0224569495696487,0.733333333333333,0.241547453452539,0.515886408831442,0.731876670184485,0.757865136372272,0.754349846226024,0.163102445899061,0.179439343468953,0.00351529014624758,0.0163368975698922,4,4,NaN,NaN,1.2,0.75
229,11,0.733333333333333,30,none,0.405823578018308,0.401763648427591,0.10956149116822,0.0486979044044896,0.0071431037355774,0.733333333333333,0.374837148960778,0.0570116272391076,1.64166157643315,0.178230899964877,0.105900598427707,0.226248352017759,0.237266172635994,0.0723303015371694,0.0110178206182342,4,4,NaN,NaN,NaN,0.75
230,11,0.733333333333333,30,none,0.0556959957333664,0.0922798989609558,0.0998607082341673,0.0471355260824366,0.0198201449123323,0.733333333333333,0.52421257737432,1.04161407038227,1.01912648796777,0.475921500527079,0.502409582161424,0.12443443724665,0.130299719909042,-0.0264880816343449,0.00586528266239278,4,4,NaN,NaN,1.2,0.75
201,11,0.733333333333333,60,hold,0.00693929048277857,0.00966158008769956,0.0239683810127831,0.00930985575137347,0.00237802628385109,4.92127672442375e-17,0.887316772426017,1.19321900626823,0.819655376726234,0.604518268728009,0.605488986154569,0.243663018909081,0.245931486467069,-0.000970717426559845,0.00226846755798773,15,4,0.341624151661934,0.930664437213639,1.2,1.5
202,11,0.733333333333333,60,hold,0.3100811216139,0.334332663977244,0.0202398168230046,0.022879401931826,0.00463550861128788,6.9205453937209e-17,1.18572530969359,0.77239710718569,1.5258081128862,0.102410668347178,0.134017703346934,0.253373927979874,0.259170971917171,-0.0316070349997564,0.00579704393729706,15,4,0.439726764954391,1.76113235034796,2.7,1.5
203,11,0.733333333333333,60,hold,0.037080031823079,0.106374062537084,0.0267975236289292,0.00739966696899438,0.00141170008637317,4.45990703150902e-17,2.13334999863812,1.34340297912982,0.845588776365262,0.67661223041512,0.651539602589064,0.297576783509928,0.299778752605606,0.025072627826056,0.00220196909567801,15,4,0.211199140099321,0.491956217460987,NaN,1.5
204,11,0.733333333333333,60,hold,0.0463531448035365,0.208880560505448,0.0400352971279882,0.0186052296872661,0.00317573096037227,5.30575146851935e-17,0.410704901650608,0.989350240513218,0.93681347745602,0.479611960406856,0.497561812431542,0.259367846311,0.264193444665107,-0.0179498520246859,0.00482559835410768,15,4,0.385901148303737,1.22445405713136,NaN,1.5
205,11,0.733333333333333,60,hold,0.10409596703242,0.364925320615934,0.0414304261503555,0.0477814293325465,0.00929544424944406,4.92127672442375e-17,2.2834106839533,1.6930198585957,1.42620924572628,0.155508193785385,0.141952133813096,0.292106770724174,0.30606404974709,0.0135560599722895,0.0139572790229155,15,4,0.287536790576364,0.696742286903059,NaN,1.5
206,11,0.733333333333333,60,hold,0.00959685139194728,0.0640519254916396,0.00275292971613433,0.00244847590895163,0.000233481489937114,4.3830120826899e-17,0.660400944503287,1.15365738833301,0.651544722647663,0.76275561821622,0.769165668475496,0.312256384116912,0.311504582683742,-0.00641005025927642,-0.000751801433170629,15,4,0.189026372699279,0.349425996908157,1.2,1.5
207,11,0.733333333333333,60,hold,0.0326600117206304,0.0433743132808746,0.0340367622384516,0.00898991032674477,0.00165724910290185,2.84511310630748e-17,0.775989412476519,0.934746643631642,0.996243225166391,0.628696822959976,0.608215045860081,0.293818116863282,0.296459515386256,0.0204817770998945,0.00264139852297392,15,4,0.260913513742052,0.489551213144062,3,1.5
208,11,0.733333333333333,60,hold,0.0511441293540581,0.222647940745259,0.0420310874645792,0.0335872841278116,0.00723100634678442,2.46063836221187e-17,0.529988418917035,0.896219795484778,0.825429565054853,0.664485102964321,0.630540766680195,0.158651271748673,0.163979937090134,0.0339443362841256,0.00532866534146133,15,4,0.254838874287066,0.680636522392994,NaN,1.5
209,11,0.733333333333333,60,hold,0.0100235615164811,0.0707165180804279,0.00797092460894139,0.00303326326205598,0.000881208400367207,2.61442825985012e-17,0.80353794006692,1.48749163623599,1.56370521656784,0.441212379415521,0.436801900024363,0.350661284405813,0.351724932397226,0.00441047939115784,0.00106364799141352,15,4,0.221680196733157,0.465010455312945,1.2,1.5
210,11,0.733333333333333,60,hold,0.0175127997212591,0.0469799017264953,0.0314067243200388,0.220326341182667,0.0717400147199927,7.99707467718859e-17,0.801630425378142,1.05062160638822,0.747230488867966,0.911413335905791,0.896334176854203,0.125609799060753,0.153284946504498,0.015079159051589,0.0276751474437457,15,4,1.12374218521108,3.04497463337889,1.2,1.5
211,11,0.733333333333333,60,hold,0.114684069322147,0.320908576526639,0.0810915712525509,0.0317500731841209,0.00751665843785125,7.76638983073123e-17,0.559515326531751,0.857279606545665,1.13311959023617,0.535618105199024,0.474200494130447,0.228482457714034,0.235736792467743,0.0614176110685777,0.00725433475370839,15,4,0.400932085413817,1.15981129448958,NaN,1.5
212,11,0.733333333333333,60,hold,0.04622004152434,0.0528021633824471,0.0298164887920446,0.0147079920788575,0.00305392269724977,5.30575146851935e-17,2.17985930469022,2.73738676733408,1.20620196897045,0.31187371502253,0.297580971246688,0.274363468784459,0.278398804510069,0.0142927437758417,0.00403533572560969,15,4,0.204297347303786,0.373769369177425,1.2,1.5
213,11,0.733333333333333,60,hold,0.034202828020819,0.0220770256958144,0.0214317502132133,0.191355955176859,0.0481240352923041,1.92237372047803e-17,0.93153087293485,1.30352002731547,0.571983953700651,0.882013185706611,0.851852252231647,0.102920263681531,0.122614669045365,0.0301609334749631,0.0196944053638336,15,4,0.55684151344351,1.90884476734715,5.1,1.5
214,11,0.733333333333333,60,hold,0.0300366112694321,0.0801487371361757,0.0241906646395621,0.0653160860883879,0.0165074873857874,7.61259993309299e-17,1.14064529990022,1.61778088212905,0.873358514182743,0.630378622365926,0.643870500234473,0.157360503203676,0.167638675377839,-0.0134918778685468,0.0102781721741633,15,4,0.44841796212966,1.79899602464299,1.2,1.5
215,11,0.733333333333333,60,hold,0.0123815368293857,0.0202152726579823,0.00754463035079251,0.010003142668612,0.00197729764820199,4.76748682678551e-17,0.981828868561263,0.934673814835947,0.775807048906526,0.671182338834457,0.679360259779897,0.248246814965666,0.250730063272796,-0.00817792094544039,0.00248324830713009,15,4,0.250334332329444,0.438820650685308,1.2,1.5
216,11,0.733333333333333,60,hold,0.19917291959422,0.183944569537791,0.0697259589272306,0.050929462026151,0.00835201575578179,6.38228075198705e-17,0.613067207213986,0.629879207641025,1.48638629975334,0.334844960018649,0.268244720203723,0.247931489834199,0.260558507230797,0.0666002398149258,0.0126270173965979,15,4,0.384884780972046,1.10576534103262,NaN,1.5
217,11,0.733333333333333,60,hold,0.0218860215829205,0.193733952248509,0.0225443352639402,0.0159110540804186,0.00210461355676418,4.07543228741342e-17,0.374465392796355,1.07919379026478,1.97993190724765,0.488622654063587,0.497352614382096,0.310620011332117,0.315562303130883,-0.00872996031850902,0.00494229179876555,15,4,0.303458370305687,0.58644703693765,NaN,1.5
218,11,0.733333333333333,60,hold,0.124515953352632,0.129754655280139,0.0204908966306361,0.0143898195868545,0.00237088300412853,8.3815494212842e-17,1.37839698798886,0.929632587940282,1.62634723143979,0.163107835808856,0.14281383360247,0.296791263855397,0.30106203659723,0.0202940022063864,0.00427077274183369,15,4,0.36461233184494,0.864535024880015,1.2,1.5
219,11,0.733333333333333,60,hold,0.0304403197147618,0.079395405103182,0.0183562886444629,0.0148708212462143,0.00210711293054457,5.76712116143408e-17,0.87832219048794,1.34291363642257,1.32659858766574,0.480979680498432,0.495408428094808,0.364308778337542,0.369726349058626,-0.0144287475963763,0.0054175707210843,15,4,0.318781558165375,1.16778448932368,1.2,1.5
220,11,0.733333333333333,60,hold,0.0302451446569165,0.0461557614523922,0.0239513790378539,0.00404698798291117,0.000639474473013253,6.22849085434881e-17,0.48936942568294,1.19863315694956,1.51114664900942,0.616243723113678,0.597882509695498,0.3162758737353,0.317555838395591,0.0183612134181805,0.00127996466029149,15,4,0.374898414177322,1.10707850586211,2.4,1.5
221,11,0.733333333333333,60,hold,0.0404225402245374,0.0946913860172917,0.0187744820218405,0.0361260536709107,0.00488196143263618,3.84474744095605e-17,1.44063470379525,1.62921455295482,0.698979655498107,0.77335303701702,0.742130502880175,0.281279093238121,0.291440596856947,0.0312225341368448,0.0101615036188255,15,4,0.21487947692618,0.594564904346485,25.2,1.5
222,11,0.733333333333333,60,hold,0.0308151840010027,0.0516561077058709,0.0268331815595003,0.0935681806794421,0.00949816985311352,7.38191508663562e-17,1.02665162463356,1.45575930963342,0.887018955356629,0.792114667204658,0.76781391076127,0.121879525794511,0.133283571285177,0.0243007564433879,0.0114040454906655,15,4,0.277517027057579,0.619250356535516,9.6,1.5
223,11,0.733333333333333,60,hold,0.0237749315136961,0.0297612479165619,0.0216847973950646,0.0708574727584339,0.0177827966747972,1.38410907874418e-17,0.468129460797123,0.233405614712687,1.60923156958153,0.632175035025271,0.617167563128191,0.169761273584287,0.181790128402722,0.0150074718970807,0.0120288548184356,15,4,0.504803828261376,1.95098750108936,1.2,1.5
224,11,0.733333333333333,60,hold,0.0274283613601352,0.0267542772189307,0.015596167099971,0.0302090658967724,0.00413551994533072,1.69168887402066e-17,0.502926987155826,0.539886087437609,0.693869361922837,0.778956862416219,0.757624239308565,0.223126860356711,0.229867314384567,0.0213326231076546,0.00674045402785582,15,4,0.145402037136382,0.355281987087367,1.8,1.5
225,11,0.733333333333333,60,hold,0.0163922979728197,0.074336604677999,0.0364312560044515,0.0162169971572649,0.00499009339871489,8.91981406301805e-17,0.87578412317619,0.792811824329458,0.646976554624167,0.719146306360281,0.730857707420077,0.18848700201647,0.191543695192353,-0.0117114010597967,0.00305669317588247,15,4,0.315016948380539,1.02701815599598,1.2,1.5
226,11,0.733333333333333,60,hold,0.0476891240162071,0.0178031502631183,0.0502516775573744,0.140275611325731,0.0299112106827195,6.68986054726354e-17,0.632206702372709,0.865602312365148,0.607564668504242,0.842147129779083,0.802061757158361,0.157707722072075,0.179830269196524,0.0400853726207212,0.0221225471244488,15,4,0.359699953981646,1.06527689749422,3.6,1.5
227,11,0.733333333333333,60,hold,0.0873468870374445,0.126758692491955,0.0173907476956905,0.0188773202454539,0.00529448726605835,7.92017972836947e-17,0.498163844767669,0.476059815750204,2.02085673465083,0.300154329372957,0.325127802099412,0.201546749006127,0.205351411531545,-0.0249734727264559,0.00380466252541877,15,4,0.290584718088998,0.689264406296249,1.5,1.5
228,11,0.733333333333333,60,hold,0.0444718167244237,0.0654448260227851,0.0217531392135404,0.168013596381624,0.0382669201765513,7.3050201378165e-17,0.279580348642325,0.621385233974201,0.925160591388533,0.749273559383692,0.71605164569035,0.163381255125069,0.190831527379975,0.0332219136933421,0.0274502722549065,15,4,0.503957839595177,1.73102780926733,4.5,1.5
229,11,0.733333333333333,60,hold,0.301225717038313,0.253546554617695,0.195489304478857,0.0865862545651578,0.0179140053724481,2.99890300394572e-17,0.304352023288901,0.499828323824269,1.53279409136239,0.281974869639758,0.198616028573133,0.22640934769465,0.24601328511007,0.0833588410666245,0.0196039374154203,15,4,0.347678547560767,0.950331836135589,27.6,1.5
230,11,0.733333333333333,60,hold,0.0977256937915768,0.294000112980538,0.0475778314975587,0.0121816904546958,0.00642910510070256,1.99926866929715e-17,0.838667492505882,0.760868927200433,1.13519752788919,0.479405086058137,0.44169521480516,0.151856386065861,0.152165675185733,0.0377098712529766,0.000309289119872303,15,4,0.561256942127731,1.98249863015795,NaN,1.5
201,11,0.733333333333333,60,kalman,0.00576817550163301,0.0200614044675848,0.0149320395887713,0.00275211822382861,0.000710445719061155,0.366666666666666,0.858253873967897,1.19111491287896,0.811969147095047,0.604518268728009,0.602331022432254,0.243663018909081,0.243207969536376,0.00218724629575434,-0.000455049372704559,9.5,4,0.172395661077682,0.243145820693193,1.2,1.5
202,11,0.733333333333333,60,kalman,0.19267334945508,0.868594395529849,0.0269168707893022,0.0228188925614892,0.00457649862969327,0.366666666666666,1.18185786469168,0.781684998727308,1.4691344382318,0.102410668347178,0.122064744476247,0.253373927979874,0.259155640420329,-0.0196540761290693,0.00578171244045526,9.5,4,0.246462398234652,0.374402965502855,1.2,1.5
203,11,0.733333333333333,60,kalman,0.055032811845645,0.045911342758621,0.0479934170203947,0.000750465064709897,0.00131092312955991,0.366666666666666,1.92331823926922,2.34307520447867,0.581556609888428,0.67661223041512,0.713795787779596,0.297576783509928,0.297750911113421,-0.0371835573644757,0.000174127603492564,9.5,4,0.105456654962778,0.181694018286528,3.9,1.5
204,11,0.733333333333333,60,kalman,0.0424812971055923,0.0986486437194345,0.036234803720161,0.00417829572818142,0.00357181803611289,0.366666666666666,0.389554289268216,0.912612126304393,0.997728907736225,0.479611960406856,0.48078883961312,0.259367846311,0.258284130746731,-0.00117687920626428,-0.00108371556426887,9.5,4,0.141746733893561,0.265100281332847,6.9,1.5
205,11,0.733333333333333,60,kalman,0.288250281621322,0.672554332155853,0.034101184941587,0.00404611681961319,0.00333452418898438,0.366666666666666,1.83580557574411,1.16614647001937,1.54835863367312,0.155508193785385,0.111115951870691,0.292106770724174,0.293190462833215,0.0443922419146942,0.00108369210904137,9.5,4,0.107801570720197,0.211977362618607,NaN,1.5
206,11,0.733333333333333,60,kalman,0.0115668021034182,0.00706996814379283,0.0107140570371844,0.00102756499172337,0.000570546025875839,0.366666666666666,0.704341871468337,1.18399390583517,0.619928818609399,0.76275561821622,0.77144110091953,0.312256384116912,0.311935520388152,-0.00868548270331005,-0.000320863728760664,9.5,4,0.0883418510801973,0.149710193531713,1.2,1.5
207,11,0.733333333333333,60,kalman,0.0180559932280962,0.0301302548753993,0.0131474254073164,0.00289447623211012,0.00192839554862638,0.366666666666666,0.791571793977618,1.02985376007209,0.932065301483796,0.628696822959976,0.636320774674773,0.293818116863282,0.292967667307458,-0.00762395171479716,-0.000850449555824123,9.5,4,0.15915205595213,0.210283472567736,1.2,1.5
208,11,0.733333333333333,60,kalman,0.0145538933730246,0.101772420247572,0.0215872049732855,0.0709468622877008,0.00602080533077899,0.366666666666666,0.531400516047048,0.920726121314228,0.819936260545634,0.664485102964321,0.65506503958926,0.158651271748673,0.169907081677195,0.00942006337506069,0.0112558099285217,9.5,4,0.112801315679852,0.22603010034237,1.2,1.5
209,11,0.733333333333333,60,kalman,0.086007108131132,0.204914239155729,0.0330186974167005,0.00735100505220723,0.00201524412563298,0.366666666666666,0.828770636473739,1.07272469916404,1.55071044759471,0.441212379415521,0.479123651019684,0.350661284405813,0.348083571532532,-0.0379112716041627,-0.00257771287328061,9.5,4,0.138219501190996,0.192278541120791,NaN,1.5
210,11,0.733333333333333,60,kalman,0.0275689758027545,0.0498691114140715,0.0285047245407564,0.178232613503433,0.0660120783163637,0.366666666666666,0.722398934310714,0.878885390915521,0.702758833937178,0.911413335905791,0.905236772575689,0.125609799060753,0.147997561828992,0.00617656333010285,0.022387762768239,9.5,4,0.804092127621785,2.73224763730506,1.2,1.5
211,11,0.733333333333333,60,kalman,0.0245466885266025,0.0425626371456314,0.0147977019990669,0.0146042780746484,0.0018112047764384,0.366666666666666,0.420068715786562,0.902170211840036,1.09803189564097,0.535618105199024,0.534736231448308,0.228482457714034,0.231819279061669,0.000881873750715781,0.00333682134763484,9.5,4,0.162410190370006,0.239840182987827,1.2,1.5
212,11,0.733333333333333,60,kalman,0.0729536062909339,0.17358703491716,0.0101124206070077,0.036688234444686,0.00562136249179181,0.366666666666666,1.66866445887399,1.62801873208791,1.34088965533229,0.31187371502253,0.289134472843621,0.274363468784459,0.28442938005028,0.0227392421789087,0.0100659112658215,9.5,4,0.102336594974264,0.184986288930865,NaN,1.5
213,11,0.733333333333333,60,kalman,0.0354254887644778,0.063660717814997,0.0293798903339705,0.169531725534394,0.0337246312154052,0.366666666666666,0.891034378047649,1.14476607447058,0.61598579631283,0.882013185706611,0.850789043858233,0.102920263681531,0.120368513575916,0.0312241418483775,0.0174482498943848,9.5,4,0.248192410694036,0.566935737997843,12.6,1.5
214,11,0.733333333333333,60,kalman,0.0550815256574071,0.112816792265364,0.033532076954205,0.0564205740264745,0.00915280860190676,0.366666666666666,0.971214753525999,0.989506495381524,0.816160955909078,0.630378622365926,0.663977537724496,0.157360503203676,0.166238873123522,-0.0335989153585701,0.00887836991984628,9.5,4,0.151217237471637,0.305556805848539,20.4,1.5
215,11,0.733333333333333,60,kalman,0.0044184964385168,0.0518311951983831,0.00748325390610245,0.00886760241843175,0.00174952875040822,0.366666666666666,0.949253496960296,0.965360075751758,0.786800593080839,0.671182338834457,0.673961314848438,0.248246814965666,0.250448169022424,-0.00277897601398122,0.00220135405675752,9.5,4,0.135779850144484,0.211268586328803,1.2,1.5
216,11,0.733333333333333,60,kalman,0.238373146825476,0.279354908170926,0.0469706418451434,0.0615982377772338,0.0100515527312872,0.366666666666666,0.606897746074537,0.688158902797238,1.53216404135744,0.334844960018649,0.255040511059302,0.247931489834199,0.26320363269747,0.0798044489593474,0.0152721428632708,9.5,4,0.179252963885701,0.314180260088548,NaN,1.5
217,11,0.733333333333333,60,kalman,0.0370250370970034,0.237247137773582,0.0247486399869417,0.0139120991300351,0.000847837895637502,0.366666666666666,0.396177855454376,1.10444047099427,1.97151788527742,0.488622654063587,0.506524093976307,0.310620011332117,0.314941387721542,-0.01790143991272,0.00432137638942504,9.5,4,0.154841363411171,0.205385119826921,NaN,1.5
218,11,0.733333333333333,60,kalman,0.0491698403609098,0.217332428369642,0.0321448178867376,0.029672878339424,0.00387370533509751,0.366666666666666,1.18835372796269,0.9327016550161,1.67729588777887,0.163107835808856,0.155866683519062,0.296791263855397,0.305597914919982,0.00724115228979441,0.00880665106458507,9.5,4,0.171304936071741,0.219985875539747,1.2,1.5
219,11,0.733333333333333,60,kalman,0.0188656596737017,0.0206004791432762,0.0204363630016325,0.00899775540395419,0.000994424896240893,0.366666666666666,0.837250011687953,1.29700306690837,1.29393413402478,0.480979680498432,0.490053679460681,0.364308778337542,0.367586739616536,-0.0090739989622492,0.00327796127899457,9.5,4,0.202124169534721,0.224818182146649,1.2,1.5
220,11,0.733333333333333,60,kalman,0.0135760819258132,0.0315298073479699,0.00979950654726635,0.00571739843627139,0.000764430951486571,0.366666666666666,0.535220214254592,1.23533440327988,1.44853567542307,0.616243723113678,0.617827804434347,0.3162758737353,0.318084148921225,-0.00158408132066869,0.00180827518592457,9.5,4,0.212823193271318,0.256652831584999,1.2,1.5
221,11,0.733333333333333,60,kalman,0.034457344404478,0.0420680333718342,0.0236217599308832,0.0236558899187965,0.00201145840687284,0.366666666666666,1.43737667896592,1.69026402938437,0.689015897185164,0.77335303701702,0.748194055506537,0.281279093238121,0.287933000504221,0.0251589815104831,0.00665390726609989,9.5,4,0.107471075048601,0.198791251569244,6.9,1.5
222,11,0.733333333333333,60,kalman,0.0129036653995519,0.0201347507664871,0.0307413332816114,0.0502392920975743,0.00435116523186928,0.366666666666666,0.862035873223244,0.861820119003431,0.767363458666332,0.792114667204658,0.785286697166781,0.121879525794511,0.128002666891616,0.00682797003787705,0.00612314109710429,9.5,4,0.137085255232249,0.269955044350618,1.2,1.5
223,11,0.733333333333333,60,kalman,0.0124102087152294,0.0393119285608263,0.0154368290731354,0.0386490232935442,0.00598357445737089,0.366666666666666,0.474787684678513,0.296815342891614,1.50530448453592,0.632175035025271,0.632372187498415,0.169761273584287,0.176322381001387,-0.000197152473143261,0.00656110741710081,9.5,4,0.297396448486958,0.977922026352994,1.2,1.5
224,11,0.733333333333333,60,kalman,0.0116452632579541,0.0362933978373906,0.00567988722292311,0.0155642639237722,0.00187925825725141,0.366666666666666,0.479644333338258,0.620629272661072,0.671374118408754,0.778956862416219,0.77355110683988,0.223126860356711,0.226599665699785,0.00540575557633932,0.00347280534307452,9.5,4,0.0685655892459158,0.155093093365322,1.2,1.5
225,11,0.733333333333333,60,kalman,0.0291873594967071,0.0353696397502546,0.0234067788363325,0.0235007975756628,0.0012777420688102,0.366666666666666,0.830586255995404,0.80316866240986,0.695459495767241,0.719146306360281,0.6985387011935,0.18848700201647,0.192916596896503,0.0206076051667805,0.00442959488003261,9.5,4,0.138456091467587,0.2763130547792,5.4,1.5
226,11,0.733333333333333,60,kalman,0.00996218573267646,0.0133561404194712,0.00937477014159171,0.0435070563578019,0.0072971542374388,0.366666666666666,0.554867329058288,0.883616188699532,0.581379267181263,0.842147129779083,0.8459754866704,0.157707722072075,0.164569120824326,-0.00382835689131754,0.00686139875225034,9.5,4,0.167686599893527,0.385275431671406,1.2,1.5
227,11,0.733333333333333,60,kalman,0.0465489769289395,0.0899255496738282,0.0134635785182041,0.0112673798786281,0.00230386703576533,0.366666666666666,0.403129758835657,0.536434861694523,2.06852768534664,0.300154329372957,0.313429129553705,0.201546749006127,0.203817652790481,-0.013274800180748,0.00227090378435455,9.5,4,0.172841902911609,0.232205438172442,1.2,1.5
228,11,0.733333333333333,60,kalman,0.0211756359462444,0.103869497576101,0.0228231189308036,0.0624295831691703,0.012797317711254,0.366666666666666,0.285905322505932,0.813285408911259,0.898262475318325,0.749273559383692,0.76333655219859,0.163381255125069,0.173581078780183,-0.0140629928148976,0.0101998236551139,9.5,4,0.242872400207277,0.558903558676614,26.7,1.5
229,11,0.733333333333333,60,kalman,0.247777165259703,0.141410609105051,0.158405768846024,0.0515273747994308,0.00874745752868552,0.366666666666666,0.268114306289191,0.384428497575238,1.51820823528686,0.281974869639758,0.212135003032168,0.22640934769465,0.238075627011407,0.0698398666075896,0.0116662793167569,9.5,4,0.149936982785382,0.239446432802817,18,1.5
230,11,0.733333333333333,60,kalman,0.0526175065249391,0.0331718105833697,0.0238929961689233,0.0417654547552536,0.011375814280247,0.366666666666666,0.801669990287137,0.802510565753018,1.11452543335274,0.479405086058137,0.454295545547867,0.151856386065861,0.158198737087391,0.0251095405102695,0.00634235102153003,9.5,4,0.226222769488796,0.560349497874785,1.2,1.5
201,11,0.733333333333333,60,kalman-gm,0.00808928467228837,0.00574869217506798,0.0214793306003573,0.00616770929545444,0.00148048822710286,5.61333126379584e-17,0.8824057269333,1.19696297376235,0.822799519981611,0.604518268728009,0.600142271151627,0.243663018909081,0.245165861575765,0.00437599757638152,0.00150284266668403,15,4,0.306526481240676,0.731408696489245,1.2,1.5
202,11,0.733333333333333,60,kalman-gm,0.232699896498222,0.43164318583236,0.0255137184132793,0.00948814106443541,0.00145192988738782,4.30611713387078e-17,1.21517030281503,0.693029845238302,1.56670049528537,0.102410668347178,0.124216539926117,0.253373927979874,0.255777975550597,-0.0218058715789396,0.00240404757072314,15,4,0.388720310367115,1.38009055580765,5.1,1.5
203,11,0.733333333333333,60,kalman-gm,0.0338548701144956,0.0985056518120626,0.0187167757761504,0.00472105543865715,0.000478755342384042,4.45990703150902e-17,2.10413237943374,1.32214453085313,0.891260390365196,0.67661223041512,0.653733065026979,0.297576783509928,0.298981660002136,0.0228791653881413,0.00140487649220765,15,4,0.170657208511529,0.341334485722677,NaN,1.5
204,11,0.733333333333333,60,kalman-gm,0.0439889726506275,0.132261903361397,0.0351387440912973,0.00462683312268853,0.00151906488762244,6.38228075198705e-17,0.406007912739883,0.925309884585286,0.944878489509473,0.479611960406856,0.499222482554478,0.259367846311,0.260018523119866,-0.0196105221476219,0.000650676808866073,15,4,0.326272340272919,1.09290239301738,15.3,1.5
205,11,0.733333333333333,60,kalman-gm,0.127165965067465,0.34178647439228,0.0277613629035987,0.031118511970649,0.00522745821939959,5.76712116143408e-17,2.31746354341127,1.65335290156295,1.44461285272327,0.155508193785385,0.138344470340648,0.292106770724174,0.301196698765662,0.0171637234447375,0.00908992804148782,15,4,0.240128186172337,0.570088407662018,NaN,1.5
206,11,0.733333333333333,60,kalman-gm,0.0209580309723718,0.0789748341357013,0.0106752672550468,0.0063810397074448,0.000487563565363179,4.3830120826899e-17,0.663742852908846,1.1571586370032,0.636908929251004,0.76275561821622,0.778661038475665,0.312256384116912,0.310263863730959,-0.0159054202594454,-0.00199252038595315,15,4,0.160279353635291,0.260246813304862,NaN,1.5
207,11,0.733333333333333,60,kalman-gm,0.0156252188181946,0.0382349779653749,0.0218366076859206,0.00269724601990005,0.000518907496895763,1.76858382283979e-17,0.777780275591751,0.904214361672203,0.980918879905228,0.628696822959976,0.619230552498582,0.293818116863282,0.294535128461403,0.00946627046139331,0.000717011598120695,15,4,0.229891430937773,0.393522716273786,1.2,1.5
208,11,0.733333333333333,60,kalman-gm,0.0576268049393327,0.240514959795271,0.0395117007472086,0.0245952741788845,0.00453342480557318,2.46063836221187e-17,0.526797328729151,0.890064118640076,0.833348019702237,0.664485102964321,0.626373802388154,0.158651271748673,0.162553343276161,0.038111300576167,0.00390207152748733,15,4,0.201624131117884,0.532030625551429,NaN,1.5
209,11,0.733333333333333,60,kalman-gm,0.00696651539833951,0.0747113455115328,0.00834529222054402,0.00287799959717802,0.000835152993164329,3.53716764567957e-17,0.804602075363752,1.52581378629319,1.56459496234923,0.441212379415521,0.438218154371659,0.350661284405813,0.351670487441079,0.00299422504386169,0.00100920303526586,15,4,0.189763410496891,0.356220663204996,1.2,1.5
210,11,0.733333333333333,60,kalman-gm,0.0233713936667613,0.0454636259368154,0.0308579799416719,0.227845773893964,0.0730762926623449,7.84328477955035e-17,0.85378606811819,1.06969181467041,0.790286879324716,0.911413335905791,0.890112336039201,0.125609799060753,0.154229460936415,0.0213009998665904,0.0286196618756626,15,4,1.16904790517343,3.0385054620463,1.2,1.5
211,11,0.733333333333333,60,kalman-gm,0.114382394708211,0.319732967787986,0.0795440301874664,0.0125345272938914,0.00299746917167587,6.38228075198705e-17,0.511616799939249,0.810450686726762,1.14527727969672,0.535618105199024,0.47446295819055,0.228482457714034,0.231346377316426,0.0611551470084746,0.00286391960239194,15,4,0.346762475395368,1.03015288450098,NaN,1.5
212,11,0.733333333333333,60,kalman-gm,0.0581116507030714,0.111852597547987,0.0144960685689293,0.0160706368214651,0.00457837996956105,5.15196157088111e-17,2.02691173774053,2.75679818334508,1.21502355306848,0.31187371502253,0.309444597304348,0.274363468784459,0.278772664448371,0.00242911771818209,0.0044091956639124,15,4,0.170206144557181,0.33273135112073,1.2,1.5
213,11,0.733333333333333,60,kalman-gm,0.0527421367575993,0.0511339436952187,0.0384026635087611,0.203055731687065,0.0397948286707864,1.92237372047803e-17,0.918098422197561,1.26829628544491,0.636434561472757,0.882013185706611,0.835498414961984,0.102920263681531,0.12381881312881,0.0465147707446264,0.020898549447279,15,4,0.54420560085279,2.0516709454839,9.6,1.5
214,11,0.733333333333333,60,kalman-gm,0.0301589717245751,0.0751590769871881,0.0211072895741227,0.0538640738971465,0.0134207458326351,7.15123024017826e-17,1.14907851287583,1.54767666594808,0.882266251977004,0.630378622365926,0.643541011199653,0.157360503203676,0.165836580976731,-0.0131623888337276,0.00847607777305496,15,4,0.390170783745233,1.57078562674295,1.2,1.5
215,11,0.733333333333333,60,kalman-gm,0.00514568367777167,0.00585196270987462,0.00522724699580492,0.00468461446554331,0.00161799417926561,4.99817167324287e-17,0.985941070484865,1.04948215901351,0.78291121051187,0.671182338834457,0.674216065172804,0.248246814965666,0.249409755586079,-0.00303372633834701,0.00116294062041321,15,4,0.221955176457423,0.352151057777066,1.2,1.5
216,11,0.733333333333333,60,kalman-gm,0.231007970361551,0.183674827187408,0.0583872549339912,0.0515667316436794,0.0093860610391441,7.92017972836947e-17,0.590654895278425,0.64032098891899,1.53205899287277,0.334844960018649,0.25749622899691,0.247931489834199,0.260716506436497,0.0773487310217393,0.0127850166022978,15,4,0.317406526695907,0.906881279409292,NaN,1.5
217,11,0.733333333333333,60,kalman-gm,0.0243294347334276,0.188381288939334,0.0273398011739397,0.0133325122943878,0.00153495430266392,5.22885651970023e-17,0.381653732149791,1.09383860435254,1.98426992998311,0.488622654063587,0.499268539600027,0.310620011332117,0.314761356452086,-0.0106458855364403,0.00414134511996832,15,4,0.276414979807756,0.45880700966568,NaN,1.5
218,11,0.733333333333333,60,kalman-gm,0.0939194799916256,0.120741746164858,0.0102842804687513,0.00743846205916186,0.000833892510041617,7.22812518899738e-17,1.30450818685463,0.892265055368716,1.64697170027598,0.163107835808856,0.147817482393856,0.296791263855397,0.298998934411076,0.0152903534150005,0.00220767055567906,15,4,0.313215860410693,0.626332157022614,1.2,1.5
219,11,0.733333333333333,60,kalman-gm,0.0392654257369173,0.0822751186281192,0.0236609566779667,0.0133737847348869,0.00170311245630515,6.22849085434881e-17,0.870074086307399,1.33350355267493,1.316076765763,0.480979680498432,0.499865552424009,0.364308778337542,0.369180965516058,-0.0188858719255774,0.00487218717851591,15,4,0.326498102746936,1.64290978655401,1.2,1.5
220,11,0.733333333333333,60,kalman-gm,0.014969086411416,0.0114983695167357,0.0147994112497579,0.000772116547350514,0.000193937248186512,6.76675549608266e-17,0.52479001681584,1.19844084864795,1.45672811125175,0.616243723113678,0.609583976445582,0.3162758737353,0.316163988266719,0.00665974666809625,-0.000111885468580672,15,4,0.337782932208321,0.850797310240833,1.2,1.5
221,11,0.733333333333333,60,kalman-gm,0.0220335246502728,0.0298745422814963,0.0192566040357668,0.0159536314645022,0.00219934837301902,6.61296559844441e-17,1.45323196400564,1.61762083995679,0.677316538761148,0.77335303701702,0.756622980710617,0.281279093238121,0.285766516230312,0.0167300563064031,0.00448742299219033,15,4,0.175800436363848,0.443432750149613,1.2,1.5
222,11,0.733333333333333,60,kalman-gm,0.0295588740715045,0.0302334762342923,0.0348157426655622,0.0752688918352912,0.00661049202967154,8.15086457482684e-17,0.916294040517815,0.81863493591571,0.834993359207826,0.792114667204658,0.769498881216582,0.121879525794511,0.131053262638475,0.0226157859880756,0.00917373684396365,15,4,0.249035723346937,0.557158632005866,6.3,1.5
223,11,0.733333333333333,60,kalman-gm,0.00711251782168306,0.0213882546741505,0.0150853995466225,0.0655450258870139,0.0177258405389441,1.84547877165891e-17,0.341815551268017,0.235955682891125,1.47883207206835,0.632175035025271,0.630035732396691,0.169761273584287,0.180888280655981,0.00213930262858018,0.0111270070716945,15,4,0.520092388066898,1.99756051634575,1.2,1.5
224,11,0.733333333333333,60,kalman-gm,0.0241003039779726,0.0264773963573212,0.0121211390710462,0.0234304769259894,0.00254405206350559,2.30684846457363e-17,0.480521200973802,0.530895949272846,0.703454811634948,0.778956862416219,0.760193782634732,0.223126860356711,0.228354829109867,0.0187630797814872,0.00522796875315637,15,4,0.11829031870614,0.281831223328616,1.2,1.5
225,11,0.733333333333333,60,kalman-gm,0.0153444691217827,0.033449735251292,0.0171220775016908,0.0214439670993599,0.00334402041372318,7.22812518899738e-17,0.860998218896229,0.772044617353784,0.666775144225463,0.719146306360281,0.716491147208997,0.18848700201647,0.192528911086368,0.00265515915128408,0.00404190906989818,15,4,0.257445418421805,0.728590708994024,1.2,1.5
226,11,0.733333333333333,60,kalman-gm,0.0430291293833802,0.0181043157608151,0.0508562668919483,0.102746448320648,0.0240419309897147,7.3050201378165e-17,0.606377106572546,0.854605858500919,0.62475737571984,0.842147129779083,0.805916551232921,0.157707722072075,0.173911630387721,0.0362305785461618,0.0162039083156456,15,4,0.304691395834954,0.841862448301187,1.2,1.5
227,11,0.733333333333333,60,kalman-gm,0.0752025247924261,0.146521897793117,0.0187457988694977,0.0104103236542061,0.00228534742179132,6.76675549608266e-17,0.406781388453054,0.444836065355253,2.03956907524143,0.300154329372957,0.322129436166365,0.201546749006127,0.203644915894734,-0.021975106793408,0.00209816688860681,15,4,0.277579134159852,0.695958491220735,1.2,1.5
228,11,0.733333333333333,60,kalman-gm,0.0236169666413366,0.0384814248414063,0.0277537587815637,0.071452197619656,0.0256891087483196,7.3050201378165e-17,0.272979231007667,0.643054975008679,0.929725595543769,0.749273559383692,0.734298333102541,0.163381255125069,0.175055204853613,0.0149752262811514,0.0116739497285439,15,4,0.438994619569153,1.63738471307668,1.8,1.5
229,11,0.733333333333333,60,kalman-gm,0.246516794443069,0.118486368863441,0.174247687312112,0.0641295819911913,0.0148038473374751,2.84511310630748e-17,0.285525477625859,0.446796773797373,1.5111370994478,0.281974869639758,0.212938369155858,0.22640934769465,0.240928884521206,0.0690365004838998,0.0145195368265562,15,4,0.295107839155928,0.786544693296572,16.2,1.5
230,11,0.733333333333333,60,kalman-gm,0.0965456917265745,0.309712744952059,0.0360681633990389,0.0170855798436938,0.015640943805554,3.46027269686045e-17,0.840614480613287,0.714850560906077,1.14960650529118,0.479405086058137,0.433719543529668,0.151856386065861,0.153461345642959,0.0456855425284692,0.00160495957709854,15,4,0.491353009847145,1.83495269783226,NaN,1.5
201,11,0.733333333333333,60,mean,0.00592357515748801,0.0205689398084475,0.0110050710731583,0.00616253752961725,0.00151296921529244,0.366666666666666,0.861641083930522,1.1733837080544,0.822019313979265,0.604518268728009,0.601640947661668,0.243663018909081,0.242161436410474,0.00287732106634082,-0.00150158249860705,9.5,4,0.171948821640456,0.24298223612071,1.2,1.5
202,11,0.733333333333333,60,mean,0.0490909722355689,0.687066318128786,0.0176593262593191,0.0204911622316959,0.00366079132940588,0.366666666666666,1.21133839370282,0.762375911855794,1.50150800706526,0.102410668347178,0.100715676100929,0.253373927979874,0.258565854243392,0.00169499224624895,0.00519192626351763,9.5,4,0.244963587104126,0.369938048109644,1.2,1.5
203,11,0.733333333333333,60,mean,0.0412298350153097,0.0390771913963701,0.0360935982744886,0.00425524773147308,0.00183078975609369,0.366666666666666,1.95294212782249,2.3265692059654,0.606394049126123,0.67661223041512,0.704389852991007,0.297576783509928,0.298843046442898,-0.027777622575887,0.00126626293296968,9.5,4,0.105571762769181,0.182365618679222,1.2,1.5
204,11,0.733333333333333,60,mean,0.0526618111918993,0.184035231584187,0.032397388317737,0.010190839663125,0.00224359035089714,0.366666666666666,0.381989407483568,0.864739017608044,0.956237648895162,0.479611960406856,0.500999510660571,0.259367846311,0.262011022446525,-0.0213875502537157,0.00264317613552544,9.5,4,0.141037485204368,0.263490224373168,NaN,1.5
205,11,0.733333333333333,60,mean,0.163690777514233,0.586300621045783,0.0274917286319426,0.00804299835450465,0.00119619870676665,0.366666666666666,1.98824934438929,1.33198914147437,1.5453660545217,0.155508193785385,0.131325052261198,0.292106770724174,0.294456185000448,0.0241831415241875,0.0023494142762742,9.5,4,0.107900355912169,0.211610961888521,NaN,1.5
206,11,0.733333333333333,60,mean,0.014746970125835,0.00517041392445502,0.0118729893799166,0.00188832693718193,0.000800251483744337,0.366666666666666,0.699781015172455,1.1891746423225,0.628013120382346,0.76275561821622,0.773945147777753,0.312256384116912,0.311666741975477,-0.0111895295615333,-0.000589642141434992,9.5,4,0.0885101886775368,0.149512800606862,1.2,1.5
207,11,0.733333333333333,60,mean,0.017719549462311,0.0476969188724441,0.0186077634967417,0.000884844188408567,0.00100988468007688,0.366666666666666,0.800063347755687,1.01982608314613,0.955449721495865,0.628696822959976,0.626389456579601,0.293818116863282,0.293945123345702,0.00230736638037455,0.00012700648241921,9.5,4,0.159128009725587,0.209683549321795,1.2,1.5
208,11,0.733333333333333,60,mean,0.0145730207930239,0.081431151113601,0.0176199014977519,0.0690443892513537,0.0056351636933785,0.366666666666666,0.529051161660772,0.910242840452889,0.803777998296914,0.664485102964321,0.654944313599147,0.158651271748673,0.169605251910511,0.00954078936517364,0.0109539801618377,9.5,4,0.113085464011126,0.22868315621915,1.2,1.5
209,11,0.733333333333333,60,mean,0.0495347777203746,0.172209138334189,0.0143371146460959,0.00426777330942329,0.00126016887190321,0.366666666666666,0.837189675035485,1.04707982576293,1.52160314056536,0.441212379415521,0.462887334517468,0.350661284405813,0.349164741535578,-0.021674955101947,-0.00149654287023522,9.5,4,0.138120884791148,0.192566646919197,NaN,1.5
210,11,0.733333333333333,60,mean,0.0262616650274754,0.0468065415043729,0.0294562836590714,0.173807825730609,0.0638323730066944,0.366666666666666,0.714642659830237,0.889309448334839,0.67785570879538,0.911413335905791,0.909369918149577,0.125609799060753,0.147441765125961,0.00204341775621438,0.0218319660652082,9.5,4,0.803896884739613,2.73309919137691,8.1,1.5
211,11,0.733333333333333,60,mean,0.0291679621698657,0.0468126460466913,0.0138755141251765,0.0248896409440571,0.00373284687202687,0.366666666666666,0.426019092021419,0.917558591325324,1.10124422561153,0.535618105199024,0.529025953040005,0.228482457714034,0.234169304048552,0.00659215215901908,0.00568684633451803,9.5,4,0.162536110899983,0.23912002770651,1.5,1.5
212,11,0.733333333333333,60,mean,0.0305563101090082,0.125272882036232,0.00599216813692032,0.0298691427701873,0.00329247283287808,0.366666666666666,1.64779039713988,1.54536293235462,1.37278591451518,0.31187371502253,0.30235146030372,0.274363468784459,0.282558470404506,0.00952225471881025,0.00819500162004683,9.5,4,0.102767425198584,0.185572159058649,1.2,1.5
213,11,0.733333333333333,60,mean,0.0371589711256163,0.0526850220468291,0.0279864686272009,0.169951046187567,0.0336508247379445,0.366666666666666,0.883939632235734,1.16169442108017,0.641134303075054,0.882013185706611,0.849255463723685,0.102920263681531,0.120411670168108,0.0327577219829257,0.0174914064865765,9.5,4,0.24586549100517,0.55841482973399,9.3,1.5
214,11,0.733333333333333,60,mean,0.0441204323980979,0.0716346953122553,0.0298761514749823,0.039829004799946,0.00861571543992067,0.366666666666666,1.10127537967028,1.37744344587377,0.858723428363616,0.630378622365926,0.653157229626985,0.157360503203676,0.163628015441097,-0.0227786072610596,0.00626751223742113,9.5,4,0.150801163262556,0.307018527158107,15,1.5
215,11,0.733333333333333,60,mean,0.00565056370062179,0.023562719341312,0.00678988276741427,0.00917833702184353,0.00133712706639024,0.366666666666666,0.96403117366106,0.978820285872868,0.783560534690703,0.671182338834457,0.674956052972536,0.248246814965666,0.25052530789802,-0.00377371413807965,0.00227849293235411,9.5,4,0.135297916018395,0.209506776842479,1.2,1.5
216,11,0.733333333333333,60,mean,0.21475204853733,0.267330366174193,0.0359082793279877,0.0600369715967626,0.009346743104051,0.366666666666666,0.532739227525386,0.707093341145336,1.52390225035755,0.334844960018649,0.262954491614179,0.247931489834199,0.262816545647318,0.0718904684044705,0.0148850558131189,9.5,4,0.178802574064483,0.308027487470706,NaN,1.5
217,11,0.733333333333333,60,mean,0.037269960558836,0.23796728507518,0.0282132973520828,0.0137471077270266,0.000856515961346091,0.366666666666666,0.396283085823281,1.10504772767724,1.95525715802967,0.488622654063587,0.506163667257564,0.310620011332117,0.31489013809007,-0.0175410131939767,0.00427012675795284,9.5,4,0.154804347507896,0.205203665372026,NaN,1.5
218,11,0.733333333333333,60,mean,0.0651418490626128,0.370851111087109,0.0389534974075558,0.0242413200373571,0.00289668395938406,0.366666666666666,1.27046103723246,0.91408741064788,1.65815652028026,0.163107835808856,0.173634523923486,0.296791263855397,0.303985875866807,-0.0105266881146302,0.00719461201141037,9.5,4,0.172577626391214,0.221432395053522,1.2,1.5
219,11,0.733333333333333,60,mean,0.054647929596605,0.0524466326010407,0.0493338353030854,0.00794037986262676,0.00090474933155688,0.366666666666666,0.843452785725548,1.29412769700798,1.28282187566902,0.480979680498432,0.507264224215708,0.364308778337542,0.367201528424831,-0.0262845437172759,0.00289275008728957,9.5,4,0.202454231275885,0.225130916066594,1.2,1.5
220,11,0.733333333333333,60,mean,0.013291881898803,0.0211152049695083,0.00982234448368601,0.00363433009736475,0.000544597728678788,0.366666666666666,0.516400083506967,1.22839782854876,1.49193549028511,0.616243723113678,0.611242866695694,0.3162758737353,0.317425324662287,0.00500085641798439,0.00114945092698653,9.5,4,0.212951866089755,0.256928684510076,1.2,1.5
221,11,0.733333333333333,60,mean,0.0338758540543011,0.0423644110861462,0.023928404109853,0.0219273331922322,0.00173134697435767,0.366666666666666,1.45093458163483,1.66844208989363,0.687531693774255,0.77335303701702,0.749643975170233,0.281279093238121,0.287446793635562,0.0237090618467868,0.00616770039744124,9.5,4,0.102869844056362,0.19674121774928,6.6,1.5
222,11,0.733333333333333,60,mean,0.00981852423793464,0.00891849422950913,0.0220918587664814,0.032551250623123,0.00382002764719115,0.366666666666666,0.924828677801211,0.900444631768919,0.788308236672213,0.792114667204658,0.797241793079915,0.121879525794511,0.125846856784476,-0.00512712587525676,0.00396733098996452,9.5,4,0.136158513273876,0.266498076277699,1.2,1.5
223,11,0.733333333333333,60,mean,0.0131509759849218,0.0462785590180361,0.0162683902003358,0.0467985550150357,0.00739727077107844,0.366666666666666,0.474289888121599,0.296418607201286,1.5136271131925,0.632175035025271,0.630389685403036,0.169761273584287,0.177705855885543,0.00178534962223543,0.00794458230125677,9.5,4,0.297836459033538,0.982542358414192,1.2,1.5
224,11,0.733333333333333,60,mean,0.0191949615376247,0.0413179119692833,0.0114570035239823,0.0425252481066803,0.00266380434709022,0.366666666666666,0.601748153363648,0.679040551554396,0.618348269040347,0.778956862416219,0.764640968295285,0.223126860356711,0.232615385452645,0.0143158941209338,0.00948852509593373,9.5,4,0.0694282762695476,0.155024624079388,1.2,1.5
225,11,0.733333333333333,60,mean,0.0313213017760858,0.0359110671265505,0.0282309494170523,0.0304312330680045,0.00223748762827983,0.366666666666666,0.823038764691372,0.821153602206312,0.704947501986341,0.719146306360281,0.696818564322267,0.18848700201647,0.194222893905123,0.0223277420380134,0.00573589188865263,9.5,4,0.140825529203063,0.279889023254972,3.6,1.5
226,11,0.733333333333333,60,mean,0.0132503198415954,0.0228785486794906,0.0110652406886448,0.0599082229729588,0.0100836129004982,0.366666666666666,0.681755688512705,0.953728181850881,0.52323448179405,0.842147129779083,0.846261662058096,0.157707722072075,0.167155711450526,-0.0041145322790134,0.00944798937845129,9.5,4,0.169078826668797,0.39325470344591,1.2,1.5
227,11,0.733333333333333,60,mean,0.0647985157936078,0.108734462110054,0.0129117094028371,0.014889073670505,0.00274290619193226,0.366666666666666,0.410625630674738,0.529358420521014,2.065360655405,0.300154329372957,0.319266922956028,0.201546749006127,0.20454759340013,-0.0191125935830719,0.003000844394003,9.5,4,0.173324146593369,0.233276399626806,1.2,1.5
228,11,0.733333333333333,60,mean,0.0152526388234569,0.0505890995661823,0.0249834473325609,0.107001595578196,0.0209492382959926,0.366666666666666,0.303783418241877,0.8156062246539,0.93381741647177,0.749273559383692,0.74051984503041,0.163381255125069,0.18086331011102,0.00875371435328252,0.0174820549859507,9.5,4,0.244228541550278,0.559939437138383,1.2,1.5
229,11,0.733333333333333,60,mean,0.12525406532861,0.0624023390720973,0.103666871987993,0.0462864794749558,0.00843347397841401,0.366666666666666,0.280897882918802,0.377130479547948,1.4552533641782,0.281974869639758,0.246839072616414,0.22640934769465,0.236889039319656,0.0351357970233436,0.0104796916250066,9.5,4,0.150116799593224,0.240485917049132,7.5,1.5
230,11,0.733333333333333,60,mean,0.0223801593426225,0.0425149866079425,0.0212336012445163,0.0252681569625629,0.00887013903242135,0.366666666666666,0.810700827914355,0.809897921981327,1.09966736604358,0.479405086058137,0.468788803046029,0.151856386065861,0.15569351706474,0.010616283012108,0.00383713099887971,9.5,4,0.22752662117999,0.576810969032415,1.2,1.5
201,11,0.733333333333333,60,none,0.0112835891182946,0.0209256195946321,0.0415464050130937,0.0362687597302694,0.0101305961483924,0.733333333333333,0.871767765762595,1.159903660559,0.814399187029173,0.604518268728009,0.611071904731206,0.243663018909081,0.252500374397047,-0.00655363600319724,0.00883735548796554,4,4,NaN,NaN,1.2,1.5
202,11,0.733333333333333,60,none,0.917015433494205,2.64639183777894,0.0521203978651974,0.0596592014776794,0.0183408305486765,0.733333333333333,1.16265616687134,0.791221095949847,1.36803614591678,0.102410668347178,0.196322831775996,0.253373927979874,0.268490014198416,-0.0939121634288184,0.0151160862185423,4,4,NaN,NaN,NaN,1.5
203,11,0.733333333333333,60,none,0.0211739963335429,0.053850552801361,0.0788378159511688,0.0340511176068223,0.0150894549270794,0.733333333333333,1.19655483330068,1.2379673329167,0.990456963541866,0.67661223041512,0.69093881530116,0.297576783509928,0.307709605562285,-0.01432658488604,0.0101328220523565,4,4,NaN,NaN,1.2,1.5
204,11,0.733333333333333,60,none,0.169715665270212,0.541533483320155,0.169302073366724,0.0727447296788088,0.0199721760611561,0.733333333333333,0.44136395841408,1.02156000044553,0.894046201205569,0.479611960406856,0.561009623338856,0.259367846311,0.278235490178268,-0.081397662932,0.0188676438672685,4,4,NaN,NaN,NaN,1.5
205,11,0.733333333333333,60,none,0.260816502922036,0.58190476917295,0.0355807318590129,0.0461333685542238,0.0102800046713988,0.733333333333333,1.66870991710445,1.11907119864295,1.55734735021757,0.155508193785385,0.114957177855117,0.292106770724174,0.305582640035177,0.0405510159302682,0.0134758693110025,4,4,NaN,NaN,NaN,1.5
206,11,0.733333333333333,60,none,0.0640070541791032,0.0198117636880985,0.0174741733005775,0.0356852253607953,0.0137415376156004,0.733333333333333,0.710311296303881,1.19164278934362,0.696992619483801,0.76275561821622,0.713933878035639,0.312256384116912,0.323399323554471,0.0488217401805809,0.0111429394375591,4,4,NaN,NaN,1.2,1.5
207,11,0.733333333333333,60,none,0.0387259096389175,0.0872012584781631,0.0398713902936589,0.0237854093123245,0.00575441670771675,0.733333333333333,0.796084013470446,1.06199917460246,0.97122506299297,0.628696822959976,0.604552811442771,0.293818116863282,0.300806701036252,0.024144011517205,0.00698858417296955,4,4,NaN,NaN,5.7,1.5
208,11,0.733333333333333,60,none,0.0392381082177598,0.0207486700799314,0.0348384596814768,0.244217466466762,0.0550705249574524,0.733333333333333,0.545588930942999,0.982822868996396,0.852343278275966,0.664485102964321,0.638422498829615,0.158651271748673,0.197396683386864,0.0260626041347062,0.0387454116381907,4,4,NaN,NaN,1.2,1.5
209,11,0.733333333333333,60,none,0.117538413895176,0.210173913545985,0.0650259634447409,0.00161149758161372,0.000935709511027306,0.733333333333333,0.846585957494648,0.982840322423245,1.51235377070323,0.441212379415521,0.493071782682938,0.350661284405813,0.350986661599897,-0.0518594032674168,0.000325377194084518,4,4,NaN,NaN,NaN,1.5
210,11,0.733333333333333,60,none,0.0262873101572352,0.0404788673310821,0.0396352621827993,0.132952376564603,0.0517086791859786,0.733333333333333,0.563794490350283,1.077162542699,0.473039659455543,0.911413335905791,0.935371940948187,0.125609799060753,0.142309920365682,-0.0239586050423959,0.0167001213049293,4,4,NaN,NaN,7.5,1.5
211,11,0.733333333333333,60,none,0.0398147811308624,0.0852670945974299,0.0338037067623751,0.070679451866478,0.0178847705461452,0.733333333333333,0.579318625253254,0.955868560721959,1.06374239770615,0.535618105199024,0.515685480119573,0.228482457714034,0.244631472586368,0.0199326250794507,0.0161490148723337,4,4,NaN,NaN,15.3,1.5
212,11,0.733333333333333,60,none,0.263277952178769,0.336605378632537,0.0386941164009574,0.122295597202837,0.0303209523179779,0.733333333333333,1.5588200222248,1.49842230800911,1.50663953410938,0.31187371502253,0.229764718694813,0.274363468784459,0.307916913050096,0.0821089963277175,0.0335534442656374,4,4,NaN,NaN,NaN,1.5
213,11,0.733333333333333,60,none,0.0225942560586347,0.0456414191714496,0.0155906406203016,0.177215419893278,0.0548783214076023,0.733333333333333,0.866165596063925,1.18225953900569,0.598841024266362,0.882013185706611,0.863547751676371,0.102920263681531,0.12115932142538,0.0184654340302399,0.0182390577438494,4,4,NaN,NaN,5.7,1.5
214,11,0.733333333333333,60,none,0.0752884793144213,0.106939979020025,0.053082822014908,0.134033570709819,0.0407978217861445,0.733333333333333,0.804305382151913,1.03084673903855,0.799178976148975,0.630378622365926,0.677838870236176,0.157360503203676,0.178452093336758,-0.0474602478702504,0.0210915901330826,4,4,NaN,NaN,18.6,1.5
215,11,0.733333333333333,60,none,0.00512802312612946,0.00623057056861539,0.0123916804988179,0.0258016394626328,0.00605652543906073,0.733333333333333,0.939218964924034,0.966888387335557,0.800872994027707,0.671182338834457,0.668517235262133,0.248246814965666,0.254651989783157,0.0026651035723232,0.00640517481749104,4,4,NaN,NaN,1.2,1.5
216,11,0.733333333333333,60,none,0.428702035909648,0.346017244066223,0.0797715487815554,0.0977207728055751,0.0272658232565869,0.733333333333333,0.557833148340555,0.705023649773046,1.54919170924956,0.334844960018649,0.19129624394457,0.247931489834199,0.272159546623635,0.14354871607408,0.0242280567894355,4,4,NaN,NaN,NaN,1.5
217,11,0.733333333333333,60,none,0.159894281034441,0.38829900985373,0.136435032720488,0.0238767893514613,0.00636991653732446,0.733333333333333,0.389758200131351,1.11437621287122,1.8935095840631,0.488622654063587,0.566745772048859,0.310620011332117,0.318036619911043,-0.0781231179852725,0.00741660857892547,4,4,NaN,NaN,NaN,1.5
218,11,0.733333333333333,60,none,0.355867417567815,0.297092113666567,0.0627525808201101,0.0601419327040176,0.0130467229281673,0.733333333333333,1.07247465632491,0.968965812430756,1.67439059608681,0.163107835808856,0.105080166176488,0.296791263855397,0.314640864073328,0.0580276696323682,0.0178496002179316,4,4,NaN,NaN,2.4,1.5
219,11,0.733333333333333,60,none,0.0636360345114895,0.186934820641715,0.0652680879199686,0.00849260920327867,0.0010476176807975,0.733333333333333,0.828333903717881,1.30911821697128,1.27023715779393,0.480979680498432,0.450395887890694,0.364308778337542,0.367402710421286,0.0305837926077378,0.00309393208374461,4,4,NaN,NaN,NaN,1.5
220,11,0.733333333333333,60,none,0.0455368631818523,0.0508533675312313,0.0417190546428968,0.018883682667028,0.00457158019903114,0.733333333333333,0.522220114610445,1.21611837357902,1.47067458915745,0.616243723113678,0.588225410596983,0.3162758737353,0.322248326970154,0.0280183125166952,0.00597245323485441,4,4,NaN,NaN,6.3,1.5
221,11,0.733333333333333,60,none,0.0846523036331559,0.182804967770553,0.0492481376933794,0.0651818720464934,0.0114530772983799,0.733333333333333,1.01765880439351,0.958248903747754,0.769451858970172,0.77335303701702,0.709003638931906,0.281279093238121,0.299613391102922,0.0643493980851142,0.0183342978648009,4,4,NaN,NaN,NaN,1.5
222,11,0.733333333333333,60,none,0.0349496663627155,0.00955473372606805,0.062177934432006,0.160415137472754,0.0530794731613819,0.733333333333333,0.892104515966896,0.94362449543013,0.652819330122093,0.792114667204658,0.819798810544474,0.121879525794511,0.141430846679952,-0.0276841433398162,0.0195513208854406,4,4,NaN,NaN,1.2,1.5
223,11,0.733333333333333,60,none,0.0138953337917881,0.0749385333796622,0.0263520918327389,0.103556726683217,0.0271678902797585,0.733333333333333,0.402228589800758,0.323181258172667,1.23921153725435,0.632175035025271,0.634908786305176,0.169761273584287,0.187341195394249,-0.00273375127990525,0.0175799218099628,4,4,NaN,NaN,9,1.5
224,11,0.733333333333333,60,none,0.037859554430353,0.0193742825597306,0.0347196369522477,0.055200219207391,0.00752227133320677,0.733333333333333,0.512868150895171,0.652735458433835,0.697574691218913,0.778956862416219,0.749481570521967,0.223126860356711,0.235443511959458,0.0294752918942527,0.0123166516027474,4,4,NaN,NaN,1.2,1.5
225,11,0.733333333333333,60,none,0.0128216927187568,0.0663160978020244,0.0329735420681558,0.0340515992950979,0.0112036569720343,0.733333333333333,0.796279235960086,0.782263340037458,0.668223375937284,0.719146306360281,0.725494193606385,0.18848700201647,0.19490528588147,-0.00634788724610377,0.00641828386499916,4,4,NaN,NaN,1.2,1.5
226,11,0.733333333333333,60,none,0.0258974981834251,0.067415680095265,0.0173613635417896,0.162004442203051,0.044623338174083,0.733333333333333,0.707025040718951,1.01489721708471,0.482873399063807,0.842147129779083,0.858498033943944,0.157707722072075,0.183257073617476,-0.016350904164861,0.0255493515454004,4,4,NaN,NaN,18,1.5
227,11,0.733333333333333,60,none,0.0527400595898337,0.152366468493656,0.0671867064345342,0.128015103186866,0.0328572397709447,0.733333333333333,0.463702142274056,0.509503042108206,2.06849750359094,0.300154329372957,0.29759938861422,0.201546749006127,0.227347776877123,0.00255494075873702,0.0258010278709966,4,4,NaN,NaN,1.2,1.5
228,11,0.733333333333333,60,none,0.0108569829790409,0.138331457923122,0.0722526199974832,0.238010336606642,0.0797516417965411,0.733333333333333,0.454116650816429,0.848070881475648,0.804291751780492,0.749273559383692,0.752910889637379,0.163381255125069,0.202267682652602,-0.00363733025368681,0.0388864275275334,4,4,NaN,NaN,1.2,1.5
229,11,0.733333333333333,60,none,0.577893219533342,0.480943887932299,0.132601947759964,0.132347982996163,0.0326450139102101,0.733333333333333,0.269611649159073,0.426914464720481,1.62930124557882,0.281974869639758,0.119023504396144,0.22640934769465,0.256374168193514,0.162951365243614,0.0299648204988639,4,4,NaN,NaN,NaN,1.5
230,11,0.733333333333333,60,none,0.038570702589637,0.0993570838495693,0.0952441734647363,0.0800672404836151,0.0487495440596652,0.733333333333333,0.76325662490161,0.799723244786791,1.01782558953179,0.479405086058137,0.49788665693823,0.151856386065861,0.164015107847969,-0.0184815708800934,0.012158721782108,4,4,NaN,NaN,1.2,1.5
201,13,0.866666666666667,3,hold,0.000324862053765556,0.000510469475645838,0.000217904102839921,8.64348204773501e-05,3.39741135271118e-06,7.68949488191212e-17,0.255571493071108,0.666087575410624,0.819947532917742,0.620693149044389,0.620854302814758,0.258778912046596,0.258756565081703,-0.000161153770368749,-2.23469648933927e-05,15,2,0.0144023852069681,0.0286565875596283,1.2,0.075
202,13,0.866666666666667,3,hold,0.00490156606572587,0.00744708736761827,0.000597976316179579,7.23261341655164e-05,4.33788557153932e-06,7.68949488191212e-17,0.954910445765322,1.09273172104694,1.40467785291274,0.17626288281515,0.176378454623803,0.249674859863663,0.249692917881075,-0.000115571808653236,1.80580174122558e-05,15,2,0.0482121414331249,0.0370588819285589,1.2,0.075
203,13,0.866666666666667,3,hold,0.000234828718067096,0.000536971818062503,0.000301824948471353,2.20236767285684e-05,1.37747406488149e-06,6.15159590552969e-17,1.13020421903755,1.84033011377534,0.570630310317581,0.694313455999715,0.694161093491055,0.261111678473756,0.26111741968843,0.000152362508660664,5.74121467364019e-06,15,2,0.0134610059985942,0.0252857950941352,1.2,0.075
204,13,0.866666666666667,3,hold,0.00161102233298683,0.00258589052186808,0.00046975403912461,7.87897070547534e-05,2.04871021491792e-06,6.15159590552969e-17,0.298642931119959,0.216225718180171,0.86430319466078,0.533801005851824,0.533107840046782,0.240096863138432,0.240078201278964,0.000693165805041629,-1.86618594673152e-05,15,2,0.0191027978212395,0.0392512454794831,1.2,0.075
205,13,0.866666666666667,3,hold,0.0045840263002162,0.00239109966048799,0.00188538227199207,8.54102885794132e-05,6.30794917873033e-06,4.61369692914727e-17,1.8025414333499,2.13757618468907,1.4239004947666,0.136995243919555,0.136561803127434,0.296450525700453,0.296475845625403,0.000433440792120571,2.53199249495945e-05,15,2,0.0187503604458226,0.0362579262632758,1.2,0.075
206,13,0.866666666666667,3,hold,0.000134539981208853,1.02124139014459e-05,9.9795206281245e-05,1.17152836718407e-06,1.98554815878997e-07,4.61369692914727e-17,0.048464782653607,0.460964782862721,0.68161892334472,0.72361969022792,0.723560343538599,0.302162977540476,0.302163331532976,5.93466893217598e-05,3.53992499701472e-07,15,2,0.020020984363039,0.0211790772816114,1.2,0.075
207,13,0.866666666666667,3,hold,0.0013222500463381,0.00325017108343178,0.00154292708787312,0.000190629248026049,3.92110883471425e-06,1.53789897638242e-17,0.191288686971817,0.600068336307703,0.927937853334099,0.623359293638833,0.623779840939937,0.298332136200445,0.298275265369659,-0.000420547301103902,-5.68708307858956e-05,15,2,0.030310147787329,0.0245534798419236,1.2,0.075
208,13,0.866666666666667,3,hold,0.00014184188186971,0.000506803616075723,0.000103801597583329,0.000103402910156913,2.1550658133053e-06,3.07579795276485e-17,0.149566271612834,0.309042766846184,0.807776148636619,0.644415252193399,0.644417464138399,0.190835332843205,0.190855065771982,-2.21194500023003e-06,1.97329287767506e-05,15,2,0.0197936582293101,0.0388968041182194,1.2,0.075
209,13,0.866666666666667,3,hold,0.000343058508183145,1.15655671364131e-05,0.000231336870112244,8.3442514246054e-07,3.08183042629795e-07,0,0.206873966288514,0.617661060017849,1.49942666361103,0.45309531219948,0.452940007472109,0.315831528002895,0.315831264465128,0.000155304727370731,-2.63537767747346e-07,15,2,0.0202064823299101,0.0236774313230144,1.2,0.075
210,13,0.866666666666667,3,hold,0.00142685096609758,0.00133677221631971,0.0022607344202161,0.000758694107513667,4.16686288461719e-05,7.68949488191212e-17,0.100107898383658,0.458103106427804,0.503687659642222,0.917012090141554,0.915703650554812,0.128586127536565,0.128683685073835,0.00130843958674164,9.7557537269993e-05,15,2,0.0843488537254322,0.100499272555047,1.2,0.075
211,13,0.866666666666667,3,hold,0.00102098779142225,0.00690821528446604,0.00113099356988926,0.00013850682798611,4.38615793169895e-06,4.61369692914727e-17,0.0492182705241724,0.247148165817398,1.04192119352487,0.525657698099271,0.525570352585703,0.223211936444947,0.223183767848824,8.73455135687262e-05,-2.81685961228606e-05,15,2,0.0203482637314705,0.0472859510397681,1.2,0.075
212,13,0.866666666666667,3,hold,0.000539955264218009,0.00182658162346798,0.000248879872028901,3.67507246121337e-05,5.60749063553858e-07,9.22739385829454e-17,1.47637323324841,1.66573104075026,1.28388027047428,0.259447564694493,0.2594064876338,0.272627447831763,0.272617660528567,4.10770606935396e-05,-9.78730319605547e-06,15,2,0.0171268881175217,0.0231391260493996,1.2,0.075
213,13,0.866666666666667,3,hold,0.000459353732102309,0.000448098916144455,0.000306622193526358,5.99995203971688e-05,2.04196126115385e-06,0,0.475803899494477,0.826947264850897,0.427015777989622,0.877901008849271,0.87760962164674,0.100411852506158,0.100417877169151,0.000291387202530968,6.02466299256074e-06,15,2,0.0276023189952257,0.0566676850158156,1.2,0.075
214,13,0.866666666666667,3,hold,0.000473046103013182,0.000121545112477922,0.000812896983579678,0.000111407649839696,5.72714189511946e-06,7.68949488191212e-17,0.346584706207602,0.795083066568623,0.796143009142478,0.681762959680289,0.681484505659826,0.165529707108047,0.165548148383694,0.000278454020463814,1.84412756475608e-05,15,2,0.0203367028505357,0.0405173724135699,1.2,0.075
215,13,0.866666666666667,3,hold,6.29132968187055e-07,1.45286164555339e-06,8.3131093154655e-07,1.12661971716484e-07,8.60687046324442e-09,3.07579795276485e-17,0.367481827246576,0.814341654267864,0.80342892545296,0.671851603400335,0.671852000831344,0.265000055317202,0.265000078923981,-3.97431008214433e-07,2.36067787384719e-08,15,2,0.0146817126369949,0.0267354818500072,1.2,0.075
216,13,0.866666666666667,3,hold,0.00880127391959675,0.00525920978146986,0.00233855529915032,8.45595341254301e-05,3.70350931950969e-06,4.61369692914727e-17,0.212499517630853,0.399796184035583,1.59010556614047,0.156581993778038,0.155826258469946,0.216106548354719,0.21612482222377,0.00075573530809184,1.82738690503298e-05,15,2,0.027192873071114,0.0612071559008908,1.2,0.075
217,13,0.866666666666667,3,hold,0.000438626522485444,3.33788113090878e-05,0.000433367381916006,1.62249233518849e-06,5.7470594730157e-07,4.61369692914727e-17,0.877698988875229,0.527760554995842,1.86958693950743,0.558761089332419,0.558517492610642,0.318922478952306,0.318921961503029,0.000243596721776829,-5.17449277619431e-07,15,2,0.0165573110727312,0.024722114511655,1.2,0.075
218,13,0.866666666666667,3,hold,0.00227858574801286,0.0531639310016229,0.00033317852564997,2.78672861660993e-05,5.34122362383425e-07,6.15159590552969e-17,1.28177271031352,1.57583602098763,1.52188943094328,0.146218936441215,0.146087801807243,0.292320984446793,0.292323591879749,0.000131134633972066,2.60743295576071e-06,15,2,0.0233978472815678,0.0358511010354974,1.2,0.075
219,13,0.866666666666667,3,hold,0.00159278310131245,0.00330661392617442,0.00100893322265498,0.000120546188161298,1.56975545706472e-06,7.68949488191212e-17,0.21593367538935,0.654231081789262,1.37283847457104,0.461157313678703,0.461891837254977,0.372060742316786,0.372015891812535,-0.000734523576274082,-4.48505042507513e-05,15,2,0.0426992250944796,0.0228376913828781,1.2,0.075
220,13,0.866666666666667,3,hold,0.000352219750560736,0.000493669792876211,0.000405682147035421,1.60570847194655e-05,1.24869457518978e-06,9.22739385829454e-17,0.231107440899378,0.222370531754744,1.44973224336847,0.586445663686348,0.586475608366879,0.295769837435661,0.295765184682766,-2.99446805311243e-05,-4.65275289508849e-06,15,2,0.0181353517697643,0.0314145894319529,1.2,0.075
221,13,0.866666666666667,3,hold,0.000849769456938114,0.000350293258319952,0.000963850385592781,5.11894584981449e-05,2.53544310839026e-06,6.15159590552969e-17,0.772932308819064,1.23447579245575,0.689960107808679,0.738015782065594,0.737474898722961,0.283026254787943,0.283040742748666,0.000540883342633114,1.44879607233528e-05,15,2,0.0205716880292768,0.0293849230240153,1.2,0.075
222,13,0.866666666666667,3,hold,0.000206426085654263,0.000283746249137591,0.000159497466926513,0.000206087052925055,3.01810490986959e-06,6.15159590552969e-17,0.480581190969752,0.814534980366506,0.893159444078927,0.801946616316538,0.80179904355757,0.127610715870478,0.127637014786833,0.000147572758966941,2.62989163554034e-05,15,2,0.0186614978008433,0.0351450425030282,1.2,0.075
223,13,0.866666666666667,3,hold,0.000330938082623204,0.000121143644793759,0.000164143891713375,3.02576816801403e-05,2.72424569322001e-06,1.53789897638242e-17,0.852997345512486,0.690962448221094,1.31705458712652,0.632060586432679,0.632264584934977,0.201791595977773,0.20179770172365,-0.000203998502297853,6.10574587682294e-06,15,2,0.0303817613925787,0.0449998659453139,1.2,0.075
224,13,0.866666666666667,3,hold,0.00013007123397737,0.000138454097360794,0.000121912069859738,3.97367424653079e-05,1.10136913184989e-06,1.53789897638242e-17,0.0187264570979477,0.393906132739051,0.596196119341686,0.760689061416779,0.760600152026507,0.244656261056251,0.244665982899089,8.89093902717297e-05,9.72184283811739e-06,15,2,0.0116348123041428,0.0243633113861428,1.2,0.075
225,13,0.866666666666667,3,hold,0.000726542939072778,0.000356586762994557,0.000866305315688117,4.18613364047463e-05,3.19339991600511e-06,4.61369692914727e-17,0.254126888938022,0.65987865876154,0.635799634876366,0.725609222550927,0.725325218080806,0.172023192714899,0.172030379784615,0.000284004470120969,7.18706971636313e-06,15,2,0.0223758528653577,0.0388086060674575,1.2,0.075
226,13,0.866666666666667,3,hold,0.000290190648640109,0.000424423754201671,0.0002967512787848,2.94020416075427e-05,6.60327162914697e-06,1.23031918110594e-16,0.137377289806146,0.531556442350473,0.476097531492364,0.837273536419524,0.837062300328862,0.168594883550908,0.168593354819624,0.000211236090661926,-1.52873128405034e-06,15,2,0.0255868219956349,0.0524668209403347,1.2,0.075
227,13,0.866666666666667,3,hold,0.00166286228890945,0.00117449930935274,0.000901835066596423,0.000117830888638712,9.34245124175273e-06,1.23031918110594e-16,0.100641083665738,0.236003551195904,2.06450294167722,0.308218127530065,0.308481079542676,0.240225951759146,0.240254257796516,-0.000262952012611395,2.83060373698604e-05,15,2,0.0216957398424756,0.0274446135660962,1.2,0.075
228,13,0.866666666666667,3,hold,0.00020917269196978,0.00330455043033575,0.000226362520321341,0.000285962859847229,7.28640267110046e-06,3.07579795276485e-17,0.0470026445672338,0.15739965158169,0.736145540765879,0.742183906208832,0.74226423279581,0.161290663230163,0.161336786369487,-8.03265869782521e-05,4.61231393239536e-05,15,2,0.0371863361336798,0.076903018537605,1.2,0.075
229,13,0.866666666666667,3,hold,0.00528023743321913,0.001321433365265,0.000605332304613925,7.77307688288295e-05,4.13718704000915e-06,3.07579795276485e-17,0.676016108071314,0.374053952713528,1.64403365178075,0.0990911771698831,0.0995169403504165,0.227882831395344,0.227900544903031,-0.000425763180533392,1.77135076872506e-05,15,2,0.0199519740213828,0.0401050815103554,1.2,0.075
230,13,0.866666666666667,3,hold,0.0015214986921094,0.00392063742645274,0.00131450163113783,0.000759112618581925,4.61523604566006e-06,0,0.232943542912993,0.644925340329161,1.02942495463811,0.498399411226855,0.499150046681113,0.106980165891947,0.10689895589808,-0.000750635454258552,-8.12099938665643e-05,15,2,0.035043888883147,0.0826747067976048,1.2,0.075
201,13,0.866666666666667,3,kalman,0.000211757141006543,0.0021059521787105,0.000947281364968643,0.00040785990295687,2.58633939333827e-06,4.61369692914727e-17,0.255571483207754,0.666090442471497,0.819009488405394,0.620693149044389,0.620593836931763,0.258778912046596,0.258673366504642,9.931211262586e-05,-0.000105545541954609,15,2,0.0170923718144376,0.0259619203942951,1.2,0.075
202,13,0.866666666666667,3,kalman,0.00331721590313984,0.00397312761592019,0.000113424971978466,5.3296046460116e-05,5.42594365619675e-06,6.15159590552969e-17,0.954910446495602,1.09243089819063,1.40397634967996,0.17626288281515,0.176824557630337,0.249674859863663,0.249688166546594,-0.00056167481518748,1.33066829312167e-05,15,2,0.044692361595387,0.0266524466619097,1.2,0.075
203,13,0.866666666666667,3,kalman,8.9819501606248e-05,0.00035722724674351,9.87235616931451e-05,2.07146845186565e-05,7.25054008997109e-07,4.61369692914727e-17,1.13019467692766,1.84032084406127,0.57011175688423,0.694313455999715,0.694317283208515,0.261111678473756,0.261106269627712,-3.82720879931187e-06,-5.40884604372072e-06,15,2,0.0104854897424793,0.0223830916250893,1.2,0.075
204,13,0.866666666666667,3,kalman,0.000674936921568325,0.000282769385287497,0.00043673283526893,9.01676799858943e-06,2.17339047014428e-06,1.23031918110594e-16,0.29859751691854,0.216021374507508,0.863840699724211,0.533801005851824,0.533624480172296,0.240096863138432,0.240094698240719,0.000176525679528128,-2.16489771210832e-06,15,2,0.0114956492893115,0.0250116575024508,1.2,0.075
205,13,0.866666666666667,3,kalman,0.00427391811726052,0.0025440117264862,0.000933331203117021,1.19034361357371e-05,2.60268612921814e-06,4.61369692914727e-17,1.802541433352,2.13761994441464,1.42302168429296,0.136995243919555,0.137141909717848,0.296450525700453,0.296448315923534,-0.000146665798292925,-2.20977691957003e-06,15,2,0.0267289287554789,0.0228308242056023,1.2,0.075
206,13,0.866666666666667,3,kalman,0.000366854376210457,0.000217885800053511,0.000192023291869823,2.65019755874724e-05,1.18835823001335e-06,4.61369692914727e-17,0.0484647827099727,0.460964782863164,0.681466570043441,0.72361969022792,0.72371186125792,0.302162977540476,0.302154969624622,-9.2171029999133e-05,-8.00791585421567e-06,15,2,0.017423406502071,0.0205883574690642,1.2,0.075
207,13,0.866666666666667,3,kalman,0.00157451323696672,0.00328420073949901,0.000941638730010782,0.000219951915213415,6.09378749290821e-06,3.07579795276485e-17,0.191292179167204,0.600070445381579,0.92744867100865,0.623359293638833,0.624161856819964,0.298332136200445,0.298266517475718,-0.000802563181130866,-6.56187247269974e-05,15,2,0.0290935907052435,0.0255489051586375,1.2,0.075
208,13,0.866666666666667,3,kalman,0.000131456719280765,7.92708635233638e-05,8.8651241887577e-05,1.20826202648349e-05,1.02992168378419e-06,3.07579795276485e-17,0.150103372093693,0.308913246855679,0.807920708344006,0.644415252193399,0.644476268151236,0.190835332843205,0.190837638634065,-6.10159578372183e-05,2.30579085985783e-06,15,2,0.0123841335250605,0.0255847557530381,1.2,0.075
209,13,0.866666666666667,3,kalman,0.000407604229887774,1.62440296091299e-05,0.000312367472079211,1.48171535018879e-06,3.03059026179041e-07,1.53789897638242e-17,0.206875157544018,0.617661138312279,1.49933361158813,0.45309531219948,0.452910787052725,0.315831528002895,0.315831060030472,0.000184525146755288,-4.6797242311547e-07,15,2,0.020138852889083,0.0247500068185369,1.2,0.075
210,13,0.866666666666667,3,kalman,0.00208267162542664,0.00143360251376873,0.00221265030697088,0.00110541056590387,5.6230153359594e-05,7.68949488191212e-17,0.0963391631136374,0.462291483624684,0.509396105921341,0.917012090141554,0.915102255081243,0.128586127536565,0.128728268000573,0.00190983506031099,0.000142140464007582,15,2,0.0999456192062385,0.0759121832084224,1.2,0.075
211,13,0.866666666666667,3,kalman,0.000339358113234717,0.000311780807378365,0.000449232988040154,3.9055194970032e-06,9.94341564504862e-07,9.22739385829454e-17,0.0554929271649555,0.246689117150661,1.0420910360888,0.525657698099271,0.525518754690758,0.223211936444947,0.22321180435304,0.000138943408512981,-1.32091907025511e-07,15,2,0.012952590531236,0.0252977241550081,1.2,0.075
212,13,0.866666666666667,3,kalman,0.000249136921010069,0.000487833691081206,4.08729694084781e-05,1.62848271435245e-05,2.08883621066153e-07,1.23031918110594e-16,1.47637280827349,1.66598826333464,1.2839849277537,0.259447564694493,0.259385571892979,0.272627447831763,0.272623008140901,6.19928015140658e-05,-4.4396908625205e-06,15,2,0.0163366551286891,0.024103482797079,1.2,0.075
213,13,0.866666666666667,3,kalman,0.000332480132662695,0.000286296684891602,0.000223216252833681,3.30386388157204e-05,2.63054951741878e-06,3.07579795276485e-17,0.476281603578997,0.826911159234096,0.42662019858008,0.877901008849271,0.877750964565848,0.100411852506158,0.100414124829295,0.000150044283423467,2.27232313718045e-06,15,2,0.0168871001005263,0.0297344472293841,1.2,0.075
214,13,0.866666666666667,3,kalman,0.00038955050024921,0.000455987318356487,0.000557898243897691,0.000122814283241767,3.41594834710712e-06,6.15159590552969e-17,0.346656601975826,0.803542286469909,0.794851276714577,0.681762959680289,0.681860273210715,0.165529707108047,0.165549811347515,-9.73135304254802e-05,2.01042394683149e-05,15,2,0.0129026334171076,0.0263961838349811,1.2,0.075
215,13,0.866666666666667,3,kalman,1.18501321815618e-06,6.06867460942229e-06,2.91451220316509e-06,5.13436878096692e-07,2.18618543785474e-08,0,0.367422846327119,0.814265007956102,0.803419408282122,0.671851603400335,0.671852143491712,0.265000055317202,0.265000036264963,-5.40091377054797e-07,-1.90522393611614e-08,15,2,0.0198638699306178,0.0259183744715958,1.2,0.075
216,13,0.866666666666667,3,kalman,0.0109473157353356,0.0058557652881501,0.00162773567170106,0.000160015664420336,6.63517555522729e-06,7.68949488191212e-17,0.211666398557971,0.401087587125059,1.59054981918059,0.156581993778038,0.155136589065457,0.216106548354719,0.21614112878764,0.00144540471258076,3.4580432920566e-05,15,2,0.0422223381404964,0.0284001262068701,1.2,0.075
217,13,0.866666666666667,3,kalman,0.000675985326889263,0.000108407919463335,0.000665876455636655,6.007150969552e-06,5.38763990805451e-07,3.07579795276485e-17,0.874180191348274,0.527740542668633,1.86685309838451,0.558761089332419,0.558910105754923,0.318922478952306,0.318920563136828,-0.000149016422504344,-1.91581547865027e-06,15,2,0.0156927155365809,0.0234043163433872,1.2,0.075
218,13,0.866666666666667,3,kalman,0.00139197143529439,0.000458534807972751,0.000378080492230596,9.38503116948937e-07,1.39791975107645e-07,3.07579795276485e-17,1.28085146761909,1.576078811449,1.52161724221551,0.146218936441215,0.146194553521208,0.292320984446793,0.292321220153069,2.43829200073403e-05,2.35706276204284e-07,15,2,0.0180514713779119,0.0233046507916326,1.2,0.075
219,13,0.866666666666667,3,kalman,0.00215802543971415,0.0039542844888206,0.00143118842182645,0.000136852997202056,1.84757423777188e-06,9.22739385829454e-17,0.21503205868955,0.65404865909988,1.37249303737671,0.461157313678703,0.462152502893332,0.372060742316786,0.372009824689058,-0.000995189214628878,-5.09176277272738e-05,15,2,0.0578899495488151,0.02625788977234,1.2,0.075
220,13,0.866666666666667,3,kalman,0.000204533010282623,0.000783322028227269,0.000255559061747479,1.18758015653053e-05,1.2158577093088e-06,7.68949488191212e-17,0.232505366180439,0.222372529978027,1.45066626373344,0.586445663686348,0.586486173020231,0.295769837435661,0.295773321582458,-4.05093338828655e-05,3.48414679657516e-06,15,2,0.0133543422294022,0.0265400610981099,1.2,0.075
221,13,0.866666666666667,3,kalman,0.000371348665744652,0.000309174113026029,0.000371906594190598,2.42934059861208e-05,1.12157878343483e-06,1.53789897638242e-17,0.773068991557966,1.234544913178,0.68898037333721,0.738015782065594,0.738270157538091,0.283026254787943,0.283019379116231,-0.000254375472496315,-6.87567171229475e-06,15,2,0.0176012504762743,0.024850324306279,1.2,0.075
222,13,0.866666666666667,3,kalman,0.000165216044410232,0.000329259546649165,0.000284723492774167,0.000160156475993297,6.07672373758652e-06,3.07579795276485e-17,0.480581190969752,0.814591902142045,0.893869460163821,0.801946616316538,0.801880703948758,0.127610715870478,0.127590278187925,6.59123677790641e-05,-2.04376825527977e-05,15,2,0.0128802693436152,0.0271742285111927,1.2,0.075
223,13,0.866666666666667,3,kalman,0.00142043184774815,0.000379539254073568,0.000321148938798965,0.000197935583798324,1.35055357351563e-05,6.15159590552969e-17,0.829043019679828,0.684027818306832,1.29821609528619,0.632060586432679,0.632951219572019,0.201791595977773,0.201831537715129,-0.00089063313934028,3.99417373554561e-05,15,2,0.0716544096893477,0.0377536997298291,1.2,0.075
224,13,0.866666666666667,3,kalman,2.42290914918703e-05,4.85025996792355e-05,2.22837537947466e-05,1.08096213323524e-05,1.71818893612606e-07,3.07579795276485e-17,0.0187279676366608,0.393916674383122,0.59603186565557,0.760689061416779,0.760676431867821,0.244656261056251,0.24465890569779,1.26295489588091e-05,2.64464153860722e-06,15,2,0.0100723179382906,0.0220028062649194,1.2,0.075
225,13,0.866666666666667,3,kalman,0.000258169702374061,0.000186998401849264,0.000324088998637252,5.67800335375613e-06,9.54024235093571e-07,4.61369692914727e-17,0.254111795942936,0.659867444905913,0.635444739181652,0.725609222550927,0.725602181192048,0.172023192714899,0.172022942559523,7.04135887881208e-06,-2.5015537636508e-07,15,2,0.012437869079974,0.025938790281792,1.2,0.075
226,13,0.866666666666667,3,kalman,7.19709476467299e-05,0.000793148119117079,7.46988117522366e-05,0.000293658533932733,1.15586508714581e-06,6.15159590552969e-17,0.137378965252358,0.53158272894062,0.474730261480706,0.837273536419524,0.837333679465225,0.168594883550908,0.168545374224576,-6.01430457001118e-05,-4.95093263321195e-05,15,2,0.0138059229261927,0.0266200925035414,1.2,0.075
227,13,0.866666666666667,3,kalman,0.00583099808599921,0.0118968982696423,0.0019890182476116,0.000129968993802412,6.68373221671555e-06,6.15159590552969e-17,0.129791383883442,0.21831880730178,2.06281208928417,0.308218127530065,0.306421089894619,0.240225951759146,0.240194729833911,0.00179703763544564,-3.12219252353629e-05,15,2,0.0451633987612225,0.02501799915178,1.2,0.075
228,13,0.866666666666667,3,kalman,0.000305756794239087,0.0032667053104189,0.000318383800170279,0.000116156812443581,1.88579617450367e-06,7.68949488191212e-17,0.0470001288036443,0.157374976747272,0.735871178870669,0.742183906208832,0.742389558041489,0.161290663230163,0.16128472726242,-0.000205651832657505,-5.9359677423787e-06,15,2,0.019694486615357,0.0317480092486724,1.2,0.075
229,13,0.866666666666667,3,kalman,0.00260372297142608,0.00509365222903403,0.000266697708536294,0.000151481823126522,2.20201284327026e-06,4.61369692914727e-17,0.676013859153657,0.373928614132674,1.64423990251144,0.0990911771698831,0.0993049882954831,0.227882831395344,0.227917351502103,-0.000213811125599989,3.45201067590006e-05,15,2,0.0232607514403222,0.0246127862146226,1.2,0.075
230,13,0.866666666666667,3,kalman,0.00331952452442805,0.00102075504990809,0.00535615687337379,8.64208039512614e-05,9.68830966147122e-06,4.61369692914727e-17,0.232943542913031,0.644736507440073,1.03226145143501,0.498399411226855,0.497072164302587,0.106980165891947,0.106989195309572,0.00132724692426743,9.02941762533013e-06,15,2,0.0182616644401287,0.0286870153451542,1.2,0.075
201,13,0.866666666666667,3,kalman-gm,0.000760518030658744,0.000862847751571012,0.000327032697120155,7.25759689824484e-05,1.85112402526968e-06,9.22739385829454e-17,0.255571492299964,0.666098298946758,0.819948426770747,0.620693149044389,0.621165197375744,0.258778912046596,0.25879769317689,-0.000472048331354613,1.87811302940055e-05,15,2,0.0173075010152423,0.0153097210389426,1.2,0.075
202,13,0.866666666666667,3,kalman-gm,0.0024949224010546,0.00994770495683253,0.000413387704346583,0.000194669848314755,1.76580321331137e-06,9.22739385829454e-17,0.954910446182981,1.09231925723968,1.40491313503081,0.17626288281515,0.176180935556803,0.249674859863663,0.24972346403076,8.1947258347248e-05,4.8604167097667e-05,15,2,0.0472977599197213,0.0190953595966961,1.2,0.075
203,13,0.866666666666667,3,kalman-gm,0.000179263475602811,0.000403837793364611,0.000227837958633173,2.97883385156284e-06,1.24219889854892e-06,4.61369692914727e-17,1.13019371086973,1.84035015694487,0.570551281673413,0.694313455999715,0.69419572272714,0.261111678473756,0.261112337796579,0.000117733272575171,6.59322822989528e-07,15,2,0.00740569047890127,0.0141647079595506,1.2,0.075
204,13,0.866666666666667,3,kalman-gm,0.000991013215895744,0.00253595322249765,0.000266128065789149,7.67710033000242e-05,1.03963736716824e-06,4.61369692914727e-17,0.299003037783971,0.216194746446425,0.863793736578633,0.533801005851824,0.533621548996633,0.240096863138432,0.240078654281144,0.000179456855190874,-1.82088572879285e-05,15,2,0.00921367085341426,0.0165786097079685,1.2,0.075
205,13,0.866666666666667,3,kalman-gm,0.00498198569681487,0.00226393194065762,0.0015349233313819,2.71675819883e-05,6.45564600462478e-06,6.15159590552969e-17,1.802541433352,2.1376000813356,1.42372312669599,0.136995243919555,0.136597547849081,0.296450525700453,0.296458579544416,0.000397696070473835,8.05384396244169e-06,15,2,0.0160481185448371,0.016535970737674,1.2,0.075
206,13,0.866666666666667,3,kalman-gm,0.000169605578908199,9.94346909163302e-06,0.00010983746766513,3.65788734108325e-06,1.01715347657308e-06,4.61369692914727e-17,0.048464782732068,0.460964782863529,0.68137518284893,0.72361969022792,0.723720369484413,0.302162977540476,0.302161872262346,-0.000100679256492142,-1.10527813048933e-06,15,2,0.0147467829035084,0.0131116646689318,1.2,0.075
207,13,0.866666666666667,3,kalman-gm,0.00152288220082987,0.00361651882070121,0.000899957362451195,0.000189172616359334,5.4697850416858e-06,1.53789897638242e-17,0.191290257307588,0.600070248546692,0.927371526681458,0.623359293638833,0.624201121114837,0.298332136200445,0.298275699929696,-0.000841827476004175,-5.64362707491073e-05,15,2,0.02523817733058,0.0141819173980418,1.2,0.075
208,13,0.866666666666667,3,kalman-gm,8.84308886415312e-05,9.87957988387734e-05,6.16982957398906e-05,1.95266115325058e-05,7.99351222577227e-07,3.07579795276485e-17,0.150364263342284,0.308932780079862,0.80809516498602,0.644415252193399,0.644443818416411,0.190835332843205,0.190839059210616,-2.8566223012505e-05,3.72636741110571e-06,15,2,0.00812588635111482,0.0154866896189052,1.2,0.075
209,13,0.866666666666667,3,kalman-gm,0.00361432592691584,0.000203856916549691,0.00101911274876057,1.88129529409367e-05,7.16026292497056e-06,4.61369692914727e-17,0.206874044250274,0.617658431614199,1.49716159780174,0.45309531219948,0.451457899566963,0.315831528002895,0.315837469726569,0.00163741263251737,5.94172367358259e-06,15,2,0.0180421474243049,0.0134474463757872,1.2,0.075
210,13,0.866666666666667,3,kalman-gm,0.00204908340327105,0.00165659415832831,0.00187855345389035,0.000779406884271155,7.18634294373433e-05,3.07579795276485e-17,0.0972502175427114,0.462260455165574,0.507374307767567,0.917012090141554,0.915133055887046,0.128586127536565,0.128660818967463,0.00187903425450795,7.46914308980742e-05,15,2,0.106612169220287,0.194590039363731,1.2,0.075
211,13,0.866666666666667,3,kalman-gm,0.000448680074247391,0.00206422488631631,0.000574923496923671,3.34883285018112e-05,4.53818580471416e-06,4.61369692914727e-17,0.0513056379265788,0.246987942263919,1.04179636929952,0.525657698099271,0.525680184873842,0.223211936444947,0.223212598816405,-2.2486774570285e-05,6.62371458116651e-07,15,2,0.00870519683554949,0.0181382694049814,1.2,0.075
212,13,0.866666666666667,3,kalman-gm,0.000410236549369921,0.000283914573125763,0.00015853077019624,6.07277955339021e-06,6.81178000713093e-07,9.22739385829454e-17,1.47637299583826,1.66589971862813,1.28402543000512,0.259447564694493,0.259344658481515,0.272627447831763,0.272629103438154,0.000102906212977977,1.65560639088569e-06,15,2,0.016629221528711,0.013307041984874,1.2,0.075
213,13,0.866666666666667,3,kalman-gm,0.000356418912361456,0.000255377391905973,0.000281954989982082,2.96183210520541e-05,2.79636369283809e-06,0,0.476460100530696,0.826919708786529,0.426805116328865,0.877901008849271,0.877658546915215,0.100411852506158,0.100413449578427,0.000242461934056115,1.59707226862663e-06,15,2,0.0144455162293648,0.0271556325230691,1.2,0.075
214,13,0.866666666666667,3,kalman-gm,0.000146909854932002,4.60365523674379e-05,0.000157442628510138,2.33162182934042e-06,5.85964687050682e-07,9.22739385829454e-17,0.346702429471508,0.79490784000921,0.795196500002974,0.681762959680289,0.681766409151793,0.165529707108047,0.165529650085165,-3.44947150343611e-06,-5.70228821597518e-08,15,2,0.0103186596031563,0.0179401072876972,1.2,0.075
215,13,0.866666666666667,3,kalman-gm,7.87878754000668e-07,3.11166978425722e-06,1.07732038747238e-06,1.99401374041294e-06,1.37281198061157e-08,0,0.367486265718562,0.814352588097787,0.803429442630628,0.671851603400335,0.671851512133223,0.265000055317202,0.26499952695,9.12671126340747e-08,-5.28367202187186e-07,15,2,0.0113543067308422,0.0155769651002093,1.2,0.075
216,13,0.866666666666667,3,kalman-gm,0.00738703947347895,0.0052449498796098,0.000467204624235309,0.000174751419650712,7.48908324300187e-06,7.68949488191212e-17,0.211909277484278,0.400501104996903,1.59096481666713,0.156581993778038,0.155453615617326,0.216106548354719,0.21614431328084,0.00112837816071193,3.77649261208024e-05,15,2,0.0257047852126706,0.0258456429255318,1.2,0.075
217,13,0.866666666666667,3,kalman-gm,0.000719799945387561,9.49549290246738e-05,0.000715290086064641,1.39640672304508e-06,4.53731073860032e-07,4.61369692914727e-17,0.873879194765243,0.527413256627288,1.86663125971676,0.558761089332419,0.558957290750178,0.318922478952306,0.318922035719413,-0.000196201417758868,-4.43232893746481e-07,15,2,0.0107322763800749,0.0119647763512236,1.2,0.075
218,13,0.866666666666667,3,kalman-gm,0.000777993980632753,0.000408964787435699,0.000234155453596505,3.99111919895722e-07,1.18859112274063e-07,9.22739385829454e-17,1.28246339518168,1.57689044011851,1.52170892780351,0.146218936441215,0.146227447882798,0.292320984446793,0.292321094400456,-8.51144158318662e-06,1.09953662812412e-07,15,2,0.01382350290993,0.0137418324464793,1.2,0.075
219,13,0.866666666666667,3,kalman-gm,0.00130326166031116,0.00346862799320475,0.000728764196417573,0.000120147350229198,1.54398876980572e-06,1.23031918110594e-16,0.217107541237509,0.654419862773537,1.37374240850349,0.461157313678703,0.461758322324992,0.372060742316786,0.372016040204472,-0.000601008646289541,-4.47021123136704e-05,15,2,0.0462204440682888,0.0144120926077376,1.2,0.075
220,13,0.866666666666667,3,kalman-gm,0.000756102461600523,0.000252882151157744,0.000333361444813131,1.54756801194928e-05,4.91802772969438e-06,6.15159590552969e-17,0.231171624544319,0.222370389374786,1.45128903350137,0.586445663686348,0.586879672182844,0.295769837435661,0.295765260196268,-0.000434008496495863,-4.57723939314869e-06,15,2,0.0142757266628299,0.0151438418918333,1.2,0.075
221,13,0.866666666666667,3,kalman-gm,0.00015102453632253,5.79618888250069e-05,0.000140228310430362,1.29613921026151e-06,2.85630105883592e-07,3.07579795276485e-17,0.773055196126461,1.23459151657541,0.689149797472206,0.738015782065594,0.738120710372137,0.283026254787943,0.283026610648195,-0.000104928306542085,3.55860252487239e-07,15,2,0.0129110010216961,0.0139831957283897,1.2,0.075
222,13,0.866666666666667,3,kalman-gm,0.000168276193361483,8.9909807996973e-05,0.0002249553484317,3.58915138490026e-05,1.94826490251367e-06,6.15159590552969e-17,0.480581190969751,0.814473106900693,0.893642950125995,0.801946616316538,0.801811710493153,0.127610715870478,0.127606135728702,0.000134905823384412,-4.5801417759464e-06,15,2,0.0109422509383237,0.015695858486259,1.2,0.075
223,13,0.866666666666667,3,kalman-gm,0.00172299309209694,0.000452795857356189,0.000258365033923211,0.000120976739180558,6.32047907824619e-06,1.53789897638242e-17,0.829045834476148,0.684694112315959,1.29921829603165,0.632060586432679,0.633142765815049,0.201791595977773,0.201816008067049,-0.00108217938236999,2.44120892754315e-05,15,2,0.0564721426275874,0.0485884964035401,1.2,0.075
224,13,0.866666666666667,3,kalman-gm,2.51108576220884e-05,9.53776667371635e-05,2.3879094720131e-05,2.22369267151209e-05,4.55870763414855e-07,1.53789897638242e-17,0.0187260064315097,0.393902400942616,0.595986432184864,0.760689061416779,0.760703582687827,0.244656261056251,0.244661701459598,-1.4521271047685e-05,5.44040334750334e-06,15,2,0.00620249943600785,0.0128588859683123,1.2,0.075
225,13,0.866666666666667,3,kalman-gm,0.000594084779842037,0.000311463162942416,0.000721388238039474,1.85889467739498e-05,2.08751133816989e-06,9.22739385829454e-17,0.254124039727789,0.659875759590537,0.635582122621283,0.725609222550927,0.725474747304221,0.172023192714899,0.172026378702956,0.000134475246706511,3.18598805689463e-06,15,2,0.0106323761825092,0.0167702283266298,1.2,0.075
226,13,0.866666666666667,3,kalman-gm,5.71939247398957e-05,0.000422836224366709,4.86673632457135e-05,0.000108816136123292,9.92154645022853e-07,4.61369692914727e-17,0.137378395189973,0.53157626269584,0.47509722122636,0.837273536419524,0.837241528177866,0.168594883550908,0.168576551305997,3.20082416584655e-05,-1.83322449112691e-05,15,2,0.0121708142281903,0.0177086416488823,1.2,0.075
227,13,0.866666666666667,3,kalman-gm,0.00228663938150858,0.00919237500430043,0.000883479587752697,0.000458679189783981,6.81061318885977e-06,9.22739385829454e-17,0.122660535445502,0.218591706671668,2.06297520553933,0.308218127530065,0.307601658169354,0.240225951759146,0.240115765114228,0.000616469360710353,-0.000110186644917971,15,2,0.040789203900869,0.01544426410458,1.2,0.075
228,13,0.866666666666667,3,kalman-gm,0.000227633489866196,0.00345702608422086,0.000270619010299969,0.000238526111083103,4.62970131594804e-06,6.15159590552969e-17,0.0474134544080846,0.157411760634573,0.736271441745139,0.742183906208832,0.742244769316569,0.161290663230163,0.161329135264817,-6.08631077375077e-05,3.84720346543052e-05,15,2,0.0211993095802557,0.0303776978105397,1.2,0.075
229,13,0.866666666666667,3,kalman-gm,0.00421323658128157,0.00150466722066022,0.000275756441859244,3.0217944650765e-05,2.82212132855756e-06,6.15159590552969e-17,0.67601417791062,0.374020037922307,1.64410752172738,0.0990911771698831,0.0994886633103567,0.227882831395344,0.22788971754613,-0.000397486140473566,6.88615078596411e-06,15,2,0.0157743203809065,0.0175028254153373,1.2,0.075
230,13,0.866666666666667,3,kalman-gm,0.00192780559563895,0.000439584878094626,0.00281046466961492,5.80666749847002e-05,5.90033703254496e-06,3.07579795276485e-17,0.232943542913023,0.644777065564615,1.03119327381249,0.498399411226855,0.497986631945799,0.106980165891947,0.106986377874469,0.000412779281055498,6.21198252265698e-06,15,2,0.0216932663736116,0.0311670670530924,1.2,0.075
201,13,0.866666666666667,3,mean,0.000213579098488732,0.00209738834615697,0.000953859932655397,0.000408204050589643,2.61821302090502e-06,6.15159590552969e-17,0.25557148678016,0.666090385097317,0.819000893328275,0.620693149044389,0.620591596434811,0.258778912046596,0.258673277446492,0.000101552609578337,-0.000105634600104602,15,2,0.0170923773365504,0.0259619248983678,1.2,0.075
202,13,0.866666666666667,3,mean,0.00339412982486705,0.00390920476623955,0.000107723276754753,5.25016276854383e-05,5.48022613765979e-06,6.15159590552969e-17,0.954910446446203,1.09242856484942,1.40394395593862,0.17626288281515,0.176847334484524,0.249674859863663,0.249687968200198,-0.000584451669373559,1.3108336534976e-05,15,2,0.0446927473686664,0.0266524579978784,1.2,0.075
203,13,0.866666666666667,3,mean,8.90474009017822e-05,0.000344283205443798,9.75460032671065e-05,1.66689238811494e-05,7.45778857325139e-07,7.68949488191212e-17,1.13019079949218,1.84031177965507,0.570118559166855,0.694313455999715,0.694314874097502,0.261111678473756,0.261107326023063,-1.41809778684276e-06,-4.3524506929582e-06,15,2,0.0104855928658331,0.0223830901283151,1.2,0.075
204,13,0.866666666666667,3,mean,0.000614003227961005,0.000274115116455979,0.000381340587518828,7.06954893179649e-06,2.13025789977269e-06,6.15159590552969e-17,0.29883680964487,0.216022233384288,0.86388217454518,0.533801005851824,0.533593863450442,0.240096863138432,0.240095165761909,0.000207142401381999,-1.69737652232799e-06,15,2,0.0114954041602079,0.0250116575035957,1.2,0.075
205,13,0.866666666666667,3,mean,0.00428426661262005,0.00253945708138097,0.000936801449335784,1.17355431871306e-05,2.59824761525242e-06,1.53789897638242e-17,1.80254143335202,2.13761911688457,1.42302172469209,0.136995243919555,0.137140741804993,0.296450525700453,0.296448398483961,-0.000145497885438062,-2.12721649204994e-06,15,2,0.0267288797603534,0.0228308242052979,1.2,0.075
206,13,0.866666666666667,3,mean,0.000371941109216727,0.000232709608363291,0.000186381351976275,2.7493966963005e-05,1.11917077035277e-06,4.61369692914727e-17,0.0484647827057936,0.460964782863053,0.681475135464904,0.72361969022792,0.723709264960294,0.302162977540476,0.302154669881554,-8.95747323736873e-05,-8.30765892194108e-06,15,2,0.0174234036640276,0.0205883581067683,1.2,0.075
207,13,0.866666666666667,3,mean,0.00157083368809971,0.0032864424881901,0.000936776292757854,0.000219199461154506,6.08382439319433e-06,1.53789897638242e-17,0.191291111518764,0.600070436817534,0.927442347506135,0.623359293638833,0.624165227386819,0.298332136200445,0.298266741956945,-0.000805933747986809,-6.53942435002103e-05,15,2,0.029093594287675,0.025548905164686,1.2,0.075
208,13,0.866666666666667,3,mean,0.000116568406526526,6.98552889275364e-05,7.98546960675822e-05,6.86775986572924e-06,8.32517070059517e-07,3.07579795276485e-17,0.150135679510552,0.308916779435362,0.807958395024107,0.644415252193399,0.644467931506895,0.190835332843205,0.190836643454445,-5.26793134964065e-05,1.31061123986365e-06,15,2,0.0123841096633732,0.0255847557530381,1.2,0.075
209,13,0.866666666666667,3,mean,0.000419128192137485,1.58426749685856e-05,0.000317671719491685,1.40831300846301e-06,3.11461249794787e-07,1.53789897638242e-17,0.206875515982435,0.617661163504499,1.49932188868489,0.45309531219948,0.452905681567395,0.315831528002895,0.315831083213246,0.000189630632085225,-4.44789649369226e-07,15,2,0.0201388604919577,0.0247500190836538,1.2,0.075
210,13,0.866666666666667,3,mean,0.00208084669050138,0.00141852957360557,0.00220577730704272,0.00110051619680317,5.57827431571006e-05,4.61369692914727e-17,0.0961715538314218,0.46226179599442,0.509499933988336,0.917012090141554,0.915103928568633,0.128586127536565,0.128727638652603,0.00190816157292081,0.000141511116038188,15,2,0.0999435249311003,0.0757570339673928,1.2,0.075
211,13,0.866666666666667,3,mean,0.000335217358958254,0.000247074062570966,0.000442569944014445,5.67661486686639e-06,1.01149796200251e-06,1.0765292834677e-16,0.0554883464209146,0.24670692033344,1.04208553385394,0.525657698099271,0.525522053751849,0.223211936444947,0.223213203533144,0.000135644347422081,1.26708819688542e-06,15,2,0.0129525746117406,0.0252944414346228,1.2,0.075
212,13,0.866666666666667,3,mean,0.000247782237799101,0.000351997088443713,4.04870383765047e-05,1.02217970700463e-05,2.23591131392804e-07,3.07579795276485e-17,1.47637298003545,1.66598573515396,1.28398154586895,0.259447564694493,0.259386035748982,0.272627447831763,0.272624661089316,6.15289455105916e-05,-2.78674244746091e-06,15,2,0.0163366768005715,0.0241034833842662,1.2,0.075
213,13,0.866666666666667,3,mean,0.000338738829004042,0.000286043811708161,0.000220983572914727,3.25676431586971e-05,2.86997818309249e-06,1.53789897638242e-17,0.476320577957641,0.826912917099514,0.426625505501296,0.877901008849271,0.877740422774819,0.100411852506158,0.100413944988426,0.000160586074451674,2.09248226756886e-06,15,2,0.0168868826655975,0.029734588368374,1.2,0.075
214,13,0.866666666666667,3,mean,0.000383802975115901,0.0004631680222373,0.000562808066126742,0.000125581106030179,3.42449272096163e-06,9.22739385829454e-17,0.346659545497264,0.803479253957021,0.794890021679929,0.681762959680289,0.681858852535019,0.165529707108047,0.165550320673729,-9.58928547302174e-05,2.06135656824399e-05,15,2,0.0129028918202395,0.0263959322290974,1.2,0.075
215,13,0.866666666666667,3,mean,1.12756643644353e-06,6.07828434293469e-06,2.85955607750294e-06,6.52983180348448e-07,2.13585562156851e-08,4.61369692914727e-17,0.367424195065163,0.814270152513286,0.80341975390437,0.671851603400335,0.671852119112302,0.265000055317202,0.264999968739149,-5.15711966808663e-07,-8.65780535619365e-08,15,2,0.019863870555703,0.025918374462842,1.2,0.075
216,13,0.866666666666667,3,mean,0.0108916922292109,0.00577037867776963,0.00162060367795411,0.000157294759520953,6.62464070241464e-06,9.22739385829454e-17,0.211617113561822,0.401031724402952,1.59052996212489,0.156581993778038,0.155136748807441,0.216106548354719,0.216140540782274,0.00144524497059677,3.39924275543588e-05,15,2,0.0422223227478589,0.0284001259125247,1.2,0.075
217,13,0.866666666666667,3,mean,0.000606399426592945,0.000121394926145629,0.000597871490198633,6.85694234340842e-06,5.62620688031926e-07,6.15159590552969e-17,0.874535260235471,0.527753801533417,1.86712357237223,0.558761089332419,0.558865184348659,0.318922478952306,0.318920292119256,-0.000104095016240469,-2.18683305019285e-06,15,2,0.0156927278561518,0.0234043163430231,1.2,0.075
218,13,0.866666666666667,3,mean,0.001355737608221,0.00061660584435302,0.000384523843992029,1.71814015936031e-06,1.22990178287779e-07,6.15159590552969e-17,1.28110811947624,1.57638972744862,1.52158513777984,0.146218936441215,0.146210631925356,0.292320984446793,0.292320523301751,8.30451585860648e-06,-4.61145041406596e-07,15,2,0.0180514918202,0.0233046507802044,1.2,0.075
219,13,0.866666666666667,3,mean,0.00220066426607106,0.00554427220103326,0.00150471185353991,0.00010748028486648,1.79516574115263e-06,1.0765292834677e-16,0.21446506351801,0.637740902045547,1.37211401944236,0.461157313678703,0.462172166099953,0.372060742316786,0.372020753122214,-0.00101485242125005,-3.99891945718422e-05,15,2,0.0578899564854133,0.0262578897723387,1.2,0.075
220,13,0.866666666666667,3,mean,0.000208322966749636,0.000795825495608116,0.000261023107148437,1.37293364219415e-05,1.22030839030879e-06,7.68949488191212e-17,0.232551122438498,0.222372457887762,1.45069986907465,0.586445663686348,0.586483773929548,0.295769837435661,0.295773876178225,-3.81102431995073e-05,4.03874256413805e-06,15,2,0.0133543623612877,0.0265400674920544,1.2,0.075
221,13,0.866666666666667,3,mean,0.000357475414692134,0.000307703293972421,0.000357698894568216,2.45580664801433e-05,1.10532200558603e-06,6.15159590552969e-17,0.773091092896684,1.23455322610255,0.688999205951284,0.738015782065594,0.738258760657971,0.283026254787943,0.283019304210362,-0.000242978592376519,-6.95057758070827e-06,15,2,0.0176012659912832,0.0248503249221603,1.2,0.075
222,13,0.866666666666667,3,mean,0.00017342916678721,0.00032300539299476,0.000276111224229506,0.000155236811705924,6.06246016119288e-06,7.68949488191212e-17,0.480581190969752,0.814593637823012,0.893915019789365,0.801946616316538,0.801871915664838,0.127610715870478,0.127590905989807,7.47006516995996e-05,-1.98098806712435e-05,15,2,0.0128801260360553,0.0271742342329651,1.2,0.075
223,13,0.866666666666667,3,mean,0.00141483639110788,0.000357839857776988,0.000325129695680606,0.000199327827271122,1.34889051498395e-05,9.22739385829454e-17,0.829043019851979,0.68401153926488,1.29820389812629,0.632060586432679,0.632947704095828,0.201791595977773,0.201831818658161,-0.000887117663149273,4.02226803878217e-05,15,2,0.0716543195621434,0.0377545232588261,1.2,0.075
224,13,0.866666666666667,3,mean,2.52918136187327e-05,5.2449471894627e-05,2.38681554874862e-05,1.13857823722465e-05,1.76353008992152e-07,1.53789897638242e-17,0.0187263637077468,0.393904808983522,0.59603916874835,0.760689061416779,0.760675629877506,0.244656261056251,0.244659046659195,1.34315392734452e-05,2.78560294439401e-06,15,2,0.0100723359813889,0.0220028059322128,1.2,0.075
225,13,0.866666666666667,3,mean,0.000251637167302375,0.000198818418000328,0.00032254782443352,5.92821729620171e-06,9.31825729584279e-07,7.68949488191212e-17,0.254110249507982,0.659866493320892,0.635426594706006,0.725609222550927,0.725618431185482,0.172023192714899,0.172023016273895,-9.2086345543918e-06,-1.76441004304528e-07,15,2,0.0124380436791415,0.0259387770349591,1.2,0.075
226,13,0.866666666666667,3,mean,5.71410739567675e-05,0.000790295922802737,6.23705512457747e-05,0.000290321484931886,1.05573370398681e-06,6.15159590552969e-17,0.137378841775847,0.531582840328369,0.474762874536768,0.837273536419524,0.837321261788136,0.168594883550908,0.168545936833963,-4.77253686118173e-05,-4.8946716944418e-05,15,2,0.0138058749780055,0.0266200925035414,1.2,0.075
227,13,0.866666666666667,3,mean,0.00583655249246107,0.0118933685117176,0.0019914207380232,0.000131375956395121,6.65789625756836e-06,4.61369692914727e-17,0.129815670569875,0.218321284657218,2.06281021585347,0.308218127530065,0.306419373282596,0.240225951759146,0.240194391844983,0.00179875424746829,-3.15599141632861e-05,15,2,0.0451634189531609,0.0250179991617347,1.2,0.075
228,13,0.866666666666667,3,mean,0.000308809774710244,0.00327430062458405,0.000319263645913624,0.000116039810861016,1.92786635832396e-06,7.68949488191212e-17,0.0470189488206994,0.157376806439039,0.735863356832097,0.742183906208832,0.742394266552288,0.161290663230163,0.161284514333258,-0.000210360343456595,-6.14889690499637e-06,15,2,0.019694292219833,0.0317480132221055,1.2,0.075
229,13,0.866666666666667,3,mean,0.00283805811921191,0.00506357142128016,0.000274566664247015,0.000153557165369085,2.2869537107706e-06,7.68949488191212e-17,0.676013898664566,0.373928190739774,1.64419740356124,0.0990911771698831,0.0993298115800938,0.227882831395344,0.227917824436969,-0.000238634410210722,3.49930416253502e-05,15,2,0.0232607387965272,0.0246124061193527,1.2,0.075
230,13,0.866666666666667,3,mean,0.00323669811245524,0.000979680689386528,0.00522278488425971,8.09712834499603e-05,9.06310075150055e-06,3.07579795276485e-17,0.232943542913032,0.644741737611787,1.0321712525332,0.498399411226855,0.497137352675361,0.106980165891947,0.106988571365056,0.0012620585514934,8.40547310982806e-06,15,2,0.0182613875376886,0.0286870548912947,1.2,0.075
201,13,0.866666666666667,3,none,0.00261455330158593,0.00169009146925956,0.00221393593957519,0.000400439155297223,2.11311241939686e-05,0.866666666666667,0.267750804775938,0.708273885706525,0.822654550066205,0.620693149044389,0.619070313722283,0.258778912046596,0.258675286837648,0.00162283532210578,-0.000103625208948673,2,2,NaN,NaN,1.2,0.075
202,13,0.866666666666667,3,none,0.0494803826686599,0.091969159007447,0.00362212259340856,0.00104662703300881,4.23209446736396e-05,0.866666666666667,0.926940424443162,1.00209512697302,1.38483941114582,0.17626288281515,0.184984437707125,0.249674859863663,0.249936176321459,-0.00872155489197479,0.000261316457795997,2,2,NaN,NaN,1.2,0.075
203,13,0.866666666666667,3,none,0.00776488645842136,0.0257530907720748,0.010557135784487,0.00100085926257866,6.40945001052912e-05,0.866666666666667,1.09366368830246,1.671979822229,0.568011523584033,0.694313455999715,0.699704721152107,0.261111678473756,0.261373014515724,-0.00539126515239192,0.000261336041967919,2,2,NaN,NaN,1.2,0.075
204,13,0.866666666666667,3,none,0.0177862318473597,0.0159551275832295,0.0113266131182516,0.0012060160759119,6.59190445320957e-05,0.866666666666667,0.278469726497525,0.226508260888499,0.851859044492303,0.533801005851824,0.543295314302258,0.240096863138432,0.240386423815153,-0.00949430845043433,0.000289560676720967,2,2,NaN,NaN,1.2,0.075
205,13,0.866666666666667,3,none,0.0189317059152937,0.0331273536918037,0.00359505587181804,0.000407814287268955,3.51596030454271e-05,0.866666666666667,1.79123692037365,2.1175066172653,1.42893543788219,0.136995243919555,0.134803103394857,0.296450525700453,0.296329628940604,0.00219214052469807,-0.000120896759849037,2,2,NaN,NaN,1.2,0.075
206,13,0.866666666666667,3,none,0.00978871473665145,0.0128672302119318,0.00606136558546581,0.000814098562263096,3.21313461321037e-05,0.866666666666667,0.0478798484885723,0.44663252226464,0.692212720848383,0.72361969022792,0.716536383502455,0.302162977540476,0.302408967986061,0.0070833067254652,0.000245990445584838,2,2,NaN,NaN,1.2,0.075
207,13,0.866666666666667,3,none,0.003059659190188,0.00282318731337388,0.00219877411455531,0.000623021976294025,1.06815669516421e-05,0.866666666666667,0.181505358867437,0.564037855048123,0.928556521851776,0.623359293638833,0.623389018251077,0.298332136200445,0.298146268723357,-2.97246122438422e-05,-0.00018586747708762,2,2,NaN,NaN,1.2,0.075
208,13,0.866666666666667,3,none,0.00653399722453423,0.0152339560364154,0.00370578874710674,0.0024325754022384,0.000206412287692052,0.866666666666667,0.13480923929921,0.366233455363535,0.799732727805065,0.644415252193399,0.64020464472412,0.190835332843205,0.191299554179758,0.00421060746927919,0.000464221336552358,2,2,NaN,NaN,1.2,0.075
209,13,0.866666666666667,3,none,0.00870369736131064,0.0581065745801438,0.00707530638604069,0.00075691766883476,1.78281585764254e-05,0.866666666666667,0.22473348932899,0.659682677062027,1.48689018926334,0.45309531219948,0.457038916672693,0.315831528002895,0.315600531013828,-0.00394360447321284,-0.000230996989067144,2,2,NaN,NaN,1.2,0.075
210,13,0.866666666666667,3,none,0.00314900953756575,0.00432972144686083,0.00471637352852744,0.00124222280901284,0.000301881654402342,0.866666666666667,0.133893321644547,0.46113765435766,0.480474528737473,0.917012090141554,0.919899769959473,0.128586127536565,0.128745860157114,-0.00288767981791885,0.000159732620548555,2,2,NaN,NaN,1.2,0.075
211,13,0.866666666666667,3,none,0.00494251798893517,0.0300998740108967,0.00790462952425165,0.00119578950129672,2.02835727095957e-05,0.866666666666667,0.0651546016785225,0.230847837445162,1.04685398682462,0.525657698099271,0.523059625470393,0.223211936444947,0.223478850935112,0.0025980726288779,0.000266914490164979,2,2,NaN,NaN,1.2,0.075
212,13,0.866666666666667,3,none,0.0135481302597169,0.0451480473134368,0.00264543784417613,0.00141739268331974,5.76901848889055e-05,0.866666666666667,1.47325954199126,1.64372849106736,1.29344974625658,0.259447564694493,0.255941403085428,0.272627447831763,0.273013867981592,0.00350616160906488,0.000386420149828877,2,2,NaN,NaN,1.2,0.075
213,13,0.866666666666667,3,none,0.000805745607232181,0.00179815595747762,0.00156751722279058,0.00177625679516854,0.000116845813877746,0.866666666666667,0.464972498418332,0.817082769214528,0.425371777950728,0.877901008849271,0.877501521664827,0.100411852506158,0.100590209741488,0.000399487184443614,0.000178357235329525,2,2,NaN,NaN,1.2,0.075
214,13,0.866666666666667,3,none,0.00605244359258319,0.00620994314449289,0.0023848428494057,0.00159939452464805,0.000190275846904846,0.866666666666667,0.305890915107209,0.793993006358028,0.793274204389431,0.681762959680289,0.685859696896585,0.165529707108047,0.165794454415262,-0.00409673721629588,0.000264747307215206,2,2,NaN,NaN,1.2,0.075
215,13,0.866666666666667,3,none,0.00202187406802171,0.00347315254516621,0.00219824963822939,0.000827270783458914,9.14226599343515e-06,0.866666666666667,0.356968189187985,0.810809589605529,0.793720631827055,0.671851603400335,0.673078626932583,0.265000055317202,0.264780828513823,-0.00122702353224771,-0.000219226803378917,2,2,NaN,NaN,1.2,0.075
216,13,0.866666666666667,3,none,0.0212587448538801,0.0253099536348962,0.013641977901511,0.00205734558703649,0.000130869206333886,0.866666666666667,0.145797394243602,0.351991987229892,1.58445857632491,0.156581993778038,0.153347191663852,0.216106548354719,0.216551154208307,0.0032348021141862,0.00044460585358727,2,2,NaN,NaN,1.2,0.075
217,13,0.866666666666667,3,none,0.00574703038198424,0.0229093093662279,0.00192560164174525,4.32887139346169e-05,1.40592521854146e-05,0.866666666666667,0.871422428434396,0.524289342997382,1.86309068670418,0.558761089332419,0.561860487513991,0.318922478952306,0.318914786627786,-0.00309939818157254,-7.69232452047686e-06,2,2,NaN,NaN,1.2,0.075
218,13,0.866666666666667,3,none,0.0440482989177283,0.0747926236370729,0.00675741438760185,0.000431824674849025,1.67085370055334e-05,0.866666666666667,1.09336043116251,1.31327854294264,1.5365905321663,0.146218936441215,0.140513937823889,0.292320984446793,0.292447215860853,0.00570499861732581,0.000126231414060283,2,2,NaN,NaN,1.2,0.075
219,13,0.866666666666667,3,none,0.00308954250949569,0.0106708692735231,0.00526852041481971,0.000747403345200758,2.8357713041422e-05,0.866666666666667,0.203462421269574,0.63738477846954,1.36611113201376,0.461157313678703,0.462582078802878,0.372060742316786,0.37178266287336,-0.00142476512417519,-0.000278079443425443,2,2,NaN,NaN,1.2,0.075
220,13,0.866666666666667,3,none,0.00181513820872995,0.00978680811326339,0.0040109112703793,0.000136717848440867,8.23395125060019e-06,0.866666666666667,0.207059532476245,0.245603552951083,1.43302790247525,0.586445663686348,0.586480815090898,0.295769837435661,0.295736703501975,-3.51514045493828e-05,-3.31339336859532e-05,2,2,NaN,NaN,1.2,0.075
221,13,0.866666666666667,3,none,0.00371122192881951,0.00335105707546859,0.00364442905925145,0.000313555000520606,2.46003670194262e-05,0.866666666666667,0.73598777589083,1.15257911873583,0.683385529461347,0.738015782065594,0.740754722419811,0.283026254787943,0.283037274564012,-0.00273894035421671,1.10197760693181e-05,2,2,NaN,NaN,1.2,0.075
222,13,0.866666666666667,3,none,0.00230653499085989,0.00900117983358684,0.00492302764383288,0.00418495079999078,0.000350868049287116,0.866666666666667,0.464373216307289,0.809562123593442,0.863462277069174,0.801946616316538,0.803796334247873,0.127610715870478,0.128144760437948,-0.00184971793133578,0.000534044567469553,2,2,NaN,NaN,1.2,0.075
223,13,0.866666666666667,3,none,0.00410228925766756,0.00646639168339209,0.00243381568008359,0.000510221842788911,0.000103177566517491,0.866666666666667,0.771118656444281,0.672638997106891,1.25026095329202,0.632060586432679,0.634653481786597,0.201791595977773,0.201894554457732,-0.00259289535391783,0.000102958479959095,2,2,NaN,NaN,1.2,0.075
224,13,0.866666666666667,3,none,0.00213156820580215,0.00417657513766148,0.0015371880185395,0.00108206614828175,3.86763674964888e-05,0.866666666666667,0.0115164615695609,0.349528853050022,0.603068268222931,0.760689061416779,0.759520584371495,0.244656261056251,0.244391526798197,0.00116847704528474,-0.000264734258054152,2,2,NaN,NaN,1.2,0.075
225,13,0.866666666666667,3,none,0.00100129343008003,0.00687980176322006,0.0027210853412144,0.000542155143564771,3.58269118670953e-05,0.866666666666667,0.242279065049507,0.642363901809257,0.634157542678098,0.725609222550927,0.725996980484152,0.172023192714899,0.172116455973642,-0.000387757933224531,9.32632587428164e-05,2,2,NaN,NaN,1.2,0.075
226,13,0.866666666666667,3,none,0.00286839853395951,0.0102811866753538,0.00416696625408039,0.000408246488995191,7.19324124106136e-05,0.866666666666667,0.126612011796013,0.483727562004052,0.476431742624731,0.837273536419524,0.839675170603913,0.168594883550908,0.168645213614757,-0.00240163418438886,5.0330063849264e-05,2,2,NaN,NaN,1.2,0.075
227,13,0.866666666666667,3,none,0.00175151421177967,0.0231900481869619,0.00670345194459979,0.00135739734897106,3.34011223918293e-05,0.866666666666667,0.167115287854315,0.153210667513493,2.06794769536933,0.308218127530065,0.307861377980211,0.240225951759146,0.240552033829218,0.000356749549853747,0.000326082070071914,2,2,NaN,NaN,1.2,0.075
228,13,0.866666666666667,3,none,0.00434064679248768,0.0111612614713798,0.00734158267511972,0.00254086750859932,0.000305588990238027,0.866666666666667,0.017560089101716,0.138770368351061,0.724351103157478,0.742183906208832,0.745405464400753,0.161290663230163,0.161685629343397,-0.00322155819192135,0.000394966113234627,2,2,NaN,NaN,1.2,0.075
229,13,0.866666666666667,3,none,0.0578552545456385,0.241309239392367,0.0134083347860339,0.0040960647072291,4.70343916165718e-05,0.866666666666667,0.676653018892497,0.368963375773923,1.65011299568857,0.0990911771698831,0.0933582318914926,0.227882831395344,0.228816254218406,0.00573294527839055,0.000933422823061908,2,2,NaN,NaN,1.2,0.075
230,13,0.866666666666667,3,none,0.0063294672799996,0.0180522522324488,0.00856902183358159,0.00213140781786331,0.000312694394242027,0.866666666666667,0.232712773632941,0.6451687619456,1.02911793038137,0.498399411226855,0.501377928953364,0.106980165891947,0.107187299906633,-0.00297851772650967,0.000207134014685914,2,2,NaN,NaN,1.2,0.075
201,13,0.866666666666667,6,hold,0.00144828312455726,0.00123961271724208,0.00200713688584375,3.4995086740304e-05,4.16545566566395e-06,6.15159590552969e-17,0.293071478468323,0.735897616552606,0.818633816266882,0.619669905738535,0.620452262559276,0.257980404438362,0.257989172064469,-0.000782356820741148,8.76762610787951e-06,15,2,0.02751981749532,0.0489342812992533,1.2,0.15
202,13,0.866666666666667,6,hold,0.0102035374323069,0.0365408862341893,0.00176737618297828,0.0004589568885662,2.60927331822344e-05,7.68949488191212e-17,0.992410445743554,1.0963641516072,1.41528554027886,0.170303632416306,0.17041382659786,0.250357809507245,0.250472712948525,-0.000110194181553071,0.000114903441279695,15,2,0.0782852846388095,0.0714402133608214,1.2,0.15
203,13,0.866666666666667,6,hold,0.000974548151344573,0.00126001845895727,0.00113228273959017,6.31892076183997e-05,3.93523644567791e-06,6.15159590552969e-17,1.18147676870985,1.97168636675817,0.571603227359849,0.694831361493501,0.694333163779522,0.26282292600725,0.262839533579689,0.000498197713979215,1.66075724383474e-05,15,2,0.0225069665544456,0.0425324666313447,1.2,0.15
204,13,0.866666666666667,6,hold,0.00381024659642633,0.00273662628558401,0.00156294111725824,6.76288379275859e-05,1.49427768139106e-05,7.68949488191212e-17,0.252528840670115,0.239892298294008,0.870928749272948,0.529232922627113,0.527299814453335,0.24116603027141,0.241154796176702,0.00193310817377847,-1.12340947078965e-05,15,2,0.0358837257210638,0.0724820525592031,1.2,0.15
205,13,0.866666666666667,6,hold,0.00667818863434022,0.00695331996275606,0.0063208626030433,0.000325135231319657,2.93458714618469e-05,5.38264641733848e-17,1.84004143335192,2.19498065020399,1.41998904963754,0.138313992330884,0.138565461104257,0.296187404006534,0.29628370496665,-0.000251468773372766,9.63009601156334e-05,15,2,0.032185285760539,0.065925310380698,1.2,0.15
206,13,0.866666666666667,6,hold,0.000103261075652823,1.15088397351642e-05,8.12504586150765e-05,2.0673937886454e-06,3.31128603208942e-07,3.07579795276485e-17,0.0859647826813744,0.535750127301181,0.671201756113373,0.730816175518362,0.730768320280585,0.303090070568099,0.303090697174629,4.78552377770725e-05,6.26606529292584e-07,15,2,0.0280852096766612,0.0313902247083644,1.2,0.15
207,13,0.866666666666667,6,hold,0.000988492980647217,0.00336503515526153,0.00170262526615947,0.000154997488555001,7.68708153662884e-06,1.53789897638242e-17,0.228788976319041,0.666629657601619,0.927370954417161,0.623915090092474,0.623920746483399,0.298159732371074,0.298113518361368,-5.65639092527936e-06,-4.62140097057479e-05,15,2,0.0542013987730783,0.0393066475789201,1.2,0.15
208,13,0.866666666666667,6,hold,0.000718867331743922,0.000607319086534288,0.000555579766942663,0.000219408288567935,2.1509955489257e-05,2.30684846457363e-17,0.115862697574614,0.380362391664054,0.810854940741303,0.647484045491922,0.647218402510605,0.189699177986297,0.189740799558282,0.000265642981316966,4.16215719847177e-05,15,2,0.0316191992889611,0.0677984866460637,1.2,0.15
209,13,0.866666666666667,6,hold,0.000211484909602055,6.34892114996827e-05,0.000155833381373814,2.49495154100093e-06,3.58407798153907e-07,7.68949488191212e-18,0.244373440468489,0.687667269240908,1.49669032392901,0.451989620055829,0.451895201608872,0.317639695355088,0.31763890285944,9.44184469568815e-05,-7.92495647409241e-07,15,2,0.0280175311755314,0.0363400311385105,1.2,0.15
210,13,0.866666666666667,6,hold,0.00545017173404122,0.00493571872776171,0.00885764911906945,0.00365267675279563,0.000276407908554119,6.15159590552969e-17,0.0905772129080353,0.515526060650662,0.555198817932185,0.916126108150963,0.911133063531501,0.128705980652668,0.129176101996143,0.00499304461946157,0.000470121343475762,15,2,0.152205415972022,0.22728776008207,1.2,0.15
211,13,0.866666666666667,6,hold,0.0035954485297749,0.0155326021331777,0.0030436891505507,0.000321908271639217,1.11751327520094e-05,6.15159590552969e-17,0.0339839219373231,0.309959124333753,1.04397984174687,0.525886913924451,0.524220786882282,0.223240579886201,0.223177174509639,0.00166612704216865,-6.34053765622972e-05,15,2,0.0352680565231442,0.0868963041483006,1.2,0.15
212,13,0.866666666666667,6,hold,0.00150122641449543,0.00265002487456929,0.000554054798251033,2.22337009192095e-05,2.27209219125433e-06,6.15159590552969e-17,1.52346848448495,1.68003367380412,1.27185326898863,0.261334931329236,0.261235321713354,0.273468331842722,0.273462533343817,9.96096158818516e-05,-5.79849890467776e-06,15,2,0.027745521118029,0.0369330278846292,1.2,0.15
213,13,0.866666666666667,6,hold,0.00102498008246622,0.00113209188958616,0.000997951861592248,0.000336250478383627,2.39313217708647e-06,0,0.502769758039833,0.901104095248339,0.437689137105397,0.87541225150597,0.874576129653211,0.099987220540524,0.100020841291263,0.000836121852759064,3.36207507390004e-05,15,2,0.0567907591315804,0.105141946154107,1.2,0.15
214,13,0.866666666666667,6,hold,0.000657146545301469,0.000285534910540096,0.00127122520737673,0.000116182600890676,3.09743472678872e-05,7.68949488191212e-17,0.408398810896335,0.867980035012744,0.805464763411632,0.677496965498298,0.677162784995705,0.164646329192749,0.164665458231502,0.00033418050259339,1.9129038752716e-05,15,2,0.0368848952490326,0.0730794295318904,1.2,0.15
215,13,0.866666666666667,6,hold,1.4540056198684e-05,1.08113777420677e-05,6.07873137970675e-06,5.58051610605475e-06,2.51052229538019e-07,3.07579795276485e-17,0.419145761718869,0.880691577651035,0.803781096459528,0.671400880245596,0.671405056768788,0.264174674618106,0.264176148849132,-4.17652319220085e-06,1.47423102651811e-06,15,2,0.0222976903352448,0.0386336572303456,1.2,0.15
216,13,0.866666666666667,6,hold,0.0179213720417161,0.0199579672996864,0.0059691052033397,0.000520114604110433,1.46036815884804e-05,6.15159590552969e-17,0.194735140868632,0.475341921725036,1.5872248174551,0.163759311983133,0.1611357132828,0.218317963952119,0.21843151431351,0.00262359870033255,0.000113550361391152,15,2,0.052951985555231,0.117043456554606,1.2,0.15
217,13,0.866666666666667,6,hold,0.000378473460885463,0.000284348161416593,0.000277739515956986,1.94064664342033e-05,1.03586715078157e-06,3.07579795276485e-17,0.845016129237297,0.46612144500814,1.87353810885576,0.553435616137662,0.553359882740589,0.318752576091467,0.318758759339902,7.57333970735019e-05,6.18324843516316e-06,15,2,0.031913379014737,0.0385299432215007,1.2,0.15
218,13,0.866666666666667,6,hold,0.00492708112838227,0.0577104719259437,0.00285616257442149,3.31920287584963e-05,2.12448947634231e-06,6.15159590552969e-17,1.37830060560156,1.55116424887221,1.51192941366102,0.150586228929638,0.150760951094914,0.292442391755793,0.292445557115626,-0.000174722165276854,3.16535983235389e-06,15,2,0.0478655405338755,0.0646157749051919,1.2,0.15
219,13,0.866666666666667,6,hold,0.00178856878709517,0.00259114795935956,0.00206617096035719,0.000105743010752882,6.2184389392092e-06,7.68949488191212e-17,0.262814730836801,0.727350392842381,1.37595700857766,0.462880280277805,0.463708173499271,0.371949336250492,0.37191000520783,-0.000827893221466747,-3.93310426626631e-05,15,2,0.0589356369419662,0.0368538355322858,1.2,0.15
220,13,0.866666666666667,6,hold,0.000986127416576722,0.00103459835958306,0.000800798095754569,2.15955605321656e-05,3.99603820891626e-06,7.68949488191212e-17,0.205134139309673,0.26435822445738,1.4587712376557,0.58816062790616,0.58794984335303,0.297059261601367,0.297053479881176,0.000210784553129473,-5.78172019111811e-06,15,2,0.0316749405124569,0.054430967939342,1.2,0.15
221,13,0.866666666666667,6,hold,0.000952307480902993,0.0018424728865019,0.00102694030293248,0.000273944269884823,1.19451059317536e-05,5.38264641733848e-17,0.817951833009905,1.30951624885891,0.692396337728022,0.736878508068452,0.736968331201685,0.283071680542917,0.283149226407768,-8.98231332324306e-05,7.75458648513994e-05,15,2,0.0291556261785308,0.051207619533685,1.2,0.15
222,13,0.866666666666667,6,hold,0.00032868569866678,0.000443278912640714,0.000364361298703339,0.000442991798219558,2.34047503156603e-05,5.38264641733848e-17,0.518081190969751,0.863486703861038,0.898503357710939,0.800436693177499,0.800288756542714,0.127400052690752,0.127456489869187,0.000147936634784585,5.64371784347425e-05,15,2,0.0309523848065607,0.0589662852306683,1.2,0.15
223,13,0.866666666666667,6,hold,0.00101864394503769,0.00257043272369917,0.000584100298022759,0.00045959373754504,1.2560400461671e-05,1.53789897638242e-17,0.851477387862534,0.641675954308944,1.34976503979802,0.631765820639109,0.631478026239628,0.199721106557011,0.19981289712684,0.000287794399480668,9.17905698291679e-05,15,2,0.0699974828740252,0.0942754050937474,1.2,0.15
224,13,0.866666666666667,6,hold,0.000643559990601769,0.000560460822988204,0.000370925702271572,0.000171014694236054,1.70607147729826e-05,2.30684846457363e-17,0.0481399796834268,0.46310636186228,0.593681627714983,0.762273019763617,0.761787468533492,0.244169401482415,0.244211158037951,0.000485551230125136,4.17565555363156e-05,15,2,0.0177421585772906,0.0388761464048666,1.2,0.15
225,13,0.866666666666667,6,hold,0.00135547169788365,0.00311085498571432,0.00216052962651947,0.000402213089304177,2.39781469237675e-05,6.9205453937209e-17,0.291623712617664,0.729205104238664,0.636437476781256,0.724412102927382,0.72498842766686,0.172054655203123,0.172123857837522,-0.00057632473947673,6.92026343984131e-05,15,2,0.0363172609989537,0.0714351794505612,1.2,0.15
226,13,0.866666666666667,6,hold,0.000692193381914692,0.000899165381681165,0.000493875188120149,0.00018442640542944,2.25425164133839e-05,9.99634334648575e-17,0.174877273611401,0.585743719720687,0.471359237425196,0.838028104896721,0.838194159087527,0.168515930875735,0.168547009663124,-0.000166054190806364,3.10787873890078e-05,15,2,0.0473032634407889,0.0966038872019754,1.2,0.15
227,13,0.866666666666667,6,hold,0.00228428669906742,0.00345978467426219,0.000710427294705361,0.000183549707272054,1.97011669945293e-05,9.99634334648575e-17,0.0641280411349953,0.287993812250073,2.06723862491981,0.309340399244484,0.309200041692016,0.238297491646893,0.238341231081728,0.000140357552467582,4.37394348354519e-05,15,2,0.032120236667767,0.0474691560236682,1.2,0.15
228,13,0.866666666666667,6,hold,0.00116167172825019,0.00434816902692637,0.000778700563751462,0.00194430050531434,7.88605807373737e-05,3.84474744095606e-17,0.0475670040952461,0.199542894288652,0.738813404307828,0.743211364953001,0.742892507755222,0.161813969084391,0.162128584066248,0.000318857197778799,0.000314614981857699,15,2,0.06982616568558,0.145246991587806,1.2,0.15
229,13,0.866666666666667,6,hold,0.0101375829156067,0.00807993671258998,0.00176538381488992,0.000399220943882977,4.56908894455754e-05,2.30684846457363e-17,0.64004571749165,0.345397435608783,1.64281564315977,0.103957868129617,0.104428919574016,0.227650835032501,0.227741718013739,-0.000471051444398621,9.08829812374229e-05,15,2,0.0435336995918489,0.0752876743608324,1.2,0.15
230,13,0.866666666666667,6,hold,0.00684070577962032,0.00859212827773095,0.00577248454855018,0.00174961293787771,9.47368464081683e-06,1.53789897638242e-17,0.270443542912938,0.71269365567871,1.02680078217535,0.494170623138713,0.497547259677501,0.108387537916611,0.108197989283388,-0.00337663653878797,-0.00018954863322303,15,2,0.0689250049216738,0.158316415022681,1.2,0.15
201,13,0.866666666666667,6,kalman,0.000738633414636714,0.00218459505070896,0.00201090085611832,0.000528006626242537,1.89900572299051e-05,7.68949488191212e-17,0.293071457069355,0.736061327474244,0.818358594756897,0.619669905738535,0.619316029988855,0.257980404438362,0.257844189075377,0.000353875749680005,-0.000136215362984184,15,2,0.031969855734036,0.0444365873667001,1.2,0.15
202,13,0.866666666666667,6,kalman,0.00801405993786641,0.021271234524201,0.000386866610844267,0.000254639162987511,1.30836632934146e-05,6.9205453937209e-17,0.992410446883099,1.09574749601149,1.4140571332837,0.170303632416306,0.171546641896438,0.250357809507245,0.250421560410305,-0.00124300948013142,6.37509030603114e-05,15,2,0.0731077178422794,0.04564567988335,1.2,0.15
203,13,0.866666666666667,6,kalman,0.000579177202615171,0.000695500844105391,0.000467646237241378,1.69626763749843e-05,7.19185716535521e-06,5.38264641733848e-17,1.18137180518872,1.97172781282001,0.568400930152257,0.694831361493501,0.695177631252438,0.26282292600725,0.262818467827012,-0.000346269758937351,-4.45818023778744e-06,15,2,0.0179319221802759,0.0370711804590647,1.2,0.15
204,13,0.866666666666667,6,kalman,0.00134770346001299,0.00155072209258968,0.00138083422850909,6.48179469674591e-05,4.85739909927822e-06,9.22739385829454e-17,0.252506133569405,0.239594031994731,0.869493024770885,0.529232922627113,0.528611551750181,0.24116603027141,0.241150398384449,0.00062137087693156,-1.56318869604849e-05,15,2,0.0215677749554573,0.0429532184906205,1.2,0.15
205,13,0.866666666666667,6,kalman,0.00971731650563325,0.00552361781161975,0.00255089187831827,8.5667620201335e-05,8.40424630387347e-06,6.15159590552969e-17,1.84004143335326,2.19508376353401,1.42067791521027,0.138313992330884,0.139438612843184,0.296187404006534,0.296162419528777,-0.00112462051230024,-2.49844777570635e-05,15,2,0.0348935488055698,0.0390791394702048,1.2,0.15
206,13,0.866666666666667,6,kalman,0.000362051536304743,0.000426037515350852,0.000209761191679615,5.82170831501296e-05,2.65480883068863e-06,3.07579795276485e-17,0.0859647827816736,0.535747036104051,0.670999436893476,0.730816175518362,0.73095773347719,0.303090070568099,0.303072425548259,-0.000141557958828403,-1.76450198402417e-05,15,2,0.02492335844679,0.0325775592120623,1.2,0.15
207,13,0.866666666666667,6,kalman,0.00231212609533148,0.00296738346356408,0.00127985199214104,0.000352797934446545,2.0190563541471e-05,1.53789897638242e-17,0.228798967450606,0.666636214067769,0.925924951682223,0.623915090092474,0.624962788394494,0.298159732371074,0.298054542233358,-0.00104769830202029,-0.000105190137715649,15,2,0.0526761769362239,0.0432894560311978,1.2,0.15
208,13,0.866666666666667,6,kalman,0.000449687563348584,0.000107549278914934,0.000264961649585014,1.48393055354703e-05,8.63841938463433e-06,3.07579795276485e-17,0.116126925517092,0.380186008747456,0.810277975685761,0.647484045491922,0.647747796935333,0.189699177986297,0.189701992990359,-0.000263751443411542,2.81500406196622e-06,15,2,0.0214905651832448,0.043602501133357,1.2,0.15
209,13,0.866666666666667,6,kalman,0.000684487410533949,0.000564194625288037,0.000452631181715185,7.21804754857387e-05,1.62457571947176e-06,3.07579795276485e-17,0.244375687883956,0.687666874111618,1.49618959322683,0.451989620055829,0.451882893876673,0.317639695355088,0.317616767970844,0.000106726179155728,-2.29273842438754e-05,15,2,0.0289857408076126,0.040561214153951,1.2,0.15
210,13,0.866666666666667,6,kalman,0.00614233965253271,0.00693110512846859,0.00793826130916812,0.0049640691486995,0.000288214838798453,6.9205453937209e-17,0.0939802191629262,0.531217070851933,0.562261729456779,0.916126108150963,0.910498950430146,0.128705980652668,0.129344886040479,0.00562715772081613,0.000638905387811022,15,2,0.155203128484845,0.213760910228184,1.2,0.15
211,13,0.866666666666667,6,kalman,0.00229261036638357,0.00251453924710943,0.00217109292017447,4.18825938593983e-05,2.22945183609933e-06,9.22739385829454e-17,0.0371172083477142,0.30719701552722,1.04347062758319,0.525886913924451,0.524702254888069,0.223240579886201,0.223231229991661,0.00118465903638167,-9.34989454031032e-06,15,2,0.0232545847717894,0.0434032371231181,1.2,0.15
212,13,0.866666666666667,6,kalman,0.0010618408961984,0.00336926204584295,0.000298133777514375,3.31070154931242e-05,1.62204175221334e-06,9.22739385829454e-17,1.5267752590239,1.68053790586815,1.27068394418961,0.261334931329236,0.261381368211665,0.273468331842722,0.273465976785214,-4.64368824286077e-05,-2.35505750731835e-06,15,2,0.0258660243489481,0.0398577519098904,1.2,0.15
213,13,0.866666666666667,6,kalman,0.000794584173866251,0.000935856949704361,0.000774333941844131,0.000111021917463754,1.04217928055967e-05,2.30684846457363e-17,0.502539740680675,0.901657595066245,0.437019093439782,0.87541225150597,0.874891275916443,0.099987220540524,0.0999977755675155,0.000520975589527134,1.05550269915304e-05,15,2,0.0397493537895015,0.0540015668553604,1.2,0.15
214,13,0.866666666666667,6,kalman,0.000580343658112204,0.000641893079891998,0.000695181072733338,7.89368228014025e-05,6.17906511613208e-06,6.9205453937209e-17,0.41319913431174,0.874053685644574,0.805116179970281,0.677496965498298,0.677436406793435,0.164646329192749,0.164655821008072,6.05587048633616e-05,9.49181532237914e-06,15,2,0.0231896275021188,0.0463969845753986,1.2,0.15
215,13,0.866666666666667,6,kalman,0.0003919545695991,0.000184013057819567,4.58603788698419e-05,0.000183207197896755,7.60070217745312e-06,2.30684846457363e-17,0.41858457031454,0.880514318579899,0.80493525450367,0.671400880245596,0.671663910857814,0.264174674618106,0.264223073319998,-0.000263030612218312,4.83987018920701e-05,15,2,0.0261423410951367,0.0416949309008485,1.2,0.15
216,13,0.866666666666667,6,kalman,0.0193642463974278,0.0125130729616733,0.00436823022092989,0.000342600256640476,3.09703096990809e-05,9.22739385829454e-17,0.20340181720976,0.475493657380312,1.58614203217834,0.163759311983133,0.160722610221906,0.218317963952119,0.218392759742598,0.00303670176122673,7.47957904792221e-05,15,2,0.0532346099223158,0.0518122363470734,1.2,0.15
217,13,0.866666666666667,6,kalman,0.00046375235088241,0.000477829919384262,0.000415326716064917,5.37262273126634e-05,1.37586834626708e-06,3.84474744095606e-17,0.843215465249575,0.466031136949684,1.87248655318491,0.553435616137662,0.553513544081059,0.318752576091467,0.318735450718107,-7.79279433966718e-05,-1.71253733595872e-05,15,2,0.0316296234597577,0.0394551154463469,1.2,0.15
218,13,0.866666666666667,6,kalman,0.00388659122419219,0.0333931458948856,0.00076024820669699,2.49220231143186e-05,1.13277686400366e-06,6.15159590552969e-17,1.3748870301376,1.55144580489847,1.51278720716641,0.150586228929638,0.150282277181103,0.292442391755793,0.292436441830415,0.000303951748534886,-5.94992537876649e-06,15,2,0.0383568303906397,0.040540798530575,1.2,0.15
219,13,0.866666666666667,6,kalman,0.00487539324561646,0.00405383433050057,0.00428261730126988,0.00017165518758192,1.38411786841615e-05,8.45844437010333e-17,0.261996356983544,0.727167722056898,1.37790021197124,0.462880280277805,0.4651370036698,0.371949336250492,0.371885489217407,-0.00225672339199546,-6.38470330850488e-05,15,2,0.0779056224458925,0.0431530723439399,1.2,0.15
220,13,0.866666666666667,6,kalman,0.00105050263893527,0.00110729539521021,0.00102612322001763,1.08539755908981e-05,3.62125159772727e-06,6.9205453937209e-17,0.204123393638775,0.264360700179673,1.45671819856643,0.58816062790616,0.588100510259522,0.297059261601367,0.297062457951373,6.01176466375863e-05,3.19635000625929e-06,15,2,0.0250579908662617,0.0440809731970209,1.2,0.15
221,13,0.866666666666667,6,kalman,0.000413833256903945,0.000843421078586882,0.000570205273961838,8.78492970401924e-05,3.10646649104632e-06,2.30684846457363e-17,0.818046701164021,1.31029996814544,0.693303434120727,0.736878508068452,0.737078081073044,0.283071680542917,0.283046812894769,-0.000199573004591286,-2.48676481476812e-05,15,2,0.0256009894945709,0.0412798403151435,1.2,0.15
222,13,0.866666666666667,6,kalman,0.000448016992713902,0.000389183006320415,0.000761165728439188,0.00043408087664337,4.89523827880396e-05,3.84474744095606e-17,0.518081190969752,0.863082379437851,0.899547295730101,0.800436693177499,0.800387991910134,0.127400052690752,0.127344750764195,4.87012673647258e-05,-5.53019265564131e-05,15,2,0.0216804823098328,0.0456360600826442,1.2,0.15
223,13,0.866666666666667,6,kalman,0.00267361185058319,0.00300334132739197,0.00191319287458476,0.000459197010761141,5.52974830751441e-05,3.84474744095606e-17,0.806832740112871,0.611036623752811,1.31346400464673,0.631765820639109,0.632432499934414,0.199721106557011,0.199812817892128,-0.00066667929530555,9.17113351168869e-05,15,2,0.11581818259128,0.0780329114814462,1.2,0.15
224,13,0.866666666666667,6,kalman,0.00090740673854748,0.000777456663308451,0.000242990682462688,8.89379594475597e-05,3.77493888056835e-06,4.61369692914727e-17,0.0481638846625864,0.463550385820768,0.592778544837635,0.762273019763617,0.761589247488813,0.244169401482415,0.244147685554088,0.000683772274803507,-2.1715928327378e-05,15,2,0.0157545161417915,0.0359075314918798,1.2,0.15
225,13,0.866666666666667,6,kalman,0.000953052237211093,0.000467609164068621,0.00127881743434338,0.00015442143110667,6.47928022645625e-06,5.38264641733848e-17,0.291589344104286,0.729345244016985,0.638264672481339,0.724412102927382,0.72399689395836,0.172054655203123,0.172081224129208,0.000415208969022324,2.6568926085031e-05,15,2,0.0207315952726145,0.0439278594973966,1.2,0.15
226,13,0.866666666666667,6,kalman,0.000414448769714107,0.00206875773688758,0.000326824882213501,0.000242573608458187,1.64498021683578e-05,6.15159590552969e-17,0.174880295431536,0.585417683403164,0.469597026395346,0.838028104896721,0.837936747386515,0.168515930875735,0.1684750533583,9.13575102059361e-05,-4.08775174352175e-05,15,2,0.0290981362130633,0.0469992168257165,1.2,0.15
227,13,0.866666666666667,6,kalman,0.00776605957383655,0.00417967680137357,0.00231246191871939,0.000569307867900541,3.20087297849048e-05,9.22739385829454e-17,0.114064655454299,0.263344091463737,2.06581370465014,0.309340399244484,0.306938134113483,0.238297491646893,0.238161827009997,0.00240226513100083,-0.00013566463689554,15,2,0.063700094268018,0.0427345375600698,1.2,0.15
228,13,0.866666666666667,6,kalman,0.00166942500517876,0.00170863805816726,0.00193383749901587,0.00074494159337309,1.36548435220511e-05,6.15159590552969e-17,0.0469139928217265,0.199514923303647,0.739429740969587,0.743211364953001,0.743336650029148,0.161813969084391,0.16193451104035,-0.000125285076147047,0.00012054195595975,15,2,0.0465602900536516,0.0571935612681074,1.2,0.15
229,13,0.866666666666667,6,kalman,0.0142298519368505,0.00756913006920915,0.00180693675458446,0.000572191361690153,2.91110159008715e-05,3.07579795276485e-17,0.638513941643814,0.334310332230231,1.64449154484517,0.103957868129617,0.102740505471014,0.227650835032501,0.227781094873788,0.0012173626586035,0.000130259841287147,15,2,0.0400085095161944,0.042054075799253,1.2,0.15
230,13,0.866666666666667,6,kalman,0.00368174266245405,0.00173155278317128,0.00536793451919653,0.000439773453179134,5.00354745658172e-05,3.84474744095606e-17,0.270443542912957,0.710372279512673,1.03435630242956,0.494170623138713,0.493197067382104,0.108387537916611,0.108435203878442,0.00097355575660876,4.76659618311724e-05,15,2,0.0392767287272016,0.0535313973112457,1.2,0.15
201,13,0.866666666666667,6,kalman-gm,0.00277653477673511,0.00127417287272636,0.00207668294363732,6.39927834301789e-05,1.33711017872047e-05,6.15159590552969e-17,0.29307147687889,0.735985257321258,0.818726227056521,0.619669905738535,0.621390440781914,0.257980404438362,0.257996913322512,-0.00172053504337921,1.6508884150454e-05,15,2,0.0312317531819277,0.0246236379499187,1.2,0.15
202,13,0.866666666666667,6,kalman-gm,0.00989460081692467,0.0280887299723677,0.000531367320329595,0.000457948024876888,2.21914608578428e-05,1.0765292834677e-16,0.992410446388311,1.095634904602,1.41387851554286,0.170303632416306,0.171691031818305,0.250357809507245,0.250472460371621,-0.0013873994019981,0.000114650864376347,15,2,0.0743679613111794,0.0316779717790716,1.2,0.15
203,13,0.866666666666667,6,kalman-gm,0.000736791353523447,0.000827148757355162,0.000861807171385707,8.17569364554531e-06,2.12966085981234e-06,3.07579795276485e-17,1.18135534856507,1.97197539641713,0.570363167985421,0.694831361493501,0.694613737219428,0.26282292600725,0.262825074766976,0.00021762427407343,2.1487597260611e-06,15,2,0.0125674549412705,0.0222945917881638,1.2,0.15
204,13,0.866666666666667,6,kalman-gm,0.00329924698549783,0.00230279863579548,0.00157090764637963,8.40432315879386e-05,1.18361278760606e-05,4.61369692914727e-17,0.252708894002121,0.239813285625687,0.870711991260772,0.529232922627113,0.527661626000643,0.24116603027141,0.24114738203407,0.00157129662647035,-1.86482373401484e-05,15,2,0.0185983235812012,0.029694711952895,1.2,0.15
205,13,0.866666666666667,6,kalman-gm,0.0102276894689961,0.00373922910174362,0.00359238358748498,0.000123608435282681,2.17895914066534e-05,6.15159590552969e-17,1.8400414333535,2.19504041782122,1.42020812533198,0.138313992330884,0.139188522685555,0.296187404006534,0.296224015268094,-0.000874530354671035,3.6611261559687e-05,15,2,0.0280174719629866,0.0292180008435343,1.2,0.15
206,13,0.866666666666667,6,kalman-gm,0.000130517336564287,7.53644292301375e-06,9.10416174820383e-05,3.12673698357132e-06,2.02462353975331e-06,5.38264641733848e-17,0.0859647828037275,0.535750230581575,0.671054042445128,0.730816175518362,0.730865141540108,0.303090070568099,0.303089122885166,-4.89660217457166e-05,-9.47682932998517e-07,15,2,0.0202641715649122,0.0191299256750619,1.2,0.15
207,13,0.866666666666667,6,kalman-gm,0.00107156346127736,0.0036362591314489,0.00136547483959009,0.000181152504210491,1.11841136954658e-05,2.30684846457363e-17,0.228793408705752,0.666630452541417,0.927081396944205,0.623915090092474,0.624142090603495,0.298159732371074,0.2981057199889,-0.000227000511021652,-5.40123821737498e-05,15,2,0.0460434463295769,0.0218489414590666,1.2,0.15
208,13,0.866666666666667,6,kalman-gm,0.000359832902857706,0.00036600793368816,0.000239071609097466,7.49477641569077e-05,7.19678365104544e-06,1.53789897638242e-17,0.116257690472276,0.380376996848636,0.810533068790005,0.647484045491922,0.647607587008394,0.189699177986297,0.18971339551555,-0.000123541516472009,1.42175292524763e-05,15,2,0.0124854311804679,0.02553482115854,1.2,0.15
209,13,0.866666666666667,6,kalman-gm,0.00302077306809498,0.00010522171115881,0.000870508891448408,2.14180113084538e-05,1.73461644855241e-05,2.30684846457363e-17,0.244374556245062,0.687663100248248,1.49473194077507,0.451989620055829,0.450624762969305,0.317639695355088,0.317646498565675,0.00136485708652368,6.80321058712907e-06,15,2,0.0242528087187885,0.0208266205678704,1.2,0.15
210,13,0.866666666666667,6,kalman-gm,0.00624224887468289,0.00826221292955701,0.00726544161077117,0.00487886807395597,0.000368453716001673,4.61369692914727e-17,0.0892350857354099,0.544410577453709,0.549767299883459,0.916126108150963,0.91040742098329,0.128705980652668,0.129333920152601,0.00571868716767296,0.000627939499933495,15,2,0.182244440081702,0.430758103024992,1.2,0.15
211,13,0.866666666666667,6,kalman-gm,0.00161787416645902,0.00634811367022133,0.00155461084127256,0.000120384153752256,1.2608241507666e-05,6.15159590552969e-17,0.035027283478176,0.30896255172373,1.04277526050955,0.525886913924451,0.525165264526725,0.223240579886201,0.223229482013445,0.000721649397726137,-1.10978727561231e-05,15,2,0.0160953098779804,0.0331963684664546,1.2,0.15
212,13,0.866666666666667,6,kalman-gm,0.000622673365230764,0.00213180042588881,0.000175146256581389,7.73674544640256e-05,1.65529110499575e-06,8.45844437010333e-17,1.52627109111735,1.67888664149553,1.27111424715139,0.261334931329236,0.261173969358446,0.273468331842722,0.273489489391433,0.000160961970790766,2.11575487111948e-05,15,2,0.0257722845224698,0.0200351121080944,1.2,0.15
213,13,0.866666666666667,6,kalman-gm,0.000913286101931644,0.00101050960642617,0.000867170019197862,0.000188953818567594,1.18597157464378e-05,0,0.502997318504857,0.900731243511174,0.437292968032664,0.87541225150597,0.874664053239139,0.099987220540524,0.100005446790466,0.000748198266831296,1.82262499424729e-05,15,2,0.034457064769729,0.0508961966530972,1.2,0.15
214,13,0.866666666666667,6,kalman-gm,0.000255673120695413,0.000526151047836097,0.000505288785232796,0.000164733741639181,1.54586510008513e-06,9.22739385829454e-17,0.412315223071916,0.874623839202108,0.805392467501528,0.677496965498298,0.677395116472245,0.164646329192749,0.164673451998604,0.000101849026052525,2.71228058550779e-05,15,2,0.0192136403843168,0.0296422777347898,1.2,0.15
215,13,0.866666666666667,6,kalman-gm,5.8490228181408e-05,2.45569020531905e-05,9.2353027194475e-06,2.21728008352666e-05,1.90944795488625e-06,0,0.41927195481563,0.880765274787221,0.803580082117247,0.671400880245596,0.671361828890155,0.264174674618106,0.26416881712566,3.90513554409999e-05,-5.85749244602862e-06,15,2,0.0189883724952953,0.0233933679129947,1.2,0.15
216,13,0.866666666666667,6,kalman-gm,0.0171897166328754,0.0108445460469186,0.00208334548337318,0.000648435655592345,4.45053834485749e-05,7.68949488191212e-17,0.197468387278908,0.474347934360446,1.58799303610707,0.163759311983133,0.160958485418229,0.218317963952119,0.218459529104202,0.00280082656490344,0.000141565152082878,15,2,0.0494858844394592,0.0490198910032595,1.2,0.15
217,13,0.866666666666667,6,kalman-gm,0.000721298530589938,0.000154197816013867,0.000656092438450459,5.36765062539896e-06,4.2017999306582e-07,3.84474744095606e-17,0.841469196656004,0.466035339373121,1.87091048250208,0.553435616137662,0.553726798462132,0.318752576091467,0.318754228092251,-0.000291182324470302,1.65200078379002e-06,15,2,0.0235666943920599,0.0187113682691038,1.2,0.15
218,13,0.866666666666667,6,kalman-gm,0.0027756819395508,0.0012843688059392,0.000616908366515548,1.26702189632146e-05,5.71884465267806e-07,9.22739385829454e-17,1.37661578804723,1.55253045213632,1.51270355929847,0.150586228929638,0.150362042149062,0.292442391755793,0.292438763401323,0.000224186780575185,-3.62835447044352e-06,15,2,0.0321196026466934,0.0246886773069135,1.2,0.15
219,13,0.866666666666667,6,kalman-gm,0.00232855761122392,0.00298455494569655,0.00232365602954194,0.000107520074541784,7.8129136565008e-06,9.99634334648575e-17,0.264047176188925,0.727060068190485,1.3772013726943,0.462880280277805,0.463958123677531,0.371949336250492,0.371909344230133,-0.00107784339972634,-3.99920203594201e-05,15,2,0.0666497260538024,0.0226107693267341,1.2,0.15
220,13,0.866666666666667,6,kalman-gm,0.00107457734962942,0.000747428583852847,0.000776640024218858,3.50220722081456e-05,7.58084203059846e-06,5.38264641733848e-17,0.203457385148692,0.264356523360081,1.45832137961305,0.58816062790616,0.588480517972971,0.297059261601367,0.297048857970457,-0.000319890066810835,-1.04036309099015e-05,15,2,0.0245925674879353,0.0247030100472274,1.2,0.15
221,13,0.866666666666667,6,kalman-gm,0.000287452647176012,0.000683359245919735,0.00032463108238604,8.43683348350022e-05,1.11166878909807e-06,2.30684846457363e-17,0.818800189072165,1.31055345742895,0.692550562169408,0.736878508068452,0.737087060653872,0.283071680542917,0.283095562829243,-0.000208552585419847,2.38822863263516e-05,15,2,0.0177507956342172,0.0219868386066393,1.2,0.15
222,13,0.866666666666667,6,kalman-gm,0.000572892546507904,0.00402482904797045,0.000913621169129802,0.000422644274181226,1.82850239385289e-05,6.15159590552969e-17,0.518081190969751,0.863048598182681,0.898561351220958,0.800436693177499,0.800484821650162,0.127400052690752,0.127346207787952,-4.81284726634112e-05,-5.38449028001328e-05,15,2,0.0174169458503475,0.0257445856585341,1.2,0.15
223,13,0.866666666666667,6,kalman-gm,0.00227827339588241,0.00123478326702799,0.00175372103221139,0.00121870358814202,5.48550875289668e-05,2.30684846457363e-17,0.793131763440167,0.597585274872656,1.30329210498396,0.631765820639109,0.633075610569018,0.199721106557011,0.1999645073862,-0.00130978992990917,0.000243400829188724,15,2,0.111088151127183,0.121681913264073,1.2,0.15
224,13,0.866666666666667,6,kalman-gm,0.000210365951183954,0.00016156128529794,0.000118167894948681,4.52532399100397e-05,8.39744215396035e-06,2.30684846457363e-17,0.0481371476576502,0.46305135966212,0.59243643111886,0.762273019763617,0.762130973182935,0.244169401482415,0.244180450938919,0.000142046580682065,1.10494565039745e-05,15,2,0.00948321986473692,0.0192979648552932,1.2,0.15
225,13,0.866666666666667,6,kalman-gm,0.00120109921217239,0.000655764949518572,0.00166997013531046,0.000100064754938177,1.32891388830222e-05,6.9205453937209e-17,0.291616425062014,0.729276745806588,0.63774003212733,0.724412102927382,0.724187222070043,0.172054655203123,0.172071871810032,0.000224880857339516,1.72166069088731e-05,15,2,0.0167855192690722,0.0296533447955021,1.2,0.15
226,13,0.866666666666667,6,kalman-gm,0.000558392301347147,0.00158331492623922,0.000441000132609301,0.000379782019768155,5.02673307745598e-06,5.38264641733848e-17,0.174879333059071,0.585616626908757,0.470728934822292,0.838028104896721,0.837623616601057,0.168515930875735,0.168579930196326,0.000404488295663624,6.39993205910974e-05,15,2,0.0241951069013134,0.0336380159762938,1.2,0.15
227,13,0.866666666666667,6,kalman-gm,0.00764659086020139,0.0188695834761119,0.00263923425606131,0.000388674336147801,4.35625832092444e-05,7.68949488191212e-17,0.110742024569984,0.263335482310188,2.06323342933537,0.309340399244484,0.307019156948827,0.238297491646893,0.238204871527521,0.00232124229565656,-9.26201193715423e-05,15,2,0.0531424923064169,0.0252215573079093,1.2,0.15
228,13,0.866666666666667,6,kalman-gm,0.00121397828261396,0.0027179695626891,0.00147665539939838,0.00110568536834659,5.11108858578626e-05,6.9205453937209e-17,0.0482056977737552,0.199556442975878,0.738916081024834,0.743211364953001,0.743905262342666,0.161813969084391,0.161992884422401,-0.00069389738966455,0.000178915338010698,15,2,0.0395389501886137,0.0597557085900027,1.2,0.15
229,13,0.866666666666667,6,kalman-gm,0.00956797810637408,0.00404511207921523,0.000508915315437048,0.00034499134193285,1.64505312800342e-05,4.61369692914727e-17,0.638544648478715,0.333777870283429,1.64384146813468,0.103957868129617,0.103779214594991,0.227650835032501,0.227729372599571,0.000178653534626515,7.85375670699964e-05,15,2,0.0365855650068262,0.0312361779977799,1.2,0.15
230,13,0.866666666666667,6,kalman-gm,0.00302107643069855,0.00132149801583798,0.00417871557395388,0.000321171765110281,4.92478936089817e-05,3.84474744095606e-17,0.270443542912953,0.710576469567116,1.03156736620841,0.494170623138713,0.49497675213358,0.108387537916611,0.10842234893348,-0.000806128994867086,3.48110168686355e-05,15,2,0.0449493753607605,0.0618544402985726,1.2,0.15
201,13,0.866666666666667,6,mean,0.000594814133788145,0.00219399773534656,0.00244135611319156,0.000534204936835698,1.93189339694787e-05,3.84474744095606e-17,0.293071468147488,0.736078735693595,0.817835981586106,0.619669905738535,0.619524072464637,0.257980404438362,0.257842590032704,0.000145833273897483,-0.000137814405657843,15,2,0.0319690071232027,0.0443963189868983,1.2,0.15
202,13,0.866666666666667,6,mean,0.00744876616954389,0.0213026549639165,0.000335206847148024,0.000244752400841474,1.29133057728653e-05,7.68949488191212e-17,0.992410446760567,1.09574726273934,1.41411566629495,0.170303632416306,0.171470730542934,0.250357809507245,0.250419085182191,-0.00116709812662721,6.12756749463106e-05,15,2,0.0731030078809247,0.0456453866320699,1.2,0.15
203,13,0.866666666666667,6,mean,0.000521596201288843,0.000901931631189686,0.000441928380693891,2.18243890699181e-05,6.18534246510814e-06,6.15159590552969e-17,1.18133149142137,1.97178990535322,0.56870131406469,0.694831361493501,0.695057018853801,0.26282292600725,0.262817190057457,-0.00022565736029953,-5.73594979367653e-06,15,2,0.0179327156733165,0.0370373075887374,1.2,0.15
204,13,0.866666666666667,6,mean,0.00141273420683571,0.00136223147731552,0.00143568516279263,3.33234725747011e-05,4.64706714953764e-06,5.38264641733848e-17,0.252625779932571,0.23964722178595,0.869571028040005,0.529232922627113,0.528545563743584,0.24116603027141,0.241166666928992,0.000687358883529032,6.3665758209458e-07,15,2,0.0215661895433785,0.0429181193499417,1.2,0.15
205,13,0.866666666666667,6,mean,0.00844781348859877,0.00444660624284587,0.00227913433750288,3.58477670352666e-05,9.09873656043302e-06,3.07579795276485e-17,1.84004143335329,2.19508340731331,1.42090976144376,0.138313992330884,0.139261730008872,0.296187404006534,0.29617871868596,-0.000947737677987676,-8.68532057404781e-06,15,2,0.0348938863538969,0.0390791388277707,1.2,0.15
206,13,0.866666666666667,6,mean,0.000367045276067178,0.000420727813461233,0.000215117609417011,4.96780169322574e-05,2.4269052070059e-06,5.38264641733848e-17,0.0859647827667463,0.535747019778067,0.670997722151911,0.730816175518362,0.730973811988455,0.303090070568099,0.303075013654442,-0.000157636470092382,-1.50569136576811e-05,15,2,0.0249234536633039,0.0325785884193266,1.2,0.15
207,13,0.866666666666667,6,mean,0.00216180700010883,0.00313672950019963,0.00123561800305673,0.000318034914707515,1.97183079878663e-05,2.30684846457363e-17,0.228794783169658,0.66663852238191,0.926065938051125,0.623915090092474,0.624871910849145,0.298159732371074,0.29806490716602,-0.000956820756670945,-9.48252050538501e-05,15,2,0.0526760795959452,0.0432894095990406,1.2,0.15
208,13,0.866666666666667,6,mean,0.000355690403710422,0.000105457996602059,0.000227016106619215,1.11418730231251e-05,4.94047603030704e-06,2.30684846457363e-17,0.116143081889944,0.380190069732438,0.810448822150289,0.647484045491922,0.647680228744218,0.189699177986297,0.189701291590451,-0.000196183252295817,2.11360415371453e-06,15,2,0.0214915203245362,0.0436025026594171,1.2,0.15
209,13,0.866666666666667,6,mean,0.000684293782078266,0.000557189920788998,0.000449369681422518,7.12025984776239e-05,1.6132362703908e-06,2.30684846457363e-17,0.244377719366827,0.687667189340675,1.49617976252097,0.451989620055829,0.451889550161007,0.317639695355088,0.317617078583399,0.000100069894821367,-2.26167716889231e-05,15,2,0.0289857774625625,0.0405630234514722,1.2,0.15
210,13,0.866666666666667,6,mean,0.00593718098579108,0.00479781789640376,0.00771316888239416,0.0038974038392744,0.000284354212250731,5.38264641733848e-17,0.0921471644231195,0.515696598465551,0.561392984524872,0.916126108150963,0.910686901641062,0.128705980652668,0.129207599835801,0.00543920650990068,0.000501619183133283,15,2,0.155209470536092,0.213761016328208,1.2,0.15
211,13,0.866666666666667,6,mean,0.00203621581866289,0.00217727207428908,0.00193529304286836,1.69609283854843e-05,2.71292106230103e-06,9.99634334648575e-17,0.0371154584582525,0.307679657738716,1.04329008726599,0.525886913924451,0.524836711497807,0.223240579886201,0.223243070973033,0.00105020242664368,2.4910868318867e-06,15,2,0.0232541600932276,0.0434011941324988,1.2,0.15
212,13,0.866666666666667,6,mean,0.000467089398018866,0.00303810055870685,0.00014721992042062,3.72633178814087e-05,1.04531345239995e-06,3.84474744095606e-17,1.52579847623294,1.67958593072446,1.27095914969468,0.261334931329236,0.261305013074799,0.273468331842722,0.273459587022655,2.99182544371723e-05,-8.74482006677502e-06,15,2,0.0258661129071896,0.0398496718886436,1.2,0.15
213,13,0.866666666666667,6,mean,0.000833755582272176,0.000792797485572658,0.000775451571932555,0.000101339827441983,1.05600966512216e-05,2.30684846457363e-17,0.50282805935244,0.90171304479967,0.436987667172468,0.87541225150597,0.874854395536092,0.099987220540524,0.0999914164071851,0.000557855969878268,4.19586666112831e-06,15,2,0.0397464543880605,0.0539444072024624,1.2,0.15
214,13,0.866666666666667,6,mean,0.000615547149651946,0.000543511151382317,0.000707661098514982,9.69471697324405e-05,5.31473789473861e-06,7.68949488191212e-17,0.413531732955657,0.874013515963683,0.805141532506066,0.677496965498298,0.677473411046643,0.164646329192749,0.164659505155704,2.35544516543618e-05,1.3175962954852e-05,15,2,0.0231939840800317,0.046396991092136,1.2,0.15
215,13,0.866666666666667,6,mean,0.000389841894316153,0.000177787141340227,4.46530515448438e-05,0.00017904583345373,7.53139090546908e-06,5.38264641733848e-17,0.418648965223566,0.880563691653703,0.804937386849881,0.671400880245596,0.671662499513921,0.264174674618106,0.2642219739929,-0.000261619268324748,4.72993747943667e-05,15,2,0.0261427444960007,0.0416949309006096,1.2,0.15
216,13,0.866666666666667,6,mean,0.0182258410855201,0.0114457424807714,0.00397913820177417,0.000281876076290165,3.00321566196084e-05,7.68949488191212e-17,0.203053268341655,0.474882199266051,1.5862310910613,0.163759311983133,0.160904759743789,0.218317963952119,0.218379502563182,0.00285455223934376,6.1538611062481e-05,15,2,0.0532333492038911,0.0517868673104465,1.2,0.15
217,13,0.866666666666667,6,mean,0.000442760656492618,0.000685731906042524,0.000390223875522892,7.12910691357705e-05,1.53440877912237e-06,7.68949488191212e-17,0.843456261171562,0.466224231032351,1.87262550759124,0.553435616137662,0.553427762387289,0.318752576091467,0.318729851879528,7.85375037304359e-06,-2.27242119393417e-05,15,2,0.0316298392954435,0.0394746690874967,1.2,0.15
218,13,0.866666666666667,6,mean,0.00318802360790211,0.00180826723732892,0.000984140446900944,1.81139391764693e-05,1.48188020049854e-06,6.15159590552969e-17,1.37554232596419,1.55201135364781,1.51251241774042,0.150586228929638,0.150329477196656,0.292442391755793,0.292437318597018,0.00025675173298205,-5.07315877555148e-06,15,2,0.0383565709359461,0.0405574964289826,1.2,0.15
219,13,0.866666666666667,6,mean,0.00507391752648634,0.00422113480558214,0.00451784771884117,0.000170819749822855,1.34364634925592e-05,6.9205453937209e-17,0.261385813365094,0.727163732407192,1.37742139601635,0.462880280277805,0.465228896644571,0.371949336250492,0.371885799957927,-0.00234861636676646,-6.35362925650862e-05,15,2,0.0779058305244057,0.0431530726514557,1.2,0.15
220,13,0.866666666666667,6,mean,0.000971480265527854,0.00110086460533462,0.000965637449704651,9.17664741400832e-06,3.65046091455976e-06,7.68949488191212e-17,0.20414176114108,0.264360402679983,1.45666495451057,0.58816062790616,0.588027761575894,0.297059261601367,0.297061611261384,0.000132866330265408,2.3496600164169e-06,15,2,0.0250576246273936,0.0440810806871461,1.2,0.15
221,13,0.866666666666667,6,mean,0.000374806384380643,0.000769888615255099,0.000538146354081123,7.83373111150547e-05,3.35959885084008e-06,3.07579795276485e-17,0.818584538240199,1.31039323529892,0.693487821164928,0.736878508068452,0.737036044104873,0.283071680542917,0.283049505468611,-0.000157536036420813,-2.21750743065519e-05,15,2,0.025601702533588,0.041279890515725,1.2,0.15
222,13,0.866666666666667,6,mean,0.000411421546125509,0.000441328930923064,0.000745917327050962,0.000449045345082944,4.70610593931315e-05,5.38264641733848e-17,0.518081190969752,0.86324822943034,0.899413010350603,0.800436693177499,0.800333994098269,0.127400052690752,0.127342844290128,0.000102699079230456,-5.72084006241039e-05,15,2,0.0216795705017063,0.0456204175355959,1.2,0.15
223,13,0.866666666666667,6,mean,0.00256481328883629,0.00300017008495367,0.00191632748370314,0.000484430124327717,6.01958889430725e-05,5.38264641733848e-17,0.805744449780429,0.610927531746,1.31261274810093,0.631765820639109,0.632450128106024,0.199721106557011,0.199817857477492,-0.000684307466915307,9.67509204802822e-05,15,2,0.115816886157989,0.0780334279990236,1.2,0.15
224,13,0.866666666666667,6,mean,0.00087075146598268,0.000784754501625769,0.000231685185211424,9.57837059606579e-05,3.85354232338336e-06,3.84474744095606e-17,0.0481375218776031,0.463037741131356,0.592740047031832,0.762273019763617,0.76161959226556,0.244169401482415,0.244146014032259,0.000653427498056519,-2.33874501561815e-05,15,2,0.0157549093390054,0.0358882361262516,1.2,0.15
225,13,0.866666666666667,6,mean,0.000989804952660386,0.000437163924635789,0.00130991778770446,0.00014946391290412,7.44429922805533e-06,9.22739385829454e-17,0.291574514627049,0.729350056587895,0.638464884809478,0.724412102927382,0.723856440012734,0.172054655203123,0.172080371165123,0.000555662914648447,2.5715962000028e-05,15,2,0.0207355987304842,0.0439644901560783,1.2,0.15
226,13,0.866666666666667,6,mean,0.00040145780378261,0.00201241707229429,0.000320481137080908,0.000219256680968558,1.52671462143082e-05,6.15159590552969e-17,0.174879975221664,0.585373413201582,0.469587415312319,0.838028104896721,0.837928128863832,0.168515930875735,0.168478982632041,9.99760328895039e-05,-3.69482436941407e-05,15,2,0.029097623068306,0.0470139682394544,1.2,0.15
227,13,0.866666666666667,6,mean,0.00779662355627729,0.00425804964856774,0.00231937250755458,0.000552220391308599,3.17180142853639e-05,5.38264641733848e-17,0.11415774010614,0.263344878669349,2.06586429820155,0.309340399244484,0.306928677117321,0.238297491646893,0.238165898912808,0.00241172212716327,-0.000131592734085105,15,2,0.0637000671985773,0.0427357423134259,1.2,0.15
228,13,0.866666666666667,6,mean,0.00163459731632579,0.00144640397275957,0.00182907732358254,0.000668005782834732,1.43759852947475e-05,7.68949488191212e-17,0.0469716822058289,0.19952276322733,0.739309554485578,0.743211364953001,0.743414844875987,0.161813969084391,0.161922061751482,-0.000203479922985839,0.000108092667091813,15,2,0.0465557800682443,0.0571935706149755,1.2,0.15
229,13,0.866666666666667,6,mean,0.0141907172474306,0.00749279678479604,0.00180652405051143,0.00058439935786348,2.96311526231387e-05,6.15159590552969e-17,0.638514139550494,0.334180104954665,1.64444437522966,0.103957868129617,0.102768322990652,0.227650835032501,0.227783874034311,0.00118954513896541,0.000133039001810079,15,2,0.0400084321809612,0.0420540758144074,1.2,0.15
230,13,0.866666666666667,6,mean,0.00335757471691818,0.00116633424261229,0.00525874023018856,0.000195668325460776,4.72146678717063e-05,4.61369692914727e-17,0.270443542912958,0.710466254697623,1.03406415771499,0.494170623138713,0.493383920078896,0.108387537916611,0.108408745924656,0.000786703059817115,2.12080080449596e-05,15,2,0.0392778351932314,0.0535977413365973,1.2,0.15
201,13,0.866666666666667,6,none,0.00277632200994337,0.0025388880898752,0.00328491867348954,0.000143223879465859,2.80115809493383e-05,0.866666666666667,0.311318502513815,0.775303017417268,0.823406746371821,0.619669905738535,0.6185866814422,0.257980404438362,0.258010450507521,0.00108322429633495,3.00460691591298e-05,2,2,NaN,NaN,1.2,0.15
202,13,0.866666666666667,6,none,0.0851815066829586,0.157272346551034,0.00616016919634479,0.00265618271176012,0.000181534344670686,0.866666666666667,0.947577310030761,1.01198296349124,1.38067446330966,0.170303632416306,0.184810352419108,0.250357809507245,0.251022805592612,-0.0145067200028017,0.000664996085367276,2,2,NaN,NaN,1.2,0.15
203,13,0.866666666666667,6,none,0.0121685170188904,0.0455924919756108,0.017022278956792,0.00359509718546701,0.000222000851662763,0.866666666666667,1.09580117019197,1.54428705986789,0.575439899303987,0.694831361493501,0.703286428741094,0.26282292600725,0.263767799968815,-0.00845506724759248,0.000944873961564869,2,2,NaN,NaN,1.2,0.15
204,13,0.866666666666667,6,none,0.0318966233137426,0.0494274823101178,0.0266560725839903,0.00244328608687421,0.000254726710092583,0.866666666666667,0.211235459622442,0.26457462779329,0.850535477728074,0.529232922627113,0.546113665805381,0.24116603027141,0.241755267877799,-0.0168807431782681,0.00058923760638882,2,2,NaN,NaN,1.2,0.15
205,13,0.866666666666667,6,none,0.0384560054786767,0.0423351658515841,0.0101231573889881,0.000186450962450143,3.89779814964606e-05,0.866666666666667,1.8273700458647,2.17762990560682,1.43431740618566,0.138313992330884,0.13319569525652,0.296187404006534,0.296132179579992,0.00511829707436369,-5.52244265426277e-05,2,2,NaN,NaN,1.2,0.15
206,13,0.866666666666667,6,none,0.0196365215124521,0.0175870729842329,0.0110887117625937,0.00230160740458273,0.000159178798419765,0.866666666666667,0.0896931044280916,0.520641719844226,0.692124330238913,0.730816175518362,0.716465487966148,0.303090070568099,0.303787664918774,0.0143506875522142,0.000697594350675039,2,2,NaN,NaN,1.2,0.15
207,13,0.866666666666667,6,none,0.00462382842217451,0.00305251872015309,0.00489519326682491,0.00062422237585244,3.03850950920576e-05,0.866666666666667,0.218690429854197,0.633557308296729,0.929746828496587,0.623915090092474,0.621998709567788,0.298159732371074,0.29797361439455,0.00191638052468565,-0.000186117976524199,2,2,NaN,NaN,1.2,0.15
208,13,0.866666666666667,6,none,0.00967941979529469,0.00824432317211799,0.00536249238651488,0.00739138303623202,0.000691645087419283,0.866666666666667,0.0851882261784914,0.420858573193548,0.792156487296153,0.647484045491922,0.64121677560485,0.189699177986297,0.191101317272453,0.006267269887072,0.00140213928615508,2,2,NaN,NaN,1.2,0.15
209,13,0.866666666666667,6,none,0.0118673657672185,0.0627576454310746,0.0109169756385347,0.000592932266086679,7.22749519776281e-05,0.866666666666667,0.270206853562446,0.765124738621523,1.47967383750215,0.451989620055829,0.457353546200017,0.317639695355088,0.317528296347296,-0.00536392614418863,-0.000111399007792069,2,2,NaN,NaN,1.2,0.15
210,13,0.866666666666667,6,none,0.00275100274557837,0.00639717717108799,0.00347174169892764,0.00321314953626606,0.00119594907570531,0.866666666666667,0.0828110191304605,0.506934456904707,0.490474068924541,0.916126108150963,0.918646373589782,0.128705980652668,0.129031817567752,-0.00252026543881932,0.000325836915084206,2,2,NaN,NaN,1.2,0.15
211,13,0.866666666666667,6,none,0.0095228090170215,0.0324271040773148,0.014874264273036,0.00188941452573167,5.29177318200644e-05,0.866666666666667,0.040959690520835,0.29089843907254,1.05184947468005,0.525886913924451,0.520878993278598,0.223240579886201,0.223662373880571,0.00500792064585337,0.00042179399436975,2,2,NaN,NaN,1.2,0.15
212,13,0.866666666666667,6,none,0.0248571666259597,0.0791403818235391,0.00216355441779003,0.00425181267079089,0.000226325259521351,0.866666666666667,1.50704322956636,1.6266289147887,1.29473314959106,0.261334931329236,0.254843319292493,0.273468331842722,0.27463106796111,0.00649161203674334,0.00116273611838893,2,2,NaN,NaN,1.2,0.15
213,13,0.866666666666667,6,none,0.00128063993925858,0.00465649971578888,0.00196328649888366,0.00491615290577073,0.000596018344374054,0.866666666666667,0.48256931863726,0.881322259005079,0.433176047411477,0.87541225150597,0.875775841321467,0.099987220540524,0.100478773005324,-0.000363589815496929,0.000491552464800236,2,2,NaN,NaN,1.2,0.15
214,13,0.866666666666667,6,none,0.0115465498572352,0.0123610509925545,0.00393443454498879,0.00428888555420221,0.000653522313836887,0.866666666666667,0.343776156582162,0.868667726991985,0.793442769215707,0.677496965498298,0.685304920668209,0.164646329192749,0.165352478455576,-0.00780795516991082,0.000706149262827205,2,2,NaN,NaN,1.2,0.15
215,13,0.866666666666667,6,none,0.00256018195670698,0.00609536066241367,0.00244526135301021,0.000634373907770734,2.358830611043e-05,0.866666666666667,0.404370686847216,0.861731599060407,0.79254709029736,0.671400880245596,0.673054100763805,0.264174674618106,0.264007089097434,-0.00165322051820884,-0.00016758552067155,2,2,NaN,NaN,1.2,0.15
216,13,0.866666666666667,6,none,0.0377060173254784,0.0588398215989479,0.0235783896664244,0.00463064420266525,0.000443732451212422,0.866666666666667,0.111709971957233,0.407663226441755,1.58037861531477,0.163759311983133,0.157631567798415,0.218317963952119,0.219328916766232,0.00612774418471795,0.00101095281411256,2,2,NaN,NaN,1.2,0.15
217,13,0.866666666666667,6,none,0.0153644752754137,0.0271967111190416,0.00722583429926037,0.000679542279866443,4.17658705056935e-05,0.866666666666667,0.828874988338352,0.456220335091908,1.85850901315062,0.553435616137662,0.561882954590797,0.318752576091467,0.318969181943738,-0.0084473384531347,0.000216605852270497,2,2,NaN,NaN,1.2,0.15
218,13,0.866666666666667,6,none,0.0799427779652206,0.0281682350748412,0.00637426316714227,0.00144029619343343,6.17019278036811e-05,0.866666666666667,1.06591816445555,1.22135154894909,1.54250799828489,0.150586228929638,0.13891579586693,0.292442391755793,0.292863595419438,0.0116704330627073,0.000421203663644437,2,2,NaN,NaN,1.2,0.15
219,13,0.866666666666667,6,none,0.00339008238957172,0.0284489045544965,0.00514329417036383,0.00129640091735489,6.37131947859187e-05,0.866666666666667,0.249269098776414,0.716834012261024,1.36644033260345,0.462880280277805,0.462754565325196,0.371949336250492,0.371467140789768,0.000125714952608733,-0.000482195460724682,2,2,NaN,NaN,1.2,0.15
220,13,0.866666666666667,6,none,0.00215469880664386,0.0135601157242115,0.00695150734134357,0.000137238016994064,3.28089054145009e-05,0.866666666666667,0.177382573190465,0.26032144116745,1.44214164029099,0.58816062790616,0.587768503669466,0.297059261601367,0.297049214559836,0.000392124236694319,-1.00470415309689e-05,2,2,NaN,NaN,1.2,0.15
221,13,0.866666666666667,6,none,0.00392119130817138,0.00303729075866935,0.00484341027549312,0.00102306482757831,0.000128646871581279,0.866666666666667,0.739207027490384,1.16739326792277,0.68517042621627,0.736878508068452,0.739767949669469,0.283071680542917,0.283361281222964,-0.00288944160101631,0.000289600680046943,2,2,NaN,NaN,1.2,0.15
222,13,0.866666666666667,6,none,0.00353090768850371,0.00922054718598275,0.0100076945408117,0.00962916786063084,0.00118689070555761,0.866666666666667,0.49267329103407,0.858910582639812,0.852304438076627,0.800436693177499,0.8032629612516,0.127400052690752,0.128626809183564,-0.00282626807410091,0.00122675649281246,2,2,NaN,NaN,1.2,0.15
223,13,0.866666666666667,6,none,0.00384120281659976,0.00313048421602301,0.00373129183823334,0.00247958205303303,0.000292415112724434,0.866666666666667,0.736588690129403,0.599336788856763,1.24896133057658,0.631765820639109,0.634042206105324,0.199721106557011,0.200216331428442,-0.00227638546621496,0.000495224871430662,2,2,NaN,NaN,1.2,0.15
224,13,0.866666666666667,6,none,0.00423964524852671,0.00621272098359447,0.00279093583004127,0.000714479906319186,7.83977941749016e-05,0.866666666666667,0.0289390563817312,0.421186570557378,0.606877180255241,0.762273019763617,0.759267744363562,0.244169401482415,0.243994947351318,0.00300527540005455,-0.000174454131097168,2,2,NaN,NaN,1.2,0.15
225,13,0.866666666666667,6,none,0.00233212413515613,0.00708978543869465,0.00446456693257076,0.00162163789323666,0.000134732584259502,0.866666666666667,0.270099783394342,0.710808645672086,0.635555911899236,0.724412102927382,0.725932126969358,0.172054655203123,0.172333665551708,-0.00152002404197556,0.000279010348585153,2,2,NaN,NaN,1.2,0.15
226,13,0.866666666666667,6,none,0.00469314381507117,0.0149815318759615,0.00571559762600584,0.00256968559293264,0.000246133110131084,0.866666666666667,0.158986605409205,0.532696255616781,0.470412830452999,0.838028104896721,0.841961091314073,0.168515930875735,0.168948963835486,-0.00393298641735186,0.00043303295975101,2,2,NaN,NaN,1.2,0.15
227,13,0.866666666666667,6,none,0.00465419736420079,0.0340371066984313,0.0124219829876542,0.00458745446038838,0.000122040556841476,0.866666666666667,0.148159306106766,0.172925484024015,2.07030662483115,0.309340399244484,0.307992217414101,0.238297491646893,0.239390670537848,0.00134818183038286,0.0010931788909549,2,2,NaN,NaN,1.2,0.15
228,13,0.866666666666667,6,none,0.00355563963194532,0.0158740822977168,0.00986513303018744,0.00816555999099304,0.000995003195113208,0.866666666666667,0.0334514751687819,0.204359681347663,0.725909124539656,0.743211364953001,0.745387945482281,0.161813969084391,0.16313527075633,-0.00217658052928014,0.00132130167193928,2,2,NaN,NaN,1.2,0.15
229,13,0.866666666666667,6,none,0.0871418002657014,0.243830113401643,0.0234064132773768,0.00613346923288425,0.000147628260843679,0.866666666666667,0.649410241280788,0.354418972725852,1.64865048861042,0.103957868129617,0.0948987923490181,0.227650835032501,0.229047124425013,0.00905907578059924,0.00139628939251225,2,2,NaN,NaN,1.2,0.15
230,13,0.866666666666667,6,none,0.0159526394612582,0.0245736736715604,0.0208888940048587,0.00731648589923226,0.00112752432895414,0.866666666666667,0.265385871481953,0.702481571919277,1.02715544042526,0.494170623138713,0.501965906402379,0.108387537916611,0.10918055380943,-0.00779528326366629,0.000793015892819387,2,2,NaN,NaN,1.2,0.15
201,13,0.866666666666667,10.2,hold,0.00399140032653273,0.0030219950077003,0.00506751733002359,0.000441638694420397,1.76407076359448e-05,5.42787874017325e-17,0.345571455858315,0.825328190388812,0.818573818606311,0.616454826456683,0.618847638189627,0.256843355035923,0.256956786999912,-0.00239281173294367,0.000113431963988619,15,2,0.0489970123875506,0.0815644831124871,1.2,0.255
202,13,0.866666666666667,10.2,hold,0.014048283010497,0.0468526991642679,0.00164073493697769,0.000530236253747613,6.11760798388087e-05,7.68949488191211e-17,1.04491044572843,1.09380507904041,1.43038440136226,0.160681919011297,0.161981868021493,0.251232225543705,0.251365437977798,-0.0012999490101966,0.000133212434092969,15,2,0.114031570295304,0.126689011838501,1.2,0.255
203,13,0.866666666666667,10.2,hold,0.00387807583015798,0.00414478689132752,0.00427369249386603,0.000224426212691236,2.89901122149031e-05,5.88020196852102e-17,1.24662371217335,2.15749062975834,0.574847542990059,0.694960207614072,0.692370363291685,0.265257115383265,0.265316646033059,0.00258984432238705,5.95306497948683e-05,15,2,0.0378460497830319,0.0693924835648334,1.2,0.255
204,13,0.866666666666667,10.2,hold,0.00441392702691258,0.0180483841126378,0.00264150549027014,0.000784559543638323,3.96626325904555e-05,6.78484842521657e-17,0.196481862249591,0.288900761720759,0.879035434995254,0.52268663025448,0.520428588297876,0.242669746266092,0.242479357400707,0.00225804195660479,-0.000190388865385353,15,2,0.0621177798772778,0.123359026342498,1.2,0.255
205,13,0.866666666666667,10.2,hold,0.00700946528392059,0.0185965070985941,0.0160250919123646,0.00100303668854244,0.000115672890355471,4.52323228347771e-17,1.88370364953176,2.28264667280941,1.41703227125935,0.140428566270625,0.140380323485157,0.295926180234087,0.296223005049962,4.82427854673429e-05,0.000296824815875012,15,2,0.050035542038199,0.107490501924358,1.2,0.255
206,13,0.866666666666667,10.2,hold,0.000110676450950911,0.000172453790140532,0.000162926583728604,2.19684959416068e-05,9.56935820244265e-07,4.52323228347771e-17,0.138464782685057,0.63548979514979,0.655667831801887,0.741284681449617,0.741223214009948,0.30427085822132,0.304277542594435,6.14674396693317e-05,6.68437311398429e-06,15,2,0.0367027145331007,0.0479986431475581,1.2,0.255
207,13,0.866666666666667,10.2,hold,0.0026895478491295,0.0034902875230211,0.00325930163347209,6.37581805321364e-05,1.44166588089211e-05,3.61858582678217e-17,0.281289176737437,0.75066576001623,0.927801357099453,0.624781647399439,0.62346738025056,0.297896301047248,0.297897115175809,0.001314267148879,8.14128560934213e-07,15,2,0.0753448483695528,0.0637444763247457,1.2,0.255
208,13,0.866666666666667,10.2,hold,0.000877729345088427,0.00111176853058372,0.000934858571383842,0.000453268981434221,6.439703890384e-05,1.80929291339108e-17,0.0791998686948249,0.497262555874122,0.811588307054563,0.650689174464744,0.650273437835107,0.187972843293289,0.188058045552505,0.000415736629637639,8.52022592168433e-05,15,2,0.0480179072393085,0.109917945809487,1.2,0.255
209,13,0.866666666666667,10.2,hold,0.000940940522792875,0.00124875274820128,0.000669143802965084,3.48968924185971e-06,4.9734486222034e-07,1.80929291339108e-17,0.296873066026182,0.779312563607984,1.49375439033529,0.450866371605387,0.450443855092468,0.320189618981196,0.320190433191376,0.00042251651291956,8.14210180120623e-07,15,2,0.0470543840049467,0.0614326780879884,1.2,0.255
210,13,0.866666666666667,10.2,hold,0.0106239078174833,0.00600944893063171,0.0156265796246661,0.00970270038341949,0.00125209265159149,6.3325251968688e-17,0.158993503141878,0.56650541331701,0.618610846253176,0.914585479434601,0.904869007609879,0.128852532382506,0.130102749897859,0.009716471824722,0.00125021751535232,15,2,0.284559628787429,0.865076637469271,1.2,0.255
211,13,0.866666666666667,10.2,hold,0.00472590750587063,0.0249051187029608,0.0036766520581917,0.000458406030579166,5.72271692032676e-05,7.23717165356434e-17,0.0560366123479783,0.402193029271922,1.04671657935079,0.524420526677302,0.522074323944238,0.223419351449529,0.223353834351789,0.00234620273306343,-6.55170977401454e-05,15,2,0.0649854842357248,0.149962345426123,1.2,0.255
212,13,0.866666666666667,10.2,hold,0.00306674984322126,0.00397260815319273,0.00191123815845894,0.000364639602755767,9.21563536791181e-06,5.88020196852102e-17,1.58432099888234,1.70526939632891,1.2564668310195,0.265752189746186,0.265255547824438,0.274476173078156,0.274576257960873,0.000496641921748144,0.000100084882717142,15,2,0.0404395881147806,0.0572460028408265,1.2,0.255
213,13,0.866666666666667,10.2,hold,0.00242157698637038,0.0028507857306008,0.00256071137913112,0.00228457284817654,4.53383693254586e-05,0,0.540181335173103,1.00845256055366,0.451068629632182,0.872167985399024,0.870091938929674,0.0994968351178286,0.0997241428858183,0.00207604646934925,0.000227307767989689,15,2,0.0959007528344038,0.1815744737828,1.2,0.255
214,13,0.866666666666667,10.2,hold,0.00143280371500473,0.00442158708005152,0.00288867900109118,0.000385755536334631,7.83279010410077e-05,7.23717165356434e-17,0.47672801426466,0.970620941817192,0.81663981522309,0.673134034661924,0.672238479414429,0.163489207893029,0.163552219747327,0.00089555524749436,6.30118542979646e-05,15,2,0.0653303162939519,0.123739851400079,1.2,0.255
215,13,0.866666666666667,10.2,hold,0.000151979752460063,0.000189236950865235,0.000217789039250629,8.52682376021164e-05,3.21575018513327e-06,5.88020196852102e-17,0.486057638719072,0.962163488763166,0.802776217865774,0.671087494214146,0.671033549499263,0.263019681400256,0.263042108624944,5.3944714883099e-05,2.242722468767e-05,15,2,0.0356933407644103,0.0599573982095549,1.2,0.255
216,13,0.866666666666667,10.2,hold,0.0433182216952829,0.0604824758542053,0.0118121934590957,0.00187433337536224,9.79310142387098e-05,7.68949488191211e-17,0.193729425167683,0.607814471374765,1.58394855995971,0.175349490945206,0.167936717442882,0.221394250448839,0.221809217081569,0.00741277350232376,0.000414966632729566,15,2,0.0908318411377411,0.199151956958279,1.2,0.255
217,13,0.866666666666667,10.2,hold,0.000935696950653106,0.000946688348068293,0.000603137890002711,9.66786416657387e-05,1.77407265837611e-06,3.1662625984344e-17,0.801864570083214,0.379092630305754,1.88049592006637,0.546133392757736,0.5460217746202,0.318504644301917,0.318535436898292,0.000111618137535819,3.07925963753386e-05,15,2,0.0494983983574675,0.0636178839690071,1.2,0.255
218,13,0.866666666666667,10.2,hold,0.0164960189648786,0.0584270928743249,0.00832895785537959,0.000311666854376071,8.23829283678579e-06,8.14181811025988e-17,1.4703992583366,1.48321743577307,1.49894226766929,0.154417413284555,0.15663102209703,0.292665219519477,0.29275643356783,-0.00221360881247505,9.12140483529178e-05,15,2,0.0795597380386064,0.108344054212935,1.2,0.255
219,13,0.866666666666667,10.2,hold,0.00266449509112261,0.0035962345294337,0.00346082702246554,0.000138298659478264,1.21593019408685e-05,7.68949488191211e-17,0.320085950248366,0.825427696663098,1.37734056145534,0.465289877658764,0.466529640253735,0.37174679214134,0.371695380058321,-0.00123976259497082,-5.14120830184922e-05,15,2,0.0798369237292524,0.0601422076990614,1.2,0.255
220,13,0.866666666666667,10.2,hold,0.00174686367416299,0.00256006564793157,0.00205202134113509,9.73500081823855e-05,5.59147821029639e-06,6.78484842521657e-17,0.1714589921576,0.30559255938525,1.4732024580734,0.589985441053409,0.589247509729422,0.29879684942275,0.298767761547013,0.000737931323987078,-2.90878757361757e-05,15,2,0.0566324065491347,0.0930620181509694,1.2,0.255
221,13,0.866666666666667,10.2,hold,0.00157482098800444,0.00121754252082232,0.00122264275881909,0.000651327323855636,4.21878257516572e-05,3.61858582678217e-17,0.878115811138629,1.40781907655222,0.694448070062306,0.736145556159055,0.736944905523757,0.283196832028892,0.283381285863622,-0.000799349364702074,0.000184453834729773,15,2,0.0406598099421092,0.0864761158904508,1.2,0.255
222,13,0.866666666666667,10.2,hold,0.000978257942842842,0.00139850991260793,0.000697455038889268,0.00122209280661948,9.11709582194561e-05,6.78484842521657e-17,0.564615673963241,0.921957432438213,0.905782836300038,0.797942956744709,0.797230101214603,0.127132046923731,0.127287414083767,0.000712855530105726,0.000155367160036302,15,2,0.0487040831201861,0.0929695304110809,1.2,0.255
223,13,0.866666666666667,10.2,hold,0.00427861627134381,0.00523102557493761,0.00327314072764337,0.00148968414242692,0.000125948829551215,9.04646456695542e-18,0.848144962466722,0.559641469688331,1.39542651897176,0.631718246262418,0.62922463101764,0.196823045321248,0.197116249490727,0.00249361524477778,0.000293204169479237,15,2,0.112073755079041,0.174586417617558,1.2,0.255
224,13,0.866666666666667,10.2,hold,0.00103902608923552,0.00161183994871935,0.000571792717202685,0.000541601250661309,6.07069858697183e-05,2.71393937008663e-17,0.0965220063619475,0.553174891760318,0.590937294594041,0.763935855938713,0.763145057940543,0.243491386203349,0.243623261442642,0.000790797998169896,0.00013187523929299,15,2,0.0274275787630377,0.0644064948254287,1.2,0.255
225,13,0.866666666666667,10.2,hold,0.00317689779089807,0.00780408793389371,0.00576268986006321,0.0011011435454082,0.000120083210843278,6.78484842521657e-17,0.344119737123702,0.81923833823699,0.638267110412102,0.721973315722292,0.724028365646071,0.172323341653194,0.172513094388579,-0.00205504992377861,0.000189752735384586,15,2,0.0559255303652072,0.121275370053691,1.2,0.255
226,13,0.866666666666667,10.2,hold,0.00355608024709816,0.00498170457993312,0.00337554003799286,0.00253087704073218,0.000100952671095359,8.14181811025988e-17,0.227377225304237,0.640938556575274,0.46837050983625,0.841433810705956,0.838880505551803,0.168295200922579,0.168721135382659,0.00255330515415411,0.000425934460080364,15,2,0.0749312660378429,0.158993049620115,1.2,0.255
227,13,0.866666666666667,10.2,hold,0.0048150064423048,0.00987457501712152,0.000800801054588157,0.000887491486340328,4.93791503266792e-05,6.78484842521657e-17,0.0639150774759994,0.364503412706496,2.07011554391507,0.312902662733254,0.311795359925062,0.235418595642728,0.235627527642088,0.00110730280819253,0.000208931999359118,15,2,0.0532375959206314,0.0798725124140169,1.2,0.255
228,13,0.866666666666667,10.2,hold,0.00407890059736488,0.010434163230447,0.00315350885914875,0.00673887565480802,0.000375722793787383,5.42787874017325e-17,0.0408722761247099,0.266631099210699,0.750044595694768,0.745696309265577,0.742974988398967,0.16238323784902,0.16347751829731,0.00272132086660948,0.00109428044828966,15,2,0.112093813285918,0.246407061234233,1.2,0.255
229,13,0.866666666666667,10.2,hold,0.0229202554752563,0.00803355577439645,0.00244652270970728,0.00175804424894069,0.000144048302088491,1.80929291339108e-17,0.599239638410086,0.302763651669924,1.63774056161281,0.110897494888555,0.113096452589146,0.227357107006652,0.227756810861081,-0.00219895770059098,0.000399703854428839,15,2,0.0704102116327061,0.1276180881762,1.2,0.255
230,13,0.866666666666667,10.2,hold,0.0106139454315057,0.00980945130953063,0.0111093035368085,0.00219519390757303,1.94906178175751e-05,2.71393937008663e-17,0.322943542912916,0.792480594919956,1.03252811446493,0.48898322665365,0.494171009527076,0.110618412617553,0.110376316160684,-0.00518778287342601,-0.000242096456869439,15,2,0.120570849848987,0.272847094643404,1.2,0.255
201,13,0.866666666666667,10.2,kalman,0.00242357447754523,0.00620429863461715,0.00587219836045882,0.00158914227409328,7.4711650629872e-05,6.3325251968688e-17,0.345571429194959,0.827180095146359,0.817392581596408,0.616454826456683,0.617462690432838,0.256843355035923,0.256435194402615,-0.00100786397615445,-0.000408160633307535,15,2,0.0565951386983018,0.0717297032917976,1.2,0.255
202,13,0.866666666666667,10.2,kalman,0.0146972955663185,0.0512554971405567,0.000845982283872372,0.00116476091014542,3.82769362673847e-05,5.88020196852102e-17,1.04491044717658,1.09249948321128,1.42825000268498,0.160681919011297,0.162806687262234,0.251232225543705,0.251524851019387,-0.00212476825093704,0.000292625475682145,15,2,0.109514251959717,0.07580855919009,1.2,0.255
203,13,0.866666666666667,10.2,kalman,0.000918594549826305,0.0112499031310346,0.00109084023451252,0.000179668241485128,1.06032600506858e-05,5.88020196852102e-17,1.24883830531625,2.11474218500779,0.56688141119866,0.694960207614072,0.695219148850223,0.265257115383265,0.265304773662727,-0.000258941236151392,4.76582794623287e-05,15,2,0.0311970803022923,0.0582472184178942,1.2,0.255
204,13,0.866666666666667,10.2,kalman,0.00235806783111486,0.00882314015049383,0.00346764206823726,0.00181388264450251,2.01241975780476e-05,6.78484842521657e-17,0.193332149752844,0.288595170335499,0.877556080113227,0.52268663025448,0.521576883766053,0.242669746266092,0.242229571824994,0.00110974648842672,-0.000440174441097894,15,2,0.0391111498655015,0.071779909809115,1.2,0.255
205,13,0.866666666666667,10.2,kalman,0.0115370095046316,0.00948535391874238,0.00522029235988798,0.000521136682301147,1.91666858415475e-05,5.88020196852102e-17,1.88291727404862,2.28240716443311,1.42412784294957,0.140428566270625,0.140508051727919,0.295926180234087,0.295771962246314,-7.94854572943805e-05,-0.000154217987773244,15,2,0.0449667556870345,0.0638148819928213,1.2,0.255
206,13,0.866666666666667,10.2,kalman,0.000558555492356633,0.00118489048787022,0.000435821310113901,0.000234464116306224,1.07807252111807e-05,4.52323228347771e-17,0.138464782841966,0.635448827000353,0.65533320690282,0.741284681449617,0.741289633679122,0.30427085822132,0.30419951762343,-4.95222950449962e-06,-7.13405978905984e-05,15,2,0.0332478969147376,0.0501811310237939,1.2,0.255
207,13,0.866666666666667,10.2,kalman,0.0030800181310841,0.00511535925794688,0.00167719454998548,0.000999105747144926,6.64824032739534e-05,4.07090905512994e-17,0.281308094701727,0.750439705441002,0.922048963196299,0.624781647399439,0.626473708519601,0.297896301047248,0.297598671140818,-0.00169206112016262,-0.00029762990642952,15,2,0.0729074398614223,0.0692008439407128,1.2,0.255
208,13,0.866666666666667,10.2,kalman,0.000709148618626916,0.000875662092824901,0.000396189563108255,0.000206074310239989,1.1812964172827e-05,2.26161614173886e-17,0.0793599294929343,0.497943435486055,0.811504492892233,0.650689174464744,0.651134483864964,0.187972843293289,0.187934106919263,-0.00044530940021963,-3.87363740255139e-05,15,2,0.0363705860302401,0.0713540469436289,1.2,0.255
209,13,0.866666666666667,10.2,kalman,0.00284612716898064,0.0475018315966529,0.000757704339024408,0.000986481339618791,2.3419413706548e-05,3.1662625984344e-17,0.29687446870493,0.781400761135212,1.49312517526165,0.450866371605387,0.451904825585913,0.320189618981196,0.319873757896931,-0.00103845398052584,-0.0003158610842646,15,2,0.0490276105704729,0.0634900839697643,1.2,0.255
210,13,0.866666666666667,10.2,kalman,0.0118669063337309,0.0085281125238152,0.0152004478903835,0.0112240573489906,0.00121037209781953,7.23717165356434e-17,0.176781000191307,0.57738511222498,0.636150227806148,0.914585479434601,0.90373217921596,0.128852532382506,0.13029878059553,0.0108533002186408,0.00144624821302391,15,2,0.269860792565707,0.868140143570404,1.2,0.255
211,13,0.866666666666667,10.2,kalman,0.00343722831016733,0.00785750411369763,0.00346193956623477,0.000443335367326047,2.58032534142692e-06,8.59414133860765e-17,0.0422374795601813,0.329541448607029,1.04928206571231,0.524420526677302,0.522821369961404,0.223419351449529,0.223320521224085,0.00159915671589752,-9.88302254449169e-05,15,2,0.0466810039740895,0.0719315172568074,1.2,0.255
212,13,0.866666666666667,10.2,kalman,0.00338166918420245,0.00751759935092603,0.000893842020204498,8.55018011366272e-05,1.17165098461595e-05,9.04646456695542e-17,1.5859837600862,1.6947875041626,1.25428875489572,0.265752189746186,0.26508273838994,0.274476173078156,0.274474862824827,0.000669451356246729,-1.31025332917201e-06,15,2,0.0366535967564506,0.0624505629308811,1.2,0.255
213,13,0.866666666666667,10.2,kalman,0.00100196140901952,0.00323112253656736,0.00128400394401277,0.00202998937138769,5.106863472775e-05,1.80929291339108e-17,0.539301838678156,1.00942716476482,0.448187148305905,0.872167985399024,0.87172845286916,0.0994968351178286,0.0992948576000527,0.000439532529863794,-0.000201977517775905,15,2,0.0734752565381997,0.0978784309381577,1.2,0.255
214,13,0.866666666666667,10.2,kalman,0.000668931661527609,0.000778350532325582,0.000899465143011532,4.75607700709015e-05,2.41593430899949e-05,7.23717165356434e-17,0.484000548600057,0.973048383413342,0.814773353973151,0.673134034661924,0.672949048040977,0.163489207893029,0.163491660460115,0.000184986620947086,2.45256708566594e-06,15,2,0.0435296914914581,0.07777348158446,1.2,0.255
215,13,0.866666666666667,10.2,kalman,0.000486090010797347,0.000174943351156516,0.000224818036403209,0.000304891427972869,3.33848244485906e-05,4.52323228347771e-17,0.485661446343275,0.962068246004273,0.804319011554212,0.671087494214146,0.671341828795314,0.263019681400256,0.263099873846503,-0.000254334581168038,8.01924462470932e-05,15,2,0.0409881495672541,0.0667512204715113,1.2,0.255
216,13,0.866666666666667,10.2,kalman,0.0293157501567113,0.0425010385908102,0.00595175873282697,0.00110285748113966,8.75525452196775e-05,6.78484842521657e-17,0.212333290588809,0.60422127864488,1.58126575303115,0.175349490945206,0.170288032552601,0.221394250448839,0.221638416754228,0.00506145839260446,0.00024416630538881,15,2,0.0785737560552145,0.089173779430042,1.2,0.255
217,13,0.866666666666667,10.2,kalman,0.00142820817974855,0.000595128877696448,0.000687236344415366,9.57988399139837e-05,1.5134540131117e-05,4.97555551182548e-17,0.801423593205889,0.378930470016099,1.88286833995441,0.546133392757736,0.546808250157301,0.318504644301917,0.318474131926486,-0.000674857399565001,-3.05123754313397e-05,15,2,0.0494121069279972,0.064258036105544,1.2,0.255
218,13,0.866666666666667,10.2,kalman,0.00687544521635479,0.0141402600041134,0.00358948842092109,0.000129919776361493,2.85878232219457e-06,5.88020196852102e-17,1.46206687068555,1.47527811269344,1.50248284950649,0.154417413284555,0.154843420131742,0.292665219519477,0.292628843775919,-0.000426006847186409,-3.63757435583301e-05,15,2,0.0637441463338459,0.0661553975895623,1.2,0.255
219,13,0.866666666666667,10.2,kalman,0.00905277936139649,0.0121474338220515,0.00912165900905849,0.000390629676821598,3.65589439749683e-05,6.78484842521657e-17,0.319606101843776,0.825220252684916,1.3802264253966,0.465289877658764,0.4695020442603,0.37174679214134,0.371601576812066,-0.00421216660153596,-0.000145215329273637,15,2,0.10019596168445,0.0679799164091417,1.2,0.255
220,13,0.866666666666667,10.2,kalman,0.00335828289719545,0.0184066280933326,0.00303281723110231,0.000498575449409347,7.03963160339535e-06,6.78484842521657e-17,0.155384693630555,0.351297117450757,1.45911638429239,0.589985441053409,0.591483899341992,0.29879684942275,0.298647876649267,-0.00149845828858341,-0.000148972773483044,15,2,0.0504274311709121,0.0703578672179777,1.2,0.255
221,13,0.866666666666667,10.2,kalman,0.000566747764049295,0.00562910069992429,0.00149604466443638,0.000132123268065748,1.08185534939048e-05,2.26161614173886e-17,0.878140510964164,1.4056382130873,0.698387399090445,0.736145556159055,0.736381733236429,0.283196832028892,0.283159415137939,-0.0002361770773745,-3.74168909535239e-05,15,2,0.0363355049067935,0.0652076814573408,1.2,0.255
222,13,0.866666666666667,10.2,kalman,0.000711827754239302,0.00439186354965916,0.00104813389768947,0.00173352401008173,0.000138724121780392,5.88020196852102e-17,0.563499237553666,0.92258615862323,0.910223264371114,0.797942956744709,0.798068897944545,0.127132046923731,0.126911660467938,-0.000125941199836362,-0.000220386455793124,15,2,0.0359792612166929,0.0754484059047349,1.2,0.255
223,13,0.866666666666667,10.2,kalman,0.00341849801678007,0.00399972725531495,0.00469500928250727,0.000511161150538891,0.000126742951821065,2.26161614173886e-17,0.801325961544582,0.526098735323805,1.35662034846667,0.631718246262418,0.630944469208147,0.196823045321248,0.196923653615547,0.000773777054270867,0.000100608294298977,15,2,0.151938791437414,0.152652275751331,1.2,0.255
224,13,0.866666666666667,10.2,kalman,0.00180030906221817,0.000566065685522894,0.000433564573186804,6.59932714961606e-05,2.42969564137015e-05,4.52323228347771e-17,0.0973412286837966,0.556976074880095,0.58897008916395,0.763935855938713,0.762565193764868,0.243491386203349,0.243476333875418,0.00137066217384519,-1.50523279318468e-05,15,2,0.0242331032040882,0.0557030513029027,1.2,0.255
225,13,0.866666666666667,10.2,kalman,0.00114987033776498,0.002304348216563,0.00171300401172318,0.000425797633776944,2.66207725235077e-05,6.3325251968688e-17,0.344079727926286,0.820536047524266,0.64178917335828,0.721973315722292,0.721516789809479,0.172323341653194,0.172396716524315,0.000456525912813385,7.3374871120466e-05,15,2,0.0358845471211466,0.0726333542474662,1.2,0.255
226,13,0.866666666666667,10.2,kalman,0.00301413444566358,0.00477541679043726,0.00305263289755868,0.00031200062911572,5.34212237908892e-05,7.68949488191211e-17,0.227381357103387,0.640675462455754,0.464603962731469,0.841433810705956,0.839048182077394,0.168295200922579,0.168246546108916,0.00238562862856282,-4.86548136627682e-05,15,2,0.0520062320936471,0.0825945667010592,1.2,0.255
227,13,0.866666666666667,10.2,kalman,0.0114458693231025,0.0118920116761733,0.00404722137591709,0.000379612281129718,9.23444034378138e-05,8.14181811025988e-17,0.0781819093033679,0.3448430598554,2.07090290870926,0.312902662733254,0.30932127317895,0.235418595642728,0.235329227852616,0.00358138955430376,-8.93677901122908e-05,15,2,0.0787088561946533,0.0705779211648308,1.2,0.255
228,13,0.866666666666667,10.2,kalman,0.00270188914588854,0.028001271976136,0.0043854705667882,0.00350286483302334,8.55363158388696e-05,6.3325251968688e-17,0.0405413808396531,0.266491052935833,0.750140069264947,0.745696309265577,0.744538403223391,0.16238323784902,0.161953389803135,0.00115790604218509,-0.0004298480458853,15,2,0.0788953610158723,0.104773654178787,1.2,0.255
229,13,0.866666666666667,10.2,kalman,0.0213183359485271,0.00994577020366316,0.00621886845829241,0.00173672038488701,0.00011151830454995,3.1662625984344e-17,0.58970752108791,0.286387839455652,1.64128806321164,0.110897494888555,0.10868742860876,0.227357107006652,0.22775196272904,0.00221006627979512,0.000394855722387389,15,2,0.0583551826694971,0.0692058101379163,1.2,0.255
230,13,0.866666666666667,10.2,kalman,0.00484763937729729,0.0091958784061592,0.00635499501720051,0.00109286099489217,0.00010547682481839,3.61858582678217e-17,0.325041063214803,0.793736475805677,1.0462921886703,0.48898322665365,0.487110373079364,0.110618412617553,0.11073930316602,0.00187285357428615,0.000120890548466612,15,2,0.0766157839173566,0.100335427756439,1.2,0.255
201,13,0.866666666666667,10.2,kalman-gm,0.00361925973205317,0.00143652122788242,0.00303412050527231,0.000156581617766129,3.26264096358022e-05,4.52323228347771e-17,0.345571453297417,0.826644474069037,0.820018719949899,0.616454826456683,0.618685936586708,0.256843355035923,0.256883571983967,-0.00223111013002449,4.02169480440051e-05,15,2,0.0481556826860838,0.0411845189680031,1.2,0.255
202,13,0.866666666666667,10.2,kalman-gm,0.0147437181616302,0.0291902903034096,0.0010711152988316,0.000561660899621635,6.32577381612158e-05,7.68949488191211e-17,1.04491044659264,1.09304494427656,1.42901718491854,0.160681919011297,0.162875857904497,0.251232225543705,0.251373332861518,-0.00219393889319979,0.000141107317812823,15,2,0.104479631794243,0.0601263946303687,1.2,0.255
203,13,0.866666666666667,10.2,kalman-gm,0.0025638813679621,0.00420681429489944,0.00305720651713865,5.21075486993796e-05,6.21216920428215e-06,3.61858582678217e-17,1.24658735999256,2.15822418043014,0.570660600054596,0.694960207614072,0.693351542359961,0.265257115383265,0.265270937281322,0.00160866525411096,1.38218980576904e-05,15,2,0.0229543152767851,0.0362967938449925,1.2,0.255
204,13,0.866666666666667,10.2,kalman-gm,0.00330952118498418,0.00308575784859685,0.00210477601735839,3.57364793600188e-05,3.24092559241925e-05,4.97555551182548e-17,0.1965877759743,0.289321474238585,0.87849271656405,0.52268663025448,0.521086401115943,0.242669746266092,0.242662268111755,0.0016002291385371,-7.47815433679272e-06,15,2,0.0360176887532528,0.0560246559879558,1.2,0.255
205,13,0.866666666666667,10.2,kalman-gm,0.0171559239950774,0.00700278154704684,0.00500115791300766,0.000348982680120902,6.69709653706697e-05,5.42787874017325e-17,1.88359169967824,2.28271076927432,1.4194672706677,0.140428566270625,0.142520040899062,0.295926180234087,0.296029453345584,-0.00209147462843749,0.000103273111496033,15,2,0.0431144727773336,0.0517659199107641,1.2,0.255
206,13,0.866666666666667,10.2,kalman-gm,9.14706162224498e-05,4.76330521282608e-05,0.0001452704421641,2.23616312778123e-06,2.63352735730913e-06,6.3325251968688e-17,0.138464782848479,0.6354866378972,0.655498237979389,0.741284681449617,0.741323309791088,0.30427085822132,0.304271297926495,-3.8628341470115e-05,4.39705174546945e-07,15,2,0.0254466064012871,0.0282557737665847,1.2,0.255
207,13,0.866666666666667,10.2,kalman-gm,0.00125899136206335,0.00703558604010835,0.00198306778435142,0.000349790072816985,1.71073743131211e-05,3.1662625984344e-17,0.281297335139273,0.750609792456073,0.925259950964619,0.624781647399439,0.625033422284413,0.297896301047248,0.297792099878412,-0.000251774884974458,-0.000104201168835227,15,2,0.0632081954468596,0.0363304069714863,1.2,0.255
208,13,0.866666666666667,10.2,kalman-gm,0.000594955903356366,0.000755733559220553,0.000419169024869159,6.46529297168169e-05,2.14634531715822e-05,9.04646456695542e-18,0.0794369293840097,0.497493972507328,0.810685040615832,0.650689174464744,0.650920139781535,0.187972843293289,0.187984996288315,-0.000230965316790046,1.21529950261112e-05,15,2,0.0212831366931551,0.0444967469243585,1.2,0.255
209,13,0.866666666666667,10.2,kalman-gm,0.00249739952206333,0.000502801918956538,0.000950602785086644,4.01107560184991e-05,2.08625426513094e-05,3.1662625984344e-17,0.296875228784892,0.779307351395244,1.49267614562702,0.450866371605387,0.44974172972635,0.320189618981196,0.320202462028882,0.00112464187903764,1.28430476866109e-05,15,2,0.0368636574507763,0.0342762924979789,1.2,0.255
210,13,0.866666666666667,10.2,kalman-gm,0.0121482352735075,0.0120201929106166,0.0163178341777964,0.0122404951327119,0.0014791806681491,6.3325251968688e-17,0.168362530751354,0.616315010029122,0.613671969719793,0.914585479434601,0.903474879852696,0.128852532382506,0.130429751177972,0.0111105995819052,0.00157721879546567,15,2,0.309623954682841,1.12347772935633,1.2,0.255
211,13,0.866666666666667,10.2,kalman-gm,0.00201639602818334,0.012665887091135,0.00191887535055766,0.000225467186062579,5.56778403345508e-05,6.78484842521657e-17,0.0494860071411026,0.397732660121807,1.04640717463676,0.524420526677302,0.523719270049292,0.223419351449529,0.22339103625167,0.000701256628009566,-2.83151978591642e-05,15,2,0.0368492687717179,0.0625271603617801,1.2,0.255
212,13,0.866666666666667,10.2,kalman-gm,0.00567704449245208,0.00970928127213159,0.00140626027362248,0.000520415078722708,1.2703287826509e-05,8.59414133860765e-17,1.58341073592891,1.69617932584879,1.25732162701471,0.265752189746186,0.264244540582414,0.274476173078156,0.274619014617376,0.00150764916377193,0.000142841539219976,15,2,0.0351914132486739,0.0324456817735585,1.2,0.255
213,13,0.866666666666667,10.2,kalman-gm,0.00163668945677712,0.0020922405930058,0.00217384168951146,0.00114135157276458,1.4544659840976e-05,4.52323228347771e-18,0.540155338316104,1.00753211785037,0.449583821048285,0.872167985399024,0.870770695826859,0.0994968351178286,0.0996103959870755,0.00139728957216477,0.000113560869246832,15,2,0.0647101818293615,0.0983557871103159,1.2,0.255
214,13,0.866666666666667,10.2,kalman-gm,0.00105073429357964,0.00446525916683603,0.00198758317142046,0.000203973498726606,1.44649360758296e-05,7.68949488191211e-17,0.483480603918923,0.973640351298353,0.815986252094339,0.673134034661924,0.672468731257751,0.163489207893029,0.163519662114269,0.000665303404172499,3.04542212395889e-05,15,2,0.0387792911330457,0.0540006819001162,1.2,0.255
215,13,0.866666666666667,10.2,kalman-gm,0.000144930869512395,0.000105208495933816,0.00015247387725412,1.91876025369806e-05,3.95948475933535e-06,2.26161614173886e-17,0.486513098818412,0.962192183478604,0.802391482928303,0.671087494214146,0.670990655076553,0.263019681400256,0.263024706320741,9.68391375927661e-05,5.02492048434833e-06,15,2,0.0305639394199174,0.0371197579279007,1.2,0.255
216,13,0.866666666666667,10.2,kalman-gm,0.036004420209586,0.0505794418649563,0.00581315515862083,0.00171752537810198,0.000141695007347049,7.68949488191211e-17,0.194914526241441,0.60691441124713,1.58341829513291,0.175349490945206,0.169044457486196,0.221394250448839,0.221774500692551,0.00630503345900982,0.000380250243711746,15,2,0.0812604401431413,0.0942229592302559,1.2,0.255
217,13,0.866666666666667,10.2,kalman-gm,0.000950315693335445,0.000504350350378162,0.000692473346807821,4.34136488568832e-05,8.92598277772029e-07,3.1662625984344e-17,0.799855631962114,0.3790079740981,1.87919027350467,0.546133392757736,0.546148566353439,0.318504644301917,0.318518471750704,-1.51735957033386e-05,1.38274487870099e-05,15,2,0.0377180961546907,0.0322952027209686,1.2,0.255
218,13,0.866666666666667,10.2,kalman-gm,0.00743932959478818,0.0151255594140499,0.00161284962257259,0.000232244075060673,7.12297585014944e-06,8.14181811025988e-17,1.46873994287941,1.47681474906679,1.50300377759667,0.154417413284555,0.153540982435781,0.292665219519477,0.292733189282687,0.000876430848774524,6.79697632097298e-05,15,2,0.0569527017717186,0.0474794728941719,1.2,0.255
219,13,0.866666666666667,10.2,kalman-gm,0.00419945003615269,0.00620394244661317,0.00471978936973867,0.000190597327379457,1.37725761753668e-05,8.59414133860765e-17,0.320810679614335,0.825212256944831,1.37763231436142,0.465289877658764,0.467243839252319,0.37174679214134,0.371675938196296,-0.00195396159355558,-7.0853945044026e-05,15,2,0.0908501129899147,0.0374592099765054,1.2,0.255
220,13,0.866666666666667,10.2,kalman-gm,0.00154523397136977,0.00393498498214127,0.00122559347455193,0.000239597908993122,1.19676052037194e-05,6.78484842521657e-17,0.154988917763711,0.351190669863265,1.4614342062819,0.589985441053409,0.590224364351884,0.29879684942275,0.298725258322414,-0.000238923298474956,-7.15911003354236e-05,15,2,0.0454632942222093,0.0439796710548834,1.2,0.255
221,13,0.866666666666667,10.2,kalman-gm,0.000540029473803815,0.00195377541442316,0.000780816954250688,0.000262859763845225,1.08809992532225e-05,4.52323228347771e-17,0.88044895917117,1.40926825576341,0.696129601274946,0.736145556159055,0.736420219341881,0.283196832028892,0.283271273081281,-0.00027466318282573,7.44410523888306e-05,15,2,0.0244767298264482,0.0379583465534825,1.2,0.255
222,13,0.866666666666667,10.2,kalman-gm,0.000828465423440042,0.00464030799027581,0.00106079332999189,0.000315171206177094,4.13474030299979e-05,6.3325251968688e-17,0.564198038187481,0.920431918484181,0.905982648688884,0.797942956744709,0.79807175858364,0.127132046923731,0.127092535976867,-0.000128801838931296,-3.95109468634411e-05,15,2,0.0284253736259259,0.0431215596391832,1.2,0.255
223,13,0.866666666666667,10.2,kalman-gm,0.00361870132871065,0.0026354163941511,0.00504351962400253,0.00297756706303049,0.000273330507431332,2.26161614173886e-17,0.732551599909174,0.495487934306032,1.29905045139178,0.631718246262418,0.633928042783256,0.196823045321248,0.197409099138241,-0.00220979652083779,0.000586053816993904,15,2,0.164598129186079,0.222848888298151,1.2,0.255
224,13,0.866666666666667,10.2,kalman-gm,0.000293555178698953,0.000981604951995827,0.000156139650252011,0.000232587971090376,1.62310779783912e-05,2.71393937008663e-17,0.0964547561953245,0.55311759835253,0.588601907983361,0.763935855938713,0.763765222802279,0.243491386203349,0.243548019370844,0.000170633136434571,5.66331674950202e-05,15,2,0.0153716622625513,0.031539379856341,1.2,0.255
225,13,0.866666666666667,10.2,kalman-gm,0.00237062112497191,0.00337673437061789,0.0036588339417467,0.00045955901869658,5.31513958565467e-05,6.78484842521657e-17,0.344107436334648,0.820377620650248,0.63921655184344,0.721973315722292,0.723040739937707,0.172323341653194,0.172402534398983,-0.00106742421541508,7.91927457886574e-05,15,2,0.0271388074629551,0.0530545321032434,1.2,0.255
226,13,0.866666666666667,10.2,kalman-gm,0.00420600452063267,0.00753808295018298,0.00373368257035442,0.00229533799044495,3.59904995244603e-05,6.78484842521657e-17,0.227380190815135,0.640500299835744,0.468321580385867,0.841433810705956,0.83793206579221,0.168295200922579,0.168681495290866,0.0035017449137464,0.000386294368287161,15,2,0.0418058416575499,0.0645816353853059,1.2,0.255
227,13,0.866666666666667,10.2,kalman-gm,0.0134048132949075,0.0235869791437057,0.00478870316717137,0.000137936500803922,0.000100268369932324,9.49878779530319e-17,0.0762566537616292,0.344946054833927,2.06670607602215,0.312902662733254,0.30873423576801,0.235418595642728,0.235434663409696,0.00416842696524375,1.60677669672582e-05,15,2,0.0663295531666344,0.0445167572474716,1.2,0.255
228,13,0.866666666666667,10.2,kalman-gm,0.00371261499722908,0.00853205845066063,0.0041046013756896,0.00498856352471662,0.000194671530677226,6.78484842521657e-17,0.0416136150867291,0.266463328600517,0.751980649575988,0.745696309265577,0.743866731756248,0.16238323784902,0.163193296946379,0.00182957750932872,0.000810059097359006,15,2,0.0698151946761925,0.119519924675431,1.2,0.255
229,13,0.866666666666667,10.2,kalman-gm,0.0149493719584778,0.00709741045762693,0.00206020993877872,0.0013834583353486,6.93991845641747e-05,3.1662625984344e-17,0.594127728806626,0.29420397907004,1.63923025218243,0.110897494888555,0.111865154470745,0.227357107006652,0.227671646091441,-0.000967659582190041,0.000314539084789096,15,2,0.0571530307171952,0.0592736332949633,1.2,0.255
230,13,0.866666666666667,10.2,kalman-gm,0.00277516046827054,0.0038599642900882,0.00628196073452369,0.00195408257649969,0.00013987138719077,4.07090905512994e-17,0.322943542912924,0.787063207136839,1.04209092931247,0.48898322665365,0.489858105680488,0.110618412617553,0.110834570130289,-0.000874879026838579,0.000216157512736014,15,2,0.0854857390085562,0.124504383777555,1.2,0.255
201,13,0.866666666666667,10.2,mean,0.00213303295606897,0.00575758896751118,0.00594517825557964,0.0014871236891682,7.32677709511995e-05,2.71393937008663e-17,0.345571444446936,0.827231681406702,0.817201766118518,0.616454826456683,0.617467143922082,0.256843355035923,0.256461397198244,-0.00101231746539875,-0.000381957837679359,15,2,0.0565836216111443,0.0715484668714923,1.2,0.255
202,13,0.866666666666667,10.2,mean,0.0152015911155908,0.0590953009233866,0.00105861687585595,0.000906685605198646,3.59188503760536e-05,6.78484842521657e-17,1.04491044702099,1.09238018145125,1.42790533563964,0.160681919011297,0.163037943531231,0.251232225543705,0.251460014186168,-0.00235602451993403,0.000227788642462497,15,2,0.109493154049044,0.0757068675502835,1.2,0.255
203,13,0.866666666666667,10.2,mean,0.000906145389226586,0.00334150101559039,0.00111748694918834,7.35334781537844e-05,9.29734250632935e-06,5.88020196852102e-17,1.24856420210396,2.15831634433668,0.567409170207854,0.694960207614072,0.69476341552327,0.265257115383265,0.265276620661564,0.000196792090801753,1.95052782991711e-05,15,2,0.0312031002777627,0.0582472184178942,1.2,0.255
204,13,0.866666666666667,10.2,mean,0.00254858035308005,0.00375902988535969,0.00296053716809931,0.000120089165567403,1.21492566002548e-05,4.97555551182548e-17,0.196538885345152,0.289362995356848,0.877879938788464,0.52268663025448,0.521506805891617,0.242669746266092,0.242647978011225,0.0011798243628631,-2.17682548668666e-05,15,2,0.0391139924537637,0.0717834749779613,1.2,0.255
205,13,0.866666666666667,10.2,mean,0.00827557867439335,0.00968823401069185,0.00352395206163601,0.000209540637839679,9.50609250011688e-06,3.1662625984344e-17,1.88359161849318,2.28206753733489,1.42252981242015,0.140428566270625,0.141211315980709,0.295926180234087,0.295864171673528,-0.000782749710083917,-6.20085605597104e-05,15,2,0.0449639039918288,0.0638306477313001,1.2,0.255
206,13,0.866666666666667,10.2,mean,0.000564293810922126,0.000940546207777156,0.000390823627477817,0.000204763138167757,1.04294324814657e-05,5.88020196852102e-17,0.138464782790949,0.635442907039763,0.655793611814982,0.741284681449617,0.741409650776781,0.30427085822132,0.304208554765538,-0.000124969327163598,-6.23034557823943e-05,15,2,0.0332561212976706,0.0502644807643149,1.2,0.255
207,13,0.866666666666667,10.2,mean,0.00257535232385481,0.00561566004790492,0.00151135751216282,0.000681605766322742,5.50919749326556e-05,4.07090905512994e-17,0.281299289041686,0.750632237916565,0.923738655188252,0.624781647399439,0.626074809008634,0.297896301047248,0.297693253210688,-0.00129316160919552,-0.00020304783656002,15,2,0.0729080420267553,0.069137946346348,1.2,0.255
208,13,0.866666666666667,10.2,mean,0.000489983721776994,0.00108105419073962,0.000314199160948337,0.00011086849401765,9.00303092352096e-06,1.35696968504331e-17,0.0793694336621152,0.498016084703382,0.811681505391059,0.650689174464744,0.650937731523783,0.187972843293289,0.187952003027236,-0.000248557059038753,-2.08402660521426e-05,15,2,0.0363677297631394,0.0714046162108515,1.2,0.255
209,13,0.866666666666667,10.2,mean,0.00229357857806917,0.0497035532664415,0.00135629880765416,0.00111851412614279,2.34562587418582e-05,3.61858582678217e-17,0.296881727098473,0.781395283458386,1.49251523619784,0.450866371605387,0.451659666950174,0.320189618981196,0.319831482369321,-0.000793295344786189,-0.000358136611874745,15,2,0.0490276901907306,0.0634788865538205,1.2,0.255
210,13,0.866666666666667,10.2,mean,0.0111129265485892,0.00744064799292978,0.014225772747408,0.0101755365530391,0.0011919019951255,6.3325251968688e-17,0.172658406407161,0.572016003301858,0.632989581979175,0.914585479434601,0.904421758179238,0.128852532382506,0.130163676035716,0.010163721255363,0.00131114365320985,15,2,0.26963240839005,0.866586884756385,1.2,0.255
211,13,0.866666666666667,10.2,mean,0.00292801646690219,0.0136523383976756,0.0030812758233584,9.98942219806522e-05,1.22703867749314e-05,9.49878779530319e-17,0.0427778779575416,0.328741333762244,1.04885190831903,0.524420526677302,0.522993735468757,0.223419351449529,0.223441669751818,0.00142679120854406,2.23183022884726e-05,15,2,0.0466752381406658,0.0719182017269062,1.2,0.255
212,13,0.866666666666667,10.2,mean,0.00369663294144194,0.00522567422439251,0.00068976468313029,0.000200689703084293,3.73034700816733e-06,4.97555551182548e-17,1.58397809755283,1.69224951321922,1.25490926722368,0.265752189746186,0.264824006459851,0.274476173078156,0.274421127979216,0.000928183286335668,-5.50450989394491e-05,15,2,0.0366579778395393,0.0624250028655204,1.2,0.255
213,13,0.866666666666667,10.2,mean,0.000913476435307157,0.00253152700308707,0.00131698878746525,0.00124281060388366,4.26165288247109e-05,1.80929291339108e-17,0.539665656213466,1.00925290258133,0.448755681742164,0.872167985399024,0.871520071183255,0.0994968351178286,0.0993731793960913,0.000647914215769005,-0.000123655721737302,15,2,0.0734695488022746,0.0979933358578098,1.2,0.255
214,13,0.866666666666667,10.2,mean,0.00111320677540829,0.00487475860604081,0.00138005671465491,6.76936088055391e-05,2.51580017840902e-05,8.14181811025988e-17,0.484196195613528,0.972775371403654,0.8151873724919,0.673134034661924,0.672682913582695,0.163489207893029,0.163479266028183,0.000451121079228835,-9.94186484623183e-06,15,2,0.0435550766759815,0.0777744531809699,1.2,0.255
215,13,0.866666666666667,10.2,mean,0.00045338483575469,0.000174072820912776,0.000143155676337443,0.000285889352653606,3.19360193192266e-05,6.78484842521657e-17,0.485782163388732,0.962074870920155,0.804200298311811,0.671087494214146,0.67136902857487,0.263019681400256,0.263094875926707,-0.000281534360723978,7.5194526450677e-05,15,2,0.040983523838287,0.0667492687399731,1.2,0.255
216,13,0.866666666666667,10.2,mean,0.0257627149806603,0.033915267056091,0.00541533307187256,0.00111667489238486,7.08587424907704e-05,6.78484842521657e-17,0.20818012266083,0.564495646369518,1.58138534991547,0.175349490945206,0.170908540786295,0.221394250448839,0.221641475849634,0.00444095015891055,0.000247225400794584,15,2,0.0785611289733826,0.0892500552903699,1.2,0.255
217,13,0.866666666666667,10.2,mean,0.00180943049963113,0.00703757461701783,0.000743097949939689,0.000267302701658918,2.05248299735898e-05,5.42787874017325e-17,0.800903436913236,0.378495304058491,1.88290781846555,0.546133392757736,0.546939716846946,0.318504644301917,0.318419507150004,-0.000806324089210768,-8.51371519128152e-05,15,2,0.0494136181924168,0.0641773476978651,1.2,0.255
218,13,0.866666666666667,10.2,mean,0.0135080404705945,0.0352672974477718,0.00378266592458391,3.11521835857147e-05,4.90640323490705e-06,8.14181811025988e-17,1.46526347223748,1.48088481752437,1.49990007375193,0.154417413284555,0.1560698639609,0.292665219519477,0.292674214016058,-0.00165245067634483,8.99449658049611e-06,15,2,0.0637394661243172,0.0661210047458547,1.2,0.255
219,13,0.866666666666667,10.2,mean,0.00905323402091478,0.0116807422021106,0.00917425924345704,0.000373888214836708,3.50964637768285e-05,7.68949488191211e-17,0.319243436440511,0.825223808492919,1.37914835877605,0.465289877658764,0.469502255808772,0.37174679214134,0.371607800396855,-0.0042123781500076,-0.000138991744484998,15,2,0.10063752290604,0.0679866990954512,1.2,0.255
220,13,0.866666666666667,10.2,mean,0.00324021994412824,0.0135134172498938,0.00290308883842171,0.000327072671570059,6.71114286442929e-06,8.14181811025988e-17,0.155385283670769,0.351266133032794,1.45943510030109,0.589985441053409,0.591152888814491,0.29879684942275,0.298699121138952,-0.00116744776108224,-9.77282837974153e-05,15,2,0.0504263445281816,0.0703578672131449,1.2,0.255
221,13,0.866666666666667,10.2,mean,0.000674469278474909,0.00306143437588953,0.00117983026908891,0.000281110861994831,1.20121260414053e-05,2.71393937008663e-17,0.879562865485265,1.40833090853378,0.699009970760201,0.736145556159055,0.736131688866525,0.283196832028892,0.283117222323327,1.3867292530174e-05,-7.96097055658473e-05,15,2,0.0363341997931931,0.065175035728986,1.2,0.255
222,13,0.866666666666667,10.2,mean,0.000630925055382489,0.00472116388226371,0.00103966920572359,0.00160379715497702,0.000137728895171008,6.78484842521657e-17,0.563647860049036,0.918743960128238,0.910236534371866,0.797942956744709,0.798100118961509,0.127132046923731,0.126928152908568,-0.000157162216800112,-0.000203894015162684,15,2,0.035986809035051,0.0755810037652909,1.2,0.255
223,13,0.866666666666667,10.2,mean,0.00376026852003277,0.00515862063401736,0.00467717174603214,0.00127993231834644,0.000143764716828936,3.1662625984344e-17,0.800292309255154,0.526376788400695,1.35658730757423,0.631718246262418,0.630698503579892,0.196823045321248,0.19707496549795,0.00101974268252555,0.000251920176702032,15,2,0.151932828701438,0.151984961454011,1.2,0.255
224,13,0.866666666666667,10.2,mean,0.00198954545902333,0.000687267739278872,0.000384975555965959,7.41499347090182e-05,2.46105389354795e-05,3.61858582678217e-17,0.0962923190388083,0.552855073787021,0.589912969027526,0.763935855938713,0.762422043091064,0.243491386203349,0.24347333133296,0.00151381284764933,-1.80548703891867e-05,15,2,0.0242383321013171,0.0557087416100046,1.2,0.255
225,13,0.866666666666667,10.2,mean,0.00116730445369922,0.000884732546028037,0.00164114580022599,0.000465413736931993,2.66182809688603e-05,8.14181811025988e-17,0.343951838392643,0.819521625281202,0.641872806635398,0.721973315722292,0.721422679780814,0.172323341653194,0.172403543303594,0.000550635941477271,8.02016503994216e-05,15,2,0.0358989737073187,0.0726522383847912,1.2,0.255
226,13,0.866666666666667,10.2,mean,0.00333508537666736,0.00535937581927182,0.00331290435980488,0.000502538109284674,4.21213611595423e-05,5.42787874017325e-17,0.227380947979967,0.640349174458204,0.46507723361246,0.841433810705956,0.838766649396444,0.168295200922579,0.168362973272794,0.00266716130951279,6.77723502150329e-05,15,2,0.0520033879971127,0.0826314396912302,1.2,0.255
227,13,0.866666666666667,10.2,mean,0.00999366136647304,0.0117610497942898,0.00451492711903814,0.000117478818873932,8.21240911398606e-05,4.97555551182548e-17,0.0782428353509792,0.344809439528098,2.07121965255238,0.312902662733254,0.309775671549756,0.235418595642728,0.235407548935978,0.00312699118349769,-1.10467067504061e-05,15,2,0.0787252937586615,0.0706144633052874,1.2,0.255
228,13,0.866666666666667,10.2,mean,0.00335692227101471,0.00411966585630269,0.00467280022524159,0.00237980052761202,0.000105719862853264,7.68949488191211e-17,0.0408860686497522,0.26632443697352,0.750960363302639,0.745696309265577,0.744027377203237,0.16238323784902,0.162769677564129,0.00166893206233953,0.000386439715108447,15,2,0.0788540788672951,0.104278853473838,1.2,0.255
229,13,0.866666666666667,10.2,mean,0.0214591019784797,0.0112836668864581,0.00614032063312444,0.00182119239393009,0.000114213928000613,3.61858582678217e-17,0.589390959506647,0.286353071715115,1.64132842102912,0.110897494888555,0.108689069403533,0.227357107006652,0.227771168040639,0.00220842548502239,0.000414061033986465,15,2,0.0583572377096894,0.0691426329735179,1.2,0.255
230,13,0.866666666666667,10.2,mean,0.00530113428624353,0.013793399460397,0.00653099470506477,0.00173517353052204,8.67429492032408e-05,5.42787874017325e-17,0.324924042309995,0.79291495565422,1.0469035563777,0.48898322665365,0.486918081426127,0.110618412617553,0.110810354759116,0.00206514522752342,0.000191942141562344,15,2,0.0766339346370491,0.100621231434062,1.2,0.255
201,13,0.866666666666667,10.2,none,0.00509211473044171,0.00448907567071585,0.00244760655713977,0.00148830824935806,6.93365547587315e-05,0.866666666666667,0.366316966285486,0.852219758831756,0.824493791679366,0.616454826456683,0.61794469251529,0.256843355035923,0.257225617120016,-0.00148986605860703,0.000382262084092766,2,2,NaN,NaN,1.2,0.255
202,13,0.866666666666667,10.2,none,0.148374402169067,0.28976485101325,0.00953376875697002,0.00551266144440711,0.000556020302279572,0.866666666666667,0.987395142363686,1.01504967453704,1.37780158894826,0.160681919011297,0.184523002683976,0.251232225543705,0.252617183747052,-0.0238410836726795,0.00138495820334737,2,2,NaN,NaN,3,0.255
203,13,0.866666666666667,10.2,none,0.0162416804454662,0.0597101637322445,0.0282065336356996,0.00651465360251619,0.0006550555970908,0.866666666666667,1.09062015796338,1.51116553513082,0.596177819588177,0.694960207614072,0.706247529228455,0.265257115383265,0.266985173605589,-0.0112873216143826,0.00172805822232464,2,2,NaN,NaN,1.2,0.255
204,13,0.866666666666667,10.2,none,0.0500850707846303,0.0831364805918696,0.047586147375551,0.00568096846689092,0.000698825944981133,0.866666666666667,0.140858192351531,0.342241564942766,0.84953769680072,0.52268663025448,0.548865427128956,0.242669746266092,0.244048345442498,-0.0261787968744755,0.00137859917640609,2,2,NaN,NaN,1.2,0.255
205,13,0.866666666666667,10.2,none,0.0591854402465264,0.0405291191917284,0.0192126976344846,0.00108226485148535,7.26730305476142e-05,0.866666666666667,1.86863246869904,2.24330582860727,1.43920529774069,0.140428566270625,0.132235302442409,0.295926180234087,0.296246450737589,0.00819326382821518,0.000320270503501671,2,2,NaN,NaN,1.2,0.255
206,13,0.866666666666667,10.2,none,0.0335141767912709,0.0225873634850326,0.0149897439162062,0.00487268020158237,0.000545674801191904,0.866666666666667,0.144431061767387,0.619714424444023,0.691982250408042,0.741284681449617,0.716441135582854,0.30427085822132,0.305753472808094,0.0248435458667634,0.00148261458677351,2,2,NaN,NaN,3.3,0.255
207,13,0.866666666666667,10.2,none,0.00654962345259256,0.00477563016996722,0.00899482854029714,0.000221922048278459,3.81215831272552e-05,0.866666666666667,0.271063176061165,0.719890223912817,0.928904464239863,0.624781647399439,0.621259266281769,0.297896301047248,0.297882719216508,0.00352238111767001,-1.35818307400221e-05,2,2,NaN,NaN,1.2,0.255
208,13,0.866666666666667,10.2,none,0.0146871225961105,0.0144567288216439,0.00772652952411248,0.0170852163679221,0.00184037038824006,0.866666666666667,0.0725242217870918,0.513939249273732,0.788535762195717,0.650689174464744,0.641132422787419,0.187972843293289,0.191184399992248,0.00955675167732562,0.00321155669895935,2,2,NaN,NaN,1.2,0.255
209,13,0.866666666666667,10.2,none,0.0166187722551759,0.0397366971299758,0.0157908664072005,0.000466821895658939,0.000178474304177682,0.866666666666667,0.326922900728396,0.85653747417378,1.47491733574603,0.450866371605387,0.458359217152615,0.320189618981196,0.320339090506099,-0.00749284554722743,0.000149471524903115,2,2,NaN,NaN,1.2,0.255
210,13,0.866666666666667,10.2,none,0.00429731991016625,0.0113559151512506,0.00702951609573021,0.00636614474701549,0.00343194784144277,0.866666666666667,0.0759681074395246,0.554739578302788,0.496231938110448,0.914585479434601,0.918515745824924,0.128852532382506,0.129592881443676,-0.00393026639032326,0.000740349061169955,2,2,NaN,NaN,1.2,0.255
211,13,0.866666666666667,10.2,none,0.00878826423966379,0.0414539899246777,0.0173205226269709,0.00415215052045017,0.00026881016962729,0.866666666666667,0.0559032726922603,0.39880746768138,1.05470847139678,0.524420526677302,0.519811780516158,0.223419351449529,0.224347022225929,0.00460874616114378,0.000927670776399802,2,2,NaN,NaN,1.2,0.255
212,13,0.866666666666667,10.2,none,0.0447174871221127,0.110318787235827,0.00371205554376797,0.00900186448745147,0.000704233074569584,0.866666666666667,1.54274770145459,1.61529888677577,1.30080381733288,0.265752189746186,0.253871027797945,0.274476173078156,0.27694697039324,0.0118811619482417,0.00247079731508383,2,2,NaN,NaN,1.2,0.255
213,13,0.866666666666667,10.2,none,0.00407925300886305,0.00548715276527285,0.00224212010589883,0.0110789729168678,0.00183275737285901,0.866666666666667,0.509281542045083,0.961063260002186,0.442082565504946,0.872167985399024,0.875280192173521,0.0994968351178286,0.100599157859413,-0.00311220677449776,0.00110232274158449,2,2,NaN,NaN,1.2,0.255
214,13,0.866666666666667,10.2,none,0.0176998138020922,0.0193323630350495,0.00617484102627713,0.00926343577709391,0.00172899162383021,0.866666666666667,0.396434829867051,0.942200035874397,0.793774070973489,0.673134034661924,0.685039677433208,0.163489207893029,0.165003679670594,-0.0119056427712843,0.00151447177756503,2,2,NaN,NaN,1.2,0.255
215,13,0.866666666666667,10.2,none,0.00313709385002829,0.00623444799859222,0.00210152924730011,0.000135593060502556,2.53926587039636e-05,0.866666666666667,0.460948185915816,0.946954579788398,0.79168579148773,0.671087494214146,0.673154118723244,0.263019681400256,0.262995288549978,-0.00206662450909884,-2.4392850278282e-05,2,2,NaN,NaN,1.2,0.255
216,13,0.866666666666667,10.2,none,0.0830847256871137,0.114456301924714,0.0263182608837016,0.00948138963890345,0.00120543737340782,0.866666666666667,0.105617703128782,0.497227507588778,1.57707171444292,0.175349490945206,0.160808254396605,0.221394250448839,0.223493375601158,0.0145412365486007,0.00209912515231842,2,2,NaN,NaN,1.2,0.255
217,13,0.866666666666667,10.2,none,0.0286572931381865,0.0317206763271752,0.0178498642399161,0.0016576955654949,0.000138008603556123,0.866666666666667,0.775316664362598,0.370636858144497,1.85701482068095,0.546133392757736,0.56175120961152,0.318504644301917,0.319032628038366,-0.0156178168537839,0.000527983736448819,2,2,NaN,NaN,1.2,0.255
218,13,0.866666666666667,10.2,none,0.113951720588272,0.043954360837869,0.00594519669110981,0.00334736745194437,0.000193826456720336,0.866666666666667,1.04786455087024,1.12497096421953,1.55224633013084,0.154417413284555,0.137037664764481,0.292665219519477,0.293644877549613,0.0173797485200745,0.00097965803013565,2,2,NaN,NaN,1.2,0.255
219,13,0.866666666666667,10.2,none,0.00698706235663204,0.0355257784151704,0.00616611265706138,0.00114237955420332,9.75773054184955e-05,0.866666666666667,0.30514337031057,0.815904533103056,1.36637354155474,0.465289877658764,0.462887978466147,0.37174679214134,0.371322116206657,0.00240189919261673,-0.000424675934682938,2,2,NaN,NaN,1.2,0.255
220,13,0.866666666666667,10.2,none,0.00343540405903844,0.0128939269360661,0.0115504188770203,0.000516377695789815,0.000108913927047628,0.866666666666667,0.128846624148032,0.342366509681026,1.44677165741329,0.589985441053409,0.588473417242894,0.29879684942275,0.298951141451364,0.00151202381051553,0.000154292028614176,2,2,NaN,NaN,1.2,0.255
221,13,0.866666666666667,10.2,none,0.00295864280427046,0.0108943351829307,0.00849095257979152,0.00314789787008997,0.000383358056102936,0.866666666666667,0.753357308634479,1.16985912050476,0.685943420332727,0.736145556159055,0.737808593714543,0.283196832028892,0.284088306733252,-0.00166303755548754,0.000891474704359977,2,2,NaN,NaN,1.2,0.255
222,13,0.866666666666667,10.2,none,0.00641446178672639,0.015829042785162,0.0163500092307459,0.0184543633089657,0.00314122133850733,0.866666666666667,0.53012122264011,0.930729985779641,0.836726868374046,0.797942956744709,0.803061331348736,0.127132046923731,0.129478187905874,-0.0051183746040264,0.002346140982143,2,2,NaN,NaN,1.2,0.255
223,13,0.866666666666667,10.2,none,0.00263650822266405,0.00269509357510244,0.00785534181190248,0.00579133121340864,0.000833287839344707,0.866666666666667,0.696816601870039,0.502981336266419,1.256227027014,0.631718246262418,0.63299386619394,0.196823045321248,0.197962912767135,-0.00127561993152255,0.00113986744588708,2,2,NaN,NaN,1.2,0.255
224,13,0.866666666666667,10.2,none,0.00639757790937973,0.009709231249729,0.00432508243404846,0.000368241416480591,7.57417029239902e-05,0.866666666666667,0.0731718895396836,0.513665794938104,0.608405473091421,0.763935855938713,0.759181747245087,0.243491386203349,0.243576109258226,0.00475410869362698,8.47230548768338e-05,2,2,NaN,NaN,1.2,0.255
225,13,0.866666666666667,10.2,none,0.00501406163295669,0.0212875040274639,0.00950615131944097,0.00331299651269006,0.000440681578236323,0.866666666666667,0.318550422388631,0.789713481551291,0.636716045628921,0.721973315722292,0.725493690361697,0.172323341653194,0.172894248283146,-0.00352037463940485,0.00057090662995213,2,2,NaN,NaN,1.2,0.255
226,13,0.866666666666667,10.2,none,0.00412415377084042,0.0195656534455442,0.00462441935698527,0.00822014012606492,0.000734623216234176,0.866666666666667,0.209376143955813,0.582772660531542,0.467798123172504,0.841433810705956,0.84299761960812,0.168295200922579,0.169678611056707,-0.00156380890216307,0.00138341013412785,2,2,NaN,NaN,1.2,0.255
227,13,0.866666666666667,10.2,none,0.0144283069592494,0.0442075548091746,0.0199698793518202,0.00982274347838632,0.000436172428836657,0.866666666666667,0.103977040168455,0.22320349600564,2.0721603050991,0.312902662733254,0.308441859678985,0.235418595642728,0.237731052117769,0.00446080305426915,0.00231245647504048,2,2,NaN,NaN,1.2,0.255
228,13,0.866666666666667,10.2,none,0.00423507444080914,0.0373459845448017,0.0119118876062927,0.0202752704861312,0.00280468205905761,0.866666666666667,0.0761400726563543,0.299014925454942,0.726686984247102,0.745696309265577,0.745373037128788,0.16238323784902,0.165675601918823,0.000323272136788582,0.00329236406980266,2,2,NaN,NaN,1.2,0.255
229,13,0.866666666666667,10.2,none,0.132638781546822,0.276572311525267,0.0417229738823288,0.0105427489099284,0.000497888105229625,0.866666666666667,0.605359007517233,0.298390034883967,1.64858000895759,0.110897494888555,0.0961881862899422,0.227357107006652,0.229754075898711,0.0147093085986129,0.00239696889205885,2,2,NaN,NaN,1.2,0.255
230,13,0.866666666666667,10.2,none,0.0271427227272195,0.0500335170438955,0.0539237850534559,0.0164676433404398,0.00317417470968207,0.866666666666667,0.315715691930341,0.784912532445404,1.02629846145188,0.48898322665365,0.502203773075553,0.110618412617553,0.112440037183425,-0.013220546421903,0.00182162456587147,2,2,NaN,NaN,1.2,0.255
201,13,0.866666666666667,18,hold,0.00543927713093042,0.00468261591255188,0.00543080272248741,0.00197807802119678,0.000187626470393303,5.38264641733848e-17,0.443071425745013,0.957586277022898,0.821412682966491,0.613462093670414,0.616760517125029,0.254740774080511,0.255244671206822,-0.00329842345461552,0.000503897126311315,15,2,0.095500771437395,0.148968896141634,1.2,0.45
202,13,0.866666666666667,18,hold,0.0270098843553278,0.149930898067135,0.00661085066005902,0.00118138202659288,0.000198324113201126,6.66422889765717e-17,1.11520884092416,1.21771474054003,1.44537761183243,0.145980316846628,0.149380726553922,0.252665969589489,0.252964464624694,-0.00340040970729336,0.000298495035204686,15,2,0.184382076207398,0.260419756864349,1.2,0.45
203,13,0.866666666666667,18,hold,0.00922651081399838,0.0180211847905935,0.0109310296877284,0.000340894022923444,9.05796147723197e-05,6.15159590552969e-17,1.39962576943171,2.50458943993343,0.583765409559824,0.693505967146665,0.687166976476168,0.269888236903563,0.269980240190381,0.00633899067049761,9.20032868177711e-05,15,2,0.0665504111884086,0.122582092657284,1.2,0.45
204,13,0.866666666666667,18,hold,0.00409364905853403,0.0481408361810393,0.00323732951762586,0.00199543889743123,5.53302233139252e-05,5.63896291340222e-17,0.135099772684441,0.400341787456026,0.893034963824197,0.513898516758025,0.51213104457195,0.2453875642382,0.244897908347573,0.00176747218607528,-0.000489655890626809,15,2,0.110111846381366,0.229873862100892,1.2,0.45
205,13,0.866666666666667,18,hold,0.0239434333947987,0.0190029858041812,0.0320031628602056,0.00342759495037867,0.000485142684562187,5.12632992127474e-17,1.96153372345877,2.45830980889782,1.41267792343185,0.141046230201693,0.143838237117601,0.295672935729962,0.296686382791433,-0.0027920069159082,0.00101344706147165,15,2,0.0856489201772309,0.185439724685514,1.2,0.45
206,13,0.866666666666667,18,hold,0.000880174479108401,0.00118020303738526,0.000319580908661118,4.97358234730067e-05,9.00521939295345e-06,4.61369692914727e-17,0.235964782654092,0.797564998661447,0.634186045025297,0.757170510744761,0.756518714381447,0.30614492555231,0.306155083700351,0.000651796363313776,1.01581480403684e-05,15,2,0.0507530477249409,0.0829483722804927,1.2,0.45
207,13,0.866666666666667,18,hold,0.00510677346447803,0.00616436932881538,0.00622486033205087,0.000213934345157665,6.7782263928906e-05,3.07579795276485e-17,0.378789393954677,0.874425870571089,0.927035605499923,0.625826379460481,0.622837889938483,0.2973284495251,0.297380158273618,0.00298848952199862,5.17087485177137e-05,15,2,0.109983877426639,0.119640111901702,1.2,0.45
208,13,0.866666666666667,18,hold,0.00282312342142761,0.0190809949302639,0.00206074261636068,0.0039813592699336,0.000235706955895393,2.0505319685099e-17,0.113261829587989,0.638532409021072,0.807360173686704,0.656561792705668,0.654809080869565,0.184384194244406,0.18511829396539,0.00175271183610246,0.000734099720984202,15,2,0.0781062440701343,0.185860715521951,1.2,0.45
209,13,0.866666666666667,18,hold,0.00483467185383256,0.00100341646040219,0.00232879915889452,0.000186473173580061,2.5073876350716e-05,1.28158248031869e-17,0.394372252818282,0.920684818293632,1.48894635637667,0.449870847147098,0.447696844982879,0.325066709348446,0.325127325569364,0.00217400216421837,6.06162209174321e-05,15,2,0.083482322442892,0.1124775511039,1.2,0.45
210,13,0.866666666666667,18,hold,0.0191164035586595,0.0136119867190424,0.0124552918509057,0.0312765128458803,0.00578511038318488,6.40791240159343e-17,0.307704876963983,0.669728101539984,0.704414097033978,0.911875482461987,0.894443702743996,0.128962871187208,0.132996380084536,0.0174317797179907,0.00403350889732831,15,2,0.541883002589896,2.48744044300643,1.2,0.45
211,13,0.866666666666667,18,hold,0.0121480677973215,0.0298249185534847,0.0102606882258247,0.00170906087061881,0.000284389526390477,7.43317838584838e-17,0.13468985127065,0.597997251139669,1.05351058617721,0.522301856214857,0.516031788618002,0.224149544629049,0.224532629844941,0.00627006759685532,0.000383085215892532,15,2,0.124777898710964,0.279967366038836,1.2,0.45
212,13,0.866666666666667,18,hold,0.0112115475178946,0.018287558482164,0.00618292394441586,0.00147466517515141,6.41304354419741e-05,5.38264641733848e-17,1.68664627650567,1.78224958254796,1.23208252575804,0.277256991643946,0.274465578189036,0.275836339176229,0.276243105419653,0.00279141345491017,0.000406766243424436,15,2,0.063065455012476,0.0993006185427223,1.2,0.45
213,13,0.866666666666667,18,hold,0.00710678691998512,0.00968073974479189,0.00863900752808161,0.0144795895574327,0.000737905938951392,2.56316496063737e-18,0.619544641239676,1.11904061127717,0.464516953649676,0.871812711122806,0.865637310040382,0.098955234601436,0.100388065783024,0.00617540108242384,0.00143283118158826,15,2,0.170679532616412,0.355464356208537,1.2,0.45
214,13,0.866666666666667,18,hold,0.00264855002365706,0.00533445407796243,0.00758056935459271,0.00383783893786902,0.000423627191368882,8.71476086616706e-17,0.585737467547833,1.16154650062793,0.831238740067676,0.667349848166966,0.665630254572447,0.161551141126885,0.162171148386759,0.00171959359451919,0.000620007259873932,15,2,0.119348943524013,0.232234411990343,1.2,0.45
215,13,0.866666666666667,18,hold,0.000423361541682849,0.0011402403482966,0.00119177567141139,0.000534555312945767,4.51392839391668e-05,4.35738043308353e-17,0.5935707260535,1.08500096597448,0.796907091488045,0.671715051076487,0.671558932319507,0.260850135473205,0.260989574299004,0.000156118756979153,0.000139438825799825,15,2,0.0632423683894265,0.104996062569543,1.2,0.45
216,13,0.866666666666667,18,hold,0.0891889453983453,0.121934660150235,0.0230746704511616,0.00546544300912882,0.000512103168243333,7.43317838584838e-17,0.245984261723178,0.735319515576069,1.58532065019147,0.196349411581488,0.17894094558462,0.226880572108821,0.22812057494556,0.0174084659968677,0.0012400028367393,15,2,0.151768991962121,0.343475605484149,1.2,0.45
217,13,0.866666666666667,18,hold,0.00295321345892683,0.0059137481105056,0.00103003053896409,0.000363337925244,5.17659976126615e-05,4.10106393701979e-17,0.722733975376997,0.247427511106646,1.89517259016647,0.534074347723111,0.532723437258554,0.318023712698768,0.318139262774718,0.00135091046455691,0.000115550075950364,15,2,0.086463786182448,0.116177024230103,1.2,0.45
218,13,0.866666666666667,18,hold,0.0173632591460546,0.084728342985773,0.013475464403141,0.00139872774212623,0.000132140228396716,7.43317838584838e-17,1.56717747671857,1.3025897679573,1.48911430668919,0.163271916598705,0.163306229591744,0.293237704289646,0.293647864001674,-3.43129930392307e-05,0.000410159712027337,15,2,0.132446186495736,0.197535847400303,1.2,0.45
219,13,0.866666666666667,18,hold,0.0031226197730283,0.0041451136880089,0.00471305240806314,0.000330897259106225,1.49909633580188e-05,6.66422889765717e-17,0.420537863101227,0.98772863597998,1.3750522147612,0.470199139466511,0.470907122853437,0.371206055765034,0.37132888683145,-0.000707983386925422,0.000122831066416282,15,2,0.119152062690951,0.108967229585181,1.2,0.45
220,13,0.866666666666667,18,hold,0.00191179567231611,0.00266218041112526,0.0028555971594178,0.000222913596316684,3.27744637330151e-05,6.66422889765717e-17,0.118418841251016,0.505587152915004,1.48917482653716,0.592151562484213,0.591216188632024,0.301861486700453,0.301794197670863,0.000935373852189442,-6.72890295898987e-05,15,2,0.115501944919883,0.191504489431304,1.2,0.45
221,13,0.866666666666667,18,hold,0.00195252131679766,0.0135012291037383,0.00383526276330013,0.00241428270760017,0.000221424369258261,3.07579795276485e-17,0.985779536117955,1.55960178398933,0.698042929968358,0.735591692675871,0.736616347545275,0.283553688964763,0.284238267732706,-0.00102465486940353,0.000684578767943863,15,2,0.0651298824158441,0.157100131082634,1.2,0.45
222,13,0.866666666666667,18,hold,0.00231081035979418,0.00183872539452367,0.00170958865572703,0.00246434375153385,0.000420930106747903,7.68949488191212e-17,0.645369374529287,0.966903093594987,0.918167969249293,0.793344930268532,0.791550045737761,0.126739967564851,0.127052298411989,0.00179488453077106,0.000312330847138043,15,2,0.0890535880446433,0.155694909273943,1.2,0.45
223,13,0.866666666666667,18,hold,0.0102414041287443,0.00792277907748071,0.00872334717824181,0.00536298791288446,0.000781751821372647,7.68949488191212e-18,0.811649460457308,0.381220338416187,1.45287655525899,0.631817400198017,0.625465286209815,0.19156213940316,0.192589484841346,0.00635211398820211,0.00102734543818544,15,2,0.175610925597138,0.354943518673273,1.2,0.45
224,13,0.866666666666667,18,hold,0.00142588118094135,0.0037128769852094,0.00133037956292594,0.0015411933298665,0.000233998571840104,1.79421547244616e-17,0.184517861686081,0.682108392410486,0.588116120900658,0.766339241154661,0.765329626537827,0.242175938514647,0.24254917845574,0.00100961461683332,0.000373239941092934,15,2,0.0473672745903703,0.113498154027909,1.2,0.45
225,13,0.866666666666667,18,hold,0.00907691642806321,0.0146095977503066,0.0167120002241921,0.00277820178366132,0.000518209481290518,6.66422889765717e-17,0.441614888824575,0.955137938669099,0.641242342750996,0.71734021513537,0.723716253864094,0.173539666879865,0.174021795091926,-0.00637603872872407,0.000482128212061632,15,2,0.0943000756836134,0.219527637104082,1.2,0.45
226,13,0.866666666666667,18,hold,0.01201004089297,0.00805130688732615,0.0132254214616481,0.00995416877399656,0.00063072036649257,7.43317838584838e-17,0.324877175991563,0.684743744172076,0.469382727389759,0.848111154081283,0.838174015005274,0.167413112399171,0.169079570774973,0.00993713907600872,0.00166645837580141,15,2,0.125009648440866,0.284400243074519,1.2,0.45
227,13,0.866666666666667,18,hold,0.0109107381892338,0.0166111214766319,0.0037549739577873,0.00406505373877428,0.000325327755863035,7.43317838584838e-17,0.128659783667991,0.5265066299611,2.06835112207488,0.321125898546225,0.317848462407658,0.229628310463464,0.230561761885442,0.00327743613856694,0.000933451421977925,15,2,0.0990430619677244,0.150226489336329,1.2,0.45
228,13,0.866666666666667,18,hold,0.0134311297641862,0.0230628264634955,0.0145441480411234,0.0219408436484976,0.001820876343207,5.63896291340222e-17,0.0452047951541303,0.396112445229887,0.762151262697026,0.751231733134072,0.741323345721041,0.162979605176763,0.16655551521184,0.0099083874130311,0.00357591003507723,15,2,0.190399392125276,0.452722934341348,1.2,0.45
229,13,0.866666666666667,18,hold,0.0304019532359252,0.0296735452985481,0.0196427457062602,0.00745638567517357,0.000652663506438382,1.79421547244616e-17,0.52748328578021,0.213884164156023,1.61898266868835,0.131924475041749,0.132254953668571,0.226849140562764,0.228540615244882,-0.000330478626822269,0.00169147468211763,15,2,0.115852243766819,0.226137182053587,1.2,0.45
230,13,0.866666666666667,18,hold,0.0168751239828997,0.00960422429892975,0.0276084004355705,0.000848453154670383,4.23459680877077e-05,2.30684846457363e-17,0.420443542912902,0.933521524494403,1.04705045843875,0.479247465433206,0.487333546064537,0.115476476377684,0.11550580215688,-0.00808608063133059,2.93257791955633e-05,15,2,0.202832063545368,0.46894663957126,1.2,0.45
201,13,0.866666666666667,18,kalman,0.00362695350820675,0.0107652988102044,0.00858171758885385,0.00262422986374066,0.000273276891424018,6.40791240159343e-17,0.443071406816238,0.96214587045612,0.817495878069642,0.613462093670414,0.614767204576264,0.254740774080511,0.254072275733657,-0.00130511090585088,-0.000668498346854489,15,2,0.106753773035664,0.131438441387165,1.2,0.45
202,13,0.866666666666667,18,kalman,0.0215212274982941,0.0496946210393491,0.00493637083267709,0.00160433430858678,0.000189973031479076,4.35738043308353e-17,1.11943102841559,1.19369073121063,1.44235084378664,0.145980316846628,0.148647578815169,0.252665969589489,0.253071330273114,-0.00266726196854118,0.000405360683624762,15,2,0.18106427231413,0.157130168838519,1.2,0.45
203,13,0.866666666666667,18,kalman,0.00582887166606468,0.0605053282552232,0.00596885148518811,0.000728650657934077,8.1688587140093e-05,6.66422889765717e-17,1.40225796092691,2.14565307094763,0.571479554716127,0.693505967146665,0.697333305355831,0.269888236903563,0.270084891144951,-0.00382733820916619,0.000196654241388449,15,2,0.0573369079076348,0.100147534678539,1.2,0.45
204,13,0.866666666666667,18,kalman,0.00737162641769478,0.0833270282895211,0.0112048544555357,0.0107154196649733,0.000266478841491101,6.40791240159343e-17,0.138720539714275,0.408846170732541,0.89539014518187,0.513898516758025,0.510179826498618,0.2453875642382,0.242758133506822,0.00371869025940717,-0.00262943073137791,15,2,0.0736619436509884,0.134892673934252,1.2,0.45
205,13,0.866666666666667,18,kalman,0.0208101526571826,0.0807157154069421,0.00706684145118703,0.00339417566426018,0.000195833747887373,5.89527940946596e-17,1.95605179110892,2.45626935068568,1.43682547919904,0.141046230201693,0.139564160893497,0.295672935729962,0.294669369846926,0.00148206930819522,-0.001003565883035,15,2,0.0695140006759977,0.116173817398385,1.2,0.45
206,13,0.866666666666667,18,kalman,0.000885559819048354,0.000745871765273044,0.000601099127146984,0.00041412399208937,6.95384744299884e-05,4.61369692914727e-17,0.23596478289209,0.797254640359245,0.631932946418671,0.757170510744761,0.756754879521066,0.30614492555231,0.306018143593583,0.000415631223695153,-0.000126781958727626,15,2,0.0491432679317331,0.0849264238360195,1.2,0.45
207,13,0.866666666666667,18,kalman,0.00654768202907863,0.0120538272972411,0.00381503394864137,0.00232265865869907,0.000284056228309325,3.58843094489232e-17,0.378816072534743,0.873392353388132,0.911977400878716,0.625826379460481,0.629792467578914,0.2973284495251,0.296637857027333,-0.0039660881184322,-0.000690592497767045,15,2,0.106919034031126,0.121309734721701,1.2,0.45
208,13,0.866666666666667,18,kalman,0.0019707180569934,0.0250294519831055,0.00154728325227144,0.00100641919627504,9.41794318140936e-05,2.56316496063737e-17,0.113372092133481,0.625846868952811,0.80985250505032,0.656561792705668,0.656033651533207,0.184384194244406,0.184198626451828,0.000528141172460356,-0.000185567792577276,15,2,0.0660939774298969,0.126893229185943,1.2,0.45
209,13,0.866666666666667,18,kalman,0.0111423867347337,0.0694893247799158,0.00421310281162664,0.0034254052407636,0.000130539978725001,2.56316496063737e-17,0.394370932965165,0.924336369490221,1.49300516912508,0.449870847147098,0.454744779645434,0.325066709348446,0.323953224138646,-0.0048739324983366,-0.00111348520979995,15,2,0.0861572338589278,0.11187490901374,1.2,0.45
210,13,0.866666666666667,18,kalman,0.0198294238112537,0.0107300057181922,0.0113204288879863,0.0300837210219816,0.0054211806992347,7.94581137797585e-17,0.334561578076373,0.628638349176566,0.729254284003141,0.911875482461987,0.893793517057157,0.128962871187208,0.132842554226197,0.0180819654048302,0.00387968303898971,15,2,0.519942716449723,2.26555695195706,1.2,0.45
211,13,0.866666666666667,18,kalman,0.00506490908819809,0.012705401591034,0.00756032331527174,0.00105491013142648,3.37251340784345e-05,8.71476086616706e-17,0.0867678631406442,0.449452697240676,1.06487324155202,0.522301856214857,0.519816522590064,0.224149544629049,0.223913087003465,0.00248533362479306,-0.000236457625583815,15,2,0.0945759474700115,0.135090041551491,1.2,0.45
212,13,0.866666666666667,18,kalman,0.0117066693330362,0.0151404524018707,0.00145000265271489,0.000368383703753984,7.85184918059848e-05,8.71476086616706e-17,1.64666385926351,1.72035712374091,1.23613537346482,0.277256991643946,0.274164284438659,0.275836339176229,0.27586007441983,0.0030927072052875,2.37352436011379e-05,15,2,0.0572622529717833,0.108313075558012,1.2,0.45
213,13,0.866666666666667,18,kalman,0.00422042369328138,0.00736305815238163,0.0071370293827377,0.00472556203429821,0.000147939393376032,1.28158248031869e-17,0.609355113151964,1.12157410857222,0.46551455618005,0.871812711122806,0.868438717733629,0.098955234601436,0.0994228537011635,0.00337399338917768,0.000467619099727618,15,2,0.142794864802332,0.236454220355506,1.2,0.45
214,13,0.866666666666667,18,kalman,0.00110976341146772,0.00712057189574798,0.00161371849000279,0.000746386194478775,3.53999473954771e-05,6.40791240159343e-17,0.592829985075237,1.16299844667919,0.829988697042728,0.667349848166966,0.667456588043338,0.161551141126885,0.161430572058325,-0.000106739876372197,-0.000120569068559508,15,2,0.0849628440369919,0.145337168853336,1.2,0.45
215,13,0.866666666666667,18,kalman,0.000766267009971015,0.0134844664896727,0.00122861443607817,0.00154759552883963,0.000124172362195006,4.10106393701979e-17,0.593346216968444,1.08714361940589,0.798375417098976,0.671715051076487,0.672093807477724,0.260850135473205,0.260561787747666,-0.000378756401237475,-0.000288347725539151,15,2,0.0711734257746073,0.116297719672591,1.2,0.45
216,13,0.866666666666667,18,kalman,0.0551277548717465,0.0810934723807239,0.013466047049679,0.00347899099362004,0.000328847961068574,7.68949488191212e-17,0.272645210313656,0.723986733712643,1.57738536628599,0.196349411581488,0.185569900652574,0.226880572108821,0.227669887575815,0.0107795109289133,0.00078931546699395,15,2,0.121508034558265,0.166080859115825,1.2,0.45
217,13,0.866666666666667,18,kalman,0.00365956187794334,0.00793666009954177,0.00145466476685644,0.000179541883324985,5.07278277003815e-05,6.40791240159343e-17,0.719319610745674,0.2286534057495,1.90057243131821,0.534074347723111,0.535969249471143,0.318023712698768,0.317966614122448,-0.00189490174803188,-5.70985763199405e-05,15,2,0.0864398704103107,0.115195883468527,1.2,0.45
218,13,0.866666666666667,18,kalman,0.0160312586578978,0.033121926235227,0.0080249032941686,8.91079176442061e-05,1.09045564465157e-05,7.17686188978464e-17,1.52551500193652,1.22542650272983,1.49429576440077,0.163271916598705,0.161521247415993,0.293237704289646,0.29326383409085,0.00175066918271217,2.61298012040179e-05,15,2,0.108371220287503,0.121523610452958,1.2,0.45
219,13,0.866666666666667,18,kalman,0.016002977659626,0.0150066365804862,0.0154488250381396,0.000665500093168396,0.000102295047434137,5.38264641733848e-17,0.42268992825036,0.989398588507246,1.38278046279833,0.470199139466511,0.477723725790969,0.371206055765034,0.370959018100338,-0.00752458632445795,-0.000247037664696303,15,2,0.143136540527583,0.119319694010212,1.2,0.45
220,13,0.866666666666667,18,kalman,0.0146894902879849,0.0364032783325815,0.0118414847074208,0.00103565834755446,9.59424304256793e-05,6.40791240159343e-17,0.118320518603816,0.557700491531261,1.4627316615404,0.592151562484213,0.600576335264643,0.301861486700453,0.301548861331946,-0.00842477278042997,-0.000312625368506522,15,2,0.113726132044146,0.12807379592938,1.2,0.45
221,13,0.866666666666667,18,kalman,0.00146379064990828,0.00433541507050719,0.00228482008414616,0.000366029764247713,3.61700789886008e-05,4.10106393701979e-17,0.986569062441066,1.55018669923721,0.706251945301602,0.735591692675871,0.736510835876092,0.283553688964763,0.283449899874839,-0.000919143200221005,-0.000103789089923341,15,2,0.060498875305371,0.11222108623081,1.2,0.45
222,13,0.866666666666667,18,kalman,0.00172412163401051,0.0204773208393906,0.00229067955283936,0.00531314512712962,0.00043314519356894,7.94581137797585e-17,0.643409871435633,0.951297771592223,0.927668020180397,0.793344930268532,0.792399961074661,0.126739967564851,0.126066579723771,0.000944969193871272,-0.000673387841079756,15,2,0.0753257919573029,0.138862949498492,1.2,0.45
223,13,0.866666666666667,18,kalman,0.00701915010379437,0.011565453875298,0.00706525700940088,0.00140728951401516,0.000301442580635472,1.79421547244616e-17,0.780622632971013,0.385362411810968,1.4271902185778,0.631817400198017,0.628167837654558,0.19156213940316,0.191340412734214,0.0036495625434591,-0.000221726668946136,15,2,0.20420054303482,0.358430535116278,1.2,0.45
224,13,0.866666666666667,18,kalman,0.00198568139945322,0.0165020461940069,0.000825782446680052,0.00141846772522575,7.83454835410632e-05,3.84474744095606e-17,0.192323642340423,0.673640677547974,0.580133970690794,0.766339241154661,0.76482017537781,0.242175938514647,0.241832419762038,0.00151906577685093,-0.000343518752609283,15,2,0.0413970963918055,0.095559120405313,1.2,0.45
225,13,0.866666666666667,18,kalman,0.00245102632353001,0.015419634244293,0.00291923219106563,0.000660552185429283,7.68236196750634e-05,6.40791240159343e-17,0.441615539824341,0.963028632806157,0.649028767844068,0.71734021513537,0.71666097560579,0.173539666879865,0.173426454982783,0.000679239529580133,-0.000113211897081325,15,2,0.073207078032784,0.137975121112376,1.2,0.45
226,13,0.866666666666667,18,kalman,0.00591928103266172,0.018285723462124,0.00695196925835021,0.00702735692572663,0.00034507174361325,8.71476086616706e-17,0.318884013060211,0.518136777660569,0.458885404505,0.848111154081283,0.843176266548959,0.167413112399171,0.166236640704295,0.00493488753232406,-0.00117647169487577,15,2,0.103335336436176,0.178625971306216,1.2,0.45
227,13,0.866666666666667,18,kalman,0.0148877160850783,0.0124165330348113,0.00645077049196829,0.000405419505014297,0.00019880131908235,8.9710773622308e-17,0.0787389193181187,0.414372364184292,2.08276300200504,0.321125898546225,0.316345097620478,0.229628310463464,0.229535214667499,0.00478080092574646,-9.30957959653669e-05,15,2,0.123520310250916,0.130417640246095,1.2,0.45
228,13,0.866666666666667,18,kalman,0.00486165135835782,0.0393879064544007,0.0151187549353079,0.00926407618127759,0.000521750791658798,7.17686188978464e-17,0.0421031412122424,0.388591105552842,0.760871203919848,0.751231733134072,0.748065073234011,0.162979605176763,0.161624743352524,0.00316665990006182,-0.00135486182423952,15,2,0.141842113180013,0.228339927917048,1.2,0.45
229,13,0.866666666666667,18,kalman,0.0535418607012482,0.0322423804018436,0.0130230931460577,0.00247847580248348,0.000416181848507262,3.07579795276485e-17,0.509971378038753,0.209280466765951,1.62647790001207,0.131924475041749,0.124948307313496,0.226849140562764,0.227411380668463,0.00697616772825342,0.000562240105698984,15,2,0.0877599349673554,0.125679936893437,1.2,0.45
230,13,0.866666666666667,18,kalman,0.00810476022246862,0.0121389325473849,0.00885665150169117,0.00127972091736644,0.000108951537368461,3.07579795276485e-17,0.426093349807338,0.923943202645773,1.06860565898524,0.479247465433206,0.475645230741688,0.115476476377684,0.115610986545926,0.00360223469151777,0.000134510168242082,15,2,0.140373089274104,0.236832219701831,1.2,0.45
201,13,0.866666666666667,18,kalman-gm,0.00429868411755249,0.00798037352678419,0.00425639204963274,0.000146206842267144,7.92446559979659e-05,4.87001342521101e-17,0.443071423791992,0.960566548221687,0.82481396471618,0.613462093670414,0.613502822708226,0.254740774080511,0.254714273109497,-4.07290378123537e-05,-2.65009710137054e-05,15,2,0.0829273847720976,0.0829854702782189,1.2,0.45
202,13,0.866666666666667,18,kalman-gm,0.0163530716575574,0.0935328996000622,0.00394196392931661,0.000686354800395749,0.000133964905748521,5.63896291340222e-17,1.11567761887978,1.22107309310143,1.44739170030434,0.145980316846628,0.14765519164628,0.252665969589489,0.252515351931213,-0.00167487479965161,-0.000150617658276201,15,2,0.162352786125624,0.146796962439247,1.2,0.45
203,13,0.866666666666667,18,kalman-gm,0.00618347826427567,0.0148395723271587,0.00774485856623354,9.13378673421088e-05,1.3555822969384e-05,3.33211444882858e-17,1.40575878810579,2.50909523371228,0.582097023359297,0.693505967146665,0.689315795227746,0.269888236903563,0.269863585887583,0.00419017191891958,-2.46510159794933e-05,15,2,0.0446159585524015,0.0691476924701027,1.2,0.45
204,13,0.866666666666667,18,kalman-gm,0.00427450900621894,0.0392730236792985,0.00320360721900441,0.0016924469894018,5.15242536241558e-05,5.89527940946596e-17,0.136862777671965,0.403875465390154,0.893502198728298,0.513898516758025,0.511846754726132,0.2453875642382,0.244972258793869,0.0020517620318927,-0.000415305444331582,15,2,0.0722818439094326,0.126758827742047,1.2,0.45
205,13,0.866666666666667,18,kalman-gm,0.0249685161920974,0.0145184212417885,0.0140142095702001,0.00159181611088063,0.00025053534643846,5.12632992127474e-17,1.95896055665202,2.45416411882542,1.42583028040494,0.141046230201693,0.144387911214949,0.295672935729962,0.296143592672608,-0.00334168101325648,0.000470656942646326,15,2,0.0687205610029969,0.106564772679943,1.2,0.45
206,13,0.866666666666667,18,kalman-gm,0.000893277943744864,0.00129173966722893,0.000299128954438989,7.57328807370839e-05,5.24404082362922e-06,5.89527940946596e-17,0.235964782861063,0.797552677243927,0.634480998965997,0.757170510744761,0.756560232353353,0.30614492555231,0.30612294391511,0.000610278391408096,-2.19816371999931e-05,15,2,0.0344363605674286,0.0485308017505162,1.2,0.45
207,13,0.866666666666667,18,kalman-gm,0.0017141189303034,0.0091802377192921,0.00275713439771519,0.000370222921183664,3.45212364059275e-05,2.81948145670111e-17,0.37880321403356,0.874549815657111,0.923199884131465,0.625826379460481,0.62588327069013,0.2973284495251,0.297218371717966,-5.68912296481187e-05,-0.000110077807134192,15,2,0.0920189253552257,0.0733176194607035,1.2,0.45
208,13,0.866666666666667,18,kalman-gm,0.00139725848880813,0.0214428595221113,0.00132166744848662,0.00280099884762202,8.84208786136046e-05,1.02526598425495e-17,0.113415680164208,0.63192703447837,0.805057597116885,0.656561792705668,0.656285252493897,0.184384194244406,0.184900654160004,0.000276540211770025,0.000516459915598295,15,2,0.0423381621002465,0.0880877100978038,1.2,0.45
209,13,0.866666666666667,18,kalman-gm,0.00465868592159289,0.000755685237935025,0.00177304316537168,0.000157002000974152,4.62597284306919e-05,2.56316496063737e-17,0.394374681994553,0.920656895731039,1.48793827549472,0.449870847147098,0.447775806061382,0.325066709348446,0.325117745472264,0.00209504108571561,5.10361238177892e-05,15,2,0.0660514202095937,0.0680390664483776,1.2,0.45
210,13,0.866666666666667,18,kalman-gm,0.0203718132734627,0.0110124984985834,0.0150992334461304,0.0312982399614791,0.00609341869011407,5.63896291340222e-17,0.333385478109562,0.686247819718707,0.707102130898734,0.911875482461987,0.893298925404623,0.128962871187208,0.132999182075746,0.0185765570573643,0.00403631088853854,15,2,0.552528622261838,2.33137680813573,1.2,0.45
211,13,0.866666666666667,18,kalman-gm,0.0106438877980261,0.0326760223766624,0.00924200086026827,0.000199078550403263,0.000134324693014872,6.9205453937209e-17,0.111763822323053,0.550218476300573,1.05873105842563,0.522301856214857,0.516944370802751,0.224149544629049,0.224153423900798,0.00535748541210616,3.87927174866021e-06,15,2,0.085154525350663,0.142406628120122,1.2,0.45
212,13,0.866666666666667,18,kalman-gm,0.0204537666284828,0.0246469066770991,0.00595888518036405,0.00198562810167036,0.00011615044022623,7.94581137797585e-17,1.668601690939,1.72508814160164,1.23780192288573,0.277256991643946,0.271586629950863,0.275836339176229,0.276384047562759,0.00567036169308304,0.000547708386530195,15,2,0.0503435500883518,0.0632014047845542,1.2,0.45
213,13,0.866666666666667,18,kalman-gm,0.00583009628695804,0.00545492962937554,0.00788897926939458,0.00655628967170676,0.000360513452868193,1.02526598425495e-17,0.617645878231221,1.13458478433478,0.463625770984991,0.871812711122806,0.866747060264743,0.098955234601436,0.0996040137840147,0.0050656508580633,0.000648779182578714,15,2,0.12985424391985,0.237267697888404,1.2,0.45
214,13,0.866666666666667,18,kalman-gm,0.00263791133338841,0.00602214775418967,0.00631891557323953,0.00266106212903546,0.000214458872037736,8.9710773622308e-17,0.592535359733331,1.15876270263364,0.831497251262499,0.667349848166966,0.665613228018277,0.161551141126885,0.16198103875044,0.00173662014868864,0.000429897623555216,15,2,0.0811978396033703,0.123749693749176,1.2,0.45
215,13,0.866666666666667,18,kalman-gm,0.00036329031908399,0.000743543394207352,0.00113042724332376,0.000670438884306068,3.45205077143944e-05,2.56316496063737e-17,0.593828820073221,1.08512673836302,0.797138451083043,0.671715051076487,0.67150007932328,0.260850135473205,0.261025019547002,0.000214971753206383,0.000174884073797742,15,2,0.0515928657209136,0.0679863290934701,1.2,0.45
216,13,0.866666666666667,18,kalman-gm,0.0674598494077467,0.0979049791369613,0.0163860596365393,0.00384204389030989,0.000475672537730436,8.45844437010333e-17,0.245635196806084,0.734065487285993,1.58040107258824,0.196349411581488,0.183108426379595,0.226880572108821,0.227752257224721,0.0132409852018931,0.000871685115900707,15,2,0.125555726121245,0.201192219400346,1.2,0.45
217,13,0.866666666666667,18,kalman-gm,0.00236087454047755,0.00655401484871564,0.00097980729802209,0.000161418279305249,2.82519639536504e-05,3.58843094489232e-17,0.720915902645777,0.247368352756677,1.89601211604216,0.534074347723111,0.533116163072897,0.318023712698768,0.31807504753925,0.000958184650214168,5.13348404821018e-05,15,2,0.0697357068092669,0.0665484541562256,1.2,0.45
218,13,0.866666666666667,18,kalman-gm,0.0378538945195059,0.0386737563475683,0.00470917697515534,0.00084267454576632,7.0322018794808e-05,8.9710773622308e-17,1.56453082538255,1.28972336156912,1.49736540168666,0.163271916598705,0.157245759693947,0.293237704289646,0.29348480823891,0.00602615690475806,0.000247103949263836,15,2,0.0997795447841858,0.105899523838689,1.2,0.45
219,13,0.866666666666667,18,kalman-gm,0.00776899284133821,0.0153841044240151,0.00902526438405274,9.57414230134455e-05,1.79117035088442e-05,7.43317838584838e-17,0.420948562364344,0.988008495149209,1.37552290848484,0.470199139466511,0.47385211321503,0.371206055765034,0.371170515969024,-0.00365297374851871,-3.55397960101528e-05,15,2,0.133186122292151,0.0761282219051544,1.2,0.45
220,13,0.866666666666667,18,kalman-gm,0.0051185866924313,0.0168758229123791,0.00581830473207728,0.000996748713334222,7.04249988419343e-05,7.17686188978464e-17,0.118100039025426,0.557552402712391,1.4670164173182,0.592151562484213,0.594801320984843,0.301861486700453,0.301560606651979,-0.00264975850062997,-0.000300880048473832,15,2,0.0974524450097144,0.107217816622581,1.2,0.45
221,13,0.866666666666667,18,kalman-gm,0.00130719378679613,0.00572728647415358,0.00213122124879722,0.000785131689759775,7.55051015625508e-05,5.89527940946596e-17,0.987619301651283,1.55827454391252,0.702465771608105,0.735591692675871,0.736477715583624,0.283553688964763,0.283776315951717,-0.000886022907752343,0.000222626986954522,15,2,0.0422289965013957,0.0777573652701742,1.2,0.45
222,13,0.866666666666667,18,kalman-gm,0.00126770403331419,0.00716391379342564,0.00138842515765011,0.000519125591846751,4.03443400074252e-05,7.43317838584838e-17,0.644411986983762,0.961593020991252,0.920349567038854,0.793344930268532,0.793032702144339,0.126739967564851,0.126680568500131,0.000312228124193438,-5.93990647198095e-05,15,2,0.0606783431542232,0.0880581960435158,1.2,0.45
223,13,0.866666666666667,18,kalman-gm,0.00366681704790192,0.00930139367044114,0.00905552116577993,0.00662202541438732,0.00114656543967789,2.0505319685099e-17,0.653712271233959,0.335918473152673,1.31774023449336,0.631817400198017,0.632714646834507,0.19156213940316,0.192830668758722,-0.000897246636490702,0.00126852935556213,15,2,0.221756228810752,0.570449344794941,1.2,0.45
224,13,0.866666666666667,18,kalman-gm,0.00169067511484454,0.002956003270076,0.00129817239367103,0.000966736308881686,0.000116174787684137,2.0505319685099e-17,0.184234906779678,0.682638231949998,0.587010125335827,0.766339241154661,0.765162584529542,0.242175938514647,0.242410058787547,0.00117665662511843,0.000234120272899608,15,2,0.0296705508527477,0.0603676433707352,1.2,0.45
225,13,0.866666666666667,18,kalman-gm,0.00529546311414589,0.00635246134324235,0.0099254641659536,0.00171769939276345,0.000241362728690164,7.17686188978464e-17,0.441599223400878,0.957449971848824,0.644374514427227,0.71734021513537,0.720773873230428,0.173539666879865,0.173837755860284,-0.00343365809505825,0.000298088980419914,15,2,0.053150860975624,0.11515582834406,1.2,0.45
226,13,0.866666666666667,18,kalman-gm,0.0141185847479022,0.0130794433951357,0.0132250823091843,0.00822309440203161,0.000315894003690295,7.43317838584838e-17,0.324881089117483,0.682600797527132,0.473410886731405,0.848111154081283,0.836158178258886,0.167413112399171,0.168789766226568,0.0119529758223967,0.00137665382739631,15,2,0.0815593773816726,0.142489968892373,1.2,0.45
227,13,0.866666666666667,18,kalman-gm,0.0160174618697022,0.00913937227185858,0.00775197181387389,0.00106697529322072,0.000111949990413135,9.74002685042201e-17,0.104557234219675,0.467269188318532,2.07064474134978,0.321125898546225,0.315996995768852,0.229628310463464,0.229873318197353,0.00512890277737223,0.000245007733888534,15,2,0.0988342951388189,0.0985603806683812,1.2,0.45
228,13,0.866666666666667,18,kalman-gm,0.0142036618018162,0.0179709688235162,0.0178443104593529,0.017819522844594,0.00120424279717213,7.94581137797585e-17,0.044360796305571,0.396098333893467,0.765959013292136,0.751231733134072,0.741093538277213,0.162979605176763,0.165883823974413,0.0101381948568588,0.00290421879765024,15,2,0.136259153427639,0.274749496009217,1.2,0.45
229,13,0.866666666666667,18,kalman-gm,0.0396944657824302,0.0586028303671468,0.0124303380787692,0.00590396508574359,0.000446625747559634,3.33211444882858e-17,0.519653845897042,0.209592221734767,1.62275791854527,0.131924475041749,0.128360910565787,0.226849140562764,0.228188449968378,0.00356356447596167,0.0013393094056135,15,2,0.0882023886991907,0.131818730362288,1.2,0.45
230,13,0.866666666666667,18,kalman-gm,0.00531358324641743,0.0138989388204983,0.00667256420610774,0.00829639840710514,0.000603075890641146,4.35738043308353e-17,0.420443542912907,0.920768229348268,1.06824426352578,0.479247465433206,0.477988727211641,0.115476476377684,0.116434515232362,0.00125873822156491,0.000958038854677933,15,2,0.155651940949795,0.28996559258433,1.2,0.45
201,13,0.866666666666667,18,mean,0.00373497404345608,0.00717071388298901,0.0093836121098214,0.00252579328766444,0.000261691307683387,3.07579795276485e-17,0.443071418193508,0.963976744853133,0.816958659905175,0.613462093670414,0.615581884769545,0.254740774080511,0.254097351543244,-0.00211979109913191,-0.000643422537266999,15,2,0.106707881938333,0.131278815298886,1.2,0.45
202,13,0.866666666666667,18,mean,0.0203948906903306,0.103194676137056,0.00309336565093055,0.00174805835874451,0.000138995418863829,6.15159590552969e-17,1.1160199653375,1.19015510030898,1.44345153186656,0.145980316846628,0.148891003638197,0.252665969589489,0.2531076444496,-0.00291068679156865,0.000441674860111193,15,2,0.18079440836674,0.155684957160403,1.2,0.45
203,13,0.866666666666667,18,mean,0.00186078507237162,0.0483675515307037,0.00288120294618014,0.00133443394461847,8.26651789578514e-05,5.38264641733848e-17,1.40343775382846,2.16937058943312,0.577139101048204,0.693505967146665,0.694184480488231,0.269888236903563,0.27024838492814,-0.00067851334156578,0.000360148024577346,15,2,0.0573389795131698,0.100272881564709,1.2,0.45
204,13,0.866666666666667,18,mean,0.00703105433104124,0.00767426739321091,0.00703177401969486,0.00029293320803436,6.95508520686857e-05,5.89527940946596e-17,0.136288904794824,0.400874048542533,0.894593352963262,0.513898516758025,0.51037156292389,0.2453875642382,0.245339728877923,0.00352695383413523,-4.78353602773118e-05,15,2,0.0737009580143235,0.134664717450906,1.2,0.45
205,13,0.866666666666667,18,mean,0.0150738064529596,0.0178029886761214,0.00526633445493956,0.00071340650186082,7.21083875244069e-05,4.10106393701979e-17,1.9555891907118,2.4535930457142,1.43434938185754,0.141046230201693,0.140275779551832,0.295672935729962,0.295462000735187,0.000770450649860352,-0.000210934994774031,15,2,0.0695057695953241,0.116050555566387,1.2,0.45
206,13,0.866666666666667,18,mean,0.00136623349567296,0.00768566625659835,0.00143828241902371,0.000742632180522075,7.94157929222221e-05,5.63896291340222e-17,0.235964782421917,0.797558401887996,0.630689914029836,0.757170510744761,0.758023472412753,0.30614492555231,0.305917572478692,-0.000852961667991803,-0.000227353073618681,15,2,0.0493459109427302,0.0849306293695578,1.2,0.45
207,13,0.866666666666667,18,mean,0.0039544892663032,0.0092334769111961,0.00245975404963828,0.00148304610419279,0.000194126834486679,2.81948145670111e-17,0.378805770236243,0.874281243972558,0.918508110831405,0.625826379460481,0.628068579389163,0.2973284495251,0.296887497726366,-0.00224219992868123,-0.000440951798733881,15,2,0.106915297741008,0.121558490848843,1.2,0.45
208,13,0.866666666666667,18,mean,0.0018440047708495,0.0146913632519794,0.00141499729175285,0.00129359594840764,4.20779983151355e-05,2.30684846457363e-17,0.115453107138475,0.646356859780459,0.808427813041025,0.656561792705668,0.655879574963508,0.184384194244406,0.184621123601749,0.000682217742159223,0.00023692935734377,15,2,0.0660708494343764,0.12697311683626,1.2,0.45
209,13,0.866666666666667,18,mean,0.0104729043289923,0.0644940961518382,0.00427053065189065,0.0039799493364366,0.000146778417442663,2.30684846457363e-17,0.394383489263363,0.922776896173141,1.49057971681363,0.449870847147098,0.454445846962542,0.325066709348446,0.323772960314277,-0.00457499981544445,-0.00129374903416898,15,2,0.0861797653668483,0.111865117172548,1.2,0.45
210,13,0.866666666666667,18,mean,0.0179648539231991,0.0115078951467209,0.011250734118132,0.0295144528856115,0.0051981479480836,7.17686188978464e-17,0.333604548972964,0.609747140007757,0.72862036476188,0.911875482461987,0.89549377262341,0.128962871187208,0.132769139772856,0.0163817098385763,0.00380626858564802,15,2,0.519051285325244,2.26435612013505,1.2,0.45
211,13,0.866666666666667,18,mean,0.00380410957364309,0.0379577894444192,0.00398655754860492,0.000857497544196792,7.86926713324623e-05,8.71476086616706e-17,0.087538983105997,0.433526946979333,1.06028182366335,0.522301856214857,0.522411556893953,0.224149544629049,0.224341752313101,-0.000109700679095629,0.000192207684052239,15,2,0.0945563326535605,0.134872981565993,1.2,0.45
212,13,0.866666666666667,18,mean,0.00688842580875542,0.00928802329750742,0.0016364239253615,0.000832972284523501,1.64668557920153e-05,5.63896291340222e-17,1.63822953426512,1.70478781767983,1.23643449476034,0.277256991643946,0.275395512468892,0.275836339176229,0.27560657515063,0.00186147917505414,-0.000229764025598223,15,2,0.0573518927694451,0.108857406437629,1.2,0.45
213,13,0.866666666666667,18,mean,0.00416430202623839,0.00589602519287884,0.0060634966869573,0.00637355591123923,0.000178838238698981,1.28158248031869e-17,0.61483254695426,1.16606253062798,0.465756559554513,0.871812711122806,0.868323465103125,0.098955234601436,0.099585931321878,0.00348924601968153,0.000630696720442047,15,2,0.142228841432822,0.236886182753878,1.2,0.45
214,13,0.866666666666667,18,mean,0.00362856621184107,0.00768675692355471,0.00494542264141869,0.000914831948015348,4.77438848121899e-05,7.17686188978464e-17,0.594727575231906,1.15509580309643,0.833689322077876,0.667349848166966,0.665097314286815,0.161551141126885,0.161698933272026,0.0022525338801509,0.00014779214514121,15,2,0.0851380255214138,0.145748139373559,1.2,0.45
215,13,0.866666666666667,18,mean,0.000666668876997192,0.00489216344671468,0.000466518661936221,0.00077893994720917,0.00010951084754243,5.89527940946596e-17,0.593414623294804,1.08443581764863,0.797936998908934,0.671715051076487,0.672105738381604,0.260850135473205,0.26105332206396,-0.000390687305117941,0.000203186590755003,15,2,0.0711357114167416,0.116257105847868,1.2,0.45
216,13,0.866666666666667,18,mean,0.0422160849743811,0.0704188654100294,0.0108759602717705,0.00310538300781334,0.000280267369374207,7.17686188978464e-17,0.242128006319129,0.659059015918732,1.57429978839933,0.196349411581488,0.188103674456539,0.226880572108821,0.22758512318225,0.00824573712494884,0.000704551073429701,15,2,0.121563625318058,0.165463018344195,1.2,0.45
217,13,0.866666666666667,18,mean,0.00203804395451897,0.00796224826289691,0.00310947249924723,0.00053864970156055,6.9551809891891e-05,3.84474744095606e-17,0.720115765095958,0.228626802731019,1.89914368168078,0.534074347723111,0.534385669448687,0.318023712698768,0.317852409320833,-0.000311321725576123,-0.000171303377934369,15,2,0.0864590129378777,0.115195883468527,1.2,0.45
218,13,0.866666666666667,18,mean,0.0362953011782568,0.0896679715944551,0.0144375522822226,0.000327541821555155,3.69670517725636e-05,6.9205453937209e-17,1.55940274015548,1.27758331624678,1.48249937860206,0.163271916598705,0.168952311923661,0.293237704289646,0.293333751901458,-0.00568039532495632,9.60476118116826e-05,15,2,0.107995380381697,0.121116796407835,1.2,0.45
219,13,0.866666666666667,18,mean,0.0188863098969724,0.0269849595635422,0.0181501378223196,0.000625737742339034,0.000102287410286316,6.66422889765717e-17,0.422530004309136,0.988061858215282,1.38006355266161,0.470199139466511,0.479079466127766,0.371206055765034,0.370973778125757,-0.00888032666125429,-0.00023227763927699,15,2,0.143390081323416,0.119421024044752,1.2,0.45
220,13,0.866666666666667,18,mean,0.0131442605950633,0.0314440207747493,0.0112126390476364,0.000773319128091863,8.63219572462033e-05,6.9205453937209e-17,0.11832761314002,0.557672451988727,1.46568086775001,0.592151562484213,0.599513223861947,0.301861486700453,0.301628051438753,-0.00736166137773331,-0.000233435261699708,15,2,0.114269604658098,0.128277298474071,1.2,0.45
221,13,0.866666666666667,18,mean,0.000989244032042839,0.00445337377921094,0.00160082729576872,0.000513937260068979,4.67506249251398e-05,4.10106393701979e-17,0.987494037207991,1.5574346267584,0.707928518351534,0.735591692675871,0.735822585591638,0.283553688964763,0.283407960158774,-0.000230892915766525,-0.000145728805989002,15,2,0.060433595052911,0.112028751120582,1.2,0.45
222,13,0.866666666666667,18,mean,0.00177341773689581,0.0303809671302738,0.00171754743026913,0.00691670645253528,0.000465559672065537,7.17686188978464e-17,0.645628382354344,0.955821990587652,0.929703866767778,0.793344930268532,0.7943445386159,0.126739967564851,0.125863344413401,-0.00099960834736841,-0.000876623151449918,15,2,0.0753016326717916,0.138812720873947,1.2,0.45
223,13,0.866666666666667,18,mean,0.00622320563866361,0.00964959657084234,0.0067767147723901,0.000975340645913254,0.00044907888591357,2.0505319685099e-17,0.775636537476918,0.378394378536802,1.42238836940578,0.631817400198017,0.628653693536873,0.19156213940316,0.191719021014226,0.00316370666114372,0.000156881611066082,15,2,0.204018055863054,0.358376730749978,1.2,0.45
224,13,0.866666666666667,18,mean,0.00340050905126807,0.012952187217612,0.00102150472813839,0.000670716379202037,8.813940023272e-05,3.33211444882858e-17,0.183699445043057,0.683222708615214,0.586513671312143,0.766339241154661,0.763736738579233,0.242175938514647,0.242013507146037,0.00260250257542776,-0.0001624313686104,15,2,0.0415212831518501,0.0953328699507092,1.2,0.45
225,13,0.866666666666667,18,mean,0.00283894438817693,0.00886102033127664,0.00302025425631098,0.000520970599382389,8.03711875937355e-05,7.43317838584838e-17,0.43783303251459,0.961400019136557,0.650599795047951,0.71734021513537,0.715872389919321,0.173539666879865,0.173630075944136,0.00146782521604957,9.04090642710231e-05,15,2,0.0733084127866126,0.137765657921282,1.2,0.45
226,13,0.866666666666667,18,mean,0.0078039755340631,0.00908520900306555,0.00892916840400796,0.00070260121058735,0.000219221711587762,7.68949488191212e-17,0.324881811635779,0.681690649444371,0.462173887159203,0.848111154081283,0.84157133434787,0.167413112399171,0.167295691105307,0.00653981973341287,-0.000117421293863985,15,2,0.103225638636319,0.178497868063768,1.2,0.45
227,13,0.866666666666667,18,mean,0.0127023159126035,0.00692495866319762,0.00765601680690171,0.000640462215038792,0.000131033489320793,5.89527940946596e-17,0.0782095586246936,0.406954428058596,2.0836524970387,0.321125898546225,0.317310138529523,0.229628310463464,0.229775378719819,0.00381576001670173,0.000147068256355046,15,2,0.123601847602518,0.13047013708365,1.2,0.45
228,13,0.866666666666667,18,mean,0.010004613573117,0.0153825758433054,0.0168106915140211,0.00541492834648117,0.000694516758547502,7.68949488191212e-17,0.0436700971960759,0.398845963028501,0.763821708176775,0.751231733134072,0.744188727015403,0.162979605176763,0.163862128060733,0.00704300611866904,0.000882522883969964,15,2,0.141777232308175,0.22794002059991,1.2,0.45
229,13,0.866666666666667,18,mean,0.0240481222477355,0.00750803749629194,0.0159141288105775,0.00377051694529503,0.000495422001972758,3.33211444882858e-17,0.508070829198669,0.207526448657913,1.62035029290833,0.131924475041749,0.128849029066414,0.226849140562764,0.227704479091282,0.00307544597533452,0.000855338528517516,15,2,0.0878834100220925,0.125701567844129,1.2,0.45
230,13,0.866666666666667,18,mean,0.00684732336805179,0.0115700862465172,0.00871141794919851,0.00032076624593242,0.000106187961100049,3.58843094489232e-17,0.42602706329068,0.92399290796475,1.06926435058787,0.479247465433206,0.476264548025789,0.115476476377684,0.115474561407839,0.00298291740741705,-1.91496984538797e-06,15,2,0.140469967988564,0.236739306449242,1.2,0.45
201,13,0.866666666666667,18,none,0.00754202880143832,0.00611921221734883,0.00538837667007375,0.00555345407275924,0.000496999218234951,0.866666666666667,0.465363634334425,0.95951753304433,0.826127739849255,0.613462093670414,0.617154299951288,0.254740774080511,0.256155465269826,-0.00369220628087412,0.00141469118931526,2,2,NaN,NaN,1.2,0.45
202,13,0.866666666666667,18,none,0.274366877253978,0.668492643419486,0.0141904135566225,0.0123096293926753,0.00179164768485228,0.866666666666667,1.03615899437812,1.07079187066626,1.3671645872656,0.145980316846628,0.186032480520384,0.252665969589489,0.255776194035277,-0.0400521636737556,0.00311022444578759,2,2,NaN,NaN,22.5,0.45
203,13,0.866666666666667,18,none,0.0227573149083021,0.0678017695510272,0.0453529286194011,0.0128728878976536,0.00207607110280808,0.866666666666667,1.07437506379627,1.38208168999334,0.666682390266586,0.693505967146665,0.709288300831809,0.269888236903563,0.273362477922118,-0.0157823336851433,0.00347424101855494,2,2,NaN,NaN,1.2,0.45
204,13,0.866666666666667,18,none,0.0772063014025315,0.147608104897354,0.0803825286996964,0.0132801574749312,0.00202283506176337,0.866666666666667,0.143405149466031,0.459188037277381,0.848823079988327,0.513898516758025,0.553574720533159,0.2453875642382,0.248646349733673,-0.0396762037751339,0.0032587854954731,2,2,NaN,NaN,4.2,0.45
205,13,0.866666666666667,18,none,0.0754924087487779,0.0664948241216071,0.0377282334925582,0.00503588369961492,0.00054418944661774,0.866666666666667,1.89271588786656,2.34603550456564,1.45317435980021,0.141046230201693,0.130465212729662,0.295672935729962,0.297161910247421,0.0105810174720303,0.0014889745174598,2,2,NaN,NaN,1.2,0.45
206,13,0.866666666666667,18,none,0.0538114597288349,0.0275253020671853,0.0198695896915107,0.0104138177240997,0.00188918284314203,0.866666666666667,0.243316463929808,0.781946308135416,0.691894296227028,0.757170510744761,0.716426060297958,0.30614492555231,0.30933306300417,0.040744450446803,0.00318813745185983,2,2,NaN,NaN,5.7,0.45
207,13,0.866666666666667,18,none,0.00939486701542218,0.0106798494338245,0.01549754068706,0.001641828052445,0.000234181795377614,0.866666666666667,0.368484399903573,0.85211968694145,0.927653441171941,0.625826379460481,0.620269655784676,0.2973284495251,0.297816611714321,0.0055567236758052,0.000488162189220286,2,2,NaN,NaN,1.2,0.45
208,13,0.866666666666667,18,none,0.0243087126895285,0.023828870666415,0.00775653523594017,0.0399940239192983,0.00540494588462855,0.866666666666667,0.129684600020987,0.672113467094517,0.785543338476051,0.656561792705668,0.640601620723864,0.184384194244406,0.191758460119357,0.0159601719818038,0.00737426587495131,2,2,NaN,NaN,1.2,0.45
209,13,0.866666666666667,18,none,0.022888568097585,0.0536928606693768,0.0212569882109678,0.0010226749565567,0.000452811404885667,0.866666666666667,0.427031981870351,0.994031821352627,1.47047814345275,0.449870847147098,0.460167746667142,0.325066709348446,0.325399146931307,-0.0102968995200446,0.00033243758286095,2,2,NaN,NaN,1.2,0.45
210,13,0.866666666666667,18,none,0.00755709371961142,0.0220370686246766,0.0192608757909219,0.0228773911800785,0.00925513070384033,0.866666666666667,0.1341237109466,0.694028410681773,0.500477510045433,0.911875482461987,0.918766610943568,0.128962871187208,0.131913205239063,-0.00689112848158112,0.00295033405185583,2,2,NaN,NaN,1.2,0.45
211,13,0.866666666666667,18,none,0.00613487539473463,0.0533995681062211,0.0191830615079954,0.0102629977275032,0.00124186713991453,0.866666666666667,0.130153755021027,0.620212175916874,1.05574849848392,0.522301856214857,0.519643940437971,0.224149544629049,0.226449990896198,0.00265791577688656,0.0023004462671488,2,2,NaN,NaN,1.2,0.45
212,13,0.866666666666667,18,none,0.0932397262503871,0.190593213541266,0.0196012130850499,0.020045136338207,0.00239688897726259,0.866666666666667,1.56912571448563,1.58412496513491,1.32763704884384,0.277256991643946,0.251407103607556,0.275836339176229,0.281365516202048,0.0258498880363903,0.00552917702581942,2,2,NaN,NaN,25.2,0.45
213,13,0.866666666666667,18,none,0.00478759678134305,0.0166104467639895,0.00428674555785943,0.0287243846911919,0.00569635703270336,0.866666666666667,0.56281226895974,1.0723744932788,0.45661070383002,0.871812711122806,0.874993726826343,0.098955234601436,0.101797662827335,-0.00318101570353707,0.00284242822589879,2,2,NaN,NaN,1.2,0.45
214,13,0.866666666666667,18,none,0.0266611869290194,0.0381259729363142,0.00940914952722729,0.0215131134549223,0.00486034595933604,0.866666666666667,0.486562286191284,1.10779535722399,0.793539700729719,0.667349848166966,0.685137254775884,0.161551141126885,0.16502660915472,-0.0177874066089186,0.00347546802783483,2,2,NaN,NaN,1.2,0.45
215,13,0.866666666666667,18,none,0.00237410215805726,0.00945880542558369,0.00424926208463971,0.00168641593278192,0.000195284194091697,0.866666666666667,0.560972351985127,1.05808153417449,0.791053064125791,0.671715051076487,0.673287875261809,0.260850135473205,0.261290037297735,-0.00157282418532252,0.000439901824530334,2,2,NaN,NaN,1.2,0.45
216,13,0.866666666666667,18,none,0.163970722658579,0.232413082207331,0.023904179570222,0.0200919458419552,0.0034308076360466,0.866666666666667,0.1535615741016,0.636132895073281,1.57582337249244,0.196349411581488,0.164169512427593,0.226880572108821,0.231439044276223,0.0321798991538945,0.00455847216740225,2,2,NaN,NaN,NaN,0.45
217,13,0.866666666666667,18,none,0.0509417910225687,0.0429800628392215,0.0352849444973776,0.0040764866216767,0.000567616712724735,0.866666666666667,0.683116288886979,0.218948335167679,1.86064246004971,0.534074347723111,0.561262415072821,0.318023712698768,0.31932013210896,-0.0271880673497101,0.00129641941019248,2,2,NaN,NaN,2.7,0.45
218,13,0.866666666666667,18,none,0.181021899066054,0.118056354566316,0.0127189033632476,0.00814809982638022,0.000766932292034236,0.866666666666667,1.03338869897006,0.982733792119044,1.57886140160673,0.163271916598705,0.133838740325598,0.293237704289646,0.295627034377057,0.029433176273107,0.0023893300874106,2,2,NaN,NaN,3.9,0.45
219,13,0.866666666666667,18,none,0.0163948419864902,0.0438458398545751,0.0179232747888031,0.000430440757751813,0.000116946760180768,0.866666666666667,0.404712180874118,0.980519846963464,1.36631923396091,0.470199139466511,0.462971461317455,0.371206055765034,0.371046273549108,0.00722767814905677,-0.000159782215925563,2,2,NaN,NaN,1.2,0.45
220,13,0.866666666666667,18,none,0.00365148490782576,0.00725141256555926,0.0130582825210021,0.0016470678597059,0.000294315809861536,0.866666666666667,0.112334265382253,0.546961148633183,1.45152240762335,0.592151562484213,0.590281058246113,0.301861486700453,0.30235867305328,0.00187050423809988,0.000497186352827357,2,2,NaN,NaN,1.2,0.45
221,13,0.866666666666667,18,none,0.00667200136746045,0.0568635746625685,0.0155824341869512,0.00872621116195161,0.00116002457503864,0.866666666666667,0.784768578357301,1.10700460952518,0.689094990053015,0.735591692675871,0.732860407171043,0.283553688964763,0.286028038330419,0.00273128550482848,0.00247434936565686,2,2,NaN,NaN,1.2,0.45
222,13,0.866666666666667,18,none,0.0116505436138894,0.0211305822879425,0.0269037123124934,0.0378578541699396,0.00869971848222027,0.866666666666667,0.599041143188135,1.0250766758276,0.810870078846217,0.793344930268532,0.802587829979483,0.126739967564851,0.131538070774424,-0.00924289971095155,0.00479810320957301,2,2,NaN,NaN,1.2,0.45
223,13,0.866666666666667,18,none,0.00265510802926393,0.00902903614130782,0.0122657479698152,0.0136160008912298,0.00272897543679511,0.866666666666667,0.60719492064934,0.333335813683679,1.25854018825051,0.631817400198017,0.631837610653138,0.19156213940316,0.194170449663999,-2.02104551211724e-05,0.00260831026083931,2,2,NaN,NaN,1.2,0.45
224,13,0.866666666666667,18,none,0.00950783555351023,0.0125661794251871,0.00762972358995501,0.00296582009579463,0.000344908013568877,0.866666666666667,0.165554119589845,0.65235424346854,0.609351559132867,0.766339241154661,0.759128510933649,0.242175938514647,0.242894188779812,0.00721073022101154,0.000718250265164667,2,2,NaN,NaN,1.2,0.45
225,13,0.866666666666667,18,none,0.0110664735502195,0.0396177945078451,0.0207180184464832,0.00599263276102699,0.00146401488559835,0.866666666666667,0.413543675099382,0.936283281966874,0.637434485883165,0.71734021513537,0.725222176683655,0.173539666879865,0.174579626372947,-0.00788196154828412,0.00103995949308199,2,2,NaN,NaN,1.2,0.45
226,13,0.866666666666667,18,none,0.00859641674044471,0.0320711667247552,0.0112561481720876,0.0232231694705453,0.00263699289867441,0.866666666666667,0.305569667817999,0.63652681964088,0.465298794492855,0.848111154081283,0.843673043576363,0.167413112399171,0.171300975480009,0.00443811050491964,0.0038878630808374,2,2,NaN,NaN,1.2,0.45
227,13,0.866666666666667,18,none,0.0387268838489232,0.0571780904476537,0.0397101650568429,0.0238549321377981,0.00190767239967474,0.866666666666667,0.106932215539798,0.356041412359614,2.07330782145546,0.321125898546225,0.308720209652484,0.229628310463464,0.235106078226487,0.0124056888937402,0.00547776776302317,2,2,NaN,NaN,1.2,0.45
228,13,0.866666666666667,18,none,0.00994941468418461,0.0557019785164457,0.0132718523627417,0.0537724282577505,0.00902578419864221,0.866666666666667,0.167566347291518,0.442486261304359,0.727168517117521,0.751231733134072,0.745363807868343,0.162979605176763,0.171743414303607,0.00586792526572986,0.008763809126844,2,2,NaN,NaN,1.2,0.45
229,13,0.866666666666667,18,none,0.264064752930012,0.351186090516447,0.106616567020595,0.023233760255919,0.00204526438260207,0.866666666666667,0.513089214359905,0.181661473597055,1.64885367035443,0.131924475041749,0.0970878711344279,0.226849140562764,0.232119699108861,0.034836603907321,0.00527055854609654,2,2,NaN,NaN,NaN,0.45
230,13,0.866666666666667,18,none,0.0482926421493063,0.0668518435130164,0.0834732086422626,0.0313018954427392,0.00897167568489954,0.866666666666667,0.411251138885812,0.916459285824283,1.02573139242051,0.479247465433206,0.502362244275797,0.115476476377684,0.119091108967354,-0.0231147788425909,0.00361463258967021,2,2,NaN,NaN,1.2,0.45
201,13,0.866666666666667,30,hold,0.00533810832651558,0.00831108643603214,0.011436399071163,0.00564065080872835,0.000994631143683713,6.61296559844442e-17,0.592654637886613,1.06739820770275,0.824086491491575,0.61337352961391,0.615286597959176,0.251666117837944,0.253085678529056,-0.00191306834526612,0.00141956069111212,15,2,0.158424742468599,0.264182635806422,1.2,0.75
202,13,0.866666666666667,30,hold,0.0809161634034895,0.453943382113166,0.0155675936759188,0.00458356000882782,0.000681528657173066,6.9205453937209e-17,1.17538154910068,1.33651647195758,1.45409624565889,0.12679718571031,0.136731626447015,0.254198267232006,0.255363400244004,-0.00993444073670511,0.00116513301199795,15,2,0.26343647261841,0.514442330688613,1.2,0.75
203,13,0.866666666666667,30,hold,0.0158073554413648,0.0575667178727245,0.0172727772926673,0.00105708111839978,0.00024374517663093,5.53643631497672e-17,1.67312951326387,2.45992338773713,0.622742098828192,0.689071094449994,0.678214492516625,0.277505500308237,0.277798846132865,0.0108566019333692,0.000293345824627922,15,2,0.110436883047631,0.214446146649685,1.2,0.75
204,13,0.866666666666667,30,hold,0.0137583417671609,0.0290252406077441,0.00621003939171337,0.00237846268545588,9.14426299391785e-05,5.84401611025321e-17,0.185651447821722,0.557281054845506,0.913778288653348,0.50663352600945,0.49986483760385,0.249220583047942,0.249813344905169,0.00676868840559985,0.000592761857227087,15,2,0.192642122748157,0.433953890478241,1.2,0.75
205,13,0.866666666666667,30,hold,0.0281698714543323,0.0345722114022184,0.0369473326708954,0.0108240013879033,0.00180218983358101,4.30611713387078e-17,2.02249625337028,2.64288174617611,1.42045924502321,0.141974542362929,0.145622872509572,0.295485691358775,0.298684028892148,-0.00364833014664327,0.00319833753337294,15,2,0.14345871036124,0.309758967168311,1.2,0.75
206,13,0.866666666666667,30,hold,0.00241157896866885,0.00191090500596625,0.000717018618206212,0.000659313504168594,0.000100278822359092,3.38337774804133e-17,0.385964782560031,0.97358620834763,0.630353066177713,0.767745834320446,0.765903142091062,0.308385781722002,0.308589104632385,0.00184269222938396,0.000203322910382904,15,2,0.089713547096891,0.147377328856943,1.2,0.75
207,13,0.866666666666667,30,hold,0.0120321193817984,0.00943863676677604,0.0114973708237626,0.00137027785471957,0.000285623596577255,3.07579795276485e-17,0.528789838810696,0.990268249184249,0.930922999858744,0.626193173014412,0.618783220416236,0.296358053976175,0.296764146854606,0.00740995259817621,0.000406092878431339,15,2,0.16151289672307,0.215405052303874,1.2,0.75
208,13,0.866666666666667,30,hold,0.0119705367374746,0.0353607337021011,0.0111612635540107,0.0143651990350772,0.00135932492653816,2.15305856693539e-17,0.230091686961364,0.752390264585278,0.796456439629459,0.6676663370147,0.659734518482191,0.178073257869194,0.180631315661309,0.00793181853250991,0.0025580577921156,15,2,0.127860402624309,0.308587866622126,1.2,0.75
209,13,0.866666666666667,30,hold,0.00771941756261972,0.00253120980223769,0.00220785061354922,0.0007691363526147,0.000149657609910276,1.53789897638242e-17,0.544371251278268,1.0466779371005,1.48524776315083,0.448979724841159,0.445514448322967,0.332845623273297,0.333101626941965,0.00346527651819291,0.00025600366866819,15,2,0.125507700526747,0.196448218234503,1.2,0.75
210,13,0.866666666666667,30,hold,0.031477112440102,0.0327533370972702,0.0137132407581133,0.0838549755354791,0.0190206494857968,6.30538580316793e-17,0.497648038394418,0.832308620246706,0.762987984321939,0.916008449083529,0.887175148135643,0.128399859481735,0.139166826557335,0.0288333009478857,0.0107669670755999,15,2,0.809634794996354,2.87074654457015,1.2,0.75
211,13,0.866666666666667,30,hold,0.0312324362599197,0.0713281069768822,0.0223268853304492,0.00841940123086014,0.0011501902564999,7.53570498427387e-17,0.270746454771428,0.741019271029521,1.06849999826298,0.520630668201357,0.504415038499664,0.225818917750076,0.227720177824133,0.0162156297016925,0.0019012600740565,15,2,0.217408408887437,0.526860877489534,1.2,0.75
212,13,0.866666666666667,30,hold,0.0222367353434094,0.0633544668380559,0.0155777971996054,0.00427670193669337,0.00055692132140343,5.22885651970024e-17,1.87400371603988,2.07474264546861,1.20406598632379,0.29633260082413,0.289933371094924,0.276908707479213,0.278092963484777,0.0063992297292057,0.00118425600556361,15,2,0.112558213509676,0.176260207344609,1.2,0.75
213,13,0.866666666666667,30,hold,0.0142840089808923,0.0131826707672462,0.0173124280707642,0.047502851927795,0.00623801033366344,7.68949488191211e-18,0.730130927648389,1.23630780746668,0.480060598410629,0.876634454323834,0.864124831559109,0.099312621041405,0.104030253773296,0.012509622764725,0.00471763273189108,15,2,0.28472185106104,0.702004896525459,1.2,0.75
214,13,0.866666666666667,30,hold,0.00795968898925143,0.0152873064051274,0.0188673239923167,0.0166034975582558,0.00235069251432258,8.15086457482684e-17,0.744500650540955,1.40970062270952,0.845399182687917,0.664582869094448,0.65932174566585,0.159139045762059,0.161781310519793,0.00526112342859762,0.00264226475773351,15,2,0.200836137480087,0.423736731876967,1.2,0.75
215,13,0.866666666666667,30,hold,0.00151300233877859,0.00540904287865164,0.00173713598089043,0.00190478360992656,0.000294872671395213,3.84474744095606e-17,0.746771612261287,1.17574093601795,0.788833016674092,0.671840470224486,0.67257960550212,0.257585642560136,0.258076287470237,-0.000739135277634249,0.000490644910100948,15,2,0.115164149650208,0.183815625109379,1.2,0.75
216,13,0.866666666666667,30,hold,0.153039865220324,0.16201195252171,0.0521940241286756,0.0157539233566488,0.00194193209540248,7.07433529135914e-17,0.375234629377286,0.702699754308151,1.57763259823936,0.231871893083733,0.19644848838882,0.234245606013739,0.237935893337511,0.0354234046949134,0.00369028732377218,15,2,0.229631568424741,0.551385103183542,NaN,0.75
217,13,0.866666666666667,30,hold,0.00448200879419395,0.00955925491390562,0.00578812593233578,0.0021808825050889,0.000274974093280979,3.38337774804133e-17,0.59656352117455,0.186957884569936,1.91545584401418,0.51900693865808,0.517099829813926,0.316927809886414,0.317618992202372,0.00190710884415365,0.000691182315957422,15,2,0.15453135920772,0.20827193671214,1.2,0.75
218,13,0.866666666666667,30,hold,0.0427776875154376,0.055256180736968,0.0192891528045489,0.00491846479717998,0.000585371043064995,7.38191508663563e-17,1.63207730149831,1.09778876705153,1.48350412186542,0.173061671459917,0.167380040712634,0.294348761231623,0.295796505251834,0.0056816307472823,0.00144774402021127,15,2,0.208852444719468,0.353786818653074,1.2,0.75
219,13,0.866666666666667,30,hold,0.00434896732320325,0.0190323063785327,0.00815452941768157,0.00234982377499212,0.00014669725642376,6.30538580316793e-17,0.571897266498301,1.17414980408019,1.37222632212636,0.476575154620251,0.475808286756008,0.369860263375472,0.370729369815776,0.000766867864243346,0.00086910644030453,15,2,0.175641813970559,0.207290081215401,1.2,0.75
220,13,0.866666666666667,30,hold,0.00696750144985925,0.0123185280604384,0.00439256340283367,0.000979297288418203,5.9114760673053e-05,6.30538580316793e-17,0.173340272413676,0.815789883932936,1.49978720884609,0.597168965116479,0.593133255501072,0.3064103015315,0.306710368308933,0.00403570961540714,0.000300066777433202,15,2,0.214551815677516,0.415892011136735,1.2,0.75
221,13,0.866666666666667,30,hold,0.00379735278961666,0.0454288125109608,0.00532762721146625,0.00782910076179951,0.00084102327835396,3.69095754331781e-17,1.14870279144114,1.6763693500004,0.704177896841716,0.738637676002285,0.737309356160689,0.28403914330989,0.286262914383158,0.00132831984159578,0.00222377107326834,15,2,0.106150139734072,0.272096474049137,1.2,0.75
222,13,0.866666666666667,30,hold,0.00236357566078265,0.00920388501652282,0.00317893526649918,0.00627960192381705,0.00120110279021229,7.84328477955036e-17,0.770203060565677,0.912013808005023,0.931393367137999,0.783966210026699,0.782672579715428,0.126245534050082,0.127038305748576,0.00129363031127132,0.000792771698494204,15,2,0.147327235625062,0.26417305753644,1.2,0.75
223,13,0.866666666666667,30,hold,0.0144286038251852,0.022914239724753,0.0127860861415557,0.0136758319449272,0.00314645952195833,7.68949488191211e-18,0.717818113007577,0.225622204269025,1.50748824313112,0.631887662732556,0.622841555990645,0.184226175646748,0.186745621864749,0.00904610674191125,0.00251944621800156,15,2,0.265907503875055,0.748296215414181,1.2,0.75
224,13,0.866666666666667,30,hold,0.00418912608121963,0.00905136447581481,0.00345558979283223,0.00547834796337585,0.000855993791608015,1.99926866929715e-17,0.328440652369264,0.709513359407196,0.584161335440194,0.770567549288362,0.767389401121504,0.239356771046396,0.240668050725579,0.00317814816685778,0.00131127967918224,15,2,0.0816902832527333,0.189389851341992,1.2,0.75
225,13,0.866666666666667,30,hold,0.0168067816484231,0.0276705621723839,0.0286898579751761,0.00360355910117503,0.00157892930354783,7.84328477955036e-17,0.591611992000106,1.09423920600299,0.642260176689192,0.712675502917593,0.72457216540858,0.177083392187468,0.177705331992996,-0.011896662490987,0.000621939805527858,15,2,0.159093036491177,0.41654029458171,1.2,0.75
226,13,0.866666666666667,30,hold,0.0265589884234172,0.0205531231271006,0.0300956516699341,0.0352092822880169,0.0035430293169568,7.07433529135914e-17,0.47284828340121,0.704370397091213,0.495121569287587,0.851790387495661,0.82931692279476,0.164834614973858,0.170638323463309,0.0224734647009004,0.00580370848945112,15,2,0.199022388950282,0.504234979349717,1.5,0.75
227,13,0.866666666666667,30,hold,0.0108990511317779,0.0550464385683084,0.00732544291667967,0.0124415034118575,0.00175195916206798,7.38191508663563e-17,0.261412203962808,0.655678413016873,2.04870211137338,0.323435680453825,0.322370703432153,0.220357260803393,0.223098836415506,0.00106497702167228,0.00274157561211299,15,2,0.158027613884555,0.276285682000403,1.2,0.75
228,13,0.866666666666667,30,hold,0.0279054450714807,0.0224140994694438,0.0251120911238907,0.0564548878402103,0.00746559352561425,6.30538580316793e-17,0.123132840311203,0.511011221648357,0.775191582156737,0.757865136372272,0.736825474524245,0.163102445899061,0.172310376188756,0.0210396618480264,0.00920793028969543,15,2,0.290040388403722,0.787354968779676,1.2,0.75
229,13,0.866666666666667,30,hold,0.119956391705423,0.148054598331107,0.0405175596046783,0.0243274231451278,0.00297199581291105,1.99926866929715e-17,0.424225926226437,0.105570900963225,1.58853454547489,0.178230899964877,0.159455708523309,0.226248352017759,0.231752391413183,0.0187751914415676,0.00550403939542387,15,2,0.184465479657667,0.404841833643731,20.4,0.75
230,13,0.866666666666667,30,hold,0.0199210901008778,0.0969324299825215,0.0280573311629569,0.0056010891598577,0.000481923967133277,1.69168887402067e-17,0.568245508316694,1.0681423153772,1.07631426499734,0.475921500527079,0.477749349008651,0.12443443724665,0.124806974780827,-0.00182784848157265,0.000372537534177571,15,2,0.310668605735108,0.7803615014098,1.2,0.75
201,13,0.866666666666667,30,kalman,0.00487033185910107,0.00426728575146144,0.00653794807051202,0.00680696668248388,0.000718113523292511,6.9205453937209e-17,0.58721491339274,1.06477917184073,0.813002408476819,0.61337352961391,0.612569260855566,0.251666117837944,0.249953034958711,0.000804268758343311,-0.00171308287923294,15,2,0.17288104506224,0.249378535673483,1.2,0.75
202,13,0.866666666666667,30,kalman,0.0220034243259816,0.0956026393162961,0.0117190626150782,0.000965136994777415,0.000491360370124503,4.61369692914727e-17,1.1991458017588,1.3271334539453,1.462764049318,0.12679718571031,0.128654292618596,0.254198267232006,0.25444360338372,-0.00185710690828641,0.000245336151713925,15,2,0.249266617053232,0.360993945729159,1.2,0.75
203,13,0.866666666666667,30,kalman,0.0219612763715514,0.0936376528286058,0.0205514838639101,0.00110275870536553,0.00031651279500661,5.38264641733848e-17,1.62276152473832,2.31453794902403,0.58591968419109,0.689071094449994,0.704074963751069,0.277505500308237,0.277463134454611,-0.0150038693010746,-4.23658536254973e-05,15,2,0.0997638617366584,0.17511126673863,NaN,0.75
204,13,0.866666666666667,30,kalman,0.0178102897363078,0.0937527657713679,0.0201189457830775,0.0151569548963478,0.00148052025643729,6.76675549608266e-17,0.206906471362066,0.534925801581546,0.920807195488815,0.50663352600945,0.497651982694739,0.249220583047942,0.245443157911443,0.00898154331471128,-0.00377742513649915,15,2,0.14334506603777,0.265439404440105,1.2,0.75
205,13,0.866666666666667,30,kalman,0.0426376829308071,0.160568574196508,0.0111000149189084,0.0112518520360294,0.00102248909196934,6.30538580316793e-17,2.01492869574736,2.60241304401204,1.44902128739949,0.141974542362929,0.136792951405825,0.295485691358775,0.292160930080842,0.00518159095710372,-0.00332476127793279,15,2,0.113611961702101,0.216247214594671,1.2,0.75
206,13,0.866666666666667,30,kalman,0.00314950109357117,0.0123164743108588,0.00245647735503287,0.00122581548940717,0.000169686132752176,3.9985373385943e-17,0.385964782919424,0.971376499453481,0.614848719080465,0.767745834320446,0.769452965504618,0.308385781722002,0.308007757654054,-0.00170713118417192,-0.000378024067947768,15,2,0.0941126051033511,0.146528371327001,1.2,0.75
207,13,0.866666666666667,30,kalman,0.0120052776437932,0.0323449825463623,0.00642705486349419,0.0067215413109451,0.000992672980522527,3.53716764567957e-17,0.519675837361563,0.976466788360935,0.901886462947494,0.626193173014412,0.633631821503287,0.296358053976175,0.294366071073543,-0.00743864848887514,-0.00199198290263216,15,2,0.16085721996325,0.212565896765567,1.2,0.75
208,13,0.866666666666667,30,kalman,0.0127245624166759,0.0470458673873162,0.00899529531747222,0.0014725888822303,0.00039492168361116,3.07579795276485e-17,0.231595099706585,0.794534713296482,0.802206172501463,0.6676663370147,0.659630029240618,0.178073257869194,0.177811029169433,0.00803630777408294,-0.000262228699760704,15,2,0.111490492306167,0.230274892765696,1.2,0.75
209,13,0.866666666666667,30,kalman,0.0323469935793771,0.0798448731511822,0.0110531946187842,0.00737241601921058,0.000551996408972641,1.99926866929715e-17,0.542816823649975,1.04024546478568,1.50319042067631,0.448979724841159,0.463419647641112,0.332845623273297,0.330391746868353,-0.0144399227999523,-0.00245387640494419,15,2,0.133405038077809,0.194794246260331,1.2,0.75
210,13,0.866666666666667,30,kalman,0.0326064745305474,0.0277839939102607,0.0118214374800684,0.0801838603620129,0.0173915433288074,7.68949488191211e-17,0.523206865192134,0.800502389488681,0.791535667533129,0.916008449083529,0.886140642918721,0.128399859481735,0.138695455884921,0.0298678061648083,0.0102955964031856,15,2,0.786495954352244,2.69715839767124,1.5,0.75
211,13,0.866666666666667,30,kalman,0.00863288860765767,0.0224998211368328,0.00832763694095343,0.00755945017086615,0.000246734515384487,8.15086457482684e-17,0.176068150976075,0.645927180307379,1.08036305665651,0.520630668201357,0.521701573355076,0.225818917750076,0.224111850893706,-0.00107090515371913,-0.00170706685637062,15,2,0.168620485199034,0.263951319452884,1.2,0.75
212,13,0.866666666666667,30,kalman,0.0334121926757345,0.0783657684233505,0.00610022799443732,0.00193750749563367,0.000326434928988167,7.68949488191211e-17,1.70192347230582,2.17306518681333,1.22465402850475,0.29633260082413,0.286523308098989,0.276908707479213,0.276643171780843,0.00980929272514099,-0.000265535698369714,15,2,0.109117057282028,0.191660681623217,1.2,0.75
213,13,0.866666666666667,30,kalman,0.0140422038402061,0.00990839398727727,0.0264251706210071,0.0311803254608035,0.0028187768894416,1.23031918110594e-17,0.704090541270379,1.24457380242493,0.491755634002807,0.876634454323834,0.86450783000264,0.099312621041405,0.102409220887841,0.0121266243211938,0.00309659984643645,15,2,0.247276742092264,0.571678403291846,1.2,0.75
214,13,0.866666666666667,30,kalman,0.00221466934418216,0.0151402898576647,0.00455454904634863,0.00203789479121936,8.95602939732691e-05,7.07433529135914e-17,0.745331245148844,1.3897478077501,0.842223069698854,0.664582869094448,0.663672565376218,0.159139045762059,0.159160366125007,0.000910303718229259,2.13203629483436e-05,15,2,0.153074208057359,0.306464331353443,1.2,0.75
215,13,0.866666666666667,30,kalman,0.00508836982340873,0.0268650449816504,0.00297270694728297,0.00337535954604634,0.000353118749926897,5.075066622062e-17,0.739106454199244,1.136868459463,0.781487600604979,0.671840470224486,0.675177468989819,0.257585642560136,0.256789745689633,-0.00333699876533295,-0.000795896870502354,15,2,0.131376895649814,0.206326576908566,1.2,0.75
216,13,0.866666666666667,30,kalman,0.0846879986236721,0.0936277313059593,0.0312459753706484,0.00955626989729446,0.00103678875575638,6.9205453937209e-17,0.398090337374964,0.707571134100695,1.58280266287179,0.231871893083733,0.212262001302567,0.234245606013739,0.236484120247061,0.0196098917811659,0.00223851423332259,15,2,0.194333258020489,0.348753428933271,1.2,0.75
217,13,0.866666666666667,30,kalman,0.00860145638469374,0.00858522111036358,0.00456764968508416,0.000179882045878388,0.000154235044307598,5.53643631497672e-17,0.593247042489822,0.202440092730842,1.93040172478362,0.51900693865808,0.523435408379371,0.316927809886414,0.316900225744392,-0.00442846972129105,-2.75841420220618e-05,15,2,0.154337595701438,0.204480068516204,1.2,0.75
218,13,0.866666666666667,30,kalman,0.0426481723458185,0.0727264031369847,0.00894157967236372,0.00305369652962661,0.000185341486093926,7.38191508663563e-17,1.46475121710486,0.953116301722279,1.5216095736894,0.173061671459917,0.16620097855535,0.294348761231623,0.295247613022296,0.00686069290456652,0.000898851790672896,15,2,0.175927222132917,0.231820573308891,1.2,0.75
219,13,0.866666666666667,30,kalman,0.0223428790420083,0.0436381778072477,0.0217245224428818,0.000123591455798157,0.000229786072073145,5.84401611025321e-17,0.573425862247677,1.16893865566783,1.38112730728141,0.476575154620251,0.487223215654358,0.369860263375472,0.369858600519931,-0.0106480610341067,-1.66285554090984e-06,15,2,0.200209075700432,0.218735200614833,1.2,0.75
220,13,0.866666666666667,30,kalman,0.0270934347341073,0.0553842311928752,0.0206869579477519,0.00127293968782739,0.000299440660439358,5.99780600789145e-17,0.199184142609625,0.87689851316616,1.46149697722924,0.597168965116479,0.613184144390679,0.3064103015315,0.306020259697921,-0.0160151792741995,-0.000390041833578603,15,2,0.224079948237011,0.266940136996032,1.2,0.75
221,13,0.866666666666667,30,kalman,0.00205589685340206,0.00375903103475914,0.00445520847935854,0.000330266391865906,0.000101578193189793,4.30611713387078e-17,1.14582817725991,1.70671040920162,0.705683632534415,0.738637676002285,0.740021742845535,0.28403914330989,0.28394533472688,-0.00138406684325046,-9.38085830096402e-05,15,2,0.103471434332008,0.195882932278561,1.2,0.75
222,13,0.866666666666667,30,kalman,0.00387237340399944,0.0186867987707603,0.00443029896572734,0.0197962178909617,0.00128475023199309,7.84328477955036e-17,0.733332397342877,0.728027324826398,0.915232475966985,0.783966210026699,0.785608048529627,0.126245534050082,0.123746349950265,-0.00164183850292796,-0.00249918409981624,15,2,0.142558456082476,0.273628596321747,1.2,0.75
223,13,0.866666666666667,30,kalman,0.0118577462265357,0.0279286285624234,0.00894724324101007,0.00257639786852182,0.000388017511486278,1.53789897638242e-17,0.729438320338773,0.264858724358111,1.51663253804566,0.631887662732556,0.624866054360227,0.184226175646748,0.183830123367821,0.00702160837232952,-0.000396052278926841,15,2,0.283049113131894,0.833343630381294,1.2,0.75
224,13,0.866666666666667,30,kalman,0.00405430575441519,0.0544195236791457,0.00252238249326208,0.0159733333121301,0.000398620098898176,3.38337774804133e-17,0.292682912012967,0.226411071937445,0.591055184885144,0.770567549288362,0.771856551694971,0.239356771046396,0.235533445561957,-0.0012890024066085,-0.00382332548443929,15,2,0.0708752699121711,0.1590899601622,1.2,0.75
225,13,0.866666666666667,30,kalman,0.0102693079890701,0.0291260077461066,0.00785000905569378,0.000741127421702589,0.000144013418676176,5.69022621261496e-17,0.589583172941732,1.10565777862803,0.664340660642745,0.712675502917593,0.706004206814253,0.177083392187468,0.176999430507178,0.0066712961033402,-8.39616802904147e-05,15,2,0.138923983523957,0.274530178401103,1.2,0.75
226,13,0.866666666666667,30,kalman,0.0107492320577116,0.0409338739149933,0.0116510270441662,0.00402780261952395,0.000893118459930759,8.91981406301805e-17,0.411307942947623,0.536989531263142,0.472603749906203,0.851790387495661,0.842685487397313,0.164834614973858,0.164170693679878,0.00910490009834809,-0.000663921293979926,15,2,0.182409799192467,0.411453335971843,1.2,0.75
227,13,0.866666666666667,30,kalman,0.0208707073741434,0.0557491416633343,0.0100533268048391,0.00503305457151465,0.000344352616232142,9.07360396065629e-17,0.162875802266142,0.5634580879793,2.088180021732,0.323435680453825,0.323907466774533,0.220357260803393,0.219483848531993,-0.000471786320708055,-0.000873412271400023,15,2,0.175663554597053,0.236509256517025,1.2,0.75
228,13,0.866666666666667,30,kalman,0.00371057758228153,0.0256752476790672,0.0212270224404321,0.00951072048295985,0.00174044923171227,7.38191508663563e-17,0.0798112554209142,0.263115212266954,0.794802486413647,0.757865136372272,0.756143923592253,0.163102445899061,0.162367000997865,0.00172121278001845,-0.000735444901195978,15,2,0.246976752787183,0.576329253792691,1.2,0.75
229,13,0.866666666666667,30,kalman,0.141650090619399,0.0880995712073823,0.044883691781899,0.00586180644779967,0.00118855711562036,2.61442825985012e-17,0.401209303100941,0.0774321568864385,1.59136576266991,0.178230899964877,0.153036865316185,0.226248352017759,0.227574576066421,0.0251940346486916,0.00132622404866175,15,2,0.143346392359191,0.238377976741125,8.4,0.75
230,13,0.866666666666667,30,kalman,0.0260712958752407,0.0401467280222071,0.0231729483700336,0.00719062144461787,0.000296726217677313,3.07579795276485e-17,0.570327777027147,1.02982134958076,1.08869022156845,0.475921500527079,0.463682780935275,0.12443443724665,0.125329198179564,0.0122387195918035,0.000894760932914716,15,2,0.230546861030006,0.597996456541408,1.2,0.75
201,13,0.866666666666667,30,kalman-gm,0.00548282179382273,0.00616225580920584,0.00705751200500732,0.00057335730752028,0.000126578175242912,5.84401611025321e-17,0.592552175632119,1.07687473184081,0.823210328634943,0.61337352961391,0.611617197135945,0.251666117837944,0.251808894539209,0.0017563324779648,0.000142776701265086,15,2,0.133174817053282,0.170823349274093,1.2,0.75
202,13,0.866666666666667,30,kalman-gm,0.026781904332894,0.0806054080054882,0.00610486626517147,0.000328763364923187,0.000195722221241118,5.075066622062e-17,1.17786762787575,1.35544498216589,1.47392654487074,0.12679718571031,0.125918437269061,0.254198267232006,0.254129234583533,0.0008787484412484,-6.90326484727644e-05,15,2,0.228866234643032,0.349080486667427,1.2,0.75
203,13,0.866666666666667,30,kalman-gm,0.0102264168405071,0.0422687926521133,0.0115863333666804,0.000312235968304269,3.5150288141181e-05,3.84474744095606e-17,1.68734320255795,2.51392019908533,0.628116742684994,0.689071094449994,0.682083230498451,0.277505500308237,0.277580653272803,0.00698786395154373,7.51529645666615e-05,15,2,0.0810875649724077,0.136341881395014,1.2,0.75
204,13,0.866666666666667,30,kalman-gm,0.00705757576487784,0.0184910039726326,0.00487824499462883,0.000351848651043348,0.000144352043376565,5.075066622062e-17,0.201835732439294,0.529901587708355,0.911439002868168,0.50663352600945,0.50316271392943,0.249220583047942,0.249179807139029,0.00347081208001977,-4.07759089129869e-05,15,2,0.146195758044788,0.293929326880261,1.2,0.75
205,13,0.866666666666667,30,kalman-gm,0.0201671515567208,0.0499724805651493,0.0218763370551213,0.00582188818301629,0.000979116221406569,4.76748682678551e-17,2.04076302825987,2.64617053352299,1.44031761167077,0.141974542362929,0.143544263662204,0.295485691358775,0.297205976013547,-0.0015697212992749,0.00172028465477205,15,2,0.114488393593393,0.213881426528582,1.2,0.75
206,13,0.866666666666667,30,kalman-gm,0.00173301612840173,0.0016238309922927,0.000484950411949272,0.000445224098711208,4.83030067800081e-05,4.45990703150903e-17,0.385964782844525,0.974232601546056,0.629300726994264,0.767745834320446,0.766454969602352,0.308385781722002,0.308523082503725,0.00129086471809404,0.00013730078172253,15,2,0.0684365706150035,0.0948533235864506,1.2,0.75
207,13,0.866666666666667,30,kalman-gm,0.00316362028591044,0.0104751316786143,0.00425322277056398,0.000349570402936471,3.67462748452385e-05,2.9220080551266e-17,0.528671880380708,0.988821022706051,0.922077349385746,0.626193173014412,0.624950317799965,0.296358053976175,0.296283652055271,0.00124285521444748,-7.44019209035324e-05,15,2,0.137257650302693,0.149434470196823,1.2,0.75
208,13,0.866666666666667,30,kalman-gm,0.00740438605304765,0.0423779667774359,0.00800654078019738,0.00940847835374109,0.00073834815148151,1.53789897638242e-17,0.229190495407061,0.750557654008857,0.791091871373198,0.6676663370147,0.663107185496728,0.178073257869194,0.179748656261236,0.00455915151797203,0.00167539839204246,15,2,0.0840564699299058,0.183775718757615,1.2,0.75
209,13,0.866666666666667,30,kalman-gm,0.00624812069768339,0.00256857593937094,0.00205162675103464,0.000524485752157308,0.00012838443870827,3.07579795276485e-17,0.54437274730489,1.04659245210533,1.48326892116685,0.448979724841159,0.446174904867393,0.332845623273297,0.333020196060372,0.00280481997376606,0.000174572787074763,15,2,0.101871245569371,0.135932470728817,1.2,0.75
210,13,0.866666666666667,30,kalman-gm,0.0323941255053812,0.0312612138837558,0.0163197205958098,0.0802342971530728,0.0184143083907291,4.92127672442375e-17,0.534609531003649,0.82427284684422,0.777169561138378,0.916008449083529,0.886335156419928,0.128399859481735,0.138701931961806,0.0296732926636015,0.0103020724800704,15,2,0.811192931639163,2.82888741169224,1.2,0.75
211,13,0.866666666666667,30,kalman-gm,0.0320752573792447,0.109518612035329,0.0238798492363321,0.00142263210022105,0.000364656758792498,6.76675549608266e-17,0.228276508381123,0.677243131040065,1.08103436598173,0.520630668201357,0.504052407684558,0.225818917750076,0.226137618619427,0.0165782605167993,0.000318700869350168,15,2,0.167396844290561,0.32892852496456,NaN,0.75
212,13,0.866666666666667,30,kalman-gm,0.0352700792251434,0.0182109515170079,0.0135021035415251,0.00651665875439593,0.000736365240665661,6.76675549608266e-17,1.76238663040896,1.87581849708949,1.22410221544665,0.29633260082413,0.28588127938214,0.276908707479213,0.278713227031976,0.0104513214419894,0.00180451955276288,15,2,0.091872302962267,0.131999626223672,1.2,0.75
213,13,0.866666666666667,30,kalman-gm,0.0165408626082422,0.0173704152363609,0.0204949759034383,0.0356066824188068,0.00350658415259848,1.53789897638242e-17,0.723945935009152,1.25584620510396,0.501867263306868,0.876634454323834,0.862144424972398,0.099312621041405,0.102848813999006,0.0144900293514359,0.00353619295760062,15,2,0.240169692498504,0.572110358635438,1.2,0.75
214,13,0.866666666666667,30,kalman-gm,0.00878575022642734,0.0122616220571887,0.0165335125455871,0.0132603669711998,0.00158500122718325,8.15086457482684e-17,0.748579385852247,1.40446490036082,0.847176656656758,0.664582869094448,0.658758283749297,0.159139045762059,0.161249287908311,0.00582458534515065,0.00211024214625146,15,2,0.151922737856029,0.293799911079178,1.2,0.75
215,13,0.866666666666667,30,kalman-gm,0.00131331093991604,0.0050025146407164,0.00172724749006693,0.0020011951513152,0.000305979450140214,3.53716764567957e-17,0.746717665581858,1.17569330925634,0.789847853888806,0.671840470224486,0.672382457599645,0.257585642560136,0.258101121699075,-0.000541987375159185,0.000515479138939753,15,2,0.0953861958289998,0.13300353308298,1.2,0.75
216,13,0.866666666666667,30,kalman-gm,0.127075741442027,0.171338025780094,0.0429766802435607,0.0147029461006529,0.00145823586648782,8.15086457482684e-17,0.372022793895736,0.703519583957378,1.57794061400547,0.231871893083733,0.202409430271368,0.234245606013739,0.237689706533273,0.0294624628123655,0.00344410051953478,15,2,0.185030376237695,0.383295857178628,NaN,0.75
217,13,0.866666666666667,30,kalman-gm,0.00353331970649845,0.00751366433302274,0.00544023946917353,0.0013435920775698,0.000134002746644808,3.9985373385943e-17,0.595166257056985,0.194701878308528,1.92002056101493,0.51900693865808,0.518076903857453,0.316927809886414,0.317353631580939,0.000930034800626507,0.000425821694524934,15,2,0.132926947811848,0.145647976434141,1.2,0.75
218,13,0.866666666666667,30,kalman-gm,0.0675025861018935,0.0464440256634753,0.00674663328358507,0.00204565707873081,0.000333733001834225,7.84328477955036e-17,1.59137674847341,1.05177365963517,1.50007271348858,0.173061671459917,0.161472153683756,0.294348761231623,0.294950897858652,0.0115895177761605,0.000602136627029114,15,2,0.164594312808504,0.223238827047898,1.2,0.75
219,13,0.866666666666667,30,kalman-gm,0.011054826464969,0.0336507993821384,0.0118801302645134,0.00143772171184158,7.57750758613674e-05,7.22812518899739e-17,0.571772402166821,1.17562986468247,1.37225084174314,0.476575154620251,0.481843610252094,0.369860263375472,0.370392019506474,-0.00526845563184264,0.000531756131002362,15,2,0.186279759167357,0.172875601856904,1.2,0.75
220,13,0.866666666666667,30,kalman-gm,0.00986469540354348,0.0257013727704987,0.0125737035507004,0.00142748771708626,0.000285314124775134,6.9205453937209e-17,0.195555348788428,0.861720331570245,1.47765037959614,0.597168965116479,0.6028311226976,0.3064103015315,0.305972904589675,-0.00566215758112087,-0.000437396941824913,15,2,0.191723407142832,0.290074200328362,1.2,0.75
221,13,0.866666666666667,30,kalman-gm,0.00181702773163676,0.0242212233823704,0.00464302865624711,0.00354940667370232,0.000261718721441786,6.9205453937209e-17,1.15442212025553,1.67880710074259,0.708959420737793,0.738637676002285,0.7384197973051,0.28403914330989,0.285047313740747,0.000217878697184645,0.00100817043085681,15,2,0.0765321138145454,0.161140969006218,1.2,0.75
222,13,0.866666666666667,30,kalman-gm,0.00224155596092119,0.00385456305965579,0.00347151827127217,0.00111727613305285,8.09549555930234e-05,6.45917570080618e-17,0.765303422175363,0.881779295381593,0.93462889075114,0.783966210026699,0.784743530514198,0.126245534050082,0.12638658517218,-0.00077732048749859,0.000141051122098667,15,2,0.112775123085639,0.185419598401976,1.2,0.75
223,13,0.866666666666667,30,kalman-gm,0.00605895338331327,0.0102850602628923,0.011786532405501,0.0158645500247751,0.0037387969421309,1.84547877165891e-17,0.55457697094539,0.162159278002766,1.36610183681713,0.631887662732556,0.629987488110988,0.184226175646748,0.187148841026168,0.00190017462156862,0.00292266537942083,15,2,0.295975823153111,1.17155645749766,1.2,0.75
224,13,0.866666666666667,30,kalman-gm,0.00378250704162207,0.00661244233683658,0.00267504034504521,0.00308267588324625,0.000474949780435576,2.15305856693539e-17,0.328287304037998,0.709874431497979,0.580011783976132,0.770567549288362,0.767724256542792,0.239356771046396,0.240094630391993,0.00284329274557033,0.000737859345596421,15,2,0.0582620481256173,0.119741111126913,1.2,0.75
225,13,0.866666666666667,30,kalman-gm,0.00933725492852278,0.00986100418189095,0.0198786775685794,0.00206733058164705,0.000846608008458713,7.68949488191211e-17,0.591601700919015,1.09958339632741,0.648946819976238,0.712675502917593,0.719110941436957,0.177083392187468,0.177446730405656,-0.006435438519364,0.000363338218187663,15,2,0.107502156765685,0.242035586566774,1.2,0.75
226,13,0.866666666666667,30,kalman-gm,0.0326679795870092,0.0209526431184304,0.0343401707212652,0.0299194539196969,0.00251002267968545,7.07433529135914e-17,0.470139169851983,0.676704962075478,0.504893009701485,0.851790387495661,0.823976808533826,0.164834614973858,0.169766376640939,0.0278135789618343,0.00493176166708132,15,2,0.148439770591952,0.300964920382353,3.6,0.75
227,13,0.866666666666667,30,kalman-gm,0.0226056936271022,0.0979716579382352,0.00858366859517924,0.00562940591777667,0.000620973344705719,9.38118375593278e-17,0.215986323143833,0.606699892187745,2.06011934461712,0.323435680453825,0.324476930392661,0.220357260803393,0.221597741271385,-0.00104124993883631,0.00124048046799168,15,2,0.149558198189622,0.213926946999952,1.2,0.75
228,13,0.866666666666667,30,kalman-gm,0.027526276719752,0.0396320407089062,0.029313529596412,0.0350292561643513,0.00615271084710831,8.15086457482684e-17,0.117637408462233,0.498542580580455,0.78448507014671,0.757865136372272,0.737323158881458,0.163102445899061,0.168815803257491,0.0205419774908138,0.00571335735843044,15,2,0.227403915174836,0.549178444643371,1.2,0.75
229,13,0.866666666666667,30,kalman-gm,0.130483956094173,0.143272488305511,0.0422239048330267,0.0194468392341488,0.00228839706677189,2.9220080551266e-17,0.406570566858459,0.081310328035099,1.59180840654391,0.178230899964877,0.155978491289904,0.226248352017759,0.23064816734644,0.0222524086749731,0.00439981532868048,15,2,0.142290532616082,0.27167508218407,19.5,0.75
230,13,0.866666666666667,30,kalman-gm,0.024630419007361,0.0364122334070561,0.0147116251968091,0.0189485909911117,0.00318224468639376,3.53716764567957e-17,0.568199209212011,1.0457453013835,1.0934405568008,0.475921500527079,0.464972024403474,0.12443443724665,0.126792294503246,0.0109494761236046,0.00235785725659592,15,2,0.256091006809554,0.714334367106742,1.2,0.75
201,13,0.866666666666667,30,mean,0.00416428627813834,0.00640125644867713,0.0086448504140136,0.00751208186724151,0.000775599716686223,5.22885651970024e-17,0.592862395098805,1.07633036537974,0.818756405238795,0.61337352961391,0.613476074410124,0.251666117837944,0.249775581357534,-0.000102544796213887,-0.00189053648040948,15,2,0.172072046182792,0.247913003814525,1.2,0.75
202,13,0.866666666666667,30,mean,0.0258682236743467,0.16613154062612,0.0126564211038874,0.00100442364859337,0.000387001989665009,5.84401611025321e-17,1.18782983548822,1.36139597721234,1.46278312860705,0.12679718571031,0.127264795879948,0.254198267232006,0.254453589983045,-0.000467610169638352,0.000255322751039285,15,2,0.247403704514274,0.349128840353088,1.2,0.75
203,13,0.866666666666667,30,mean,0.0124433088935461,0.0733299191372723,0.0119738980120221,0.00221140238316524,0.000428532072021484,5.22885651970024e-17,1.64773844617272,2.34982978901304,0.605904565011578,0.689071094449994,0.697278247602029,0.277505500308237,0.27811917663296,-0.00820715315203436,0.000613676324723098,15,2,0.0999027963680905,0.17567651899469,1.2,0.75
204,13,0.866666666666667,30,mean,0.00830933602723218,0.0768969985296206,0.0110565136701085,0.00818989180899838,0.000268628794269515,6.76675549608266e-17,0.187249942783173,0.502664117015545,0.910508464790161,0.50663352600945,0.502475514533875,0.249220583047942,0.247179493436204,0.00415801147557483,-0.00204108961173814,15,2,0.14333053693745,0.263213893534878,1.2,0.75
205,13,0.866666666666667,30,mean,0.024214078716893,0.134335985224868,0.00910117452371278,0.00886538238851244,0.000348292094300936,4.61369692914727e-17,2.05113730243074,2.68997802505822,1.45152504176741,0.141974542362929,0.139842825835515,0.295485691358775,0.292866097714545,0.00213171652741415,-0.0026195936442295,15,2,0.113466686521214,0.215264425462478,1.2,0.75
206,13,0.866666666666667,30,mean,0.00535819337927537,0.0224249870435373,0.00469067580878915,0.00207187383487642,0.000242118790944598,3.84474744095606e-17,0.385637420441591,0.970264280585572,0.616370403118955,0.767745834320446,0.771750658939434,0.308385781722002,0.307746845289804,-0.00400482461898797,-0.000638936432197725,15,2,0.0945106068615691,0.146495718496636,1.2,0.75
207,13,0.866666666666667,30,mean,0.00894783813967055,0.0200701430618722,0.00453198240398557,0.00292960205430685,0.000554576284423513,2.9220080551266e-17,0.528812243369058,0.990686892105764,0.911125575686968,0.626193173014412,0.631656673907833,0.296358053976175,0.295489842812436,-0.00546350089342089,-0.000868211163738983,15,2,0.160766127810308,0.212478291493643,1.2,0.75
208,13,0.866666666666667,30,mean,0.0106571216609762,0.0488746369397829,0.00874883128165776,0.0037590056267339,6.8327404449534e-05,2.15305856693539e-17,0.236468450648112,0.76495074555861,0.792704630345245,0.6676663370147,0.660868026833765,0.178073257869194,0.178742636247495,0.00679831018093545,0.000669378378301135,15,2,0.111610002096574,0.231758919024434,1.2,0.75
209,13,0.866666666666667,30,mean,0.0288075656414303,0.0407695869772075,0.00466412209048685,0.00933003890676187,0.000712183189946364,2.30684846457363e-17,0.54437869437501,1.02636307175657,1.49447355507026,0.448979724841159,0.461831865019915,0.332845623273297,0.329740160658212,-0.0128521401787551,-0.00310546261508527,15,2,0.133580254875717,0.195527932735515,1.2,0.75
210,13,0.866666666666667,30,mean,0.0300757450222577,0.0277651527196353,0.0112931328490688,0.0770213254767968,0.0166172840004795,7.68949488191211e-17,0.534795415026433,0.775177959588647,0.798072917859345,0.916008449083529,0.888458812530659,0.128399859481735,0.138289386850053,0.02754963655287,0.00988952736831772,15,2,0.790915891982363,2.70885744490715,1.2,0.75
211,13,0.866666666666667,30,mean,0.00510225835716008,0.00995422096163859,0.00707387894345097,0.0021937476279125,0.000334201248068577,7.84328477955036e-17,0.160143023410133,0.600938245918067,1.08329025695191,0.520630668201357,0.521458558322195,0.225818917750076,0.226314307465228,-0.000827890120837738,0.000495389715151998,15,2,0.168682827010487,0.260411230495694,1.2,0.75
212,13,0.866666666666667,30,mean,0.00844378221476938,0.00980213814183761,0.00338570040624869,0.00221916188182234,0.000144315922543957,5.84401611025321e-17,1.67932180635256,1.76211385804563,1.23233549957456,0.29633260082413,0.295404074801292,0.276908707479213,0.27629420223083,0.000928526022837776,-0.000614505248382561,15,2,0.109540614811502,0.191832735363323,1.2,0.75
213,13,0.866666666666667,30,mean,0.0140419572909099,0.0133442522846788,0.0209808408358818,0.0328890357192464,0.00293139425614764,1.23031918110594e-17,0.711302854885033,1.24460785423657,0.50612509802795,0.876634454323834,0.864409538008327,0.099312621041405,0.102578917382208,0.0122249163155069,0.00326629634080275,15,2,0.242413464060794,0.550558975650866,1.2,0.75
214,13,0.866666666666667,30,mean,0.00947842079707686,0.0144394186880021,0.011819924383502,0.00354857178027691,0.000457722923653986,7.53570498427387e-17,0.755420091043541,1.40911228029272,0.855116359376094,0.664582869094448,0.658385066544873,0.159139045762059,0.15970376208899,0.00619780254957481,0.000564716326931438,15,2,0.153033854832608,0.309511022734618,1.2,0.75
215,13,0.866666666666667,30,mean,0.0021869002713743,0.0166468612394467,0.0019209993927706,0.0018801228981832,0.000338665171720371,5.53643631497672e-17,0.745058640201772,1.1907579371958,0.785321077524405,0.671840470224486,0.673275443802953,0.257585642560136,0.257302268426115,-0.00143497357846697,-0.000283374134020833,15,2,0.130954824302076,0.204455288279552,1.2,0.75
216,13,0.866666666666667,30,mean,0.0627385123820121,0.071832615494536,0.0239002999574677,0.00738713311913864,0.000885310967396453,6.9205453937209e-17,0.321109041873604,0.670670215683626,1.565048370942,0.231871893083733,0.217350615239886,0.234245606013739,0.235976009487935,0.0145212778438474,0.00173040347419679,15,2,0.194239465104717,0.343085323218752,1.2,0.75
217,13,0.866666666666667,30,mean,0.00394937495337909,0.00487314480657699,0.00605116863064584,0.000651553216475808,0.00018289661463275,4.30611713387078e-17,0.585708779886835,0.191131074319982,1.91950282815825,0.51900693865808,0.520162104607363,0.316927809886414,0.316721314552492,-0.00115516594928326,-0.000206495333922127,15,2,0.154567544555505,0.204286942028689,1.2,0.75
218,13,0.866666666666667,30,mean,0.0540563570443246,0.161771229907549,0.0226718581711544,0.00191113815948036,0.000157760081048295,7.38191508663563e-17,1.56292280620269,0.989730695083443,1.48557926113549,0.173061671459917,0.182269390125874,0.294348761231623,0.294911302381408,-0.00920771866595791,0.000562541149785527,15,2,0.176019566828019,0.233231962228666,1.2,0.75
219,13,0.866666666666667,30,mean,0.0321808110104338,0.0636418300679003,0.030975446414113,0.000323617172548625,0.000230666570384929,6.15159590552969e-17,0.577008651186305,1.177798567539,1.38021066621012,0.476575154620251,0.491911729603354,0.369860263375472,0.369926493630402,-0.0153365749831026,6.62302549304972e-05,15,2,0.200154937615786,0.218955612609974,1.2,0.75
220,13,0.866666666666667,30,mean,0.022579493202095,0.0460495844586458,0.0193639900181526,0.000894783954873473,0.000249966375806958,5.84401611025321e-17,0.195693000987435,0.86224020299856,1.47100535818016,0.597168965116479,0.610399697862029,0.3064103015315,0.306136130510081,-0.0132307327455498,-0.000274171021418329,15,2,0.224143261016075,0.265758984291354,1.2,0.75
221,13,0.866666666666667,30,mean,0.00318335951963015,0.00305770143483747,0.00390670533328959,0.00128176439614063,0.000183648925796201,4.76748682678551e-17,1.16575271349131,1.75474763310119,0.710131352263691,0.738637676002285,0.740690953214004,0.28403914330989,0.283675072048885,-0.00205327721171934,-0.000364071261004902,15,2,0.0996246310008008,0.19432351235847,1.2,0.75
222,13,0.866666666666667,30,mean,0.0148444706335176,0.0433853852535706,0.0123391572727037,0.0225806943811446,0.00142633941931297,6.45917570080618e-17,0.76404667901556,0.860179846957106,0.929038449693078,0.783966210026699,0.795359379235043,0.126245534050082,0.123394822228712,-0.0113931692083437,-0.00285071182136927,15,2,0.141120058433793,0.267802576384874,1.2,0.75
223,13,0.866666666666667,30,mean,0.00733198976044736,0.020519372246267,0.00768421734801671,0.00174321314261778,0.000964890935048958,1.69168887402067e-17,0.703357558403195,0.216858676227718,1.48856225024722,0.631887662732556,0.627715602627473,0.184226175646748,0.184429041949699,0.00417206010508351,0.000202866302951139,15,2,0.281987905419137,0.838148428926297,1.2,0.75
224,13,0.866666666666667,30,mean,0.00777644487423295,0.0192133936584953,0.00348949837110471,0.0031099275901015,0.000211781377794043,3.38337774804133e-17,0.327947340608434,0.710363130652889,0.578923435702165,0.770567549288362,0.764577337789725,0.239356771046396,0.238612388820241,0.00599021149863739,-0.000744382226154795,15,2,0.0723788782420999,0.159295538927429,1.2,0.75
225,13,0.866666666666667,30,mean,0.0109188343038275,0.021302148090026,0.0111890446955543,0.00212680540614888,8.51589662752894e-05,7.07433529135914e-17,0.584178818754181,1.09893214118686,0.666604521929172,0.712675502917593,0.705235115446113,0.177083392187468,0.177460014103312,0.00744038747148059,0.000376621915843491,15,2,0.141373183298593,0.278976197189563,1.2,0.75
226,13,0.866666666666667,30,mean,0.0135428413134256,0.0164522505725942,0.0144637992542165,0.00684714818981967,0.000427539125279869,7.84328477955036e-17,0.464697810258559,0.632832219240313,0.469986269238509,0.851790387495661,0.840302016823428,0.164834614973858,0.165963262009395,0.011488370672233,0.00112864703553787,15,2,0.183353586462947,0.417780154728076,1.2,0.75
227,13,0.866666666666667,30,mean,0.0251355650056066,0.0928294112412245,0.00978174342242234,0.00432349209077238,0.000444661168647433,6.30538580316793e-17,0.14391380560748,0.524128875436691,2.09064894054691,0.323435680453825,0.326828537448352,0.220357260803393,0.221309973677621,-0.00339285699452699,0.000952712874227737,15,2,0.17648029418617,0.237668334939198,1.2,0.75
228,13,0.866666666666667,30,mean,0.0191796593222512,0.020947481750817,0.0278294686601469,0.0100038496463717,0.0027864448539891,8.30465447246508e-17,0.0920863287446305,0.252371242731042,0.807327021163138,0.757865136372272,0.74361320748956,0.163102445899061,0.164065364221658,0.0142519288827115,0.000962918322597172,15,2,0.247201930642144,0.572447824183245,1.2,0.75
229,13,0.866666666666667,30,mean,0.0205251386791049,0.00810947813351283,0.0210212403951792,0.00529348718506966,0.00145566845287312,3.22958785040309e-17,0.419067083320956,0.0988398449476608,1.55915184911148,0.178230899964877,0.174665150095655,0.226248352017759,0.227445994769809,0.00356574986922136,0.00119764275204914,15,2,0.143612365798886,0.238615708676915,1.2,0.75
230,13,0.866666666666667,30,mean,0.0117403972978497,0.0414097837937397,0.0162307752853702,0.00330796730996225,0.000205427992275034,3.22958785040309e-17,0.575332863385238,1.03962450571354,1.08248883575866,0.475921500527079,0.470513180005336,0.12443443724665,0.12434635579661,0.00540832052174267,-8.80814500399581e-05,15,2,0.230625896708554,0.599912485237833,1.2,0.75
201,13,0.866666666666667,30,none,0.00559866929339564,0.00993539721758286,0.0189753753811145,0.0132535418940641,0.00211857963488438,0.866666666666667,0.613354360537198,1.05000311746056,0.826433405110707,0.61337352961391,0.616225344202459,0.251666117837944,0.255001585274025,-0.00285181458854971,0.00333546743608166,2,2,NaN,NaN,1.2,0.75
202,13,0.866666666666667,30,none,0.495578520736719,1.25080879822437,0.0236925227069313,0.0258167037960599,0.00505688415794329,0.866666666666667,1.08957724138854,1.25385740158942,1.35683562200935,0.12679718571031,0.189635147438204,0.254198267232006,0.260760828602607,-0.0628379617278943,0.00656256137060038,2,2,NaN,NaN,NaN,0.75
203,13,0.866666666666667,30,none,0.0317156403849711,0.0627674452779185,0.0750636130240494,0.0200882355028952,0.00540588969847113,0.866666666666667,1.07609547218723,1.29633828666125,0.778493224814578,0.689071094449994,0.710925425481249,0.277505500308237,0.283080096151777,-0.0218543310312544,0.00557459584354061,2,2,NaN,NaN,1.2,0.75
204,13,0.866666666666667,30,none,0.103802737643019,0.27734783184501,0.111138650788611,0.029694838223237,0.00526962493400933,0.866666666666667,0.233651874831121,0.628332146012038,0.848633961682633,0.50663352600945,0.559223472990967,0.249220583047942,0.256621147943451,-0.0525899469815167,0.00740056489550943,2,2,NaN,NaN,NaN,0.75
205,13,0.866666666666667,30,none,0.123126814074212,0.135466495361979,0.045902330421461,0.0166911380114178,0.00253134574066109,0.866666666666667,1.86077770191579,2.4800057072564,1.47115713242964,0.141974542362929,0.124533810596635,0.295485691358775,0.300417683813643,0.0174407317662936,0.0049319924548685,2,2,NaN,NaN,1.2,0.75
206,13,0.866666666666667,30,none,0.0668550153730987,0.0260174009016538,0.017278847146463,0.0191360810632344,0.00504054897815011,0.866666666666667,0.394041135830151,0.965218291927249,0.691848289424651,0.767745834320446,0.71641817476432,0.308385781722002,0.314287077039783,0.0513276595561259,0.00590129531778115,2,2,NaN,NaN,3.3,0.75
207,13,0.866666666666667,30,none,0.010759515697712,0.00838508771365755,0.0181713550036295,0.00558539042522208,0.00109647111462081,0.866666666666667,0.518443193913448,0.983534105224511,0.927191608389159,0.626193173014412,0.619649336899945,0.296358053976175,0.298013329413291,0.00654383611446714,0.00165527543711598,2,2,NaN,NaN,1.2,0.75
208,13,0.866666666666667,30,none,0.0420234381274096,0.0303824303246393,0.016565725219157,0.0897636842488448,0.0153432020817008,0.866666666666667,0.257688666429236,0.834868771446582,0.78661881991426,0.6676663370147,0.639608702011409,0.178073257869194,0.194057769561727,0.0280576350032915,0.0159845116925334,2,2,NaN,NaN,1.2,0.75
209,13,0.866666666666667,30,none,0.0276504240006111,0.0586647738421886,0.0266610169521252,0.00232441325395151,0.00098935354131924,0.866666666666667,0.577289650422195,1.05480932000423,1.46857187039687,0.448979724841159,0.461394204600695,0.332845623273297,0.333619294051553,-0.0124144797595357,0.000773670778256202,2,2,NaN,NaN,1.2,0.75
210,13,0.866666666666667,30,none,0.00639726619605576,0.0390834031541697,0.0303867850897141,0.0636730457029165,0.0200870359048794,0.866666666666667,0.248281522189527,0.896629794751764,0.497837582044114,0.916008449083529,0.920112892379072,0.128399859481735,0.136575469602764,-0.00410444329554271,0.0081756101210286,2,2,NaN,NaN,1.2,0.75
211,13,0.866666666666667,30,none,0.00571288604193147,0.0322317207684339,0.0242039774595509,0.0235592466040906,0.00406418466097939,0.866666666666667,0.267319280888437,0.818130445288391,1.05591471960982,0.520630668201357,0.519740102706922,0.225818917750076,0.231139041321219,0.000890565494434815,0.00532012357114291,2,2,NaN,NaN,1.2,0.75
212,13,0.866666666666667,30,none,0.168116158506782,0.267866381490015,0.0416701450627717,0.0424287687020304,0.00717880890163631,0.866666666666667,1.58244499269779,1.52460920940858,1.37410843183001,0.29633260082413,0.246515189112551,0.276908707479213,0.288657602980427,0.0498174117115781,0.0117488955012137,2,2,NaN,NaN,NaN,0.75
213,13,0.866666666666667,30,none,0.00682974581328496,0.0221144149667814,0.00860155594813751,0.0628502347771522,0.0160107425005619,0.866666666666667,0.65124300710748,1.20571646131538,0.474710958769945,0.876634454323834,0.87506020588958,0.099312621041405,0.105554442590192,0.001574248434254,0.00624182154878666,2,2,NaN,NaN,1.2,0.75
214,13,0.866666666666667,30,none,0.0316068108889445,0.0915724109906127,0.00776832333279169,0.0525418658922861,0.0123128872081358,0.866666666666667,0.603726416361151,1.00572227372755,0.7917124230525,0.664582869094448,0.68558525469388,0.159139045762059,0.167500508162716,-0.0210023855994322,0.00836146240065648,2,2,NaN,NaN,1.2,0.75
215,13,0.866666666666667,30,none,0.0028822276936163,0.00932584325702009,0.00597787391948939,0.00585671838253968,0.00101750228873943,0.866666666666667,0.697828316093078,1.13944343409045,0.787923234522504,0.671840470224486,0.673763729853236,0.257585642560136,0.259094249127996,-0.00192325962875058,0.00150860656786024,2,2,NaN,NaN,1.2,0.75
216,13,0.866666666666667,30,none,0.279436298872924,0.326659882035725,0.0240673033255154,0.0430080823501101,0.00864592108413472,0.866666666666667,0.277639927395658,0.673989435341674,1.57835429796511,0.231871893083733,0.167087862921782,0.234245606013739,0.244320060327329,0.0647840301619516,0.0100744543135903,2,2,NaN,NaN,NaN,0.75
217,13,0.866666666666667,30,none,0.0790434795469004,0.0937976099781685,0.0542411491295153,0.00800993209323329,0.00194967928481621,0.866666666666667,0.548918967636019,0.186478637669976,1.8730546681341,0.51900693865808,0.56001987112109,0.316927809886414,0.319466380122062,-0.0410129324630102,0.00253857023564733,2,2,NaN,NaN,10.5,0.75
218,13,0.866666666666667,30,none,0.255834323835161,0.15603814235915,0.0231906187064152,0.0189773854594048,0.002630679081793,0.866666666666667,1.01429055536731,0.899094416435762,1.62537555302103,0.173061671459917,0.128860125440433,0.294348761231623,0.299934731133013,0.0442015460194836,0.00558596990139081,2,2,NaN,NaN,5.4,0.75
219,13,0.866666666666667,30,none,0.0288300306700841,0.0545015264914196,0.0382873534442173,0.00270671211130655,0.000174804449041832,0.866666666666667,0.555094566866947,1.1531191367813,1.3658380302717,0.476575154620251,0.463124175762757,0.369860263375472,0.370861368629841,0.0134509788574937,0.00100110525436942,2,2,NaN,NaN,1.2,0.75
220,13,0.866666666666667,30,none,0.00641060738963912,0.01083206299821,0.0131193772612894,0.00473259404590111,0.000861885513835757,0.866666666666667,0.202596737594386,0.83585631785858,1.45699073006572,0.597168965116479,0.593515786289114,0.3064103015315,0.30786041710013,0.00365317882736485,0.00145011556863074,2,2,NaN,NaN,1.2,0.75
221,13,0.866666666666667,30,none,0.0212666804598912,0.131374036563768,0.0149601771643994,0.0209532503315425,0.00323128428134001,0.866666666666667,0.835989220110653,1.09408689820497,0.698675627606309,0.738637676002285,0.724235254535866,0.28403914330989,0.289990686583619,0.0144024214664187,0.00595154327372901,2,2,NaN,NaN,NaN,0.75
222,13,0.866666666666667,30,none,0.021756953463359,0.0299400059191051,0.0477465358762697,0.0703178109139277,0.020833545059003,0.866666666666667,0.708677587012172,0.940443252387702,0.777818797425514,0.783966210026699,0.801022926375096,0.126245534050082,0.135122843642143,-0.0170567163483968,0.00887730959206145,2,2,NaN,NaN,1.2,0.75
223,13,0.866666666666667,30,none,0.00245812424802922,0.0101351509744817,0.0161467845407428,0.032080314136404,0.00769215572274258,0.866666666666667,0.459610968668682,0.0900417788490256,1.25753013034156,0.631887662732556,0.63174963587105,0.184226175646748,0.190136209233644,0.000138026861506112,0.00591003358689601,2,2,NaN,NaN,1.2,0.75
224,13,0.866666666666667,30,none,0.0149436497444611,0.0107030025932208,0.0128490332566547,0.0109903719266615,0.00164110833258002,0.866666666666667,0.312731970625377,0.661232407270322,0.609923285170439,0.770567549288362,0.759097756084603,0.239356771046396,0.241987390983361,0.0114697932037598,0.00263061993696466,2,2,NaN,NaN,1.2,0.75
225,13,0.866666666666667,30,none,0.0179536777668468,0.0413837417622913,0.0296244901061221,0.00959186940230167,0.00382976973272413,0.866666666666667,0.557362535548387,1.07790865596369,0.638098080130218,0.712675502917593,0.725436770267889,0.177083392187468,0.178781952958647,-0.0127612673502958,0.00169856077117876,2,2,NaN,NaN,1.2,0.75
226,13,0.866666666666667,30,none,0.0101980590443098,0.0655233663161871,0.0110805280706001,0.0626609599359399,0.00951139104197585,0.866666666666667,0.454886280299758,0.780850432587553,0.461925767563295,0.851790387495661,0.844815342681274,0.164834614973858,0.17516331017879,0.00697504481438674,0.010328695204933,2,2,NaN,NaN,1.2,0.75
227,13,0.866666666666667,30,none,0.0451038123600919,0.1314977932042,0.061681674554915,0.0555211016622748,0.00763586445417959,0.866666666666667,0.207477999580192,0.579533785892089,2.07390806078032,0.323435680453825,0.308865808100161,0.220357260803393,0.232591738682479,0.0145698723536636,0.0122344778790856,2,2,NaN,NaN,1.2,0.75
228,13,0.866666666666667,30,none,0.0165531109589273,0.0724732651599376,0.0253430399460236,0.114909434464738,0.0257597876950147,0.866666666666667,0.314389321716065,0.574777474874081,0.726268140800605,0.757865136372272,0.746283945140683,0.163102445899061,0.181844455717137,0.0115811912315889,0.0187420098180766,2,2,NaN,NaN,1.2,0.75
229,13,0.866666666666667,30,none,0.450573434856601,0.478189851516721,0.128176506009364,0.0513802518316362,0.00730485247902847,0.866666666666667,0.368784154283262,0.0607876363264635,1.64917088334062,0.178230899964877,0.0979247911701191,0.226248352017759,0.237873049320925,0.0803061087947577,0.0116246973031651,2,2,NaN,NaN,NaN,0.75
230,13,0.866666666666667,30,none,0.0571853184513897,0.0932546929095535,0.103358432294987,0.0536637427906906,0.0211107211115613,0.866666666666667,0.545240239311669,1.04602746278598,1.02393419311211,0.475921500527079,0.503119614588661,0.12443443724665,0.131112054881358,-0.027198114061582,0.00667761763470854,2,2,NaN,NaN,1.2,0.75
201,13,0.866666666666667,60,hold,0.0168240090058891,0.0180026449100933,0.0209918119922986,0.015746133481005,0.00494055956383943,5.53643631497672e-17,0.896175611102866,1.17962765785057,0.812274351856639,0.604518268728009,0.614008096525098,0.243663018909081,0.247499769329208,-0.00948982779708945,0.00383675042012703,15,2,0.328913292094211,0.787525895629197,1.2,1.5
202,13,0.866666666666667,60,hold,0.408088435436403,0.546265016527767,0.024924025540954,0.0231738496193138,0.00461479197702094,6.84365044490178e-17,1.18691006525656,0.781097294132521,1.52815118429308,0.102410668347178,0.144040527234307,0.253373927979874,0.259245577284334,-0.0416298588871297,0.00587164930446045,15,2,0.430689993792506,1.6923271090904,8.1,1.5
203,13,0.866666666666667,60,hold,0.0366861277326923,0.0883201140404899,0.0294905891187952,0.0106284615133339,0.0016849698069383,4.84438177560463e-17,2.14683403935018,1.78735902216678,0.837735943004074,0.67661223041512,0.651807842595095,0.297576783509928,0.300739566900725,0.0248043878200249,0.00316278339079696,15,2,0.204601166889457,0.475003396389571,NaN,1.5
204,13,0.866666666666667,60,hold,0.04201170824134,0.198145895315923,0.0322575154194409,0.020441110165489,0.00350227065673607,6.15159590552969e-17,0.413090079337187,0.9821776594429,0.942990323962868,0.479611960406856,0.49025547897998,0.259367846311,0.264669613030829,-0.0106435185731239,0.00530176671982876,15,2,0.389897027933253,1.24284224888788,NaN,1.5
205,13,0.866666666666667,60,hold,0.0936252181599552,0.363142146955709,0.0401007114604268,0.0535877093623355,0.0106323839906208,4.99817167324287e-17,2.24026141687254,1.7152848723262,1.42566129576805,0.155508193785385,0.145335482676648,0.292106770724174,0.307760103456511,0.010172711108738,0.0156533327323374,15,2,0.284121669421851,0.680029243973419,NaN,1.5
206,13,0.866666666666667,60,hold,0.0030361432410286,0.00967819198317291,0.00631595099571495,0.00477096344958559,0.000901256755564346,3.61406259449869e-17,0.658910508356468,1.14887721951275,0.665201398572968,0.76275561821622,0.760450739029171,0.312256384116912,0.313746147912434,0.0023048791870489,0.00148976379552155,15,2,0.204197473318153,0.389404831332481,1.2,1.5
207,13,0.866666666666667,60,hold,0.0417509543994803,0.0635556458435543,0.0432671939320237,0.01142079698353,0.00208734959849834,2.99890300394572e-17,0.768989743708561,0.901394908069146,1.00285192324377,0.628696822959976,0.602510369781275,0.293818116863282,0.297173753926061,0.0261864531786999,0.00335563706277863,15,2,0.262478130817398,0.505505239284713,6.3,1.5
208,13,0.866666666666667,60,hold,0.0562228046553317,0.225606343856087,0.0474027667561194,0.0421104198664653,0.00931952820964407,2.61442825985012e-17,0.51462632496854,0.892968482840762,0.839519764741988,0.664485102964321,0.62715613976553,0.158651271748673,0.165332143414359,0.0373289631987912,0.00668087166568532,15,2,0.260642231117983,0.706219105396287,NaN,1.5
209,13,0.866666666666667,60,hold,0.0181649549784294,0.0471086118492226,0.00641373602245168,0.00287685766027945,0.000943598506203174,2.38374341339275e-17,0.788728876867273,1.22098010864332,1.57255341585466,0.441212379415521,0.433198069135015,0.350661284405813,0.351670087008019,0.00801431028050559,0.00100880260220629,15,2,0.217595817091185,0.435560806612313,1.2,1.5
210,13,0.866666666666667,60,hold,0.0244579068339405,0.045241012190216,0.0360916205210278,0.236130362087676,0.0804202216232914,7.45881003545475e-17,0.841243155465225,1.11854292524108,0.752720620100362,0.911413335905791,0.889166531921779,0.125609799060753,0.155270086394728,0.0222468039840124,0.0296602873339758,15,2,1.10750413657093,3.0384321654782,1.2,1.5
211,13,0.866666666666667,60,hold,0.108951872249423,0.304538017278117,0.0748253833567045,0.0331736646321637,0.00733139060123434,8.15086457482684e-17,0.54938324555841,0.876499096803246,1.1292473513364,0.535618105199024,0.477283977055835,0.228482457714034,0.236062058140572,0.0583341281431893,0.00757960042653789,15,2,0.406045522871683,1.15161095389529,NaN,1.5
212,13,0.866666666666667,60,hold,0.0266567625846024,0.0324388570638264,0.0187891782473465,0.0244162989138269,0.0042134999223275,5.30575146851935e-17,2.323968726645,3.00161381707432,1.17663117738876,0.31187371502253,0.308244490300609,0.274363468784459,0.281062409249335,0.00362922472192114,0.00669894046487576,15,2,0.218827824591003,0.395432044944771,1.2,1.5
213,13,0.866666666666667,60,hold,0.0302787271700591,0.0189145647612301,0.015010992312304,0.187935134774748,0.0469902416031992,1.76858382283979e-17,0.920052137545902,1.29727089022598,0.568068463137481,0.882013185706611,0.855313064923104,0.102920263681531,0.122262597307572,0.026700120783507,0.0193423336260411,15,2,0.557000171838951,1.93776595434232,4.5,1.5
214,13,0.866666666666667,60,hold,0.0319388262680813,0.0843050396808459,0.0247991556914203,0.0666178314995369,0.0165742403789267,7.68949488191211e-17,1.13859711870429,1.57949950011658,0.868422251918422,0.630378622365926,0.645011244754205,0.157360503203676,0.167843518690781,-0.0146326223882796,0.0104830154871048,15,2,0.445692995540848,1.80225481036347,1.2,1.5
215,13,0.866666666666667,60,hold,0.0101568580556959,0.0215064264069825,0.00647706308047506,0.00852830704039421,0.00195114094684248,4.76748682678551e-17,0.994984119147944,0.963843216855564,0.775895091950227,0.671182338834457,0.677860762116937,0.248246814965666,0.250363940025493,-0.00667842328248082,0.00211712505982713,15,2,0.253883736924104,0.445144839260319,1.2,1.5
216,13,0.866666666666667,60,hold,0.257608406311854,0.220392748407136,0.0789302475149828,0.0649627421162731,0.0125360800430769,6.99744034254002e-17,0.554914684807668,0.785902279193392,1.48920202728639,0.334844960018649,0.24861720279219,0.247931489834199,0.264037799270802,0.0862277572264593,0.0161063094366025,15,2,0.397443538931176,1.17782304068591,NaN,1.5
217,13,0.866666666666667,60,hold,0.0133452756059908,0.174192855848252,0.0226208671811229,0.0202678055210402,0.00273038091176704,4.07543228741342e-17,0.360979081799736,0.967314819911234,1.97116978785105,0.488622654063587,0.493026806795663,0.310620011332117,0.31691559731274,-0.00440415273207586,0.00629558598062265,15,2,0.296562609348789,0.546039184983867,1.2,1.5
218,13,0.866666666666667,60,hold,0.092535627693997,0.329207998283069,0.0287040998189257,0.024602943889443,0.00384701265466471,7.68949488191211e-17,1.45431874252545,0.98007896744826,1.60624064123455,0.163107835808856,0.148956792623128,0.296791263855397,0.304093202666908,0.0141510431857284,0.00730193881151118,15,2,0.368348020929039,0.87063219356236,1.2,1.5
219,13,0.866666666666667,60,hold,0.0236818363626606,0.031946352735332,0.0101060756493951,0.0164367374231085,0.00238420210196314,6.45917570080617e-17,0.862574451560316,1.3256503106338,1.31498790170101,0.480979680498432,0.490950423766392,0.364308778337542,0.370296826068009,-0.00997074326795998,0.00598804773046762,15,2,0.326532510982561,1.51072782948287,1.2,1.5
220,13,0.866666666666667,60,hold,0.0352984949547594,0.0323803435699737,0.0282738940988197,0.00807875766954574,0.00136270485078043,6.61296559844441e-17,0.489452468122247,1.19122590614077,1.5029642104086,0.616243723113678,0.594553780169874,0.3162758737353,0.318830989875931,0.0216899429438039,0.00255511614063134,15,2,0.382463361459223,1.13742037049534,1.5,1.5
221,13,0.866666666666667,60,hold,0.0410376878192463,0.103437604606292,0.0208710779801551,0.0378921272187361,0.00554668427432859,4.15232723623254e-17,1.46177349167554,1.66261594941836,0.699442778619886,0.77335303701702,0.742354690508793,0.281279093238121,0.291937356423071,0.0309983465082268,0.0106582631849496,15,2,0.212565191395901,0.6030920736059,26.1,1.5
222,13,0.866666666666667,60,hold,0.031265104895644,0.053897047722657,0.0286477930459549,0.110677411901934,0.010030957807441,7.92017972836947e-17,0.991422616464853,0.923511969044656,0.855222082396142,0.792114667204658,0.767628785615938,0.121879525794511,0.135368836273283,0.0244858815887198,0.0134893104787716,15,2,0.295343768880968,0.677664599277186,15.6,1.5
223,13,0.866666666666667,60,hold,0.0237739269902517,0.0255412546617543,0.0176785233441524,0.0729347677274298,0.0180667669044471,1.4610040275633e-17,0.462253956329981,0.238102630972238,1.617045973965,0.632175035025271,0.61718132690036,0.169761273584287,0.182142772642269,0.0149937081249111,0.0123814990579826,15,2,0.506350780366393,2.01103750377275,1.2,1.5
224,13,0.866666666666667,60,hold,0.0281960675290321,0.0284823010063653,0.0186815266586636,0.0393429388958951,0.00583301560335429,1.61479392520154e-17,0.492455255065791,0.532255165312752,0.701567800822003,0.778956862416219,0.757018270346932,0.223126860356711,0.231905326789758,0.0219385920692869,0.008778466433047,15,2,0.160283421910601,0.399285122655191,1.5,1.5
225,13,0.866666666666667,60,hold,0.0139990473801529,0.0413438867910673,0.0347446574548633,0.023064159945179,0.00538559762267087,8.53533931892244e-17,0.876916149856952,0.795923603433971,0.653895992023163,0.719146306360281,0.726768906316571,0.18848700201647,0.192834296378565,-0.0076225999562902,0.00434729436209515,15,2,0.326878465777869,1.0703330821955,1.2,1.5
226,13,0.866666666666667,60,hold,0.0531904606340105,0.0175687868512271,0.0568628037133626,0.145132029514237,0.0304540372223067,6.76675549608266e-17,0.627799705833389,0.859711330944554,0.61348019070471,0.842147129779083,0.797427549194411,0.157707722072075,0.180596163846463,0.0447195805846718,0.0228884417743875,15,2,0.372978925236913,1.13213663833165,4.2,1.5
227,13,0.866666666666667,60,hold,0.0392467856185751,0.0952549301289938,0.0184747849371864,0.0388606641547868,0.00961478830362504,7.45881003545475e-17,0.499932592876957,0.474959092702631,2.01786842237544,0.300154329372957,0.309639362469954,0.201546749006127,0.209378989530743,-0.00948503309699765,0.0078322405246162,15,2,0.285570510670404,0.6872681367353,1.2,1.5
228,13,0.866666666666667,60,hold,0.0458921063800346,0.0719209705608341,0.0270881950512336,0.177537305763383,0.0431674292934145,7.53570498427387e-17,0.270958805829372,0.663041101454721,0.90830638562319,0.749273559383692,0.714942268532009,0.163381255125069,0.192387522972214,0.0343312908516835,0.0290062678471447,15,2,0.499474007604912,1.65180011964938,4.2,1.5
229,13,0.866666666666667,60,hold,0.312417413338314,0.251611580483542,0.192303655940623,0.0899538066888876,0.0188201488736134,1.84547877165891e-17,0.31992356698808,0.490626094859134,1.53940500502406,0.281974869639758,0.195183382344811,0.22640934769465,0.246775730389732,0.0867914872949467,0.0203663826950817,15,2,0.344693608285338,0.914474200128917,27,1.5
230,13,0.866666666666667,60,hold,0.110644061489255,0.301224858558201,0.0450291044959008,0.013105120730922,0.00682438056405761,2.38374341339275e-17,0.823729590251572,0.709559578451772,1.15794499663091,0.479405086058137,0.432016122025317,0.151856386065861,0.152725577285577,0.0473889640328191,0.000869191219716369,15,2,0.550317737404682,1.94125671027568,NaN,1.5
201,13,0.866666666666667,60,kalman,0.00475341020176115,0.0326779522173382,0.0157410691183732,0.00224344176892287,0.000965722391984092,0.433333333333333,0.842762263318391,1.17985312170794,0.816182395521279,0.604518268728009,0.603432351704154,0.243663018909081,0.243462042254842,0.00108591702385438,-0.000200976654239431,8.5,2,0.17288104506224,0.249378535673483,1.2,1.5
202,13,0.866666666666667,60,kalman,0.116939439024187,0.913573931363582,0.0191152177341094,0.0192702123811575,0.00320820207785632,0.433333333333333,1.17287065521459,0.753379533840976,1.48488338346039,0.102410668347178,0.11392008176767,0.253373927979874,0.258256497383894,-0.0115094134204921,0.00488256940402028,8.5,2,0.249266617053232,0.360993945729159,1.2,1.5
203,13,0.866666666666667,60,kalman,0.0548438905315691,0.0470113419047821,0.0428579539675927,0.00129015291256625,0.000660607312117848,0.433333333333333,1.91630896901958,2.28472901925715,0.580746178566515,0.67661223041512,0.713655771790434,0.297576783509928,0.297204023904519,-0.0370435413753131,-0.000372759605409057,8.5,2,0.0997638617366584,0.17511126673863,2.1,1.5
204,13,0.866666666666667,60,kalman,0.038323375116862,0.133097820669264,0.0401639784156328,0.00573753490779535,0.00285144087696228,0.433333333333333,0.39971708349109,0.962173544532622,0.989615695909741,0.479611960406856,0.486740349044766,0.259367846311,0.260841956399436,-0.00712838863791057,0.00147411008843615,8.5,2,0.14334506603777,0.265439404440105,16.8,1.5
205,13,0.866666666666667,60,kalman,0.227745076154391,0.64580618782783,0.0260845220723645,0.0139800208030659,0.00245379712897219,0.433333333333333,1.79809335563519,1.08764973556897,1.52762642087772,0.155508193785385,0.120527905631308,0.292106770724174,0.296190429455615,0.0349802881540778,0.00408365873144035,8.5,2,0.113611961702101,0.216247214594671,NaN,1.5
206,13,0.866666666666667,60,kalman,0.0131210164892096,0.00815361509428278,0.0125826601141741,0.00148686949041275,0.000356033534359155,0.433333333333333,0.703192379919713,1.18345904939221,0.617702875613857,0.76275561821622,0.77240830467977,0.312256384116912,0.312720668607642,-0.00965268646354978,0.00046428449073004,8.5,2,0.0941126051033511,0.146528371327001,1.2,1.5
207,13,0.866666666666667,60,kalman,0.0182222285166325,0.103008148385847,0.0208171467727189,0.00819105191570122,0.00320136890483935,0.433333333333333,0.779917070731569,1.0210533835028,0.954519475132201,0.628696822959976,0.628328017803663,0.293818116863282,0.291411437414282,0.000368805156312634,-0.00240667944900071,8.5,2,0.16085721996325,0.212565896765567,1.2,1.5
208,13,0.866666666666667,60,kalman,0.0166244896197082,0.110217105392793,0.0251673189816963,0.0719724603590761,0.00639389607132985,0.433333333333333,0.552185240111679,0.933597939110209,0.805087320453145,0.664485102964321,0.653668104370027,0.158651271748673,0.170069794115522,0.0108169985942941,0.0114185223668484,8.5,2,0.111490492306167,0.230274892765696,1.2,1.5
209,13,0.866666666666667,60,kalman,0.0663445822646194,0.127428530380246,0.0234441397898224,0.00619716399624855,0.00247692013517467,0.433333333333333,0.821738449021714,1.1055712122183,1.58423632401966,0.441212379415521,0.470442819679445,0.350661284405813,0.348488178919215,-0.0292304402639239,-0.00217310548659798,8.5,2,0.133405038077809,0.194794246260331,20.1,1.5
210,13,0.866666666666667,60,kalman,0.0257527849316284,0.0487460114191021,0.0327254293188924,0.202651361324549,0.0731207590290183,0.433333333333333,0.770448009539179,0.980073891956817,0.71211741551308,0.911413335905791,0.896229443202363,0.125609799060753,0.151064795836117,0.0151838927034289,0.0254549967753646,8.5,2,0.786495954352244,2.69715839767124,1.2,1.5
211,13,0.866666666666667,60,kalman,0.0346214208766708,0.0627944461331221,0.0213248363806372,0.0138673584364833,0.00143158976933763,0.433333333333333,0.423379815092241,0.877267190503502,1.1311574191581,0.535618105199024,0.52049967671993,0.228482457714034,0.231650905851603,0.0151184284790943,0.00316844813756915,8.5,2,0.168620485199034,0.263951319452884,3.3,1.5
212,13,0.866666666666667,60,kalman,0.0770230948623139,0.147295165696713,0.00967794723665468,0.0335544675238179,0.00444060544734347,0.433333333333333,1.73614997895109,1.62847605114147,1.29599837842458,0.31187371502253,0.287898150900136,0.274363468784459,0.283569588887509,0.0239755641223944,0.00920612010305015,8.5,2,0.109117057282028,0.191660681623217,3.6,1.5
213,13,0.866666666666667,60,kalman,0.0353406707404887,0.056370978618249,0.0251253134008741,0.170648083020863,0.0336090572706566,0.433333333333333,0.895558512620963,1.12112257295423,0.578367820213158,0.882013185706611,0.850933875811668,0.102920263681531,0.120483409382786,0.0310793098949422,0.0175631457012551,8.5,2,0.247276742092264,0.571678403291846,8.1,1.5
214,13,0.866666666666667,60,kalman,0.0500231275328777,0.123498563038,0.0291439291701036,0.0578522505373885,0.0085339342329302,0.433333333333333,0.973635324700011,0.99727884118195,0.821526035449475,0.630378622365926,0.660721065073996,0.157360503203676,0.166464162459704,-0.0303424427080698,0.00910365925602858,8.5,2,0.153074208057359,0.306464331353443,24.3,1.5
215,13,0.866666666666667,60,kalman,0.00975969983751807,0.0553190536503584,0.00725424795738418,0.002821679562681,0.000796975181874373,0.433333333333333,0.924356787155279,0.990342911074206,0.784508214167882,0.671182338834457,0.677692089992973,0.248246814965666,0.248728356341062,-0.00650975115851661,0.000481541375396344,8.5,2,0.131376895649814,0.206326576908566,1.2,1.5
216,13,0.866666666666667,60,kalman,0.233568234143296,0.28625615409036,0.042349519436948,0.0620444127138897,0.00972408387646491,0.433333333333333,0.62041638388543,0.695576378113569,1.54511569848197,0.334844960018649,0.2566492513859,0.247931489834199,0.263314253514242,0.0781957086327496,0.0153827636800426,8.5,2,0.194333258020489,0.348753428933271,NaN,1.5
217,13,0.866666666666667,60,kalman,0.0487949634665783,0.236815967306898,0.0319826684361574,0.0145181721511859,0.000969314182953622,0.433333333333333,0.393645626043106,1.09199697956102,1.98337508254246,0.488622654063587,0.512447105705097,0.310620011332117,0.31512964613024,-0.0238244516415103,0.004509634798123,8.5,2,0.154337595701438,0.204480068516204,NaN,1.5
218,13,0.866666666666667,60,kalman,0.064070282520225,0.808846428620046,0.0352306345809143,0.0331482500352806,0.00414160964417163,0.433333333333333,1.23964753170063,0.938996233504335,1.68173386797451,0.163107835808856,0.153993784219108,0.296791263855397,0.306629374877962,0.00911405158974764,0.00983811102256561,8.5,2,0.175927222132917,0.231820573308891,1.2,1.5
219,13,0.866666666666667,60,kalman,0.0627580142508777,0.107524325688735,0.0496201331024626,0.0119324881709943,0.00122162747076294,0.433333333333333,0.827942316282082,1.27954635734708,1.28468140639629,0.480979680498432,0.511165010141535,0.364308778337542,0.368655888525644,-0.0301853296431032,0.00434711018810209,8.5,2,0.200209075700432,0.218735200614833,NaN,1.5
220,13,0.866666666666667,60,kalman,0.021683668447393,0.0374724550274931,0.017717845820926,0.00485382540017286,0.000634558028533533,0.433333333333333,0.520178807752689,1.20762133957086,1.45653358114844,0.616243723113678,0.628586384891888,0.3162758737353,0.317811021604698,-0.0123426617782095,0.00153514786939826,8.5,2,0.224079948237011,0.266940136996032,1.2,1.5
221,13,0.866666666666667,60,kalman,0.0339138020360924,0.0644001764943465,0.0205179803952483,0.0300062342804715,0.00218109942352665,0.433333333333333,1.40917280438619,1.70046891667179,0.679334268390606,0.77335303701702,0.748772050403709,0.281279093238121,0.289719219608023,0.0245809866133115,0.00844012636990165,8.5,2,0.103471434332008,0.195882932278561,17.7,1.5
222,13,0.866666666666667,60,kalman,0.0170882726765209,0.0130936660664701,0.0352720580870914,0.0712857726637686,0.0055201755071803,0.433333333333333,0.882153082024111,0.905330757517326,0.784624803658514,0.792114667204658,0.781101155223881,0.121879525794511,0.130567801962667,0.0110135119807771,0.00868827616815545,8.5,2,0.142558456082476,0.273628596321747,1.2,1.5
223,13,0.866666666666667,60,kalman,0.0151502580874677,0.0360710192140337,0.0178247897518622,0.0392538464173629,0.00566223632912442,0.433333333333333,0.488762638399244,0.27739016744607,1.54290874444511,0.632175035025271,0.628938449057793,0.169761273584287,0.17642505654518,0.00323658596747803,0.00666378296089351,8.5,2,0.283049113131894,0.833343630381294,1.2,1.5
224,13,0.866666666666667,60,kalman,0.0105574481961036,0.0580879107097668,0.00424996105649229,0.0247991549467337,0.00206149566276448,0.433333333333333,0.52116120721173,0.671715414524072,0.648633431732574,0.778956862416219,0.783171430763159,0.223126860356711,0.228660217939475,-0.00421456834693978,0.00553335758276429,8.5,2,0.0708752699121711,0.1590899601622,8.7,1.5
225,13,0.866666666666667,60,kalman,0.0327487562337322,0.0399606464160669,0.0185680908434076,0.0272895185710007,0.00161387619584744,0.433333333333333,0.826907486316211,0.815994844782328,0.701340022695651,0.719146306360281,0.695918853343092,0.18848700201647,0.193630721558391,0.0232274530171887,0.00514371954192071,8.5,2,0.138923983523957,0.274530178401103,7.8,1.5
226,13,0.866666666666667,60,kalman,0.0125037613448083,0.0199539979310471,0.017388137635635,0.0812729727769414,0.0111492018452551,0.433333333333333,0.617315729444323,0.93778116765182,0.542599028109608,0.842147129779083,0.834149502664264,0.157707722072075,0.170525097474752,0.00799762711481849,0.0128173754026772,8.5,2,0.182409799192467,0.411453335971843,1.2,1.5
227,13,0.866666666666667,60,kalman,0.0981146812499995,0.174155807439573,0.0142702936562757,0.0191188561579448,0.00458420888269927,0.433333333333333,0.446269944909383,0.581711518549189,2.08881706402781,0.300154329372957,0.326464603164991,0.201546749006127,0.205400092309476,-0.0263102737920347,0.00385334330334954,8.5,2,0.175663554597053,0.236509256517025,9.9,1.5
228,13,0.866666666666667,60,kalman,0.0203517443476856,0.118461506500508,0.030151244510118,0.0793845892291832,0.0169003938256846,0.433333333333333,0.28983309361707,0.818085446931012,0.884070397748481,0.749273559383692,0.762255918228033,0.163381255125069,0.176351208950921,-0.0129823588443403,0.012969953825852,8.5,2,0.246976752787183,0.576329253792691,NaN,1.5
229,13,0.866666666666667,60,kalman,0.310852208565356,0.170495891060527,0.182521097016104,0.0553475214401888,0.00899510808018534,0.433333333333333,0.299617494276495,0.436968355433519,1.53354513226071,0.281974869639758,0.194348552893566,0.22640934769465,0.238940543920439,0.087626316746192,0.0125311962257888,8.5,2,0.143346392359191,0.238377976741125,19.5,1.5
230,13,0.866666666666667,60,kalman,0.0680516637846137,0.0456936197426494,0.027323753756894,0.0430018929204531,0.00990718311771151,0.433333333333333,0.801054670369641,0.793852608498111,1.12183460176515,0.479405086058137,0.446865357655988,0.151856386065861,0.158386498118752,0.0325397284021489,0.00653011205289112,8.5,2,0.230546861030006,0.597996456541408,1.5,1.5
201,13,0.866666666666667,60,kalman-gm,0.0104634779093773,0.0346588316110727,0.0210622306689275,0.00370518607663399,0.00135977050848572,5.76712116143408e-17,0.885728728989039,1.18687871419649,0.82572110163063,0.604518268728009,0.598996247816336,0.243663018909081,0.244565835734134,0.00552202091167238,0.000902816825052531,15,2,0.290396264945702,0.611120342459154,1.2,1.5
202,13,0.866666666666667,60,kalman-gm,0.259966988619667,0.456659739956219,0.0346327753181552,0.0130021810885516,0.00167094968948842,4.45990703150902e-17,1.21976370486814,0.702537801260287,1.56090928782532,0.102410668347178,0.12689675213061,0.253373927979874,0.256668341674586,-0.0244860837834322,0.00329441369471196,15,2,0.389589348821447,1.36106245194825,5.7,1.5
203,13,0.866666666666667,60,kalman-gm,0.0307276726567209,0.0839926692373357,0.0187315470211906,0.00856383956232377,0.000683445746327512,4.3830120826899e-17,2.13955594597228,1.76494824431544,0.867874566657002,0.67661223041512,0.655850943429914,0.297576783509928,0.30012518334138,0.0207612869852064,0.00254839983145138,15,2,0.166501527923319,0.337871821335573,NaN,1.5
204,13,0.866666666666667,60,kalman-gm,0.0352236673255435,0.11286844453177,0.0268110828056963,0.00617128524092233,0.00176600729205116,6.07470095671057e-17,0.401959471854023,0.901512249102763,0.951097260320034,0.479611960406856,0.492262797627091,0.259367846311,0.260961368579138,-0.0126508372202348,0.00159352226813871,15,2,0.333832368592208,1.12811786986973,12.6,1.5
205,13,0.866666666666667,60,kalman-gm,0.115408279063381,0.387565977606874,0.0346330254336049,0.0328064805058675,0.00635807705756761,6.61296559844441e-17,2.29434018834711,1.66268840437451,1.44773771882048,0.155508193785385,0.139777732466511,0.292106770724174,0.301689765803569,0.0157304613188741,0.00958299507939454,15,2,0.242083535494048,0.575603378850735,NaN,1.5
206,13,0.866666666666667,60,kalman-gm,0.00227934398798995,0.00812627280860029,0.00395089993484492,0.00389783991924402,0.000652265612757018,3.69095754331781e-17,0.661867340111784,1.15141563995547,0.659697373008408,0.76275561821622,0.762798824884874,0.312256384116912,0.313473509515962,-4.32066686545662e-05,0.00121712539904969,15,2,0.177349594200452,0.290069193964355,1.2,1.5
207,13,0.866666666666667,60,kalman-gm,0.0247940098158113,0.0564058940986185,0.0297937677947903,0.00585346089902714,0.000794075686682595,2.07616361811627e-17,0.770555784752666,0.894716988427828,0.99042235975428,0.628696822959976,0.613477998865636,0.293818116863282,0.295537969721767,0.0152188240943392,0.00171985285848501,15,2,0.230124601412187,0.397708123999248,4.8,1.5
208,13,0.866666666666667,60,kalman-gm,0.0545826044078675,0.217087456720601,0.0377442713399496,0.0281694510298771,0.00536302063343208,2.38374341339275e-17,0.51418108728179,0.896487813790144,0.834943006231603,0.664485102964321,0.628408029352253,0.158651271748673,0.163120390979025,0.0360770736120681,0.00446911923035197,15,2,0.205788330155456,0.553238367921758,NaN,1.5
209,13,0.866666666666667,60,kalman-gm,0.0149873039824757,0.0539201466935284,0.00631196144078727,0.00236259888174585,0.000737813920574633,3.46027269686045e-17,0.793836691339647,1.30438365149092,1.56682501002919,0.441212379415521,0.434600025133316,0.350661284405813,0.351489756364222,0.00661235428220471,0.000828471958408738,15,2,0.187928785047145,0.335776400598505,1.2,1.5
210,13,0.866666666666667,60,kalman-gm,0.0283254586612017,0.042550600182072,0.0351177773210943,0.236806503684787,0.0794097017965758,6.68986054726354e-17,0.888398878075788,1.12930089276368,0.78871059159986,0.911413335905791,0.885597135136324,0.125609799060753,0.155355016404878,0.0258162007694675,0.0297452173441254,15,2,1.10693539410958,2.97467924499024,1.2,1.5
211,13,0.866666666666667,60,kalman-gm,0.123085160647991,0.308212319172709,0.0892171902567037,0.0136401590266378,0.0024300225829572,6.68986054726354e-17,0.475140656701579,0.83771304823066,1.15499882115681,0.535618105199024,0.469752015757273,0.228482457714034,0.231598994772051,0.0658660894417508,0.00311653705801647,15,2,0.349987065964364,1.05286005185697,NaN,1.5
212,13,0.866666666666667,60,kalman-gm,0.0613840182477736,0.115916962383648,0.0157356592980214,0.021729933894826,0.00487367508658144,6.07470095671057e-17,2.12849296121071,2.86088361314346,1.17552364651383,0.31187371502253,0.318206231930252,0.274363468784459,0.2803253688243,-0.00633251690772184,0.00596190003984144,15,2,0.180452123203109,0.342908786564442,2.7,1.5
213,13,0.866666666666667,60,kalman-gm,0.0561746011012145,0.0548287771359138,0.0345377973941025,0.21065884496579,0.0385085334077807,1.92237372047803e-17,0.908878493221564,1.24479604585885,0.642850183405538,0.882013185706611,0.832471577191123,0.102920263681531,0.124601327552257,0.0495416085154873,0.0216810638707259,15,2,0.559575344703771,2.11813921621946,10.2,1.5
214,13,0.866666666666667,60,kalman-gm,0.0275599081676904,0.0569674710995322,0.0203510653037333,0.0589951280157935,0.0136704230150385,7.3050201378165e-17,1.14833046524558,1.49179705315296,0.884592866565496,0.630378622365926,0.64124808835422,0.157360503203676,0.166644006234806,-0.0108694659882945,0.00928350303113053,15,2,0.388827485022819,1.55067576832534,1.2,1.5
215,13,0.866666666666667,60,kalman-gm,0.00556122813249675,0.00397028930540189,0.00624811942121297,0.00413918734186791,0.00167965056998256,4.84438177560463e-17,0.993568875290937,1.03865050864436,0.781570060540959,0.671182338834457,0.674744762907085,0.248246814965666,0.249274355039831,-0.00356242407262867,0.00102754007416491,15,2,0.224505139138269,0.352890626831249,1.2,1.5
216,13,0.866666666666667,60,kalman-gm,0.275836047220937,0.242765265620059,0.0673014624895329,0.0645622438720115,0.0116159107954012,7.45881003545475e-17,0.552477518795797,0.797763954992608,1.52270051539584,0.334844960018649,0.24248406477566,0.247931489834199,0.263938503144426,0.0923608952429889,0.0160070133102267,15,2,0.327506429542408,0.970948517153574,NaN,1.5
217,13,0.866666666666667,60,kalman-gm,0.0142836461909538,0.14513440919604,0.025703410288128,0.0140357889309099,0.0017835640715383,5.76712116143408e-17,0.376098642278114,1.04946393687411,1.98151652378468,0.488622654063587,0.494206995881938,0.310620011332117,0.314979808248892,-0.00558434181835117,0.00435979691677443,15,2,0.270319768233619,0.44220457939251,1.2,1.5
218,13,0.866666666666667,60,kalman-gm,0.0843913546819129,0.145286754881048,0.0151819472657741,0.0112720419783519,0.00172586876142829,7.68949488191211e-17,1.37981611982635,0.939302574259045,1.63863932297566,0.163107835808856,0.14954289775777,0.296791263855397,0.300136707440383,0.0135649380510856,0.00334544358498615,15,2,0.318916136323648,0.655760354243074,1.2,1.5
219,13,0.866666666666667,60,kalman-gm,0.0394380879127267,0.0848072043906924,0.0199702355624107,0.0141532235924814,0.00186117800159752,6.76675549608266e-17,0.856992534278506,1.31736826029549,1.30895901534144,0.480979680498432,0.499948599422164,0.364308778337542,0.369464921934057,-0.0189689189237323,0.00515614359651497,15,2,0.330141670013604,1.6528174713284,1.2,1.5
220,13,0.866666666666667,60,kalman-gm,0.0126998963511985,0.0129574007932395,0.0125600737767171,0.00035606685776198,0.000321606797941803,6.15159590552969e-17,0.524702660460305,1.18304249901343,1.47797350210007,0.616243723113678,0.614547321318864,0.3162758737353,0.316283334198976,0.00169640179481367,7.46046367645026e-06,15,2,0.352733102149861,0.989471600786972,1.2,1.5
221,13,0.866666666666667,60,kalman-gm,0.0373214932712909,0.10069674870487,0.0247847281374563,0.0307029430245265,0.00320620384070081,7.38191508663562e-17,1.46657125133132,1.63529752483542,0.696341649593627,0.77335303701702,0.745052470071529,0.281279093238121,0.289915189211802,0.0283005669454915,0.0086360959736805,15,2,0.174509421207285,0.444288285482989,25.5,1.5
222,13,0.866666666666667,60,kalman-gm,0.0299562003704981,0.0489281061604659,0.0308158834742282,0.0975924112671452,0.00699806933512249,6.61296559844441e-17,0.961543479389999,0.897085178535955,0.849061655698655,0.792114667204658,0.769653233826837,0.121879525794511,0.133774042600894,0.0224614333778208,0.0118945168063826,15,2,0.259740876213148,0.601052796158516,12.6,1.5
223,13,0.866666666666667,60,kalman-gm,0.0158516805403108,0.0172409573505694,0.0171419919368146,0.0661364972564505,0.0185441473253594,2.07616361811627e-17,0.341130407725636,0.238978942785903,1.51657676494279,0.632175035025271,0.6231181999597,0.169761273584287,0.180988689588945,0.00905683506557106,0.0112274160046587,15,2,0.520822450569001,2.01462051481731,1.2,1.5
224,13,0.866666666666667,60,kalman-gm,0.0261635874468013,0.0296415828948291,0.0150306055693656,0.0267706605348855,0.00318675514180913,1.84547877165891e-17,0.473813484109054,0.526720251687548,0.71045831834956,0.778956862416219,0.758612248646936,0.223126860356711,0.229100113791535,0.0203446137692836,0.0059732534348243,15,2,0.130131945281587,0.315285761567235,1.8,1.5
225,13,0.866666666666667,60,kalman-gm,0.0175613053015543,0.0315291332582837,0.0182385208474253,0.0232590031249712,0.00367722660317571,8.07396962600772e-17,0.860852149724339,0.773835462996175,0.670803056708661,0.719146306360281,0.714478356753529,0.18848700201647,0.192871021785388,0.00466794960675155,0.00438401976891754,15,2,0.269158571603781,0.785574502866867,1.2,1.5
226,13,0.866666666666667,60,kalman-gm,0.06335502973093,0.0408653191521123,0.0685749656898969,0.123797209080894,0.0246592188016044,8.15086457482684e-17,0.599934031624758,0.841639683505341,0.651438408194205,0.842147129779083,0.788799219348754,0.157707722072075,0.177231497915103,0.0533479104303288,0.0195237758430281,15,2,0.320983020307172,0.904661726308664,8.4,1.5
227,13,0.866666666666667,60,kalman-gm,0.0907849052758007,0.189141154511476,0.0178756362395058,0.0176493233451212,0.004356488017036,8.3815494212842e-17,0.407912002513792,0.456558821707662,2.04670676132425,0.300154329372957,0.324268692752414,0.201546749006127,0.205103912748494,-0.0241143633794572,0.00355716374236711,15,2,0.273289537545528,0.690422758025964,18.6,1.5
228,13,0.866666666666667,60,kalman-gm,0.0283981610718249,0.0452478300666124,0.0322515486532694,0.0769698243811733,0.0298192654695707,6.84365044490178e-17,0.260644410166524,0.672425588349085,0.912991334997533,0.749273559383692,0.734660577297801,0.163381255125069,0.175956681639221,0.0146129820858911,0.0125754265141522,15,2,0.431004591301448,1.52855398397447,1.2,1.5
229,13,0.866666666666667,60,kalman-gm,0.271959440495698,0.212518891653712,0.181541372985747,0.0729633530236482,0.0153871462469622,3.22958785040309e-17,0.295673515439168,0.444959614983511,1.5219141937003,0.281974869639758,0.205791073984016,0.22640934769465,0.242928932858348,0.0761837956557415,0.0165195851636986,15,2,0.288225763520579,0.76339332306561,26.1,1.5
230,13,0.866666666666667,60,kalman-gm,0.108949269161685,0.267642212760674,0.0417476285161978,0.0242553934112401,0.0146032422518943,3.38337774804133e-17,0.829268676519185,0.657395838442563,1.16082174474803,0.479405086058137,0.427560587224202,0.151856386065861,0.151037398645465,0.0518444988339342,-0.000818987420395455,15,2,0.480839967887732,1.73751661676808,NaN,1.5
201,13,0.866666666666667,60,mean,0.00485267039111551,0.0227491520300185,0.0122423668829208,0.00607904932565295,0.00189973619237967,0.433333333333333,0.846253096676787,1.17047867807798,0.820020667505425,0.604518268728009,0.60292746900758,0.243663018909081,0.242181779398295,0.00159079972042845,-0.00148123951078581,8.5,2,0.172072046182792,0.247913003814525,1.2,1.5
202,13,0.866666666666667,60,mean,0.0642758954127446,1.00045756476013,0.0201129309799574,0.0197258846802503,0.00339133514461815,0.433333333333333,1.18454314511768,0.745074514216347,1.49309303961603,0.102410668347178,0.107213081810146,0.253373927979874,0.258371952864187,-0.00480241346296833,0.00499802488431304,8.5,2,0.247403704514274,0.349128840353088,1.2,1.5
203,13,0.866666666666667,60,mean,0.0373630939927407,0.0373491486472575,0.0305550462456261,0.00505704995099082,0.00188552265513131,0.433333333333333,1.95993292456132,2.29776685050723,0.606332227665237,0.67661223041512,0.701708971113848,0.297576783509928,0.299081644168393,-0.0250967406987276,0.00150486065846489,8.5,2,0.0999027963680905,0.17567651899469,1.2,1.5
204,13,0.866666666666667,60,mean,0.0509065768021897,0.218777097973725,0.0408355556212169,0.0235402670106481,0.00377494731973153,0.433333333333333,0.376932149935289,0.917381542051559,0.952833404628236,0.479611960406856,0.499487059068335,0.259367846311,0.265473434667137,-0.0198750986614791,0.00610558835613769,8.5,2,0.14333053693745,0.263213893534878,NaN,1.5
205,13,0.866666666666667,60,mean,0.200638659968923,0.59667556891635,0.0406398450444089,0.0174869103760873,0.00152429963974994,0.433333333333333,1.89917069169826,1.13293126204823,1.54778254515593,0.155508193785385,0.124960271278676,0.292106770724174,0.297214815644076,0.030547922506709,0.0051080449199019,8.5,2,0.113466686521214,0.215264425462478,NaN,1.5
206,13,0.866666666666667,60,mean,0.0206784850299438,0.0168469008808514,0.016543310689261,0.000222891545756668,0.000564609208887186,0.433333333333333,0.698139837371572,1.1871857085634,0.617873051757938,0.76275561821622,0.778473795835292,0.312256384116912,0.312188832925713,-0.0157181776190726,-6.75511911993543e-05,8.5,2,0.0945106068615691,0.146495718496636,1.2,1.5
207,13,0.866666666666667,60,mean,0.0170575158792283,0.0338291188720877,0.0202756543652921,0.0017826981366238,0.00102371465075749,0.433333333333333,0.792766486669232,1.02724570351119,0.962023812680921,0.628696822959976,0.625807189513104,0.293818116863282,0.294340009660007,0.00288963344687145,0.000521892796724467,8.5,2,0.160766127810308,0.212478291493643,1.2,1.5
208,13,0.866666666666667,60,mean,0.0150762329860726,0.0938437747858852,0.0180300133838872,0.073006372111442,0.00635186858305549,0.433333333333333,0.538019956642591,0.916702123350997,0.792202781566939,0.664485102964321,0.654625716337041,0.158651271748673,0.17023382552991,0.00985938662728028,0.0115825537812371,8.5,2,0.111610002096574,0.231758919024434,1.2,1.5
209,13,0.866666666666667,60,mean,0.0471087216757626,0.059006665323238,0.00783262516607182,0.0101462378045768,0.0038800613509197,0.433333333333333,0.827217423268518,1.08777843214033,1.56687724906468,0.441212379415521,0.461956394239169,0.350661284405813,0.347103391625373,-0.0207440148236478,-0.0035578927804397,8.5,2,0.133580254875717,0.195527932735515,1.2,1.5
210,13,0.866666666666667,60,mean,0.025305819267517,0.0497520399979428,0.032104445824866,0.199165433111208,0.0713722418349582,0.433333333333333,0.78067044976356,0.998624908586629,0.709803529018848,0.911413335905791,0.899632502955238,0.125609799060753,0.150626929093699,0.0117808329505534,0.0250171300329466,8.5,2,0.790915891982363,2.70885744490715,1.2,1.5
211,13,0.866666666666667,60,mean,0.0400218413776799,0.0484610527912957,0.0197549258138127,0.026375141059854,0.00335290049028003,0.433333333333333,0.384902034635957,0.881279258737316,1.1347349183012,0.535618105199024,0.515923823503066,0.228482457714034,0.234508714765944,0.0196942816959579,0.00602625705190978,8.5,2,0.168682827010487,0.260411230495694,5.1,1.5
212,13,0.866666666666667,60,mean,0.0127965432195078,0.0633665451656747,0.0056332723997142,0.0247965650421719,0.00228034353309037,0.433333333333333,1.64495081465784,1.52597100293949,1.36124638779182,0.31187371502253,0.309209071519202,0.274363468784459,0.281166740383369,0.00266464350332802,0.00680327159890973,8.5,2,0.109540614811502,0.191832735363323,1.2,1.5
213,13,0.866666666666667,60,mean,0.0425070077021603,0.0575091750851065,0.0274372550771113,0.189626689242328,0.0358145745692519,0.433333333333333,0.886598236186357,1.16164551446807,0.625798189069283,0.882013185706611,0.844563818054297,0.102920263681531,0.122436692539407,0.0374493676523136,0.0195164288578762,8.5,2,0.242413464060794,0.550558975650866,9.6,1.5
214,13,0.866666666666667,60,mean,0.0425338873955271,0.0773543558430971,0.0257438287616267,0.0452897829192366,0.00886826711541895,0.433333333333333,1.10254190888587,1.39794126924184,0.861740016983622,0.630378622365926,0.650662077865645,0.157360503203676,0.164487326233832,-0.0202834554997193,0.00712682303015631,8.5,2,0.153033854832608,0.309511022734618,16.2,1.5
215,13,0.866666666666667,60,mean,0.00262721179420546,0.0397054683408919,0.00634354849977476,0.00615965173620269,0.00118245312305289,0.433333333333333,0.940661623052163,0.973104793102848,0.790581373730998,0.671182338834457,0.672188166898377,0.248246814965666,0.249775928890476,-0.00100582806392081,0.00152911392481005,8.5,2,0.130954824302076,0.204455288279552,1.2,1.5
216,13,0.866666666666667,60,mean,0.214070717297497,0.272089564828839,0.0426418895147417,0.0595878883581654,0.00871985916092134,0.433333333333333,0.534223495917008,0.720914336115873,1.5179128746647,0.334844960018649,0.263177469139719,0.247931489834199,0.262705203770913,0.0716674908789304,0.0147737139367139,8.5,2,0.194239465104717,0.343085323218752,NaN,1.5
217,13,0.866666666666667,60,mean,0.0362580403181101,0.223213003345478,0.0277583863062226,0.0136160875094552,0.00083926735485644,0.433333333333333,0.393753611761353,1.09529390650699,1.96306058827391,0.488622654063587,0.505891860427525,0.310620011332117,0.314849440588603,-0.0172692063639381,0.00422942925648608,8.5,2,0.154567544555505,0.204286942028689,NaN,1.5
218,13,0.866666666666667,60,mean,0.10873774040138,1.06258136154023,0.0455227913246187,0.0295731043422758,0.00343527634149416,0.433333333333333,1.30833193043281,0.929055551402853,1.66772439328485,0.163107835808856,0.180770130897887,0.296791263855397,0.305568302869268,-0.0176622950890308,0.00877703901387156,8.5,2,0.176019566828019,0.233231962228666,NaN,1.5
219,13,0.866666666666667,60,mean,0.0791827801095171,0.128423394577043,0.0637335121638393,0.0115000179116844,0.00117697348773995,0.433333333333333,0.834532447607866,1.27607376122499,1.28002224404228,0.480979680498432,0.519064988776485,0.364308778337542,0.368498335813807,-0.0380853082780531,0.0041895574762656,8.5,2,0.200154937615786,0.218955612609974,NaN,1.5
220,13,0.866666666666667,60,mean,0.0178421694897126,0.0449931744518347,0.0154493170351622,0.00339543996807501,0.000512631791575791,0.433333333333333,0.495773560233906,1.20648200046603,1.48679375618828,0.616243723113678,0.626043994759001,0.3162758737353,0.317349769477919,-0.00980027164532321,0.00107389574261868,8.5,2,0.224143261016075,0.265758984291354,1.2,1.5
221,13,0.866666666666667,60,mean,0.0347390495703824,0.070603253890357,0.0202699787897783,0.029133386001321,0.00200189897351905,0.433333333333333,1.45200081424646,1.67559834794131,0.685334195056507,0.77335303701702,0.748835525558431,0.281279093238121,0.289473705635529,0.0245175114585892,0.00819461239740776,8.5,2,0.0996246310008008,0.19432351235847,21.6,1.5
222,13,0.866666666666667,60,mean,0.0163632498224398,0.022214979170048,0.0202162152134041,0.0474816751608804,0.00442716634459719,0.433333333333333,0.927653716791698,0.935250738264609,0.784935261538666,0.792114667204658,0.802518565885005,0.121879525794511,0.127666569847048,-0.0104038986803475,0.00578704405253712,8.5,2,0.141120058433793,0.267802576384874,1.2,1.5
223,13,0.866666666666667,60,mean,0.0130613468593871,0.0422132590151394,0.0157103853318918,0.0528928003867806,0.00756469638579501,0.433333333333333,0.477957823314236,0.300940702827577,1.5028268491592,0.632175035025271,0.629970659666394,0.169761273584287,0.178740422741386,0.00220437535887695,0.00897914915709932,8.5,2,0.281987905419137,0.838148428926297,1.2,1.5
224,13,0.866666666666667,60,mean,0.0189642308653585,0.047447837189597,0.0115180837798773,0.0431977239991891,0.00253021933099615,0.433333333333333,0.610628732836114,0.715616476735849,0.610803188058324,0.778956862416219,0.765744950252473,0.223126860356711,0.232765432887206,0.0132119121637465,0.00963857253049479,8.5,2,0.0723788782420999,0.159295538927429,1.2,1.5
225,13,0.866666666666667,60,mean,0.0347600658748,0.0412809288920859,0.0235898637493586,0.0358257826300642,0.00323022663920519,0.433333333333333,0.826646442794924,0.834687785596693,0.707000204647281,0.719146306360281,0.694319332506215,0.18848700201647,0.195239696379305,0.0248269738540657,0.00675269436283453,8.5,2,0.141373183298593,0.278976197189563,7.8,1.5
226,13,0.866666666666667,60,mean,0.0140444412170121,0.0205210971828328,0.0236387100597907,0.0999006611981771,0.0153763349418889,0.433333333333333,0.710582208791994,0.970407972866787,0.517495687862787,0.842147129779083,0.831822706051825,0.157707722072075,0.173462827783134,0.0103244237272571,0.0157551057110587,8.5,2,0.183353586462947,0.417780154728076,1.2,1.5
227,13,0.866666666666667,60,mean,0.0997646218196053,0.166914662641969,0.0176445663513924,0.0285236503740215,0.00513466437795028,0.433333333333333,0.425940954308572,0.58286506230221,2.085922303599,0.300154329372957,0.327730671742041,0.201546749006127,0.207295598008798,-0.0275763423690839,0.00574884900267142,8.5,2,0.17648029418617,0.237668334939198,10.5,1.5
228,13,0.866666666666667,60,mean,0.0154819875444877,0.0654493100929621,0.0293590329796061,0.115364102160325,0.0239209151638917,0.433333333333333,0.29389949395452,0.81677434335923,0.921984439760651,0.749273559383692,0.742013296136564,0.163381255125069,0.1822295869324,0.0072602632471284,0.0188483318073305,8.5,2,0.247201930642144,0.572447824183245,1.2,1.5
229,13,0.866666666666667,60,mean,0.154723010425264,0.0911873305571457,0.119067077741957,0.0510932487739711,0.00884484897661953,0.433333333333333,0.300212325851844,0.401501361458097,1.46610245817534,0.281974869639758,0.238393100979553,0.22640934769465,0.237977336821165,0.0435817686602051,0.0115679891265153,8.5,2,0.143612365798886,0.238615708676915,11.4,1.5
230,13,0.866666666666667,60,mean,0.0327954802875864,0.0380440544093953,0.0206373097630291,0.0342167639239008,0.0079659288291166,0.433333333333333,0.810681582943754,0.790269601537429,1.1030791777356,0.479405086058137,0.463772359497065,0.151856386065861,0.157052420178213,0.0156327265610713,0.0051960341123523,8.5,2,0.230625896708554,0.599912485237833,1.2,1.5
201,13,0.866666666666667,60,none,0.0109516326330453,0.0208675716903971,0.0442136496619447,0.0400872741607703,0.0110635745645532,0.866666666666667,0.857741384053989,1.16818577048232,0.81760796199705,0.604518268728009,0.610847600248542,0.243663018909081,0.25343080515093,-0.00632933152053301,0.00976778624184929,2,2,NaN,NaN,1.2,1.5
202,13,0.866666666666667,60,none,0.961673501519688,2.79951179957251,0.0507234911458976,0.0651368489381015,0.0193658398178381,0.866666666666667,1.10087560643671,0.777321107208202,1.36527032485962,0.102410668347178,0.20089629436958,0.253373927979874,0.269877907251552,-0.0984856260224019,0.0165039792716785,2,2,NaN,NaN,NaN,1.5
203,13,0.866666666666667,60,none,0.0371844288535911,0.0489775566806963,0.0917158796081218,0.0292442214761775,0.014795446009746,0.866666666666667,1.12022032027513,1.17797851969352,1.0293652826303,0.67661223041512,0.701771669758461,0.297576783509928,0.306279184873061,-0.0251594393433406,0.00870240136313288,2,2,NaN,NaN,1.2,1.5
204,13,0.866666666666667,60,none,0.189300095541536,0.549495571885804,0.185754325785051,0.0780426519413968,0.0222085260280075,0.866666666666667,0.445626196739437,1.02897684516854,0.87181910593138,0.479611960406856,0.570402550334737,0.259367846311,0.279609600865439,-0.0907905899278812,0.0202417545544391,2,2,NaN,NaN,NaN,1.5
205,13,0.866666666666667,60,none,0.301750115394284,0.570527498526871,0.0381914042293637,0.0767536724593734,0.015511469042589,0.866666666666667,1.69489708475734,1.22745462686452,1.52675040816031,0.155508193785385,0.108603649023138,0.292106770724174,0.314527038127503,0.0469045447622476,0.0224202674033286,2,2,NaN,NaN,NaN,1.5
206,13,0.866666666666667,60,none,0.0651495250553211,0.0166732713628916,0.0166103141202028,0.0399359898849055,0.015161977426503,0.866666666666667,0.708359917720279,1.18495817950015,0.697466137260943,0.76275561821622,0.713062451956155,0.312256384116912,0.324726651914502,0.0496931662600645,0.0124702677975902,2,2,NaN,NaN,1.2,1.5
207,13,0.866666666666667,60,none,0.0281591314322429,0.0565408697179711,0.030687447025896,0.0258240128753387,0.00613099618585168,0.866666666666667,0.783796527755409,1.06026923256018,0.96814297322787,0.628696822959976,0.611090116071403,0.293818116863282,0.301405679696168,0.0176067068885727,0.00758756283288519,2,2,NaN,NaN,2.1,1.5
208,13,0.866666666666667,60,none,0.0407260317507847,0.0249497296131739,0.0298204323740394,0.280386842379138,0.0636701843149607,0.866666666666667,0.563409167919623,0.989236698823065,0.811960339942643,0.664485102964321,0.637423261563073,0.158651271748673,0.203135000873718,0.0270618414012484,0.044483729125045,2,2,NaN,NaN,1.2,1.5
209,13,0.866666666666667,60,none,0.0309957859781109,0.0455956885226605,0.0329772689524157,0.00844641558541936,0.00264629933559672,0.866666666666667,0.850393720069357,1.06564462738368,1.54307269985957,0.441212379415521,0.454888103898777,0.350661284405813,0.353623115343621,-0.0136757244832565,0.00296183093780843,2,2,NaN,NaN,1.2,1.5
210,13,0.866666666666667,60,none,0.0160346882821884,0.0432133810654838,0.0504792273255117,0.190148891320983,0.0684667585586724,0.866666666666667,0.505999730201214,1.22027386947086,0.454400976309599,0.911413335905791,0.925134370311151,0.125609799060753,0.149494363091206,-0.0137210344053592,0.0238845640304535,2,2,NaN,NaN,13.8,1.5
211,13,0.866666666666667,60,none,0.0444469622949717,0.0744787325400634,0.0377417030723317,0.0717898416015691,0.0177555865414013,0.866666666666667,0.554451476129579,0.921149010750449,1.08663121167818,0.535618105199024,0.512853376564206,0.228482457714034,0.244885177162062,0.0227647286348181,0.0164027194480277,2,2,NaN,NaN,14.7,1.5
212,13,0.866666666666667,60,none,0.260917569562903,0.337690648567261,0.0356376275212458,0.122400343585328,0.0300013431673458,0.866666666666667,1.57611322827109,1.48279918700378,1.49371968330044,0.31187371502253,0.230500826677947,0.274363468784459,0.307945651630939,0.0813728883445828,0.0335821828464803,2,2,NaN,NaN,NaN,1.5
213,13,0.866666666666667,60,none,0.0129340706161082,0.0436087658237918,0.0129790524610261,0.170208059529535,0.0585271921230178,0.866666666666667,0.852229121816061,1.15754848198331,0.538603000889279,0.882013185706611,0.872844026512278,0.102920263681531,0.120438122049032,0.00916915919433202,0.0175178583675014,2,2,NaN,NaN,1.5,1.5
214,13,0.866666666666667,60,none,0.0776389498782593,0.122255703255337,0.0567600730529371,0.143436102216498,0.0433305935486925,0.866666666666667,0.818224482635059,1.02397377306533,0.798175518566339,0.630378622365926,0.679319076900086,0.157360503203676,0.179931680426038,-0.0489404545341602,0.0225711772223621,2,2,NaN,NaN,21,1.5
215,13,0.866666666666667,60,none,0.00462455241473057,0.0142598524452151,0.00736856605583895,0.0238896559793778,0.00535739973885192,0.866666666666667,0.901316595809941,0.959294651322613,0.781677166938853,0.671182338834457,0.674247158164244,0.248246814965666,0.254177345973172,-0.00306481932978712,0.00593053100750603,2,2,NaN,NaN,1.2,1.5
216,13,0.866666666666667,60,none,0.476830487608373,0.420538860001501,0.0744926537596721,0.114687066224529,0.0313526838271901,0.866666666666667,0.529842267062409,0.854154447626017,1.56877595351482,0.334844960018649,0.175185371186763,0.247931489834199,0.27636602502796,0.159659588831886,0.028434535193761,2,2,NaN,NaN,NaN,1.5
217,13,0.866666666666667,60,none,0.145968901897228,0.38145699107366,0.128156907792399,0.0293162034145058,0.00737794794337978,0.866666666666667,0.397864092414718,1.09770399715683,1.88369508599315,0.488622654063587,0.559940775380603,0.310620011332117,0.319726210768946,-0.0713181213170161,0.00910619943682845,2,2,NaN,NaN,NaN,1.5
218,13,0.866666666666667,60,none,0.305925062624959,0.631304394787221,0.0600699881783348,0.0626502850459587,0.0133078183239831,0.866666666666667,0.991400165919658,0.982600825647374,1.70779634614652,0.163107835808856,0.113245845764534,0.296791263855397,0.315385321135087,0.0498619900443224,0.0185940572796909,2,2,NaN,NaN,1.2,1.5
219,13,0.866666666666667,60,none,0.0237905775828602,0.0324520103580908,0.0433573412979851,0.0188803202807587,0.00278889986104788,0.866666666666667,0.822896799929687,1.28432755989252,1.29806799579793,0.480979680498432,0.473506100809795,0.364308778337542,0.371187044753646,0.00747357968863631,0.00687826641610472,2,2,NaN,NaN,1.2,1.5
220,13,0.866666666666667,60,none,0.031949888120059,0.0224108420992737,0.0361700272149751,0.01815344198477,0.0041968197431507,0.866666666666667,0.52028126455135,1.2071577389813,1.47161400186914,0.616243723113678,0.596642323582145,0.3162758737353,0.322017369460336,0.0196013995315336,0.0057414957250362,2,2,NaN,NaN,1.2,1.5
221,13,0.866666666666667,60,none,0.0919202140504503,0.177114588172169,0.0537268373135311,0.0755868239963911,0.0139648980883777,0.866666666666667,0.947847907899025,0.967286061994969,0.785892990177217,0.77335303701702,0.702919235300229,0.281279093238121,0.302540086552576,0.0704338017167911,0.0212609933144543,2,2,NaN,NaN,NaN,1.5
222,13,0.866666666666667,60,none,0.0182159118191066,0.0116133667600789,0.0480135797911417,0.217420543679089,0.0622647089049666,0.866666666666667,0.903557668799365,0.992177589990074,0.668286406202073,0.792114667204658,0.800646729788699,0.121879525794511,0.148378638556103,-0.00853206258404132,0.0264991127615922,2,2,NaN,NaN,1.2,1.5
223,13,0.866666666666667,60,none,0.00915174333868667,0.0652750393918085,0.0245339011946705,0.116723885946532,0.0310978887431808,0.866666666666667,0.40259234492968,0.330821995127057,1.22611207878852,0.632175035025271,0.63660353758462,0.169761273584287,0.189576469120277,-0.0044285025593488,0.0198151955359904,2,2,NaN,NaN,1.2,1.5
224,13,0.866666666666667,60,none,0.0287395407335727,0.0554598313106437,0.0281900680891632,0.0795257648486553,0.0114566841533737,0.866666666666667,0.602520286268529,0.717341695336581,0.66027840608668,0.778956862416219,0.756877489492183,0.223126860356711,0.240871194584857,0.0220793729240362,0.0177443342281465,2,2,NaN,NaN,1.2,1.5
225,13,0.866666666666667,60,none,0.0166992247957606,0.0571855297004908,0.041475743978367,0.0338413465631873,0.0110792543982913,0.866666666666667,0.799122866763729,0.795806896448758,0.66421279117321,0.719146306360281,0.728531219636692,0.18848700201647,0.194865655974366,-0.00938491327641103,0.00637865395789556,2,2,NaN,NaN,1.2,1.5
226,13,0.866666666666667,60,none,0.0137518878128298,0.0840975190435049,0.0158319867236676,0.203522630636462,0.0522291966909818,0.866666666666667,0.741091853010247,1.04390066885768,0.478484816057617,0.842147129779083,0.845508129658139,0.157707722072075,0.189804812539868,-0.00336099987905661,0.0320970904677927,2,2,NaN,NaN,23.7,1.5
227,13,0.866666666666667,60,none,0.0754982377546506,0.285203172462196,0.0591340640129837,0.155313092139607,0.0376427151653037,0.866666666666667,0.473798871564591,0.56082036456117,2.07618134484238,0.300154329372957,0.308053364592105,0.201546749006127,0.232849597804953,-0.00789903521914789,0.0313028487988268,2,2,NaN,NaN,26.1,1.5
228,13,0.866666666666667,60,none,0.0163674127398835,0.147126775107436,0.0897503049501677,0.274230837269919,0.0928487785155667,0.866666666666667,0.611726240323041,0.910508313987668,0.738678666189838,0.749273559383692,0.747585143142814,0.163381255125069,0.208185433512227,0.00168841624087854,0.0448041783871579,2,2,NaN,NaN,1.2,1.5
229,13,0.866666666666667,60,none,0.636535816833029,0.550165636821379,0.126318816260874,0.1380520330973,0.0337060268487421,0.866666666666667,0.31494851749315,0.47191464276302,1.64925618875715,0.281974869639758,0.102487765667228,0.22640934769465,0.25766561845613,0.17948710397253,0.0312562707614799,2,2,NaN,NaN,NaN,1.5
230,13,0.866666666666667,60,none,0.0402932860550017,0.139051321505219,0.107456778178382,0.0953147309268878,0.054516084757553,0.866666666666667,0.779818874319944,0.813491915415364,1.03339055957972,0.479405086058137,0.498713088074939,0.151856386065861,0.166330536643258,-0.0193080020168021,0.0144741505773971,2,2,NaN,NaN,1.2,1.5
