seed,focal,startIndex,q,T,kalmanSquaredError,holdSquaredError,variance,covered,intervalCoversCircle,periodicJump,historyNIS
138,1,6001,1e-08,3,6.73663096105307e-05,0.0015470590841973,9.78388820305474e-06,0,0,0,0.94386981670258
138,1,6001,1e-08,10.2,0.000423290541597734,0.0150123053866208,3.0701926526387e-05,0,0,0,0.94386981670258
138,1,6001,1e-08,30,0.00567760293276906,0.138437030182575,0.00022036857811208,0,0,0,0.94386981670258
138,1,6001,1e-08,60,0.0475475690274307,0.655909811610098,0.001160888145643,0,0,0,0.94386981670258
138,1,6001,1e-08,120,0.170820456943251,2.54513248605671,0.00737909542410409,0,0,0,0.94386981670258
138,1,6001,1e-06,3,6.29057533293125e-05,0.0015470590841973,8.40741847535785e-05,1,0,0,0.832388753372832
138,1,6001,1e-06,10.2,0.000463749867096333,0.0150123053866208,0.000801581202199402,1,0,0,0.832388753372832
138,1,6001,1e-06,30,0.00635416619511425,0.138437030182575,0.0121645920110148,1,0,0,0.832388753372832
138,1,6001,1e-06,60,0.0517891271463589,0.655909811610098,0.0840083161455725,1,0,0,0.832388753372832
138,1,6001,1e-06,120,0.187603843436832,2.54513248605671,0.622782900887812,1,0,0,0.832388753372832
138,1,6001,0.0001,3,0.00079410450176836,0.0015470590841973,0.00201027975025284,1,0,0,0.74487217503286
138,1,6001,0.0001,10.2,0.0068391307603051,0.0150123053866208,0.0457343308175817,1,0,0,0.74487217503286
138,1,6001,0.0001,30,0.0642091365576531,0.138437030182575,0.984502341602683,1,0,0,0.74487217503286
138,1,6001,0.0001,60,0.326882365050499,0.655909811610098,7.53294378013383,1,1,0,0.74487217503286
138,1,6001,0.0001,120,1.25050606287326,2.54513248605671,58.9217748425493,1,1,0,0.74487217503286
138,1,6801,1e-08,3,3.04429478979803e-05,0.000167939188539391,9.78388820305474e-06,1,0,0,2.4392422151351
138,1,6801,1e-08,10.2,6.36071647099271e-05,0.00148459526332742,3.0701926526387e-05,1,0,0,2.4392422151351
138,1,6801,1e-08,30,9.12125225105887e-05,0.0130041300525606,0.00022036857811208,1,0,0,2.4392422151351
138,1,6801,1e-08,60,0.00125708469016031,0.0419918591868901,0.001160888145643,1,0,0,2.4392422151351
138,1,6801,1e-08,120,0.041857347282131,0.072555128523739,0.00737909542410409,0,0,0,2.4392422151351
138,1,6801,1e-06,3,1.43001783981429e-06,0.000167939188539391,8.40741847535785e-05,1,0,0,0.690042580764677
138,1,6801,1e-06,10.2,5.49657165980439e-06,0.00148459526332742,0.000801581202199402,1,0,0,0.690042580764677
138,1,6801,1e-06,30,1.01852543130087e-07,0.0130041300525606,0.0121645920110148,1,0,0,0.690042580764677
138,1,6801,1e-06,60,0.00043134240794954,0.0419918591868901,0.0840083161455725,1,0,0,0.690042580764677
138,1,6801,1e-06,120,0.032038718790236,0.072555128523739,0.622782900887812,1,0,0,0.690042580764677
138,1,6801,0.0001,3,6.03083164238813e-05,0.000167939188539391,0.00201027975025284,1,0,0,0.631093952981065
138,1,6801,0.0001,10.2,0.000380089643125015,0.00148459526332742,0.0457343308175817,1,0,0,0.631093952981065
138,1,6801,0.0001,30,0.00216870984516371,0.0130041300525606,0.984502341602683,1,0,0,0.631093952981065
138,1,6801,0.0001,60,0.0123450372836195,0.0419918591868901,7.53294378013383,1,1,0,0.631093952981065
138,1,6801,0.0001,120,0.127814410712935,0.072555128523739,58.9217748425493,1,1,0,0.631093952981065
138,1,7601,1e-08,3,2.97269095695826e-07,2.55052165829684e-05,9.78388820305474e-06,1,0,0,1.09894227940299
138,1,7601,1e-08,10.2,2.64309838011152e-07,0.00147786307861654,3.0701926526387e-05,1,0,0,1.09894227940299
138,1,7601,1e-08,30,0.0061215783955205,0.043656767350177,0.00022036857811208,0,0,0,1.09894227940299
138,1,7601,1e-08,60,0.155717331670953,0.441319115562767,0.001160888145643,0,0,0,1.09894227940299
138,1,7601,1e-08,120,4.06161704546881,6.56931207215127,0.00737909542410409,0,0,0,1.09894227940299
138,1,7601,1e-06,3,4.05808461341867e-06,2.55052165829684e-05,8.40741847535785e-05,1,0,0,0.860050740790373
138,1,7601,1e-06,10.2,4.14459427597025e-05,0.00147786307861654,0.000801581202199402,1,0,0,0.860050740790373
138,1,7601,1e-06,30,0.00360803353365759,0.043656767350177,0.0121645920110148,1,0,0,0.860050740790373
138,1,7601,1e-06,60,0.128075477469476,0.441319115562767,0.0840083161455725,1,0,0,0.860050740790373
138,1,7601,1e-06,120,3.76938565249882,6.56931207215127,0.622782900887812,0,0,0,0.860050740790373
138,1,7601,0.0001,3,0.00162927223182246,2.55052165829684e-05,0.00201027975025284,1,0,0,0.732970155969204
138,1,7601,0.0001,10.2,0.013089283547222,0.00147786307861654,0.0457343308175817,1,0,0,0.732970155969204
138,1,7601,0.0001,30,0.0572935865322942,0.043656767350177,0.984502341602683,1,0,0,0.732970155969204
138,1,7601,0.0001,60,0.0536561309473585,0.441319115562767,7.53294378013383,1,1,0,0.732970155969204
138,1,7601,0.0001,120,0.595680092551681,6.56931207215127,58.9217748425493,1,1,0,0.732970155969204
138,2,6001,1e-08,3,0.000228349857587321,0.000111338891028705,9.78388820305474e-06,0,0,0,1.35907187496366
138,2,6001,1e-08,10.2,0.0018551309843901,0.00351664528147274,3.0701926526387e-05,0,0,0,1.35907187496366
138,2,6001,1e-08,30,0.12904453990707,0.187168010923747,0.00022036857811208,0,0,0,1.35907187496366
138,2,6001,1e-08,60,1.74010845343523,2.18790404988379,0.001160888145643,0,0,0,1.35907187496366
138,2,6001,1e-08,120,0.00270664937504501,0.148453767079722,0.00737909542410409,1,0,0,1.35907187496366
138,2,6001,1e-06,3,7.58543812500675e-06,0.000111338891028705,8.40741847535785e-05,1,0,0,0.852178307480827
138,2,6001,1e-06,10.2,8.49770345338601e-05,0.00351664528147274,0.000801581202199402,1,0,0,0.852178307480827
138,2,6001,1e-06,30,0.0791910804772458,0.187168010923747,0.0121645920110148,0,0,0,0.852178307480827
138,2,6001,1e-06,60,1.37991645748099,2.18790404988379,0.0840083161455725,0,0,0,0.852178307480827
138,2,6001,1e-06,120,0.0509120921573123,0.148453767079722,0.622782900887812,1,0,0,0.852178307480827
138,2,6001,0.0001,3,0.000374681412827044,0.000111338891028705,0.00201027975025284,1,0,0,0.773625024038464
138,2,6001,0.0001,10.2,0.00124959361239516,0.00351664528147274,0.0457343308175817,1,0,0,0.773625024038464
138,2,6001,0.0001,30,0.0255796661476544,0.187168010923747,0.984502341602683,1,0,0,0.773625024038464
138,2,6001,0.0001,60,0.877413316994235,2.18790404988379,7.53294378013383,1,1,0,0.773625024038464
138,2,6001,0.0001,120,0.485358622553956,0.148453767079722,58.9217748425493,1,1,0,0.773625024038464
138,2,6801,1e-08,3,8.37391981716378,3.7731879682888,9.78388820305474e-06,0,0,0,2459.16957307109
138,2,6801,1e-08,10.2,3.60999103591534,6.03647442638254,3.0701926526387e-05,0,0,0,2459.16957307109
138,2,6801,1e-08,30,2.61797188926627,0.00333671030114193,0.00022036857811208,0,0,0,2459.16957307109
138,2,6801,1e-08,60,8.52240404766009,0.283830927572039,0.001160888145643,0,0,0,2459.16957307109
138,2,6801,1e-08,120,4.95160417022976,4.01131312708421,0.00737909542410409,0,0,0,2459.16957307109
138,2,6801,1e-06,3,4.35687495196884,3.7731879682888,8.40741847535785e-05,0,0,0,478.55289745643
138,2,6801,1e-06,10.2,5.40600579942391,6.03647442638254,0.000801581202199402,0,0,0,478.55289745643
138,2,6801,1e-06,30,0.697161322527086,0.00333671030114193,0.0121645920110148,0,0,0,478.55289745643
138,2,6801,1e-06,60,2.28863406435682,0.283830927572039,0.0840083161455725,0,0,0,478.55289745643
138,2,6801,1e-06,120,0.00503133329925348,4.01131312708421,0.622782900887812,1,0,0,478.55289745643
138,2,6801,0.0001,3,2.31144952547739,3.7731879682888,0.00201027975025284,0,0,0,19.1940803000176
138,2,6801,0.0001,10.2,0.906173558023056,6.03647442638254,0.0457343308175817,0,0,0,19.1940803000176
138,2,6801,0.0001,30,3.4524259039298,0.00333671030114193,0.984502341602683,1,0,0,19.1940803000176
138,2,6801,0.0001,60,4.74754265471902,0.283830927572039,7.53294378013383,1,1,0,19.1940803000176
138,2,6801,0.0001,120,1.37358068541721,4.01131312708421,58.9217748425493,1,1,0,19.1940803000176
138,2,7601,1e-08,3,0.13779351146111,2.79668931528536e-07,9.78388820305474e-06,0,0,0,5999.91895751207
138,2,7601,1e-08,10.2,0.429056892392668,0.0078775948507785,3.0701926526387e-05,0,0,0,5999.91895751207
138,2,7601,1e-08,30,8.85567869031015,3.51416879627228,0.00022036857811208,0,0,0,5999.91895751207
138,2,7601,1e-08,60,0.143501427895574,2.35003066839072,0.001160888145643,0,0,0,5999.91895751207
138,2,7601,1e-08,120,5.00612736561449,1.67826199245759,0.00737909542410409,0,0,0,5999.91895751207
138,2,7601,1e-06,3,0.000281984303375279,2.79668931528536e-07,8.40741847535785e-05,1,0,0,526.613437659897
138,2,7601,1e-06,10.2,0.0188370674053073,0.0078775948507785,0.000801581202199402,0,0,0,526.613437659897
138,2,7601,1e-06,30,4.03537665624488,3.51416879627228,0.0121645920110148,0,0,0,526.613437659897
138,2,7601,1e-06,60,1.61007702562669,2.35003066839072,0.0840083161455725,0,0,0,526.613437659897
138,2,7601,1e-06,120,0.595405175408634,1.67826199245759,0.622782900887812,1,0,0,526.613437659897
138,2,7601,0.0001,3,0.000360635947863223,2.79668931528536e-07,0.00201027975025284,1,0,0,29.7629581544474
138,2,7601,0.0001,10.2,0.0201109275702412,0.0078775948507785,0.0457343308175817,1,0,0,29.7629581544474
138,2,7601,0.0001,30,4.07998848411011,3.51416879627228,0.984502341602683,0,0,0,29.7629581544474
138,2,7601,0.0001,60,1.55738692590488,2.35003066839072,7.53294378013383,1,1,0,29.7629581544474
138,2,7601,0.0001,120,0.534312567043259,1.67826199245759,58.9217748425493,1,1,0,29.7629581544474
138,3,6001,1e-08,3,3.04497268959433e-06,1.12354442949949e-05,9.78388820305474e-06,1,0,0,1.08366895237572
138,3,6001,1e-08,10.2,2.30258794772188e-06,0.000265708384483763,3.0701926526387e-05,1,0,0,1.08366895237572
138,3,6001,1e-08,30,4.9895830922525e-05,0.00358377606868282,0.00022036857811208,1,0,0,1.08366895237572
138,3,6001,1e-08,60,0.000728273703376054,0.00621241656944695,0.001160888145643,1,0,0,1.08366895237572
138,3,6001,1e-08,120,0.103547251429267,0.0120941032019285,0.00737909542410409,0,0,0,1.08366895237572
138,3,6001,1e-06,3,8.44098056970954e-06,1.12354442949949e-05,8.40741847535785e-05,1,0,0,1.0724743183334
138,3,6001,1e-06,10.2,1.48876218335161e-05,0.000265708384483763,0.000801581202199402,1,0,0,1.0724743183334
138,3,6001,1e-06,30,2.17810289949344e-06,0.00358377606868282,0.0121645920110148,1,0,0,1.0724743183334
138,3,6001,1e-06,60,0.00140578932128355,0.00621241656944695,0.0840083161455725,1,0,0,1.0724743183334
138,3,6001,1e-06,120,0.117055538396273,0.0120941032019285,0.622782900887812,1,0,0,1.0724743183334
138,3,6001,0.0001,3,2.63291098318947e-05,1.12354442949949e-05,0.00201027975025284,1,0,0,0.974196532183449
138,3,6001,0.0001,10.2,0.000423296101601423,0.000265708384483763,0.0457343308175817,1,0,0,0.974196532183449
138,3,6001,0.0001,30,0.00504067002136091,0.00358377606868282,0.984502341602683,1,0,0,0.974196532183449
138,3,6001,0.0001,60,0.0100691170995898,0.00621241656944695,7.53294378013383,1,1,0,0.974196532183449
138,3,6001,0.0001,120,0.00457800174812472,0.0120941032019285,58.9217748425493,1,1,0,0.974196532183449
138,3,6801,1e-08,3,0.000139972920389528,0.00429163889511278,9.78388820305474e-06,0,0,0,2.14094839344293
138,3,6801,1e-08,10.2,0.000831303772374956,0.0466022049426843,3.0701926526387e-05,0,0,0,2.14094839344293
138,3,6801,1e-08,30,0.0205377943029384,0.485952445230405,0.00022036857811208,0,0,0,2.14094839344293
138,3,6801,1e-08,60,0.330344447208391,2.83663088022444,0.001160888145643,0,0,0,2.14094839344293
138,3,6801,1e-08,120,0.875592002124698,9.77573948351831,0.00737909542410409,0,0,0,2.14094839344293
138,3,6801,1e-06,3,4.26140288627858e-05,0.00429163889511278,8.40741847535785e-05,1,0,0,0.844558572288862
138,3,6801,1e-06,10.2,0.000510447059436378,0.0466022049426843,0.000801581202199402,1,0,0,0.844558572288862
138,3,6801,1e-06,30,0.0180892670561726,0.485952445230405,0.0121645920110148,1,0,0,0.844558572288862
138,3,6801,1e-06,60,0.315890544442052,2.83663088022444,0.0840083161455725,1,0,0,0.844558572288862
138,3,6801,1e-06,120,0.837617696282446,9.77573948351831,0.622782900887812,1,0,0,0.844558572288862
138,3,6801,0.0001,3,0.000267443072179092,0.00429163889511278,0.00201027975025284,1,0,0,0.727515637416057
138,3,6801,0.0001,10.2,0.00250876730470295,0.0466022049426843,0.0457343308175817,1,0,0,0.727515637416057
138,3,6801,0.0001,30,0.0443439369310005,0.485952445230405,0.984502341602683,1,0,0,0.727515637416057
138,3,6801,0.0001,60,0.506580894220075,2.83663088022444,7.53294378013383,1,1,0,0.727515637416057
138,3,6801,0.0001,120,1.46932682493257,9.77573948351831,58.9217748425493,1,1,0,0.727515637416057
138,3,7601,1e-08,3,0.00013265683544883,0.000248056681369795,9.78388820305474e-06,0,0,0,1.3048441581753
138,3,7601,1e-08,10.2,0.000413871325850405,0.00355639299806778,3.0701926526387e-05,0,0,0,1.3048441581753
138,3,7601,1e-08,30,0.00226868136481127,0.0336121131475999,0.00022036857811208,0,0,0,1.3048441581753
138,3,7601,1e-08,60,0.0269778512909412,0.0138150451493744,0.001160888145643,0,0,0,1.3048441581753
138,3,7601,1e-08,120,2.14635632850886,0.794050777359863,0.00737909542410409,0,0,0,1.3048441581753
138,3,7601,1e-06,3,3.2640534208521e-05,0.000248056681369795,8.40741847535785e-05,1,0,0,0.90077488400041
138,3,7601,1e-06,10.2,0.000157297092775072,0.00355639299806778,0.000801581202199402,1,0,0,0.90077488400041
138,3,7601,1e-06,30,0.00117892377039417,0.0336121131475999,0.0121645920110148,1,0,0,0.90077488400041
138,3,7601,1e-06,60,0.0345467683985534,0.0138150451493744,0.0840083161455725,1,0,0,0.90077488400041
138,3,7601,1e-06,120,2.25993838574065,0.794050777359863,0.622782900887812,1,0,0,0.90077488400041
138,3,7601,0.0001,3,4.40593684564773e-05,0.000248056681369795,0.00201027975025284,1,0,0,0.793404441210231
138,3,7601,0.0001,10.2,9.77082932027664e-05,0.00355639299806778,0.0457343308175817,1,0,0,0.793404441210231
138,3,7601,0.0001,30,0.000476505446928575,0.0336121131475999,0.984502341602683,1,0,0,0.793404441210231
138,3,7601,0.0001,60,0.0454957743876091,0.0138150451493744,7.53294378013383,1,1,0,0.793404441210231
138,3,7601,0.0001,120,2.43542729243598,0.794050777359863,58.9217748425493,1,1,0,0.793404441210231
138,4,6001,1e-08,3,4.84189633328064e-06,0.00011928451564841,9.78388820305474e-06,1,0,0,1.26104015252193
138,4,6001,1e-08,10.2,2.25886249862579e-05,2.8575795347969e-05,3.0701926526387e-05,1,0,0,1.26104015252193
138,4,6001,1e-08,30,0.00011567025327529,8.04978661386716e-05,0.00022036857811208,1,0,0,1.26104015252193
138,4,6001,1e-08,60,0.0041203575304088,0.00562593011695393,0.001160888145643,1,0,0,1.26104015252193
138,4,6001,1e-08,120,0.113878024715623,0.139481820992619,0.00737909542410409,0,0,0,1.26104015252193
138,4,6001,1e-06,3,2.34347829670677e-07,0.00011928451564841,8.40741847535785e-05,1,0,0,1.1363798693536
138,4,6001,1e-06,10.2,1.47214505921267e-06,2.8575795347969e-05,0.000801581202199402,1,0,0,1.1363798693536
138,4,6001,1e-06,30,2.36642989771568e-05,8.04978661386716e-05,0.0121645920110148,1,0,0,1.1363798693536
138,4,6001,1e-06,60,0.00299619378305356,0.00562593011695393,0.0840083161455725,1,0,0,1.1363798693536
138,4,6001,1e-06,120,0.102964920114516,0.139481820992619,0.622782900887812,1,0,0,1.1363798693536
138,4,6001,0.0001,3,0.000175594015746434,0.00011928451564841,0.00201027975025284,1,0,0,1.00922618481714
138,4,6001,0.0001,10.2,0.00163088611188893,2.8575795347969e-05,0.0457343308175817,1,0,0,1.00922618481714
138,4,6001,0.0001,30,0.0134598769129378,8.04978661386716e-05,0.984502341602683,1,0,0,1.00922618481714
138,4,6001,0.0001,60,0.034696777100374,0.00562593011695393,7.53294378013383,1,1,0,1.00922618481714
138,4,6001,0.0001,120,0.025721917074136,0.139481820992619,58.9217748425493,1,1,0,1.00922618481714
138,4,6801,1e-08,3,0.00812808143812287,0.0273538869562961,9.78388820305474e-06,0,0,0,22.8319673524291
138,4,6801,1e-08,10.2,0.0394455447591811,0.309981414613486,3.0701926526387e-05,0,0,0,22.8319673524291
138,4,6801,1e-08,30,0.0802608408950703,2.01490787847106,0.00022036857811208,0,0,0,22.8319673524291
138,4,6801,1e-08,60,0.152387131205844,3.7041691653255,0.001160888145643,0,0,0,22.8319673524291
138,4,6801,1e-08,120,5.27183398451413,5.64813108266871,0.00737909542410409,0,0,0,22.8319673524291
138,4,6801,1e-06,3,0.00049540856831076,0.0273538869562961,8.40741847535785e-05,0,0,0,1.33229127233365
138,4,6801,1e-06,10.2,0.00689415161907775,0.309981414613486,0.000801581202199402,0,0,0,1.33229127233365
138,4,6801,1e-06,30,0.00133997898128798,2.01490787847106,0.0121645920110148,1,0,0,1.33229127233365
138,4,6801,1e-06,60,0.698447825567008,3.7041691653255,0.0840083161455725,0,0,0,1.33229127233365
138,4,6801,1e-06,120,9.85171346205759,5.64813108266871,0.622782900887812,0,0,0,1.33229127233365
138,4,6801,0.0001,3,0.00060233961210151,0.0273538869562961,0.00201027975025284,1,0,0,0.969530197560647
138,4,6801,0.0001,10.2,0.00854310418252856,0.309981414613486,0.0457343308175817,1,0,0,0.969530197560647
138,4,6801,0.0001,30,0.00429870453833697,2.01490787847106,0.984502341602683,1,0,0,0.969530197560647
138,4,6801,0.0001,60,0.603939435728354,3.7041691653255,7.53294378013383,1,1,0,0.969530197560647
138,4,6801,0.0001,120,9.12566750874675,5.64813108266871,58.9217748425493,1,1,0,0.969530197560647
138,4,7601,1e-08,3,1.24482730414043e-05,5.08418731329648e-06,9.78388820305474e-06,1,0,0,0.985746706526509
138,4,7601,1e-08,10.2,0.000104903803819252,2.19397841979638e-05,3.0701926526387e-05,1,0,0,0.985746706526509
138,4,7601,1e-08,30,0.0013865133664594,0.000395781905274359,0.00022036857811208,0,0,0,0.985746706526509
138,4,7601,1e-08,60,0.0100101984046907,0.00420626454241805,0.001160888145643,0,0,0,0.985746706526509
138,4,7601,1e-08,120,0.0780532818353269,0.0434629488581721,0.00737909542410409,0,0,0,0.985746706526509
138,4,7601,1e-06,3,2.35763737414405e-05,5.08418731329648e-06,8.40741847535785e-05,1,0,0,0.960336428120374
138,4,7601,1e-06,10.2,0.000153183350366628,2.19397841979638e-05,0.000801581202199402,1,0,0,0.960336428120374
138,4,7601,1e-06,30,0.00172972763658193,0.000395781905274359,0.0121645920110148,1,0,0,0.960336428120374
138,4,7601,1e-06,60,0.0116139639127016,0.00420626454241805,0.0840083161455725,1,0,0,0.960336428120374
138,4,7601,1e-06,120,0.0863321820993936,0.0434629488581721,0.622782900887812,1,0,0,0.960336428120374
138,4,7601,0.0001,3,1.17809006878472e-05,5.08418731329648e-06,0.00201027975025284,1,0,0,0.865623701183157
138,4,7601,0.0001,10.2,0.000119310882250716,2.19397841979638e-05,0.0457343308175817,1,0,0,0.865623701183157
138,4,7601,0.0001,30,0.000528637680511399,0.000395781905274359,0.984502341602683,1,0,0,0.865623701183157
138,4,7601,0.0001,60,0.000374932083942375,0.00420626454241805,7.53294378013383,1,1,0,0.865623701183157
138,4,7601,0.0001,120,0.00173004606071323,0.0434629488581721,58.9217748425493,1,1,0,0.865623701183157
138,5,6001,1e-08,3,7.71550631543732e-06,0.000277061756870045,9.78388820305474e-06,1,0,0,1.88830929931356
138,5,6001,1e-08,10.2,4.24007015570138e-05,0.000323416020461632,3.0701926526387e-05,1,0,0,1.88830929931356
138,5,6001,1e-08,30,0.00041145274193517,0.000633498844593813,0.00022036857811208,1,0,0,1.88830929931356
138,5,6001,1e-08,60,9.84957560578538,9.85763212908734,0.001160888145643,0,0,1,1.88830929931356
138,5,6001,1e-08,120,9.05025527481439,8.90012682404264,0.00737909542410409,0,0,1,1.88830929931356
138,5,6001,1e-06,3,8.01956089863991e-08,0.000277061756870045,8.40741847535785e-05,1,0,0,0.757534812309801
138,5,6001,1e-06,10.2,2.33854510098564e-05,0.000323416020461632,0.000801581202199402,1,0,0,0.757534812309801
138,5,6001,1e-06,30,0.00050255294251965,0.000633498844593813,0.0121645920110148,1,0,0,0.757534812309801
138,5,6001,1e-06,60,9.80002120210888,9.85763212908734,0.0840083161455725,0,0,1,0.757534812309801
138,5,6001,1e-06,120,9.16764444090643,8.90012682404264,0.622782900887812,0,0,1,0.757534812309801
138,5,6001,0.0001,3,0.000905410238075695,0.000277061756870045,0.00201027975025284,1,0,0,0.665647283604353
138,5,6001,0.0001,10.2,0.00926103444396257,0.000323416020461632,0.0457343308175817,1,0,0,0.665647283604353
138,5,6001,0.0001,30,0.079318495405184,0.000633498844593813,0.984502341602683,1,0,0,0.665647283604353
138,5,6001,0.0001,60,6.84873720956855,9.85763212908734,7.53294378013383,1,1,1,0.665647283604353
138,5,6001,0.0001,120,4.98781137364363,8.90012682404264,58.9217748425493,1,1,1,0.665647283604353
138,5,6801,1e-08,3,9.55768712778263e-05,0.000157629630671052,9.78388820305474e-06,0,0,0,1.15809658201516
138,5,6801,1e-08,10.2,0.000397816292124506,0.00184386161220793,3.0701926526387e-05,0,0,0,1.15809658201516
138,5,6801,1e-08,30,0.00354380764531678,0.019076911695927,0.00022036857811208,0,0,0,1.15809658201516
138,5,6801,1e-08,60,0.0223867024807295,0.0976219729456215,0.001160888145643,0,0,0,1.15809658201516
138,5,6801,1e-08,120,0.186114679418519,0.581713358954462,0.00737909542410409,0,0,0,1.15809658201516
138,5,6801,1e-06,3,3.25485131075792e-08,0.000157629630671052,8.40741847535785e-05,1,0,0,1.07728876601365
138,5,6801,1e-06,10.2,3.57453392063879e-06,0.00184386161220793,0.000801581202199402,1,0,0,1.07728876601365
138,5,6801,1e-06,30,0.000331735740495881,0.019076911695927,0.0121645920110148,1,0,0,1.07728876601365
138,5,6801,1e-06,60,0.00533787518110565,0.0976219729456215,0.0840083161455725,1,0,0,1.07728876601365
138,5,6801,1e-06,120,0.0808602403861058,0.581713358954462,0.622782900887812,1,0,0,1.07728876601365
138,5,6801,0.0001,3,9.47264706785922e-05,0.000157629630671052,0.00201027975025284,1,0,0,1.0265048807245
138,5,6801,0.0001,10.2,0.00102387416012888,0.00184386161220793,0.0457343308175817,1,0,0,1.0265048807245
138,5,6801,0.0001,30,0.0109929752283531,0.019076911695927,0.984502341602683,1,0,0,1.0265048807245
138,5,6801,0.0001,60,0.0601919998199809,0.0976219729456215,7.53294378013383,1,1,0,1.0265048807245
138,5,6801,0.0001,120,0.394297649171039,0.581713358954462,58.9217748425493,1,1,0,1.0265048807245
138,5,7601,1e-08,3,6.63342302862583e-06,0.000150006643397759,9.78388820305474e-06,1,0,0,1.13346416751757
138,5,7601,1e-08,10.2,4.27914154248393e-05,0.00118691961676671,3.0701926526387e-05,1,0,0,1.13346416751757
138,5,7601,1e-08,30,0.000608653119042135,0.00779506840052969,0.00022036857811208,1,0,0,1.13346416751757
138,5,7601,1e-08,60,0.0044186446180747,0.0241893191135831,0.001160888145643,1,0,0,1.13346416751757
138,5,7601,1e-08,120,0.0433847185974187,0.0537289154944943,0.00737909542410409,0,0,0,1.13346416751757
138,5,7601,1e-06,3,6.01053798947919e-07,0.000150006643397759,8.40741847535785e-05,1,0,0,1.09316209899889
138,5,7601,1e-06,10.2,2.5551399075961e-08,0.00118691961676671,0.000801581202199402,1,0,0,1.09316209899889
138,5,7601,1e-06,30,7.66594843553592e-05,0.00779506840052969,0.0121645920110148,1,0,0,1.09316209899889
138,5,7601,1e-06,60,0.00133933562506346,0.0241893191135831,0.0840083161455725,1,0,0,1.09316209899889
138,5,7601,1e-06,120,0.0226480959956295,0.0537289154944943,0.622782900887812,1,0,0,1.09316209899889
138,5,7601,0.0001,3,9.45055590736468e-05,0.000150006643397759,0.00201027975025284,1,0,0,1.01345145699949
138,5,7601,0.0001,10.2,0.000629808947888231,0.00118691961676671,0.0457343308175817,1,0,0,1.01345145699949
138,5,7601,0.0001,30,0.00361840488816104,0.00779506840052969,0.984502341602683,1,0,0,1.01345145699949
138,5,7601,0.0001,60,0.00978850887703113,0.0241893191135831,7.53294378013383,1,1,0,1.01345145699949
138,5,7601,0.0001,120,0.0139928087022836,0.0537289154944943,58.9217748425493,1,1,0,1.01345145699949
138,6,6001,1e-08,3,6.25213010544043e-05,2.57430897068017e-05,9.78388820305474e-06,0,0,0,0.814344065875167
138,6,6001,1e-08,10.2,0.00037327702314247,0.000505959872534158,3.0701926526387e-05,0,0,0,0.814344065875167
138,6,6001,1e-08,30,0.00430413817785954,0.00308014907113898,0.00022036857811208,0,0,0,0.814344065875167
138,6,6001,1e-08,60,0.0266838165876016,0.00606704224575941,0.001160888145643,0,0,0,0.814344065875167
138,6,6001,1e-08,120,0.175970490681938,0.0038478084832239,0.00737909542410409,0,0,0,0.814344065875167
138,6,6001,1e-06,3,1.6462340123993e-06,2.57430897068017e-05,8.40741847535785e-05,1,0,0,0.743907468086591
138,6,6001,1e-06,10.2,5.35546140824497e-05,0.000505959872534158,0.000801581202199402,1,0,0,0.743907468086591
138,6,6001,1e-06,30,0.00150647626032867,0.00308014907113898,0.0121645920110148,1,0,0,0.743907468086591
138,6,6001,1e-06,60,0.0130301515928562,0.00606704224575941,0.0840083161455725,1,0,0,0.743907468086591
138,6,6001,1e-06,120,0.105928858866232,0.0038478084832239,0.622782900887812,1,0,0,0.743907468086591
138,6,6001,0.0001,3,7.73676206906326e-07,2.57430897068017e-05,0.00201027975025284,1,0,0,0.677787895230481
138,6,6001,0.0001,10.2,4.91707307940573e-05,0.000505959872534158,0.0457343308175817,1,0,0,0.677787895230481
138,6,6001,0.0001,30,0.00150355476199656,0.00308014907113898,0.984502341602683,1,0,0,0.677787895230481
138,6,6001,0.0001,60,0.0131144860019463,0.00606704224575941,7.53294378013383,1,1,0,0.677787895230481
138,6,6001,0.0001,120,0.106699482436396,0.0038478084832239,58.9217748425493,1,1,0,0.677787895230481
138,6,6801,1e-08,3,1.07599388801567e-06,3.42864825650222e-05,9.78388820305474e-06,1,0,0,1.05688213482247
138,6,6801,1e-08,10.2,1.12667255480219e-06,4.21407305452867e-05,3.0701926526387e-05,1,0,0,1.05688213482247
138,6,6801,1e-08,30,3.29693960434151e-06,0.00169199658198185,0.00022036857811208,1,0,0,1.05688213482247
138,6,6801,1e-08,60,0.000193662449799095,0.00589015166161239,0.001160888145643,1,0,0,1.05688213482247
138,6,6801,1e-08,120,0.00167751828697008,0.0232248372478409,0.00737909542410409,1,0,0,1.05688213482247
138,6,6801,1e-06,3,7.24117444193258e-05,3.42864825650222e-05,8.40741847535785e-05,1,0,0,1.00878388147747
138,6,6801,1e-06,10.2,0.000307618577926038,4.21407305452867e-05,0.000801581202199402,1,0,0,1.00878388147747
138,6,6801,1e-06,30,0.00185400986733979,0.00169199658198185,0.0121645920110148,1,0,0,1.00878388147747
138,6,6801,1e-06,60,0.00420535544400861,0.00589015166161239,0.0840083161455725,1,0,0,1.00878388147747
138,6,6801,1e-06,120,0.0127356823345275,0.0232248372478409,0.622782900887812,1,0,0,1.00878388147747
138,6,6801,0.0001,3,4.59004196998699e-06,3.42864825650222e-05,0.00201027975025284,1,0,0,0.889226662510679
138,6,6801,0.0001,10.2,0.000107473253845156,4.21407305452867e-05,0.0457343308175817,1,0,0,0.889226662510679
138,6,6801,0.0001,30,0.00194302885106192,0.00169199658198185,0.984502341602683,1,0,0,0.889226662510679
138,6,6801,0.0001,60,0.0125517960438811,0.00589015166161239,7.53294378013383,1,1,0,0.889226662510679
138,6,6801,0.0001,120,0.0593029737223995,0.0232248372478409,58.9217748425493,1,1,0,0.889226662510679
138,6,7601,1e-08,3,0.000408700639618762,0.00230431865910312,9.78388820305474e-06,0,0,0,1.99453866719012
138,6,7601,1e-08,10.2,0.00154218343669428,0.0345380730168843,3.0701926526387e-05,0,0,0,1.99453866719012
138,6,7601,1e-08,30,0.0028250965261154,0.277084706938022,0.00022036857811208,0,0,0,1.99453866719012
138,6,7601,1e-08,60,0.0125834989160691,0.732744039508728,0.001160888145643,0,0,0,1.99453866719012
138,6,7601,1e-08,120,0.940887589389235,0.976293439203678,0.00737909542410409,0,0,0,1.99453866719012
138,6,7601,1e-06,3,4.648481452079e-05,0.00230431865910312,8.40741847535785e-05,1,0,0,0.806888298069887
138,6,7601,1e-06,10.2,0.000179793522609809,0.0345380730168843,0.000801581202199402,1,0,0,0.806888298069887
138,6,7601,1e-06,30,4.87915828699421e-05,0.277084706938022,0.0121645920110148,1,0,0,0.806888298069887
138,6,7601,1e-06,60,0.0502855722999844,0.732744039508728,0.0840083161455725,1,0,0,0.806888298069887
138,6,7601,1e-06,120,1.40641784364,0.976293439203678,0.622782900887812,1,0,0,0.806888298069887
138,6,7601,0.0001,3,0.000868651184966473,0.00230431865910312,0.00201027975025284,1,0,0,0.748259501256618
138,6,7601,0.0001,10.2,0.00838868536560624,0.0345380730168843,0.0457343308175817,1,0,0,0.748259501256618
138,6,7601,0.0001,30,0.090558567091571,0.277084706938022,0.984502341602683,1,0,0,0.748259501256618
138,6,7601,0.0001,60,0.647172895799922,0.732744039508728,7.53294378013383,1,1,0,0.748259501256618
138,6,7601,0.0001,120,5.46958521566127,0.976293439203678,58.9217748425493,1,1,0,0.748259501256618
138,7,6001,1e-08,3,0.000430665321885465,3.49887344790266e-05,9.78388820305474e-06,0,0,0,2.88432346886993
138,7,6001,1e-08,10.2,0.00182899691337051,2.36148718558972e-07,3.0701926526387e-05,0,0,0,2.88432346886993
138,7,6001,1e-08,30,0.0142725703146565,0.000936730846294824,0.00022036857811208,0,0,0,2.88432346886993
138,7,6001,1e-08,60,0.0829148232223884,0.0168955469335557,0.001160888145643,0,0,0,2.88432346886993
138,7,6001,1e-08,120,0.992592132487296,0.490158745179576,0.00737909542410409,0,0,0,2.88432346886993
138,7,6001,1e-06,3,3.96616143470537e-05,3.49887344790266e-05,8.40741847535785e-05,1,0,0,0.890045905385442
138,7,6001,1e-06,10.2,7.35359292182858e-05,2.36148718558972e-07,0.000801581202199402,1,0,0,0.890045905385442
138,7,6001,1e-06,30,1.75077748731796e-06,0.000936730846294824,0.0121645920110148,1,0,0,0.890045905385442
138,7,6001,1e-06,60,0.00470439203450393,0.0168955469335557,0.0840083161455725,1,0,0,0.890045905385442
138,7,6001,1e-06,120,0.330045948532554,0.490158745179576,0.622782900887812,1,0,0,0.890045905385442
138,7,6001,0.0001,3,0.000543756374965892,3.49887344790266e-05,0.00201027975025284,1,0,0,0.789538781101275
138,7,6001,0.0001,10.2,0.00303498459207898,2.36148718558972e-07,0.0457343308175817,1,0,0,0.789538781101275
138,7,6001,0.0001,30,0.015952250989894,0.000936730846294824,0.984502341602683,1,0,0,0.789538781101275
138,7,6001,0.0001,60,0.0330988040259361,0.0168955469335557,7.53294378013383,1,1,0,0.789538781101275
138,7,6001,0.0001,120,0.00611352338500569,0.490158745179576,58.9217748425493,1,1,0,0.789538781101275
138,7,6801,1e-08,3,4.34103531289348e-06,1.34795691019612e-05,9.78388820305474e-06,1,0,0,1.13096814144831
138,7,6801,1e-08,10.2,4.92394515338065e-05,0.000759629204085988,3.0701926526387e-05,1,0,0,1.13096814144831
138,7,6801,1e-08,30,0.000953763931870016,0.00688235700596242,0.00022036857811208,0,0,0,1.13096814144831
138,7,6801,1e-08,60,0.00685268965367913,0.0228493230673152,0.001160888145643,0,0,0,1.13096814144831
138,7,6801,1e-08,120,0.0453320490826052,0.0682376507351009,0.00737909542410409,0,0,0,1.13096814144831
138,7,6801,1e-06,3,2.00993912230914e-07,1.34795691019612e-05,8.40741847535785e-05,1,0,0,0.808159500506846
138,7,6801,1e-06,10.2,1.02612668492156e-05,0.000759629204085988,0.000801581202199402,1,0,0,0.808159500506846
138,7,6801,1e-06,30,0.000554320818034896,0.00688235700596242,0.0121645920110148,1,0,0,0.808159500506846
138,7,6801,1e-06,60,0.004914091042055,0.0228493230673152,0.0840083161455725,1,0,0,0.808159500506846
138,7,6801,1e-06,120,0.0359292613328585,0.0682376507351009,0.622782900887812,1,0,0,0.808159500506846
138,7,6801,0.0001,3,5.41233154972855e-05,1.34795691019612e-05,0.00201027975025284,1,0,0,0.743699738868507
138,7,6801,0.0001,10.2,0.000754014924291483,0.000759629204085988,0.0457343308175817,1,0,0,0.743699738868507
138,7,6801,0.0001,30,0.00865640794433618,0.00688235700596242,0.984502341602683,1,0,0,0.743699738868507
138,7,6801,0.0001,60,0.0433228898297894,0.0228493230673152,7.53294378013383,1,1,0,0.743699738868507
138,7,6801,0.0001,120,0.215928768291957,0.0682376507351009,58.9217748425493,1,1,0,0.743699738868507
138,7,7601,1e-08,3,2.51174635040986e-06,9.29471533437209e-05,9.78388820305474e-06,1,0,0,1.13009756588314
138,7,7601,1e-08,10.2,1.41452863710368e-05,0.000690125085303243,3.0701926526387e-05,1,0,0,1.13009756588314
138,7,7601,1e-08,30,0.000694644342802104,0.0078519934631983,0.00022036857811208,1,0,0,1.13009756588314
138,7,7601,1e-08,60,0.192133496452199,0.314504683581542,0.001160888145643,0,0,0,1.13009756588314
138,7,7601,1e-08,120,7.20367402136915,8.5666606283797,0.00737909542410409,0,0,0,1.13009756588314
138,7,7601,1e-06,3,2.80110486484776e-05,9.29471533437209e-05,8.40741847535785e-05,1,0,0,1.0628045935775
138,7,7601,1e-06,10.2,0.000133365943109318,0.000690125085303243,0.000801581202199402,1,0,0,1.0628045935775
138,7,7601,1e-06,30,0.000147414891559612,0.0078519934631983,0.0121645920110148,1,0,0,1.0628045935775
138,7,7601,1e-06,60,0.133005561292048,0.314504683581542,0.0840083161455725,1,0,0,1.0628045935775
138,7,7601,1e-06,120,6.45194540258104,8.5666606283797,0.622782900887812,0,0,0,1.0628045935775
138,7,7601,0.0001,3,5.70957157519559e-05,9.29471533437209e-05,0.00201027975025284,1,0,0,0.96051053881726
138,7,7601,0.0001,10.2,0.000785477108707498,0.000690125085303243,0.0457343308175817,1,0,0,0.96051053881726
138,7,7601,0.0001,30,0.0101868661536306,0.0078519934631983,0.984502341602683,1,0,0,0.96051053881726
138,7,7601,0.0001,60,0.347073376284883,0.314504683581542,7.53294378013383,1,1,0,0.96051053881726
138,7,7601,0.0001,120,8.92345500625979,8.5666606283797,58.9217748425493,1,1,0,0.96051053881726
138,8,6001,1e-08,3,0.000282765401324255,2.80200654547863e-05,9.78388820305474e-06,0,0,0,1.42854325155579
138,8,6001,1e-08,10.2,0.00205662127782791,0.000239225503355932,3.0701926526387e-05,0,0,0,1.42854325155579
138,8,6001,1e-08,30,0.0245359973968252,0.0111045270289607,0.00022036857811208,0,0,0,1.42854325155579
138,8,6001,1e-08,60,0.205778192649709,0.13688097127704,0.001160888145643,0,0,0,1.42854325155579
138,8,6001,1e-08,120,3.91776254255668,3.35218254472413,0.00737909542410409,0,0,0,1.42854325155579
138,8,6001,1e-06,3,5.04775059318596e-06,2.80200654547863e-05,8.40741847535785e-05,1,0,0,1.11317969867085
138,8,6001,1e-06,10.2,0.00030971167421216,0.000239225503355932,0.000801581202199402,1,0,0,1.11317969867085
138,8,6001,1e-06,30,0.00858154139634832,0.0111045270289607,0.0121645920110148,1,0,0,1.11317969867085
138,8,6001,1e-06,60,0.112022645844606,0.13688097127704,0.0840083161455725,1,0,0,1.11317969867085
138,8,6001,1e-06,120,3.06442581026401,3.35218254472413,0.622782900887812,0,0,0,1.11317969867085
138,8,6001,0.0001,3,0.000178157119338256,2.80200654547863e-05,0.00201027975025284,1,0,0,0.958656970784903
138,8,6001,0.0001,10.2,0.00250586011937241,0.000239225503355932,0.0457343308175817,1,0,0,0.958656970784903
138,8,6001,0.0001,30,0.0337949756783599,0.0111045270289607,0.984502341602683,1,0,0,0.958656970784903
138,8,6001,0.0001,60,0.265113378178171,0.13688097127704,7.53294378013383,1,1,0,0.958656970784903
138,8,6001,0.0001,120,4.44676959755128,3.35218254472413,58.9217748425493,1,1,0,0.958656970784903
138,8,6801,1e-08,3,4.25685237470715e-08,0.000397754825121826,9.78388820305474e-06,1,0,0,1.38554448372937
138,8,6801,1e-08,10.2,9.57958666190337e-08,0.00279664514303178,3.0701926526387e-05,1,0,0,1.38554448372937
138,8,6801,1e-08,30,7.78937682582481e-05,0.0185965879956988,0.00022036857811208,1,0,0,1.38554448372937
138,8,6801,1e-08,60,0.0027023540949922,0.0541065716896434,0.001160888145643,1,0,0,1.38554448372937
138,8,6801,1e-08,120,0.0941856119667027,0.065787246532639,0.00737909542410409,0,0,0,1.38554448372937
138,8,6801,1e-06,3,8.83947424103432e-06,0.000397754825121826,8.40741847535785e-05,1,0,0,1.04045861333523
138,8,6801,1e-06,10.2,5.60169618752504e-05,0.00279664514303178,0.000801581202199402,1,0,0,1.04045861333523
138,8,6801,1e-06,30,0.000728367638863891,0.0185965879956988,0.0121645920110148,1,0,0,1.04045861333523
138,8,6801,1e-06,60,0.00753330226434788,0.0541065716896434,0.0840083161455725,1,0,0,1.04045861333523
138,8,6801,1e-06,120,0.14062720467974,0.065787246532639,0.622782900887812,1,0,0,1.04045861333523
138,8,6801,0.0001,3,1.9330047696878e-05,0.000397754825121826,0.00201027975025284,1,0,0,0.884582271277436
138,8,6801,0.0001,10.2,0.000229358602153639,0.00279664514303178,0.0457343308175817,1,0,0,0.884582271277436
138,8,6801,0.0001,30,0.00141405133826722,0.0185965879956988,0.984502341602683,1,0,0,0.884582271277436
138,8,6801,0.0001,60,0.00171214323608355,0.0541065716896434,7.53294378013383,1,1,0,0.884582271277436
138,8,6801,0.0001,120,0.0143207436366854,0.065787246532639,58.9217748425493,1,1,0,0.884582271277436
138,8,7601,1e-08,3,0.000717450168041354,0.00159278567731347,9.78388820305474e-06,0,0,0,2.46222935434997
138,8,7601,1e-08,10.2,0.00418170546357634,0.0216673689010846,3.0701926526387e-05,0,0,0,2.46222935434997
138,8,7601,1e-08,30,0.0792287700971004,0.307891692589126,0.00022036857811208,0,0,0,2.46222935434997
138,8,7601,1e-08,60,2.34923509845985,4.3903852140731,0.001160888145643,0,0,0,2.46222935434997
138,8,7601,1e-08,120,3.70450111994472,9.39857665955763,0.00737909542410409,0,0,0,2.46222935434997
138,8,7601,1e-06,3,4.38678541416294e-05,0.00159278567731347,8.40741847535785e-05,1,0,0,1.26764387512169
138,8,7601,1e-06,10.2,0.000907616388294353,0.0216673689010846,0.000801581202199402,1,0,0,1.26764387512169
138,8,7601,1e-06,30,0.0430141861425672,0.307891692589126,0.0121645920110148,1,0,0,1.26764387512169
138,8,7601,1e-06,60,1.95646788475859,4.3903852140731,0.0840083161455725,0,0,0,1.26764387512169
138,8,7601,1e-06,120,2.79194831592261,9.39857665955763,0.622782900887812,0,0,0,1.26764387512169
138,8,7601,0.0001,3,2.67608184985469e-05,0.00159278567731347,0.00201027975025284,1,0,0,1.14263372097906
138,8,7601,0.0001,10.2,0.000599674746711084,0.0216673689010846,0.0457343308175817,1,0,0,1.14263372097906
138,8,7601,0.0001,30,0.0361922457248019,0.307891692589126,0.984502341602683,1,0,0,1.14263372097906
138,8,7601,0.0001,60,1.86085345630983,4.3903852140731,7.53294378013383,1,1,0,1.14263372097906
138,8,7601,0.0001,120,2.56449366026856,9.39857665955763,58.9217748425493,1,1,0,1.14263372097906
138,9,6001,1e-08,3,4.64283509540109e-05,2.47568198159748e-08,9.78388820305474e-06,0,0,0,1.07356759393088
138,9,6001,1e-08,10.2,0.000121754552544156,0.000382790214236386,3.0701926526387e-05,0,0,0,1.07356759393088
138,9,6001,1e-08,30,0.000842581199445786,0.00643018226209342,0.00022036857811208,1,0,0,1.07356759393088
138,9,6001,1e-08,60,0.00712170239650324,0.0400571577427163,0.001160888145643,0,0,0,1.07356759393088
138,9,6001,1e-08,120,0.343606731921941,0.690752863551799,0.00737909542410409,0,0,0,1.07356759393088
138,9,6001,1e-06,3,1.07648621446238e-09,2.47568198159748e-08,8.40741847535785e-05,1,0,0,0.655783084283372
138,9,6001,1e-06,10.2,7.93790598072218e-07,0.000382790214236386,0.000801581202199402,1,0,0,0.655783084283372
138,9,6001,1e-06,30,9.63963844425049e-05,0.00643018226209342,0.0121645920110148,1,0,0,0.655783084283372
138,9,6001,1e-06,60,0.00264659357584612,0.0400571577427163,0.0840083161455725,1,0,0,0.655783084283372
138,9,6001,1e-06,120,0.276426277474795,0.690752863551799,0.622782900887812,1,0,0,0.655783084283372
138,9,6001,0.0001,3,0.000315918085437902,2.47568198159748e-08,0.00201027975025284,1,0,0,0.587140901518119
138,9,6001,0.0001,10.2,0.00286394007731414,0.000382790214236386,0.0457343308175817,1,0,0,0.587140901518119
138,9,6001,0.0001,30,0.0211465724042852,0.00643018226209342,0.984502341602683,1,0,0,0.587140901518119
138,9,6001,0.0001,60,0.0658253443031165,0.0400571577427163,7.53294378013383,1,1,0,0.587140901518119
138,9,6001,0.0001,120,0.00770753182231356,0.690752863551799,58.9217748425493,1,1,0,0.587140901518119
138,9,6801,1e-08,3,0.000117066039892851,0.000319603022038894,9.78388820305474e-06,0,0,0,9.45382866462607
138,9,6801,1e-08,10.2,4.23746091659589e-05,0.00804507715864646,3.0701926526387e-05,1,0,0,9.45382866462607
138,9,6801,1e-08,30,0.0246365244131041,0.192552325756516,0.00022036857811208,0,0,0,9.45382866462607
138,9,6801,1e-08,60,0.268931090333856,1.17009977591392,0.001160888145643,0,0,0,9.45382866462607
138,9,6801,1e-08,120,0.328166813323318,2.88504089271835,0.00737909542410409,0,0,0,9.45382866462607
138,9,6801,1e-06,3,3.01038788291688e-05,0.000319603022038894,8.40741847535785e-05,1,0,0,1.02045726184124
138,9,6801,1e-06,10.2,8.65371386006827e-06,0.00804507715864646,0.000801581202199402,1,0,0,1.02045726184124
138,9,6801,1e-06,30,0.0315903929335234,0.192552325756516,0.0121645920110148,1,0,0,1.02045726184124
138,9,6801,1e-06,60,0.309716528896192,1.17009977591392,0.0840083161455725,1,0,0,1.02045726184124
138,9,6801,1e-06,120,0.416171695607621,2.88504089271835,0.622782900887812,1,0,0,1.02045726184124
138,9,6801,0.0001,3,0.000105079279930351,0.000319603022038894,0.00201027975025284,1,0,0,0.853405410210416
138,9,6801,0.0001,10.2,0.000182163999928178,0.00804507715864646,0.0457343308175817,1,0,0,0.853405410210416
138,9,6801,0.0001,30,0.0166910088331786,0.192552325756516,0.984502341602683,1,0,0,0.853405410210416
138,9,6801,0.0001,60,0.210988860787365,1.17009977591392,7.53294378013383,1,1,0,0.853405410210416
138,9,6801,0.0001,120,0.203076711351418,2.88504089271835,58.9217748425493,1,1,0,0.853405410210416
138,9,7601,1e-08,3,0.000832082819963575,0.00213507715723966,9.78388820305474e-06,0,0,0,1.82005263156162
138,9,7601,1e-08,10.2,0.0102585761295235,0.0289483455715342,3.0701926526387e-05,0,0,0,1.82005263156162
138,9,7601,1e-08,30,0.149337843922446,0.356307880447906,0.00022036857811208,0,0,0,1.82005263156162
138,9,7601,1e-08,60,0.117301655492011,0.589109376538889,0.001160888145643,0,0,0,1.82005263156162
138,9,7601,1e-08,120,7.85911744408148,6.89374971403967,0.00737909542410409,0,0,0,1.82005263156162
138,9,7601,1e-06,3,5.09469692312754e-05,0.00213507715723966,8.40741847535785e-05,1,0,0,1.07710179157693
138,9,7601,1e-06,10.2,0.00375911466524887,0.0289483455715342,0.000801581202199402,0,0,0,1.07710179157693
138,9,7601,1e-06,30,0.0877588028908576,0.356307880447906,0.0121645920110148,0,0,0,1.07710179157693
138,9,7601,1e-06,60,0.031042283535597,0.589109376538889,0.0840083161455725,1,0,0,1.07710179157693
138,9,7601,1e-06,120,6.17472473151217,6.89374971403967,0.622782900887812,0,0,0,1.07710179157693
138,9,7601,0.0001,3,0.000662488870969229,0.00213507715723966,0.00201027975025284,1,0,0,0.959081059621917
138,9,7601,0.0001,10.2,0.0145707062150195,0.0289483455715342,0.0457343308175817,1,0,0,0.959081059621917
138,9,7601,0.0001,30,0.218863813220312,0.356307880447906,0.984502341602683,1,0,0,0.959081059621917
138,9,7601,0.0001,60,0.268076431663511,0.589109376538889,7.53294378013383,1,1,0,0.959081059621917
138,9,7601,0.0001,120,9.71408727593818,6.89374971403967,58.9217748425493,1,1,0,0.959081059621917
138,10,6001,1e-08,3,1.0795243139043e-05,7.38192650547288e-06,9.78388820305474e-06,1,0,0,1.02207015288571
138,10,6001,1e-08,10.2,0.00015145568313061,0.000154910319840718,3.0701926526387e-05,0,0,0,1.02207015288571
138,10,6001,1e-08,30,0.00313959438407249,0.00124101322214265,0.00022036857811208,0,0,0,1.02207015288571
138,10,6001,1e-08,60,0.0124425932190552,0.00647735507743134,0.001160888145643,0,0,0,1.02207015288571
138,10,6001,1e-08,120,0.102900874449443,0.00529740948530734,0.00737909542410409,0,0,0,1.02207015288571
138,10,6001,1e-06,3,2.79028661514445e-06,7.38192650547288e-06,8.40741847535785e-05,1,0,0,0.942473296495921
138,10,6001,1e-06,10.2,1.42037723595137e-05,0.000154910319840718,0.000801581202199402,1,0,0,0.942473296495921
138,10,6001,1e-06,30,0.00141706070522361,0.00124101322214265,0.0121645920110148,1,0,0,0.942473296495921
138,10,6001,1e-06,60,0.00612048053124051,0.00647735507743134,0.0840083161455725,1,0,0,0.942473296495921
138,10,6001,1e-06,120,0.0663677953511292,0.00529740948530734,0.622782900887812,1,0,0,0.942473296495921
138,10,6001,0.0001,3,6.16367113685125e-05,7.38192650547288e-06,0.00201027975025284,1,0,0,0.860312973689649
138,10,6001,0.0001,10.2,0.00129112918692204,0.000154910319840718,0.0457343308175817,1,0,0,0.860312973689649
138,10,6001,0.0001,30,0.0174433696409104,0.00124101322214265,0.984502341602683,1,0,0,0.860312973689649
138,10,6001,0.0001,60,0.0712918758906695,0.00647735507743134,7.53294378013383,1,1,0,0.860312973689649
138,10,6001,0.0001,120,0.403321740129243,0.00529740948530734,58.9217748425493,1,1,0,0.860312973689649
138,10,6801,1e-08,3,0.000278066169204508,1.74642285687982e-05,9.78388820305474e-06,0,0,0,730.569813061391
138,10,6801,1e-08,10.2,0.00264863753843816,0.000859173446876953,3.0701926526387e-05,0,0,0,730.569813061391
138,10,6801,1e-08,30,0.0350201688469385,0.0191619973780795,0.00022036857811208,0,0,0,730.569813061391
138,10,6801,1e-08,60,0.171913244369617,0.106065497529844,0.001160888145643,0,0,0,730.569813061391
138,10,6801,1e-08,120,0.54816689093287,0.325996487135163,0.00737909542410409,0,0,0,730.569813061391
138,10,6801,1e-06,3,1.38919012483742e-05,1.74642285687982e-05,8.40741847535785e-05,1,0,0,1.3451463352005
138,10,6801,1e-06,10.2,2.24861433048443e-05,0.000859173446876953,0.000801581202199402,1,0,0,1.3451463352005
138,10,6801,1e-06,30,0.00105416281668428,0.0191619973780795,0.0121645920110148,1,0,0,1.3451463352005
138,10,6801,1e-06,60,0.0122700926069571,0.106065497529844,0.0840083161455725,1,0,0,1.3451463352005
138,10,6801,1e-06,120,0.0190880215911485,0.325996487135163,0.622782900887812,1,0,0,1.3451463352005
138,10,6801,0.0001,3,0.000227464583381531,1.74642285687982e-05,0.00201027975025284,1,0,0,1.08568554468199
138,10,6801,0.0001,10.2,0.00218028713939783,0.000859173446876953,0.0457343308175817,1,0,0,1.08568554468199
138,10,6801,0.0001,30,0.0301459669398894,0.0191619973780795,0.984502341602683,1,0,0,1.08568554468199
138,10,6801,0.0001,60,0.150444531098926,0.106065497529844,7.53294378013383,1,1,0,1.08568554468199
138,10,6801,0.0001,120,0.472171433615945,0.325996487135163,58.9217748425493,1,1,0,1.08568554468199
138,10,7601,1e-08,3,4.48762852955655e-06,0.000153115352703655,9.78388820305474e-06,1,0,0,1.24805109891491
138,10,7601,1e-08,10.2,6.92244111835249e-06,0.00377158421662302,3.0701926526387e-05,1,0,0,1.24805109891491
138,10,7601,1e-08,30,1.57865748589439e-05,0.0384958296559582,0.00022036857811208,1,0,0,1.24805109891491
138,10,7601,1e-08,60,0.00549665792731311,0.102582485860636,0.001160888145643,0,0,0,1.24805109891491
138,10,7601,1e-08,120,2.27587344674256,0.503797697216619,0.00737909542410409,0,0,0,1.24805109891491
138,10,7601,1e-06,3,5.16053158331337e-05,0.000153115352703655,8.40741847535785e-05,1,0,0,1.14593897799603
138,10,7601,1e-06,10.2,0.000278012391549755,0.00377158421662302,0.000801581202199402,1,0,0,1.14593897799603
138,10,7601,1e-06,30,0.0018351686403174,0.0384958296559582,0.0121645920110148,1,0,0,1.14593897799603
138,10,7601,1e-06,60,0.0264483033562699,0.102582485860636,0.0840083161455725,1,0,0,1.14593897799603
138,10,7601,1e-06,120,2.82389644472822,0.503797697216619,0.622782900887812,0,0,0,1.14593897799603
138,10,7601,0.0001,3,0.000255865855388952,0.000153115352703655,0.00201027975025284,1,0,0,1.06900028940622
138,10,7601,0.0001,10.2,0.0017530474572733,0.00377158421662302,0.0457343308175817,1,0,0,1.06900028940622
138,10,7601,0.0001,30,0.0127892183388963,0.0384958296559582,0.984502341602683,1,0,0,1.06900028940622
138,10,7601,0.0001,60,0.0906882078356307,0.102582485860636,7.53294378013383,1,1,0,1.06900028940622
138,10,7601,0.0001,120,3.82394368670292,0.503797697216619,58.9217748425493,1,1,0,1.06900028940622
138,11,6001,1e-08,3,0.0740758181331656,0.0118550495385148,9.78388820305474e-06,0,0,0,570.429099715635
138,11,6001,1e-08,10.2,0.745159438336837,0.067421263462738,3.0701926526387e-05,0,0,0,570.429099715635
138,11,6001,1e-08,30,7.32130201262328,0.208969138002101,0.00022036857811208,0,0,0,570.429099715635
138,11,6001,1e-08,60,0.306505014150517,0.274926876418425,0.001160888145643,0,0,0,570.429099715635
138,11,6001,1e-08,120,7.90284418439207,7.18593034111225,0.00737909542410409,0,0,0,570.429099715635
138,11,6001,1e-06,3,0.0222560407043117,0.0118550495385148,8.40741847535785e-05,0,0,0,20.8573569842355
138,11,6001,1e-06,10.2,0.223939826558411,0.067421263462738,0.000801581202199402,0,0,0,20.8573569842355
138,11,6001,1e-06,30,2.50109232115295,0.208969138002101,0.0121645920110148,0,0,0,20.8573569842355
138,11,6001,1e-06,60,7.78697567559954,0.274926876418425,0.0840083161455725,0,0,0,20.8573569842355
138,11,6001,1e-06,120,0.980220880361902,7.18593034111225,0.622782900887812,1,0,0,20.8573569842355
138,11,6001,0.0001,3,0.00059051066743155,0.0118550495385148,0.00201027975025284,1,0,0,1.06835379667264
138,11,6001,0.0001,10.2,0.0286147911490176,0.067421263462738,0.0457343308175817,1,0,0,1.06835379667264
138,11,6001,0.0001,30,0.615717427992229,0.208969138002101,0.984502341602683,1,0,0,1.06835379667264
138,11,6001,0.0001,60,3.79969584489315,0.274926876418425,7.53294378013383,1,1,0,1.06835379667264
138,11,6001,0.0001,120,5.09211704238967,7.18593034111225,58.9217748425493,1,1,0,1.06835379667264
138,11,6801,1e-08,3,9.30633452438808e-06,0.00030904129666146,9.78388820305474e-06,1,0,0,1.20296399710126
138,11,6801,1e-08,10.2,3.35988911417263e-05,0.000205999666221914,3.0701926526387e-05,1,0,0,1.20296399710126
138,11,6801,1e-08,30,0.00024039084605441,5.8305867346733e-05,0.00022036857811208,1,0,0,1.20296399710126
138,11,6801,1e-08,60,0.00114289863978012,1.1062490637062e-06,0.001160888145643,1,0,0,1.20296399710126
138,11,6801,1e-08,120,0.00582220192021753,3.87408672326556e-05,0.00737909542410409,1,0,0,1.20296399710126
138,11,6801,1e-06,3,0.000177892325143077,0.00030904129666146,8.40741847535785e-05,1,0,0,1.00715146985981
138,11,6801,1e-06,10.2,0.000881034635221154,0.000205999666221914,0.000801581202199402,1,0,0,1.00715146985981
138,11,6801,1e-06,30,0.00589623428572437,5.8305867346733e-05,0.0121645920110148,1,0,0,1.00715146985981
138,11,6801,1e-06,60,0.0230282858440317,1.1062490637062e-06,0.0840083161455725,1,0,0,1.00715146985981
138,11,6801,1e-06,120,0.0945995597328169,3.87408672326556e-05,0.622782900887812,1,0,0,1.00715146985981
138,11,6801,0.0001,3,0.00168938806788548,0.00030904129666146,0.00201027975025284,1,0,0,0.909362771012059
138,11,6801,0.0001,10.2,0.011365444361737,0.000205999666221914,0.0457343308175817,1,0,0,0.909362771012059
138,11,6801,0.0001,30,0.0834685550856505,5.8305867346733e-05,0.984502341602683,1,0,0,0.909362771012059
138,11,6801,0.0001,60,0.323436767377754,1.1062490637062e-06,7.53294378013383,1,1,0,0.909362771012059
138,11,6801,0.0001,120,1.28645189993295,3.87408672326556e-05,58.9217748425493,1,1,0,0.909362771012059
138,11,7601,1e-08,3,2.89063077157819e-05,2.22482015291218e-05,9.78388820305474e-06,1,0,0,1.0180526417921
138,11,7601,1e-08,10.2,9.58364814550233e-05,0.000214670873783327,3.0701926526387e-05,1,0,0,1.0180526417921
138,11,7601,1e-08,30,0.00066176541682187,0.00209503141079908,0.00022036857811208,1,0,0,1.0180526417921
138,11,7601,1e-08,60,0.00311089385169243,0.0097672062370773,0.001160888145643,1,0,0,1.0180526417921
138,11,7601,1e-08,120,0.0456601363374024,0.0916577268196341,0.00737909542410409,0,0,0,1.0180526417921
138,11,7601,1e-06,3,3.21340346485529e-07,2.22482015291218e-05,8.40741847535785e-05,1,0,0,0.990949203872752
138,11,7601,1e-06,10.2,1.8097286284956e-08,0.000214670873783327,0.000801581202199402,1,0,0,0.990949203872752
138,11,7601,1e-06,30,3.01251391219226e-06,0.00209503141079908,0.0121645920110148,1,0,0,0.990949203872752
138,11,7601,1e-06,60,0.00010973886012456,0.0097672062370773,0.0840083161455725,1,0,0,0.990949203872752
138,11,7601,1e-06,120,0.0158159152884165,0.0916577268196341,0.622782900887812,1,0,0,0.990949203872752
138,11,7601,0.0001,3,0.00015093771032537,2.22482015291218e-05,0.00201027975025284,1,0,0,0.858971952165927
138,11,7601,0.0001,10.2,0.00125033187671066,0.000214670873783327,0.0457343308175817,1,0,0,0.858971952165927
138,11,7601,0.0001,30,0.0105295401723603,0.00209503141079908,0.984502341602683,1,0,0,0.858971952165927
138,11,7601,0.0001,60,0.0442762276172564,0.0097672062370773,7.53294378013383,1,1,0,0.858971952165927
138,11,7601,0.0001,120,0.274404348357113,0.0916577268196341,58.9217748425493,1,1,0,0.858971952165927
138,12,6001,1e-08,3,0.251987141620614,0.110494058752248,9.78388820305474e-06,0,0,0,293.685266966891
138,12,6001,1e-08,10.2,0.235685194388122,0.624446867920127,3.0701926526387e-05,0,0,0,293.685266966891
138,12,6001,1e-08,30,0.192109198649009,1.37083896238125,0.00022036857811208,0,0,0,293.685266966891
138,12,6001,1e-08,60,5.45725792366631,1.56098881435912,0.001160888145643,0,0,0,293.685266966891
138,12,6001,1e-08,120,8.18318823757341,4.69843231101586,0.00737909542410409,0,0,0,293.685266966891
138,12,6001,1e-06,3,0.000108256457271085,0.110494058752248,8.40741847535785e-05,1,0,0,10.2144395282943
138,12,6001,1e-06,10.2,0.23110188588413,0.624446867920127,0.000801581202199402,0,0,0,10.2144395282943
138,12,6001,1e-06,30,7.0357772039275,1.37083896238125,0.0121645920110148,0,0,0,10.2144395282943
138,12,6001,1e-06,60,0.0249631567173067,1.56098881435912,0.0840083161455725,1,0,0,10.2144395282943
138,12,6001,1e-06,120,1.5797967684197,4.69843231101586,0.622782900887812,1,0,0,10.2144395282943
138,12,6001,0.0001,3,0.0103134732434974,0.110494058752248,0.00201027975025284,0,0,0,0.787942336313452
138,12,6001,0.0001,10.2,0.478628749327581,0.624446867920127,0.0457343308175817,0,0,0,0.787942336313452
138,12,6001,0.0001,30,9.54638673796924,1.37083896238125,0.984502341602683,0,0,0,0.787942336313452
138,12,6001,0.0001,60,1.43698370467812,1.56098881435912,7.53294378013383,1,1,0,0.787942336313452
138,12,6001,0.0001,120,0.613745019006907,4.69843231101586,58.9217748425493,1,1,0,0.787942336313452
138,12,6801,1e-08,3,8.22707774584123e-10,6.17976591595723e-06,9.78388820305474e-06,1,0,0,0.895072967431167
138,12,6801,1e-08,10.2,2.6543300051109e-06,1.1787505347213e-07,3.0701926526387e-05,1,0,0,0.895072967431167
138,12,6801,1e-08,30,5.51303622407064e-05,1.72595359299125e-05,0.00022036857811208,1,0,0,0.895072967431167
138,12,6801,1e-08,60,0.000344541248352389,7.41996645922846e-05,0.001160888145643,1,0,0,0.895072967431167
138,12,6801,1e-08,120,0.00230812229069956,0.000106614498038491,0.00737909542410409,1,0,0,0.895072967431167
138,12,6801,1e-06,3,3.71325290164853e-07,6.17976591595723e-06,8.40741847535785e-05,1,0,0,0.866256800658813
138,12,6801,1e-06,10.2,8.35829626198462e-06,1.1787505347213e-07,0.000801581202199402,1,0,0,0.866256800658813
138,12,6801,1e-06,30,0.000111515368479044,1.72595359299125e-05,0.0121645920110148,1,0,0,0.866256800658813
138,12,6801,1e-06,60,0.000601974459895107,7.41996645922846e-05,0.0840083161455725,1,0,0,0.866256800658813
138,12,6801,1e-06,120,0.00356322499178992,0.000106614498038491,0.622782900887812,1,0,0,0.866256800658813
138,12,6801,0.0001,3,0.000287240684302306,6.17976591595723e-06,0.00201027975025284,1,0,0,0.870985438533634
138,12,6801,0.0001,10.2,0.00271981245559455,1.1787505347213e-07,0.0457343308175817,1,0,0,0.870985438533634
138,12,6801,0.0001,30,0.0226069753278609,1.72595359299125e-05,0.984502341602683,1,0,0,0.870985438533634
138,12,6801,0.0001,60,0.0909058594545358,7.41996645922846e-05,7.53294378013383,1,1,0,0.870985438533634
138,12,6801,0.0001,120,0.373336951029967,0.000106614498038491,58.9217748425493,1,1,0,0.870985438533634
138,12,7601,1e-08,3,4.07609814432852e-05,0.000136286221174467,9.78388820305474e-06,0,0,0,1.01559315709039
138,12,7601,1e-08,10.2,0.00013763717125347,0.00305894750120084,3.0701926526387e-05,0,0,0,1.01559315709039
138,12,7601,1e-08,30,0.000724930663619466,0.0309011601324577,0.00022036857811208,1,0,0,1.01559315709039
138,12,7601,1e-08,60,0.00179976638202259,0.12306899948481,0.001160888145643,1,0,0,1.01559315709039
138,12,7601,1e-08,120,0.0206031413129644,0.594405972067899,0.00737909542410409,1,0,0,1.01559315709039
138,12,7601,1e-06,3,4.41488061573599e-06,0.000136286221174467,8.40741847535785e-05,1,0,0,0.970170650767193
138,12,7601,1e-06,10.2,3.66030412599227e-06,0.00305894750120084,0.000801581202199402,1,0,0,0.970170650767193
138,12,7601,1e-06,30,3.54729422902726e-06,0.0309011601324577,0.0121645920110148,1,0,0,0.970170650767193
138,12,7601,1e-06,60,3.22819709825162e-05,0.12306899948481,0.0840083161455725,1,0,0,0.970170650767193
138,12,7601,1e-06,120,0.00243088796880286,0.594405972067899,0.622782900887812,1,0,0,0.970170650767193
138,12,7601,0.0001,3,0.000661004848996849,0.000136286221174467,0.00201027975025284,1,0,0,0.866244024617401
138,12,7601,0.0001,10.2,0.00605901631357262,0.00305894750120084,0.0457343308175817,1,0,0,0.866244024617401
138,12,7601,0.0001,30,0.0487125166534727,0.0309011601324577,0.984502341602683,1,0,0,0.866244024617401
138,12,7601,0.0001,60,0.197756327084486,0.12306899948481,7.53294378013383,1,1,0,0.866244024617401
138,12,7601,0.0001,120,0.676604547250746,0.594405972067899,58.9217748425493,1,1,0,0.866244024617401
138,13,6001,1e-08,3,0.000910645129239487,0.00309418066660639,9.78388820305474e-06,0,0,0,1.38027701969885
138,13,6001,1e-08,10.2,0.00483378555611576,0.026009881826872,3.0701926526387e-05,0,0,0,1.38027701969885
138,13,6001,1e-08,30,0.0222142113114903,0.179034695174622,0.00022036857811208,0,0,0,1.38027701969885
138,13,6001,1e-08,60,3.46196606152472,5.81279774449975,0.001160888145643,0,0,0,1.38027701969885
138,13,6001,1e-08,120,1.99562322184615,6.3278390506857,0.00737909542410409,0,0,0,1.38027701969885
138,13,6001,1e-06,3,0.000124423202823538,0.00309418066660639,8.40741847535785e-05,1,0,0,0.849215473904316
138,13,6001,1e-06,10.2,0.00122708743804212,0.026009881826872,0.000801581202199402,1,0,0,0.849215473904316
138,13,6001,1e-06,30,0.00518360996322026,0.179034695174622,0.0121645920110148,1,0,0,0.849215473904316
138,13,6001,1e-06,60,2.95536345714572,5.81279774449975,0.0840083161455725,0,0,0,0.849215473904316
138,13,6001,1e-06,120,1.30462711068601,6.3278390506857,0.622782900887812,1,0,0,0.849215473904316
138,13,6001,0.0001,3,0.00138245576996598,0.00309418066660639,0.00201027975025284,1,0,0,0.793976378121809
138,13,6001,0.0001,10.2,0.0136672433046728,0.026009881826872,0.0457343308175817,1,0,0,0.793976378121809
138,13,6001,0.0001,30,0.0945333743043225,0.179034695174622,0.984502341602683,1,0,0,0.793976378121809
138,13,6001,0.0001,60,4.78424700170938,5.81279774449975,7.53294378013383,1,1,0,0.793976378121809
138,13,6001,0.0001,120,4.30893334411225,6.3278390506857,58.9217748425493,1,1,0,0.793976378121809
138,13,6801,1e-08,3,0.0160766045478934,0.00254300423061429,9.78388820305474e-06,0,0,0,63.9217985858927
138,13,6801,1e-08,10.2,0.0813113203496247,0.0223910041651524,3.0701926526387e-05,0,0,0,63.9217985858927
138,13,6801,1e-08,30,0.765276192322127,0.0719812126397647,0.00022036857811208,0,0,0,63.9217985858927
138,13,6801,1e-08,60,3.88961105172099,0.0595727423013182,0.001160888145643,0,0,0,63.9217985858927
138,13,6801,1e-08,120,1.26908789793648,0.630404242013676,0.00737909542410409,0,0,0,63.9217985858927
138,13,6801,1e-06,3,0.000345185207643008,0.00254300423061429,8.40741847535785e-05,0,0,0,1.52301051540205
138,13,6801,1e-06,10.2,0.00728289961431053,0.0223910041651524,0.000801581202199402,0,0,0,1.52301051540205
138,13,6801,1e-06,30,0.179011185253822,0.0719812126397647,0.0121645920110148,0,0,0,1.52301051540205
138,13,6801,1e-06,60,1.29698289942452,0.0595727423013182,0.0840083161455725,0,0,0,1.52301051540205
138,13,6801,1e-06,120,7.41584720245323,0.630404242013676,0.622782900887812,0,0,0,1.52301051540205
138,13,6801,0.0001,3,0.000191144125139914,0.00254300423061429,0.00201027975025284,1,0,0,0.974836034085471
138,13,6801,0.0001,10.2,0.00606483600465698,0.0223910041651524,0.0457343308175817,1,0,0,0.974836034085471
138,13,6801,0.0001,30,0.166614217339618,0.0719812126397647,0.984502341602683,1,0,0,0.974836034085471
138,13,6801,0.0001,60,1.23799057134024,0.0595727423013182,7.53294378013383,1,1,0,0.974836034085471
138,13,6801,0.0001,120,7.68389039923389,0.630404242013676,58.9217748425493,1,1,0,0.974836034085471
138,13,7601,1e-08,3,9.19151309766269e-06,0.000174006101788061,9.78388820305474e-06,1,0,0,0.983433466837078
138,13,7601,1e-08,10.2,3.53057091885652e-05,0.000135360807658914,3.0701926526387e-05,1,0,0,0.983433466837078
138,13,7601,1e-08,30,0.000183252814127828,6.02361350879815e-05,0.00022036857811208,1,0,0,0.983433466837078
138,13,7601,1e-08,60,0.000153949283384082,0.000211120429150506,0.001160888145643,1,0,0,0.983433466837078
138,13,7601,1e-08,120,0.0161833442682687,0.0273671002662386,0.00737909542410409,1,0,0,0.983433466837078
138,13,7601,1e-06,3,7.87155188071515e-05,0.000174006101788061,8.40741847535785e-05,1,0,0,0.873983881339195
138,13,7601,1e-06,10.2,0.000404071795309357,0.000135360807658914,0.000801581202199402,1,0,0,0.873983881339195
138,13,7601,1e-06,30,0.00264091680175267,6.02361350879815e-05,0.0121645920110148,1,0,0,0.873983881339195
138,13,7601,1e-06,60,0.0124174854057024,0.000211120429150506,0.0840083161455725,1,0,0,0.873983881339195
138,13,7601,1e-06,120,0.136075475737838,0.0273671002662386,0.622782900887812,1,0,0,0.873983881339195
138,13,7601,0.0001,3,0.00064969266456107,0.000174006101788061,0.00201027975025284,1,0,0,0.802949021305316
138,13,7601,0.0001,10.2,0.0042399189713673,0.000135360807658914,0.0457343308175817,1,0,0,0.802949021305316
138,13,7601,0.0001,30,0.0304476699915509,6.02361350879815e-05,0.984502341602683,1,0,0,0.802949021305316
138,13,7601,0.0001,60,0.124506053540784,0.000211120429150506,7.53294378013383,1,1,0,0.802949021305316
138,13,7601,0.0001,120,0.717306904457995,0.0273671002662386,58.9217748425493,1,1,0,0.802949021305316
138,14,6001,1e-08,3,2.54955251169269e-05,0.00172672517801063,9.78388820305474e-06,1,0,0,1.40917292474407
138,14,6001,1e-08,10.2,2.39485847481408e-05,0.0226250237260216,3.0701926526387e-05,1,0,0,1.40917292474407
138,14,6001,1e-08,30,0.00800514586954345,0.12662928629506,0.00022036857811208,0,0,0,1.40917292474407
138,14,6001,1e-08,60,0.0590828944243789,0.430982988807516,0.001160888145643,0,0,0,1.40917292474407
138,14,6001,1e-08,120,1.48378216600851,9.15758907834693,0.00737909542410409,0,0,0,1.40917292474407
138,14,6001,1e-06,3,2.50906326099425e-07,0.00172672517801063,8.40741847535785e-05,1,0,0,1.0595012247448
138,14,6001,1e-06,10.2,1.73741772408372e-05,0.0226250237260216,0.000801581202199402,1,0,0,1.0595012247448
138,14,6001,1e-06,30,0.0123089556721286,0.12662928629506,0.0121645920110148,1,0,0,1.0595012247448
138,14,6001,1e-06,60,0.0802874956802606,0.430982988807516,0.0840083161455725,1,0,0,1.0595012247448
138,14,6001,1e-06,120,1.30008392492929,9.15758907834693,0.622782900887812,1,0,0,1.0595012247448
138,14,6001,0.0001,3,3.77935042476861e-05,0.00172672517801063,0.00201027975025284,1,0,0,0.938673140989128
138,14,6001,0.0001,10.2,0.000558624662063835,0.0226250237260216,0.0457343308175817,1,0,0,0.938673140989128
138,14,6001,0.0001,30,0.0274443970740695,0.12662928629506,0.984502341602683,1,0,0,0.938673140989128
138,14,6001,0.0001,60,0.153255419463059,0.430982988807516,7.53294378013383,1,1,0,0.938673140989128
138,14,6001,0.0001,120,0.856112925412256,9.15758907834693,58.9217748425493,1,1,0,0.938673140989128
138,14,6801,1e-08,3,3.92277816372683e-05,0.000185523498016646,9.78388820305474e-06,0,0,0,1.65419212309786
138,14,6801,1e-08,10.2,0.000252225305764483,0.00119332852219436,3.0701926526387e-05,0,0,0,1.65419212309786
138,14,6801,1e-08,30,0.00482928333764261,0.00421517984926064,0.00022036857811208,0,0,0,1.65419212309786
138,14,6801,1e-08,60,0.0365446434209764,0.00497172083947731,0.001160888145643,0,0,0,1.65419212309786
138,14,6801,1e-08,120,4.82926423769352,7.3644643976054,0.00737909542410409,0,0,1,1.65419212309786
138,14,6801,1e-06,3,7.33334665063097e-07,0.000185523498016646,8.40741847535785e-05,1,0,0,1.0079188966206
138,14,6801,1e-06,10.2,7.27019560903867e-05,0.00119332852219436,0.000801581202199402,1,0,0,1.0079188966206
138,14,6801,1e-06,30,0.00322401812304988,0.00421517984926064,0.0121645920110148,1,0,0,1.0079188966206
138,14,6801,1e-06,60,0.0290144985549181,0.00497172083947731,0.0840083161455725,1,0,0,1.0079188966206
138,14,6801,1e-06,120,4.99354353493473,7.3644643976054,0.622782900887812,0,0,1,1.0079188966206
138,14,6801,0.0001,3,9.84898168638965e-05,0.000185523498016646,0.00201027975025284,1,0,0,0.91672073949454
138,14,6801,0.0001,10.2,0.000550571381341377,0.00119332852219436,0.0457343308175817,1,0,0,0.91672073949454
138,14,6801,0.0001,30,0.001124834157228,0.00421517984926064,0.984502341602683,1,0,0,0.91672073949454
138,14,6801,0.0001,60,6.98660796756295e-05,0.00497172083947731,7.53294378013383,1,1,0,0.91672073949454
138,14,6801,0.0001,120,6.70846723314951,7.3644643976054,58.9217748425493,1,1,1,0.91672073949454
138,14,7601,1e-08,3,1.23548630167023e-05,8.41043233615546e-05,9.78388820305474e-06,1,0,0,1.45030206353443
138,14,7601,1e-08,10.2,0.000113730441312767,1.14301786757381e-07,3.0701926526387e-05,1,0,0,1.45030206353443
138,14,7601,1e-08,30,0.00228307054077509,0.00171461497655186,0.00022036857811208,0,0,0,1.45030206353443
138,14,7601,1e-08,60,0.0156341086782797,0.0157945625468259,0.001160888145643,0,0,0,1.45030206353443
138,14,7601,1e-08,120,0.292915827453689,0.309007149196816,0.00737909542410409,0,0,0,1.45030206353443
138,14,7601,1e-06,3,1.80779631166281e-06,8.41043233615546e-05,8.40741847535785e-05,1,0,0,1.39294046034548
138,14,7601,1e-06,10.2,4.4017742637591e-05,1.14301786757381e-07,0.000801581202199402,1,0,0,1.39294046034548
138,14,7601,1e-06,30,0.00149290466795316,0.00171461497655186,0.0121645920110148,1,0,0,1.39294046034548
138,14,7601,1e-06,60,0.0116954136805875,0.0157945625468259,0.0840083161455725,1,0,0,1.39294046034548
138,14,7601,1e-06,120,0.258908409256918,0.309007149196816,0.622782900887812,1,0,0,1.39294046034548
138,14,7601,0.0001,3,8.31265887512305e-06,8.41043233615546e-05,0.00201027975025284,1,0,0,1.2325435117025
138,14,7601,0.0001,10.2,8.73912176568265e-05,1.14301786757381e-07,0.0457343308175817,1,0,0,1.2325435117025
138,14,7601,0.0001,30,9.35397717934619e-05,0.00171461497655186,0.984502341602683,1,0,0,1.2325435117025
138,14,7601,0.0001,60,0.000117844157637585,0.0157945625468259,7.53294378013383,1,1,0,1.2325435117025
138,14,7601,0.0001,120,0.0983328434954301,0.309007149196816,58.9217748425493,1,1,0,1.2325435117025
138,15,6001,1e-08,3,0.0236631026223658,0.000625129214944808,9.78388820305474e-06,0,0,0,65.2641424647233
138,15,6001,1e-08,10.2,0.0959563937459629,0.00766787386833313,3.0701926526387e-05,0,0,0,65.2641424647233
138,15,6001,1e-08,30,0.744491131857028,0.0183281606586297,0.00022036857811208,0,0,0,65.2641424647233
138,15,6001,1e-08,60,3.64881858971346,2.35460279696176e-06,0.001160888145643,0,0,0,65.2641424647233
138,15,6001,1e-08,120,0.103770407980316,8.27022347352785,0.00737909542410409,0,0,0,65.2641424647233
138,15,6001,1e-06,3,0.000334934701424135,0.000625129214944808,8.40741847535785e-05,0,0,0,2.45963476027178
138,15,6001,1e-06,10.2,0.00610226457817218,0.00766787386833313,0.000801581202199402,0,0,0,2.45963476027178
138,15,6001,1e-06,30,0.134575774463128,0.0183281606586297,0.0121645920110148,0,0,0,2.45963476027178
138,15,6001,1e-06,60,1.02754035665377,2.35460279696176e-06,0.0840083161455725,0,0,0,2.45963476027178
138,15,6001,1e-06,120,1.89176266197088,8.27022347352785,0.622782900887812,1,0,0,2.45963476027178
138,15,6001,0.0001,3,0.000509164212744074,0.000625129214944808,0.00201027975025284,1,0,0,1.37287844519204
138,15,6001,0.0001,10.2,0.0102818276400711,0.00766787386833313,0.0457343308175817,1,0,0,1.37287844519204
138,15,6001,0.0001,30,0.195744359668139,0.0183281606586297,0.984502341602683,1,0,0,1.37287844519204
138,15,6001,0.0001,60,1.36540734037311,2.35460279696176e-06,7.53294378013383,1,1,0,1.37287844519204
138,15,6001,0.0001,120,1.12804138232365,8.27022347352785,58.9217748425493,1,1,0,1.37287844519204
138,15,6801,1e-08,3,7.09783178555924e-07,2.23780318646108e-05,9.78388820305474e-06,1,0,0,1.1743529399877
138,15,6801,1e-08,10.2,1.31954251516492e-05,1.44023364956892e-05,3.0701926526387e-05,1,0,0,1.1743529399877
138,15,6801,1e-08,30,0.000263823258552796,0.000497423213468012,0.00022036857811208,1,0,0,1.1743529399877
138,15,6801,1e-08,60,0.00195251941869742,0.00172281734729258,0.001160888145643,1,0,0,1.1743529399877
138,15,6801,1e-08,120,6.26736232482865,7.20096444074285,0.00737909542410409,0,0,1,1.1743529399877
138,15,6801,1e-06,3,5.11559441231913e-05,2.23780318646108e-05,8.40741847535785e-05,1,0,0,0.963264226353993
138,15,6801,1e-06,10.2,0.000159234310050228,1.44023364956892e-05,0.000801581202199402,1,0,0,0.963264226353993
138,15,6801,1e-06,30,0.000515934414479099,0.000497423213468012,0.0121645920110148,1,0,0,0.963264226353993
138,15,6801,1e-06,60,0.000850989796410892,0.00172281734729258,0.0840083161455725,1,0,0,0.963264226353993
138,15,6801,1e-06,120,6.99937691866649,7.20096444074285,0.622782900887812,0,0,1,0.963264226353993
138,15,6801,0.0001,3,8.67024924501656e-06,2.23780318646108e-05,0.00201027975025284,1,0,0,0.87495182812491
138,15,6801,0.0001,10.2,3.61926722839568e-05,1.44023364956892e-05,0.0457343308175817,1,0,0,0.87495182812491
138,15,6801,0.0001,30,0.00126700350137668,0.000497423213468012,0.984502341602683,1,0,0,0.87495182812491
138,15,6801,0.0001,60,0.0079655784364887,0.00172281734729258,7.53294378013383,1,1,0,0.87495182812491
138,15,6801,0.0001,120,5.79358384659828,7.20096444074285,58.9217748425493,1,1,1,0.87495182812491
138,15,7601,1e-08,3,1.39503027082501e-08,9.65091292901854e-06,9.78388820305474e-06,1,0,0,0.755446431641715
138,15,7601,1e-08,10.2,2.24981340285051e-05,0.000139344513595388,3.0701926526387e-05,1,0,0,0.755446431641715
138,15,7601,1e-08,30,0.000957002753056352,0.00242031229349451,0.00022036857811208,0,0,0,0.755446431641715
138,15,7601,1e-08,60,0.00799433013063654,0.0155356092584926,0.001160888145643,0,0,0,0.755446431641715
138,15,7601,1e-08,120,0.139672783257069,0.196159101554551,0.00737909542410409,0,0,0,0.755446431641715
138,15,7601,1e-06,3,1.93513246058017e-05,9.65091292901854e-06,8.40741847535785e-05,1,0,0,0.729564938911067
138,15,7601,1e-06,10.2,2.78982911369111e-05,0.000139344513595388,0.000801581202199402,1,0,0,0.729564938911067
138,15,7601,1e-06,30,3.32170042184931e-05,0.00242031229349451,0.0121645920110148,1,0,0,0.729564938911067
138,15,7601,1e-06,60,0.00170478726077899,0.0155356092584926,0.0840083161455725,1,0,0,0.729564938911067
138,15,7601,1e-06,120,0.0782357032041544,0.196159101554551,0.622782900887812,1,0,0,0.729564938911067
138,15,7601,0.0001,3,1.21281448686768e-05,9.65091292901854e-06,0.00201027975025284,1,0,0,0.670969775172174
138,15,7601,0.0001,10.2,4.18964724922865e-07,0.000139344513595388,0.0457343308175817,1,0,0,0.670969775172174
138,15,7601,0.0001,30,0.000649102118303998,0.00242031229349451,0.984502341602683,1,0,0,0.670969775172174
138,15,7601,0.0001,60,0.00670586600436106,0.0155356092584926,7.53294378013383,1,1,0,0.670969775172174
138,15,7601,0.0001,120,0.13110133325424,0.196159101554551,58.9217748425493,1,1,0,0.670969775172174
138,16,6001,1e-08,3,2.54591949353163e-07,7.53863817036648e-06,9.78388820305474e-06,1,0,0,0.938379068983001
138,16,6001,1e-08,10.2,1.64581652680595e-06,0.00182006877652708,3.0701926526387e-05,1,0,0,0.938379068983001
138,16,6001,1e-08,30,2.88880573927721e-05,0.0229853706304283,0.00022036857811208,1,0,0,0.938379068983001
138,16,6001,1e-08,60,0.00702447107430095,0.0489709513392695,0.001160888145643,0,0,0,0.938379068983001
138,16,6001,1e-08,120,0.898432659349408,0.105630267727027,0.00737909542410409,0,0,0,0.938379068983001
138,16,6001,1e-06,3,3.51226413085141e-06,7.53863817036648e-06,8.40741847535785e-05,1,0,0,0.914933210228167
138,16,6001,1e-06,10.2,3.23916705024088e-05,0.00182006877652708,0.000801581202199402,1,0,0,0.914933210228167
138,16,6001,1e-06,30,0.000236088893118572,0.0229853706304283,0.0121645920110148,1,0,0,0.914933210228167
138,16,6001,1e-06,60,0.00427247810028224,0.0489709513392695,0.0840083161455725,1,0,0,0.914933210228167
138,16,6001,1e-06,120,0.832645223567752,0.105630267727027,0.622782900887812,1,0,0,0.914933210228167
138,16,6001,0.0001,3,0.000140577109292711,7.53863817036648e-06,0.00201027975025284,1,0,0,0.77923000455877
138,16,6001,0.0001,10.2,0.00123543734077951,0.00182006877652708,0.0457343308175817,1,0,0,0.77923000455877
138,16,6001,0.0001,30,0.0100052373589587,0.0229853706304283,0.984502341602683,1,0,0,0.77923000455877
138,16,6001,0.0001,60,0.0862667061547615,0.0489709513392695,7.53294378013383,1,1,0,0.77923000455877
138,16,6001,0.0001,120,1.86801777425831,0.105630267727027,58.9217748425493,1,1,0,0.77923000455877
138,16,6801,1e-08,3,0.000269924332723108,1.76176244130774e-06,9.78388820305474e-06,0,0,0,372.321531255178
138,16,6801,1e-08,10.2,0.00101158752878097,1.1622922481912e-05,3.0701926526387e-05,0,0,0,372.321531255178
138,16,6801,1e-08,30,0.00354352081352754,0.000960813848399292,0.00022036857811208,0,0,0,372.321531255178
138,16,6801,1e-08,60,0.00178059902776467,0.0174583415109312,0.001160888145643,1,0,0,372.321531255178
138,16,6801,1e-08,120,0.00411929416852884,0.164928792656488,0.00737909542410409,1,0,0,372.321531255178
138,16,6801,1e-06,3,3.64263355325013e-05,1.76176244130774e-06,8.40741847535785e-05,1,0,0,0.991123619724823
138,16,6801,1e-06,10.2,7.99003511653935e-05,1.1622922481912e-05,0.000801581202199402,1,0,0,0.991123619724823
138,16,6801,1e-06,30,5.57185726075699e-06,0.000960813848399292,0.0121645920110148,1,0,0,0.991123619724823
138,16,6801,1e-06,60,0.00448095191862877,0.0174583415109312,0.0840083161455725,1,0,0,0.991123619724823
138,16,6801,1e-06,120,0.0768724963413581,0.164928792656488,0.622782900887812,1,0,0,0.991123619724823
138,16,6801,0.0001,3,9.91438517479285e-05,1.76176244130774e-06,0.00201027975025284,1,0,0,0.824709586025838
138,16,6801,0.0001,10.2,0.000248820312753226,1.1622922481912e-05,0.0457343308175817,1,0,0,0.824709586025838
138,16,6801,0.0001,30,0.000296128663219929,0.000960813848399292,0.984502341602683,1,0,0,0.824709586025838
138,16,6801,0.0001,60,0.00159614166036285,0.0174583415109312,7.53294378013383,1,1,0,0.824709586025838
138,16,6801,0.0001,120,0.0510715735018323,0.164928792656488,58.9217748425493,1,1,0,0.824709586025838
138,16,7601,1e-08,3,6.97260516315103,2.99867046516997e-05,9.78388820305474e-06,0,0,0,756.582672415636
138,16,7601,1e-08,10.2,6.62546394549804,0.000642526359733512,3.0701926526387e-05,0,0,0,756.582672415636
138,16,7601,1e-08,30,5.74161520979086,0.00726533459166572,0.00022036857811208,0,0,0,756.582672415636
138,16,7601,1e-08,60,4.52154549836702,0.0308508648899653,0.001160888145643,0,0,0,756.582672415636
138,16,7601,1e-08,120,3.07027635968391,0.272311469354488,0.00737909542410409,0,0,0,756.582672415636
138,16,7601,1e-06,3,3.81474113767862,2.99867046516997e-05,8.40741847535785e-05,0,0,0,669.017075403536
138,16,7601,1e-06,10.2,0.963707365391468,0.000642526359733512,0.000801581202199402,0,0,0,669.017075403536
138,16,7601,1e-06,30,2.8377478895577,0.00726533459166572,0.0121645920110148,0,0,0,669.017075403536
138,16,7601,1e-06,60,0.311945850303811,0.0308508648899653,0.0840083161455725,1,0,0,669.017075403536
138,16,7601,1e-06,120,1.15159192253884,0.272311469354488,0.622782900887812,1,0,0,669.017075403536
138,16,7601,0.0001,3,3.51251557863539,2.99867046516997e-05,0.00201027975025284,0,0,0,453.500068104332
138,16,7601,0.0001,10.2,5.60431776116524,0.000642526359733512,0.0457343308175817,0,0,0,453.500068104332
138,16,7601,0.0001,30,2.79295397025137,0.00726533459166572,0.984502341602683,1,0,0,453.500068104332
138,16,7601,0.0001,60,1.81873699363065,0.0308508648899653,7.53294378013383,1,1,0,453.500068104332
138,16,7601,0.0001,120,1.61400308240093,0.272311469354488,58.9217748425493,1,1,0,453.500068104332
138,17,6001,1e-08,3,1.59154130763711e-05,6.93922245435843e-06,9.78388820305474e-06,1,0,0,1.22996198372865
138,17,6001,1e-08,10.2,5.42174075193489e-05,0.000399261166060624,3.0701926526387e-05,1,0,0,1.22996198372865
138,17,6001,1e-08,30,6.00092283129964e-06,0.00753033644200731,0.00022036857811208,1,0,0,1.22996198372865
138,17,6001,1e-08,60,0.00976781258441227,0.0726292019263336,0.001160888145643,0,0,0,1.22996198372865
138,17,6001,1e-08,120,0.206976401918524,0.637264303883891,0.00737909542410409,0,0,0,1.22996198372865
138,17,6001,1e-06,3,9.54535990557954e-06,6.93922245435843e-06,8.40741847535785e-05,1,0,0,1.15153704917431
138,17,6001,1e-06,10.2,4.15268850440639e-05,0.000399261166060624,0.000801581202199402,1,0,0,1.15153704917431
138,17,6001,1e-06,30,1.17083158344924e-05,0.00753033644200731,0.0121645920110148,1,0,0,1.15153704917431
138,17,6001,1e-06,60,0.00997692107897148,0.0726292019263336,0.0840083161455725,1,0,0,1.15153704917431
138,17,6001,1e-06,120,0.20808135036403,0.637264303883891,0.622782900887812,1,0,0,1.15153704917431
138,17,6001,0.0001,3,0.000501811812111891,6.93922245435843e-06,0.00201027975025284,1,0,0,1.0317190944466
138,17,6001,0.0001,10.2,0.00415788788834114,0.000399261166060624,0.0457343308175817,1,0,0,1.0317190944466
138,17,6001,0.0001,30,0.0259571325887973,0.00753033644200731,0.984502341602683,1,0,0,1.0317190944466
138,17,6001,0.0001,60,0.0510793924733693,0.0726292019263336,7.53294378013383,1,1,0,1.0317190944466
138,17,6001,0.0001,120,0.0370365997273092,0.637264303883891,58.9217748425493,1,1,0,1.0317190944466
138,17,6801,1e-08,3,6.83502242389118e-05,0.000136312759489589,9.78388820305474e-06,0,0,0,2.94307433091012
138,17,6801,1e-08,10.2,0.000370592633330756,0.00171762022167684,3.0701926526387e-05,0,0,0,2.94307433091012
138,17,6801,1e-08,30,0.00780945048544057,0.00712209886572816,0.00022036857811208,0,0,0,2.94307433091012
138,17,6801,1e-08,60,0.108539573505041,0.000171902931932023,0.001160888145643,0,0,0,2.94307433091012
138,17,6801,1e-08,120,1.49212143106207,0.290906625700767,0.00737909542410409,0,0,0,2.94307433091012
138,17,6801,1e-06,3,1.15987674347542e-05,0.000136312759489589,8.40741847535785e-05,1,0,0,1.0666458515066
138,17,6801,1e-06,10.2,2.40607294667882e-10,0.00171762022167684,0.000801581202199402,1,0,0,1.0666458515066
138,17,6801,1e-06,30,0.00232551178212904,0.00712209886572816,0.0121645920110148,1,0,0,1.0666458515066
138,17,6801,1e-06,60,0.0663926273107739,0.000171902931932023,0.0840083161455725,1,0,0,1.0666458515066
138,17,6801,1e-06,120,1.18039958908105,0.290906625700767,0.622782900887812,1,0,0,1.0666458515066
138,17,6801,0.0001,3,0.00011101751066552,0.000136312759489589,0.00201027975025284,1,0,0,0.94915734913397
138,17,6801,0.0001,10.2,0.0016708554540872,0.00171762022167684,0.0457343308175817,1,0,0,0.94915734913397
138,17,6801,0.0001,30,0.0266427601385856,0.00712209886572816,0.984502341602683,1,0,0,0.94915734913397
138,17,6801,0.0001,60,0.235185714518476,0.000171902931932023,7.53294378013383,1,1,0,0.94915734913397
138,17,6801,0.0001,120,2.36646646849886,0.290906625700767,58.9217748425493,1,1,0,0.94915734913397
138,17,7601,1e-08,3,0.246856801760714,0.00523535957869662,9.78388820305474e-06,0,0,0,830.669622942103
138,17,7601,1e-08,10.2,1.49240230190086,0.025342138963766,3.0701926526387e-05,0,0,0,830.669622942103
138,17,7601,1e-08,30,8.17845375411483,0.0358816464781037,0.00022036857811208,0,0,0,830.669622942103
138,17,7601,1e-08,60,0.272804736318614,0.0357603158110983,0.001160888145643,0,0,0,830.669622942103
138,17,7601,1e-08,120,0.0624495140999811,2.07849082487732,0.00737909542410409,0,0,0,830.669622942103
138,17,7601,1e-06,3,0.00901157447121096,0.00523535957869662,8.40741847535785e-05,0,0,0,56.1858201727785
138,17,7601,1e-06,10.2,0.0828931940182612,0.025342138963766,0.000801581202199402,0,0,0,56.1858201727785
138,17,7601,1e-06,30,1.05510120025338,0.0358816464781037,0.0121645920110148,0,0,0,56.1858201727785
138,17,7601,1e-06,60,4.81106282753882,0.0357603158110983,0.0840083161455725,0,0,0,56.1858201727785
138,17,7601,1e-06,120,9.06335979471711,2.07849082487732,0.622782900887812,0,0,0,56.1858201727785
138,17,7601,0.0001,3,0.00031871947040806,0.00523535957869662,0.00201027975025284,1,0,0,1.70334865935147
138,17,7601,0.0001,10.2,0.014693497292615,0.025342138963766,0.0457343308175817,1,0,0,1.70334865935147
138,17,7601,0.0001,30,0.377039491096074,0.0358816464781037,0.984502341602683,1,0,0,1.70334865935147
138,17,7601,0.0001,60,1.97924812296233,0.0357603158110983,7.53294378013383,1,1,0,1.70334865935147
138,17,7601,0.0001,120,3.02505139281081,2.07849082487732,58.9217748425493,1,1,0,1.70334865935147
138,18,6001,1e-08,3,0.00320066736850362,0.000272901359625443,9.78388820305474e-06,0,0,0,20.9070572683101
138,18,6001,1e-08,10.2,0.0129156731149955,0.00325734636914485,3.0701926526387e-05,0,0,0,20.9070572683101
138,18,6001,1e-08,30,0.0809036012561899,0.0239496108157608,0.00022036857811208,0,0,0,20.9070572683101
138,18,6001,1e-08,60,0.173265941763192,0.184655443615368,0.001160888145643,0,0,0,20.9070572683101
138,18,6001,1e-08,120,0.18029880280452,1.52498521600555,0.00737909542410409,0,0,0,20.9070572683101
138,18,6001,1e-06,3,0.000142408858813685,0.000272901359625443,8.40741847535785e-05,1,0,0,1.28523960856596
138,18,6001,1e-06,10.2,0.0018012337035349,0.00325734636914485,0.000801581202199402,1,0,0,1.28523960856596
138,18,6001,1e-06,30,0.0196489951912532,0.0239496108157608,0.0121645920110148,1,0,0,1.28523960856596
138,18,6001,1e-06,60,0.0260186238188904,0.184655443615368,0.0840083161455725,1,0,0,1.28523960856596
138,18,6001,1e-06,120,0.00267398645152623,1.52498521600555,0.622782900887812,1,0,0,1.28523960856596
138,18,6001,0.0001,3,0.000168094673500391,0.000272901359625443,0.00201027975025284,1,0,0,0.933332840548159
138,18,6001,0.0001,10.2,0.00195848728909287,0.00325734636914485,0.0457343308175817,1,0,0,0.933332840548159
138,18,6001,0.0001,30,0.0207763086986565,0.0239496108157608,0.984502341602683,1,0,0,0.933332840548159
138,18,6001,0.0001,60,0.0284014347238318,0.184655443615368,7.53294378013383,1,1,0,0.933332840548159
138,18,6001,0.0001,120,0.00144153627288811,1.52498521600555,58.9217748425493,1,1,0,0.933332840548159
138,18,6801,1e-08,3,2.11665887989818e-06,0.000104335876005701,9.78388820305474e-06,1,0,0,0.797084734300233
138,18,6801,1e-08,10.2,2.55199779818569e-06,0.000139107293681656,3.0701926526387e-05,1,0,0,0.797084734300233
138,18,6801,1e-08,30,0.0352154057095989,0.0301051447801401,0.00022036857811208,0,0,0,0.797084734300233
138,18,6801,1e-08,60,1.70780591342407,1.6555777565259,0.001160888145643,0,0,0,0.797084734300233
138,18,6801,1e-08,120,5.87298258512047,5.71835708621436,0.00737909542410409,0,0,0,0.797084734300233
138,18,6801,1e-06,3,5.50073880296307e-05,0.000104335876005701,8.40741847535785e-05,1,0,0,0.772646805905478
138,18,6801,1e-06,10.2,0.000265203378564955,0.000139107293681656,0.000801581202199402,1,0,0,0.772646805905478
138,18,6801,1e-06,30,0.0221933453253167,0.0301051447801401,0.0121645920110148,1,0,0,0.772646805905478
138,18,6801,1e-06,60,1.51730619995496,1.6555777565259,0.0840083161455725,0,0,0,0.772646805905478
138,18,6801,1e-06,120,5.17866726332051,5.71835708621436,0.622782900887812,0,0,0,0.772646805905478
138,18,6801,0.0001,3,0.00085925672157726,0.000104335876005701,0.00201027975025284,1,0,0,0.668168010637552
138,18,6801,0.0001,10.2,0.00597906783522081,0.000139107293681656,0.0457343308175817,1,0,0,0.668168010637552
138,18,6801,0.0001,30,0.000388415313854304,0.0301051447801401,0.984502341602683,1,0,0,0.668168010637552
138,18,6801,0.0001,60,0.810020723320994,1.6555777565259,7.53294378013383,1,1,0,0.668168010637552
138,18,6801,0.0001,120,2.61694906364713,5.71835708621436,58.9217748425493,1,1,0,0.668168010637552
138,18,7601,1e-08,3,0.000726014509787618,4.29204530349387e-05,9.78388820305474e-06,0,0,0,22.064226751075
138,18,7601,1e-08,10.2,0.000509847635154787,0.0030698761532587,3.0701926526387e-05,0,0,0,22.064226751075
138,18,7601,1e-08,30,0.643739067930697,0.694421230846496,0.00022036857811208,0,0,0,22.064226751075
138,18,7601,1e-08,60,5.0915733069188,5.2196180223969,0.001160888145643,0,0,0,22.064226751075
138,18,7601,1e-08,120,9.70102872967779,9.56064134086539,0.00737909542410409,0,0,0,22.064226751075
138,18,7601,1e-06,3,2.69472602017017e-07,4.29204530349387e-05,8.40741847535785e-05,1,0,0,1.32983819906786
138,18,7601,1e-06,10.2,0.00381619929436335,0.0030698761532587,0.000801581202199402,0,0,0,1.32983819906786
138,18,7601,1e-06,30,0.763511792347741,0.694421230846496,0.0121645920110148,0,0,0,1.32983819906786
138,18,7601,1e-06,60,5.64914111524783,5.2196180223969,0.0840083161455725,0,0,0,1.32983819906786
138,18,7601,1e-06,120,8.38995291309815,9.56064134086539,0.622782900887812,0,0,0,1.32983819906786
138,18,7601,0.0001,3,0.000392703327300467,4.29204530349387e-05,0.00201027975025284,1,0,0,0.761569522288179
138,18,7601,0.0001,10.2,0.0137832290580974,0.0030698761532587,0.0457343308175817,1,0,0,0.761569522288179
138,18,7601,0.0001,30,1.05950559779663,0.694421230846496,0.984502341602683,1,0,0,0.761569522288179
138,18,7601,0.0001,60,7.20221430942802,5.2196180223969,7.53294378013383,1,1,0,0.761569522288179
138,18,7601,0.0001,120,5.22990329989424,9.56064134086539,58.9217748425493,1,1,0,0.761569522288179
138,19,6001,1e-08,3,1.35883268822468e-05,2.79404779414107e-06,9.78388820305474e-06,1,0,0,1.14196713720572
138,19,6001,1e-08,10.2,0.000179439453695141,0.000144426020904707,3.0701926526387e-05,0,0,0,1.14196713720572
138,19,6001,1e-08,30,0.00523413143181363,0.000303175647410063,0.00022036857811208,0,0,0,1.14196713720572
138,19,6001,1e-08,60,3.77890705818393,3.08595252282535,0.001160888145643,0,0,0,1.14196713720572
138,19,6001,1e-08,120,7.09379753410456,9.27604142069548,0.00737909542410409,0,0,0,1.14196713720572
138,19,6001,1e-06,3,3.73716497502519e-07,2.79404779414107e-06,8.40741847535785e-05,1,0,0,1.0477394170486
138,19,6001,1e-06,10.2,2.12138068981535e-06,0.000144426020904707,0.000801581202199402,1,0,0,1.0477394170486
138,19,6001,1e-06,30,0.00155191191440009,0.000303175647410063,0.0121645920110148,1,0,0,1.0477394170486
138,19,6001,1e-06,60,3.53120009536656,3.08595252282535,0.0840083161455725,0,0,0,1.0477394170486
138,19,6001,1e-06,120,7.79464677143323,9.27604142069548,0.622782900887812,0,0,0,1.0477394170486
138,19,6001,0.0001,3,7.26741013818969e-05,2.79404779414107e-06,0.00201027975025284,1,0,0,1.0095316130778
138,19,6001,0.0001,10.2,0.000267949504662392,0.000144426020904707,0.0457343308175817,1,0,0,1.0095316130778
138,19,6001,0.0001,30,3.23709169221004e-05,0.000303175647410063,0.984502341602683,1,0,0,1.0095316130778
138,19,6001,0.0001,60,3.21400494802042,3.08595252282535,7.53294378013383,1,1,0,1.0095316130778
138,19,6001,0.0001,120,8.76677616212535,9.27604142069548,58.9217748425493,1,1,0,1.0095316130778
138,19,6801,1e-08,3,5.03049363443748e-07,5.77188543471095e-05,9.78388820305474e-06,1,0,0,0.912813988265772
138,19,6801,1e-08,10.2,4.53973891225711e-06,2.40770969982212e-05,3.0701926526387e-05,1,0,0,0.912813988265772
138,19,6801,1e-08,30,5.70799218916077e-05,9.53174300340835e-07,0.00022036857811208,1,0,0,0.912813988265772
138,19,6801,1e-08,60,0.000342909622943376,5.10703416851372e-05,0.001160888145643,1,0,0,0.912813988265772
138,19,6801,1e-08,120,7.56529740706979,7.89856299152287,0.00737909542410409,0,0,1,0.912813988265772
138,19,6801,1e-06,3,3.21463118870076e-09,5.77188543471095e-05,8.40741847535785e-05,1,0,0,0.832992558356788
138,19,6801,1e-06,10.2,7.57436823060489e-07,2.40770969982212e-05,0.000801581202199402,1,0,0,0.832992558356788
138,19,6801,1e-06,30,3.62515630374661e-06,9.53174300340835e-07,0.0121645920110148,1,0,0,0.832992558356788
138,19,6801,1e-06,60,5.27575551055149e-07,5.10703416851372e-05,0.0840083161455725,1,0,0,0.832992558356788
138,19,6801,1e-06,120,7.7803219157914,7.89856299152287,0.622782900887812,0,0,1,0.832992558356788
138,19,6801,0.0001,3,0.000238463123842995,5.77188543471095e-05,0.00201027975025284,1,0,0,0.732316099398047
138,19,6801,0.0001,10.2,0.00238041740629471,2.40770969982212e-05,0.0457343308175817,1,0,0,0.732316099398047
138,19,6801,0.0001,30,0.0201668701323204,9.53174300340835e-07,0.984502341602683,1,0,0,0.732316099398047
138,19,6801,0.0001,60,0.0817944162139888,5.10703416851372e-05,7.53294378013383,1,1,0,0.732316099398047
138,19,6801,0.0001,120,4.91500163574403,7.89856299152287,58.9217748425493,1,1,1,0.732316099398047
138,19,7601,1e-08,3,0.00010853593160024,0.000924226460588664,9.78388820305474e-06,0,0,0,1.0010993480612
138,19,7601,1e-08,10.2,0.000461927924029144,0.00506815414313971,3.0701926526387e-05,0,0,0,1.0010993480612
138,19,7601,1e-08,30,0.00658758334612592,0.0451901760113039,0.00022036857811208,0,0,0,1.0010993480612
138,19,7601,1e-08,60,0.0430674610055063,0.214144197620076,0.001160888145643,0,0,0,1.0010993480612
138,19,7601,1e-08,120,8.4135925814191,8.29271388886236,0.00737909542410409,0,0,0,1.0010993480612
138,19,7601,1e-06,3,3.71990342161094e-05,0.000924226460588664,8.40741847535785e-05,1,0,0,0.929358901958288
138,19,7601,1e-06,10.2,0.000199026681330295,0.00506815414313971,0.000801581202199402,1,0,0,0.929358901958288
138,19,7601,1e-06,30,0.00427035578252564,0.0451901760113039,0.0121645920110148,1,0,0,0.929358901958288
138,19,7601,1e-06,60,0.0320183013028808,0.214144197620076,0.0840083161455725,1,0,0,0.929358901958288
138,19,7601,1e-06,120,8.10244838584348,8.29271388886236,0.622782900887812,0,0,0,0.929358901958288
138,19,7601,0.0001,3,0.000543669319067254,0.000924226460588664,0.00201027975025284,1,0,0,0.857232158765872
138,19,7601,0.0001,10.2,0.00422161910911944,0.00506815414313971,0.0457343308175817,1,0,0,0.857232158765872
138,19,7601,0.0001,30,0.0435757953734478,0.0451901760113039,0.984502341602683,1,0,0,0.857232158765872
138,19,7601,0.0001,60,0.213942938993616,0.214144197620076,7.53294378013383,1,1,0,0.857232158765872
138,19,7601,0.0001,120,8.25238507806653,8.29271388886236,58.9217748425493,1,1,0,0.857232158765872
138,20,6001,1e-08,3,0.000899596716798602,0.00886866072604607,9.78388820305474e-06,0,0,0,11.4226879286882
138,20,6001,1e-08,10.2,0.00104750029774715,0.095429666185713,3.0701926526387e-05,0,0,0,11.4226879286882
138,20,6001,1e-08,30,0.0155941538602623,0.541250012684715,0.00022036857811208,0,0,0,11.4226879286882
138,20,6001,1e-08,60,0.668183171555382,0.861239960483293,0.001160888145643,0,0,0,11.4226879286882
138,20,6001,1e-08,120,9.3232384120171,0.213277471633899,0.00737909542410409,0,0,0,11.4226879286882
138,20,6001,1e-06,3,0.000106897643419558,0.00886866072604607,8.40741847535785e-05,1,0,0,1.30537366337177
138,20,6001,1e-06,10.2,0.00130497386895703,0.095429666185713,0.000801581202199402,1,0,0,1.30537366337177
138,20,6001,1e-06,30,0.0733316492935613,0.541250012684715,0.0121645920110148,0,0,0,1.30537366337177
138,20,6001,1e-06,60,1.16784262668313,0.861239960483293,0.0840083161455725,0,0,0,1.30537366337177
138,20,6001,1e-06,120,7.46328756142468,0.213277471633899,0.622782900887812,0,0,0,1.30537366337177
138,20,6001,0.0001,3,4.86467080075836e-05,0.00886866072604607,0.00201027975025284,1,0,0,1.14779657510573
138,20,6001,0.0001,10.2,0.000251329829509769,0.095429666185713,0.0457343308175817,1,0,0,1.14779657510573
138,20,6001,0.0001,30,0.0152508872275804,0.541250012684715,0.984502341602683,1,0,0,1.14779657510573
138,20,6001,0.0001,60,0.622411863293872,0.861239960483293,7.53294378013383,1,1,0,1.14779657510573
138,20,6001,0.0001,120,8.82494168178129,0.213277471633899,58.9217748425493,1,1,0,1.14779657510573
138,20,6801,1e-08,3,2.14808161364545e-06,3.55401426519929e-05,9.78388820305474e-06,1,0,0,1.34935277190298
138,20,6801,1e-08,10.2,6.70786823890887e-06,0.000137650921696356,3.0701926526387e-05,1,0,0,1.34935277190298
138,20,6801,1e-08,30,7.79578773076526e-05,0.000598045092769263,0.00022036857811208,1,0,0,1.34935277190298
138,20,6801,1e-08,60,0.000579405450736109,0.00143972116386791,0.001160888145643,1,0,0,1.34935277190298
138,20,6801,1e-08,120,3.41486760539133,3.8707055194502,0.00737909542410409,0,0,1,1.34935277190298
138,20,6801,1e-06,3,4.01273003073974e-05,3.55401426519929e-05,8.40741847535785e-05,1,0,0,1.26651395467066
138,20,6801,1e-06,10.2,0.000188675540204218,0.000137650921696356,0.000801581202199402,1,0,0,1.26651395467066
138,20,6801,1e-06,30,0.000957406675739248,0.000598045092769263,0.0121645920110148,1,0,0,1.26651395467066
138,20,6801,1e-06,60,0.00262389703763661,0.00143972116386791,0.0840083161455725,1,0,0,1.26651395467066
138,20,6801,1e-06,120,3.97714395791154,3.8707055194502,0.622782900887812,0,0,1,1.26651395467066
138,20,6801,0.0001,3,0.000668850615948941,3.55401426519929e-05,0.00201027975025284,1,0,0,1.18711129348981
138,20,6801,0.0001,10.2,0.00455894600729735,0.000137650921696356,0.0457343308175817,1,0,0,1.18711129348981
138,20,6801,0.0001,30,0.032016460100236,0.000598045092769263,0.984502341602683,1,0,0,1.18711129348981
138,20,6801,0.0001,60,0.116929051275367,0.00143972116386791,7.53294378013383,1,1,0,1.18711129348981
138,20,6801,0.0001,120,6.60733473406993,3.8707055194502,58.9217748425493,1,1,1,1.18711129348981
138,20,7601,1e-08,3,2.23530927541449e-05,0.000387645858628576,9.78388820305474e-06,1,0,0,1.01254342229046
138,20,7601,1e-08,10.2,0.000152767313273805,0.00286102749962605,3.0701926526387e-05,0,0,0,1.01254342229046
138,20,7601,1e-08,30,0.00423466896960548,0.0317426180152891,0.00022036857811208,0,0,0,1.01254342229046
138,20,7601,1e-08,60,0.0691511164883078,0.235311283910742,0.001160888145643,0,0,0,1.01254342229046
138,20,7601,1e-08,120,8.88932039076932,8.188185857461,0.00737909542410409,0,0,0,1.01254342229046
138,20,7601,1e-06,3,3.30745820228257e-05,0.000387645858628576,8.40741847535785e-05,1,0,0,0.885970848787457
138,20,7601,1e-06,10.2,8.712625351928e-05,0.00286102749962605,0.000801581202199402,1,0,0,0.885970848787457
138,20,7601,1e-06,30,0.000157220726306557,0.0317426180152891,0.0121645920110148,1,0,0,0.885970848787457
138,20,7601,1e-06,60,0.0267979741610524,0.235311283910742,0.0840083161455725,1,0,0,0.885970848787457
138,20,7601,1e-06,120,7.7772496712026,8.188185857461,0.622782900887812,0,0,0,0.885970848787457
138,20,7601,0.0001,3,1.66440307403029e-05,0.000387645858628576,0.00201027975025284,1,0,0,0.821039874126477
138,20,7601,0.0001,10.2,0.00069012727485743,0.00286102749962605,0.0457343308175817,1,0,0,0.821039874126477
138,20,7601,0.0001,30,0.0141659380654443,0.0317426180152891,0.984502341602683,1,0,0,0.821039874126477
138,20,7601,0.0001,60,0.142561435866364,0.235311283910742,7.53294378013383,1,1,0,0.821039874126477
138,20,7601,0.0001,120,9.39888764682118,8.188185857461,58.9217748425493,1,1,0,0.821039874126477
139,1,6001,1e-08,3,0.000299311895050761,0.000208807932296014,9.78388820305474e-06,0,0,0,254.035358538785
139,1,6001,1e-08,10.2,0.000397963685352315,3.19290069812379e-05,3.0701926526387e-05,0,0,0,254.035358538785
139,1,6001,1e-08,30,3.96705516604763e-05,0.00271221449708581,0.00022036857811208,1,0,0,254.035358538785
139,1,6001,1e-08,60,0.00209297740886208,0.0193848722305471,0.001160888145643,1,0,0,254.035358538785
139,1,6001,1e-08,120,0.00202803604509827,0.020691910484389,0.00737909542410409,1,0,0,254.035358538785
139,1,6001,1e-06,3,1.64795287577788e-05,0.000208807932296014,8.40741847535785e-05,1,0,0,1.00578341254672
139,1,6001,1e-06,10.2,0.000287868010786542,3.19290069812379e-05,0.000801581202199402,1,0,0,1.00578341254672
139,1,6001,1e-06,30,0.00739461936376334,0.00271221449708581,0.0121645920110148,1,0,0,1.00578341254672
139,1,6001,1e-06,60,0.036197900566037,0.0193848722305471,0.0840083161455725,1,0,0,1.00578341254672
139,1,6001,1e-06,120,0.0524888315282286,0.020691910484389,0.622782900887812,1,0,0,1.00578341254672
139,1,6001,0.0001,3,6.03002190150473e-05,0.000208807932296014,0.00201027975025284,1,0,0,0.85477622046705
139,1,6001,0.0001,10.2,0.000225106075394641,3.19290069812379e-05,0.0457343308175817,1,0,0,0.85477622046705
139,1,6001,0.0001,30,1.89903704082372e-06,0.00271221449708581,0.984502341602683,1,0,0,0.85477622046705
139,1,6001,0.0001,60,0.000359038466259925,0.0193848722305471,7.53294378013383,1,1,0,0.85477622046705
139,1,6001,0.0001,120,0.0121182617186669,0.020691910484389,58.9217748425493,1,1,0,0.85477622046705
139,1,6801,1e-08,3,0.00371375909173794,7.46447562314599e-05,9.78388820305474e-06,0,0,0,747.292971679295
139,1,6801,1e-08,10.2,0.0119745483279602,2.15456352895084e-06,3.0701926526387e-05,0,0,0,747.292971679295
139,1,6801,1e-08,30,0.0622948909047472,0.000130752751736995,0.00022036857811208,0,0,0,747.292971679295
139,1,6801,1e-08,60,0.221801007373269,0.000483179926826509,0.001160888145643,0,0,0,747.292971679295
139,1,6801,1e-08,120,6.9530569635884,7.2336896988064,0.00737909542410409,0,0,1,747.292971679295
139,1,6801,1e-06,3,9.10868788299892e-05,7.46447562314599e-05,8.40741847535785e-05,1,0,0,1.07554082664962
139,1,6801,1e-06,10.2,0.00046402145695184,2.15456352895084e-06,0.000801581202199402,1,0,0,1.07554082664962
139,1,6801,1e-06,30,0.00376426330718512,0.000130752751736995,0.0121645920110148,1,0,0,1.07554082664962
139,1,6801,1e-06,60,0.0170767815810021,0.000483179926826509,0.0840083161455725,1,0,0,1.07554082664962
139,1,6801,1e-06,120,9.01172707143354,7.2336896988064,0.622782900887812,0,0,1,1.07554082664962
139,1,6801,0.0001,3,0.00107132065240345,7.46447562314599e-05,0.00201027975025284,1,0,0,0.831155169315021
139,1,6801,0.0001,10.2,0.00780329263409489,2.15456352895084e-06,0.0457343308175817,1,0,0,0.831155169315021
139,1,6801,0.0001,30,0.0615390634979925,0.000130752751736995,0.984502341602683,1,0,0,0.831155169315021
139,1,6801,0.0001,60,0.249096068465537,0.000483179926826509,7.53294378013383,1,1,0,0.831155169315021
139,1,6801,0.0001,120,6.49951349128599,7.2336896988064,58.9217748425493,1,1,1,0.831155169315021
139,1,7601,1e-08,3,0.00151273499640357,0.0012044904597437,9.78388820305474e-06,0,0,0,1.76161808085846
139,1,7601,1e-08,10.2,0.00917311171105605,0.0106943005477803,3.0701926526387e-05,0,0,0,1.76161808085846
139,1,7601,1e-08,30,0.166676969556501,0.201077430566402,0.00022036857811208,0,0,0,1.76161808085846
139,1,7601,1e-08,60,1.76466431013969,2.01025109490329,0.001160888145643,0,0,0,1.76161808085846
139,1,7601,1e-08,120,4.37258814418875,5.19403140191562,0.00737909542410409,0,0,0,1.76161808085846
139,1,7601,1e-06,3,0.000278615123158678,0.0012044904597437,8.40741847535785e-05,1,0,0,0.80135804710217
139,1,7601,1e-06,10.2,0.00310824069979762,0.0106943005477803,0.000801581202199402,0,0,0,0.80135804710217
139,1,7601,1e-06,30,0.10190388999613,0.201077430566402,0.0121645920110148,0,0,0,0.80135804710217
139,1,7601,1e-06,60,1.35747819881848,2.01025109490329,0.0840083161455725,0,0,0,0.80135804710217
139,1,7601,1e-06,120,3.16574278722118,5.19403140191562,0.622782900887812,0,0,0,0.80135804710217
139,1,7601,0.0001,3,0.000345564678213693,0.0012044904597437,0.00201027975025284,1,0,0,0.695362887664908
139,1,7601,0.0001,10.2,0.00403188442846346,0.0106943005477803,0.0457343308175817,1,0,0,0.695362887664908
139,1,7601,0.0001,30,0.117684121594719,0.201077430566402,0.984502341602683,1,0,0,0.695362887664908
139,1,7601,0.0001,60,1.472102494779,2.01025109490329,7.53294378013383,1,1,0,0.695362887664908
139,1,7601,0.0001,120,3.52005048761125,5.19403140191562,58.9217748425493,1,1,0,0.695362887664908
139,2,6001,1e-08,3,0.0423327527127369,0.0055618255647693,9.78388820305474e-06,0,0,0,127.174886398684
139,2,6001,1e-08,10.2,0.280753399881906,0.0480818848832054,3.0701926526387e-05,0,0,0,127.174886398684
139,2,6001,1e-08,30,2.62330681906207,0.175313120878151,0.00022036857811208,0,0,0,127.174886398684
139,2,6001,1e-08,60,7.91635651425709,0.272652030019691,0.001160888145643,0,0,0,127.174886398684
139,2,6001,1e-08,120,0.998247868195517,0.379690552619071,0.00737909542410409,0,0,0,127.174886398684
139,2,6001,1e-06,3,0.00339458731018929,0.0055618255647693,8.40741847535785e-05,0,0,0,3.9544741222064
139,2,6001,1e-06,10.2,0.0449757391344341,0.0480818848832054,0.000801581202199402,0,0,0,3.9544741222064
139,2,6001,1e-06,30,0.694803712097459,0.175313120878151,0.0121645920110148,0,0,0,3.9544741222064
139,2,6001,1e-06,60,3.89621569353449,0.272652030019691,0.0840083161455725,0,0,0,3.9544741222064
139,2,6001,1e-06,120,3.67009271519646,0.379690552619071,0.622782900887812,0,0,0,3.9544741222064
139,2,6001,0.0001,3,0.00277404668851011,0.0055618255647693,0.00201027975025284,1,0,0,0.958001477704444
139,2,6001,0.0001,10.2,0.0486032805684083,0.0480818848832054,0.0457343308175817,1,0,0,0.958001477704444
139,2,6001,0.0001,30,0.775072516958647,0.175313120878151,0.984502341602683,1,0,0,0.958001477704444
139,2,6001,0.0001,60,4.32211136775043,0.272652030019691,7.53294378013383,1,1,0,0.958001477704444
139,2,6001,0.0001,120,2.87017361075865,0.379690552619071,58.9217748425493,1,1,0,0.958001477704444
139,2,6801,1e-08,3,0.0553774232522293,0.00848031054116077,9.78388820305474e-06,0,0,0,287.081532297672
139,2,6801,1e-08,10.2,0.489039243925472,0.0572437920688646,3.0701926526387e-05,0,0,0,287.081532297672
139,2,6801,1e-08,30,4.87822547304049,0.168578148337884,0.00022036857811208,0,0,0,287.081532297672
139,2,6801,1e-08,60,2.61610880856332,0.249996354470919,0.001160888145643,0,0,0,287.081532297672
139,2,6801,1e-08,120,8.32467746955698,0.333624947204335,0.00737909542410409,0,0,0,287.081532297672
139,2,6801,1e-06,3,0.00914342932818761,0.00848031054116077,8.40741847535785e-05,0,0,0,9.70612002333954
139,2,6801,1e-06,10.2,0.113971092635233,0.0572437920688646,0.000801581202199402,0,0,0,9.70612002333954
139,2,6801,1e-06,30,1.52871741650266,0.168578148337884,0.0121645920110148,0,0,0,9.70612002333954
139,2,6801,1e-06,60,7.66419515861569,0.249996354470919,0.0840083161455725,0,0,0,9.70612002333954
139,2,6801,1e-06,120,0.122154298318778,0.333624947204335,0.622782900887812,1,0,0,9.70612002333954
139,2,6801,0.0001,3,0.000361468132706249,0.00848031054116077,0.00201027975025284,1,0,0,0.951775842196947
139,2,6801,0.0001,10.2,0.0245342859890709,0.0572437920688646,0.0457343308175817,1,0,0,0.951775842196947
139,2,6801,0.0001,30,0.590563054800514,0.168578148337884,0.984502341602683,1,0,0,0.951775842196947
139,2,6801,0.0001,60,3.48080909029396,0.249996354470919,7.53294378013383,1,1,0,0.951775842196947
139,2,6801,0.0001,120,4.50224075518826,0.333624947204335,58.9217748425493,1,1,0,0.951775842196947
139,2,7601,1e-08,3,4.73356001746425e-06,1.24294589303794e-05,9.78388820305474e-06,1,0,0,1.1233352152815
139,2,7601,1e-08,10.2,1.83549924663996e-05,0.000311214944880903,3.0701926526387e-05,1,0,0,1.1233352152815
139,2,7601,1e-08,30,0.000101232421430837,0.00318525791636147,0.00022036857811208,1,0,0,1.1233352152815
139,2,7601,1e-08,60,0.00337137020541981,0.023860956942882,0.001160888145643,1,0,0,1.1233352152815
139,2,7601,1e-08,120,8.2695285009361,7.17818144430926,0.00737909542410409,0,0,0,1.1233352152815
139,2,7601,1e-06,3,1.71260114713169e-05,1.24294589303794e-05,8.40741847535785e-05,1,0,0,1.08688366821634
139,2,7601,1e-06,10.2,7.47244163078604e-05,0.000311214944880903,0.000801581202199402,1,0,0,1.08688366821634
139,2,7601,1e-06,30,0.000441599168833932,0.00318525791636147,0.0121645920110148,1,0,0,1.08688366821634
139,2,7601,1e-06,60,0.00624185006026415,0.023860956942882,0.0840083161455725,1,0,0,1.08688366821634
139,2,7601,1e-06,120,8.03585752022859,7.17818144430926,0.622782900887812,0,0,0,1.08688366821634
139,2,7601,0.0001,3,0.00025177963246005,1.24294589303794e-05,0.00201027975025284,1,0,0,0.945116155259989
139,2,7601,0.0001,10.2,0.00241080212485809,0.000311214944880903,0.0457343308175817,1,0,0,0.945116155259989
139,2,7601,0.0001,30,0.0197431667128563,0.00318525791636147,0.984502341602683,1,0,0,0.945116155259989
139,2,7601,0.0001,60,0.0574859503525094,0.023860956942882,7.53294378013383,1,1,0,0.945116155259989
139,2,7601,0.0001,120,7.92519789446131,7.17818144430926,58.9217748425493,1,1,0,0.945116155259989
139,3,6001,1e-08,3,0.112760919736702,0.00353700442789275,9.78388820305474e-06,0,0,0,314.929653038118
139,3,6001,1e-08,10.2,0.455394401036999,0.0211140024546418,3.0701926526387e-05,0,0,0,314.929653038118
139,3,6001,1e-08,30,2.9830515546333,0.0683094315825685,0.00022036857811208,0,0,0,314.929653038118
139,3,6001,1e-08,60,7.80489336858953,0.0725320263278185,0.001160888145643,0,0,0,314.929653038118
139,3,6001,1e-08,120,0.745411049068166,0.023334401939216,0.00737909542410409,0,0,0,314.929653038118
139,3,6001,1e-06,3,0.00108824359756536,0.00353700442789275,8.40741847535785e-05,0,0,0,9.12055598265547
139,3,6001,1e-06,10.2,0.0121333307429201,0.0211140024546418,0.000801581202199402,0,0,0,9.12055598265547
139,3,6001,1e-06,30,0.195663115690637,0.0683094315825685,0.0121645920110148,0,0,0,9.12055598265547
139,3,6001,1e-06,60,1.23995857837872,0.0725320263278185,0.0840083161455725,0,0,0,9.12055598265547
139,3,6001,1e-06,120,6.69982481136621,0.023334401939216,0.622782900887812,0,0,0,9.12055598265547
139,3,6001,0.0001,3,0.000818082525646411,0.00353700442789275,0.00201027975025284,1,0,0,0.916288948748563
139,3,6001,0.0001,10.2,0.00323330100167533,0.0211140024546418,0.0457343308175817,1,0,0,0.916288948748563
139,3,6001,0.0001,30,0.000212812727490555,0.0683094315825685,0.984502341602683,1,0,0,0.916288948748563
139,3,6001,0.0001,60,0.0472393230444609,0.0725320263278185,7.53294378013383,1,1,0,0.916288948748563
139,3,6001,0.0001,120,0.662091593529423,0.023334401939216,58.9217748425493,1,1,0,0.916288948748563
139,3,6801,1e-08,3,2.14057008170002e-05,6.35538172888891e-05,9.78388820305474e-06,1,0,0,0.893699361201345
139,3,6801,1e-08,10.2,2.42722261553131e-05,5.76646387265463e-10,3.0701926526387e-05,1,0,0,0.893699361201345
139,3,6801,1e-08,30,2.07154731631939e-05,0.000433173316425047,0.00022036857811208,1,0,0,0.893699361201345
139,3,6801,1e-08,60,3.7205411272498e-07,0.00239493903751548,0.001160888145643,1,0,0,0.893699361201345
139,3,6801,1e-08,120,0.00600905016946605,0.00122105594351545,0.00737909542410409,1,0,0,0.893699361201345
139,3,6801,1e-06,3,8.93048508625972e-06,6.35538172888891e-05,8.40741847535785e-05,1,0,0,0.862709981003699
139,3,6801,1e-06,10.2,1.72162567312196e-07,5.76646387265463e-10,0.000801581202199402,1,0,0,0.862709981003699
139,3,6801,1e-06,30,0.000120438721413578,0.000433173316425047,0.0121645920110148,1,0,0,0.862709981003699
139,3,6801,1e-06,60,0.00092091841751396,0.00239493903751548,0.0840083161455725,1,0,0,0.862709981003699
139,3,6801,1e-06,120,0.0194145480646995,0.00122105594351545,0.622782900887812,1,0,0,0.862709981003699
139,3,6801,0.0001,3,0.000283800699267958,6.35538172888891e-05,0.00201027975025284,1,0,0,0.768265381823223
139,3,6801,0.0001,10.2,0.00344838109191261,5.76646387265463e-10,0.0457343308175817,1,0,0,0.768265381823223
139,3,6801,0.0001,30,0.0306543353182725,0.000433173316425047,0.984502341602683,1,0,0,0.768265381823223
139,3,6801,0.0001,60,0.125855397067183,0.00239493903751548,7.53294378013383,1,1,0,0.768265381823223
139,3,6801,0.0001,120,0.615221607646776,0.00122105594351545,58.9217748425493,1,1,0,0.768265381823223
139,3,7601,1e-08,3,0.000635088654834456,0.0022793211043746,9.78388820305474e-06,0,0,0,1.92556836816507
139,3,7601,1e-08,10.2,0.0040762678345297,0.0245314859298814,3.0701926526387e-05,0,0,0,1.92556836816507
139,3,7601,1e-08,30,0.101777469406193,0.365977809387653,0.00022036857811208,0,0,0,1.92556836816507
139,3,7601,1e-08,60,1.92189108995562,3.86090257591395,0.001160888145643,0,0,0,1.92556836816507
139,3,7601,1e-08,120,9.65049478970957,4.05114587906582,0.00737909542410409,0,0,0,1.92556836816507
139,3,7601,1e-06,3,0.000161890266582417,0.0022793211043746,8.40741847535785e-05,1,0,0,1.04864695879224
139,3,7601,1e-06,10.2,0.00174842034753216,0.0245314859298814,0.000801581202199402,1,0,0,1.04864695879224
139,3,7601,1e-06,30,0.0732894616802335,0.365977809387653,0.0121645920110148,0,0,0,1.04864695879224
139,3,7601,1e-06,60,1.68534456658912,3.86090257591395,0.0840083161455725,0,0,0,1.04864695879224
139,3,7601,1e-06,120,8.63649660237535,4.05114587906582,0.622782900887812,0,0,0,1.04864695879224
139,3,7601,0.0001,3,9.636263794748e-05,0.0022793211043746,0.00201027975025284,1,0,0,0.88908379242341
139,3,7601,0.0001,10.2,0.00130588473679252,0.0245314859298814,0.0457343308175817,1,0,0,0.88908379242341
139,3,7601,0.0001,30,0.0662680829055951,0.365977809387653,0.984502341602683,1,0,0,0.88908379242341
139,3,7601,0.0001,60,1.62147744471884,3.86090257591395,7.53294378013383,1,1,0,0.88908379242341
139,3,7601,0.0001,120,8.35714802295606,4.05114587906582,58.9217748425493,1,1,0,0.88908379242341
139,4,6001,1e-08,3,0.0040547622642287,0.00101054559700673,9.78388820305474e-06,0,0,0,13.4281407438101
139,4,6001,1e-08,10.2,0.0265689996059067,0.0112009916338293,3.0701926526387e-05,0,0,0,13.4281407438101
139,4,6001,1e-08,30,0.242205003804552,0.133564934902748,0.00022036857811208,0,0,0,13.4281407438101
139,4,6001,1e-08,60,0.790728379902565,0.431949949226994,0.001160888145643,0,0,0,13.4281407438101
139,4,6001,1e-08,120,1.56296577782259,0.652123780254286,0.00737909542410409,0,0,0,13.4281407438101
139,4,6001,1e-06,3,0.000591513273086844,0.00101054559700673,8.40741847535785e-05,0,0,0,1.14136766186487
139,4,6001,1e-06,10.2,0.00859131262917553,0.0112009916338293,0.000801581202199402,0,0,0,1.14136766186487
139,4,6001,1e-06,30,0.113371737286909,0.133564934902748,0.0121645920110148,0,0,0,1.14136766186487
139,4,6001,1e-06,60,0.365801326318262,0.431949949226994,0.0840083161455725,0,0,0,1.14136766186487
139,4,6001,1e-06,120,0.501004233932966,0.652123780254286,0.622782900887812,1,0,0,1.14136766186487
139,4,6001,0.0001,3,0.000658892763661584,0.00101054559700673,0.00201027975025284,1,0,0,0.983085205867911
139,4,6001,0.0001,10.2,0.0102595808334362,0.0112009916338293,0.0457343308175817,1,0,0,0.983085205867911
139,4,6001,0.0001,30,0.133408685732874,0.133564934902748,0.984502341602683,1,0,0,0.983085205867911
139,4,6001,0.0001,60,0.440335452479225,0.431949949226994,7.53294378013383,1,1,0,0.983085205867911
139,4,6001,0.0001,120,0.683955124222171,0.652123780254286,58.9217748425493,1,1,0,0.983085205867911
139,4,6801,1e-08,3,0.000173447542703651,0.000817270496236141,9.78388820305474e-06,0,0,0,946.075429626685
139,4,6801,1e-08,10.2,0.000420970410848371,0.00433253069768395,3.0701926526387e-05,0,0,0,946.075429626685
139,4,6801,1e-08,30,0.0103812206002818,0.0322150304933873,0.00022036857811208,0,0,0,946.075429626685
139,4,6801,1e-08,60,0.0380918354650307,0.145701620480479,0.001160888145643,0,0,0,946.075429626685
139,4,6801,1e-08,120,0.155325036435074,0.598735329206969,0.00737909542410409,0,0,0,946.075429626685
139,4,6801,1e-06,3,0.000112192379431167,0.000817270496236141,8.40741847535785e-05,1,0,0,30.865590260949
139,4,6801,1e-06,10.2,0.00036488121150669,0.00433253069768395,0.000801581202199402,1,0,0,30.865590260949
139,4,6801,1e-06,30,0.00289160950970636,0.0322150304933873,0.0121645920110148,1,0,0,30.865590260949
139,4,6801,1e-06,60,0.0185811490739302,0.145701620480479,0.0840083161455725,1,0,0,30.865590260949
139,4,6801,1e-06,120,0.0835297042639646,0.598735329206969,0.622782900887812,1,0,0,30.865590260949
139,4,6801,0.0001,3,0.00017995535813284,0.000817270496236141,0.00201027975025284,1,0,0,0.895118590719112
139,4,6801,0.0001,10.2,0.000792597488603071,0.00433253069768395,0.0457343308175817,1,0,0,0.895118590719112
139,4,6801,0.0001,30,0.00639257095258576,0.0322150304933873,0.984502341602683,1,0,0,0.895118590719112
139,4,6801,0.0001,60,0.0355115236993573,0.145701620480479,7.53294378013383,1,1,0,0.895118590719112
139,4,6801,0.0001,120,0.15449011375324,0.598735329206969,58.9217748425493,1,1,0,0.895118590719112
139,4,7601,1e-08,3,5.21563332472824e-05,0.0122040003346255,9.78388820305474e-06,0,0,0,23.0507083554743
139,4,7601,1e-08,10.2,0.0112691116538646,0.105601172476746,3.0701926526387e-05,0,0,0,23.0507083554743
139,4,7601,1e-08,30,0.498251923892712,0.344769351285576,0.00022036857811208,0,0,0,23.0507083554743
139,4,7601,1e-08,60,4.16775796156479,0.310775229617512,0.001160888145643,0,0,0,23.0507083554743
139,4,7601,1e-08,120,0.0892903926572139,1.88001947784848,0.00737909542410409,0,0,0,23.0507083554743
139,4,7601,1e-06,3,0.000430446415523644,0.0122040003346255,8.40741847535785e-05,0,0,0,1.18246775637406
139,4,7601,1e-06,10.2,0.0127069041988897,0.105601172476746,0.000801581202199402,0,0,0,1.18246775637406
139,4,7601,1e-06,30,0.4806763397111,0.344769351285576,0.0121645920110148,0,0,0,1.18246775637406
139,4,7601,1e-06,60,3.99984893318624,0.310775229617512,0.0840083161455725,0,0,0,1.18246775637406
139,4,7601,1e-06,120,0.0397197607650026,1.88001947784848,0.622782900887812,1,0,0,1.18246775637406
139,4,7601,0.0001,3,0.000152367247254883,0.0122040003346255,0.00201027975025284,1,0,0,0.838855677703462
139,4,7601,0.0001,10.2,0.00898376753638372,0.105601172476746,0.0457343308175817,1,0,0,0.838855677703462
139,4,7601,0.0001,30,0.421375898016471,0.344769351285576,0.984502341602683,1,0,0,0.838855677703462
139,4,7601,0.0001,60,3.67122545250734,0.310775229617512,7.53294378013383,1,1,0,0.838855677703462
139,4,7601,0.0001,120,0.00128817719669483,1.88001947784848,58.9217748425493,1,1,0,0.838855677703462
139,5,6001,1e-08,3,0.00114823898016671,0.000957061993166167,9.78388820305474e-06,0,0,0,221.829764609915
139,5,6001,1e-08,10.2,2.58021606945003e-06,0.000578939035925736,3.0701926526387e-05,1,0,0,221.829764609915
139,5,6001,1e-08,30,0.0564493321818225,0.0211046950196324,0.00022036857811208,0,0,0,221.829764609915
139,5,6001,1e-08,60,1.74260479208551,1.25868430921508,0.001160888145643,0,0,0,221.829764609915
139,5,6001,1e-08,120,6.07881222332543,8.26788008044844,0.00737909542410409,0,0,0,221.829764609915
139,5,6001,1e-06,3,9.54116493047952e-05,0.000957061993166167,8.40741847535785e-05,1,0,0,0.97585942337859
139,5,6001,1e-06,10.2,0.00154244165797032,0.000578939035925736,0.000801581202199402,1,0,0,0.97585942337859
139,5,6001,1e-06,30,0.105344162473391,0.0211046950196324,0.0121645920110148,0,0,0,0.97585942337859
139,5,6001,1e-06,60,2.18122794872161,1.25868430921508,0.0840083161455725,0,0,0,0.97585942337859
139,5,6001,1e-06,120,4.70463536454614,8.26788008044844,0.622782900887812,0,0,0,0.97585942337859
139,5,6001,0.0001,3,9.89683400446719e-05,0.000957061993166167,0.00201027975025284,1,0,0,0.734696625821666
139,5,6001,0.0001,10.2,0.00132388123398769,0.000578939035925736,0.0457343308175817,1,0,0,0.734696625821666
139,5,6001,0.0001,30,0.0987410703673298,0.0211046950196324,0.984502341602683,1,0,0,0.734696625821666
139,5,6001,0.0001,60,2.11782976116143,1.25868430921508,7.53294378013383,1,1,0,0.734696625821666
139,5,6001,0.0001,120,4.89829119683964,8.26788008044844,58.9217748425493,1,1,0,0.734696625821666
139,5,6801,1e-08,3,6.83594136429616e-06,7.03162578854323e-06,9.78388820305474e-06,1,0,0,33.9251332604293
139,5,6801,1e-08,10.2,9.96046677754727e-05,0.000580164874972472,3.0701926526387e-05,1,0,0,33.9251332604293
139,5,6801,1e-08,30,0.00744981994668361,0.0398324372113689,0.00022036857811208,0,0,0,33.9251332604293
139,5,6801,1e-08,60,7.39053287599639,8.71326505422793,0.001160888145643,0,0,0,33.9251332604293
139,5,6801,1e-08,120,6.98182894611085,9.70690199206456,0.00737909542410409,0,0,0,33.9251332604293
139,5,6801,1e-06,3,2.12662984656749e-06,7.03162578854323e-06,8.40741847535785e-05,1,0,0,1.01704715908975
139,5,6801,1e-06,10.2,8.8558481065375e-06,0.000580164874972472,0.000801581202199402,1,0,0,1.01704715908975
139,5,6801,1e-06,30,0.0119681121519642,0.0398324372113689,0.0121645920110148,1,0,0,1.01704715908975
139,5,6801,1e-06,60,7.65079437904213,8.71326505422793,0.0840083161455725,0,0,0,1.01704715908975
139,5,6801,1e-06,120,7.49939578948776,9.70690199206456,0.622782900887812,0,0,0,1.01704715908975
139,5,6801,0.0001,3,0.000731223691384747,7.03162578854323e-06,0.00201027975025284,1,0,0,0.830600870133281
139,5,6801,0.0001,10.2,0.0061013719984091,0.000580164874972472,0.0457343308175817,1,0,0,0.830600870133281
139,5,6801,0.0001,30,0.0104052340282091,0.0398324372113689,0.984502341602683,1,0,0,0.830600870133281
139,5,6801,0.0001,60,5.51372886894735,8.71326505422793,7.53294378013383,1,1,0,0.830600870133281
139,5,6801,0.0001,120,3.63928370205454,9.70690199206456,58.9217748425493,1,1,0,0.830600870133281
139,5,7601,1e-08,3,0.133516270360449,0.0103614529639485,9.78388820305474e-06,0,0,0,329.404627718873
139,5,7601,1e-08,10.2,1.03939561595584,0.463723038323149,3.0701926526387e-05,0,0,0,329.404627718873
139,5,7601,1e-08,30,7.04853891711614,4.4534566891028,0.00022036857811208,0,0,0,329.404627718873
139,5,7601,1e-08,60,7.22346143097071,7.50074690939965,0.001160888145643,0,0,0,329.404627718873
139,5,7601,1e-08,120,0.037867003502397,2.80823711745279,0.00737909542410409,0,0,0,329.404627718873
139,5,7601,1e-06,3,0.000833475487765517,0.0103614529639485,8.40741847535785e-05,0,0,0,23.0646088389519
139,5,7601,1e-06,10.2,0.179150442051747,0.463723038323149,0.000801581202199402,0,0,0,23.0646088389519
139,5,7601,1e-06,30,1.8075207495935,4.4534566891028,0.0121645920110148,0,0,0,23.0646088389519
139,5,7601,1e-06,60,1.44700047314116,7.50074690939965,0.0840083161455725,0,0,0,23.0646088389519
139,5,7601,1e-06,120,2.34598189185917,2.80823711745279,0.622782900887812,1,0,0,23.0646088389519
139,5,7601,0.0001,3,0.00128854156902993,0.0103614529639485,0.00201027975025284,1,0,0,1.69150203923858
139,5,7601,0.0001,10.2,0.199561059116269,0.463723038323149,0.0457343308175817,0,0,0,1.69150203923858
139,5,7601,0.0001,30,1.99684253231788,4.4534566891028,0.984502341602683,1,0,0,1.69150203923858
139,5,7601,0.0001,60,1.7957259885836,7.50074690939965,7.53294378013383,1,1,0,1.69150203923858
139,5,7601,0.0001,120,3.26072831566159,2.80823711745279,58.9217748425493,1,1,0,1.69150203923858
139,6,6001,1e-08,3,0.00147508587845488,0.000418854433315465,9.78388820305474e-06,0,0,0,4.61381659357445
139,6,6001,1e-08,10.2,0.00622060570102121,0.00369541718512756,3.0701926526387e-05,0,0,0,4.61381659357445
139,6,6001,1e-08,30,0.0378775793115229,0.0310308896147417,0.00022036857811208,0,0,0,4.61381659357445
139,6,6001,1e-08,60,0.653445369826592,0.623011456177308,0.001160888145643,0,0,0,4.61381659357445
139,6,6001,1e-08,120,7.30993866455406,7.41965893602787,0.00737909542410409,0,0,0,4.61381659357445
139,6,6001,1e-06,3,0.000117618296048448,0.000418854433315465,8.40741847535785e-05,1,0,0,0.798692745217394
139,6,6001,1e-06,10.2,0.000911588764346636,0.00369541718512756,0.000801581202199402,1,0,0,0.798692745217394
139,6,6001,1e-06,30,0.00772159160131764,0.0310308896147417,0.0121645920110148,1,0,0,0.798692745217394
139,6,6001,1e-06,60,0.376535200474692,0.623011456177308,0.0840083161455725,0,0,0,0.798692745217394
139,6,6001,1e-06,120,9.45191597778506,7.41965893602787,0.622782900887812,0,0,0,0.798692745217394
139,6,6001,0.0001,3,2.26419684428317e-05,0.000418854433315465,0.00201027975025284,1,0,0,0.6997036599306
139,6,6001,0.0001,10.2,0.000240589367314686,0.00369541718512756,0.0457343308175817,1,0,0,0.6997036599306
139,6,6001,0.0001,30,0.00245574281832661,0.0310308896147417,0.984502341602683,1,0,0,0.6997036599306
139,6,6001,0.0001,60,0.291056004985731,0.623011456177308,7.53294378013383,1,1,0,0.6997036599306
139,6,6001,0.0001,120,9.38219568397047,7.41965893602787,58.9217748425493,1,1,0,0.6997036599306
139,6,6801,1e-08,3,5.6767431721595e-06,0.000881342095490872,9.78388820305474e-06,1,0,0,1.77628523145535
139,6,6801,1e-08,10.2,0.000151875228381692,0.00430965265856031,3.0701926526387e-05,0,0,0,1.77628523145535
139,6,6801,1e-08,30,0.00381328641569617,0.0202918916564306,0.00022036857811208,0,0,0,1.77628523145535
139,6,6801,1e-08,60,0.0487711416457078,0.0304909818182653,0.001160888145643,0,0,0,1.77628523145535
139,6,6801,1e-08,120,0.463461396476746,0.00944645059794405,0.00737909542410409,0,0,0,1.77628523145535
139,6,6801,1e-06,3,9.53191875343736e-06,0.000881342095490872,8.40741847535785e-05,1,0,0,0.905361266720722
139,6,6801,1e-06,10.2,1.48187358179943e-05,0.00430965265856031,0.000801581202199402,1,0,0,0.905361266720722
139,6,6801,1e-06,30,0.000260643089792114,0.0202918916564306,0.0121645920110148,1,0,0,0.905361266720722
139,6,6801,1e-06,60,0.0170661348294446,0.0304909818182653,0.0840083161455725,1,0,0,0.905361266720722
139,6,6801,1e-06,120,0.25138320989844,0.00944645059794405,0.622782900887812,1,0,0,0.905361266720722
139,6,6801,0.0001,3,0.000824560855371126,0.000881342095490872,0.00201027975025284,1,0,0,0.74121247761661
139,6,6801,0.0001,10.2,0.0056849548278934,0.00430965265856031,0.0457343308175817,1,0,0,0.74121247761661
139,6,6801,0.0001,30,0.0330106645368567,0.0202918916564306,0.984502341602683,1,0,0,0.74121247761661
139,6,6801,0.0001,60,0.0668399950384925,0.0304909818182653,7.53294378013383,1,1,0,0.74121247761661
139,6,6801,0.0001,120,0.073153090268801,0.00944645059794405,58.9217748425493,1,1,0,0.74121247761661
139,6,7601,1e-08,3,0.000107021866461333,0.000191336208426322,9.78388820305474e-06,0,0,0,1.31581271431692
139,6,7601,1e-08,10.2,0.000158922018979654,0.00443863059959166,3.0701926526387e-05,0,0,0,1.31581271431692
139,6,7601,1e-08,30,0.0034739447581856,0.0179645998486014,0.00022036857811208,0,0,0,1.31581271431692
139,6,7601,1e-08,60,0.240265284674222,0.00750952403936335,0.001160888145643,0,0,0,1.31581271431692
139,6,7601,1e-08,120,6.36208646946643,8.6217332022678,0.00737909542410409,0,0,0,1.31581271431692
139,6,7601,1e-06,3,3.06314522439143e-05,0.000191336208426322,8.40741847535785e-05,1,0,0,0.920210423698323
139,6,7601,1e-06,10.2,1.72699191527013e-05,0.00443863059959166,0.000801581202199402,1,0,0,0.920210423698323
139,6,7601,1e-06,30,0.00599096284542314,0.0179645998486014,0.0121645920110148,1,0,0,0.920210423698323
139,6,7601,1e-06,60,0.27436335086209,0.00750952403936335,0.0840083161455725,1,0,0,0.920210423698323
139,6,7601,1e-06,120,6.04350769669529,8.6217332022678,0.622782900887812,0,0,0,0.920210423698323
139,6,7601,0.0001,3,0.00114559703847767,0.000191336208426322,0.00201027975025284,1,0,0,0.836248341323187
139,6,7601,0.0001,10.2,0.0124488451525173,0.00443863059959166,0.0457343308175817,1,0,0,0.836248341323187
139,6,7601,0.0001,30,0.16248218322849,0.0179645998486014,0.984502341602683,1,0,0,0.836248341323187
139,6,7601,0.0001,60,1.36330562618037,0.00750952403936335,7.53294378013383,1,1,0,0.836248341323187
139,6,7601,0.0001,120,1.38840125492879,8.6217332022678,58.9217748425493,1,1,0,0.836248341323187
139,7,6001,1e-08,3,0.00036172854536647,0.000469049665761138,9.78388820305474e-06,0,0,0,1.16815624709657
139,7,6001,1e-08,10.2,0.00145870168893875,0.0111816065069603,3.0701926526387e-05,0,0,0,1.16815624709657
139,7,6001,1e-08,30,0.0150614226427163,0.0931313528628802,0.00022036857811208,0,0,0,1.16815624709657
139,7,6001,1e-08,60,0.111326667017443,0.275089840255964,0.001160888145643,0,0,0,1.16815624709657
139,7,6001,1e-08,120,1.15937483734546,0.412033670157433,0.00737909542410409,0,0,0,1.16815624709657
139,7,6001,1e-06,3,0.000492033558202898,0.000469049665761138,8.40741847535785e-05,0,0,0,0.945597159946777
139,7,6001,1e-06,10.2,0.00220423455937769,0.0111816065069603,0.000801581202199402,1,0,0,0.945597159946777
139,7,6001,1e-06,30,0.0215689949622033,0.0931313528628802,0.0121645920110148,1,0,0,0.945597159946777
139,7,6001,1e-06,60,0.145238954559163,0.275089840255964,0.0840083161455725,1,0,0,0.945597159946777
139,7,6001,1e-06,120,1.37077797337531,0.412033670157433,0.622782900887812,1,0,0,0.945597159946777
139,7,6001,0.0001,3,0.000532171295621079,0.000469049665761138,0.00201027975025284,1,0,0,0.8585980682747
139,7,6001,0.0001,10.2,0.00242035043014941,0.0111816065069603,0.0457343308175817,1,0,0,0.8585980682747
139,7,6001,0.0001,30,0.0233642746751802,0.0931313528628802,0.984502341602683,1,0,0,0.8585980682747
139,7,6001,0.0001,60,0.154262047916836,0.275089840255964,7.53294378013383,1,1,0,0.8585980682747
139,7,6001,0.0001,120,1.42516281043141,0.412033670157433,58.9217748425493,1,1,0,0.8585980682747
139,7,6801,1e-08,3,0.000482145784803036,9.94430406549538e-05,9.78388820305474e-06,0,0,0,599.579738157886
139,7,6801,1e-08,10.2,0.00361322342930873,0.00104551992732882,3.0701926526387e-05,0,0,0,599.579738157886
139,7,6801,1e-08,30,0.0298537303794523,0.00740935291939388,0.00022036857811208,0,0,0,599.579738157886
139,7,6801,1e-08,60,0.138312250227964,0.0193490325762847,0.001160888145643,0,0,0,599.579738157886
139,7,6801,1e-08,120,0.657652462347786,0.0417529831189702,0.00737909542410409,0,0,0,599.579738157886
139,7,6801,1e-06,3,3.32252185756866e-06,9.94430406549538e-05,8.40741847535785e-05,1,0,0,1.6529100888542
139,7,6801,1e-06,10.2,8.05341523042499e-06,0.00104551992732882,0.000801581202199402,1,0,0,1.6529100888542
139,7,6801,1e-06,30,4.51204077055291e-06,0.00740935291939388,0.0121645920110148,1,0,0,1.6529100888542
139,7,6801,1e-06,60,0.00144765701676839,0.0193490325762847,0.0840083161455725,1,0,0,1.6529100888542
139,7,6801,1e-06,120,0.0227128072963914,0.0417529831189702,0.622782900887812,1,0,0,1.6529100888542
139,7,6801,0.0001,3,1.34070591007057e-05,9.94430406549538e-05,0.00201027975025284,1,0,0,0.979063823216761
139,7,6801,0.0001,10.2,0.000192893798339108,0.00104551992732882,0.0457343308175817,1,0,0,0.979063823216761
139,7,6801,0.0001,30,0.00247670383646252,0.00740935291939388,0.984502341602683,1,0,0,0.979063823216761
139,7,6801,0.0001,60,0.0175649004462524,0.0193490325762847,7.53294378013383,1,1,0,0.979063823216761
139,7,6801,0.0001,120,0.114837396027888,0.0417529831189702,58.9217748425493,1,1,0,0.979063823216761
139,7,7601,1e-08,3,6.82627263326462e-05,0.000193827588032213,9.78388820305474e-06,0,0,0,1.06314261846568
139,7,7601,1e-08,10.2,0.000542913504323746,0.00257518870878866,3.0701926526387e-05,0,0,0,1.06314261846568
139,7,7601,1e-08,30,0.0165633408154454,0.0466798686395411,0.00022036857811208,0,0,0,1.06314261846568
139,7,7601,1e-08,60,0.830803286908026,1.18726005230698,0.001160888145643,0,0,0,1.06314261846568
139,7,7601,1e-08,120,6.60762508714733,8.58612175638674,0.00737909542410409,0,0,0,1.06314261846568
139,7,7601,1e-06,3,8.36814138629733e-06,0.000193827588032213,8.40741847535785e-05,1,0,0,0.999484607768775
139,7,7601,1e-06,10.2,0.00013701649356618,0.00257518870878866,0.000801581202199402,1,0,0,0.999484607768775
139,7,7601,1e-06,30,0.00999654765282893,0.0466798686395411,0.0121645920110148,1,0,0,0.999484607768775
139,7,7601,1e-06,60,0.734153517942002,1.18726005230698,0.0840083161455725,0,0,0,0.999484607768775
139,7,7601,1e-06,120,6.07125836284269,8.58612175638674,0.622782900887812,0,0,0,0.999484607768775
139,7,7601,0.0001,3,4.02446063787194e-05,0.000193827588032213,0.00201027975025284,1,0,0,0.924794547185985
139,7,7601,0.0001,10.2,8.99238628491981e-05,0.00257518870878866,0.0457343308175817,1,0,0,0.924794547185985
139,7,7601,0.0001,30,0.00210934913431932,0.0466798686395411,0.984502341602683,1,0,0,0.924794547185985
139,7,7601,0.0001,60,0.566970188232639,1.18726005230698,7.53294378013383,1,1,0,0.924794547185985
139,7,7601,0.0001,120,5.1100521690604,8.58612175638674,58.9217748425493,1,1,0,0.924794547185985
139,8,6001,1e-08,3,0.0113010556272347,0.00039907360355428,9.78388820305474e-06,0,0,0,28.3501848472506
139,8,6001,1e-08,10.2,0.0501141822029455,0.00160036359717838,3.0701926526387e-05,0,0,0,28.3501848472506
139,8,6001,1e-08,30,0.402981843811029,5.49375695780022e-05,0.00022036857811208,0,0,0,28.3501848472506
139,8,6001,1e-08,60,1.56678500548164,0.00131252030820061,0.001160888145643,0,0,0,28.3501848472506
139,8,6001,1e-08,120,6.23291657705676,0.0181089916299162,0.00737909542410409,0,0,0,28.3501848472506
139,8,6001,1e-06,3,0.000353205090100955,0.00039907360355428,8.40741847535785e-05,0,0,0,1.11007527039651
139,8,6001,1e-06,10.2,0.005082299901119,0.00160036359717838,0.000801581202199402,0,0,0,1.11007527039651
139,8,6001,1e-06,30,0.092005695554748,5.49375695780022e-05,0.0121645920110148,0,0,0,1.11007527039651
139,8,6001,1e-06,60,0.421394888454793,0.00131252030820061,0.0840083161455725,0,0,0,1.11007527039651
139,8,6001,1e-06,120,1.82752213507625,0.0181089916299162,0.622782900887812,1,0,0,1.11007527039651
139,8,6001,0.0001,3,2.49286847855825e-05,0.00039907360355428,0.00201027975025284,1,0,0,0.692859401054944
139,8,6001,0.0001,10.2,2.1368190372589e-05,0.00160036359717838,0.0457343308175817,1,0,0,0.692859401054944
139,8,6001,0.0001,30,0.0140977171372717,5.49375695780022e-05,0.984502341602683,1,0,0,0.692859401054944
139,8,6001,0.0001,60,0.0817317575050784,0.00131252030820061,7.53294378013383,1,1,0,0.692859401054944
139,8,6001,0.0001,120,0.398482739198013,0.0181089916299162,58.9217748425493,1,1,0,0.692859401054944
139,8,6801,1e-08,3,1.54599037822868e-06,0.000151419924830863,9.78388820305474e-06,1,0,0,1.0251612457599
139,8,6801,1e-08,10.2,1.62496854468782e-05,0.000743115190054401,3.0701926526387e-05,1,0,0,1.0251612457599
139,8,6801,1e-08,30,0.000576620060483062,0.00651275142706361,0.00022036857811208,1,0,0,1.0251612457599
139,8,6801,1e-08,60,2.59593267475629,2.26142851066349,0.001160888145643,0,0,1,1.0251612457599
139,8,6801,1e-08,120,2.28475876166046,1.69719351534254,0.00737909542410409,0,0,1,1.0251612457599
139,8,6801,1e-06,3,1.11490281795601e-06,0.000151419924830863,8.40741847535785e-05,1,0,0,0.895214253931314
139,8,6801,1e-06,10.2,4.0358852703544e-05,0.000743115190054401,0.000801581202199402,1,0,0,0.895214253931314
139,8,6801,1e-06,30,0.0011045754586142,0.00651275142706361,0.0121645920110148,1,0,0,0.895214253931314
139,8,6801,1e-06,60,2.53291152382785,2.26142851066349,0.0840083161455725,0,0,1,0.895214253931314
139,8,6801,1e-06,120,2.16370522247566,1.69719351534254,0.622782900887812,1,0,1,0.895214253931314
139,8,6801,0.0001,3,0.000302380392655438,0.000151419924830863,0.00201027975025284,1,0,0,0.818575385070609
139,8,6801,0.0001,10.2,0.00292574240640127,0.000743115190054401,0.0457343308175817,1,0,0,0.818575385070609
139,8,6801,0.0001,30,0.0280005409547546,0.00651275142706361,0.984502341602683,1,0,0,0.818575385070609
139,8,6801,0.0001,60,1.75977091032414,2.26142851066349,7.53294378013383,1,1,1,0.818575385070609
139,8,6801,0.0001,120,0.891710957302183,1.69719351534254,58.9217748425493,1,1,1,0.818575385070609
139,8,7601,1e-08,3,4.07597555828064e-06,0.000348434686766565,9.78388820305474e-06,1,0,0,1.01399748554873
139,8,7601,1e-08,10.2,4.97349108816648e-05,0.00552352715576717,3.0701926526387e-05,1,0,0,1.01399748554873
139,8,7601,1e-08,30,0.00129192673480436,0.0587666178563692,0.00022036857811208,0,0,0,1.01399748554873
139,8,7601,1e-08,60,0.0126332064120432,0.280679292859627,0.001160888145643,0,0,0,1.01399748554873
139,8,7601,1e-08,120,0.0431217672080599,0.398887022577239,0.00737909542410409,0,0,0,1.01399748554873
139,8,7601,1e-06,3,2.9510679963342e-05,0.000348434686766565,8.40741847535785e-05,1,0,0,0.96709658964166
139,8,7601,1e-06,10.2,6.98337542797952e-05,0.00552352715576717,0.000801581202199402,1,0,0,0.96709658964166
139,8,7601,1e-06,30,1.82032527258602e-06,0.0587666178563692,0.0121645920110148,1,0,0,0.96709658964166
139,8,7601,1e-06,60,0.00175963152333861,0.280679292859627,0.0840083161455725,1,0,0,0.96709658964166
139,8,7601,1e-06,120,0.11862609070903,0.398887022577239,0.622782900887812,1,0,0,0.96709658964166
139,8,7601,0.0001,3,0.000218470474700106,0.000348434686766565,0.00201027975025284,1,0,0,0.888201589440631
139,8,7601,0.0001,10.2,0.00114063977700716,0.00552352715576717,0.0457343308175817,1,0,0,0.888201589440631
139,8,7601,0.0001,30,0.00503444049533714,0.0587666178563692,0.984502341602683,1,0,0,0.888201589440631
139,8,7601,0.0001,60,0.00895067259613548,0.280679292859627,7.53294378013383,1,1,0,0.888201589440631
139,8,7601,0.0001,120,0.378077489156649,0.398887022577239,58.9217748425493,1,1,0,0.888201589440631
139,9,6001,1e-08,3,8.92131584964177e-05,0.029246825813182,9.78388820305474e-06,0,0,0,127.707965068831
139,9,6001,1e-08,10.2,0.072295670786638,0.212271723118467,3.0701926526387e-05,0,0,0,127.707965068831
139,9,6001,1e-08,30,1.86630499875119,0.763231629310611,0.00022036857811208,0,0,0,127.707965068831
139,9,6001,1e-08,60,8.25684294845163,1.25026718458557,0.001160888145643,0,0,0,127.707965068831
139,9,6001,1e-08,120,2.40724937984979,1.61128706501023,0.00737909542410409,0,0,0,127.707965068831
139,9,6001,1e-06,3,0.00784358126857516,0.029246825813182,8.40741847535785e-05,0,0,0,3.34960943238046
139,9,6001,1e-06,10.2,0.126591664742403,0.212271723118467,0.000801581202199402,0,0,0,3.34960943238046
139,9,6001,1e-06,30,2.17413935092186,0.763231629310611,0.0121645920110148,0,0,0,3.34960943238046
139,9,6001,1e-06,60,7.46712402669014,1.25026718458557,0.0840083161455725,0,0,0,3.34960943238046
139,9,6001,1e-06,120,3.08845243825953,1.61128706501023,0.622782900887812,0,0,0,3.34960943238046
139,9,6001,0.0001,3,0.000780361611890506,0.029246825813182,0.00201027975025284,1,0,0,0.872238786512084
139,9,6001,0.0001,10.2,0.038781478234192,0.212271723118467,0.0457343308175817,1,0,0,0.872238786512084
139,9,6001,0.0001,30,1.09301711206076,0.763231629310611,0.984502341602683,1,0,0,0.872238786512084
139,9,6001,0.0001,60,7.3562160060963,1.25026718458557,7.53294378013383,1,1,0,0.872238786512084
139,9,6001,0.0001,120,0.0100805694009284,1.61128706501023,58.9217748425493,1,1,0,0.872238786512084
139,9,6801,1e-08,3,0.0191429214051805,0.00186091027184942,9.78388820305474e-06,0,0,0,57.4012053863765
139,9,6801,1e-08,10.2,0.102080394786118,0.0196602175668429,3.0701926526387e-05,0,0,0,57.4012053863765
139,9,6801,1e-08,30,0.92449298983747,0.069332965957026,0.00022036857811208,0,0,0,57.4012053863765
139,9,6801,1e-08,60,4.36927018251179,0.0863082428610993,0.001160888145643,0,0,0,57.4012053863765
139,9,6801,1e-08,120,3.54207218945232,0.0908465061299757,0.00737909542410409,0,0,0,57.4012053863765
139,9,6801,1e-06,3,0.000696265371320707,0.00186091027184942,8.40741847535785e-05,0,0,0,1.68725050233493
139,9,6801,1e-06,10.2,0.0112234145487791,0.0196602175668429,0.000801581202199402,0,0,0,1.68725050233493
139,9,6801,1e-06,30,0.219564961390944,0.069332965957026,0.0121645920110148,0,0,0,1.68725050233493
139,9,6801,1e-06,60,1.3784321696849,0.0863082428610993,0.0840083161455725,0,0,0,1.68725050233493
139,9,6801,1e-06,120,6.96095225807234,0.0908465061299757,0.622782900887812,0,0,0,1.68725050233493
139,9,6801,0.0001,3,0.000363404673525101,0.00186091027184942,0.00201027975025284,1,0,0,0.736755105037241
139,9,6801,0.0001,10.2,0.0090750817361938,0.0196602175668429,0.0457343308175817,1,0,0,0.736755105037241
139,9,6801,0.0001,30,0.201311447675367,0.069332965957026,0.984502341602683,1,0,0,0.736755105037241
139,9,6801,0.0001,60,1.3000389043106,0.0863082428610993,7.53294378013383,1,1,0,0.736755105037241
139,9,6801,0.0001,120,6.63855780934115,0.0908465061299757,58.9217748425493,1,1,0,0.736755105037241
139,9,7601,1e-08,3,0.472889085802908,5.3886254674073e-06,9.78388820305474e-06,0,0,0,7380.07966907355
139,9,7601,1e-08,10.2,1.2837632366253,0.000327986629327015,3.0701926526387e-05,0,0,0,7380.07966907355
139,9,7601,1e-08,30,5.60706201585804,0.00712994828941277,0.00022036857811208,0,0,0,7380.07966907355
139,9,7601,1e-08,60,3.98474998348025,0.0542741545671246,0.001160888145643,0,0,0,7380.07966907355
139,9,7601,1e-08,120,4.94200864228659,0.830134843688653,0.00737909542410409,0,0,0,7380.07966907355
139,9,7601,1e-06,3,7.14731847909e-05,5.3886254674073e-06,8.40741847535785e-05,1,0,0,2473.21836018583
139,9,7601,1e-06,10.2,0.000494652196777863,0.000327986629327015,0.000801581202199402,1,0,0,2473.21836018583
139,9,7601,1e-06,30,0.00494142159226009,0.00712994828941277,0.0121645920110148,1,0,0,2473.21836018583
139,9,7601,1e-06,60,0.0365330685309446,0.0542741545671246,0.0840083161455725,1,0,0,2473.21836018583
139,9,7601,1e-06,120,0.662448280035422,0.830134843688653,0.622782900887812,1,0,0,2473.21836018583
139,9,7601,0.0001,3,3.72063687479644e-06,5.3886254674073e-06,0.00201027975025284,1,0,0,765.527990285199
139,9,7601,0.0001,10.2,5.05454708359551e-05,0.000327986629327015,0.0457343308175817,1,0,0,765.527990285199
139,9,7601,0.0001,30,0.000476281974117698,0.00712994828941277,0.984502341602683,1,0,0,765.527990285199
139,9,7601,0.0001,60,1.53104180196298e-05,0.0542741545671246,7.53294378013383,1,1,0,765.527990285199
139,9,7601,0.0001,120,0.190512441999594,0.830134843688653,58.9217748425493,1,1,0,765.527990285199
139,10,6001,1e-08,3,0.00152319451626204,7.2045544205223e-05,9.78388820305474e-06,0,0,0,854.263658977665
139,10,6001,1e-08,10.2,0.00102336885489847,3.22564435582826e-05,3.0701926526387e-05,0,0,0,854.263658977665
139,10,6001,1e-08,30,0.000775318575892314,0.000866187512676901,0.00022036857811208,1,0,0,854.263658977665
139,10,6001,1e-08,60,0.00157209433776297,0.00224031953276424,0.001160888145643,1,0,0,854.263658977665
139,10,6001,1e-08,120,0.0176839848669185,0.00017989831559214,0.00737909542410409,1,0,0,854.263658977665
139,10,6001,1e-06,3,5.28913293086217e-05,7.2045544205223e-05,8.40741847535785e-05,1,0,0,11.2961400432472
139,10,6001,1e-06,10.2,0.000474064531639192,3.22564435582826e-05,0.000801581202199402,1,0,0,11.2961400432472
139,10,6001,1e-06,30,0.00590714327176668,0.000866187512676901,0.0121645920110148,1,0,0,11.2961400432472
139,10,6001,1e-06,60,0.0318287884084538,0.00224031953276424,0.0840083161455725,1,0,0,11.2961400432472
139,10,6001,1e-06,120,0.20360323193165,0.00017989831559214,0.622782900887812,1,0,0,11.2961400432472
139,10,6001,0.0001,3,0.00104983499301625,7.2045544205223e-05,0.00201027975025284,1,0,0,0.713730826467669
139,10,6001,0.0001,10.2,0.00927886976726079,3.22564435582826e-05,0.0457343308175817,1,0,0,0.713730826467669
139,10,6001,0.0001,30,0.082559407169569,0.000866187512676901,0.984502341602683,1,0,0,0.713730826467669
139,10,6001,0.0001,60,0.353809404653018,0.00224031953276424,7.53294378013383,1,1,0,0.713730826467669
139,10,6001,0.0001,120,1.6371577117278,0.00017989831559214,58.9217748425493,1,1,0,0.713730826467669
139,10,6801,1e-08,3,8.11439350126698e-06,0.000635886343751719,9.78388820305474e-06,1,0,0,0.966015600139499
139,10,6801,1e-08,10.2,4.42333569982254,4.17665584373979,3.0701926526387e-05,0,0,1,0.966015600139499
139,10,6801,1e-08,30,4.8707797954212,4.24809934650429,0.00022036857811208,0,0,1,0.966015600139499
139,10,6801,1e-08,60,5.70806724450255,4.46199954796737,0.001160888145643,0,0,1,0.966015600139499
139,10,6801,1e-08,120,9.10746754034454,6.14647393434266,0.00737909542410409,0,0,1,0.966015600139499
139,10,6801,1e-06,3,6.27838766503845e-06,0.000635886343751719,8.40741847535785e-05,1,0,0,0.937829964512952
139,10,6801,1e-06,10.2,4.36654022091994,4.17665584373979,0.000801581202199402,0,0,1,0.937829964512952
139,10,6801,1e-06,30,4.71285530731647,4.24809934650429,0.0121645920110148,0,0,1,0.937829964512952
139,10,6801,1e-06,60,5.3775333325995,4.46199954796737,0.0840083161455725,0,0,1,0.937829964512952
139,10,6801,1e-06,120,8.29087876335023,6.14647393434266,0.622782900887812,0,0,1,0.937829964512952
139,10,6801,0.0001,3,0.000994062617809795,0.000635886343751719,0.00201027975025284,1,0,0,0.793965576097719
139,10,6801,0.0001,10.2,4.0410543176059,4.17665584373979,0.0457343308175817,0,0,1,0.793965576097719
139,10,6801,0.0001,30,3.8142647691926,4.24809934650429,0.984502341602683,0,0,1,0.793965576097719
139,10,6801,0.0001,60,3.57661564261815,4.46199954796737,7.53294378013383,1,1,1,0.793965576097719
139,10,6801,0.0001,120,4.12866787384636,6.14647393434266,58.9217748425493,1,1,1,0.793965576097719
139,10,7601,1e-08,3,0.000327897648333187,8.68120339102326e-06,9.78388820305474e-06,0,0,0,1.12728745664205
139,10,7601,1e-08,10.2,0.00245050271972482,6.48122462866186e-06,3.0701926526387e-05,0,0,0,1.12728745664205
139,10,7601,1e-08,30,0.040109402374896,0.00434015722455258,0.00022036857811208,0,0,0,1.12728745664205
139,10,7601,1e-08,60,0.205134956664417,0.0346127182186271,0.001160888145643,0,0,0,1.12728745664205
139,10,7601,1e-08,120,6.37410949202068,3.97151803243212,0.00737909542410409,0,0,0,1.12728745664205
139,10,7601,1e-06,3,1.79962228707592e-06,8.68120339102326e-06,8.40741847535785e-05,1,0,0,0.984398783684733
139,10,7601,1e-06,10.2,0.00026455216241223,6.48122462866186e-06,0.000801581202199402,1,0,0,0.984398783684733
139,10,7601,1e-06,30,0.0148207352074777,0.00434015722455258,0.0121645920110148,1,0,0,0.984398783684733
139,10,7601,1e-06,60,0.0934867437569186,0.0346127182186271,0.0840083161455725,1,0,0,0.984398783684733
139,10,7601,1e-06,120,5.01884952605348,3.97151803243212,0.622782900887812,0,0,0,0.984398783684733
139,10,7601,0.0001,3,0.00018209152572443,8.68120339102326e-06,0.00201027975025284,1,0,0,0.841877418445018
139,10,7601,0.0001,10.2,0.00304691622632484,6.48122462866186e-06,0.0457343308175817,1,0,0,0.841877418445018
139,10,7601,0.0001,30,0.0549070498228065,0.00434015722455258,0.984502341602683,1,0,0,0.841877418445018
139,10,7601,0.0001,60,0.28082199307135,0.0346127182186271,7.53294378013383,1,1,0,0.841877418445018
139,10,7601,0.0001,120,7.22333277142909,3.97151803243212,58.9217748425493,1,1,0,0.841877418445018
139,11,6001,1e-08,3,0.000459295917273531,0.000124867539981397,9.78388820305474e-06,0,0,0,1.25117842138217
139,11,6001,1e-08,10.2,0.00649819591356061,0.00177544500740405,3.0701926526387e-05,0,0,0,1.25117842138217
139,11,6001,1e-08,30,0.786346669766498,0.692464835861293,0.00022036857811208,0,0,0,1.25117842138217
139,11,6001,1e-08,60,2.10383148996407,1.8806956502393,0.001160888145643,0,0,0,1.25117842138217
139,11,6001,1e-08,120,1.70381125896341,1.38606381079373,0.00737909542410409,0,0,0,1.25117842138217
139,11,6001,1e-06,3,7.74643765820881e-05,0.000124867539981397,8.40741847535785e-05,1,0,0,1.15129151043147
139,11,6001,1e-06,10.2,0.00267638571856205,0.00177544500740405,0.000801581202199402,1,0,0,1.15129151043147
139,11,6001,1e-06,30,0.661298952990263,0.692464835861293,0.0121645920110148,0,0,0,1.15129151043147
139,11,6001,1e-06,60,1.71400712502852,1.8806956502393,0.0840083161455725,0,0,0,1.15129151043147
139,11,6001,1e-06,120,1.05811029502843,1.38606381079373,0.622782900887812,1,0,0,1.15129151043147
139,11,6001,0.0001,3,0.000728203960986098,0.000124867539981397,0.00201027975025284,1,0,0,1.0357634891147
139,11,6001,0.0001,10.2,0.00254452385424343,0.00177544500740405,0.0457343308175817,1,0,0,1.0357634891147
139,11,6001,0.0001,30,0.279261667024101,0.692464835861293,0.984502341602683,1,0,0,1.0357634891147
139,11,6001,0.0001,60,0.559239835462985,1.8806956502393,7.53294378013383,1,1,0,1.0357634891147
139,11,6001,0.0001,120,0.00739363660010987,1.38606381079373,58.9217748425493,1,1,0,1.0357634891147
139,11,6801,1e-08,3,7.3011975765772e-07,0.000858268158321778,9.78388820305474e-06,1,0,0,1.07208635117201
139,11,6801,1e-08,10.2,1.17199998896877e-05,0.00424924017389121,3.0701926526387e-05,1,0,0,1.07208635117201
139,11,6801,1e-08,30,0.000300928299695218,0.0246566936736431,0.00022036857811208,1,0,0,1.07208635117201
139,11,6801,1e-08,60,7.86407618193078,6.0993122373971,0.001160888145643,0,0,1,1.07208635117201
139,11,6801,1e-08,120,9.15982920078982,6.76809125929293,0.00737909542410409,0,0,1,1.07208635117201
139,11,6801,1e-06,3,9.15261401968265e-06,0.000858268158321778,8.40741847535785e-05,1,0,0,1.01693889416691
139,11,6801,1e-06,10.2,2.8717256466292e-05,0.00424924017389121,0.000801581202199402,1,0,0,1.01693889416691
139,11,6801,1e-06,30,2.41757161738455e-05,0.0246566936736431,0.0121645920110148,1,0,0,1.01693889416691
139,11,6801,1e-06,60,7.62646097574767,6.0993122373971,0.0840083161455725,0,0,1,1.01693889416691
139,11,6801,1e-06,120,9.67251276985096,6.76809125929293,0.622782900887812,0,0,1,1.01693889416691
139,11,6801,0.0001,3,0.000719926693684721,0.000858268158321778,0.00201027975025284,1,0,0,0.903066925037076
139,11,6801,0.0001,10.2,0.00508000807444963,0.00424924017389121,0.0457343308175817,1,0,0,0.903066925037076
139,11,6801,0.0001,30,0.0348316990543318,0.0246566936736431,0.984502341602683,1,0,0,0.903066925037076
139,11,6801,0.0001,60,5.78130341059667,6.0993122373971,7.53294378013383,1,1,1,0.903066925037076
139,11,6801,0.0001,120,6.0764134661297,6.76809125929293,58.9217748425493,1,1,1,0.903066925037076
139,11,7601,1e-08,3,0.000258122124317594,9.15635873047391e-05,9.78388820305474e-06,0,0,0,1.19807748477757
139,11,7601,1e-08,10.2,0.00276405859550937,0.000181425655534465,3.0701926526387e-05,0,0,0,1.19807748477757
139,11,7601,1e-08,30,0.058029520054166,0.00406094491482442,0.00022036857811208,0,0,0,1.19807748477757
139,11,7601,1e-08,60,0.319994672733025,0.0484631937350031,0.001160888145643,0,0,0,1.19807748477757
139,11,7601,1e-08,120,0.696078518076169,0.0231152597395904,0.00737909542410409,0,0,0,1.19807748477757
139,11,7601,1e-06,3,3.03680496118448e-05,9.15635873047391e-05,8.40741847535785e-05,1,0,0,0.908623207813724
139,11,7601,1e-06,10.2,0.000106347126898893,0.000181425655534465,0.000801581202199402,1,0,0,0.908623207813724
139,11,7601,1e-06,30,0.0200924236040748,0.00406094491482442,0.0121645920110148,1,0,0,0.908623207813724
139,11,7601,1e-06,60,0.144664633079064,0.0484631937350031,0.0840083161455725,1,0,0,0.908623207813724
139,11,7601,1e-06,120,0.227153306822398,0.0231152597395904,0.622782900887812,1,0,0,0.908623207813724
139,11,7601,0.0001,3,6.1394093084356e-05,9.15635873047391e-05,0.00201027975025284,1,0,0,0.745834700859154
139,11,7601,0.0001,10.2,0.00224469369660067,0.000181425655534465,0.0457343308175817,1,0,0,0.745834700859154
139,11,7601,0.0001,30,0.0595566311066644,0.00406094491482442,0.984502341602683,1,0,0,0.745834700859154
139,11,7601,0.0001,60,0.338112114967794,0.0484631937350031,7.53294378013383,1,1,0,0.745834700859154
139,11,7601,0.0001,120,0.766316604014164,0.0231152597395904,58.9217748425493,1,1,0,0.745834700859154
139,12,6001,1e-08,3,0.00040876074312286,0.0016817290804717,9.78388820305474e-06,0,0,0,3.06914229316944
139,12,6001,1e-08,10.2,0.00420939846628647,0.0105694851099125,3.0701926526387e-05,0,0,0,3.06914229316944
139,12,6001,1e-08,30,0.206815616668726,0.291410928924079,0.00022036857811208,0,0,0,3.06914229316944
139,12,6001,1e-08,60,6.37059738147901,7.18488582403259,0.001160888145643,0,0,0,3.06914229316944
139,12,6001,1e-08,120,8.21403350136841,6.58818061263512,0.00737909542410409,0,0,0,3.06914229316944
139,12,6001,1e-06,3,0.000174442205973667,0.0016817290804717,8.40741847535785e-05,1,0,0,1.10462533199745
139,12,6001,1e-06,10.2,0.00350197425350951,0.0105694851099125,0.000801581202199402,0,0,0,1.10462533199745
139,12,6001,1e-06,30,0.204904557606262,0.291410928924079,0.0121645920110148,0,0,0,1.10462533199745
139,12,6001,1e-06,60,6.38748442835948,7.18488582403259,0.0840083161455725,0,0,0,1.10462533199745
139,12,6001,1e-06,120,8.1326051812104,6.58818061263512,0.622782900887812,0,0,0,1.10462533199745
139,12,6001,0.0001,3,0.00279947052987991,0.0016817290804717,0.00201027975025284,1,0,0,0.877449659673772
139,12,6001,0.0001,10.2,0.0311796010230051,0.0105694851099125,0.0457343308175817,1,0,0,0.877449659673772
139,12,6001,0.0001,30,0.61423628488812,0.291410928924079,0.984502341602683,1,0,0,0.877449659673772
139,12,6001,0.0001,60,9.61638389565849,7.18488582403259,7.53294378013383,1,1,0,0.877449659673772
139,12,6001,0.0001,120,2.40089952681521,6.58818061263512,58.9217748425493,1,1,0,0.877449659673772
139,12,6801,1e-08,3,3.31898862888592e-07,2.19300224255732e-07,9.78388820305474e-06,1,0,0,0.950039509268035
139,12,6801,1e-08,10.2,7.31590567346081e-06,0.000279030015114562,3.0701926526387e-05,1,0,0,0.950039509268035
139,12,6801,1e-08,30,7.74193184234686,8.13586805138991,0.00022036857811208,0,0,1,0.950039509268035
139,12,6801,1e-08,60,6.64149643978661,7.41767437034652,0.001160888145643,0,0,1,0.950039509268035
139,12,6801,1e-08,120,4.65170122865706,6.03315997124109,0.00737909542410409,0,0,1,0.950039509268035
139,12,6801,1e-06,3,3.01187042181784e-06,2.19300224255732e-07,8.40741847535785e-05,1,0,0,0.875586970823687
139,12,6801,1e-06,10.2,5.60052759219599e-05,0.000279030015114562,0.000801581202199402,1,0,0,0.875586970823687
139,12,6801,1e-06,30,7.6601644112202,8.13586805138991,0.0121645920110148,0,0,1,0.875586970823687
139,12,6801,1e-06,60,6.48871843512804,7.41767437034652,0.0840083161455725,0,0,1,0.875586970823687
139,12,6801,1e-06,120,4.39658676572455,6.03315997124109,0.622782900887812,0,0,1,0.875586970823687
139,12,6801,0.0001,3,0.000155465263667842,2.19300224255732e-07,0.00201027975025284,1,0,0,0.753195658782302
139,12,6801,0.0001,10.2,0.00128587843700072,0.000279030015114562,0.0457343308175817,1,0,0,0.753195658782302
139,12,6801,0.0001,30,8.35889075630388,8.13586805138991,0.984502341602683,0,0,1,0.753195658782302
139,12,6801,0.0001,60,7.79628181716714,7.41767437034652,7.53294378013383,1,1,1,0.753195658782302
139,12,6801,0.0001,120,6.67970738063278,6.03315997124109,58.9217748425493,1,1,1,0.753195658782302
139,12,7601,1e-08,3,0.0125004868291953,0.00735456311242142,9.78388820305474e-06,0,0,0,48.2030232959363
139,12,7601,1e-08,10.2,0.0989261877921076,0.0619801385570445,3.0701926526387e-05,0,0,0,48.2030232959363
139,12,7601,1e-08,30,1.16771442881531,0.23927032162481,0.00022036857811208,0,0,0,48.2030232959363
139,12,7601,1e-08,60,7.20671624452757,0.168010819280942,0.001160888145643,0,0,0,48.2030232959363
139,12,7601,1e-08,120,6.15302014578988,6.86420882638101,0.00737909542410409,0,0,0,48.2030232959363
139,12,7601,1e-06,3,0.000879363883508705,0.00735456311242142,8.40741847535785e-05,0,0,0,1.86821660663555
139,12,7601,1e-06,10.2,0.0185772400514483,0.0619801385570445,0.000801581202199402,0,0,0,1.86821660663555
139,12,7601,1e-06,30,0.407265794930651,0.23927032162481,0.0121645920110148,0,0,0,1.86821660663555
139,12,7601,1e-06,60,3.39216722340516,0.168010819280942,0.0840083161455725,0,0,0,1.86821660663555
139,12,7601,1e-06,120,0.700820304527361,6.86420882638101,0.622782900887812,1,0,0,1.86821660663555
139,12,7601,0.0001,3,0.00017126369209986,0.00735456311242142,0.00201027975025284,1,0,0,0.889578903238151
139,12,7601,0.0001,10.2,0.0104826281779629,0.0619801385570445,0.0457343308175817,1,0,0,0.889578903238151
139,12,7601,0.0001,30,0.309756470731158,0.23927032162481,0.984502341602683,1,0,0,0.889578903238151
139,12,7601,0.0001,60,2.84897656265357,0.168010819280942,7.53294378013383,1,1,0,0.889578903238151
139,12,7601,0.0001,120,0.290202712208604,6.86420882638101,58.9217748425493,1,1,0,0.889578903238151
139,13,6001,1e-08,3,0.0025636023508642,0.000193170136949098,9.78388820305474e-06,0,0,0,636.59842598322
139,13,6001,1e-08,10.2,0.00299056393488216,0.000934987990809863,3.0701926526387e-05,0,0,0,636.59842598322
139,13,6001,1e-08,30,0.00521081137335007,0.00685520905956722,0.00022036857811208,0,0,0,636.59842598322
139,13,6001,1e-08,60,0.00971445095388663,0.0261715610395109,0.001160888145643,0,0,0,636.59842598322
139,13,6001,1e-08,120,0.0300691742939653,0.11684586022171,0.00737909542410409,0,0,0,636.59842598322
139,13,6001,1e-06,3,6.16946462462174e-05,0.000193170136949098,8.40741847535785e-05,1,0,0,7.08123022516888
139,13,6001,1e-06,10.2,0.000206366620804466,0.000934987990809863,0.000801581202199402,1,0,0,7.08123022516888
139,13,6001,1e-06,30,0.00149163659809043,0.00685520905956722,0.0121645920110148,1,0,0,7.08123022516888
139,13,6001,1e-06,60,0.00566023913660825,0.0261715610395109,0.0840083161455725,1,0,0,7.08123022516888
139,13,6001,1e-06,120,0.0290876678676187,0.11684586022171,0.622782900887812,1,0,0,7.08123022516888
139,13,6001,0.0001,3,7.23251898899633e-05,0.000193170136949098,0.00201027975025284,1,0,0,0.780687445528984
139,13,6001,0.0001,10.2,0.000319058793498213,0.000934987990809863,0.0457343308175817,1,0,0,0.780687445528984
139,13,6001,0.0001,30,0.00249475275297261,0.00685520905956722,0.984502341602683,1,0,0,0.780687445528984
139,13,6001,0.0001,60,0.00968699397313232,0.0261715610395109,7.53294378013383,1,1,0,0.780687445528984
139,13,6001,0.0001,120,0.0472903282256471,0.11684586022171,58.9217748425493,1,1,0,0.780687445528984
139,13,6801,1e-08,3,0.000129051412059022,0.00114113149450432,9.78388820305474e-06,0,0,0,1.15263989525277
139,13,6801,1e-08,10.2,0.00085498570420093,0.0108377505471303,3.0701926526387e-05,0,0,0,1.15263989525277
139,13,6801,1e-08,30,0.0150653888219311,0.116845035772404,0.00022036857811208,0,0,0,1.15263989525277
139,13,6801,1e-08,60,0.135848275345649,0.649921058380174,0.001160888145643,0,0,0,1.15263989525277
139,13,6801,1e-08,120,0.675683286079128,2.87856085846887,0.00737909542410409,0,0,0,1.15263989525277
139,13,6801,1e-06,3,5.53482788316162e-05,0.00114113149450432,8.40741847535785e-05,1,0,0,0.970729572741591
139,13,6801,1e-06,10.2,0.000620953383273509,0.0108377505471303,0.000801581202199402,1,0,0,0.970729572741591
139,13,6801,1e-06,30,0.0137634754839279,0.116845035772404,0.0121645920110148,1,0,0,0.970729572741591
139,13,6801,1e-06,60,0.130669850992927,0.649921058380174,0.0840083161455725,1,0,0,0.970729572741591
139,13,6801,1e-06,120,0.658640504621669,2.87856085846887,0.622782900887812,1,0,0,0.970729572741591
139,13,6801,0.0001,3,0.00109257838813957,0.00114113149450432,0.00201027975025284,1,0,0,0.902003892305708
139,13,6801,0.0001,10.2,0.00959399624576181,0.0108377505471303,0.0457343308175817,1,0,0,0.902003892305708
139,13,6801,0.0001,30,0.10287441689146,0.116845035772404,0.984502341602683,1,0,0,0.902003892305708
139,13,6801,0.0001,60,0.581360393215002,0.649921058380174,7.53294378013383,1,1,0,0.902003892305708
139,13,6801,0.0001,120,2.58464390401369,2.87856085846887,58.9217748425493,1,1,0,0.902003892305708
139,13,7601,1e-08,3,2.60383021789935e-05,2.50944438034769e-05,9.78388820305474e-06,1,0,0,0.899777816556006
139,13,7601,1e-08,10.2,0.000176630164059727,0.000381743261932134,3.0701926526387e-05,0,0,0,0.899777816556006
139,13,7601,1e-08,30,0.00735955311465366,0.0119846892080796,0.00022036857811208,0,0,0,0.899777816556006
139,13,7601,1e-08,60,0.418209169268745,0.4855303034004,0.001160888145643,0,0,0,0.899777816556006
139,13,7601,1e-08,120,7.87428332002911,7.30708239679747,0.00737909542410409,0,0,0,0.899777816556006
139,13,7601,1e-06,3,1.77675027315071e-05,2.50944438034769e-05,8.40741847535785e-05,1,0,0,0.864678910994546
139,13,7601,1e-06,10.2,4.95401822481006e-05,0.000381743261932134,0.000801581202199402,1,0,0,0.864678910994546
139,13,7601,1e-06,30,0.00123759598276294,0.0119846892080796,0.0121645920110148,1,0,0,0.864678910994546
139,13,7601,1e-06,60,0.302724801669348,0.4855303034004,0.0840083161455725,1,0,0,0.864678910994546
139,13,7601,1e-06,120,8.96618261626642,7.30708239679747,0.622782900887812,0,0,0,0.864678910994546
139,13,7601,0.0001,3,0.000628975908786237,2.50944438034769e-05,0.00201027975025284,1,0,0,0.765117022457501
139,13,7601,0.0001,10.2,0.00386306247580262,0.000381743261932134,0.0457343308175817,1,0,0,0.765117022457501
139,13,7601,0.0001,30,0.0130245919133912,0.0119846892080796,0.984502341602683,1,0,0,0.765117022457501
139,13,7601,0.0001,60,0.0666609190722775,0.4855303034004,7.53294378013383,1,1,0,0.765117022457501
139,13,7601,0.0001,120,7.3516182273266,7.30708239679747,58.9217748425493,1,1,0,0.765117022457501
139,14,6001,1e-08,3,0.000659517217193384,0.000229278935121071,9.78388820305474e-06,0,0,0,15.7147719527942
139,14,6001,1e-08,10.2,0.00258024284717944,0.00397417947568716,3.0701926526387e-05,0,0,0,15.7147719527942
139,14,6001,1e-08,30,0.0232942803952087,0.0262444792639625,0.00022036857811208,0,0,0,15.7147719527942
139,14,6001,1e-08,60,0.129900201146437,0.0667886855657361,0.001160888145643,0,0,0,15.7147719527942
139,14,6001,1e-08,120,0.96421443040664,0.0602009799606015,0.00737909542410409,0,0,0,15.7147719527942
139,14,6001,1e-06,3,0.000220354689420678,0.000229278935121071,8.40741847535785e-05,1,0,0,1.18089725604045
139,14,6001,1e-06,10.2,0.00135694203112519,0.00397417947568716,0.000801581202199402,1,0,0,1.18089725604045
139,14,6001,1e-06,30,0.0169202540809041,0.0262444792639625,0.0121645920110148,1,0,0,1.18089725604045
139,14,6001,1e-06,60,0.105533229340163,0.0667886855657361,0.0840083161455725,1,0,0,1.18089725604045
139,14,6001,1e-06,120,0.847069836703278,0.0602009799606015,0.622782900887812,1,0,0,1.18089725604045
139,14,6001,0.0001,3,0.00015715991817914,0.000229278935121071,0.00201027975025284,1,0,0,1.02586621017292
139,14,6001,0.0001,10.2,0.00080228018186828,0.00397417947568716,0.0457343308175817,1,0,0,1.02586621017292
139,14,6001,0.0001,30,0.0109211598468077,0.0262444792639625,0.984502341602683,1,0,0,1.02586621017292
139,14,6001,0.0001,60,0.0747665260837865,0.0667886855657361,7.53294378013383,1,1,0,1.02586621017292
139,14,6001,0.0001,120,0.667879119407153,0.0602009799606015,58.9217748425493,1,1,0,1.02586621017292
139,14,6801,1e-08,3,1.84603719836508e-05,2.62029229278524e-05,9.78388820305474e-06,1,0,0,1.20112304767351
139,14,6801,1e-08,10.2,6.10240884083752e-05,0.000167430390927088,3.0701926526387e-05,1,0,0,1.20112304767351
139,14,6801,1e-08,30,0.000295075397391503,0.00120736138952025,0.00022036857811208,1,0,0,1.20112304767351
139,14,6801,1e-08,60,4.61194006174506,5.0476625254271,0.001160888145643,0,0,1,1.20112304767351
139,14,6801,1e-08,120,3.76851968608147,4.55775752962891,0.00737909542410409,0,0,1,1.20112304767351
139,14,6801,1e-06,3,0.000198511345699036,2.62029229278524e-05,8.40741847535785e-05,1,0,0,0.973765713475564
139,14,6801,1e-06,10.2,0.000789773610693979,0.000167430390927088,0.000801581202199402,1,0,0,0.973765713475564
139,14,6801,1e-06,30,0.00440087803075788,0.00120736138952025,0.0121645920110148,1,0,0,0.973765713475564
139,14,6801,1e-06,60,4.22154002276866,5.0476625254271,0.0840083161455725,0,0,1,0.973765713475564
139,14,6801,1e-06,120,3.10069079328954,4.55775752962891,0.622782900887812,0,0,1,0.973765713475564
139,14,6801,0.0001,3,2.80333461777504e-05,2.62029229278524e-05,0.00201027975025284,1,0,0,0.838254293134467
139,14,6801,0.0001,10.2,2.2562237901104e-07,0.000167430390927088,0.0457343308175817,1,0,0,0.838254293134467
139,14,6801,0.0001,30,0.000276971873632453,0.00120736138952025,0.984502341602683,1,0,0,0.838254293134467
139,14,6801,0.0001,60,4.92862226996325,5.0476625254271,7.53294378013383,1,1,1,0.838254293134467
139,14,6801,0.0001,120,4.3729036242226,4.55775752962891,58.9217748425493,1,1,1,0.838254293134467
139,14,7601,1e-08,3,4.96643949851832e-05,0.000566766938433309,9.78388820305474e-06,0,0,0,1.12334520741514
139,14,7601,1e-08,10.2,0.000385890836391695,0.00289649105556752,3.0701926526387e-05,0,0,0,1.12334520741514
139,14,7601,1e-08,30,0.00774749490675068,0.0289296264592848,0.00022036857811208,0,0,0,1.12334520741514
139,14,7601,1e-08,60,0.0148510027127627,0.0764500644753852,0.001160888145643,0,0,0,1.12334520741514
139,14,7601,1e-08,120,0.997714385016172,0.488736593085625,0.00737909542410409,0,0,0,1.12334520741514
139,14,7601,1e-06,3,1.79467446126984e-05,0.000566766938433309,8.40741847535785e-05,1,0,0,0.987363615829989
139,14,7601,1e-06,10.2,0.000259013249029675,0.00289649105556752,0.000801581202199402,1,0,0,0.987363615829989
139,14,7601,1e-06,30,0.006795796832325,0.0289296264592848,0.0121645920110148,1,0,0,0.987363615829989
139,14,7601,1e-06,60,0.0128144959383489,0.0764500644753852,0.0840083161455725,1,0,0,0.987363615829989
139,14,7601,1e-06,120,1.0275486705971,0.488736593085625,0.622782900887812,1,0,0,0.987363615829989
139,14,7601,0.0001,3,0.00142985675655194,0.000566766938433309,0.00201027975025284,1,0,0,0.905362355822499
139,14,7601,0.0001,10.2,0.0142865425581221,0.00289649105556752,0.0457343308175817,1,0,0,0.905362355822499
139,14,7601,0.0001,30,0.142862283720527,0.0289296264592848,0.984502341602683,1,0,0,0.905362355822499
139,14,7601,0.0001,60,0.489719676906177,0.0764500644753852,7.53294378013383,1,1,0,0.905362355822499
139,14,7601,0.0001,120,0.0240391924846716,0.488736593085625,58.9217748425493,1,1,0,0.905362355822499
139,15,6001,1e-08,3,3.93397993137475e-05,0.000164213353323704,9.78388820305474e-06,0,0,0,1.1648404146252
139,15,6001,1e-08,10.2,0.000147425049290185,0.00216379796774476,3.0701926526387e-05,0,0,0,1.1648404146252
139,15,6001,1e-08,30,0.0015937815200379,0.0162712349873259,0.00022036857811208,0,0,0,1.1648404146252
139,15,6001,1e-08,60,0.0116724145095034,0.0503214662380931,0.001160888145643,0,0,0,1.1648404146252
139,15,6001,1e-08,120,0.167179957686432,0.0641365247401426,0.00737909542410409,0,0,0,1.1648404146252
139,15,6001,1e-06,3,1.01540985701828e-06,0.000164213353323704,8.40741847535785e-05,1,0,0,0.800299613282346
139,15,6001,1e-06,10.2,5.97699837928145e-07,0.00216379796774476,0.000801581202199402,1,0,0,0.800299613282346
139,15,6001,1e-06,30,0.000132491966287812,0.0162712349873259,0.0121645920110148,1,0,0,0.800299613282346
139,15,6001,1e-06,60,0.00315253381888266,0.0503214662380931,0.0840083161455725,1,0,0,0.800299613282346
139,15,6001,1e-06,120,0.0961156582949746,0.0641365247401426,0.622782900887812,1,0,0,0.800299613282346
139,15,6001,0.0001,3,6.82379763027606e-05,0.000164213353323704,0.00201027975025284,1,0,0,0.683429290660159
139,15,6001,0.0001,10.2,0.000713910217897775,0.00216379796774476,0.0457343308175817,1,0,0,0.683429290660159
139,15,6001,0.0001,30,0.00794210061706529,0.0162712349873259,0.984502341602683,1,0,0,0.683429290660159
139,15,6001,0.0001,60,0.0439691901251548,0.0503214662380931,7.53294378013383,1,1,0,0.683429290660159
139,15,6001,0.0001,120,0.378756570270649,0.0641365247401426,58.9217748425493,1,1,0,0.683429290660159
139,15,6801,1e-08,3,0.631438736266353,0.000702551939015986,9.78388820305474e-06,0,0,0,3860.04261788438
139,15,6801,1e-08,10.2,2.73235573712525,0.00341016192857125,3.0701926526387e-05,0,0,0,3860.04261788438
139,15,6801,1e-08,30,5.17678856550152,0.019760585590675,0.00022036857811208,0,0,0,3860.04261788438
139,15,6801,1e-08,60,1.4873507042857,0.0367899722565467,0.001160888145643,0,0,0,3860.04261788438
139,15,6801,1e-08,120,3.46027902575319,0.0521772570316037,0.00737909542410409,0,0,0,3860.04261788438
139,15,6801,1e-06,3,0.00309132255531325,0.000702551939015986,8.40741847535785e-05,0,0,0,1485.97269654829
139,15,6801,1e-06,10.2,0.0357821150413867,0.00341016192857125,0.000801581202199402,0,0,0,1485.97269654829
139,15,6801,1e-06,30,0.315822836579642,0.019760585590675,0.0121645920110148,0,0,0,1485.97269654829
139,15,6801,1e-06,60,1.44031980462342,0.0367899722565467,0.0840083161455725,0,0,0,1485.97269654829
139,15,6801,1e-06,120,6.46324171349503,0.0521772570316037,0.622782900887812,0,0,0,1485.97269654829
139,15,6801,0.0001,3,0.000586188734072844,0.000702551939015986,0.00201027975025284,1,0,0,461.719049832027
139,15,6801,0.0001,10.2,0.00362311911170772,0.00341016192857125,0.0457343308175817,1,0,0,461.719049832027
139,15,6801,0.0001,30,0.0235978573779474,0.019760585590675,0.984502341602683,1,0,0,461.719049832027
139,15,6801,0.0001,60,0.0492364516581679,0.0367899722565467,7.53294378013383,1,1,0,461.719049832027
139,15,6801,0.0001,120,0.0856109656776339,0.0521772570316037,58.9217748425493,1,1,0,461.719049832027
139,15,7601,1e-08,3,6.62345843278929e-05,3.16024835419757e-05,9.78388820305474e-06,0,0,0,1.12714854676022
139,15,7601,1e-08,10.2,0.000494702172587004,0.00118872896359024,3.0701926526387e-05,0,0,0,1.12714854676022
139,15,7601,1e-08,30,0.00937822604610428,0.0223944552037906,0.00022036857811208,0,0,0,1.12714854676022
139,15,7601,1e-08,60,0.0219487534351983,0.068868493063423,0.001160888145643,0,0,0,1.12714854676022
139,15,7601,1e-08,120,0.888412091652282,0.497502173749634,0.00737909542410409,0,0,0,1.12714854676022
139,15,7601,1e-06,3,7.02961374109324e-05,3.16024835419757e-05,8.40741847535785e-05,1,0,0,1.07228862360157
139,15,7601,1e-06,10.2,0.00052094204949883,0.00118872896359024,0.000801581202199402,1,0,0,1.07228862360157
139,15,7601,1e-06,30,0.00967246658847984,0.0223944552037906,0.0121645920110148,1,0,0,1.07228862360157
139,15,7601,1e-06,60,0.0228192439645748,0.068868493063423,0.0840083161455725,1,0,0,1.07228862360157
139,15,7601,1e-06,120,0.877675215561924,0.497502173749634,0.622782900887812,1,0,0,1.07228862360157
139,15,7601,0.0001,3,3.04855992800441e-05,3.16024835419757e-05,0.00201027975025284,1,0,0,1.00912729526927
139,15,7601,0.0001,10.2,0.000331348827676227,0.00118872896359024,0.0457343308175817,1,0,0,1.00912729526927
139,15,7601,0.0001,30,0.000297995270364307,0.0223944552037906,0.984502341602683,1,0,0,1.00912729526927
139,15,7601,0.0001,60,0.00601509493459222,0.068868493063423,7.53294378013383,1,1,0,1.00912729526927
139,15,7601,0.0001,120,1.93619729280744,0.497502173749634,58.9217748425493,1,1,0,1.00912729526927
139,16,6001,1e-08,3,0.000613088245756841,0.00120456733113138,9.78388820305474e-06,0,0,0,13.3181745857165
139,16,6001,1e-08,10.2,0.00228999874124526,0.00995547288021267,3.0701926526387e-05,0,0,0,13.3181745857165
139,16,6001,1e-08,30,0.0189431675798775,0.0637293024087088,0.00022036857811208,0,0,0,13.3181745857165
139,16,6001,1e-08,60,0.112297780597573,0.178354463530022,0.001160888145643,0,0,0,13.3181745857165
139,16,6001,1e-08,120,0.826108978942145,0.340145368713592,0.00737909542410409,0,0,0,13.3181745857165
139,16,6001,1e-06,3,3.89664991880655e-05,0.00120456733113138,8.40741847535785e-05,1,0,0,1.13967012730482
139,16,6001,1e-06,10.2,6.68993879173615e-06,0.00995547288021267,0.000801581202199402,1,0,0,1.13967012730482
139,16,6001,1e-06,30,0.00113843234310122,0.0637293024087088,0.0121645920110148,1,0,0,1.13967012730482
139,16,6001,1e-06,60,0.0225677176987756,0.178354463530022,0.0840083161455725,1,0,0,1.13967012730482
139,16,6001,1e-06,120,0.315892610663107,0.340145368713592,0.622782900887812,1,0,0,1.13967012730482
139,16,6001,0.0001,3,1.75763453431791e-05,0.00120456733113138,0.00201027975025284,1,0,0,1.00189230330703
139,16,6001,0.0001,10.2,0.000880031634572279,0.00995547288021267,0.0457343308175817,1,0,0,1.00189230330703
139,16,6001,0.0001,30,0.015873347726293,0.0637293024087088,0.984502341602683,1,0,0,1.00189230330703
139,16,6001,0.0001,60,0.111141492528226,0.178354463530022,7.53294378013383,1,1,0,1.00189230330703
139,16,6001,0.0001,120,0.859339497063503,0.340145368713592,58.9217748425493,1,1,0,1.00189230330703
139,16,6801,1e-08,3,3.8952277620068e-05,0.000290549688269403,9.78388820305474e-06,0,0,0,0.786068416307917
139,16,6801,1e-08,10.2,0.000124679123449107,0.00386921572637639,3.0701926526387e-05,0,0,0,0.786068416307917
139,16,6801,1e-08,30,0.000656728034223349,0.0350826622100155,0.00022036857811208,1,0,0,0.786068416307917
139,16,6801,1e-08,60,0.000484993883416843,0.0944275253460224,0.001160888145643,1,0,0,0.786068416307917
139,16,6801,1e-08,120,0.0245354323978052,0.258010940743878,0.00737909542410409,1,0,0,0.786068416307917
139,16,6801,1e-06,3,9.35814948051614e-05,0.000290549688269403,8.40741847535785e-05,1,0,0,0.791509312284682
139,16,6801,1e-06,10.2,0.000412320160416436,0.00386921572637639,0.000801581202199402,1,0,0,0.791509312284682
139,16,6801,1e-06,30,0.00254630720627822,0.0350826622100155,0.0121645920110148,1,0,0,0.791509312284682
139,16,6801,1e-06,60,0.000707096857811657,0.0944275253460224,0.0840083161455725,1,0,0,0.791509312284682
139,16,6801,1e-06,120,0.00365598927745653,0.258010940743878,0.622782900887812,1,0,0,0.791509312284682
139,16,6801,0.0001,3,0.000242678830361124,0.000290549688269403,0.00201027975025284,1,0,0,0.731964943761629
139,16,6801,0.0001,10.2,0.00107577368996243,0.00386921572637639,0.0457343308175817,1,0,0,0.731964943761629
139,16,6801,0.0001,30,0.00657296144928181,0.0350826622100155,0.984502341602683,1,0,0,0.731964943761629
139,16,6801,0.0001,60,0.00716697488008311,0.0944275253460224,7.53294378013383,1,1,0,0.731964943761629
139,16,6801,0.0001,120,0.00275725777042224,0.258010940743878,58.9217748425493,1,1,0,0.731964943761629
139,16,7601,1e-08,3,0.000445542049837536,0.00956520706717695,9.78388820305474e-06,0,0,0,21.5031178263572
139,16,7601,1e-08,10.2,0.0017425538515924,0.10783575093455,3.0701926526387e-05,0,0,0,21.5031178263572
139,16,7601,1e-08,30,0.310335469336543,0.384389828810909,0.00022036857811208,0,0,0,21.5031178263572
139,16,7601,1e-08,60,3.05672298691306,0.424269984412872,0.001160888145643,0,0,0,21.5031178263572
139,16,7601,1e-08,120,0.00012902939528239,2.10121548295257,0.00737909542410409,1,0,0,21.5031178263572
139,16,7601,1e-06,3,0.00036807702399913,0.00956520706717695,8.40741847535785e-05,0,0,0,1.08818997692613
139,16,7601,1e-06,10.2,0.0107337556175633,0.10783575093455,0.000801581202199402,0,0,0,1.08818997692613
139,16,7601,1e-06,30,0.460017715101337,0.384389828810909,0.0121645920110148,0,0,0,1.08818997692613
139,16,7601,1e-06,60,3.83916398337448,0.424269984412872,0.0840083161455725,0,0,0,1.08818997692613
139,16,7601,1e-06,120,0.161693814452495,2.10121548295257,0.622782900887812,1,0,0,1.08818997692613
139,16,7601,0.0001,3,0.00253672690206103,0.00956520706717695,0.00201027975025284,1,0,0,0.76147971185475
139,16,7601,0.0001,10.2,0.0383467745109592,0.10783575093455,0.0457343308175817,1,0,0,0.76147971185475
139,16,7601,0.0001,30,0.880449088466622,0.384389828810909,0.984502341602683,1,0,0,0.76147971185475
139,16,7601,0.0001,60,6.11960529654553,0.424269984412872,7.53294378013383,1,1,0,0.76147971185475
139,16,7601,0.0001,120,2.03112158383827,2.10121548295257,58.9217748425493,1,1,0,0.76147971185475
139,17,6001,1e-08,3,6.56746166078138e-05,0.000544068139840714,9.78388820305474e-06,0,0,0,1.00996821956351
139,17,6001,1e-08,10.2,0.000740387007758406,0.00136997133424949,3.0701926526387e-05,0,0,0,1.00996821956351
139,17,6001,1e-08,30,0.0231664087275579,4.84575396262019e-06,0.00022036857811208,0,0,0,1.00996821956351
139,17,6001,1e-08,60,0.169298784312574,0.0144989378925985,0.001160888145643,0,0,0,1.00996821956351
139,17,6001,1e-08,120,0.589678099743074,0.0414425893810634,0.00737909542410409,0,0,0,1.00996821956351
139,17,6001,1e-06,3,2.16885177889135e-06,0.000544068139840714,8.40741847535785e-05,1,0,0,0.85385020017001
139,17,6001,1e-06,10.2,6.91920253925462e-05,0.00136997133424949,0.000801581202199402,1,0,0,0.85385020017001
139,17,6001,1e-06,30,0.0115985370359215,4.84575396262019e-06,0.0121645920110148,1,0,0,0.85385020017001
139,17,6001,1e-06,60,0.107674151820856,0.0144989378925985,0.0840083161455725,1,0,0,0.85385020017001
139,17,6001,1e-06,120,0.368396185299635,0.0414425893810634,0.622782900887812,1,0,0,0.85385020017001
139,17,6001,0.0001,3,0.000732971142216522,0.000544068139840714,0.00201027975025284,1,0,0,0.757883587065716
139,17,6001,0.0001,10.2,0.004598129521321,0.00136997133424949,0.0457343308175817,1,0,0,0.757883587065716
139,17,6001,0.0001,30,0.0115305246166312,4.84575396262019e-06,0.984502341602683,1,0,0,0.757883587065716
139,17,6001,0.0001,60,0.00950007498440806,0.0144989378925985,7.53294378013383,1,1,0,0.757883587065716
139,17,6001,0.0001,120,0.0574595007713101,0.0414425893810634,58.9217748425493,1,1,0,0.757883587065716
139,17,6801,1e-08,3,0.000122592106337928,4.49214127678136e-06,9.78388820305474e-06,0,0,0,1.37743080160952
139,17,6801,1e-08,10.2,0.00019036870097586,1.23739638928028e-07,3.0701926526387e-05,0,0,0,1.37743080160952
139,17,6801,1e-08,30,0.00150139853883221,0.00416660487009926,0.00022036857811208,0,0,0,1.37743080160952
139,17,6801,1e-08,60,0.0883243845879433,0.116770041982993,0.001160888145643,0,0,0,1.37743080160952
139,17,6801,1e-08,120,1.80057340418362,2.02725809492727,0.00737909542410409,0,0,0,1.37743080160952
139,17,6801,1e-06,3,2.48757368335917e-05,4.49214127678136e-06,8.40741847535785e-05,1,0,0,0.833888542677408
139,17,6801,1e-06,10.2,0.000273259475640541,1.23739638928028e-07,0.000801581202199402,1,0,0,0.833888542677408
139,17,6801,1e-06,30,0.0117318478739958,0.00416660487009926,0.0121645920110148,1,0,0,0.833888542677408
139,17,6801,1e-06,60,0.181655951257797,0.116770041982993,0.0840083161455725,1,0,0,0.833888542677408
139,17,6801,1e-06,120,2.52738085374304,2.02725809492727,0.622782900887812,0,0,0,0.833888542677408
139,17,6801,0.0001,3,5.74135971448026e-05,4.49214127678136e-06,0.00201027975025284,1,0,0,0.755864782199537
139,17,6801,0.0001,10.2,0.000475406080434512,1.23739638928028e-07,0.0457343308175817,1,0,0,0.755864782199537
139,17,6801,0.0001,30,0.0146329865735551,0.00416660487009926,0.984502341602683,1,0,0,0.755864782199537
139,17,6801,0.0001,60,0.20254155795569,0.116770041982993,7.53294378013383,1,1,0,0.755864782199537
139,17,6801,0.0001,120,2.67640578641644,2.02725809492727,58.9217748425493,1,1,0,0.755864782199537
139,17,7601,1e-08,3,0.00029952636492507,0.00061938785524121,9.78388820305474e-06,0,0,0,1.57881624971361
139,17,7601,1e-08,10.2,0.000938767007080993,0.0077612016670121,3.0701926526387e-05,0,0,0,1.57881624971361
139,17,7601,1e-08,30,0.00040868568145434,0.0461553827399952,0.00022036857811208,1,0,0,1.57881624971361
139,17,7601,1e-08,60,0.0758174305363607,0.0161534379747182,0.001160888145643,0,0,0,1.57881624971361
139,17,7601,1e-08,120,8.7319460925404,6.30062862317935,0.00737909542410409,0,0,0,1.57881624971361
139,17,7601,1e-06,3,3.61770147136288e-05,0.00061938785524121,8.40741847535785e-05,1,0,0,0.688138957186397
139,17,7601,1e-06,10.2,9.53391269766342e-05,0.0077612016670121,0.000801581202199402,1,0,0,0.688138957186397
139,17,7601,1e-06,30,0.000729674744322779,0.0461553827399952,0.0121645920110148,1,0,0,0.688138957186397
139,17,7601,1e-06,60,0.131411630459528,0.0161534379747182,0.0840083161455725,1,0,0,0.688138957186397
139,17,7601,1e-06,120,7.77277825713272,6.30062862317935,0.622782900887812,0,0,0,0.688138957186397
139,17,7601,0.0001,3,1.84218057482514e-06,0.00061938785524121,0.00201027975025284,1,0,0,0.609709824456855
139,17,7601,0.0001,10.2,0.000126681425475211,0.0077612016670121,0.0457343308175817,1,0,0,0.609709824456855
139,17,7601,0.0001,30,0.00732093458726308,0.0461553827399952,0.984502341602683,1,0,0,0.609709824456855
139,17,7601,0.0001,60,0.228409241851469,0.0161534379747182,7.53294378013383,1,1,0,0.609709824456855
139,17,7601,0.0001,120,6.5475960801012,6.30062862317935,58.9217748425493,1,1,0,0.609709824456855
139,18,6001,1e-08,3,3.53125860210764e-05,7.41697644233909e-05,9.78388820305474e-06,1,0,0,1.85761113260448
139,18,6001,1e-08,10.2,0.000110005894307625,1.91526981916484e-06,3.0701926526387e-05,1,0,0,1.85761113260448
139,18,6001,1e-08,30,0.000790031596481847,0.000178915848080103,0.00022036857811208,1,0,0,1.85761113260448
139,18,6001,1e-08,60,0.00397758176139024,0.000754846637137492,0.001160888145643,1,0,0,1.85761113260448
139,18,6001,1e-08,120,0.0213235915616023,0.00181772202056696,0.00737909542410409,1,0,0,1.85761113260448
139,18,6001,1e-06,3,3.04923465781578e-05,7.41697644233909e-05,8.40741847535785e-05,1,0,0,0.935171715598454
139,18,6001,1e-06,10.2,0.000148530558887115,1.91526981916484e-06,0.000801581202199402,1,0,0,0.935171715598454
139,18,6001,1e-06,30,0.00126983722131909,0.000178915848080103,0.0121645920110148,1,0,0,0.935171715598454
139,18,6001,1e-06,60,0.00630851401574025,0.000754846637137492,0.0840083161455725,1,0,0,0.935171715598454
139,18,6001,1e-06,120,0.0324164515101534,0.00181772202056696,0.622782900887812,1,0,0,0.935171715598454
139,18,6001,0.0001,3,0.000246496141212992,7.41697644233909e-05,0.00201027975025284,1,0,0,0.847937118209673
139,18,6001,0.0001,10.2,0.00157911476753981,1.91526981916484e-06,0.0457343308175817,1,0,0,0.847937118209673
139,18,6001,0.0001,30,0.0123121381583734,0.000178915848080103,0.984502341602683,1,0,0,0.847937118209673
139,18,6001,0.0001,60,0.0515912669535554,0.000754846637137492,7.53294378013383,1,1,0,0.847937118209673
139,18,6001,0.0001,120,0.223282675326467,0.00181772202056696,58.9217748425493,1,1,0,0.847937118209673
139,18,6801,1e-08,3,1.37199189676219e-05,0.000395304710534419,9.78388820305474e-06,1,0,0,0.93925143492663
139,18,6801,1e-08,10.2,0.000225635013655151,0.000703113699749034,3.0701926526387e-05,0,0,0,0.93925143492663
139,18,6801,1e-08,30,0.00604446450830681,0.005831276012525,0.00022036857811208,0,0,0,0.93925143492663
139,18,6801,1e-08,60,0.0419019581329697,0.0337837027213185,0.001160888145643,0,0,0,0.93925143492663
139,18,6801,1e-08,120,2.8806705522394,3.0876669007424,0.00737909542410409,0,0,1,0.93925143492663
139,18,6801,1e-06,3,1.52646915873465e-05,0.000395304710534419,8.40741847535785e-05,1,0,0,0.907882556209995
139,18,6801,1e-06,10.2,0.000276293278542284,0.000703113699749034,0.000801581202199402,1,0,0,0.907882556209995
139,18,6801,1e-06,30,0.00692081753742329,0.005831276012525,0.0121645920110148,1,0,0,0.907882556209995
139,18,6801,1e-06,60,0.0466429494702465,0.0337837027213185,0.0840083161455725,1,0,0,0.907882556209995
139,18,6801,1e-06,120,2.80339464171017,3.0876669007424,0.622782900887812,0,0,1,0.907882556209995
139,18,6801,0.0001,3,0.00385703748991446,0.000395304710534419,0.00201027975025284,1,0,0,0.748975798328676
139,18,6801,0.0001,10.2,0.0352694536721816,0.000703113699749034,0.0457343308175817,1,0,0,0.748975798328676
139,18,6801,0.0001,30,0.319304308037945,0.005831276012525,0.984502341602683,1,0,0,0.748975798328676
139,18,6801,0.0001,60,1.3656372495014,0.0337837027213185,7.53294378013383,1,1,0,0.748975798328676
139,18,6801,0.0001,120,0.0483180098355725,3.0876669007424,58.9217748425493,1,1,1,0.748975798328676
139,18,7601,1e-08,3,3.46064267286052e-07,0.000150704150208548,9.78388820305474e-06,1,0,0,0.985947703217225
139,18,7601,1e-08,10.2,2.0694288127268e-06,0.00103664980658758,3.0701926526387e-05,1,0,0,0.985947703217225
139,18,7601,1e-08,30,4.65503877333088e-05,0.00759843626178373,0.00022036857811208,1,0,0,0.985947703217225
139,18,7601,1e-08,60,0.000452484760504669,0.0269514237677195,0.001160888145643,1,0,0,0.985947703217225
139,18,7601,1e-08,120,6.94305698647792,9.01984850107257,0.00737909542410409,0,0,0,0.985947703217225
139,18,7601,1e-06,3,1.27205950717085e-07,0.000150704150208548,8.40741847535785e-05,1,0,0,0.927148212067414
139,18,7601,1e-06,10.2,7.63274400934364e-06,0.00103664980658758,0.000801581202199402,1,0,0,0.927148212067414
139,18,7601,1e-06,30,8.44549820421161e-05,0.00759843626178373,0.0121645920110148,1,0,0,0.927148212067414
139,18,7601,1e-06,60,0.000636002585689982,0.0269514237677195,0.0840083161455725,1,0,0,0.927148212067414
139,18,7601,1e-06,120,6.90564933893646,9.01984850107257,0.622782900887812,0,0,0,0.927148212067414
139,18,7601,0.0001,3,2.44150557790407e-05,0.000150704150208548,0.00201027975025284,1,0,0,0.845689402727231
139,18,7601,0.0001,10.2,0.000117912903873075,0.00103664980658758,0.0457343308175817,1,0,0,0.845689402727231
139,18,7601,0.0001,30,0.000746477077748626,0.00759843626178373,0.984502341602683,1,0,0,0.845689402727231
139,18,7601,0.0001,60,0.00211366744689316,0.0269514237677195,7.53294378013383,1,1,0,0.845689402727231
139,18,7601,0.0001,120,7.66413860708394,9.01984850107257,58.9217748425493,1,1,0,0.845689402727231
139,19,6001,1e-08,3,0.000634297138068753,0.00362341502654806,9.78388820305474e-06,0,0,0,2.41673606444407
139,19,6001,1e-08,10.2,0.00298200786757374,0.0435495049284505,3.0701926526387e-05,0,0,0,2.41673606444407
139,19,6001,1e-08,30,0.0245070734828949,0.407122348213842,0.00022036857811208,0,0,0,2.41673606444407
139,19,6001,1e-08,60,0.0379289149004515,1.37448335815983,0.001160888145643,0,0,0,2.41673606444407
139,19,6001,1e-08,120,0.108137703369569,2.69294461105522,0.00737909542410409,0,0,0,2.41673606444407
139,19,6001,1e-06,3,0.000117904087308869,0.00362341502654806,8.40741847535785e-05,1,0,0,0.842745209034224
139,19,6001,1e-06,10.2,0.0010435205497682,0.0435495049284505,0.000801581202199402,1,0,0,0.842745209034224
139,19,6001,1e-06,30,0.0126125415385415,0.407122348213842,0.0121645920110148,1,0,0,0.842745209034224
139,19,6001,1e-06,60,0.0137529394138614,1.37448335815983,0.0840083161455725,1,0,0,0.842745209034224
139,19,6001,1e-06,120,0.223540834709774,2.69294461105522,0.622782900887812,1,0,0,0.842745209034224
139,19,6001,0.0001,3,2.32451269119553e-05,0.00362341502654806,0.00201027975025284,1,0,0,0.718885488334165
139,19,6001,0.0001,10.2,0.00023610694291367,0.0435495049284505,0.0457343308175817,1,0,0,0.718885488334165
139,19,6001,0.0001,30,0.00427594457191062,0.407122348213842,0.984502341602683,1,0,0,0.718885488334165
139,19,6001,0.0001,60,0.00062191689380649,1.37448335815983,7.53294378013383,1,1,0,0.718885488334165
139,19,6001,0.0001,120,0.430303617717512,2.69294461105522,58.9217748425493,1,1,0,0.718885488334165
139,19,6801,1e-08,3,4.04834907004447e-05,0.000393780223267502,9.78388820305474e-06,0,0,0,1.20205578282413
139,19,6801,1e-08,10.2,0.000171097137553119,0.00414909943409655,3.0701926526387e-05,0,0,0,1.20205578282413
139,19,6801,1e-08,30,0.00212784247462139,0.0406241166409234,0.00022036857811208,0,0,0,1.20205578282413
139,19,6801,1e-08,60,0.0189048771905623,0.203073527901462,0.001160888145643,0,0,0,1.20205578282413
139,19,6801,1e-08,120,0.18898005603423,1.13059057809571,0.00737909542410409,0,0,0,1.20205578282413
139,19,6801,1e-06,3,3.00480726369242e-05,0.000393780223267502,8.40741847535785e-05,1,0,0,0.609259901983044
139,19,6801,1e-06,10.2,0.000114268682727713,0.00414909943409655,0.000801581202199402,1,0,0,0.609259901983044
139,19,6801,1e-06,30,0.00156705888571449,0.0406241166409234,0.0121645920110148,1,0,0,0.609259901983044
139,19,6801,1e-06,60,0.0155406438305922,0.203073527901462,0.0840083161455725,1,0,0,0.609259901983044
139,19,6801,1e-06,120,0.167530249944827,1.13059057809571,0.622782900887812,1,0,0,0.609259901983044
139,19,6801,0.0001,3,1.07899690537097e-05,0.000393780223267502,0.00201027975025284,1,0,0,0.558428788734708
139,19,6801,0.0001,10.2,0.000249407419537432,0.00414909943409655,0.0457343308175817,1,0,0,0.558428788734708
139,19,6801,0.0001,30,0.00126841679473723,0.0406241166409234,0.984502341602683,1,0,0,0.558428788734708
139,19,6801,0.0001,60,0.000593163155808375,0.203073527901462,7.53294378013383,1,1,0,0.558428788734708
139,19,6801,0.0001,120,0.012691212581561,1.13059057809571,58.9217748425493,1,1,0,0.558428788734708
139,19,7601,1e-08,3,0.000162975422562975,0.00133992611312441,9.78388820305474e-06,0,0,0,1.40993742763219
139,19,7601,1e-08,10.2,0.00131932298486611,0.011107276119738,3.0701926526387e-05,0,0,0,1.40993742763219
139,19,7601,1e-08,30,0.0193482082331848,0.0658216045485144,0.00022036857811208,0,0,0,1.40993742763219
139,19,7601,1e-08,60,0.215739938693465,0.0998160421499535,0.001160888145643,0,0,0,1.40993742763219
139,19,7601,1e-08,120,2.42418335315536,4.96222630348129e-05,0.00737909542410409,0,0,0,1.40993742763219
139,19,7601,1e-06,3,2.6040973121522e-05,0.00133992611312441,8.40741847535785e-05,1,0,0,1.03679036759083
139,19,7601,1e-06,10.2,8.7379621417291e-09,0.011107276119738,0.000801581202199402,1,0,0,1.03679036759083
139,19,7601,1e-06,30,0.00267064941606282,0.0658216045485144,0.0121645920110148,1,0,0,1.03679036759083
139,19,7601,1e-06,60,0.0898683619641952,0.0998160421499535,0.0840083161455725,1,0,0,1.03679036759083
139,19,7601,1e-06,120,1.53196342597772,4.96222630348129e-05,0.622782900887812,1,0,0,1.03679036759083
139,19,7601,0.0001,3,0.00109512078122322,0.00133992611312441,0.00201027975025284,1,0,0,0.938246357902273
139,19,7601,0.0001,10.2,0.00619862851139696,0.011107276119738,0.0457343308175817,1,0,0,0.938246357902273
139,19,7601,0.0001,30,0.0276365496577195,0.0658216045485144,0.984502341602683,1,0,0,0.938246357902273
139,19,7601,0.0001,60,0.0166861566542887,0.0998160421499535,7.53294378013383,1,1,0,0.938246357902273
139,19,7601,0.0001,120,0.149537159193417,4.96222630348129e-05,58.9217748425493,1,1,0,0.938246357902273
139,20,6001,1e-08,3,0.000392758349692385,0.00173337269560613,9.78388820305474e-06,0,0,0,1.35902519142587
139,20,6001,1e-08,10.2,0.00182496275339377,0.0180533719839459,3.0701926526387e-05,0,0,0,1.35902519142587
139,20,6001,1e-08,30,0.0192959656603243,0.178573058045238,0.00022036857811208,0,0,0,1.35902519142587
139,20,6001,1e-08,60,0.0957484025869421,0.0703231130073555,0.001160888145643,0,0,0,1.35902519142587
139,20,6001,1e-08,120,8.92781220493803,4.57415221900108,0.00737909542410409,0,0,0,1.35902519142587
139,20,6001,1e-06,3,7.34960976003295e-05,0.00173337269560613,8.40741847535785e-05,1,0,0,0.6180623145645
139,20,6001,1e-06,10.2,0.000589058916867208,0.0180533719839459,0.000801581202199402,1,0,0,0.6180623145645
139,20,6001,1e-06,30,0.0101304513652864,0.178573058045238,0.0121645920110148,1,0,0,0.6180623145645
139,20,6001,1e-06,60,0.142663650305406,0.0703231130073555,0.0840083161455725,1,0,0,0.6180623145645
139,20,6001,1e-06,120,8.1775176753748,4.57415221900108,0.622782900887812,0,0,0,0.6180623145645
139,20,6001,0.0001,3,2.45687996796996e-06,0.00173337269560613,0.00201027975025284,1,0,0,0.537867388865789
139,20,6001,0.0001,10.2,9.55483274471247e-05,0.0180533719839459,0.0457343308175817,1,0,0,0.537867388865789
139,20,6001,0.0001,30,7.49968852728387e-07,0.178573058045238,0.984502341602683,1,0,0,0.537867388865789
139,20,6001,0.0001,60,0.333040570114304,0.0703231130073555,7.53294378013383,1,1,0,0.537867388865789
139,20,6001,0.0001,120,6.05671515354741,4.57415221900108,58.9217748425493,1,1,0,0.537867388865789
139,20,6801,1e-08,3,0.00115438016311268,7.23195539286036e-05,9.78388820305474e-06,0,0,0,13.2992992173308
139,20,6801,1e-08,10.2,0.00474638016033213,0.00294793749723599,3.0701926526387e-05,0,0,0,13.2992992173308
139,20,6801,1e-08,30,0.0410612490482673,0.0203067815456642,0.00022036857811208,0,0,0,13.2992992173308
139,20,6801,1e-08,60,0.21094456469869,0.049344649531775,0.001160888145643,0,0,0,13.2992992173308
139,20,6801,1e-08,120,1.26670349047391,0.0522196788400091,0.00737909542410409,0,0,0,13.2992992173308
139,20,6801,1e-06,3,0.000121772425630703,7.23195539286036e-05,8.40741847535785e-05,1,0,0,0.911992219683831
139,20,6801,1e-06,10.2,0.00120729853136206,0.00294793749723599,0.000801581202199402,1,0,0,0.911992219683831
139,20,6801,1e-06,30,0.0189529363733468,0.0203067815456642,0.0121645920110148,1,0,0,0.911992219683831
139,20,6801,1e-06,60,0.120844191121365,0.049344649531775,0.0840083161455725,1,0,0,0.911992219683831
139,20,6801,1e-06,120,0.847191178528646,0.0522196788400091,0.622782900887812,1,0,0,0.911992219683831
139,20,6801,0.0001,3,0.000851889511793013,7.23195539286036e-05,0.00201027975025284,1,0,0,0.750942871860694
139,20,6801,0.0001,10.2,0.00762462896062258,0.00294793749723599,0.0457343308175817,1,0,0,0.750942871860694
139,20,6801,0.0001,30,0.0811679302373649,0.0203067815456642,0.984502341602683,1,0,0,0.750942871860694
139,20,6801,0.0001,60,0.407397302404351,0.049344649531775,7.53294378013383,1,1,0,0.750942871860694
139,20,6801,0.0001,120,2.24376561764796,0.0522196788400091,58.9217748425493,1,1,0,0.750942871860694
139,20,7601,1e-08,3,0.000588155078599592,0.00105041643639342,9.78388820305474e-06,0,0,0,1.94973653219545
139,20,7601,1e-08,10.2,0.00665783413557578,0.0252489502267259,3.0701926526387e-05,0,0,0,1.94973653219545
139,20,7601,1e-08,30,0.682514388503583,1.19595614775698,0.00022036857811208,0,0,0,1.94973653219545
139,20,7601,1e-08,60,3.10780616407679,5.37524045334325,0.001160888145643,0,0,0,1.94973653219545
139,20,7601,1e-08,120,2.41416210592668,7.21206362970745,0.00737909542410409,0,0,0,1.94973653219545
139,20,7601,1e-06,3,0.000124432798525553,0.00105041643639342,8.40741847535785e-05,1,0,0,0.921011868226503
139,20,7601,1e-06,10.2,0.00369303942743813,0.0252489502267259,0.000801581202199402,0,0,0,0.921011868226503
139,20,7601,1e-06,30,0.614760363484917,1.19595614775698,0.0121645920110148,0,0,0,0.921011868226503
139,20,7601,1e-06,60,2.85143244657524,5.37524045334325,0.0840083161455725,0,0,0,0.921011868226503
139,20,7601,1e-06,120,2.00244322779892,7.21206362970745,0.622782900887812,1,0,0,0.921011868226503
139,20,7601,0.0001,3,0.000256655338473788,0.00105041643639342,0.00201027975025284,1,0,0,0.783778308169771
139,20,7601,0.0001,10.2,0.000500540318345404,0.0252489502267259,0.0457343308175817,1,0,0,0.783778308169771
139,20,7601,0.0001,30,0.299222299846696,1.19595614775698,0.984502341602683,1,0,0,0.783778308169771
139,20,7601,0.0001,60,1.48441383127292,5.37524045334325,7.53294378013383,1,1,0,0.783778308169771
139,20,7601,0.0001,120,0.228891520963946,7.21206362970745,58.9217748425493,1,1,0,0.783778308169771
140,1,6001,1e-08,3,4.75585410575638e-05,1.29993240559034e-05,9.78388820305474e-06,0,0,0,1.00863414639634
140,1,6001,1e-08,10.2,0.000256898465851756,0.000608242590531966,3.0701926526387e-05,0,0,0,1.00863414639634
140,1,6001,1e-08,30,0.0100571296880437,0.000548724031649852,0.00022036857811208,0,0,0,1.00863414639634
140,1,6001,1e-08,60,0.0515822060109253,0.000500865236373988,0.001160888145643,0,0,0,1.00863414639634
140,1,6001,1e-08,120,0.271485893832896,0.000398870293919118,0.00737909542410409,0,0,0,1.00863414639634
140,1,6001,1e-06,3,5.733491102948e-06,1.29993240559034e-05,8.40741847535785e-05,1,0,0,0.951179777156902
140,1,6001,1e-06,10.2,5.40829400766507e-05,0.000608242590531966,0.000801581202199402,1,0,0,0.951179777156902
140,1,6001,1e-06,30,0.0064220840721814,0.000548724031649852,0.0121645920110148,1,0,0,0.951179777156902
140,1,6001,1e-06,60,0.03594281340413,0.000500865236373988,0.0840083161455725,1,0,0,0.951179777156902
140,1,6001,1e-06,120,0.201371142657584,0.000398870293919118,0.622782900887812,1,0,0,0.951179777156902
140,1,6001,0.0001,3,3.07069938699717e-05,1.29993240559034e-05,0.00201027975025284,1,0,0,0.846120856636912
140,1,6001,0.0001,10.2,0.000408834642263061,0.000608242590531966,0.0457343308175817,1,0,0,0.846120856636912
140,1,6001,0.0001,30,0.0143351990602364,0.000548724031649852,0.984502341602683,1,0,0,0.846120856636912
140,1,6001,0.0001,60,0.0727229775181838,0.000500865236373988,7.53294378013383,1,1,0,0.846120856636912
140,1,6001,0.0001,120,0.371878768366012,0.000398870293919118,58.9217748425493,1,1,0,0.846120856636912
140,1,6801,1e-08,3,5.38806087995821e-06,8.84928433413197e-05,9.78388820305474e-06,1,0,0,45.5192507648297
140,1,6801,1e-08,10.2,2.05935226412544e-06,4.149764525641e-06,3.0701926526387e-05,1,0,0,45.5192507648297
140,1,6801,1e-08,30,4.14839508545547e-06,0.0013357005650196,0.00022036857811208,1,0,0,45.5192507648297
140,1,6801,1e-08,60,0.0104568637428617,0.0353987983449348,0.001160888145643,0,0,0,45.5192507648297
140,1,6801,1e-08,120,0.00546225635136829,0.0689307983882003,0.00737909542410409,1,0,0,45.5192507648297
140,1,6801,1e-06,3,6.84935785916485e-06,8.84928433413197e-05,8.40741847535785e-05,1,0,0,1.31518293232195
140,1,6801,1e-06,10.2,9.64256275694723e-05,4.149764525641e-06,0.000801581202199402,1,0,0,1.31518293232195
140,1,6801,1e-06,30,0.000706916779559126,0.0013357005650196,0.0121645920110148,1,0,0,1.31518293232195
140,1,6801,1e-06,60,0.00223880448567393,0.0353987983449348,0.0840083161455725,1,0,0,1.31518293232195
140,1,6801,1e-06,120,0.0011338028222925,0.0689307983882003,0.622782900887812,1,0,0,1.31518293232195
140,1,6801,0.0001,3,0.000543006915886827,8.84928433413197e-05,0.00201027975025284,1,0,0,1.19356689746089
140,1,6801,0.0001,10.2,0.0050569181808674,4.149764525641e-06,0.0457343308175817,1,0,0,1.19356689746089
140,1,6801,0.0001,30,0.0398199810698658,0.0013357005650196,0.984502341602683,1,0,0,1.19356689746089
140,1,6801,0.0001,60,0.0869313700564294,0.0353987983449348,7.53294378013383,1,1,0,1.19356689746089
140,1,6801,0.0001,120,0.510111235448982,0.0689307983882003,58.9217748425493,1,1,0,1.19356689746089
140,1,7601,1e-08,3,0.000126439535620935,4.49605779837362e-06,9.78388820305474e-06,0,0,0,0.910026402053318
140,1,7601,1e-08,10.2,0.00194757508878369,0.00238407230562861,3.0701926526387e-05,0,0,0,0.910026402053318
140,1,7601,1e-08,30,0.0770069942415186,0.110133364567384,0.00022036857811208,0,0,0,0.910026402053318
140,1,7601,1e-08,60,1.03502592779761,1.31555545136553,0.001160888145643,0,0,0,0.910026402053318
140,1,7601,1e-08,120,8.82702660618862,9.19323675490355,0.00737909542410409,0,0,0,0.910026402053318
140,1,7601,1e-06,3,2.33899578814583e-05,4.49605779837362e-06,8.40741847535785e-05,1,0,0,0.888941350260295
140,1,7601,1e-06,10.2,0.000930673392568736,0.00238407230562861,0.000801581202199402,1,0,0,0.888941350260295
140,1,7601,1e-06,30,0.0595518325174366,0.110133364567384,0.0121645920110148,0,0,0,0.888941350260295
140,1,7601,1e-06,60,0.909783877748407,1.31555545136553,0.0840083161455725,0,0,0,0.888941350260295
140,1,7601,1e-06,120,8.10745932253863,9.19323675490355,0.622782900887812,0,0,0,0.888941350260295
140,1,7601,0.0001,3,0.000737418732423022,4.49605779837362e-06,0.00201027975025284,1,0,0,0.744860479216216
140,1,7601,0.0001,10.2,0.00392547393162811,0.00238407230562861,0.0457343308175817,1,0,0,0.744860479216216
140,1,7601,0.0001,30,0.000300752673599614,0.110133364567384,0.984502341602683,1,0,0,0.744860479216216
140,1,7601,0.0001,60,0.191477456853332,1.31555545136553,7.53294378013383,1,1,0,0.744860479216216
140,1,7601,0.0001,120,3.3174096486177,9.19323675490355,58.9217748425493,1,1,0,0.744860479216216
140,2,6001,1e-08,3,0.145452493540122,0.00968556247895325,9.78388820305474e-06,0,0,0,949.280032577695
140,2,6001,1e-08,10.2,1.43696846443598,0.0523628658379417,3.0701926526387e-05,0,0,0,949.280032577695
140,2,6001,1e-08,30,7.01884542844708,0.160041927183729,0.00022036857811208,0,0,0,949.280032577695
140,2,6001,1e-08,60,1.65348247927562,0.171310717217875,0.001160888145643,0,0,0,949.280032577695
140,2,6001,1e-08,120,3.95289632183612,0.961066958826154,0.00737909542410409,0,0,0,949.280032577695
140,2,6001,1e-06,3,0.0511384815219132,0.00968556247895325,8.40741847535785e-05,0,0,0,66.7690771438462
140,2,6001,1e-06,10.2,0.404906949467693,0.0523628658379417,0.000801581202199402,0,0,0,66.7690771438462
140,2,6001,1e-06,30,3.80931577141419,0.160041927183729,0.0121645920110148,0,0,0,66.7690771438462
140,2,6001,1e-06,60,4.37976033325275,0.171310717217875,0.0840083161455725,0,0,0,66.7690771438462
140,2,6001,1e-06,120,6.1342662765101,0.961066958826154,0.622782900887812,0,0,0,66.7690771438462
140,2,6001,0.0001,3,0.000118746714029507,0.00968556247895325,0.00201027975025284,1,0,0,2.00057107119029
140,2,6001,0.0001,10.2,0.0180552571780246,0.0523628658379417,0.0457343308175817,1,0,0,2.00057107119029
140,2,6001,0.0001,30,0.437364761526177,0.160041927183729,0.984502341602683,1,0,0,2.00057107119029
140,2,6001,0.0001,60,2.9082282797242,0.171310717217875,7.53294378013383,1,1,0,2.00057107119029
140,2,6001,0.0001,120,1.14034977605139,0.961066958826154,58.9217748425493,1,1,0,2.00057107119029
140,2,6801,1e-08,3,0.911628374246179,7.6025455226635e-08,9.78388820305474e-06,0,0,0,4666.8087919462
140,2,6801,1e-08,10.2,4.05444816827799,0.000135402513305534,3.0701926526387e-05,0,0,0,4666.8087919462
140,2,6801,1e-08,30,1.94324864577447,0.00622374121139335,0.00022036857811208,0,0,0,4666.8087919462
140,2,6801,1e-08,60,6.12277325920424,0.442201916114522,0.001160888145643,0,0,0,4666.8087919462
140,2,6801,1e-08,120,2.92085480985852,4.90116395156482,0.00737909542410409,0,0,0,4666.8087919462
140,2,6801,1e-06,3,0.00236686556988437,7.6025455226635e-08,8.40741847535785e-05,0,0,0,1115.90365939308
140,2,6801,1e-06,10.2,0.0252877833736476,0.000135402513305534,0.000801581202199402,0,0,0,1115.90365939308
140,2,6801,1e-06,30,0.248556331748976,0.00622374121139335,0.0121645920110148,0,0,0,1115.90365939308
140,2,6801,1e-06,60,0.0279638848886809,0.442201916114522,0.0840083161455725,1,0,0,1115.90365939308
140,2,6801,1e-06,120,0.309763773387326,4.90116395156482,0.622782900887812,1,0,0,1115.90365939308
140,2,6801,0.0001,3,0.000210607094527789,7.6025455226635e-08,0.00201027975025284,1,0,0,116.155884093806
140,2,6801,0.0001,10.2,0.00272014878827302,0.000135402513305534,0.0457343308175817,1,0,0,116.155884093806
140,2,6801,0.0001,30,0.0143184202622809,0.00622374121139335,0.984502341602683,1,0,0,116.155884093806
140,2,6801,0.0001,60,1.14001152638474,0.442201916114522,7.53294378013383,1,1,0,116.155884093806
140,2,6801,0.0001,120,9.15031287326636,4.90116395156482,58.9217748425493,1,1,0,116.155884093806
140,2,7601,1e-08,3,0.350503179351075,1.05315592623116e-05,9.78388820305474e-06,0,0,0,1861.40732620652
140,2,7601,1e-08,10.2,0.977546841407303,0.00154156855297649,3.0701926526387e-05,0,0,0,1861.40732620652
140,2,7601,1e-08,30,0.154691199622644,6.81831058169005,0.00022036857811208,0,0,0,1861.40732620652
140,2,7601,1e-08,60,1.25389492916131,8.41579729711875,0.001160888145643,0,0,0,1861.40732620652
140,2,7601,1e-08,120,2.7418715153882,8.99539905952476,0.00737909542410409,0,0,0,1861.40732620652
140,2,7601,1e-06,3,0.000123458294190309,1.05315592623116e-05,8.40741847535785e-05,1,0,0,130.879401961788
140,2,7601,1e-06,10.2,0.0045038961197589,0.00154156855297649,0.000801581202199402,0,0,0,130.879401961788
140,2,7601,1e-06,30,7.25757740945114,6.81831058169005,0.0121645920110148,0,0,0,130.879401961788
140,2,7601,1e-06,60,9.40684873196513,8.41579729711875,0.0840083161455725,0,0,0,130.879401961788
140,2,7601,1e-06,120,8.71060635854935,8.99539905952476,0.622782900887812,0,0,0,130.879401961788
140,2,7601,0.0001,3,2.8468912749685e-06,1.05315592623116e-05,0.00201027975025284,1,0,0,3.27839541387015
140,2,7601,0.0001,10.2,0.00178883363729513,0.00154156855297649,0.0457343308175817,1,0,0,3.27839541387015
140,2,7601,0.0001,30,6.90030473427838,6.81831058169005,0.984502341602683,0,0,0,3.27839541387015
140,2,7601,0.0001,60,8.6187863304715,8.41579729711875,7.53294378013383,1,1,0,3.27839541387015
140,2,7601,0.0001,120,9.43877306552419,8.99539905952476,58.9217748425493,1,1,0,3.27839541387015
140,3,6001,1e-08,3,0.000366231495613497,0.000208643104112075,9.78388820305474e-06,0,0,0,2.40838411330834
140,3,6001,1e-08,10.2,0.00112360122424135,1.11208599718845e-05,3.0701926526387e-05,0,0,0,2.40838411330834
140,3,6001,1e-08,30,0.00612653772383789,0.00329781930285747,0.00022036857811208,0,0,0,2.40838411330834
140,3,6001,1e-08,60,0.256991568482242,0.250249081767404,0.001160888145643,0,0,0,2.40838411330834
140,3,6001,1e-08,120,8.2263342721421,8.10285023744294,0.00737909542410409,0,0,0,2.40838411330834
140,3,6001,1e-06,3,1.42363207208325e-05,0.000208643104112075,8.40741847535785e-05,1,0,0,1.04188283649637
140,3,6001,1e-06,10.2,2.91164239920567e-05,1.11208599718845e-05,0.000801581202199402,1,0,0,1.04188283649637
140,3,6001,1e-06,30,2.17155503411343e-05,0.00329781930285747,0.0121645920110148,1,0,0,1.04188283649637
140,3,6001,1e-06,60,0.127677684030508,0.250249081767404,0.0840083161455725,1,0,0,1.04188283649637
140,3,6001,1e-06,120,9.80955782264701,8.10285023744294,0.622782900887812,0,0,0,1.04188283649637
140,3,6001,0.0001,3,0.00180554806618296,0.000208643104112075,0.00201027975025284,1,0,0,0.80562780950887
140,3,6001,0.0001,10.2,0.0153087906232535,1.11208599718845e-05,0.0457343308175817,1,0,0,0.80562780950887
140,3,6001,0.0001,30,0.116917148945145,0.00329781930285747,0.984502341602683,1,0,0,0.80562780950887
140,3,6001,0.0001,60,0.0971424076027372,0.250249081767404,7.53294378013383,1,1,0,0.80562780950887
140,3,6001,0.0001,120,3.23846528264064,8.10285023744294,58.9217748425493,1,1,0,0.80562780950887
140,3,6801,1e-08,3,2.23045883353629,2.0096105046384,9.78388820305474e-06,0,0,0,4.86587889568022
140,3,6801,1e-08,10.2,8.3648297434232,8.16655688415516,3.0701926526387e-05,0,0,0,4.86587889568022
140,3,6801,1e-08,30,7.09838863691405,7.52733019228841,0.00022036857811208,0,0,0,4.86587889568022
140,3,6801,1e-08,60,7.81510074705236,9.28599614370732,0.001160888145643,0,0,0,4.86587889568022
140,3,6801,1e-08,120,3.78369226657578,1.81866287173104,0.00737909542410409,0,0,0,4.86587889568022
140,3,6801,1e-06,3,1.98978174603914,2.0096105046384,8.40741847535785e-05,0,0,0,1.42241456003557
140,3,6801,1e-06,10.2,7.40031328345742,8.16655688415516,0.000801581202199402,0,0,0,1.42241456003557
140,3,6801,1e-06,30,5.0523878149177,7.52733019228841,0.0121645920110148,0,0,0,1.42241456003557
140,3,6801,1e-06,60,4.0332555362406,9.28599614370732,0.0840083161455725,0,0,0,1.42241456003557
140,3,6801,1e-06,120,7.89222335530484,1.81866287173104,0.622782900887812,0,0,0,1.42241456003557
140,3,6801,0.0001,3,1.71581898008223,2.0096105046384,0.00201027975025284,0,0,0,0.831256555633683
140,3,6801,0.0001,10.2,5.98085203908977,8.16655688415516,0.0457343308175817,0,0,0,0.831256555633683
140,3,6801,0.0001,30,2.23288843357971,7.52733019228841,0.984502341602683,1,0,0,0.831256555633683
140,3,6801,0.0001,60,0.280410521699805,9.28599614370732,7.53294378013383,1,1,0,0.831256555633683
140,3,6801,0.0001,120,0.0144078954130009,1.81866287173104,58.9217748425493,1,1,0,0.831256555633683
140,3,7601,1e-08,3,0.917523494277698,0.000881555868015398,9.78388820305474e-06,0,0,0,6485.11686217087
140,3,7601,1e-08,10.2,4.11820954195114,0.00479858458899459,3.0701926526387e-05,0,0,0,6485.11686217087
140,3,7601,1e-08,30,3.30560290178039,0.110680730388967,0.00022036857811208,0,0,0,6485.11686217087
140,3,7601,1e-08,60,0.0252070220548103,8.8377224233883,0.001160888145643,0,0,0,6485.11686217087
140,3,7601,1e-08,120,8.8077745187707,4.67469749633983,0.00737909542410409,0,0,0,6485.11686217087
140,3,7601,1e-06,3,0.00439166431428619,0.000881555868015398,8.40741847535785e-05,0,0,0,2223.93635376415
140,3,7601,1e-06,10.2,0.126606407902511,0.00479858458899459,0.000801581202199402,0,0,0,2223.93635376415
140,3,7601,1e-06,30,2.76517645100752,0.110680730388967,0.0121645920110148,0,0,0,2223.93635376415
140,3,7601,1e-06,60,0.370623357745808,8.8377224233883,0.0840083161455725,0,0,0,2223.93635376415
140,3,7601,1e-06,120,1.75093337250629,4.67469749633983,0.622782900887812,1,0,0,2223.93635376415
140,3,7601,0.0001,3,0.002202941304849,0.000881555868015398,0.00201027975025284,1,0,0,536.885173074413
140,3,7601,0.0001,10.2,0.0381070361023395,0.00479858458899459,0.0457343308175817,1,0,0,536.885173074413
140,3,7601,0.0001,30,1.2404879232989,0.110680730388967,0.984502341602683,1,0,0,536.885173074413
140,3,7601,0.0001,60,3.05039625916042,8.8377224233883,7.53294378013383,1,1,0,536.885173074413
140,3,7601,0.0001,120,0.983669874265383,4.67469749633983,58.9217748425493,1,1,0,536.885173074413
140,4,6001,1e-08,3,4.82389271739853e-09,0.000594799634267348,9.78388820305474e-06,1,0,0,1.03403585863939
140,4,6001,1e-08,10.2,1.05594314943966e-05,0.00487467887653014,3.0701926526387e-05,1,0,0,1.03403585863939
140,4,6001,1e-08,30,0.0817103955375641,0.00625730196832234,0.00022036857811208,0,0,0,1.03403585863939
140,4,6001,1e-08,60,0.357338408543228,0.0355273932037368,0.001160888145643,0,0,0,1.03403585863939
140,4,6001,1e-08,120,6.21890920542039,8.85082300439161,0.00737909542410409,0,0,0,1.03403585863939
140,4,6001,1e-06,3,7.35795983931871e-05,0.000594799634267348,8.40741847535785e-05,1,0,0,0.9953938794392
140,4,6001,1e-06,10.2,0.000257015941793932,0.00487467887653014,0.000801581202199402,1,0,0,0.9953938794392
140,4,6001,1e-06,30,0.0563235049928396,0.00625730196832234,0.0121645920110148,0,0,0,0.9953938794392
140,4,6001,1e-06,60,0.254969717699231,0.0355273932037368,0.0840083161455725,1,0,0,0.9953938794392
140,4,6001,1e-06,120,7.15681727659618,8.85082300439161,0.622782900887812,0,0,0,0.9953938794392
140,4,6001,0.0001,3,4.89632216164356e-05,0.000594799634267348,0.00201027975025284,1,0,0,0.902159814968751
140,4,6001,0.0001,10.2,3.51791367549691e-05,0.00487467887653014,0.0457343308175817,1,0,0,0.902159814968751
140,4,6001,0.0001,30,0.0733631599234557,0.00625730196832234,0.984502341602683,1,0,0,0.902159814968751
140,4,6001,0.0001,60,0.329448462961455,0.0355273932037368,7.53294378013383,1,1,0,0.902159814968751
140,4,6001,0.0001,120,6.42719753275345,8.85082300439161,58.9217748425493,1,1,0,0.902159814968751
140,4,6801,1e-08,3,1.51547122119947e-08,0.00024421458780123,9.78388820305474e-06,1,0,0,5.34103660596386
140,4,6801,1e-08,10.2,1.22729868943799e-06,0.00274279378646658,3.0701926526387e-05,1,0,0,5.34103660596386
140,4,6801,1e-08,30,7.19385081414734e-08,0.0248070793136317,0.00022036857811208,1,0,0,5.34103660596386
140,4,6801,1e-08,60,9.97997538430216e-05,0.10525403886052,0.001160888145643,1,0,0,5.34103660596386
140,4,6801,1e-08,120,0.387465437852256,4.07090075714924e-05,0.00737909542410409,0,0,0,5.34103660596386
140,4,6801,1e-06,3,3.03887347698873e-05,0.00024421458780123,8.40741847535785e-05,1,0,0,1.00094944833306
140,4,6801,1e-06,10.2,5.70072416147737e-05,0.00274279378646658,0.000801581202199402,1,0,0,1.00094944833306
140,4,6801,1e-06,30,8.22644558047105e-05,0.0248070793136317,0.0121645920110148,1,0,0,1.00094944833306
140,4,6801,1e-06,60,1.39550515687023e-05,0.10525403886052,0.0840083161455725,1,0,0,1.00094944833306
140,4,6801,1e-06,120,0.415983368108219,4.07090075714924e-05,0.622782900887812,1,0,0,1.00094944833306
140,4,6801,0.0001,3,4.28868707537245e-05,0.00024421458780123,0.00201027975025284,1,0,0,0.920561247475592
140,4,6801,0.0001,10.2,0.000101372035659742,0.00274279378646658,0.0457343308175817,1,0,0,0.920561247475592
140,4,6801,0.0001,30,0.000245332811962266,0.0248070793136317,0.984502341602683,1,0,0,0.920561247475592
140,4,6801,0.0001,60,0.000272353251665262,0.10525403886052,7.53294378013383,1,1,0,0.920561247475592
140,4,6801,0.0001,120,0.449012456894928,4.07090075714924e-05,58.9217748425493,1,1,0,0.920561247475592
140,4,7601,1e-08,3,0.0013851658884275,5.33486088015632e-05,9.78388820305474e-06,0,0,0,3.86743006194066
140,4,7601,1e-08,10.2,0.00607477962370742,0.00131154243378352,3.0701926526387e-05,0,0,0,3.86743006194066
140,4,7601,1e-08,30,0.0297721647157446,0.00967034263189737,0.00022036857811208,0,0,0,3.86743006194066
140,4,7601,1e-08,60,0.00482030626880584,0.00291554850950326,0.001160888145643,0,0,0,3.86743006194066
140,4,7601,1e-08,120,0.0635743649794885,0.000917077416081719,0.00737909542410409,0,0,0,3.86743006194066
140,4,7601,1e-06,3,9.17657073278658e-05,5.33486088015632e-05,8.40741847535785e-05,1,0,0,0.95278158780452
140,4,7601,1e-06,10.2,0.000888454879000215,0.00131154243378352,0.000801581202199402,1,0,0,0.95278158780452
140,4,7601,1e-06,30,0.00463073214267395,0.00967034263189737,0.0121645920110148,1,0,0,0.95278158780452
140,4,7601,1e-06,60,0.0145121264634058,0.00291554850950326,0.0840083161455725,1,0,0,0.95278158780452
140,4,7601,1e-06,120,0.0117833813273746,0.000917077416081719,0.622782900887812,1,0,0,0.95278158780452
140,4,7601,0.0001,3,0.00021784441722203,5.33486088015632e-05,0.00201027975025284,1,0,0,0.813880694090014
140,4,7601,0.0001,10.2,0.00248400019108733,0.00131154243378352,0.0457343308175817,1,0,0,0.813880694090014
140,4,7601,0.0001,30,0.0166222021626904,0.00967034263189737,0.984502341602683,1,0,0,0.813880694090014
140,4,7601,0.0001,60,5.27845011384736e-06,0.00291554850950326,7.53294378013383,1,1,0,0.813880694090014
140,4,7601,0.0001,120,0.0190397964633228,0.000917077416081719,58.9217748425493,1,1,0,0.813880694090014
140,5,6001,1e-08,3,1.75032429838275e-06,0.000237160083257725,9.78388820305474e-06,1,0,0,1.10732552068527
140,5,6001,1e-08,10.2,1.31075643744739e-05,0.0015883073186275,3.0701926526387e-05,1,0,0,1.10732552068527
140,5,6001,1e-08,30,0.00100217232486314,0.00729011690848712,0.00022036857811208,0,0,0,1.10732552068527
140,5,6001,1e-08,60,0.0276666481454439,0.00386497003654712,0.001160888145643,0,0,0,1.10732552068527
140,5,6001,1e-08,120,0.241294967811841,0.0015833184883132,0.00737909542410409,0,0,0,1.10732552068527
140,5,6001,1e-06,3,9.60184305456196e-06,0.000237160083257725,8.40741847535785e-05,1,0,0,1.09526935872733
140,5,6001,1e-06,10.2,2.68531659911989e-05,0.0015883073186275,0.000801581202199402,1,0,0,1.09526935872733
140,5,6001,1e-06,30,0.000116803735418977,0.00729011690848712,0.0121645920110148,1,0,0,1.09526935872733
140,5,6001,1e-06,60,0.0161875376073385,0.00386497003654712,0.0840083161455725,1,0,0,1.09526935872733
140,5,6001,1e-06,120,0.172730698678395,0.0015833184883132,0.622782900887812,1,0,0,1.09526935872733
140,5,6001,0.0001,3,0.000118078085565153,0.000237160083257725,0.00201027975025284,1,0,0,1.0080481726509
140,5,6001,0.0001,10.2,0.000711862471425598,0.0015883073186275,0.0457343308175817,1,0,0,1.0080481726509
140,5,6001,0.0001,30,0.00234755518955115,0.00729011690848712,0.984502341602683,1,0,0,1.0080481726509
140,5,6001,0.0001,60,0.000115742390922758,0.00386497003654712,7.53294378013383,1,1,0,1.0080481726509
140,5,6001,0.0001,120,0.0341183249881486,0.0015833184883132,58.9217748425493,1,1,0,1.0080481726509
140,5,6801,1e-08,3,1.10690621730002e-05,4.64630931692876e-05,9.78388820305474e-06,1,0,0,1.07919575815897
140,5,6801,1e-08,10.2,2.26447753798461e-05,0.000310008311849767,3.0701926526387e-05,1,0,0,1.07919575815897
140,5,6801,1e-08,30,7.21765588816702e-05,0.00221666088239214,0.00022036857811208,1,0,0,1.07919575815897
140,5,6801,1e-08,60,0.000182678606780762,0.00829877235294329,0.001160888145643,1,0,0,1.07919575815897
140,5,6801,1e-08,120,0.000398946456732625,0.0308168700395524,0.00737909542410409,1,0,0,1.07919575815897
140,5,6801,1e-06,3,3.38765844568842e-07,4.64630931692876e-05,8.40741847535785e-05,1,0,0,1.04692079179252
140,5,6801,1e-06,10.2,6.16292860031429e-06,0.000310008311849767,0.000801581202199402,1,0,0,1.04692079179252
140,5,6801,1e-06,30,0.000123432765749022,0.00221666088239214,0.0121645920110148,1,0,0,1.04692079179252
140,5,6801,1e-06,60,0.000616230101446008,0.00829877235294329,0.0840083161455725,1,0,0,1.04692079179252
140,5,6801,1e-06,120,0.00311748921454289,0.0308168700395524,0.622782900887812,1,0,0,1.04692079179252
140,5,6801,0.0001,3,6.26012640396791e-05,4.64630931692876e-05,0.00201027975025284,1,0,0,0.968436663405622
140,5,6801,0.0001,10.2,0.000455578776337799,0.000310008311849767,0.0457343308175817,1,0,0,0.968436663405622
140,5,6801,0.0001,30,0.00337361920407562,0.00221666088239214,0.984502341602683,1,0,0,0.968436663405622
140,5,6801,0.0001,60,0.0127928305361032,0.00829877235294329,7.53294378013383,1,1,0,0.968436663405622
140,5,6801,0.0001,120,0.0482100468373578,0.0308168700395524,58.9217748425493,1,1,0,0.968436663405622
140,5,7601,1e-08,3,0.000185359929982337,0.000148464078041739,9.78388820305474e-06,0,0,0,1.17615217192459
140,5,7601,1e-08,10.2,0.00138697648684894,0.00431545897890796,3.0701926526387e-05,0,0,0,1.17615217192459
140,5,7601,1e-08,30,0.0790354053092866,0.153470212795224,0.00022036857811208,0,0,0,1.17615217192459
140,5,7601,1e-08,60,5.91189142586194,7.1105372722909,0.001160888145643,0,0,0,1.17615217192459
140,5,7601,1e-08,120,7.21402048369242,9.69183003122607,0.00737909542410409,0,0,0,1.17615217192459
140,5,7601,1e-06,3,1.01994920444585e-06,0.000148464078041739,8.40741847535785e-05,1,0,0,1.0098756233565
140,5,7601,1e-06,10.2,5.28841943405155e-05,0.00431545897890796,0.000801581202199402,1,0,0,1.0098756233565
140,5,7601,1e-06,30,0.0436653848763877,0.153470212795224,0.0121645920110148,1,0,0,1.0098756233565
140,5,7601,1e-06,60,5.26853712108136,7.1105372722909,0.0840083161455725,0,0,0,1.0098756233565
140,5,7601,1e-06,120,5.86562933116266,9.69183003122607,0.622782900887812,0,0,0,1.0098756233565
140,5,7601,0.0001,3,0.000212647334390261,0.000148464078041739,0.00201027975025284,1,0,0,0.885163401577361
140,5,7601,0.0001,10.2,0.00087526156926312,0.00431545897890796,0.0457343308175817,1,0,0,0.885163401577361
140,5,7601,0.0001,30,0.011679857560867,0.153470212795224,0.984502341602683,1,0,0,0.885163401577361
140,5,7601,0.0001,60,4.39917720362255,7.1105372722909,7.53294378013383,1,1,0,0.885163401577361
140,5,7601,0.0001,120,4.12074196664911,9.69183003122607,58.9217748425493,1,1,0,0.885163401577361
140,6,6001,1e-08,3,0.000141844805112625,0.000153901517666677,9.78388820305474e-06,0,0,0,1.1885186510931
140,6,6001,1e-08,10.2,0.00140968767766976,0.000372702632923692,3.0701926526387e-05,0,0,0,1.1885186510931
140,6,6001,1e-08,30,0.0252855581581145,0.00796549812346627,0.00022036857811208,0,0,0,1.1885186510931
140,6,6001,1e-08,60,0.127444752933433,0.0437487816814766,0.001160888145643,0,0,0,1.1885186510931
140,6,6001,1e-08,120,0.301957303395757,0.060289858914797,0.00737909542410409,0,0,0,1.1885186510931
140,6,6001,1e-06,3,4.00766192369888e-06,0.000153901517666677,8.40741847535785e-05,1,0,0,0.953329993081273
140,6,6001,1e-06,10.2,0.000367753924193444,0.000372702632923692,0.000801581202199402,1,0,0,0.953329993081273
140,6,6001,1e-06,30,0.013777554006298,0.00796549812346627,0.0121645920110148,1,0,0,0.953329993081273
140,6,6001,1e-06,60,0.0784580203375745,0.0437487816814766,0.0840083161455725,1,0,0,0.953329993081273
140,6,6001,1e-06,120,0.161690878501914,0.060289858914797,0.622782900887812,1,0,0,0.953329993081273
140,6,6001,0.0001,3,0.000322629205969535,0.000153901517666677,0.00201027975025284,1,0,0,0.876302638547941
140,6,6001,0.0001,10.2,0.00513132008396324,0.000372702632923692,0.0457343308175817,1,0,0,0.876302638547941
140,6,6001,0.0001,30,0.0730075657257973,0.00796549812346627,0.984502341602683,1,0,0,0.876302638547941
140,6,6001,0.0001,60,0.342216843324434,0.0437487816814766,7.53294378013383,1,1,0,0.876302638547941
140,6,6001,0.0001,120,1.02239150064552,0.060289858914797,58.9217748425493,1,1,0,0.876302638547941
140,6,6801,1e-08,3,1.30413983254012e-05,2.88183175062142e-05,9.78388820305474e-06,1,0,0,0.946844541459822
140,6,6801,1e-08,10.2,0.000197709672094805,0.000428217273133291,3.0701926526387e-05,0,0,0,0.946844541459822
140,6,6801,1e-08,30,0.00928595834416674,8.59571834620484e-05,0.00022036857811208,0,0,0,0.946844541459822
140,6,6801,1e-08,60,0.0703770548892856,0.00273077642475395,0.001160888145643,0,0,0,0.946844541459822
140,6,6801,1e-08,120,0.134387001845412,0.00374928760909343,0.00737909542410409,0,0,0,0.946844541459822
140,6,6801,1e-06,3,7.38136747096967e-07,2.88183175062142e-05,8.40741847535785e-05,1,0,0,0.928115930097704
140,6,6801,1e-06,10.2,5.53430628083808e-05,0.000428217273133291,0.000801581202199402,1,0,0,0.928115930097704
140,6,6801,1e-06,30,0.00625695660467758,8.59571834620484e-05,0.0121645920110148,1,0,0,0.928115930097704
140,6,6801,1e-06,60,0.0537781145246497,0.00273077642475395,0.0840083161455725,1,0,0,0.928115930097704
140,6,6801,1e-06,120,0.0905750375216696,0.00374928760909343,0.622782900887812,1,0,0,0.928115930097704
140,6,6801,0.0001,3,0.000295988205675496,2.88183175062142e-05,0.00201027975025284,1,0,0,0.826594802103739
140,6,6801,0.0001,10.2,0.00159539523330102,0.000428217273133291,0.0457343308175817,1,0,0,0.826594802103739
140,6,6801,0.0001,30,0.00239178783485151,8.59571834620484e-05,0.984502341602683,1,0,0,0.826594802103739
140,6,6801,0.0001,60,0.00033361226426608,0.00273077642475395,7.53294378013383,1,1,0,0.826594802103739
140,6,6801,0.0001,120,0.0374530448530626,0.00374928760909343,58.9217748425493,1,1,0,0.826594802103739
140,6,7601,1e-08,3,8.32395891662279e-05,5.63248995885079e-05,9.78388820305474e-06,0,0,0,1.55655697659997
140,6,7601,1e-08,10.2,0.000197650690858329,3.38356712629777e-05,3.0701926526387e-05,0,0,0,1.55655697659997
140,6,7601,1e-08,30,0.000145089187596054,0.00166876490622555,0.00022036857811208,1,0,0,1.55655697659997
140,6,7601,1e-08,60,0.0201109173563214,0.0339104146414113,0.001160888145643,0,0,0,1.55655697659997
140,6,7601,1e-08,120,9.69656471919671,9.60913498851829,0.00737909542410409,0,0,0,1.55655697659997
140,6,7601,1e-06,3,5.18216403329009e-06,5.63248995885079e-05,8.40741847535785e-05,1,0,0,1.03404318295028
140,6,7601,1e-06,10.2,8.43135869230044e-05,3.38356712629777e-05,0.000801581202199402,1,0,0,1.03404318295028
140,6,7601,1e-06,30,0.00460352648022056,0.00166876490622555,0.0121645920110148,1,0,0,1.03404318295028
140,6,7601,1e-06,60,0.0609866349344741,0.0339104146414113,0.0840083161455725,1,0,0,1.03404318295028
140,6,7601,1e-06,120,8.79381824864011,9.60913498851829,0.622782900887812,0,0,0,1.03404318295028
140,6,7601,0.0001,3,0.00039051926647824,5.63248995885079e-05,0.00201027975025284,1,0,0,0.909456642164124
140,6,7601,0.0001,10.2,0.00327367028352785,3.38356712629777e-05,0.0457343308175817,1,0,0,0.909456642164124
140,6,7601,0.0001,30,0.0399567232674672,0.00166876490622555,0.984502341602683,1,0,0,0.909456642164124
140,6,7601,0.0001,60,0.256322645840806,0.0339104146414113,7.53294378013383,1,1,0,0.909456642164124
140,6,7601,0.0001,120,6.01003324636429,9.60913498851829,58.9217748425493,1,1,0,0.909456642164124
140,7,6001,1e-08,3,0.00279599938302531,0.000655298181342286,9.78388820305474e-06,0,0,0,3.99729648918398
140,7,6001,1e-08,10.2,0.0372074172704042,0.0315022276054721,3.0701926526387e-05,0,0,0,3.99729648918398
140,7,6001,1e-08,30,6.66510545354104,6.75448288570108,0.00022036857811208,0,0,0,3.99729648918398
140,7,6001,1e-08,60,8.75947132709452,9.15892245955304,0.001160888145643,0,0,0,3.99729648918398
140,7,6001,1e-08,120,7.05303768137503,6.20043753166439,0.00737909542410409,0,0,0,3.99729648918398
140,7,6001,1e-06,3,0.000283522569821769,0.000655298181342286,8.40741847535785e-05,1,0,0,0.971036862418732
140,7,6001,1e-06,10.2,0.0152766348996391,0.0315022276054721,0.000801581202199402,0,0,0,0.971036862418732
140,7,6001,1e-06,30,5.86096590946579,6.75448288570108,0.0121645920110148,0,0,0,0.971036862418732
140,7,6001,1e-06,60,7.07739147961534,9.15892245955304,0.0840083161455725,0,0,0,0.971036862418732
140,7,6001,1e-06,120,9.30863405518843,6.20043753166439,0.622782900887812,0,0,0,0.971036862418732
140,7,6001,0.0001,3,1.49614735042477e-06,0.000655298181342286,0.00201027975025284,1,0,0,0.718548932201696
140,7,6001,0.0001,10.2,0.005590458216092,0.0315022276054721,0.0457343308175817,1,0,0,0.718548932201696
140,7,6001,0.0001,30,5.23266456213918,6.75448288570108,0.984502341602683,0,0,0,0.718548932201696
140,7,6001,0.0001,60,5.7537390299622,9.15892245955304,7.53294378013383,1,1,0,0.718548932201696
140,7,6001,0.0001,120,6.41590569360027,6.20043753166439,58.9217748425493,1,1,0,0.718548932201696
140,7,6801,1e-08,3,0.000461497558547537,0.000634476456609914,9.78388820305474e-06,0,0,0,1.05577401633592
140,7,6801,1e-08,10.2,0.00452712372025258,0.00380657664777388,3.0701926526387e-05,0,0,0,1.05577401633592
140,7,6801,1e-08,30,0.154761433733863,0.00144881359829874,0.00022036857811208,0,0,0,1.05577401633592
140,7,6801,1e-08,60,1.04877825242009,0.106149666177039,0.001160888145643,0,0,0,1.05577401633592
140,7,6801,1e-08,120,2.08130974128166,0.00341813510159058,0.00737909542410409,0,0,0,1.05577401633592
140,7,6801,1e-06,3,7.98023814581786e-05,0.000634476456609914,8.40741847535785e-05,1,0,0,0.707717783770165
140,7,6801,1e-06,10.2,0.00211813097147448,0.00380657664777388,0.000801581202199402,1,0,0,0.707717783770165
140,7,6801,1e-06,30,0.121229316893178,0.00144881359829874,0.0121645920110148,0,0,0,0.707717783770165
140,7,6801,1e-06,60,0.888463967453162,0.106149666177039,0.0840083161455725,0,0,0,0.707717783770165
140,7,6801,1e-06,120,1.66039675998962,0.00341813510159058,0.622782900887812,1,0,0,0.707717783770165
140,7,6801,0.0001,3,0.00034020772929172,0.000634476456609914,0.00201027975025284,1,0,0,0.650917032581381
140,7,6801,0.0001,10.2,0.00522380109135969,0.00380657664777388,0.0457343308175817,1,0,0,0.650917032581381
140,7,6801,0.0001,30,0.176795895146136,0.00144881359829874,0.984502341602683,1,0,0,0.650917032581381
140,7,6801,0.0001,60,1.17642165691446,0.106149666177039,7.53294378013383,1,1,0,0.650917032581381
140,7,6801,0.0001,120,2.46527671937802,0.00341813510159058,58.9217748425493,1,1,0,0.650917032581381
140,7,7601,1e-08,3,4.30862790286484e-05,0.000401810675373238,9.78388820305474e-06,0,0,0,3.22185615339996
140,7,7601,1e-08,10.2,1.21511584108912e-07,0.00244520671060988,3.0701926526387e-05,1,0,0,3.22185615339996
140,7,7601,1e-08,30,0.0128828597881985,0.00130791234636706,0.00022036857811208,0,0,0,3.22185615339996
140,7,7601,1e-08,60,0.192108203341658,0.0188555043705123,0.001160888145643,0,0,0,3.22185615339996
140,7,7601,1e-08,120,6.97408236800711,9.23378015512093,0.00737909542410409,0,0,0,3.22185615339996
140,7,7601,1e-06,3,2.29436624002222e-06,0.000401810675373238,8.40741847535785e-05,1,0,0,0.872468405921111
140,7,7601,1e-06,10.2,3.36104497814559e-05,0.00244520671060988,0.000801581202199402,1,0,0,0.872468405921111
140,7,7601,1e-06,30,0.0144120911648947,0.00130791234636706,0.0121645920110148,1,0,0,0.872468405921111
140,7,7601,1e-06,60,0.19937480057188,0.0188555043705123,0.0840083161455725,1,0,0,0.872468405921111
140,7,7601,1e-06,120,6.91325264505708,9.23378015512093,0.622782900887812,0,0,0,0.872468405921111
140,7,7601,0.0001,3,0.00049507211927021,0.000401810675373238,0.00201027975025284,1,0,0,0.769773320044429
140,7,7601,0.0001,10.2,0.00324650876980907,0.00244520671060988,0.0457343308175817,1,0,0,0.769773320044429
140,7,7601,0.0001,30,0.00340302913078019,0.00130791234636706,0.984502341602683,1,0,0,0.769773320044429
140,7,7601,0.0001,60,0.00864177231136488,0.0188555043705123,7.53294378013383,1,1,0,0.769773320044429
140,7,7601,0.0001,120,8.70245140568064,9.23378015512093,58.9217748425493,1,1,0,0.769773320044429
140,8,6001,1e-08,3,0.0019329490288855,0.00146683573306403,9.78388820305474e-06,0,0,0,2.25638621054879
140,8,6001,1e-08,10.2,0.012399339576525,0.0130362069147357,3.0701926526387e-05,0,0,0,2.25638621054879
140,8,6001,1e-08,30,0.177523720311789,0.0392708274133147,0.00022036857811208,0,0,0,2.25638621054879
140,8,6001,1e-08,60,1.19334386159504,0.0153845687883573,0.001160888145643,0,0,0,2.25638621054879
140,8,6001,1e-08,120,6.90182204327309,0.0470146120790442,0.00737909542410409,0,0,0,2.25638621054879
140,8,6001,1e-06,3,0.00017449839018828,0.00146683573306403,8.40741847535785e-05,1,0,0,1.10267377864064
140,8,6001,1e-06,10.2,0.0027135097793633,0.0130362069147357,0.000801581202199402,1,0,0,1.10267377864064
140,8,6001,1e-06,30,0.080477034726194,0.0392708274133147,0.0121645920110148,0,0,0,1.10267377864064
140,8,6001,1e-06,60,0.698861350370944,0.0153845687883573,0.0840083161455725,0,0,0,1.10267377864064
140,8,6001,1e-06,120,4.55038498826482,0.0470146120790442,0.622782900887812,0,0,0,1.10267377864064
140,8,6001,0.0001,3,2.88781168280791e-05,0.00146683573306403,0.00201027975025284,1,0,0,1.02868025035063
140,8,6001,0.0001,10.2,0.0011234395411105,0.0130362069147357,0.0457343308175817,1,0,0,1.02868025035063
140,8,6001,0.0001,30,0.055499143765904,0.0392708274133147,0.984502341602683,1,0,0,1.02868025035063
140,8,6001,0.0001,60,0.552252351246924,0.0153845687883573,7.53294378013383,1,1,0,1.02868025035063
140,8,6001,0.0001,120,3.80577738680657,0.0470146120790442,58.9217748425493,1,1,0,1.02868025035063
140,8,6801,1e-08,3,0.000273954437155014,2.00311535773224e-05,9.78388820305474e-06,0,0,0,1.4084386549305
140,8,6801,1e-08,10.2,0.00128732623889307,0.000163926427155888,3.0701926526387e-05,0,0,0,1.4084386549305
140,8,6801,1e-08,30,0.0172313258704826,0.00607498443481467,0.00022036857811208,0,0,0,1.4084386549305
140,8,6801,1e-08,60,0.116274011400461,0.0584819679994416,0.001160888145643,0,0,0,1.4084386549305
140,8,6801,1e-08,120,0.55127180386672,0.3043186289241,0.00737909542410409,0,0,0,1.4084386549305
140,8,6801,1e-06,3,8.20615283782512e-05,2.00311535773224e-05,8.40741847535785e-05,1,0,0,1.14101781464423
140,8,6801,1e-06,10.2,0.000436061102065755,0.000163926427155888,0.000801581202199402,1,0,0,1.14101781464423
140,8,6801,1e-06,30,0.00914578771443741,0.00607498443481467,0.0121645920110148,1,0,0,1.14101781464423
140,8,6801,1e-06,60,0.0751234714345959,0.0584819679994416,0.0840083161455725,1,0,0,1.14101781464423
140,8,6801,1e-06,120,0.375813690116645,0.3043186289241,0.622782900887812,1,0,0,1.14101781464423
140,8,6801,0.0001,3,0.000268693397365032,2.00311535773224e-05,0.00201027975025284,1,0,0,1.02457284166598
140,8,6801,0.0001,10.2,0.00244416527883797,0.000163926427155888,0.0457343308175817,1,0,0,1.02457284166598
140,8,6801,0.0001,30,0.00961954050239495,0.00607498443481467,0.984502341602683,1,0,0,1.02457284166598
140,8,6801,0.0001,60,0.0113602073058606,0.0584819679994416,7.53294378013383,1,1,0,1.02457284166598
140,8,6801,0.0001,120,0.0200365360630803,0.3043186289241,58.9217748425493,1,1,0,1.02457284166598
140,8,7601,1e-08,3,0.000352648671723117,3.35381275540631e-05,9.78388820305474e-06,0,0,0,1.52847201490434
140,8,7601,1e-08,10.2,0.000450268737455846,0.00159357917150736,3.0701926526387e-05,0,0,0,1.52847201490434
140,8,7601,1e-08,30,0.00132900934622702,0.00481443619119594,0.00022036857811208,0,0,0,1.52847201490434
140,8,7601,1e-08,60,0.160995494708486,0.0266891027902928,0.001160888145643,0,0,0,1.52847201490434
140,8,7601,1e-08,120,5.97068426552319,8.67560648986919,0.00737909542410409,0,0,0,1.52847201490434
140,8,7601,1e-06,3,1.47890896776666e-05,3.35381275540631e-05,8.40741847535785e-05,1,0,0,0.595390289108334
140,8,7601,1e-06,10.2,2.49128464184979e-05,0.00159357917150736,0.000801581202199402,1,0,0,0.595390289108334
140,8,7601,1e-06,30,0.00877586778783781,0.00481443619119594,0.0121645920110148,1,0,0,0.595390289108334
140,8,7601,1e-06,60,0.25548593838106,0.0266891027902928,0.0840083161455725,1,0,0,0.595390289108334
140,8,7601,1e-06,120,5.04139552849166,8.67560648986919,0.622782900887812,0,0,0,0.595390289108334
140,8,7601,0.0001,3,0.000325792456184822,3.35381275540631e-05,0.00201027975025284,1,0,0,0.566024900760869
140,8,7601,0.0001,10.2,0.00462235930318472,0.00159357917150736,0.0457343308175817,1,0,0,0.566024900760869
140,8,7601,0.0001,30,0.0727406646801057,0.00481443619119594,0.984502341602683,1,0,0,0.566024900760869
140,8,7601,0.0001,60,0.727159817205576,0.0266891027902928,7.53294378013383,1,1,0,0.566024900760869
140,8,7601,0.0001,120,2.41962404600488,8.67560648986919,58.9217748425493,1,1,0,0.566024900760869
140,9,6001,1e-08,3,0.000245749867208023,0.00346210969093428,9.78388820305474e-06,0,0,0,1.17614688823204
140,9,6001,1e-08,10.2,0.00183784644740784,0.0291054924496952,3.0701926526387e-05,0,0,0,1.17614688823204
140,9,6001,1e-08,30,0.0542382787228894,0.131562128842335,0.00022036857811208,0,0,0,1.17614688823204
140,9,6001,1e-08,60,0.876224678192991,0.056894742205261,0.001160888145643,0,0,0,1.17614688823204
140,9,6001,1e-08,120,8.24179689410308,0.289745750894551,0.00737909542410409,0,0,0,1.17614688823204
140,9,6001,1e-06,3,2.84766007181058e-05,0.00346210969093428,8.40741847535785e-05,1,0,0,0.839925450265426
140,9,6001,1e-06,10.2,2.59199895972379e-13,0.0291054924496952,0.000801581202199402,1,0,0,0.839925450265426
140,9,6001,1e-06,30,0.0168779611586659,0.131562128842335,0.0121645920110148,1,0,0,0.839925450265426
140,9,6001,1e-06,60,0.550597583023876,0.056894742205261,0.0840083161455725,0,0,0,0.839925450265426
140,9,6001,1e-06,120,6.22336103840124,0.289745750894551,0.622782900887812,0,0,0,0.839925450265426
140,9,6001,0.0001,3,0.000330568201828106,0.00346210969093428,0.00201027975025284,1,0,0,0.73214930763723
140,9,6001,0.0001,10.2,0.00101798447031994,0.0291054924496952,0.0457343308175817,1,0,0,0.73214930763723
140,9,6001,0.0001,30,0.00207849876442327,0.131562128842335,0.984502341602683,1,0,0,0.73214930763723
140,9,6001,0.0001,60,0.334403537746334,0.056894742205261,7.53294378013383,1,1,0,0.73214930763723
140,9,6001,0.0001,120,4.71791842947301,0.289745750894551,58.9217748425493,1,1,0,0.73214930763723
140,9,6801,1e-08,3,0.00209581121131326,0.00654763996038742,9.78388820305474e-06,0,0,0,24.4713881714191
140,9,6801,1e-08,10.2,0.0196091858124707,0.055487084036075,3.0701926526387e-05,0,0,0,24.4713881714191
140,9,6801,1e-08,30,0.456873369664856,0.147547688114361,0.00022036857811208,0,0,0,24.4713881714191
140,9,6801,1e-08,60,3.59446409577941,0.0404763272317194,0.001160888145643,0,0,0,24.4713881714191
140,9,6801,1e-08,120,3.91158297900742e-05,4.43411769202585,0.00737909542410409,1,0,0,24.4713881714191
140,9,6801,1e-06,3,0.000355361694321618,0.00654763996038742,8.40741847535785e-05,0,0,0,1.06571502818094
140,9,6801,1e-06,10.2,0.00661380629199396,0.055487084036075,0.000801581202199402,0,0,0,1.06571502818094
140,9,6801,1e-06,30,0.280715293080781,0.147547688114361,0.0121645920110148,0,0,0,1.06571502818094
140,9,6801,1e-06,60,2.61597762643704,0.0404763272317194,0.0840083161455725,0,0,0,1.06571502818094
140,9,6801,1e-06,120,0.302042442734782,4.43411769202585,0.622782900887812,1,0,0,1.06571502818094
140,9,6801,0.0001,3,5.49439360637979e-05,0.00654763996038742,0.00201027975025284,1,0,0,0.876121684274148
140,9,6801,0.0001,10.2,6.73269617957128e-05,0.055487084036075,0.0457343308175817,1,0,0,0.876121684274148
140,9,6801,0.0001,30,0.107485745174822,0.147547688114361,0.984502341602683,1,0,0,0.876121684274148
140,9,6801,0.0001,60,1.48885690438308,0.0404763272317194,7.53294378013383,1,1,0,0.876121684274148
140,9,6801,0.0001,120,1.78828124009401,4.43411769202585,58.9217748425493,1,1,0,0.876121684274148
140,9,7601,1e-08,3,0.0397558960678323,0.0542321629642363,9.78388820305474e-06,0,0,0,518.147837368866
140,9,7601,1e-08,10.2,0.0590993459796671,0.264980652676784,3.0701926526387e-05,0,0,0,518.147837368866
140,9,7601,1e-08,30,4.87156008016385,0.294569091729623,0.00022036857811208,0,0,0,518.147837368866
140,9,7601,1e-08,60,4.17432293449494,6.5441832272047,0.001160888145643,0,0,0,518.147837368866
140,9,7601,1e-08,120,6.19518703955053,2.98342566626873,0.00737909542410409,0,0,0,518.147837368866
140,9,7601,1e-06,3,0.0642734875134702,0.0542321629642363,8.40741847535785e-05,0,0,0,16.4627488624342
140,9,7601,1e-06,10.2,0.988383657418882,0.264980652676784,0.000801581202199402,0,0,0,16.4627488624342
140,9,7601,1e-06,30,6.27508531375315,0.294569091729623,0.0121645920110148,0,0,0,16.4627488624342
140,9,7601,1e-06,60,2.03553699894725,6.5441832272047,0.0840083161455725,0,0,0,16.4627488624342
140,9,7601,1e-06,120,7.89049750428631,2.98342566626873,0.622782900887812,0,0,0,16.4627488624342
140,9,7601,0.0001,3,0.00893533450191598,0.0542321629642363,0.00201027975025284,0,0,0,1.08630194274284
140,9,7601,0.0001,10.2,0.320035899137495,0.264980652676784,0.0457343308175817,0,0,0,1.08630194274284
140,9,7601,0.0001,30,6.80528357157849,0.294569091729623,0.984502341602683,0,0,0,1.08630194274284
140,9,7601,0.0001,60,6.57524081656143,6.5441832272047,7.53294378013383,1,1,0,1.08630194274284
140,9,7601,0.0001,120,2.98860082444316,2.98342566626873,58.9217748425493,1,1,0,1.08630194274284
140,10,6001,1e-08,3,2.07597140601374e-06,0.00024886631164592,9.78388820305474e-06,1,0,0,1.30293596383475
140,10,6001,1e-08,10.2,7.32251628618253e-06,0.00122175048140869,3.0701926526387e-05,1,0,0,1.30293596383475
140,10,6001,1e-08,30,0.00028758043012032,0.00591672965044455,0.00022036857811208,1,0,0,1.30293596383475
140,10,6001,1e-08,60,0.0228151171868705,0.000784667329949675,0.001160888145643,0,0,0,1.30293596383475
140,10,6001,1e-08,120,0.318932265741525,0.046363512703463,0.00737909542410409,0,0,0,1.30293596383475
140,10,6001,1e-06,3,3.08292582067679e-05,0.00024886631164592,8.40741847535785e-05,1,0,0,1.20213888905133
140,10,6001,1e-06,10.2,0.000132452841064672,0.00122175048140869,0.000801581202199402,1,0,0,1.20213888905133
140,10,6001,1e-06,30,0.000292958372125613,0.00591672965044455,0.0121645920110148,1,0,0,1.20213888905133
140,10,6001,1e-06,60,0.00754857335985981,0.000784667329949675,0.0840083161455725,1,0,0,1.20213888905133
140,10,6001,1e-06,120,0.193949247818647,0.046363512703463,0.622782900887812,1,0,0,1.20213888905133
140,10,6001,0.0001,3,0.000160288864674426,0.00024886631164592,0.00201027975025284,1,0,0,1.10318934302269
140,10,6001,0.0001,10.2,0.00100966703130918,0.00122175048140869,0.0457343308175817,1,0,0,1.10318934302269
140,10,6001,0.0001,30,0.00541223191330282,0.00591672965044455,0.984502341602683,1,0,0,1.10318934302269
140,10,6001,0.0001,60,0.000595149647565036,0.000784667329949675,7.53294378013383,1,1,0,1.10318934302269
140,10,6001,0.0001,120,0.0481652109756011,0.046363512703463,58.9217748425493,1,1,0,1.10318934302269
140,10,6801,1e-08,3,8.73035795899846e-07,7.22267811946881e-06,9.78388820305474e-06,1,0,0,1.92786372737877
140,10,6801,1e-08,10.2,2.25185256488689e-05,0.00122750444430222,3.0701926526387e-05,1,0,0,1.92786372737877
140,10,6801,1e-08,30,0.00175621863530097,0.0125648641177888,0.00022036857811208,0,0,0,1.92786372737877
140,10,6801,1e-08,60,0.0444517206850637,0.0135080303543252,0.001160888145643,0,0,0,1.92786372737877
140,10,6801,1e-08,120,0.367328197701026,0.00450276677784735,0.00737909542410409,0,0,0,1.92786372737877
140,10,6801,1e-06,3,3.05278738433908e-06,7.22267811946881e-06,8.40741847535785e-05,1,0,0,1.02967223080972
140,10,6801,1e-06,10.2,1.98743077143147e-05,0.00122750444430222,0.000801581202199402,1,0,0,1.02967223080972
140,10,6801,1e-06,30,0.00148953510151486,0.0125648641177888,0.0121645920110148,1,0,0,1.02967223080972
140,10,6801,1e-06,60,0.0411842264293175,0.0135080303543252,0.0840083161455725,1,0,0,1.02967223080972
140,10,6801,1e-06,120,0.346934210644082,0.00450276677784735,0.622782900887812,1,0,0,1.02967223080972
140,10,6801,0.0001,3,0.000851680894376697,7.22267811946881e-06,0.00201027975025284,1,0,0,0.949477924991666
140,10,6801,0.0001,10.2,0.00767436786358156,0.00122750444430222,0.0457343308175817,1,0,0,0.949477924991666
140,10,6801,0.0001,30,0.075591902561023,0.0125648641177888,0.984502341602683,1,0,0,0.949477924991666
140,10,6801,0.0001,60,0.450785172892721,0.0135080303543252,7.53294378013383,1,1,0,0.949477924991666
140,10,6801,0.0001,120,2.31563106245875,0.00450276677784735,58.9217748425493,1,1,0,0.949477924991666
140,10,7601,1e-08,3,5.23408797753891e-05,8.46583619141143e-07,9.78388820305474e-06,0,0,0,1.0016088235901
140,10,7601,1e-08,10.2,0.000682089543823014,0.000272260284576502,3.0701926526387e-05,0,0,0,1.0016088235901
140,10,7601,1e-08,30,0.00927142808507129,0.00602042665672285,0.00022036857811208,0,0,0,1.0016088235901
140,10,7601,1e-08,60,0.0297566931301968,0.0196129901120202,0.001160888145643,0,0,0,1.0016088235901
140,10,7601,1e-08,120,0.0528526092771279,0.0288748286862281,0.00737909542410409,0,0,0,1.0016088235901
140,10,7601,1e-06,3,4.35361918146165e-07,8.46583619141143e-07,8.40741847535785e-05,1,0,0,0.863929605325433
140,10,7601,1e-06,10.2,8.89376505044552e-05,0.000272260284576502,0.000801581202199402,1,0,0,0.863929605325433
140,10,7601,1e-06,30,0.00307193652057239,0.00602042665672285,0.0121645920110148,1,0,0,0.863929605325433
140,10,7601,1e-06,60,0.00902618046946871,0.0196129901120202,0.0840083161455725,1,0,0,0.863929605325433
140,10,7601,1e-06,120,0.00626284562687521,0.0288748286862281,0.622782900887812,1,0,0,0.863929605325433
140,10,7601,0.0001,3,4.6716259529359e-05,8.46583619141143e-07,0.00201027975025284,1,0,0,0.8229316118026
140,10,7601,0.0001,10.2,4.59894167981671e-05,0.000272260284576502,0.0457343308175817,1,0,0,0.8229316118026
140,10,7601,0.0001,30,0.000134809710424956,0.00602042665672285,0.984502341602683,1,0,0,0.8229316118026
140,10,7601,0.0001,60,8.78081687043715e-05,0.0196129901120202,7.53294378013383,1,1,0,0.8229316118026
140,10,7601,0.0001,120,0.00812523802781788,0.0288748286862281,58.9217748425493,1,1,0,0.8229316118026
140,11,6001,1e-08,3,4.86612575911844e-05,0.000492783613590441,9.78388820305474e-06,0,0,0,1.2289273827011
140,11,6001,1e-08,10.2,0.000558791851229422,0.00256215568451025,3.0701926526387e-05,0,0,0,1.2289273827011
140,11,6001,1e-08,30,0.0399768528587236,2.92420124337987e-06,0.00022036857811208,0,0,0,1.2289273827011
140,11,6001,1e-08,60,0.268038295300134,0.0173317950716156,0.001160888145643,0,0,0,1.2289273827011
140,11,6001,1e-08,120,1.1466234118104,0.095510416316173,0.00737909542410409,0,0,0,1.2289273827011
140,11,6001,1e-06,3,4.02526329981972e-06,0.000492783613590441,8.40741847535785e-05,1,0,0,1.19214216884555
140,11,6001,1e-06,10.2,1.19278708540671e-05,0.00256215568451025,0.000801581202199402,1,0,0,1.19214216884555
140,11,6001,1e-06,30,0.0221857070344783,2.92420124337987e-06,0.0121645920110148,1,0,0,1.19214216884555
140,11,6001,1e-06,60,0.17644316502967,0.0173317950716156,0.0840083161455725,1,0,0,1.19214216884555
140,11,6001,1e-06,120,0.774001647632375,0.095510416316173,0.622782900887812,1,0,0,1.19214216884555
140,11,6001,0.0001,3,0.000414225452936921,0.000492783613590441,0.00201027975025284,1,0,0,1.08253699108518
140,11,6001,0.0001,10.2,0.00205373594380901,0.00256215568451025,0.0457343308175817,1,0,0,1.08253699108518
140,11,6001,0.0001,30,0.000272461004057336,2.92420124337987e-06,0.984502341602683,1,0,0,1.08253699108518
140,11,6001,0.0001,60,0.025868125103611,0.0173317950716156,7.53294378013383,1,1,0,1.08253699108518
140,11,6001,0.0001,120,0.134697197074727,0.095510416316173,58.9217748425493,1,1,0,1.08253699108518
140,11,6801,1e-08,3,1.24022384612616e-06,0.000311104819297356,9.78388820305474e-06,1,0,0,1.18956035164488
140,11,6801,1e-08,10.2,9.32148703167121e-05,0.000535202552357837,3.0701926526387e-05,1,0,0,1.18956035164488
140,11,6801,1e-08,30,0.00679797790352748,0.000122273511932328,0.00022036857811208,0,0,0,1.18956035164488
140,11,6801,1e-08,60,0.0495990219700773,0.00861685989605687,0.001160888145643,0,0,0,1.18956035164488
140,11,6801,1e-08,120,0.0163457768745869,0.0141631832360138,0.00737909542410409,1,0,0,1.18956035164488
140,11,6801,1e-06,3,9.48489261488045e-05,0.000311104819297356,8.40741847535785e-05,1,0,0,1.09425398558487
140,11,6801,1e-06,10.2,0.00016346827537856,0.000535202552357837,0.000801581202199402,1,0,0,1.09425398558487
140,11,6801,1e-06,30,0.000792073530295352,0.000122273511932328,0.0121645920110148,1,0,0,1.09425398558487
140,11,6801,1e-06,60,0.0144290121323433,0.00861685989605687,0.0840083161455725,1,0,0,1.09425398558487
140,11,6801,1e-06,120,0.00508368480014037,0.0141631832360138,0.622782900887812,1,0,0,1.09425398558487
140,11,6801,0.0001,3,0.000591174295587005,0.000311104819297356,0.00201027975025284,1,0,0,0.956841859092074
140,11,6801,0.0001,10.2,0.00304913808668142,0.000535202552357837,0.0457343308175817,1,0,0,0.956841859092074
140,11,6801,0.0001,30,0.00826291736642169,0.000122273511932328,0.984502341602683,1,0,0,0.956841859092074
140,11,6801,0.0001,60,0.0132251452433689,0.00861685989605687,7.53294378013383,1,1,0,0.956841859092074
140,11,6801,0.0001,120,0.290063616808254,0.0141631832360138,58.9217748425493,1,1,0,0.956841859092074
140,11,7601,1e-08,3,1.77383114782155e-06,0.000101830946096491,9.78388820305474e-06,1,0,0,1.24030370652789
140,11,7601,1e-08,10.2,1.50967920463537e-05,0.000516751959460601,3.0701926526387e-05,1,0,0,1.24030370652789
140,11,7601,1e-08,30,0.00184985456165095,0.00676867007366389,0.00022036857811208,0,0,0,1.24030370652789
140,11,7601,1e-08,60,0.00525617693971266,0.0203614973294019,0.001160888145643,0,0,0,1.24030370652789
140,11,7601,1e-08,120,0.00110780210190279,0.027338090917,0.00737909542410409,1,0,0,1.24030370652789
140,11,7601,1e-06,3,3.80822291957227e-09,0.000101830946096491,8.40741847535785e-05,1,0,0,1.19818117034812
140,11,7601,1e-06,10.2,7.43293139027803e-05,0.000516751959460601,0.000801581202199402,1,0,0,1.19818117034812
140,11,7601,1e-06,30,0.00328065394792558,0.00676867007366389,0.0121645920110148,1,0,0,1.19818117034812
140,11,7601,1e-06,60,0.0102429724889422,0.0203614973294019,0.0840083161455725,1,0,0,1.19818117034812
140,11,7601,1e-06,120,0.00825804235717221,0.027338090917,0.622782900887812,1,0,0,1.19818117034812
140,11,7601,0.0001,3,0.000745297151493626,0.000101830946096491,0.00201027975025284,1,0,0,1.00070983648197
140,11,7601,0.0001,10.2,0.00717082194412798,0.000516751959460601,0.0457343308175817,1,0,0,1.00070983648197
140,11,7601,0.0001,30,0.0714247841611716,0.00676867007366389,0.984502341602683,1,0,0,1.00070983648197
140,11,7601,0.0001,60,0.264289193764756,0.0203614973294019,7.53294378013383,1,1,0,1.00070983648197
140,11,7601,0.0001,120,0.827315171437753,0.027338090917,58.9217748425493,1,1,0,1.00070983648197
140,12,6001,1e-08,3,2.20308515766865e-06,0.000499134937402031,9.78388820305474e-06,1,0,0,1.03643886379014
140,12,6001,1e-08,10.2,5.57996453120964e-05,0.00230416798529444,3.0701926526387e-05,1,0,0,1.03643886379014
140,12,6001,1e-08,30,0.00389345908889272,0.0246600168823111,0.00022036857811208,0,0,0,1.03643886379014
140,12,6001,1e-08,60,0.0389463709940876,0.139849158253647,0.001160888145643,0,0,0,1.03643886379014
140,12,6001,1e-08,120,0.565708446732234,1.19401127584556,0.00737909542410409,0,0,0,1.03643886379014
140,12,6001,1e-06,3,6.68508611691361e-09,0.000499134937402031,8.40741847535785e-05,1,0,0,1.01579231561492
140,12,6001,1e-06,10.2,2.12809302520147e-05,0.00230416798529444,0.000801581202199402,1,0,0,1.01579231561492
140,12,6001,1e-06,30,0.00308486348604063,0.0246600168823111,0.0121645920110148,1,0,0,1.01579231561492
140,12,6001,1e-06,60,0.0340154711122279,0.139849158253647,0.0840083161455725,1,0,0,1.01579231561492
140,12,6001,1e-06,120,0.528676542973012,1.19401127584556,0.622782900887812,1,0,0,1.01579231561492
140,12,6001,0.0001,3,6.63691699624208e-05,0.000499134937402031,0.00201027975025284,1,0,0,0.899652604666847
140,12,6001,0.0001,10.2,0.000874906882008527,0.00230416798529444,0.0457343308175817,1,0,0,0.899652604666847
140,12,6001,0.0001,30,0.0161250034244035,0.0246600168823111,0.984502341602683,1,0,0,0.899652604666847
140,12,6001,0.0001,60,0.106468608278624,0.139849158253647,7.53294378013383,1,1,0,0.899652604666847
140,12,6001,0.0001,120,1.01970281954211,1.19401127584556,58.9217748425493,1,1,0,0.899652604666847
140,12,6801,1e-08,3,1.35797564904327e-07,1.16118004540194e-05,9.78388820305474e-06,1,0,0,0.680828886282265
140,12,6801,1e-08,10.2,5.00648377589478e-05,2.63139256258324e-05,3.0701926526387e-05,1,0,0,0.680828886282265
140,12,6801,1e-08,30,0.0157043507303776,0.00808762375808676,0.00022036857811208,0,0,0,0.680828886282265
140,12,6801,1e-08,60,0.168568190978493,0.11564279664058,0.001160888145643,0,0,0,0.680828886282265
140,12,6801,1e-08,120,0.044052999531604,0.00477988619392196,0.00737909542410409,0,0,0,0.680828886282265
140,12,6801,1e-06,3,1.63670464913392e-05,1.16118004540194e-05,8.40741847535785e-05,1,0,0,0.630663306159193
140,12,6801,1e-06,10.2,1.44690650192016e-07,2.63139256258324e-05,0.000801581202199402,1,0,0,0.630663306159193
140,12,6801,1e-06,30,0.0119893143973495,0.00808762375808676,0.0121645920110148,1,0,0,0.630663306159193
140,12,6801,1e-06,60,0.145981067564841,0.11564279664058,0.0840083161455725,1,0,0,0.630663306159193
140,12,6801,1e-06,120,0.0243494095147205,0.00477988619392196,0.622782900887812,1,0,0,0.630663306159193
140,12,6801,0.0001,3,1.36545035216059e-05,1.16118004540194e-05,0.00201027975025284,1,0,0,0.585187690070441
140,12,6801,0.0001,10.2,6.64205279941032e-06,2.63139256258324e-05,0.0457343308175817,1,0,0,0.585187690070441
140,12,6801,0.0001,30,0.014309679396138,0.00808762375808676,0.984502341602683,1,0,0,0.585187690070441
140,12,6801,0.0001,60,0.162461621208692,0.11564279664058,7.53294378013383,1,1,0,0.585187690070441
140,12,6801,0.0001,120,0.0395055629576192,0.00477988619392196,58.9217748425493,1,1,0,0.585187690070441
140,12,7601,1e-08,3,4.48822988082044e-05,0.000251913774064453,9.78388820305474e-06,0,0,0,0.77248717721163
140,12,7601,1e-08,10.2,0.00137931428039239,0.00383412305872047,3.0701926526387e-05,0,0,0,0.77248717721163
140,12,7601,1e-08,30,0.0806633173195391,0.123705749991198,0.00022036857811208,0,0,0,0.77248717721163
140,12,7601,1e-08,60,0.189209196100386,0.322310469469481,0.001160888145643,0,0,0,0.77248717721163
140,12,7601,1e-08,120,0.037261339841854,0.20779692204015,0.00737909542410409,0,0,0,0.77248717721163
140,12,7601,1e-06,3,3.99117575607706e-05,0.000251913774064453,8.40741847535785e-05,1,0,0,0.734556596595994
140,12,7601,1e-06,10.2,0.0013650470165314,0.00383412305872047,0.000801581202199402,1,0,0,0.734556596595994
140,12,7601,1e-06,30,0.0808496919543313,0.123705749991198,0.0121645920110148,0,0,0,0.734556596595994
140,12,7601,1e-06,60,0.190181803900937,0.322310469469481,0.0840083161455725,1,0,0,0.734556596595994
140,12,7601,1e-06,120,0.0383085834891434,0.20779692204015,0.622782900887812,1,0,0,0.734556596595994
140,12,7601,0.0001,3,0.000104146559809938,0.000251913774064453,0.00201027975025284,1,0,0,0.689527282317919
140,12,7601,0.0001,10.2,0.00232365340900878,0.00383412305872047,0.0457343308175817,1,0,0,0.689527282317919
140,12,7601,0.0001,30,0.0997715318044362,0.123705749991198,0.984502341602683,1,0,0,0.689527282317919
140,12,7601,0.0001,60,0.248335429567818,0.322310469469481,7.53294378013383,1,1,0,0.689527282317919
140,12,7601,0.0001,120,0.102002011346351,0.20779692204015,58.9217748425493,1,1,0,0.689527282317919
140,13,6001,1e-08,3,5.64697285613058e-06,2.48476166406763e-06,9.78388820305474e-06,1,0,0,1.04732323001999
140,13,6001,1e-08,10.2,5.81218917103623e-05,0.000209401554357992,3.0701926526387e-05,1,0,0,1.04732323001999
140,13,6001,1e-08,30,0.000491948275622719,0.00248050101411995,0.00022036857811208,1,0,0,1.04732323001999
140,13,6001,1e-08,60,0.00889109163817074,0.0585001807208141,0.001160888145643,0,0,0,1.04732323001999
140,13,6001,1e-08,120,0.398476084748855,0.864913230139525,0.00737909542410409,0,0,0,1.04732323001999
140,13,6001,1e-06,3,2.21322782287322e-05,2.48476166406763e-06,8.40741847535785e-05,1,0,0,0.858147738957958
140,13,6001,1e-06,10.2,0.000184420017341907,0.000209401554357992,0.000801581202199402,1,0,0,0.858147738957958
140,13,6001,1e-06,30,0.00145266363416128,0.00248050101411995,0.0121645920110148,1,0,0,0.858147738957958
140,13,6001,1e-06,60,0.00399944413017257,0.0585001807208141,0.0840083161455725,1,0,0,0.858147738957958
140,13,6001,1e-06,120,0.32485802275828,0.864913230139525,0.622782900887812,1,0,0,0.858147738957958
140,13,6001,0.0001,3,2.82239864035677e-05,2.48476166406763e-06,0.00201027975025284,1,0,0,0.777826030869487
140,13,6001,0.0001,10.2,0.000334157423524636,0.000209401554357992,0.0457343308175817,1,0,0,0.777826030869487
140,13,6001,0.0001,30,0.00289599961241092,0.00248050101411995,0.984502341602683,1,0,0,0.777826030869487
140,13,6001,0.0001,60,0.0606055359881137,0.0585001807208141,7.53294378013383,1,1,0,0.777826030869487
140,13,6001,0.0001,120,0.874091890774269,0.864913230139525,58.9217748425493,1,1,0,0.777826030869487
140,13,6801,1e-08,3,3.77009140744293e-06,0.000163406089438744,9.78388820305474e-06,1,0,0,1.02958249767374
140,13,6801,1e-08,10.2,7.8976668937782e-05,0.00100701107288151,3.0701926526387e-05,1,0,0,1.02958249767374
140,13,6801,1e-08,30,0.000896686259259996,0.00736259173435623,0.00022036857811208,0,0,0,1.02958249767374
140,13,6801,1e-08,60,0.00402076450069848,0.0286597629236726,0.001160888145643,1,0,0,1.02958249767374
140,13,6801,1e-08,120,0.0169892980833115,0.113076632979432,0.00737909542410409,1,0,0,1.02958249767374
140,13,6801,1e-06,3,2.90117380330278e-05,0.000163406089438744,8.40741847535785e-05,1,0,0,0.973654258618199
140,13,6801,1e-06,10.2,2.17438714329925e-05,0.00100701107288151,0.000801581202199402,1,0,0,0.973654258618199
140,13,6801,1e-06,30,5.12168641981488e-07,0.00736259173435623,0.0121645920110148,1,0,0,0.973654258618199
140,13,6801,1e-06,60,4.65693144438159e-05,0.0286597629236726,0.0840083161455725,1,0,0,0.973654258618199
140,13,6801,1e-06,120,0.000479950800256043,0.113076632979432,0.622782900887812,1,0,0,0.973654258618199
140,13,6801,0.0001,3,0.000281894799442061,0.000163406089438744,0.00201027975025284,1,0,0,0.856255395946646
140,13,6801,0.0001,10.2,0.00369442312078413,0.00100701107288151,0.0457343308175817,1,0,0,0.856255395946646
140,13,6801,0.0001,30,0.0337524495819337,0.00736259173435623,0.984502341602683,1,0,0,0.856255395946646
140,13,6801,0.0001,60,0.138045674722321,0.0286597629236726,7.53294378013383,1,1,0,0.856255395946646
140,13,6801,0.0001,120,0.558310980611426,0.113076632979432,58.9217748425493,1,1,0,0.856255395946646
140,13,7601,1e-08,3,1.21472921465786e-05,0.000175888180959188,9.78388820305474e-06,1,0,0,1.08193357504015
140,13,7601,1e-08,10.2,2.76043416281286e-05,0.00106758632246784,3.0701926526387e-05,1,0,0,1.08193357504015
140,13,7601,1e-08,30,0.000473716163399021,0.00553667582210005,0.00022036857811208,1,0,0,1.08193357504015
140,13,7601,1e-08,60,0.00539990834139911,0.0123079545351608,0.001160888145643,0,0,0,1.08193357504015
140,13,7601,1e-08,120,0.0744028720118725,0.00777205207837576,0.00737909542410409,0,0,0,1.08193357504015
140,13,7601,1e-06,3,2.13073852849106e-05,0.000175888180959188,8.40741847535785e-05,1,0,0,1.07957989046698
140,13,7601,1e-06,10.2,4.90501081393611e-05,0.00106758632246784,0.000801581202199402,1,0,0,1.07957989046698
140,13,7601,1e-06,30,0.000635876350593065,0.00553667582210005,0.0121645920110148,1,0,0,1.07957989046698
140,13,7601,1e-06,60,0.00632253693459523,0.0123079545351608,0.0840083161455725,1,0,0,1.07957989046698
140,13,7601,1e-06,120,0.0806314097460865,0.00777205207837576,0.622782900887812,1,0,0,1.07957989046698
140,13,7601,0.0001,3,0.000150927179635173,0.000175888180959188,0.00201027975025284,1,0,0,1.00497678297275
140,13,7601,0.0001,10.2,0.00169757991732036,0.00106758632246784,0.0457343308175817,1,0,0,1.00497678297275
140,13,7601,0.0001,30,0.0118973123569075,0.00553667582210005,0.984502341602683,1,0,0,1.00497678297275
140,13,7601,0.0001,60,0.0343029348392611,0.0123079545351608,7.53294378013383,1,1,0,1.00497678297275
140,13,7601,0.0001,120,0.0583875726207943,0.00777205207837576,58.9217748425493,1,1,0,1.00497678297275
140,14,6001,1e-08,3,1.65913878509092e-05,9.2280670425784e-05,9.78388820305474e-06,1,0,0,1.01032264985524
140,14,6001,1e-08,10.2,2.30449496215318e-05,2.98977810896995e-05,3.0701926526387e-05,1,0,0,1.01032264985524
140,14,6001,1e-08,30,6.42742760247202e-05,0.000429746014609978,0.00022036857811208,1,0,0,1.01032264985524
140,14,6001,1e-08,60,0.00106731196675621,0.0043107778059043,0.001160888145643,1,0,0,1.01032264985524
140,14,6001,1e-08,120,0.00857416021123864,0.0275994079753548,0.00737909542410409,1,0,0,1.01032264985524
140,14,6001,1e-06,3,4.99137708473134e-05,9.2280670425784e-05,8.40741847535785e-05,1,0,0,0.997791725859357
140,14,6001,1e-06,10.2,0.000111603378217324,2.98977810896995e-05,0.000801581202199402,1,0,0,0.997791725859357
140,14,6001,1e-06,30,2.88332879560881e-05,0.000429746014609978,0.0121645920110148,1,0,0,0.997791725859357
140,14,6001,1e-06,60,5.97973204854152e-05,0.0043107778059043,0.0840083161455725,1,0,0,0.997791725859357
140,14,6001,1e-06,120,0.00198556973059853,0.0275994079753548,0.622782900887812,1,0,0,0.997791725859357
140,14,6001,0.0001,3,0.00101201670327223,9.2280670425784e-05,0.00201027975025284,1,0,0,0.889967091789793
140,14,6001,0.0001,10.2,0.00676030046035568,2.98977810896995e-05,0.0457343308175817,1,0,0,0.889967091789793
140,14,6001,0.0001,30,0.0424474272142912,0.000429746014609978,0.984502341602683,1,0,0,0.889967091789793
140,14,6001,0.0001,60,0.150840324382972,0.0043107778059043,7.53294378013383,1,1,0,0.889967091789793
140,14,6001,0.0001,120,0.55125838345375,0.0275994079753548,58.9217748425493,1,1,0,0.889967091789793
140,14,6801,1e-08,3,3.49050836060562e-05,0.00218639394271172,9.78388820305474e-06,1,0,0,2.25317158113169
140,14,6801,1e-08,10.2,0.000337241314620749,0.0075663663801737,3.0701926526387e-05,0,0,0,2.25317158113169
140,14,6801,1e-08,30,0.00960324409998547,0.0231735127522776,0.00022036857811208,0,0,0,2.25317158113169
140,14,6801,1e-08,60,0.0668322415655344,0.0446112898887318,0.001160888145643,0,0,0,2.25317158113169
140,14,6801,1e-08,120,0.524430739698066,0.0340676923101511,0.00737909542410409,0,0,0,2.25317158113169
140,14,6801,1e-06,3,9.20454183329975e-05,0.00218639394271172,8.40741847535785e-05,1,0,0,1.04075122204101
140,14,6801,1e-06,10.2,0.00011609512088691,0.0075663663801737,0.000801581202199402,1,0,0,1.04075122204101
140,14,6801,1e-06,30,0.000983204177459787,0.0231735127522776,0.0121645920110148,1,0,0,1.04075122204101
140,14,6801,1e-06,60,0.0182410139716188,0.0446112898887318,0.0840083161455725,1,0,0,1.04075122204101
140,14,6801,1e-06,120,0.2372429663207,0.0340676923101511,0.622782900887812,1,0,0,1.04075122204101
140,14,6801,0.0001,3,0.00225458663041841,0.00218639394271172,0.00201027975025284,1,0,0,0.908763584407163
140,14,6801,0.0001,10.2,0.014837489769842,0.0075663663801737,0.0457343308175817,1,0,0,0.908763584407163
140,14,6801,0.0001,30,0.0788654863091265,0.0231735127522776,0.984502341602683,1,0,0,0.908763584407163
140,14,6801,0.0001,60,0.232229463329415,0.0446112898887318,7.53294378013383,1,1,0,0.908763584407163
140,14,6801,0.0001,120,0.546764952692035,0.0340676923101511,58.9217748425493,1,1,0,0.908763584407163
140,14,7601,1e-08,3,4.69335652707978e-06,6.19300506267519e-05,9.78388820305474e-06,1,0,0,0.953062792812798
140,14,7601,1e-08,10.2,2.70906264205871e-06,0.000332259981205765,3.0701926526387e-05,1,0,0,0.953062792812798
140,14,7601,1e-08,30,1.97678416886079e-07,0.00220371456890116,0.00022036857811208,1,0,0,0.953062792812798
140,14,7601,1e-08,60,6.57231983205975e-07,0.00828414793100453,0.001160888145643,1,0,0,0.953062792812798
140,14,7601,1e-08,120,0.00625474625703224,0.0684202655236931,0.00737909542410409,1,0,0,0.953062792812798
140,14,7601,1e-06,3,7.40278104485213e-08,6.19300506267519e-05,8.40741847535785e-05,1,0,0,0.943230154884906
140,14,7601,1e-06,10.2,4.19802351223142e-06,0.000332259981205765,0.000801581202199402,1,0,0,0.943230154884906
140,14,7601,1e-06,30,6.72659815590636e-05,0.00220371456890116,0.0121645920110148,1,0,0,0.943230154884906
140,14,7601,1e-06,60,0.000287606289747935,0.00828414793100453,0.0840083161455725,1,0,0,0.943230154884906
140,14,7601,1e-06,120,0.002297722156107,0.0684202655236931,0.622782900887812,1,0,0,0.943230154884906
140,14,7601,0.0001,3,2.24484890483291e-06,6.19300506267519e-05,0.00201027975025284,1,0,0,0.84530303410481
140,14,7601,0.0001,10.2,1.6239748646984e-05,0.000332259981205765,0.0457343308175817,1,0,0,0.84530303410481
140,14,7601,0.0001,30,0.000125927241291148,0.00220371456890116,0.984502341602683,1,0,0,0.84530303410481
140,14,7601,0.0001,60,0.000514535308297644,0.00828414793100453,7.53294378013383,1,1,0,0.84530303410481
140,14,7601,0.0001,120,0.0163878199122005,0.0684202655236931,58.9217748425493,1,1,0,0.84530303410481
140,15,6001,1e-08,3,0.00240103522778397,0.000107331110223603,9.78388820305474e-06,0,0,0,887.066210439558
140,15,6001,1e-08,10.2,0.00879973634624278,0.000266111825438901,3.0701926526387e-05,0,0,0,887.066210439558
140,15,6001,1e-08,30,0.0514125712802608,0.00179791125353946,0.00022036857811208,0,0,0,887.066210439558
140,15,6001,1e-08,60,0.200625496282906,0.0103389005480721,0.001160888145643,0,0,0,887.066210439558
140,15,6001,1e-08,120,1.04325843998059,0.123473176324745,0.00737909542410409,0,0,0,887.066210439558
140,15,6001,1e-06,3,7.4169397838434e-05,0.000107331110223603,8.40741847535785e-05,1,0,0,1.1633679522924
140,15,6001,1e-06,10.2,0.000378862581548982,0.000266111825438901,0.000801581202199402,1,0,0,1.1633679522924
140,15,6001,1e-06,30,0.00348412737842597,0.00179791125353946,0.0121645920110148,1,0,0,1.1633679522924
140,15,6001,1e-06,60,0.0192429945551471,0.0103389005480721,0.0840083161455725,1,0,0,1.1633679522924
140,15,6001,1e-06,120,0.184259241005592,0.123473176324745,0.622782900887812,1,0,0,1.1633679522924
140,15,6001,0.0001,3,0.000580435772167837,0.000107331110223603,0.00201027975025284,1,0,0,0.851528886628669
140,15,6001,0.0001,10.2,0.00398842802850931,0.000266111825438901,0.0457343308175817,1,0,0,0.851528886628669
140,15,6001,0.0001,30,0.032505329421391,0.00179791125353946,0.984502341602683,1,0,0,0.851528886628669
140,15,6001,0.0001,60,0.142524915390028,0.0103389005480721,7.53294378013383,1,1,0,0.851528886628669
140,15,6001,0.0001,120,0.815660761519262,0.123473176324745,58.9217748425493,1,1,0,0.851528886628669
140,15,6801,1e-08,3,0.0102299878345904,7.7431678579069e-06,9.78388820305474e-06,0,0,0,14.9976073842887
140,15,6801,1e-08,10.2,0.0422150039277926,0.000119474749254233,3.0701926526387e-05,0,0,0,14.9976073842887
140,15,6801,1e-08,30,0.299303767957004,0.000458311240601001,0.00022036857811208,0,0,0,14.9976073842887
140,15,6801,1e-08,60,1.25141723004858,0.0154692578590099,0.001160888145643,0,0,0,14.9976073842887
140,15,6801,1e-08,120,2.86413871723662,0.0571893520193981,0.00737909542410409,0,0,0,14.9976073842887
140,15,6801,1e-06,3,0.000351687279609194,7.7431678579069e-06,8.40741847535785e-05,0,0,0,1.25451442553516
140,15,6801,1e-06,10.2,0.00355075715843147,0.000119474749254233,0.000801581202199402,0,0,0,1.25451442553516
140,15,6801,1e-06,30,0.0513608426644085,0.000458311240601001,0.0121645920110148,0,0,0,1.25451442553516
140,15,6801,1e-06,60,0.284826244157088,0.0154692578590099,0.0840083161455725,1,0,0,1.25451442553516
140,15,6801,1e-06,120,0.334502465562487,0.0571893520193981,0.622782900887812,1,0,0,1.25451442553516
140,15,6801,0.0001,3,1.17923307605593e-05,7.7431678579069e-06,0.00201027975025284,1,0,0,0.914184589772606
140,15,6801,0.0001,10.2,0.000414283851342871,0.000119474749254233,0.0457343308175817,1,0,0,0.914184589772606
140,15,6801,0.0001,30,0.0147936060933715,0.000458311240601001,0.984502341602683,1,0,0,0.914184589772606
140,15,6801,0.0001,60,0.108270776251913,0.0154692578590099,7.53294378013383,1,1,0,0.914184589772606
140,15,6801,0.0001,120,0.0304240295861921,0.0571893520193981,58.9217748425493,1,1,0,0.914184589772606
140,15,7601,1e-08,3,0.0107461480759442,0.00169498170418552,9.78388820305474e-06,0,0,0,28.622199757333
140,15,7601,1e-08,10.2,0.0302521894563493,0.0258116590951326,3.0701926526387e-05,0,0,0,28.622199757333
140,15,7601,1e-08,30,0.0148219168453199,0.0594551425393613,0.00022036857811208,0,0,0,28.622199757333
140,15,7601,1e-08,60,0.686524605883011,0.251389181072708,0.001160888145643,0,0,0,28.622199757333
140,15,7601,1e-08,120,0.635366325554253,0.0035682659959303,0.00737909542410409,0,0,0,28.622199757333
140,15,7601,1e-06,3,9.88851004593948e-05,0.00169498170418552,8.40741847535785e-05,1,0,0,1.26334223880877
140,15,7601,1e-06,10.2,0.000216255545635706,0.0258116590951326,0.000801581202199402,1,0,0,1.26334223880877
140,15,7601,1e-06,30,0.0473598809174405,0.0594551425393613,0.0121645920110148,0,0,0,1.26334223880877
140,15,7601,1e-06,60,2.07613433225024,0.251389181072708,0.0840083161455725,0,0,0,1.26334223880877
140,15,7601,1e-06,120,3.8231875496309,0.0035682659959303,0.622782900887812,0,0,0,1.26334223880877
140,15,7601,0.0001,3,3.49388247797345e-05,0.00169498170418552,0.00201027975025284,1,0,0,0.686060680297833
140,15,7601,0.0001,10.2,0.000905684078032312,0.0258116590951326,0.0457343308175817,1,0,0,0.686060680297833
140,15,7601,0.0001,30,0.116979592373813,0.0594551425393613,0.984502341602683,1,0,0,0.686060680297833
140,15,7601,0.0001,60,2.84220582809513,0.251389181072708,7.53294378013383,1,1,0,0.686060680297833
140,15,7601,0.0001,120,5.96098065225927,0.0035682659959303,58.9217748425493,1,1,0,0.686060680297833
140,16,6001,1e-08,3,0.00293455024441316,0.00550134818068855,9.78388820305474e-06,0,0,0,46.3499154241203
140,16,6001,1e-08,10.2,0.0173824348096434,0.0834820568848983,3.0701926526387e-05,0,0,0,46.3499154241203
140,16,6001,1e-08,30,0.0990822003423037,0.720567499614359,0.00022036857811208,0,0,0,46.3499154241203
140,16,6001,1e-08,60,0.484848335826745,0.167272339733712,0.001160888145643,0,0,0,46.3499154241203
140,16,6001,1e-08,120,8.30216926133977,0.401483389304744,0.00737909542410409,0,0,0,46.3499154241203
140,16,6001,1e-06,3,0.0001307511662823,0.00550134818068855,8.40741847535785e-05,1,0,0,1.25024808046586
140,16,6001,1e-06,10.2,0.00376340075611421,0.0834820568848983,0.000801581202199402,0,0,0,1.25024808046586
140,16,6001,1e-06,30,0.0282038247843186,0.720567499614359,0.0121645920110148,1,0,0,1.25024808046586
140,16,6001,1e-06,60,0.919310030745567,0.167272339733712,0.0840083161455725,0,0,0,1.25024808046586
140,16,6001,1e-06,120,8.45655276528336,0.401483389304744,0.622782900887812,0,0,0,1.25024808046586
140,16,6001,0.0001,3,2.64230313391196e-05,0.00550134818068855,0.00201027975025284,1,0,0,0.942704630059888
140,16,6001,0.0001,10.2,0.00237670828213296,0.0834820568848983,0.0457343308175817,1,0,0,0.942704630059888
140,16,6001,0.0001,30,0.0190489141721527,0.720567499614359,0.984502341602683,1,0,0,0.942704630059888
140,16,6001,0.0001,60,1.03018814845698,0.167272339733712,7.53294378013383,1,1,0,0.942704630059888
140,16,6001,0.0001,120,7.83626916967776,0.401483389304744,58.9217748425493,1,1,0,0.942704630059888
140,16,6801,1e-08,3,0.0378270074085057,0.0240853595870906,9.78388820305474e-06,0,0,0,74.8554069039405
140,16,6801,1e-08,10.2,0.265268135485689,0.394741195556182,3.0701926526387e-05,0,0,0,74.8554069039405
140,16,6801,1e-08,30,1.95844058738499,3.73327745540118,0.00022036857811208,0,0,0,74.8554069039405
140,16,6801,1e-08,60,1.3252536149154,5.38009934470403,0.001160888145643,0,0,0,74.8554069039405
140,16,6801,1e-08,120,5.75885062659263,2.08500467885623,0.00737909542410409,0,0,0,74.8554069039405
140,16,6801,1e-06,3,0.00232224136312021,0.0240853595870906,8.40741847535785e-05,0,0,0,2.16104755278002
140,16,6801,1e-06,10.2,0.0720340237961938,0.394741195556182,0.000801581202199402,0,0,0,2.16104755278002
140,16,6801,1e-06,30,0.768839255207187,3.73327745540118,0.0121645920110148,0,0,0,2.16104755278002
140,16,6801,1e-06,60,0.0442978345999058,5.38009934470403,0.0840083161455725,1,0,0,2.16104755278002
140,16,6801,1e-06,120,0.38787807045213,2.08500467885623,0.622782900887812,1,0,0,2.16104755278002
140,16,6801,0.0001,3,0.00130258125585845,0.0240853595870906,0.00201027975025284,1,0,0,0.849023727107556
140,16,6801,0.0001,10.2,0.0579413259567095,0.394741195556182,0.0457343308175817,1,0,0,0.849023727107556
140,16,6801,0.0001,30,0.650119066363089,3.73327745540118,0.984502341602683,1,0,0,0.849023727107556
140,16,6801,0.0001,60,0.00562582725524897,5.38009934470403,7.53294378013383,1,1,0,0.849023727107556
140,16,6801,0.0001,120,0.12778763309705,2.08500467885623,58.9217748425493,1,1,0,0.849023727107556
140,16,7601,1e-08,3,0.00361776902999962,0.00381812992369019,9.78388820305474e-06,0,0,0,68.4343570365015
140,16,7601,1e-08,10.2,0.0030118255975309,0.0345211804033644,3.0701926526387e-05,0,0,0,68.4343570365015
140,16,7601,1e-08,30,0.0295696635379318,0.0988901645349096,0.00022036857811208,0,0,0,68.4343570365015
140,16,7601,1e-08,60,1.40983724221773,0.0263384405612436,0.001160888145643,0,0,0,68.4343570365015
140,16,7601,1e-08,120,0.501373369202826,7.89861694439528,0.00737909542410409,0,0,0,68.4343570365015
140,16,7601,1e-06,3,3.11707346947503e-05,0.00381812992369019,8.40741847535785e-05,1,0,0,1.95861142061542
140,16,7601,1e-06,10.2,0.000258371583581209,0.0345211804033644,0.000801581202199402,1,0,0,1.95861142061542
140,16,7601,1e-06,30,0.0829340548468914,0.0988901645349096,0.0121645920110148,0,0,0,1.95861142061542
140,16,7601,1e-06,60,1.88150198700226,0.0263384405612436,0.0840083161455725,0,0,0,1.95861142061542
140,16,7601,1e-06,120,0.149914156788768,7.89861694439528,0.622782900887812,1,0,0,1.95861142061542
140,16,7601,0.0001,3,5.82094483302444e-05,0.00381812992369019,0.00201027975025284,1,0,0,1.08378275930907
140,16,7601,0.0001,10.2,0.000325972111843964,0.0345211804033644,0.0457343308175817,1,0,0,1.08378275930907
140,16,7601,0.0001,30,0.0906240398962039,0.0988901645349096,0.984502341602683,1,0,0,1.08378275930907
140,16,7601,0.0001,60,1.96424158841363,0.0263384405612436,7.53294378013383,1,1,0,1.08378275930907
140,16,7601,0.0001,120,0.104841293080511,7.89861694439528,58.9217748425493,1,1,0,1.08378275930907
140,17,6001,1e-08,3,2.29557301637821e-05,4.64425998962648e-05,9.78388820305474e-06,1,0,0,1.20882091436907
140,17,6001,1e-08,10.2,5.34564774637839e-05,2.51663574474711e-06,3.0701926526387e-05,1,0,0,1.20882091436907
140,17,6001,1e-08,30,7.28049795824898e-05,0.000924110896647529,0.00022036857811208,1,0,0,1.20882091436907
140,17,6001,1e-08,60,0.000779378362504772,0.0126236846714866,0.001160888145643,1,0,0,1.20882091436907
140,17,6001,1e-08,120,0.000492248050380313,0.0390602184969134,0.00737909542410409,1,0,0,1.20882091436907
140,17,6001,1e-06,3,0.000108214794806109,4.64425998962648e-05,8.40741847535785e-05,1,0,0,1.1438165854736
140,17,6001,1e-06,10.2,0.000381482446722149,2.51663574474711e-06,0.000801581202199402,1,0,0,1.1438165854736
140,17,6001,1e-06,30,0.00151530044916628,0.000924110896647529,0.0121645920110148,1,0,0,1.1438165854736
140,17,6001,1e-06,60,0.00090080630933796,0.0126236846714866,0.0840083161455725,1,0,0,1.1438165854736
140,17,6001,1e-06,120,0.00824775205868638,0.0390602184969134,0.622782900887812,1,0,0,1.1438165854736
140,17,6001,0.0001,3,0.000451204621814929,4.64425998962648e-05,0.00201027975025284,1,0,0,1.03928823988731
140,17,6001,0.0001,10.2,0.00251626412922751,2.51663574474711e-06,0.0457343308175817,1,0,0,1.03928823988731
140,17,6001,0.0001,30,0.0153723478545525,0.000924110896647529,0.984502341602683,1,0,0,1.03928823988731
140,17,6001,0.0001,60,0.0390212315971415,0.0126236846714866,7.53294378013383,1,1,0,1.03928823988731
140,17,6001,0.0001,120,0.179160690489471,0.0390602184969134,58.9217748425493,1,1,0,1.03928823988731
140,17,6801,1e-08,3,0.000521776783079385,0.00645523816455528,9.78388820305474e-06,0,0,0,18.0468144173769
140,17,6801,1e-08,10.2,0.0146945173667535,0.0505553544046844,3.0701926526387e-05,0,0,0,18.0468144173769
140,17,6801,1e-08,30,0.309966064615217,0.209066535703922,0.00022036857811208,0,0,0,18.0468144173769
140,17,6801,1e-08,60,2.10969441447927,0.328904342545705,0.001160888145643,0,0,0,18.0468144173769
140,17,6801,1e-08,120,7.33136753757279,0.225091719970136,0.00737909542410409,0,0,0,18.0468144173769
140,17,6801,1e-06,3,0.000556822684516498,0.00645523816455528,8.40741847535785e-05,0,0,0,1.00549460003666
140,17,6801,1e-06,10.2,0.01058327570462,0.0505553544046844,0.000801581202199402,0,0,0,1.00549460003666
140,17,6801,1e-06,30,0.236073103271684,0.209066535703922,0.0121645920110148,0,0,0,1.00549460003666
140,17,6801,1e-06,60,1.69525781413924,0.328904342545705,0.0840083161455725,0,0,0,1.00549460003666
140,17,6801,1e-06,120,9.10397337628716,0.225091719970136,0.622782900887812,0,0,0,1.00549460003666
140,17,6801,0.0001,3,1.03798498299623e-05,0.00645523816455528,0.00201027975025284,1,0,0,0.700112275198583
140,17,6801,0.0001,10.2,0.00112050073099605,0.0505553544046844,0.0457343308175817,1,0,0,0.700112275198583
140,17,6801,0.0001,30,0.0896230285246899,0.209066535703922,0.984502341602683,1,0,0,0.700112275198583
140,17,6801,0.0001,60,0.880016460948285,0.328904342545705,7.53294378013383,1,1,0,0.700112275198583
140,17,6801,0.0001,120,6.48784543667581,0.225091719970136,58.9217748425493,1,1,0,0.700112275198583
140,17,7601,1e-08,3,5.71707741368484e-06,0.000688931314325134,9.78388820305474e-06,1,0,0,1.06126222966775
140,17,7601,1e-08,10.2,1.20184729425889e-05,0.00758804075446472,3.0701926526387e-05,1,0,0,1.06126222966775
140,17,7601,1e-08,30,0.000740526615412906,0.054611889938149,0.00022036857811208,1,0,0,1.06126222966775
140,17,7601,1e-08,60,0.0583894428579787,0.0769167468726297,0.001160888145643,0,0,0,1.06126222966775
140,17,7601,1e-08,120,7.32512475031941,6.45954874167729,0.00737909542410409,0,0,0,1.06126222966775
140,17,7601,1e-06,3,1.33501916319943e-05,0.000688931314325134,8.40741847535785e-05,1,0,0,1.00115298815253
140,17,7601,1e-06,10.2,1.30484549342326e-05,0.00758804075446472,0.000801581202199402,1,0,0,1.00115298815253
140,17,7601,1e-06,30,0.000589793826473095,0.054611889938149,0.0121645920110148,1,0,0,1.00115298815253
140,17,7601,1e-06,60,0.0547826363548863,0.0769167468726297,0.0840083161455725,1,0,0,1.00115298815253
140,17,7601,1e-06,120,7.41684968174557,6.45954874167729,0.622782900887812,0,0,0,1.00115298815253
140,17,7601,0.0001,3,1.15926271436951e-05,0.000688931314325134,0.00201027975025284,1,0,0,0.881846056912387
140,17,7601,0.0001,10.2,0.000258034999359516,0.00758804075446472,0.0457343308175817,1,0,0,0.881846056912387
140,17,7601,0.0001,30,0.000905240403377657,0.054611889938149,0.984502341602683,1,0,0,0.881846056912387
140,17,7601,0.0001,60,0.0161576083069425,0.0769167468726297,7.53294378013383,1,1,0,0.881846056912387
140,17,7601,0.0001,120,8.61702278861647,6.45954874167729,58.9217748425493,1,1,0,0.881846056912387
140,18,6001,1e-08,3,1.14077821290631e-06,0.000530400564591944,9.78388820305474e-06,1,0,0,0.908823841971703
140,18,6001,1e-08,10.2,1.60718499647462e-07,0.000461868974629439,3.0701926526387e-05,1,0,0,0.908823841971703
140,18,6001,1e-08,30,2.23443455836973e-06,0.000295741003722207,0.00022036857811208,1,0,0,0.908823841971703
140,18,6001,1e-08,60,2.06341725507277e-05,0.00011057842784584,0.001160888145643,1,0,0,0.908823841971703
140,18,6001,1e-08,120,0.000128036722992294,1.2424504434738e-05,0.00737909542410409,1,0,0,0.908823841971703
140,18,6001,1e-06,3,1.43172078656525e-05,0.000530400564591944,8.40741847535785e-05,1,0,0,0.879425110977644
140,18,6001,1e-06,10.2,6.50956369224894e-05,0.000461868974629439,0.000801581202199402,1,0,0,0.879425110977644
140,18,6001,1e-06,30,0.000391614741873652,0.000295741003722207,0.0121645920110148,1,0,0,0.879425110977644
140,18,6001,1e-06,60,0.00139674463683411,0.00011057842784584,0.0840083161455725,1,0,0,0.879425110977644
140,18,6001,1e-06,120,0.00516431143634039,1.2424504434738e-05,0.622782900887812,1,0,0,0.879425110977644
140,18,6001,0.0001,3,0.000936000436799301,0.000530400564591944,0.00201027975025284,1,0,0,0.783002370492552
140,18,6001,0.0001,10.2,0.00777240207970767,0.000461868974629439,0.0457343308175817,1,0,0,0.783002370492552
140,18,6001,0.0001,30,0.0607177867323692,0.000295741003722207,0.984502341602683,1,0,0,0.783002370492552
140,18,6001,0.0001,60,0.236200800827777,0.00011057842784584,7.53294378013383,1,1,0,0.783002370492552
140,18,6001,0.0001,120,0.930294486531795,1.2424504434738e-05,58.9217748425493,1,1,0,0.783002370492552
140,18,6801,1e-08,3,5.89765438389666e-07,0.0022530855474666,9.78388820305474e-06,1,0,0,2.35280721840899
140,18,6801,1e-08,10.2,0.000225918472658827,0.0295397980773421,3.0701926526387e-05,0,0,0,2.35280721840899
140,18,6801,1e-08,30,0.0144970726874328,0.200554941416,0.00022036857811208,0,0,0,2.35280721840899
140,18,6801,1e-08,60,0.285918705227105,0.373693284752387,0.001160888145643,0,0,0,2.35280721840899
140,18,6801,1e-08,120,4.729377815939,0.0160951487621214,0.00737909542410409,0,0,0,2.35280721840899
140,18,6801,1e-06,3,9.73067024853971e-07,0.0022530855474666,8.40741847535785e-05,1,0,0,0.821058456489384
140,18,6801,1e-06,10.2,0.000185627267760555,0.0295397980773421,0.000801581202199402,1,0,0,0.821058456489384
140,18,6801,1e-06,30,0.0131171645561618,0.200554941416,0.0121645920110148,1,0,0,0.821058456489384
140,18,6801,1e-06,60,0.272558223003263,0.373693284752387,0.0840083161455725,1,0,0,0.821058456489384
140,18,6801,1e-06,120,4.61619294136786,0.0160951487621214,0.622782900887812,0,0,0,0.821058456489384
140,18,6801,0.0001,3,0.00015362279854088,0.0022530855474666,0.00201027975025284,1,0,0,0.777968186646149
140,18,6801,0.0001,10.2,0.00233758272804018,0.0295397980773421,0.0457343308175817,1,0,0,0.777968186646149
140,18,6801,0.0001,30,0.0455281608994214,0.200554941416,0.984502341602683,1,0,0,0.777968186646149
140,18,6801,0.0001,60,0.515616299177059,0.373693284752387,7.53294378013383,1,1,0,0.777968186646149
140,18,6801,0.0001,120,6.4456379132645,0.0160951487621214,58.9217748425493,1,1,0,0.777968186646149
140,18,7601,1e-08,3,0.00132963613850144,0.00378476303697441,9.78388820305474e-06,0,0,0,1.65144403741712
140,18,7601,1e-08,10.2,0.0153932650258111,0.0377064346956909,3.0701926526387e-05,0,0,0,1.65144403741712
140,18,7601,1e-08,30,0.464771648257516,0.766949228923761,0.00022036857811208,0,0,0,1.65144403741712
140,18,7601,1e-08,60,0.665234103987832,1.43368355380542,0.001160888145643,0,0,0,1.65144403741712
140,18,7601,1e-08,120,1.18470049185673,0.109713144418886,0.00737909542410409,0,0,0,1.65144403741712
140,18,7601,1e-06,3,0.00057953710156181,0.00378476303697441,8.40741847535785e-05,0,0,0,0.849835865428932
140,18,7601,1e-06,10.2,0.0112440071997302,0.0377064346956909,0.000801581202199402,0,0,0,0.849835865428932
140,18,7601,1e-06,30,0.420158569798765,0.766949228923761,0.0121645920110148,0,0,0,0.849835865428932
140,18,7601,1e-06,60,0.575426123120342,1.43368355380542,0.0840083161455725,0,0,0,0.849835865428932
140,18,7601,1e-06,120,1.42205659852706,0.109713144418886,0.622782900887812,1,0,0,0.849835865428932
140,18,7601,0.0001,3,0.00129454341559147,0.00378476303697441,0.00201027975025284,1,0,0,0.714239685635769
140,18,7601,0.0001,10.2,0.0192251656545769,0.0377064346956909,0.0457343308175817,1,0,0,0.714239685635769
140,18,7601,0.0001,30,0.544302263483429,0.766949228923761,0.984502341602683,1,0,0,0.714239685635769
140,18,7601,0.0001,60,0.873170443785457,1.43368355380542,7.53294378013383,1,1,0,0.714239685635769
140,18,7601,0.0001,120,0.712406799135307,0.109713144418886,58.9217748425493,1,1,0,0.714239685635769
140,19,6001,1e-08,3,1.17078701694181e-05,6.90404511691164e-05,9.78388820305474e-06,1,0,0,0.864495147788408
140,19,6001,1e-08,10.2,2.8596375973375e-05,0.000131439668953928,3.0701926526387e-05,1,0,0,0.864495147788408
140,19,6001,1e-08,30,0.000114001075832553,0.000407077594187226,0.00022036857811208,1,0,0,0.864495147788408
140,19,6001,1e-08,60,0.000461464832906447,0.00130355855986303,0.001160888145643,1,0,0,0.864495147788408
140,19,6001,1e-08,120,0.00200144801764846,0.00484537942739488,0.00737909542410409,1,0,0,0.864495147788408
140,19,6001,1e-06,3,2.73799913664066e-05,6.90404511691164e-05,8.40741847535785e-05,1,0,0,0.836443866086362
140,19,6001,1e-06,10.2,6.93849817021005e-05,0.000131439668953928,0.000801581202199402,1,0,0,0.836443866086362
140,19,6001,1e-06,30,0.000284947703054814,0.000407077594187226,0.0121645920110148,1,0,0,0.836443866086362
140,19,6001,1e-06,60,0.00106050460594776,0.00130355855986303,0.0840083161455725,1,0,0,0.836443866086362
140,19,6001,1e-06,120,0.00430099696544113,0.00484537942739488,0.622782900887812,1,0,0,0.836443866086362
140,19,6001,0.0001,3,1.1363778342742e-05,6.90404511691164e-05,0.00201027975025284,1,0,0,0.780336118039161
140,19,6001,0.0001,10.2,1.09401830706525e-06,0.000131439668953928,0.0457343308175817,1,0,0,0.780336118039161
140,19,6001,0.0001,30,2.82448072323825e-05,0.000407077594187226,0.984502341602683,1,0,0,0.780336118039161
140,19,6001,0.0001,60,0.000149383783797221,0.00130355855986303,7.53294378013383,1,1,0,0.780336118039161
140,19,6001,0.0001,120,0.000594922019250362,0.00484537942739488,58.9217748425493,1,1,0,0.780336118039161
140,19,6801,1e-08,3,7.5371230267925e-07,0.000227229285056034,9.78388820305474e-06,1,0,0,1.05769058509935
140,19,6801,1e-08,10.2,7.99887127078359e-07,0.000202074884793177,3.0701926526387e-05,1,0,0,1.05769058509935
140,19,6801,1e-08,30,9.29457858430056e-07,0.000140451416810761,0.00022036857811208,1,0,0,1.05769058509935
140,19,6801,1e-08,60,0.000796521696409365,0.000441973352178874,0.001160888145643,1,0,0,1.05769058509935
140,19,6801,1e-08,120,0.0441162043832917,0.0441900054582785,0.00737909542410409,0,0,0,1.05769058509935
140,19,6801,1e-06,3,1.107060738264e-06,0.000227229285056034,8.40741847535785e-05,1,0,0,1.0260893835611
140,19,6801,1e-06,10.2,1.35978753269987e-05,0.000202074884793177,0.000801581202199402,1,0,0,1.0260893835611
140,19,6801,1e-06,30,0.000119518363015239,0.000140451416810761,0.0121645920110148,1,0,0,1.0260893835611
140,19,6801,1e-06,60,5.45064091389645e-05,0.000441973352178874,0.0840083161455725,1,0,0,1.0260893835611
140,19,6801,1e-06,120,0.0280414081748797,0.0441900054582785,0.622782900887812,1,0,0,1.0260893835611
140,19,6801,0.0001,3,0.00189694188339982,0.000227229285056034,0.00201027975025284,1,0,0,0.870474983429466
140,19,6801,0.0001,10.2,0.0150274229030802,0.000202074884793177,0.0457343308175817,1,0,0,0.870474983429466
140,19,6801,0.0001,30,0.115547932306635,0.000140451416810761,0.984502341602683,1,0,0,0.870474983429466
140,19,6801,0.0001,60,0.409509788059196,0.000441973352178874,7.53294378013383,1,1,0,0.870474983429466
140,19,6801,0.0001,120,1.2465710198645,0.0441900054582785,58.9217748425493,1,1,0,0.870474983429466
140,19,7601,1e-08,3,3.02102993886918,2.42638279863618e-06,9.78388820305474e-06,0,0,0,4594.84960125616
140,19,7601,1e-08,10.2,1.15477223104575,0.000284687581310783,3.0701926526387e-05,0,0,0,4594.84960125616
140,19,7601,1e-08,30,0.581170141057445,0.00305300859865465,0.00022036857811208,0,0,0,4594.84960125616
140,19,7601,1e-08,60,7.31547040322819,0.00648593493875853,0.001160888145643,0,0,0,4594.84960125616
140,19,7601,1e-08,120,8.95342010445196,0.00441077043477456,0.00737909542410409,0,0,0,4594.84960125616
140,19,7601,1e-06,3,1.7701006801374,2.42638279863618e-06,8.40741847535785e-05,0,0,0,2115.03542514856
140,19,7601,1e-06,10.2,0.498252013220611,0.000284687581310783,0.000801581202199402,0,0,0,2115.03542514856
140,19,7601,1e-06,30,2.49975470867401,0.00305300859865465,0.0121645920110148,0,0,0,2115.03542514856
140,19,7601,1e-06,60,7.20298239158503,0.00648593493875853,0.0840083161455725,0,0,0,2115.03542514856
140,19,7601,1e-06,120,2.12716471475636,0.00441077043477456,0.622782900887812,1,0,0,2115.03542514856
140,19,7601,0.0001,3,7.10730623773782,2.42638279863618e-06,0.00201027975025284,0,0,0,781.397765543961
140,19,7601,0.0001,10.2,2.82936173067651,0.000284687581310783,0.0457343308175817,0,0,0,781.397765543961
140,19,7601,0.0001,30,6.66724212208283,0.00305300859865465,0.984502341602683,0,0,0,781.397765543961
140,19,7601,0.0001,60,0.490397828573869,0.00648593493875853,7.53294378013383,1,1,0,781.397765543961
140,19,7601,0.0001,120,1.09527082654057,0.00441077043477456,58.9217748425493,1,1,0,781.397765543961
140,20,6001,1e-08,3,2.03605208758506e-08,2.95162306024537e-05,9.78388820305474e-06,1,0,0,0.988725125876561
140,20,6001,1e-08,10.2,8.12203946379532e-06,0.000149810239619159,3.0701926526387e-05,1,0,0,0.988725125876561
140,20,6001,1e-08,30,0.0412737951990182,0.0259601361875499,0.00022036857811208,0,0,0,0.988725125876561
140,20,6001,1e-08,60,2.11675907778195,1.8824927809787,0.001160888145643,0,0,0,0.988725125876561
140,20,6001,1e-08,120,3.21016149565858,2.64765458261251,0.00737909542410409,0,0,0,0.988725125876561
140,20,6001,1e-06,3,5.40309023216238e-06,2.95162306024537e-05,8.40741847535785e-05,1,0,0,0.972973812337739
140,20,6001,1e-06,10.2,5.66107550021751e-05,0.000149810239619159,0.000801581202199402,1,0,0,0.972973812337739
140,20,6001,1e-06,30,0.0457543778639622,0.0259601361875499,0.0121645920110148,1,0,0,0.972973812337739
140,20,6001,1e-06,60,2.17517493680328,1.8824927809787,0.0840083161455725,0,0,0,0.972973812337739
140,20,6001,1e-06,120,3.34898197841632,2.64765458261251,0.622782900887812,0,0,0,0.972973812337739
140,20,6001,0.0001,3,9.68239545116622e-06,2.95162306024537e-05,0.00201027975025284,1,0,0,0.913992621991906
140,20,6001,0.0001,10.2,0.00010556265624724,0.000149810239619159,0.0457343308175817,1,0,0,0.913992621991906
140,20,6001,0.0001,30,0.0493069880282984,0.0259601361875499,0.984502341602683,1,0,0,0.913992621991906
140,20,6001,0.0001,60,2.2236067226263,1.8824927809787,7.53294378013383,1,1,0,0.913992621991906
140,20,6001,0.0001,120,3.46969189829567,2.64765458261251,58.9217748425493,1,1,0,0.913992621991906
140,20,6801,1e-08,3,0.408538399427183,9.73579896692544e-05,9.78388820305474e-06,0,0,0,5933.24343383439
140,20,6801,1e-08,10.2,1.14548511872442,0.000169697170316178,3.0701926526387e-05,0,0,0,5933.24343383439
140,20,6801,1e-08,30,5.07936901812895,0.000565396187304761,0.00022036857811208,0,0,0,5933.24343383439
140,20,6801,1e-08,60,5.04438025430014,0.00247382344415211,0.001160888145643,0,0,0,5933.24343383439
140,20,6801,1e-08,120,1.28043213955876,0.0847187571121215,0.00737909542410409,0,0,0,5933.24343383439
140,20,6801,1e-06,3,5.06910582704081e-07,9.73579896692544e-05,8.40741847535785e-05,1,0,0,1988.97802128982
140,20,6801,1e-06,10.2,3.67185169823637e-06,0.000169697170316178,0.000801581202199402,1,0,0,1988.97802128982
140,20,6801,1e-06,30,5.01520479705642e-05,0.000565396187304761,0.0121645920110148,1,0,0,1988.97802128982
140,20,6801,1e-06,60,2.74451099573999e-05,0.00247382344415211,0.0840083161455725,1,0,0,1988.97802128982
140,20,6801,1e-06,120,0.0352897079325656,0.0847187571121215,0.622782900887812,1,0,0,1988.97802128982
140,20,6801,0.0001,3,0.000230518420050436,9.73579896692544e-05,0.00201027975025284,1,0,0,616.346243749716
140,20,6801,0.0001,10.2,0.00232095486220679,0.000169697170316178,0.0457343308175817,1,0,0,616.346243749716
140,20,6801,0.0001,30,0.0198725965565347,0.000565396187304761,0.984502341602683,1,0,0,616.346243749716
140,20,6801,0.0001,60,0.0848188169136182,0.00247382344415211,7.53294378013383,1,1,0,616.346243749716
140,20,6801,0.0001,120,0.610239170212651,0.0847187571121215,58.9217748425493,1,1,0,616.346243749716
140,20,7601,1e-08,3,1.85001961294084e-05,8.29851565993691e-05,9.78388820305474e-06,1,0,0,1.24775105244233
140,20,7601,1e-08,10.2,8.38181220493662e-05,0.000440246066488037,3.0701926526387e-05,1,0,0,1.24775105244233
140,20,7601,1e-08,30,0.000875271528035934,0.00216690665708091,0.00022036857811208,0,0,0,1.24775105244233
140,20,7601,1e-08,60,0.0108893626535829,0.00172030097545267,0.001160888145643,0,0,0,1.24775105244233
140,20,7601,1e-08,120,8.68469015789048,9.30853800202001,0.00737909542410409,0,0,1,1.24775105244233
140,20,7601,1e-06,3,2.86658791185283e-06,8.29851565993691e-05,8.40741847535785e-05,1,0,0,0.885516707103823
140,20,7601,1e-06,10.2,2.61038870304713e-05,0.000440246066488037,0.000801581202199402,1,0,0,0.885516707103823
140,20,7601,1e-06,30,0.000465895821582772,0.00216690665708091,0.0121645920110148,1,0,0,0.885516707103823
140,20,7601,1e-06,60,0.00816498660186356,0.00172030097545267,0.0840083161455725,1,0,0,0.885516707103823
140,20,7601,1e-06,120,8.83845834651016,9.30853800202001,0.622782900887812,0,0,1,0.885516707103823
140,20,7601,0.0001,3,2.22581312858858e-05,8.29851565993691e-05,0.00201027975025284,1,0,0,0.814666877558203
140,20,7601,0.0001,10.2,0.000150105076020136,0.000440246066488037,0.0457343308175817,1,0,0,0.814666877558203
140,20,7601,0.0001,30,0.00160408910863551,0.00216690665708091,0.984502341602683,1,0,0,0.814666877558203
140,20,7601,0.0001,60,0.0158720264534578,0.00172030097545267,7.53294378013383,1,1,0,0.814666877558203
140,20,7601,0.0001,120,8.42749990382892,9.30853800202001,58.9217748425493,1,1,1,0.814666877558203
141,1,6001,1e-08,3,0.000311116666652902,0.00189648201911232,9.78388820305474e-06,0,0,0,3.12857934985372
141,1,6001,1e-08,10.2,0.000295657059678077,0.0246192474817513,3.0701926526387e-05,0,0,0,3.12857934985372
141,1,6001,1e-08,30,0.00569015477709653,0.142301399261131,0.00022036857811208,0,0,0,3.12857934985372
141,1,6001,1e-08,60,2.07506500055945,5.60429251306622,0.001160888145643,0,0,0,3.12857934985372
141,1,6001,1e-08,120,1.41651880786522,9.39632707059083,0.00737909542410409,0,0,0,3.12857934985372
141,1,6001,1e-06,3,2.07156373654836e-07,0.00189648201911232,8.40741847535785e-05,1,0,0,1.07539554560656
141,1,6001,1e-06,10.2,0.000170796577305447,0.0246192474817513,0.000801581202199402,1,0,0,1.07539554560656
141,1,6001,1e-06,30,0.020069646202791,0.142301399261131,0.0121645920110148,1,0,0,1.07539554560656
141,1,6001,1e-06,60,1.741801607827,5.60429251306622,0.0840083161455725,0,0,0,1.07539554560656
141,1,6001,1e-06,120,0.922442424807524,9.39632707059083,0.622782900887812,1,0,0,1.07539554560656
141,1,6001,0.0001,3,0.00102366957653276,0.00189648201911232,0.00201027975025284,1,0,0,0.909510390677873
141,1,6001,0.0001,10.2,0.011633986985744,0.0246192474817513,0.0457343308175817,1,0,0,0.909510390677873
141,1,6001,0.0001,30,0.166382490955901,0.142301399261131,0.984502341602683,1,0,0,0.909510390677873
141,1,6001,0.0001,60,0.630089858753677,5.60429251306622,7.53294378013383,1,1,0,0.909510390677873
141,1,6001,0.0001,120,0.00723688037493068,9.39632707059083,58.9217748425493,1,1,0,0.909510390677873
141,1,6801,1e-08,3,2.38778012109103e-05,2.37500921380739e-06,9.78388820305474e-06,1,0,0,1.09086793372906
141,1,6801,1e-08,10.2,6.91946440876471,6.80565908749381,3.0701926526387e-05,0,0,1,1.09086793372906
141,1,6801,1e-08,30,7.05056115498441,6.67205861620508,0.00022036857811208,0,0,1,1.09086793372906
141,1,6801,1e-08,60,7.17509886616345,6.39995488012521,0.001160888145643,0,0,1,1.09086793372906
141,1,6801,1e-08,120,8.35982226381545,6.70486672916879,0.00737909542410409,0,0,1,1.09086793372906
141,1,6801,1e-06,3,2.39999068204329e-05,2.37500921380739e-06,8.40741847535785e-05,1,0,0,0.967560941106707
141,1,6801,1e-06,10.2,6.93150191259248,6.80565908749381,0.000801581202199402,0,0,1,0.967560941106707
141,1,6801,1e-06,30,7.09599834286201,6.67205861620508,0.0121645920110148,0,0,1,0.967560941106707
141,1,6801,1e-06,60,7.27196031049383,6.39995488012521,0.0840083161455725,0,0,1,0.967560941106707
141,1,6801,1e-06,120,8.57500230903804,6.70486672916879,0.622782900887812,0,0,1,0.967560941106707
141,1,6801,0.0001,3,0.000430605249272021,2.37500921380739e-06,0.00201027975025284,1,0,0,0.907317874216741
141,1,6801,0.0001,10.2,7.16209631311239,6.80565908749381,0.0457343308175817,0,0,1,0.907317874216741
141,1,6801,0.0001,30,7.7457495409613,6.67205861620508,0.984502341602683,0,0,1,0.907317874216741
141,1,6801,0.0001,60,8.59001237074063,6.39995488012521,7.53294378013383,1,1,1,0.907317874216741
141,1,6801,0.0001,120,8.35674782392869,6.70486672916879,58.9217748425493,1,1,1,0.907317874216741
141,1,7601,1e-08,3,0.000136036920801746,0.00741209123205968,9.78388820305474e-06,0,0,0,21.8267229937045
141,1,7601,1e-08,10.2,8.49282027103596e-06,0.0714367695912435,3.0701926526387e-05,1,0,0,21.8267229937045
141,1,7601,1e-08,30,0.0311810932867303,0.399362511741736,0.00022036857811208,0,0,0,21.8267229937045
141,1,7601,1e-08,60,0.137328642476516,1.57157382987389,0.001160888145643,0,0,0,21.8267229937045
141,1,7601,1e-08,120,2.10287743053183,3.25951605529146,0.00737909542410409,0,0,0,21.8267229937045
141,1,7601,1e-06,3,5.93332589810213e-07,0.00741209123205968,8.40741847535785e-05,1,0,0,0.987569638826915
141,1,7601,1e-06,10.2,0.000582418185757584,0.0714367695912435,0.000801581202199402,1,0,0,0.987569638826915
141,1,7601,1e-06,30,0.0492664390529661,0.399362511741736,0.0121645920110148,0,0,0,0.987569638826915
141,1,7601,1e-06,60,0.204813350299283,1.57157382987389,0.0840083161455725,1,0,0,0.987569638826915
141,1,7601,1e-06,120,2.57707002898875,3.25951605529146,0.622782900887812,0,0,0,0.987569638826915
141,1,7601,0.0001,3,0.000574811814017412,0.00741209123205968,0.00201027975025284,1,0,0,0.821941662807124
141,1,7601,0.0001,10.2,0.00209099164479602,0.0714367695912435,0.0457343308175817,1,0,0,0.821941662807124
141,1,7601,0.0001,30,0.000785847365417751,0.399362511741736,0.984502341602683,1,0,0,0.821941662807124
141,1,7601,0.0001,60,0.00499222190530915,1.57157382987389,7.53294378013383,1,1,0,0.821941662807124
141,1,7601,0.0001,120,0.718185357577006,3.25951605529146,58.9217748425493,1,1,0,0.821941662807124
141,2,6001,1e-08,3,0.000168722624370202,0.000458100453114401,9.78388820305474e-06,0,0,0,1.753909210046
141,2,6001,1e-08,10.2,0.000542885278052885,0.00598816333315526,3.0701926526387e-05,0,0,0,1.753909210046
141,2,6001,1e-08,30,0.000478971690331469,0.0406262391678221,0.00022036857811208,1,0,0,1.753909210046
141,2,6001,1e-08,60,8.08954672843987,6.12191160972899,0.001160888145643,0,0,0,1.753909210046
141,2,6001,1e-08,120,9.46082193740957,6.035862101371,0.00737909542410409,0,0,0,1.753909210046
141,2,6001,1e-06,3,1.19320692650072e-05,0.000458100453114401,8.40741847535785e-05,1,0,0,1.04604795571386
141,2,6001,1e-06,10.2,5.35019078516689e-05,0.00598816333315526,0.000801581202199402,1,0,0,1.04604795571386
141,2,6001,1e-06,30,0.00227516072000118,0.0406262391678221,0.0121645920110148,1,0,0,1.04604795571386
141,2,6001,1e-06,60,8.83778876732802,6.12191160972899,0.0840083161455725,0,0,0,1.04604795571386
141,2,6001,1e-06,120,8.00395387975199,6.035862101371,0.622782900887812,0,0,0,1.04604795571386
141,2,6001,0.0001,3,8.88928393446926e-05,0.000458100453114401,0.00201027975025284,1,0,0,0.901199269653669
141,2,6001,0.0001,10.2,0.000368397305803141,0.00598816333315526,0.0457343308175817,1,0,0,0.901199269653669
141,2,6001,0.0001,30,0.00574822032746759,0.0406262391678221,0.984502341602683,1,0,0,0.901199269653669
141,2,6001,0.0001,60,9.15404406446921,6.12191160972899,7.53294378013383,1,1,0,0.901199269653669
141,2,6001,0.0001,120,7.43758218285186,6.035862101371,58.9217748425493,1,1,0,0.901199269653669
141,2,6801,1e-08,3,1.73904941759719e-06,0.000105188993592051,9.78388820305474e-06,1,0,0,2.10147885334377
141,2,6801,1e-08,10.2,3.87834096141622e-05,0.00208628284044223,3.0701926526387e-05,1,0,0,2.10147885334377
141,2,6801,1e-08,30,0.000891667996269636,0.0176747081746508,0.00022036857811208,0,0,0,2.10147885334377
141,2,6801,1e-08,60,7.39298194969645,5.70331312850187,0.001160888145643,0,0,1,2.10147885334377
141,2,6801,1e-08,120,9.73959600077761,6.2272128819893,0.00737909542410409,0,0,1,2.10147885334377
141,2,6801,1e-06,3,2.15828210042169e-06,0.000105188993592051,8.40741847535785e-05,1,0,0,1.16412794285346
141,2,6801,1e-06,10.2,1.09860882004019e-05,0.00208628284044223,0.000801581202199402,1,0,0,1.16412794285346
141,2,6801,1e-06,30,3.04247987937777e-06,0.0176747081746508,0.0121645920110148,1,0,0,1.16412794285346
141,2,6801,1e-06,60,7.09020727306229,5.70331312850187,0.0840083161455725,0,0,1,1.16412794285346
141,2,6801,1e-06,120,9.30132386654825,6.2272128819893,0.622782900887812,0,0,1,1.16412794285346
141,2,6801,0.0001,3,1.74873410607694e-07,0.000105188993592051,0.00201027975025284,1,0,0,1.08687740768486
141,2,6801,0.0001,10.2,1.8459419445228e-05,0.00208628284044223,0.0457343308175817,1,0,0,1.08687740768486
141,2,6801,0.0001,30,0.00062977730785642,0.0176747081746508,0.984502341602683,1,0,0,1.08687740768486
141,2,6801,0.0001,60,7.34379691167887,5.70331312850187,7.53294378013383,1,1,1,1.08687740768486
141,2,6801,0.0001,120,9.85006304580153,6.2272128819893,58.9217748425493,1,1,1,1.08687740768486
141,2,7601,1e-08,3,0.0535111648844756,1.10129265206543e-05,9.78388820305474e-06,0,0,0,322.539797246524
141,2,7601,1e-08,10.2,0.160089322308827,8.1046750514466e-05,3.0701926526387e-05,0,0,0,322.539797246524
141,2,7601,1e-08,30,0.674905923849922,0.000328159938167912,0.00022036857811208,0,0,0,322.539797246524
141,2,7601,1e-08,60,1.88018681129361,0.0219151798293823,0.001160888145643,0,0,0,322.539797246524
141,2,7601,1e-08,120,8.95647131007362,0.0130666707885638,0.00737909542410409,0,0,0,322.539797246524
141,2,7601,1e-06,3,0.000333626890542441,1.10129265206543e-05,8.40741847535785e-05,0,0,0,8.29752739722906
141,2,7601,1e-06,10.2,0.00352817762436809,8.1046750514466e-05,0.000801581202199402,0,0,0,8.29752739722906
141,2,7601,1e-06,30,0.0168390566021101,0.000328159938167912,0.0121645920110148,1,0,0,8.29752739722906
141,2,7601,1e-06,60,0.0217700918293235,0.0219151798293823,0.0840083161455725,1,0,0,8.29752739722906
141,2,7601,1e-06,120,0.497451509513119,0.0130666707885638,0.622782900887812,1,0,0,8.29752739722906
141,2,7601,0.0001,3,0.00208061532735769,1.10129265206543e-05,0.00201027975025284,1,0,0,1.03748605283766
141,2,7601,0.0001,10.2,0.0181861078165186,8.1046750514466e-05,0.0457343308175817,1,0,0,1.03748605283766
141,2,7601,0.0001,30,0.113921672623648,0.000328159938167912,0.984502341602683,1,0,0,1.03748605283766
141,2,7601,0.0001,60,0.30886804695554,0.0219151798293823,7.53294378013383,1,1,0,1.03748605283766
141,2,7601,0.0001,120,2.29347919360158,0.0130666707885638,58.9217748425493,1,1,0,1.03748605283766
141,3,6001,1e-08,3,0.000686005741007108,0.000287059561121222,9.78388820305474e-06,0,0,0,171.341600087075
141,3,6001,1e-08,10.2,0.00407224851293555,0.000706158147007362,3.0701926526387e-05,0,0,0,171.341600087075
141,3,6001,1e-08,30,0.0528367115246023,0.0133737163161032,0.00022036857811208,0,0,0,171.341600087075
141,3,6001,1e-08,60,0.251134726725116,0.0730534141037569,0.001160888145643,0,0,0,171.341600087075
141,3,6001,1e-08,120,0.889995357531999,0.229711580075304,0.00737909542410409,0,0,0,171.341600087075
141,3,6001,1e-06,3,0.000269581514957201,0.000287059561121222,8.40741847535785e-05,1,0,0,1.53341580466443
141,3,6001,1e-06,10.2,0.00350388303579413,0.000706158147007362,0.000801581202199402,0,0,0,1.53341580466443
141,3,6001,1e-06,30,0.0573173312745983,0.0133737163161032,0.0121645920110148,0,0,0,1.53341580466443
141,3,6001,1e-06,60,0.28318254099134,0.0730534141037569,0.0840083161455725,1,0,0,1.53341580466443
141,3,6001,1e-06,120,1.03499341954025,0.229711580075304,0.622782900887812,1,0,0,1.53341580466443
141,3,6001,0.0001,3,0.00134205718030612,0.000287059561121222,0.00201027975025284,1,0,0,1.11016821002171
141,3,6001,0.0001,10.2,0.0142894624824083,0.000706158147007362,0.0457343308175817,1,0,0,1.11016821002171
141,3,6001,0.0001,30,0.168192008517236,0.0133737163161032,0.984502341602683,1,0,0,1.11016821002171
141,3,6001,0.0001,60,0.757001230763265,0.0730534141037569,7.53294378013383,1,1,0,1.11016821002171
141,3,6001,0.0001,120,2.85498547468087,0.229711580075304,58.9217748425493,1,1,0,1.11016821002171
141,3,6801,1e-08,3,0.00292561014888726,0.000178935411416767,9.78388820305474e-06,0,0,0,1351.84971860024
141,3,6801,1e-08,10.2,0.0130288911648544,0.000204050989929084,3.0701926526387e-05,0,0,0,1351.84971860024
141,3,6801,1e-08,30,0.0777127064793424,0.000299556265694,0.00022036857811208,0,0,0,1351.84971860024
141,3,6801,1e-08,60,0.276526976938086,0.000587228647534872,0.001160888145643,0,0,0,1351.84971860024
141,3,6801,1e-08,120,0.973423696584149,0.00511162694716211,0.00737909542410409,0,0,0,1351.84971860024
141,3,6801,1e-06,3,1.39595331135205e-05,0.000178935411416767,8.40741847535785e-05,1,0,0,1.60264102813289
141,3,6801,1e-06,10.2,4.1488199838399e-05,0.000204050989929084,0.000801581202199402,1,0,0,1.60264102813289
141,3,6801,1e-06,30,0.000207524637179941,0.000299556265694,0.0121645920110148,1,0,0,1.60264102813289
141,3,6801,1e-06,60,0.000830476503137678,0.000587228647534872,0.0840083161455725,1,0,0,1.60264102813289
141,3,6801,1e-06,120,0.00829104291437701,0.00511162694716211,0.622782900887812,1,0,0,1.60264102813289
141,3,6801,0.0001,3,0.000356545023870418,0.000178935411416767,0.00201027975025284,1,0,0,0.694963364774417
141,3,6801,0.0001,10.2,0.00234135349007273,0.000204050989929084,0.0457343308175817,1,0,0,0.694963364774417
141,3,6801,0.0001,30,0.0169137296961351,0.000299556265694,0.984502341602683,1,0,0,0.694963364774417
141,3,6801,0.0001,60,0.0656039936020396,0.000587228647534872,7.53294378013383,1,1,0,0.694963364774417
141,3,6801,0.0001,120,0.293444667192017,0.00511162694716211,58.9217748425493,1,1,0,0.694963364774417
141,3,7601,1e-08,3,0.00214796337764584,4.77854983649233e-05,9.78388820305474e-06,0,0,0,9.71664223023467
141,3,7601,1e-08,10.2,0.00572369873365191,1.12177761180858e-05,3.0701926526387e-05,0,0,0,9.71664223023467
141,3,7601,1e-08,30,0.0038158946780895,0.0101872784516934,0.00022036857811208,0,0,0,9.71664223023467
141,3,7601,1e-08,60,0.0960494538798115,0.371602207462208,0.001160888145643,0,0,0,9.71664223023467
141,3,7601,1e-08,120,1.25941115480228,2.87589046511016,0.00737909542410409,0,0,0,9.71664223023467
141,3,7601,1e-06,3,6.45285652419951e-05,4.77854983649233e-05,8.40741847535785e-05,1,0,0,1.18116654269898
141,3,7601,1e-06,10.2,1.9292489561725e-05,1.12177761180858e-05,0.000801581202199402,1,0,0,1.18116654269898
141,3,7601,1e-06,30,0.010020293933026,0.0101872784516934,0.0121645920110148,1,0,0,1.18116654269898
141,3,7601,1e-06,60,0.370982123994654,0.371602207462208,0.0840083161455725,0,0,0,1.18116654269898
141,3,7601,1e-06,120,2.87634770846316,2.87589046511016,0.622782900887812,0,0,0,1.18116654269898
141,3,7601,0.0001,3,0.000283732883922719,4.77854983649233e-05,0.00201027975025284,1,0,0,0.893311000384735
141,3,7601,0.0001,10.2,0.0014459459807693,1.12177761180858e-05,0.0457343308175817,1,0,0,0.893311000384735
141,3,7601,0.0001,30,3.21125702836008e-06,0.0101872784516934,0.984502341602683,1,0,0,0.893311000384735
141,3,7601,0.0001,60,0.163026292933852,0.371602207462208,7.53294378013383,1,1,0,0.893311000384735
141,3,7601,0.0001,120,1.64817602369856,2.87589046511016,58.9217748425493,1,1,0,0.893311000384735
141,4,6001,1e-08,3,0.00241463357038002,0.00019385024943685,9.78388820305474e-06,0,0,0,58.285288925218
141,4,6001,1e-08,10.2,0.00473432783411091,0.00151643598953868,3.0701926526387e-05,0,0,0,58.285288925218
141,4,6001,1e-08,30,0.0161168675043769,0.0124997304498456,0.00022036857811208,0,0,0,58.285288925218
141,4,6001,1e-08,60,0.0511489431179993,0.0544320203917255,0.001160888145643,0,0,0,58.285288925218
141,4,6001,1e-08,120,0.208601061556006,0.258536533461296,0.00737909542410409,0,0,0,58.285288925218
141,4,6001,1e-06,3,1.71025247336686e-06,0.00019385024943685,8.40741847535785e-05,1,0,0,1.74732247408711
141,4,6001,1e-06,10.2,7.71570353942207e-06,0.00151643598953868,0.000801581202199402,1,0,0,1.74732247408711
141,4,6001,1e-06,30,7.61766981601985e-06,0.0124997304498456,0.0121645920110148,1,0,0,1.74732247408711
141,4,6001,1e-06,60,7.01615488883888e-05,0.0544320203917255,0.0840083161455725,1,0,0,1.74732247408711
141,4,6001,1e-06,120,0.00394357776823228,0.258536533461296,0.622782900887812,1,0,0,1.74732247408711
141,4,6001,0.0001,3,6.74329294426992e-06,0.00019385024943685,0.00201027975025284,1,0,0,0.761534761993862
141,4,6001,0.0001,10.2,8.49770233412976e-05,0.00151643598953868,0.0457343308175817,1,0,0,0.761534761993862
141,4,6001,0.0001,30,0.000991464104142249,0.0124997304498456,0.984502341602683,1,0,0,0.761534761993862
141,4,6001,0.0001,60,0.00582752257188973,0.0544320203917255,7.53294378013383,1,1,0,0.761534761993862
141,4,6001,0.0001,120,0.0392787722217432,0.258536533461296,58.9217748425493,1,1,0,0.761534761993862
141,4,6801,1e-08,3,1.37214258885519e-05,0.000331358710975498,9.78388820305474e-06,1,0,0,1.4610766631222
141,4,6801,1e-08,10.2,1.55509006673933e-05,0.00332613104570223,3.0701926526387e-05,1,0,0,1.4610766631222
141,4,6801,1e-08,30,2.01234677241714e-06,0.0286950380150353,0.00022036857811208,1,0,0,1.4610766631222
141,4,6801,1e-08,60,3.5273450115133e-05,0.117105097663222,0.001160888145643,1,0,0,1.4610766631222
141,4,6801,1e-08,120,3.66516807926402e-06,0.442567439031685,0.00737909542410409,1,0,0,1.4610766631222
141,4,6801,1e-06,3,1.80315895969821e-05,0.000331358710975498,8.40741847535785e-05,1,0,0,0.870395253524743
141,4,6801,1e-06,10.2,7.59256192847867e-05,0.00332613104570223,0.000801581202199402,1,0,0,0.870395253524743
141,4,6801,1e-06,30,0.000584720165887039,0.0286950380150353,0.0121645920110148,1,0,0,0.870395253524743
141,4,6801,1e-06,60,0.00261618478000001,0.117105097663222,0.0840083161455725,1,0,0,0.870395253524743
141,4,6801,1e-06,120,0.00680871566752963,0.442567439031685,0.622782900887812,1,0,0,0.870395253524743
141,4,6801,0.0001,3,6.01396952305034e-07,0.000331358710975498,0.00201027975025284,1,0,0,0.725488981165263
141,4,6801,0.0001,10.2,2.55947603897965e-06,0.00332613104570223,0.0457343308175817,1,0,0,0.725488981165263
141,4,6801,0.0001,30,2.44952010509063e-05,0.0286950380150353,0.984502341602683,1,0,0,0.725488981165263
141,4,6801,0.0001,60,4.21463999230007e-05,0.117105097663222,7.53294378013383,1,1,0,0.725488981165263
141,4,6801,0.0001,120,0.00103340363584238,0.442567439031685,58.9217748425493,1,1,0,0.725488981165263
141,4,7601,1e-08,3,6.02998003403e-05,0.00193917717177558,9.78388820305474e-06,0,0,0,75.9640217099887
141,4,7601,1e-08,10.2,0.000929806944335336,0.00668349921100709,3.0701926526387e-05,0,0,0,75.9640217099887
141,4,7601,1e-08,30,0.0104401626793887,0.0479603324294544,0.00022036857811208,0,0,0,75.9640217099887
141,4,7601,1e-08,60,0.915658853902464,0.101865771345726,0.001160888145643,0,0,0,75.9640217099887
141,4,7601,1e-08,120,0.256060910235907,0.584970476829611,0.00737909542410409,0,0,0,75.9640217099887
141,4,7601,1e-06,3,3.35337770269782e-05,0.00193917717177558,8.40741847535785e-05,1,0,0,1.65413292283492
141,4,7601,1e-06,10.2,0.00468226967334867,0.00668349921100709,0.000801581202199402,0,0,0,1.65413292283492
141,4,7601,1e-06,30,0.0429118131012784,0.0479603324294544,0.0121645920110148,1,0,0,1.65413292283492
141,4,7601,1e-06,60,1.35361875882229,0.101865771345726,0.0840083161455725,0,0,0,1.65413292283492
141,4,7601,1e-06,120,0.838556381101935,0.584970476829611,0.622782900887812,1,0,0,1.65413292283492
141,4,7601,0.0001,3,1.88055533376605e-05,0.00193917717177558,0.00201027975025284,1,0,0,1.03602280409508
141,4,7601,0.0001,10.2,0.00117129629421152,0.00668349921100709,0.0457343308175817,1,0,0,1.03602280409508
141,4,7601,0.0001,30,0.0113936506139753,0.0479603324294544,0.984502341602683,1,0,0,1.03602280409508
141,4,7601,0.0001,60,0.926841126704478,0.101865771345726,7.53294378013383,1,1,0,1.03602280409508
141,4,7601,0.0001,120,0.264579021430877,0.584970476829611,58.9217748425493,1,1,0,1.03602280409508
141,5,6001,1e-08,3,0.000113271661918707,0.000179506411046851,9.78388820305474e-06,0,0,0,101.255738025424
141,5,6001,1e-08,10.2,0.00118524752334887,0.0026114648074593,3.0701926526387e-05,0,0,0,101.255738025424
141,5,6001,1e-08,30,0.0260347896552991,0.046789161592475,0.00022036857811208,0,0,0,101.255738025424
141,5,6001,1e-08,60,0.0868901542629295,0.166240755539282,0.001160888145643,0,0,0,101.255738025424
141,5,6001,1e-08,120,0.130382130426855,0.348146608956497,0.00737909542410409,0,0,0,101.255738025424
141,5,6001,1e-06,3,2.75030705335953e-05,0.000179506411046851,8.40741847535785e-05,1,0,0,0.784803484666497
141,5,6001,1e-06,10.2,0.000733722423705749,0.0026114648074593,0.000801581202199402,1,0,0,0.784803484666497
141,5,6001,1e-06,30,0.0221038589977387,0.046789161592475,0.0121645920110148,1,0,0,0.784803484666497
141,5,6001,1e-06,60,0.0750772626342433,0.166240755539282,0.0840083161455725,1,0,0,0.784803484666497
141,5,6001,1e-06,120,0.105064246594557,0.348146608956497,0.622782900887812,1,0,0,0.784803484666497
141,5,6001,0.0001,3,8.43704486469657e-05,0.000179506411046851,0.00201027975025284,1,0,0,0.708098968327677
141,5,6001,0.0001,10.2,0.00127417712103189,0.0026114648074593,0.0457343308175817,1,0,0,0.708098968327677
141,5,6001,0.0001,30,0.0289398143641771,0.046789161592475,0.984502341602683,1,0,0,0.708098968327677
141,5,6001,0.0001,60,0.0991574766804207,0.166240755539282,7.53294378013383,1,1,0,0.708098968327677
141,5,6001,0.0001,120,0.16315205999119,0.348146608956497,58.9217748425493,1,1,0,0.708098968327677
141,5,6801,1e-08,3,6.79474598165628e-06,1.39526762169151e-05,9.78388820305474e-06,1,0,0,1.91760391737414
141,5,6801,1e-08,10.2,9.79797034506681e-06,0.00046418715430294,3.0701926526387e-05,1,0,0,1.91760391737414
141,5,6801,1e-08,30,6.19887057102355e-06,0.00527099888941729,0.00022036857811208,1,0,0,1.91760391737414
141,5,6801,1e-08,60,0.000134666053632505,0.0195650286874182,0.001160888145643,1,0,0,1.91760391737414
141,5,6801,1e-08,120,0.0879533197214972,0.36099104590792,0.00737909542410409,0,0,0,1.91760391737414
141,5,6801,1e-06,3,2.59641164811732e-07,1.39526762169151e-05,8.40741847535785e-05,1,0,0,0.854725637728552
141,5,6801,1e-06,10.2,5.51584670918841e-07,0.00046418715430294,0.000801581202199402,1,0,0,0.854725637728552
141,5,6801,1e-06,30,1.19982701094931e-05,0.00527099888941729,0.0121645920110148,1,0,0,0.854725637728552
141,5,6801,1e-06,60,6.2415978036075e-06,0.0195650286874182,0.0840083161455725,1,0,0,0.854725637728552
141,5,6801,1e-06,120,0.0973320155333607,0.36099104590792,0.622782900887812,1,0,0,0.854725637728552
141,5,6801,0.0001,3,3.62051331413858e-05,1.39526762169151e-05,0.00201027975025284,1,0,0,0.811442938470051
141,5,6801,0.0001,10.2,0.000294177014106161,0.00046418715430294,0.0457343308175817,1,0,0,0.811442938470051
141,5,6801,0.0001,30,0.00208771139006604,0.00527099888941729,0.984502341602683,1,0,0,0.811442938470051
141,5,6801,0.0001,60,0.00980474004359353,0.0195650286874182,7.53294378013383,1,1,0,0.811442938470051
141,5,6801,0.0001,120,0.01457567336291,0.36099104590792,58.9217748425493,1,1,0,0.811442938470051
141,5,7601,1e-08,3,0.00028232051090458,0.000251473026706643,9.78388820305474e-06,0,0,0,2.73711285415075
141,5,7601,1e-08,10.2,0.000265881017710928,0.00451698208358266,3.0701926526387e-05,0,0,0,2.73711285415075
141,5,7601,1e-08,30,0.00038636725470523,0.0302154884728559,0.00022036857811208,1,0,0,2.73711285415075
141,5,7601,1e-08,60,0.0159584314524772,0.0801939108601479,0.001160888145643,0,0,0,2.73711285415075
141,5,7601,1e-08,120,0.189880095313246,0.1646891370625,0.00737909542410409,0,0,0,2.73711285415075
141,5,7601,1e-06,3,1.2978198434248e-06,0.000251473026706643,8.40741847535785e-05,1,0,0,0.909174662306757
141,5,7601,1e-06,10.2,6.3535846627834e-05,0.00451698208358266,0.000801581202199402,1,0,0,0.909174662306757
141,5,7601,1e-06,30,0.00457252865182845,0.0302154884728559,0.0121645920110148,1,0,0,0.909174662306757
141,5,7601,1e-06,60,0.0441760581283676,0.0801939108601479,0.0840083161455725,1,0,0,0.909174662306757
141,5,7601,1e-06,120,0.349738368617851,0.1646891370625,0.622782900887812,1,0,0,0.909174662306757
141,5,7601,0.0001,3,0.000225153407604681,0.000251473026706643,0.00201027975025284,1,0,0,0.755832346710627
141,5,7601,0.0001,10.2,0.0033073239401317,0.00451698208358266,0.0457343308175817,1,0,0,0.755832346710627
141,5,7601,0.0001,30,0.0436778917355714,0.0302154884728559,0.984502341602683,1,0,0,0.755832346710627
141,5,7601,0.0001,60,0.240781635813981,0.0801939108601479,7.53294378013383,1,1,0,0.755832346710627
141,5,7601,0.0001,120,1.3229249906255,0.1646891370625,58.9217748425493,1,1,0,0.755832346710627
141,6,6001,1e-08,3,0.00201680664424958,2.93021263677434e-05,9.78388820305474e-06,0,0,0,1169.00316574336
141,6,6001,1e-08,10.2,0.00811697686420184,0.000266683830934051,3.0701926526387e-05,0,0,0,1169.00316574336
141,6,6001,1e-08,30,0.0111053769325805,0.0747383135263852,0.00022036857811208,0,0,0,1169.00316574336
141,6,6001,1e-08,60,0.81742010218849,1.47597617059751,0.001160888145643,0,0,0,1169.00316574336
141,6,6001,1e-08,120,1.44234293144646,3.23038756848064,0.00737909542410409,0,0,0,1169.00316574336
141,6,6001,1e-06,3,3.14349191227505e-05,2.93021263677434e-05,8.40741847535785e-05,1,0,0,1.56332526129934
141,6,6001,1e-06,10.2,0.000139259842295048,0.000266683830934051,0.000801581202199402,1,0,0,1.56332526129934
141,6,6001,1e-06,30,0.121501690808166,0.0747383135263852,0.0121645920110148,0,0,0,1.56332526129934
141,6,6001,1e-06,60,1.85336427372206,1.47597617059751,0.0840083161455725,0,0,0,1.56332526129934
141,6,6001,1e-06,120,4.35310290899895,3.23038756848064,0.622782900887812,0,0,0,1.56332526129934
141,6,6001,0.0001,3,7.37548443575671e-08,2.93021263677434e-05,0.00201027975025284,1,0,0,0.923576503862709
141,6,6001,0.0001,10.2,0.000146963239035406,0.000266683830934051,0.0457343308175817,1,0,0,0.923576503862709
141,6,6001,0.0001,30,0.0756372932154216,0.0747383135263852,0.984502341602683,1,0,0,0.923576503862709
141,6,6001,0.0001,60,1.47050888687458,1.47597617059751,7.53294378013383,1,1,0,0.923576503862709
141,6,6001,0.0001,120,3.19441558869286,3.23038756848064,58.9217748425493,1,1,0,0.923576503862709
141,6,6801,1e-08,3,0.000188866128576151,0.000153128884515086,9.78388820305474e-06,0,0,0,2.92316667416852
141,6,6801,1e-08,10.2,0.00102568536682771,0.00626665739274062,3.0701926526387e-05,0,0,0,2.92316667416852
141,6,6801,1e-08,30,0.427580378774141,0.696254799314371,0.00022036857811208,0,0,0,2.92316667416852
141,6,6801,1e-08,60,6.30280482530962,8.37038778596308,0.001160888145643,0,0,0,2.92316667416852
141,6,6801,1e-08,120,8.0352750872936,7.08466717560969,0.00737909542410409,0,0,0,2.92316667416852
141,6,6801,1e-06,3,9.02217699622009e-05,0.000153128884515086,8.40741847535785e-05,1,0,0,0.813183798113041
141,6,6801,1e-06,10.2,0.000570670606596315,0.00626665739274062,0.000801581202199402,1,0,0,0.813183798113041
141,6,6801,1e-06,30,0.403291312021243,0.696254799314371,0.0121645920110148,0,0,0,0.813183798113041
141,6,6801,1e-06,60,6.12796515383947,8.37038778596308,0.0840083161455725,0,0,0,0.813183798113041
141,6,6801,1e-06,120,7.6570978175279,7.08466717560969,0.622782900887812,0,0,0,0.813183798113041
141,6,6801,0.0001,3,0.000795680275644777,0.000153128884515086,0.00201027975025284,1,0,0,0.701885381389352
141,6,6801,0.0001,10.2,0.00807956362189093,0.00626665739274062,0.0457343308175817,1,0,0,0.701885381389352
141,6,6801,0.0001,30,0.09739888438741,0.696254799314371,0.984502341602683,1,0,0,0.701885381389352
141,6,6801,0.0001,60,3.36926277272002,8.37038778596308,7.53294378013383,1,1,0,0.701885381389352
141,6,6801,0.0001,120,2.23001074635798,7.08466717560969,58.9217748425493,1,1,0,0.701885381389352
141,6,7601,1e-08,3,0.154048362453262,0.0823023641702123,9.78388820305474e-06,0,0,0,415.090718594033
141,6,7601,1e-08,10.2,1.60746816008727,1.60911124658041,3.0701926526387e-05,0,0,0,415.090718594033
141,6,7601,1e-08,30,2.20196936795725,3.15683841229911,0.00022036857811208,0,0,0,415.090718594033
141,6,7601,1e-08,60,1.09150210184203,3.16954015127206,0.001160888145643,0,0,0,415.090718594033
141,6,7601,1e-08,120,0.0438873851694398,3.35077635976805,0.00737909542410409,0,0,0,415.090718594033
141,6,7601,1e-06,3,0.0445424099183372,0.0823023641702123,8.40741847535785e-05,0,0,0,4.72321981595827
141,6,7601,1e-06,10.2,0.881150060468777,1.60911124658041,0.000801581202199402,0,0,0,4.72321981595827
141,6,7601,1e-06,30,0.560248148760081,3.15683841229911,0.0121645920110148,0,0,0,4.72321981595827
141,6,7601,1e-06,60,0.0937432552529943,3.16954015127206,0.0840083161455725,1,0,0,4.72321981595827
141,6,7601,1e-06,120,5.62861134751409,3.35077635976805,0.622782900887812,0,0,0,4.72321981595827
141,6,7601,0.0001,3,0.0189338124447799,0.0823023641702123,0.00201027975025284,0,0,0,0.874244346275279
141,6,7601,0.0001,10.2,0.572940408331507,1.60911124658041,0.0457343308175817,0,0,0,0.874244346275279
141,6,7601,0.0001,30,0.0722843537896112,3.15683841229911,0.984502341602683,1,0,0,0.874244346275279
141,6,7601,0.0001,60,1.53050629480105,3.16954015127206,7.53294378013383,1,1,0,0.874244346275279
141,6,7601,0.0001,120,4.31439424945546,3.35077635976805,58.9217748425493,1,1,0,0.874244346275279
141,7,6001,1e-08,3,0.0023246719120518,0.000280020909116263,9.78388820305474e-06,0,0,0,602.905139571462
141,7,6001,1e-08,10.2,0.0242318354143557,0.0174899145925906,3.0701926526387e-05,0,0,0,602.905139571462
141,7,6001,1e-08,30,1.92323862920093,1.91980516525347,0.00022036857811208,0,0,0,602.905139571462
141,7,6001,1e-08,60,3.39876282105758,3.51914258382057,0.001160888145643,0,0,0,602.905139571462
141,7,6001,1e-08,120,2.90027548906024,3.24932941532475,0.00737909542410409,0,0,0,602.905139571462
141,7,6001,1e-06,3,8.3827424258926e-05,0.000280020909116263,8.40741847535785e-05,1,0,0,18.9648665321178
141,7,6001,1e-06,10.2,0.014939118329413,0.0174899145925906,0.000801581202199402,0,0,0,18.9648665321178
141,7,6001,1e-06,30,1.87367097439556,1.91980516525347,0.0121645920110148,0,0,0,18.9648665321178
141,7,6001,1e-06,60,3.41879437901519,3.51914258382057,0.0840083161455725,0,0,0,18.9648665321178
141,7,6001,1e-06,120,3.08097120338238,3.24932941532475,0.622782900887812,0,0,0,18.9648665321178
141,7,6001,0.0001,3,0.000531534531493875,0.000280020909116263,0.00201027975025284,1,0,0,0.915629944263399
141,7,6001,0.0001,10.2,0.0282078166610787,0.0174899145925906,0.0457343308175817,1,0,0,0.915629944263399
141,7,6001,0.0001,30,2.25621720652143,1.91980516525347,0.984502341602683,1,0,0,0.915629944263399
141,7,6001,0.0001,60,4.47263284189455,3.51914258382057,7.53294378013383,1,1,0,0.915629944263399
141,7,6001,0.0001,120,5.22741931103474,3.24932941532475,58.9217748425493,1,1,0,0.915629944263399
141,7,6801,1e-08,3,1.93763474587443e-05,2.79499852439847e-05,9.78388820305474e-06,1,0,0,1.27668597089774
141,7,6801,1e-08,10.2,0.000191531051794429,0.00026474176266503,3.0701926526387e-05,0,0,0,1.27668597089774
141,7,6801,1e-08,30,0.00280099417145572,0.00786519844976087,0.00022036857811208,0,0,0,1.27668597089774
141,7,6801,1e-08,60,0.00547638463109183,0.0256846517649839,0.001160888145643,0,0,0,1.27668597089774
141,7,6801,1e-08,120,0.0887151070604973,0.012229865841566,0.00737909542410409,0,0,0,1.27668597089774
141,7,6801,1e-06,3,9.4673359052177e-05,2.79499852439847e-05,8.40741847535785e-05,1,0,0,0.920837804398814
141,7,6801,1e-06,10.2,0.000146545773459223,0.00026474176266503,0.000801581202199402,1,0,0,0.920837804398814
141,7,6801,1e-06,30,3.03267364070878e-05,0.00786519844976087,0.0121645920110148,1,0,0,0.920837804398814
141,7,6801,1e-06,60,0.00113235414522631,0.0256846517649839,0.0840083161455725,1,0,0,0.920837804398814
141,7,6801,1e-06,120,0.253962819097253,0.012229865841566,0.622782900887812,1,0,0,0.920837804398814
141,7,6801,0.0001,3,1.07996241532103e-05,2.79499852439847e-05,0.00201027975025284,1,0,0,0.829444960899003
141,7,6801,0.0001,10.2,1.9738921692408e-05,0.00026474176266503,0.0457343308175817,1,0,0,0.829444960899003
141,7,6801,0.0001,30,0.00150772639735174,0.00786519844976087,0.984502341602683,1,0,0,0.829444960899003
141,7,6801,0.0001,60,0.00278667120077828,0.0256846517649839,7.53294378013383,1,1,0,0.829444960899003
141,7,6801,0.0001,120,0.111090146166434,0.012229865841566,58.9217748425493,1,1,0,0.829444960899003
141,7,7601,1e-08,3,0.00355331231146598,3.94193676808427e-05,9.78388820305474e-06,0,0,0,18.4309931500631
141,7,7601,1e-08,10.2,0.0160818749355439,0.000365159062493586,3.0701926526387e-05,0,0,0,18.4309931500631
141,7,7601,1e-08,30,0.117084711243428,0.00721526129059158,0.00022036857811208,0,0,0,18.4309931500631
141,7,7601,1e-08,60,0.602279376462606,0.0854243659620347,0.001160888145643,0,0,0,18.4309931500631
141,7,7601,1e-08,120,9.61359994849096,5.04314960777967,0.00737909542410409,0,0,0,18.4309931500631
141,7,7601,1e-06,3,7.39303747821292e-05,3.94193676808427e-05,8.40741847535785e-05,1,0,0,1.15296064982064
141,7,7601,1e-06,10.2,0.00175880630593086,0.000365159062493586,0.000801581202199402,1,0,0,1.15296064982064
141,7,7601,1e-06,30,0.0269524366981379,0.00721526129059158,0.0121645920110148,1,0,0,1.15296064982064
141,7,7601,1e-06,60,0.208811283954937,0.0854243659620347,0.0840083161455725,1,0,0,1.15296064982064
141,7,7601,1e-06,120,6.66305820628915,5.04314960777967,0.622782900887812,0,0,0,1.15296064982064
141,7,7601,0.0001,3,0.000370703884693116,3.94193676808427e-05,0.00201027975025284,1,0,0,0.855754858118125
141,7,7601,0.0001,10.2,0.00578528092481168,0.000365159062493586,0.0457343308175817,1,0,0,0.855754858118125
141,7,7601,0.0001,30,0.069079897208812,0.00721526129059158,0.984502341602683,1,0,0,0.855754858118125
141,7,7601,0.0001,60,0.426929757994998,0.0854243659620347,7.53294378013383,1,1,0,0.855754858118125
141,7,7601,0.0001,120,8.84046852656037,5.04314960777967,58.9217748425493,1,1,0,0.855754858118125
141,8,6001,1e-08,3,0.00196722598269395,0.00050151182088311,9.78388820305474e-06,0,0,0,14.8607145083413
141,8,6001,1e-08,10.2,0.0357065334090346,0.000647473916641127,3.0701926526387e-05,0,0,0,14.8607145083413
141,8,6001,1e-08,30,0.766183815099206,0.0649479167789346,0.00022036857811208,0,0,0,14.8607145083413
141,8,6001,1e-08,60,7.82833247715331,2.44046253685156,0.001160888145643,0,0,0,14.8607145083413
141,8,6001,1e-08,120,1.68090992981136,6.35278838713466,0.00737909542410409,0,0,0,14.8607145083413
141,8,6001,1e-06,3,0.000978983313323291,0.00050151182088311,8.40741847535785e-05,0,0,0,0.912807115195382
141,8,6001,1e-06,10.2,0.0214693859816511,0.000647473916641127,0.000801581202199402,0,0,0,0.912807115195382
141,8,6001,1e-06,30,0.565665058239993,0.0649479167789346,0.0121645920110148,0,0,0,0.912807115195382
141,8,6001,1e-06,60,6.51432447158384,2.44046253685156,0.0840083161455725,0,0,0,0.912807115195382
141,8,6001,1e-06,120,3.19290273735032,6.35278838713466,0.622782900887812,0,0,0,0.912807115195382
141,8,6001,0.0001,3,0.000168708315178623,0.00050151182088311,0.00201027975025284,1,0,0,0.624089977844812
141,8,6001,0.0001,10.2,0.0103015311908153,0.000647473916641127,0.0457343308175817,1,0,0,0.624089977844812
141,8,6001,0.0001,30,0.401420184269742,0.0649479167789346,0.984502341602683,1,0,0,0.624089977844812
141,8,6001,0.0001,60,5.39364012684726,2.44046253685156,7.53294378013383,1,1,0,0.624089977844812
141,8,6001,0.0001,120,5.01535505296678,6.35278838713466,58.9217748425493,1,1,0,0.624089977844812
141,8,6801,1e-08,3,1.67224043266176e-06,0.000731530431975545,9.78388820305474e-06,1,0,0,1.21103705334283
141,8,6801,1e-08,10.2,9.13788111238674e-07,0.00321919975410036,3.0701926526387e-05,1,0,0,1.21103705334283
141,8,6801,1e-08,30,0.000279794296122423,0.0218965693394985,0.00022036857811208,1,0,0,1.21103705334283
141,8,6801,1e-08,60,0.000871914248448746,0.0756899768246604,0.001160888145643,1,0,0,1.21103705334283
141,8,6801,1e-08,120,0.00642405997744317,0.307386317102712,0.00737909542410409,1,0,0,1.21103705334283
141,8,6801,1e-06,3,2.01446764005839e-05,0.000731530431975545,8.40741847535785e-05,1,0,0,1.11627195519809
141,8,6801,1e-06,10.2,0.000200119993031244,0.00321919975410036,0.000801581202199402,1,0,0,1.11627195519809
141,8,6801,1e-06,30,0.00252931704905306,0.0218965693394985,0.0121645920110148,1,0,0,1.11627195519809
141,8,6801,1e-06,60,0.00882930455879697,0.0756899768246604,0.0840083161455725,1,0,0,1.11627195519809
141,8,6801,1e-06,120,0.042571351969905,0.307386317102712,0.622782900887812,1,0,0,1.11627195519809
141,8,6801,0.0001,3,0.000148163490396008,0.000731530431975545,0.00201027975025284,1,0,0,1.01253068543426
141,8,6801,0.0001,10.2,0.0014264518668156,0.00321919975410036,0.0457343308175817,1,0,0,1.01253068543426
141,8,6801,0.0001,30,0.0138636497537881,0.0218965693394985,0.984502341602683,1,0,0,1.01253068543426
141,8,6801,0.0001,60,0.0519040696959525,0.0756899768246604,7.53294378013383,1,1,0,1.01253068543426
141,8,6801,0.0001,120,0.22373438811657,0.307386317102712,58.9217748425493,1,1,0,1.01253068543426
141,8,7601,1e-08,3,0.407690756418131,0.000757548336989639,9.78388820305474e-06,0,0,0,2733.94673984095
141,8,7601,1e-08,10.2,1.56590502050181,0.00299749402197774,3.0701926526387e-05,0,0,0,2733.94673984095
141,8,7601,1e-08,30,8.67809813545901,0.0192571185640043,0.00022036857811208,0,0,0,2733.94673984095
141,8,7601,1e-08,60,0.547472542033039,0.0876516138086892,0.001160888145643,0,0,0,2733.94673984095
141,8,7601,1e-08,120,2.96670209738099,0.513382852072285,0.00737909542410409,0,0,0,2733.94673984095
141,8,7601,1e-06,3,0.0021084974251114,0.000757548336989639,8.40741847535785e-05,0,0,0,1006.49960640734
141,8,7601,1e-06,10.2,0.0156205880497719,0.00299749402197774,0.000801581202199402,0,0,0,1006.49960640734
141,8,7601,1e-06,30,0.111061242748744,0.0192571185640043,0.0121645920110148,0,0,0,1006.49960640734
141,8,7601,1e-06,60,0.382965861509901,0.0876516138086892,0.0840083161455725,0,0,0,1006.49960640734
141,8,7601,1e-06,120,1.17536613290324,0.513382852072285,0.622782900887812,1,0,0,1006.49960640734
141,8,7601,0.0001,3,0.000744467936207497,0.000757548336989639,0.00201027975025284,1,0,0,312.718109506063
141,8,7601,0.0001,10.2,0.00695261246927407,0.00299749402197774,0.0457343308175817,1,0,0,312.718109506063
141,8,7601,0.0001,30,0.0609101890878602,0.0192571185640043,0.984502341602683,1,0,0,312.718109506063
141,8,7601,0.0001,60,0.274983192464592,0.0876516138086892,7.53294378013383,1,1,0,312.718109506063
141,8,7601,0.0001,120,1.40524993700743,0.513382852072285,58.9217748425493,1,1,0,312.718109506063
141,9,6001,1e-08,3,0.16964900971599,0.1202910653288,9.78388820305474e-06,0,0,0,255.559565947733
141,9,6001,1e-08,10.2,0.0507148499374312,0.528620412625704,3.0701926526387e-05,0,0,0,255.559565947733
141,9,6001,1e-08,30,2.06631543206002,0.388651617375502,0.00022036857811208,0,0,0,255.559565947733
141,9,6001,1e-08,60,5.01609170398343,0.144038396240974,0.001160888145643,0,0,0,255.559565947733
141,9,6001,1e-08,120,6.70463206925841,0.0755406489063664,0.00737909542410409,0,0,0,255.559565947733
141,9,6001,1e-06,3,3.45120029049375e-05,0.1202910653288,8.40741847535785e-05,1,0,0,7.18478567056611
141,9,6001,1e-06,10.2,0.291307312256438,0.528620412625704,0.000801581202199402,0,0,0,7.18478567056611
141,9,6001,1e-06,30,9.77233459084164,0.388651617375502,0.0121645920110148,0,0,0,7.18478567056611
141,9,6001,1e-06,60,0.858435954908601,0.144038396240974,0.0840083161455725,0,0,0,7.18478567056611
141,9,6001,1e-06,120,5.5951289928729,0.0755406489063664,0.622782900887812,0,0,0,7.18478567056611
141,9,6001,0.0001,3,0.00508047063422982,0.1202910653288,0.00201027975025284,1,0,0,0.906269390019636
141,9,6001,0.0001,10.2,0.479789909563949,0.528620412625704,0.0457343308175817,0,0,0,0.906269390019636
141,9,6001,0.0001,30,7.46604662742415,0.388651617375502,0.984502341602683,0,0,0,0.906269390019636
141,9,6001,0.0001,60,2.83896360305859,0.144038396240974,7.53294378013383,1,1,0,0.906269390019636
141,9,6001,0.0001,120,5.90442997049078,0.0755406489063664,58.9217748425493,1,1,0,0.906269390019636
141,9,6801,1e-08,3,0.0110854466522776,0.00644019063711259,9.78388820305474e-06,0,0,0,16.1863299805096
141,9,6801,1e-08,10.2,0.0474915299470097,0.0811121676346653,3.0701926526387e-05,0,0,0,16.1863299805096
141,9,6801,1e-08,30,0.193212987344985,0.576380878155215,0.00022036857811208,0,0,0,16.1863299805096
141,9,6801,1e-08,60,0.0166642280571095,0.691722959506581,0.001160888145643,0,0,0,16.1863299805096
141,9,6801,1e-08,120,3.33915824322816,0.128726618646022,0.00737909542410409,0,0,0,16.1863299805096
141,9,6801,1e-06,3,7.27119828373724e-05,0.00644019063711259,8.40741847535785e-05,1,0,0,1.80899260402367
141,9,6801,1e-06,10.2,0.00176244454738244,0.0811121676346653,0.000801581202199402,1,0,0,1.80899260402367
141,9,6801,1e-06,30,0.00210320614746718,0.576380878155215,0.0121645920110148,1,0,0,1.80899260402367
141,9,6801,1e-06,60,0.353479519267536,0.691722959506581,0.0840083161455725,0,0,0,1.80899260402367
141,9,6801,1e-06,120,9.43935390693372,0.128726618646022,0.622782900887812,0,0,0,1.80899260402367
141,9,6801,0.0001,3,0.000645814526474639,0.00644019063711259,0.00201027975025284,1,0,0,0.984889350670486
141,9,6801,0.0001,10.2,0.00873501801736614,0.0811121676346653,0.0457343308175817,1,0,0,0.984889350670486
141,9,6801,0.0001,30,0.0370463618135914,0.576380878155215,0.984502341602683,1,0,0,0.984889350670486
141,9,6801,0.0001,60,0.0922858136984498,0.691722959506581,7.53294378013383,1,1,0,0.984889350670486
141,9,6801,0.0001,120,6.92633139160379,0.128726618646022,58.9217748425493,1,1,0,0.984889350670486
141,9,7601,1e-08,3,2.27581679154171e-05,0.000115607890222256,9.78388820305474e-06,1,0,0,2.22936425834272
141,9,7601,1e-08,10.2,0.000437123036742685,0.00407959609755976,3.0701926526387e-05,0,0,0,2.22936425834272
141,9,7601,1e-08,30,0.0166947154277592,0.0213237848493479,0.00022036857811208,0,0,0,2.22936425834272
141,9,7601,1e-08,60,0.173440746924982,0.0217094965348753,0.001160888145643,0,0,0,2.22936425834272
141,9,7601,1e-08,120,1.27173461558488,0.000175015144570569,0.00737909542410409,0,0,0,2.22936425834272
141,9,7601,1e-06,3,9.0327803573744e-05,0.000115607890222256,8.40741847535785e-05,1,0,0,1.06388724246742
141,9,7601,1e-06,10.2,0.00112218977292303,0.00407959609755976,0.000801581202199402,1,0,0,1.06388724246742
141,9,7601,1e-06,30,0.026702613066344,0.0213237848493479,0.0121645920110148,1,0,0,1.06388724246742
141,9,7601,1e-06,60,0.233680833913905,0.0217094965348753,0.0840083161455725,1,0,0,1.06388724246742
141,9,7601,1e-06,120,1.5879511089251,0.000175015144570569,0.622782900887812,1,0,0,1.06388724246742
141,9,7601,0.0001,3,0.000340688087903773,0.000115607890222256,0.00201027975025284,1,0,0,0.953947617027432
141,9,7601,0.0001,10.2,0.00314677486173743,0.00407959609755976,0.0457343308175817,1,0,0,0.953947617027432
141,9,7601,0.0001,30,0.0499637155550195,0.0213237848493479,0.984502341602683,1,0,0,0.953947617027432
141,9,7601,0.0001,60,0.36044313360696,0.0217094965348753,7.53294378013383,1,1,0,0.953947617027432
141,9,7601,0.0001,120,2.2224781895557,0.000175015144570569,58.9217748425493,1,1,0,0.953947617027432
141,10,6001,1e-08,3,0.023707779327753,0.0194153907170616,9.78388820305474e-06,0,0,0,28.4413197816172
141,10,6001,1e-08,10.2,0.343709590636967,0.43156474315859,3.0701926526387e-05,0,0,0,28.4413197816172
141,10,6001,1e-08,30,1.18948497862213,1.94849636466264,0.00022036857811208,0,0,0,28.4413197816172
141,10,6001,1e-08,60,5.11846890139669,2.56552508082273,0.001160888145643,0,0,0,28.4413197816172
141,10,6001,1e-08,120,4.00802625396914,8.4660483110913,0.00737909542410409,0,0,0,28.4413197816172
141,10,6001,1e-06,3,0.00521979350807679,0.0194153907170616,8.40741847535785e-05,0,0,0,1.27365599802304
141,10,6001,1e-06,10.2,0.184614929667151,0.43156474315859,0.000801581202199402,0,0,0,1.27365599802304
141,10,6001,1e-06,30,0.530177181560579,1.94849636466264,0.0121645920110148,0,0,0,1.27365599802304
141,10,6001,1e-06,60,8.62526749196056,2.56552508082273,0.0840083161455725,0,0,0,1.27365599802304
141,10,6001,1e-06,120,0.495023126962692,8.4660483110913,0.622782900887812,1,0,0,1.27365599802304
141,10,6001,0.0001,3,0.00405992176084462,0.0194153907170616,0.00201027975025284,1,0,0,0.907277821371936
141,10,6001,0.0001,10.2,0.172792568722306,0.43156474315859,0.0457343308175817,1,0,0,0.907277821371936
141,10,6001,0.0001,30,0.488807376545318,1.94849636466264,0.984502341602683,1,0,0,0.907277821371936
141,10,6001,0.0001,60,8.93168683241039,2.56552508082273,7.53294378013383,1,1,0,0.907277821371936
141,10,6001,0.0001,120,0.367735854789439,8.4660483110913,58.9217748425493,1,1,0,0.907277821371936
141,10,6801,1e-08,3,0.319901208717432,0.00228327134171133,9.78388820305474e-06,0,0,0,886.472319314474
141,10,6801,1e-08,10.2,1.54538117293389,0.0140856217075262,3.0701926526387e-05,0,0,0,886.472319314474
141,10,6801,1e-08,30,9.29004199208531,0.0341450689751622,0.00022036857811208,0,0,0,886.472319314474
141,10,6801,1e-08,60,0.0281592573463914,0.0076558813997654,0.001160888145643,0,0,0,886.472319314474
141,10,6801,1e-08,120,0.0251307985821501,0.00255523867566692,0.00737909542410409,1,0,0,886.472319314474
141,10,6801,1e-06,3,0.00389583490592237,0.00228327134171133,8.40741847535785e-05,0,0,0,50.4852664321324
141,10,6801,1e-06,10.2,0.0341754983939397,0.0140856217075262,0.000801581202199402,0,0,0,50.4852664321324
141,10,6801,1e-06,30,0.423116967774689,0.0341450689751622,0.0121645920110148,0,0,0,50.4852664321324
141,10,6801,1e-06,60,2.41299073634775,0.0076558813997654,0.0840083161455725,0,0,0,50.4852664321324
141,10,6801,1e-06,120,9.49635871672711,0.00255523867566692,0.622782900887812,0,0,0,50.4852664321324
141,10,6801,0.0001,3,0.00151356022685623,0.00228327134171133,0.00201027975025284,1,0,0,1.64825638008646
141,10,6801,0.0001,10.2,0.0244727979406337,0.0140856217075262,0.0457343308175817,1,0,0,1.64825638008646
141,10,6801,0.0001,30,0.370304553023281,0.0341450689751622,0.984502341602683,1,0,0,1.64825638008646
141,10,6801,0.0001,60,2.22292706534035,0.0076558813997654,7.53294378013383,1,1,0,1.64825638008646
141,10,6801,0.0001,120,9.5986491253474,0.00255523867566692,58.9217748425493,1,1,0,1.64825638008646
141,10,7601,1e-08,3,0.00175543726238304,9.40518082518057e-06,9.78388820305474e-06,0,0,0,617.6375790093
141,10,7601,1e-08,10.2,0.000486090773833094,0.00105876608226698,3.0701926526387e-05,0,0,0,617.6375790093
141,10,7601,1e-08,30,0.00353439998478577,0.00751288866918547,0.00022036857811208,0,0,0,617.6375790093
141,10,7601,1e-08,60,0.0343066957489061,0.0276946027392633,0.001160888145643,0,0,0,617.6375790093
141,10,7601,1e-08,120,0.071486787406293,0.245309462558671,0.00737909542410409,0,0,0,617.6375790093
141,10,7601,1e-06,3,2.65166396764922e-07,9.40518082518057e-06,8.40741847535785e-05,1,0,0,125.655898420178
141,10,7601,1e-06,10.2,2.53457335285698e-05,0.00105876608226698,0.000801581202199402,1,0,0,125.655898420178
141,10,7601,1e-06,30,0.00196892753541,0.00751288866918547,0.0121645920110148,1,0,0,125.655898420178
141,10,7601,1e-06,60,0.0112919194793923,0.0276946027392633,0.0840083161455725,1,0,0,125.655898420178
141,10,7601,1e-06,120,0.00367901712401369,0.245309462558671,0.622782900887812,1,0,0,125.655898420178
141,10,7601,0.0001,3,2.93663711234035e-05,9.40518082518057e-06,0.00201027975025284,1,0,0,1.04286655921818
141,10,7601,0.0001,10.2,0.000280444240983197,0.00105876608226698,0.0457343308175817,1,0,0,1.04286655921818
141,10,7601,0.0001,30,0.0055959814197331,0.00751288866918547,0.984502341602683,1,0,0,1.04286655921818
141,10,7601,0.0001,60,0.0272458988052693,0.0276946027392633,7.53294378013383,1,1,0,1.04286655921818
141,10,7601,0.0001,120,0.0310419068455017,0.245309462558671,58.9217748425493,1,1,0,1.04286655921818
141,11,6001,1e-08,3,0.0170060284238423,0.0165778625445845,9.78388820305474e-06,0,0,0,16.8844520492614
141,11,6001,1e-08,10.2,0.112320778543427,0.248084582511779,3.0701926526387e-05,0,0,0,16.8844520492614
141,11,6001,1e-08,30,0.161269345003479,1.03458248187368,0.00022036857811208,0,0,0,16.8844520492614
141,11,6001,1e-08,60,0.267851329012948,0.614356908931015,0.001160888145643,0,0,0,16.8844520492614
141,11,6001,1e-08,120,4.23439752942215,2.41020421925199,0.00737909542410409,0,0,0,16.8844520492614
141,11,6001,1e-06,3,0.00109562811215096,0.0165778625445845,8.40741847535785e-05,0,0,0,1.15990536989035
141,11,6001,1e-06,10.2,0.023956229354949,0.248084582511779,0.000801581202199402,0,0,0,1.15990536989035
141,11,6001,1e-06,30,5.17099545494754e-05,1.03458248187368,0.0121645920110148,1,0,0,1.15990536989035
141,11,6001,1e-06,60,1.61898444499917,0.614356908931015,0.0840083161455725,0,0,0,1.15990536989035
141,11,6001,1e-06,120,0.373034214086974,2.41020421925199,0.622782900887812,1,0,0,1.15990536989035
141,11,6001,0.0001,3,6.52590561031106e-05,0.0165778625445845,0.00201027975025284,1,0,0,0.777130515720113
141,11,6001,0.0001,10.2,0.00860563623208441,0.248084582511779,0.0457343308175817,1,0,0,0.777130515720113
141,11,6001,0.0001,30,0.0292148176531894,1.03458248187368,0.984502341602683,1,0,0,0.777130515720113
141,11,6001,0.0001,60,2.528890079595,0.614356908931015,7.53294378013383,1,1,0,0.777130515720113
141,11,6001,0.0001,120,0.000235178086239618,2.41020421925199,58.9217748425493,1,1,0,0.777130515720113
141,11,6801,1e-08,3,7.97663599498178e-05,0.00254639277386879,9.78388820305474e-06,0,0,0,7.33944185031109
141,11,6801,1e-08,10.2,0.00494343533586485,0.0201493840736383,3.0701926526387e-05,0,0,0,7.33944185031109
141,11,6801,1e-08,30,0.192117295265614,0.0377622996269528,0.00022036857811208,0,0,0,7.33944185031109
141,11,6801,1e-08,60,1.16332304396693,0.0364811813527893,0.001160888145643,0,0,0,7.33944185031109
141,11,6801,1e-08,120,0.00148888458601094,6.27434747262912,0.00737909542410409,1,0,0,7.33944185031109
141,11,6801,1e-06,3,0.000339902024276293,0.00254639277386879,8.40741847535785e-05,0,0,0,0.834222666361656
141,11,6801,1e-06,10.2,0.00733664223733825,0.0201493840736383,0.000801581202199402,0,0,0,0.834222666361656
141,11,6801,1e-06,30,0.2206320516943,0.0377622996269528,0.0121645920110148,0,0,0,0.834222666361656
141,11,6801,1e-06,60,1.2866555037814,0.0364811813527893,0.0840083161455725,0,0,0,0.834222666361656
141,11,6801,1e-06,120,0.0204437375606376,6.27434747262912,0.622782900887812,1,0,0,0.834222666361656
141,11,6801,0.0001,3,5.49006326300058e-06,0.00254639277386879,0.00201027975025284,1,0,0,0.643844927650583
141,11,6801,0.0001,10.2,0.00144755328541128,0.0201493840736383,0.0457343308175817,1,0,0,0.643844927650583
141,11,6801,0.0001,30,0.112522355202081,0.0377622996269528,0.984502341602683,1,0,0,0.643844927650583
141,11,6801,0.0001,60,0.754688602358472,0.0364811813527893,7.53294378013383,1,1,0,0.643844927650583
141,11,6801,0.0001,120,0.148391678399925,6.27434747262912,58.9217748425493,1,1,0,0.643844927650583
141,11,7601,1e-08,3,0.0269758350472389,0.00478180564222585,9.78388820305474e-06,0,0,0,6424.4298137646
141,11,7601,1e-08,10.2,2.26337924152222,0.0346443387349634,3.0701926526387e-05,0,0,0,6424.4298137646
141,11,7601,1e-08,30,2.49550140651443,0.000452083232838544,0.00022036857811208,0,0,0,6424.4298137646
141,11,7601,1e-08,60,6.7635353537848,0.0348528283776404,0.001160888145643,0,0,0,6424.4298137646
141,11,7601,1e-08,120,8.36426517837083,3.12960739036233,0.00737909542410409,0,0,0,6424.4298137646
141,11,7601,1e-06,3,1.857333376927,0.00478180564222585,8.40741847535785e-05,0,0,0,2234.59021456736
141,11,7601,1e-06,10.2,9.13180144292663,0.0346443387349634,0.000801581202199402,0,0,0,2234.59021456736
141,11,7601,1e-06,30,2.93201192648458,0.000452083232838544,0.0121645920110148,0,0,0,2234.59021456736
141,11,7601,1e-06,60,9.1045916305231,0.0348528283776404,0.0840083161455725,0,0,0,2234.59021456736
141,11,7601,1e-06,120,0.355052103715581,3.12960739036233,0.622782900887812,1,0,0,2234.59021456736
141,11,7601,0.0001,3,8.39540696401817e-05,0.00478180564222585,0.00201027975025284,1,0,0,657.991340832717
141,11,7601,0.0001,10.2,0.00308353026168043,0.0346443387349634,0.0457343308175817,1,0,0,657.991340832717
141,11,7601,0.0001,30,0.448363127197393,0.000452083232838544,0.984502341602683,1,0,0,657.991340832717
141,11,7601,0.0001,60,1.40370720604156,0.0348528283776404,7.53294378013383,1,1,0,657.991340832717
141,11,7601,0.0001,120,0.928562108402402,3.12960739036233,58.9217748425493,1,1,0,657.991340832717
141,12,6001,1e-08,3,0.0115104697943703,0.0120453371774606,9.78388820305474e-06,0,0,0,16.9006910740759
141,12,6001,1e-08,10.2,0.131762585592966,0.252077869948705,3.0701926526387e-05,0,0,0,16.9006910740759
141,12,6001,1e-08,30,0.788893498012755,1.96834924845557,0.00022036857811208,0,0,0,16.9006910740759
141,12,6001,1e-08,60,0.0960635074905585,1.94313783368858,0.001160888145643,0,0,0,16.9006910740759
141,12,6001,1e-08,120,7.36180638524225,1.81552267636926,0.00737909542410409,0,0,0,16.9006910740759
141,12,6001,1e-06,3,0.00162658702863474,0.0120453371774606,8.40741847535785e-05,0,0,0,1.21088207166567
141,12,6001,1e-06,10.2,0.0579398116695681,0.252077869948705,0.000801581202199402,0,0,0,1.21088207166567
141,12,6001,1e-06,30,0.37670068638129,1.96834924845557,0.0121645920110148,0,0,0,1.21088207166567
141,12,6001,1e-06,60,0.0380371150509405,1.94313783368858,0.0840083161455725,1,0,0,1.21088207166567
141,12,6001,1e-06,120,3.05278785691612,1.81552267636926,0.622782900887812,0,0,0,1.21088207166567
141,12,6001,0.0001,3,0.000193638383956205,0.0120453371774606,0.00201027975025284,1,0,0,0.939764382163569
141,12,6001,0.0001,10.2,0.0289611680664472,0.252077869948705,0.0457343308175817,1,0,0,0.939764382163569
141,12,6001,0.0001,30,0.178021293776919,1.96834924845557,0.984502341602683,1,0,0,0.939764382163569
141,12,6001,0.0001,60,0.325656076560719,1.94313783368858,7.53294378013383,1,1,0,0.939764382163569
141,12,6001,0.0001,120,1.00800618046088,1.81552267636926,58.9217748425493,1,1,0,0.939764382163569
141,12,6801,1e-08,3,0.0130582747709318,0.0125787223440732,9.78388820305474e-06,0,0,0,22.290508900562
141,12,6801,1e-08,10.2,0.0362013382424967,0.0839363692328932,3.0701926526387e-05,0,0,0,22.290508900562
141,12,6801,1e-08,30,0.0117106750852074,0.237151752361765,0.00022036857811208,0,0,0,22.290508900562
141,12,6801,1e-08,60,0.0970057404828371,0.240603766404435,0.001160888145643,0,0,0,22.290508900562
141,12,6801,1e-08,120,4.07092655459843,6.84947804286534,0.00737909542410409,0,0,0,22.290508900562
141,12,6801,1e-06,3,0.00106051503091578,0.0125787223440732,8.40741847535785e-05,0,0,0,1.44097134687997
141,12,6801,1e-06,10.2,0.00228443528638243,0.0839363692328932,0.000801581202199402,1,0,0,1.44097134687997
141,12,6801,1e-06,30,0.0405435900995233,0.237151752361765,0.0121645920110148,1,0,0,1.44097134687997
141,12,6801,1e-06,60,0.764241064902792,0.240603766404435,0.0840083161455725,0,0,0,1.44097134687997
141,12,6801,1e-06,120,0.899728358045779,6.84947804286534,0.622782900887812,1,0,0,1.44097134687997
141,12,6801,0.0001,3,0.00105194982852651,0.0125787223440732,0.00201027975025284,1,0,0,1.06839939782035
141,12,6801,0.0001,10.2,0.00282680770210828,0.0839363692328932,0.0457343308175817,1,0,0,1.06839939782035
141,12,6801,0.0001,30,0.0327056885831052,0.237151752361765,0.984502341602683,1,0,0,1.06839939782035
141,12,6801,0.0001,60,0.690177676756658,0.240603766404435,7.53294378013383,1,1,0,1.06839939782035
141,12,6801,0.0001,120,1.07712038774026,6.84947804286534,58.9217748425493,1,1,0,1.06839939782035
141,12,7601,1e-08,3,0.23039571572605,9.94909524167953e-05,9.78388820305474e-06,0,0,0,2925.30580040912
141,12,7601,1e-08,10.2,0.623866247187963,0.000180063394440429,3.0701926526387e-05,0,0,0,2925.30580040912
141,12,7601,1e-08,30,3.43700959495605,0.0180122253079266,0.00022036857811208,0,0,0,2925.30580040912
141,12,7601,1e-08,60,7.42398986931041,0.202713198908675,0.001160888145643,0,0,0,2925.30580040912
141,12,7601,1e-08,120,9.1231302166903,8.20752660089127,0.00737909542410409,0,0,0,2925.30580040912
141,12,7601,1e-06,3,0.000965174611397715,9.94909524167953e-05,8.40741847535785e-05,0,0,0,107.70741261856
141,12,7601,1e-06,10.2,0.00779065903349817,0.000180063394440429,0.000801581202199402,0,0,0,107.70741261856
141,12,7601,1e-06,30,0.00112880961304076,0.0180122253079266,0.0121645920110148,1,0,0,107.70741261856
141,12,7601,1e-06,60,0.0200445405313217,0.202713198908675,0.0840083161455725,1,0,0,107.70741261856
141,12,7601,1e-06,120,7.99728839732711,8.20752660089127,0.622782900887812,0,0,0,107.70741261856
141,12,7601,0.0001,3,4.70792170125611e-05,9.94909524167953e-05,0.00201027975025284,1,0,0,2.68426485497967
141,12,7601,0.0001,10.2,0.000130701037167604,0.000180063394440429,0.0457343308175817,1,0,0,2.68426485497967
141,12,7601,0.0001,30,0.0556784020450996,0.0180122253079266,0.984502341602683,1,0,0,2.68426485497967
141,12,7601,0.0001,60,0.446902771927736,0.202713198908675,7.53294378013383,1,1,0,2.68426485497967
141,12,7601,0.0001,120,5.8253256582352,8.20752660089127,58.9217748425493,1,1,0,2.68426485497967
141,13,6001,1e-08,3,0.0426684143905307,0.0470395603693578,9.78388820305474e-06,0,0,0,50.9050811449834
141,13,6001,1e-08,10.2,0.224145567752936,0.569196405495148,3.0701926526387e-05,0,0,0,50.9050811449834
141,13,6001,1e-08,30,0.0911040960151328,1.76156083203157,0.00022036857811208,0,0,0,50.9050811449834
141,13,6001,1e-08,60,0.453832539402502,2.18921642860037,0.001160888145643,0,0,0,50.9050811449834
141,13,6001,1e-08,120,0.154991543736714,5.14322912786314,0.00737909542410409,0,0,0,50.9050811449834
141,13,6001,1e-06,3,0.00434396260048729,0.0470395603693578,8.40741847535785e-05,0,0,0,1.90160494277452
141,13,6001,1e-06,10.2,0.0461235518768934,0.569196405495148,0.000801581202199402,0,0,0,1.90160494277452
141,13,6001,1e-06,30,0.0791865478397024,1.76156083203157,0.0121645920110148,0,0,0,1.90160494277452
141,13,6001,1e-06,60,3.05782299388861,2.18921642860037,0.0840083161455725,0,0,0,1.90160494277452
141,13,6001,1e-06,120,6.01326149810255,5.14322912786314,0.622782900887812,0,0,0,1.90160494277452
141,13,6001,0.0001,3,0.00166989107258455,0.0470395603693578,0.00201027975025284,1,0,0,0.987346087960975
141,13,6001,0.0001,10.2,0.0258669660680102,0.569196405495148,0.0457343308175817,1,0,0,0.987346087960975
141,13,6001,0.0001,30,0.172036825340596,1.76156083203157,0.984502341602683,1,0,0,0.987346087960975
141,13,6001,0.0001,60,4.00960386642763,2.18921642860037,7.53294378013383,1,1,0,0.987346087960975
141,13,6001,0.0001,120,8.68280434277311,5.14322912786314,58.9217748425493,1,1,0,0.987346087960975
141,13,6801,1e-08,3,0.00432255980739419,0.000518568259212513,9.78388820305474e-06,0,0,0,11.6516294091691
141,13,6801,1e-08,10.2,0.0225417468350431,0.00023462613159688,3.0701926526387e-05,0,0,0,11.6516294091691
141,13,6801,1e-08,30,0.177028205032066,0.00191058029937018,0.00022036857811208,0,0,0,11.6516294091691
141,13,6801,1e-08,60,0.619641785407464,0.00802097473245872,0.001160888145643,0,0,0,11.6516294091691
141,13,6801,1e-08,120,1.9807956046417,0.00471162141846094,0.00737909542410409,0,0,0,11.6516294091691
141,13,6801,1e-06,3,2.41573550817201e-05,0.000518568259212513,8.40741847535785e-05,1,0,0,1.34429578604807
141,13,6801,1e-06,10.2,0.00149679413971857,0.00023462613159688,0.000801581202199402,1,0,0,1.34429578604807
141,13,6801,1e-06,30,0.0289315929366874,0.00191058029937018,0.0121645920110148,1,0,0,1.34429578604807
141,13,6801,1e-06,60,0.106018215572648,0.00802097473245872,0.0840083161455725,1,0,0,1.34429578604807
141,13,6801,1e-06,120,0.27458574998884,0.00471162141846094,0.622782900887812,1,0,0,1.34429578604807
141,13,6801,0.0001,3,0.000544643344674508,0.000518568259212513,0.00201027975025284,1,0,0,1.09486592785517
141,13,6801,0.0001,10.2,0.00137143415875313,0.00023462613159688,0.0457343308175817,1,0,0,1.09486592785517
141,13,6801,0.0001,30,0.00130807499006321,0.00191058029937018,0.984502341602683,1,0,0,1.09486592785517
141,13,6801,0.0001,60,0.00615315650717071,0.00802097473245872,7.53294378013383,1,1,0,1.09486592785517
141,13,6801,0.0001,120,0.0759606504631889,0.00471162141846094,58.9217748425493,1,1,0,1.09486592785517
141,13,7601,1e-08,3,0.00532499099903152,0.00260182868568035,9.78388820305474e-06,0,0,0,5.30202483312265
141,13,7601,1e-08,10.2,0.0176539829900785,0.0262979995511732,3.0701926526387e-05,0,0,0,5.30202483312265
141,13,7601,1e-08,30,0.0483102655177802,0.152152011708312,0.00022036857811208,0,0,0,5.30202483312265
141,13,7601,1e-08,60,0.0327742887968354,0.319114271152259,0.001160888145643,0,0,0,5.30202483312265
141,13,7601,1e-08,120,0.00759274723980825,0.524057401636865,0.00737909542410409,1,0,0,5.30202483312265
141,13,7601,1e-06,3,3.13783994604854e-05,0.00260182868568035,8.40741847535785e-05,1,0,0,0.860011290077209
141,13,7601,1e-06,10.2,3.64088511861033e-05,0.0262979995511732,0.000801581202199402,1,0,0,0.860011290077209
141,13,7601,1e-06,30,0.00497910439781275,0.152152011708312,0.0121645920110148,1,0,0,0.860011290077209
141,13,7601,1e-06,60,0.127510620456953,0.319114271152259,0.0840083161455725,1,0,0,0.860011290077209
141,13,7601,1e-06,120,1.25616552019907,0.524057401636865,0.622782900887812,1,0,0,0.860011290077209
141,13,7601,0.0001,3,5.73450613776616e-06,0.00260182868568035,0.00201027975025284,1,0,0,0.648654260019431
141,13,7601,0.0001,10.2,3.55982793616524e-05,0.0262979995511732,0.0457343308175817,1,0,0,0.648654260019431
141,13,7601,0.0001,30,0.0038436187406688,0.152152011708312,0.984502341602683,1,0,0,0.648654260019431
141,13,7601,0.0001,60,0.11251969563182,0.319114271152259,7.53294378013383,1,1,0,0.648654260019431
141,13,7601,0.0001,120,1.15128474732124,0.524057401636865,58.9217748425493,1,1,0,0.648654260019431
141,14,6001,1e-08,3,1.37916239929902e-05,1.05282382115062e-06,9.78388820305474e-06,1,0,0,1.54751039635069
141,14,6001,1e-08,10.2,9.64159330071871e-05,0.00126062380454983,3.0701926526387e-05,1,0,0,1.54751039635069
141,14,6001,1e-08,30,0.0014156101112295,0.015612753699265,0.00022036857811208,0,0,0,1.54751039635069
141,14,6001,1e-08,60,1.98466036028379,3.05903120450791,0.001160888145643,0,0,0,1.54751039635069
141,14,6001,1e-08,120,6.39200216856171,9.35998283717179,0.00737909542410409,0,0,0,1.54751039635069
141,14,6001,1e-06,3,5.21425948924877e-05,1.05282382115062e-06,8.40741847535785e-05,1,0,0,1.17377429390438
141,14,6001,1e-06,10.2,0.00023590787924706,0.00126062380454983,0.000801581202199402,1,0,0,1.17377429390438
141,14,6001,1e-06,30,0.00237705782371402,0.015612753699265,0.0121645920110148,1,0,0,1.17377429390438
141,14,6001,1e-06,60,1.92981835698295,3.05903120450791,0.0840083161455725,0,0,0,1.17377429390438
141,14,6001,1e-06,120,6.20856758405906,9.35998283717179,0.622782900887812,0,0,0,1.17377429390438
141,14,6001,0.0001,3,0.00185162830676234,1.05282382115062e-06,0.00201027975025284,1,0,0,1.01600814947519
141,14,6001,0.0001,10.2,0.0151904944454382,0.00126062380454983,0.0457343308175817,1,0,0,1.01600814947519
141,14,6001,0.0001,30,0.125931215431265,0.015612753699265,0.984502341602683,1,0,0,1.01600814947519
141,14,6001,0.0001,60,0.612665139235168,3.05903120450791,7.53294378013383,1,1,0,1.01600814947519
141,14,6001,0.0001,120,1.65013587172691,9.35998283717179,58.9217748425493,1,1,0,1.01600814947519
141,14,6801,1e-08,3,0.447228081249813,3.07827840566022e-05,9.78388820305474e-06,0,0,0,6639.60908701115
141,14,6801,1e-08,10.2,4.32720012226178,0.000361318128537154,3.0701926526387e-05,0,0,0,6639.60908701115
141,14,6801,1e-08,30,0.0958655944327664,0.00969181287989685,0.00022036857811208,0,0,0,6639.60908701115
141,14,6801,1e-08,60,0.445716225647366,0.0599996976210974,0.001160888145643,0,0,0,6639.60908701115
141,14,6801,1e-08,120,1.29659964882745,0.612907101278228,0.00737909542410409,0,0,0,6639.60908701115
141,14,6801,1e-06,3,0.251347411902155,3.07827840566022e-05,8.40741847535785e-05,0,0,0,2643.83601995175
141,14,6801,1e-06,10.2,0.972137783968989,0.000361318128537154,0.000801581202199402,0,0,0,2643.83601995175
141,14,6801,1e-06,30,5.43168187954203,0.00969181287989685,0.0121645920110148,0,0,0,2643.83601995175
141,14,6801,1e-06,60,3.56883437624639,0.0599996976210974,0.0840083161455725,0,0,0,2643.83601995175
141,14,6801,1e-06,120,6.16380902802351,0.612907101278228,0.622782900887812,0,0,0,2643.83601995175
141,14,6801,0.0001,3,0.000772805710108931,3.07827840566022e-05,0.00201027975025284,1,0,0,838.274628282981
141,14,6801,0.0001,10.2,0.00739274920780535,0.000361318128537154,0.0457343308175817,1,0,0,838.274628282981
141,14,6801,0.0001,30,0.0547900803535867,0.00969181287989685,0.984502341602683,1,0,0,838.274628282981
141,14,6801,0.0001,60,0.186895748241835,0.0599996976210974,7.53294378013383,1,1,0,838.274628282981
141,14,6801,0.0001,120,0.340898140930167,0.612907101278228,58.9217748425493,1,1,0,838.274628282981
141,14,7601,1e-08,3,4.7319150535125e-05,0.00042687535398106,9.78388820305474e-06,0,0,0,1.34813890793926
141,14,7601,1e-08,10.2,0.000227984908369667,0.00301842421178078,3.0701926526387e-05,0,0,0,1.34813890793926
141,14,7601,1e-08,30,0.00330905305069608,0.0167414151641435,0.00022036857811208,0,0,0,1.34813890793926
141,14,7601,1e-08,60,0.0335689108819129,0.0326799790259784,0.001160888145643,0,0,0,1.34813890793926
141,14,7601,1e-08,120,0.431916377117232,0.00371530784813387,0.00737909542410409,0,0,0,1.34813890793926
141,14,7601,1e-06,3,2.99704844202104e-06,0.00042687535398106,8.40741847535785e-05,1,0,0,1.03800936832295
141,14,7601,1e-06,10.2,3.86517600112271e-08,0.00301842421178078,0.000801581202199402,1,0,0,1.03800936832295
141,14,7601,1e-06,30,0.000568487750550851,0.0167414151641435,0.0121645920110148,1,0,0,1.03800936832295
141,14,7601,1e-06,60,0.0148059786083115,0.0326799790259784,0.0840083161455725,1,0,0,1.03800936832295
141,14,7601,1e-06,120,0.291547159198819,0.00371530784813387,0.622782900887812,1,0,0,1.03800936832295
141,14,7601,0.0001,3,4.31078670313261e-06,0.00042687535398106,0.00201027975025284,1,0,0,0.971245842819654
141,14,7601,0.0001,10.2,5.87544820428066e-07,0.00301842421178078,0.0457343308175817,1,0,0,0.971245842819654
141,14,7601,0.0001,30,0.000806760892994357,0.0167414151641435,0.984502341602683,1,0,0,0.971245842819654
141,14,7601,0.0001,60,0.017342530687835,0.0326799790259784,7.53294378013383,1,1,0,0.971245842819654
141,14,7601,0.0001,120,0.314568008837651,0.00371530784813387,58.9217748425493,1,1,0,0.971245842819654
141,15,6001,1e-08,3,0.000130511847359604,7.10827151589056e-05,9.78388820305474e-06,0,0,0,0.95254113433759
141,15,6001,1e-08,10.2,0.000565019817344417,0.000663789862230873,3.0701926526387e-05,0,0,0,0.95254113433759
141,15,6001,1e-08,30,0.00603028011821395,0.00871671807111943,0.00022036857811208,0,0,0,0.95254113433759
141,15,6001,1e-08,60,7.15255902808572,7.34905966530557,0.001160888145643,0,0,0,0.95254113433759
141,15,6001,1e-08,120,9.38940453313275,9.86540732106118,0.00737909542410409,0,0,0,0.95254113433759
141,15,6001,1e-06,3,4.47091623673323e-05,7.10827151589056e-05,8.40741847535785e-05,1,0,0,0.820767314003263
141,15,6001,1e-06,10.2,0.000279059731299464,0.000663789862230873,0.000801581202199402,1,0,0,0.820767314003263
141,15,6001,1e-06,30,0.00412029525562203,0.00871671807111943,0.0121645920110148,1,0,0,0.820767314003263
141,15,6001,1e-06,60,7.02920133813944,7.34905966530557,0.0840083161455725,0,0,0,0.820767314003263
141,15,6001,1e-06,120,9.13040472246419,9.86540732106118,0.622782900887812,0,0,0,0.820767314003263
141,15,6001,0.0001,3,1.69529935151711e-05,7.10827151589056e-05,0.00201027975025284,1,0,0,0.734246249481049
141,15,6001,0.0001,10.2,7.96011473932167e-05,0.000663789862230873,0.0457343308175817,1,0,0,0.734246249481049
141,15,6001,0.0001,30,0.00176969745974163,0.00871671807111943,0.984502341602683,1,0,0,0.734246249481049
141,15,6001,0.0001,60,6.79862427621904,7.34905966530557,7.53294378013383,1,1,0,0.734246249481049
141,15,6001,0.0001,120,8.61046072285813,9.86540732106118,58.9217748425493,1,1,0,0.734246249481049
141,15,6801,1e-08,3,6.1164790077473e-05,3.76816949968022e-05,9.78388820305474e-06,0,0,0,0.849917354167945
141,15,6801,1e-08,10.2,0.000134994515291192,0.000516268228058197,3.0701926526387e-05,0,0,0,0.849917354167945
141,15,6801,1e-08,30,0.000640182844327349,0.00423617918246105,0.00022036857811208,1,0,0,0.849917354167945
141,15,6801,1e-08,60,6.93800742874014,7.89226774076494,0.001160888145643,0,0,1,0.849917354167945
141,15,6801,1e-08,120,4.99731787110339,6.65958609163044,0.00737909542410409,0,0,1,0.849917354167945
141,15,6801,1e-06,3,4.43153791736649e-05,3.76816949968022e-05,8.40741847535785e-05,1,0,0,0.825956820407099
141,15,6801,1e-06,10.2,6.80726777501491e-05,0.000516268228058197,0.000801581202199402,1,0,0,0.825956820407099
141,15,6801,1e-06,30,0.000251918939010586,0.00423617918246105,0.0121645920110148,1,0,0,0.825956820407099
141,15,6801,1e-06,60,7.0364149483368,7.89226774076494,0.0840083161455725,0,0,1,0.825956820407099
141,15,6801,1e-06,120,5.16403625049864,6.65958609163044,0.622782900887812,0,0,1,0.825956820407099
141,15,6801,0.0001,3,2.09388112666783e-06,3.76816949968022e-05,0.00201027975025284,1,0,0,0.753573683462896
141,15,6801,0.0001,10.2,3.12956633996884e-05,0.000516268228058197,0.0457343308175817,1,0,0,0.753573683462896
141,15,6801,0.0001,30,0.000471711941910032,0.00423617918246105,0.984502341602683,1,0,0,0.753573683462896
141,15,6801,0.0001,60,7.43213295648311,7.89226774076494,7.53294378013383,1,1,1,0.753573683462896
141,15,6801,0.0001,120,5.84662202668396,6.65958609163044,58.9217748425493,1,1,1,0.753573683462896
141,15,7601,1e-08,3,1.76177388980419e-06,0.000278415860978804,9.78388820305474e-06,1,0,0,0.951424232211523
141,15,7601,1e-08,10.2,3.23096920686335e-07,0.00178975451988912,3.0701926526387e-05,1,0,0,0.951424232211523
141,15,7601,1e-08,30,4.12281753699136,3.67179958344339,0.00022036857811208,0,0,1,0.951424232211523
141,15,7601,1e-08,60,4.05977228899486,3.2066016292584,0.001160888145643,0,0,1,0.951424232211523
141,15,7601,1e-08,120,3.61590166712147,2.1244280907152,0.00737909542410409,0,0,1,0.951424232211523
141,15,7601,1e-06,3,1.37268874105454e-07,0.000278415860978804,8.40741847535785e-05,1,0,0,0.93067737682615
141,15,7601,1e-06,10.2,2.23387873299236e-05,0.00178975451988912,0.000801581202199402,1,0,0,0.93067737682615
141,15,7601,1e-06,30,4.18471985452274,3.67179958344339,0.0121645920110148,0,0,1,0.93067737682615
141,15,7601,1e-06,60,4.18227722344275,3.2066016292584,0.0840083161455725,0,0,1,0.93067737682615
141,15,7601,1e-06,120,3.84827229624563,2.1244280907152,0.622782900887812,0,0,1,0.93067737682615
141,15,7601,0.0001,3,0.000861343483216258,0.000278415860978804,0.00201027975025284,1,0,0,0.801039619804768
141,15,7601,0.0001,10.2,0.00721338167903204,0.00178975451988912,0.0457343308175817,1,0,0,0.801039619804768
141,15,7601,0.0001,30,5.13810339260379,3.67179958344339,0.984502341602683,0,0,1,0.801039619804768
141,15,7601,0.0001,60,6.14835441021703,3.2066016292584,7.53294378013383,1,1,1,0.801039619804768
141,15,7601,0.0001,120,7.97000428371573,2.1244280907152,58.9217748425493,1,1,1,0.801039619804768
141,16,6001,1e-08,3,7.41673394298414e-05,2.85327314474628e-05,9.78388820305474e-06,0,0,0,1.30605865576286
141,16,6001,1e-08,10.2,0.00035221809811205,0.000436502975398968,3.0701926526387e-05,0,0,0,1.30605865576286
141,16,6001,1e-08,30,0.00270133036813888,0.00475237372317125,0.00022036857811208,0,0,0,1.30605865576286
141,16,6001,1e-08,60,0.00779579560953559,0.0163171747951722,0.001160888145643,0,0,0,1.30605865576286
141,16,6001,1e-08,120,0.0655744287285077,0.11592898121261,0.00737909542410409,0,0,0,1.30605865576286
141,16,6001,1e-06,3,1.07769571365464e-05,2.85327314474628e-05,8.40741847535785e-05,1,0,0,1.04309707814433
141,16,6001,1e-06,10.2,7.45276970201858e-05,0.000436502975398968,0.000801581202199402,1,0,0,1.04309707814433
141,16,6001,1e-06,30,0.00081940095652869,0.00475237372317125,0.0121645920110148,1,0,0,1.04309707814433
141,16,6001,1e-06,60,0.00201803281464996,0.0163171747951722,0.0840083161455725,1,0,0,1.04309707814433
141,16,6001,1e-06,120,0.0298112975788026,0.11592898121261,0.622782900887812,1,0,0,1.04309707814433
141,16,6001,0.0001,3,1.88264954862494e-06,2.85327314474628e-05,0.00201027975025284,1,0,0,0.930925600441128
141,16,6001,0.0001,10.2,2.83569578060796e-05,0.000436502975398968,0.0457343308175817,1,0,0,0.930925600441128
141,16,6001,0.0001,30,0.000461191732236435,0.00475237372317125,0.984502341602683,1,0,0,0.930925600441128
141,16,6001,0.0001,60,0.00102089967400413,0.0163171747951722,7.53294378013383,1,1,0,0.930925600441128
141,16,6001,0.0001,120,0.0219176468450591,0.11592898121261,58.9217748425493,1,1,0,0.930925600441128
141,16,6801,1e-08,3,1.9010071958133e-06,0.00250134556609544,9.78388820305474e-06,1,0,0,0.875227033455953
141,16,6801,1e-08,10.2,2.62794766590935e-06,0.0152741887718156,3.0701926526387e-05,1,0,0,0.875227033455953
141,16,6801,1e-08,30,6.78157026154621e-07,0.10420627745094,0.00022036857811208,1,0,0,0.875227033455953
141,16,6801,1e-08,60,0.00117668339954572,0.353888004250641,0.001160888145643,1,0,0,0.875227033455953
141,16,6801,1e-08,120,0.0479242442442599,1.04321718981001,0.00737909542410409,0,0,0,0.875227033455953
141,16,6801,1e-06,3,9.68151378876296e-05,0.00250134556609544,8.40741847535785e-05,1,0,0,0.74288528320561
141,16,6801,1e-06,10.2,0.000399655400880414,0.0152741887718156,0.000801581202199402,1,0,0,0.74288528320561
141,16,6801,1e-06,30,0.00200687506914788,0.10420627745094,0.0121645920110148,1,0,0,0.74288528320561
141,16,6801,1e-06,60,0.00276768614300063,0.353888004250641,0.0840083161455725,1,0,0,0.74288528320561
141,16,6801,1e-06,120,0.00244278365433437,1.04321718981001,0.622782900887812,1,0,0,0.74288528320561
141,16,6801,0.0001,3,0.000896090934586047,0.00250134556609544,0.00201027975025284,1,0,0,0.645297022739148
141,16,6801,0.0001,10.2,0.00654382882534747,0.0152741887718156,0.0457343308175817,1,0,0,0.645297022739148
141,16,6801,0.0001,30,0.0474894007788109,0.10420627745094,0.984502341602683,1,0,0,0.645297022739148
141,16,6801,0.0001,60,0.156627126705147,0.353888004250641,7.53294378013383,1,1,0,0.645297022739148
141,16,6801,0.0001,120,0.401687838796934,1.04321718981001,58.9217748425493,1,1,0,0.645297022739148
141,16,7601,1e-08,3,0.00170933071246199,0.000218744993780078,9.78388820305474e-06,0,0,0,457.053301323512
141,16,7601,1e-08,10.2,0.00579291888284191,0.00211435945580012,3.0701926526387e-05,0,0,0,457.053301323512
141,16,7601,1e-08,30,0.0305632151855415,0.0165529084917995,0.00022036857811208,0,0,0,457.053301323512
141,16,7601,1e-08,60,0.112676194422569,0.0588737778194093,0.001160888145643,0,0,0,457.053301323512
141,16,7601,1e-08,120,8.68407058934155,3.30840401340525,0.00737909542410409,0,0,1,457.053301323512
141,16,7601,1e-06,3,1.74077430635864e-05,0.000218744993780078,8.40741847535785e-05,1,0,0,0.797251779772556
141,16,7601,1e-06,10.2,5.3854353844623e-05,0.00211435945580012,0.000801581202199402,1,0,0,0.797251779772556
141,16,7601,1e-06,30,0.000366656915605545,0.0165529084917995,0.0121645920110148,1,0,0,0.797251779772556
141,16,7601,1e-06,60,0.00233552977426073,0.0588737778194093,0.0840083161455725,1,0,0,0.797251779772556
141,16,7601,1e-06,120,5.74171988613007,3.30840401340525,0.622782900887812,0,0,1,0.797251779772556
141,16,7601,0.0001,3,5.25608576006817e-05,0.000218744993780078,0.00201027975025284,1,0,0,0.702265240772877
141,16,7601,0.0001,10.2,0.000788489707405663,0.00211435945580012,0.0457343308175817,1,0,0,0.702265240772877
141,16,7601,0.0001,30,0.00676680719857931,0.0165529084917995,0.984502341602683,1,0,0,0.702265240772877
141,16,7601,0.0001,60,0.0234294601811348,0.0588737778194093,7.53294378013383,1,1,0,0.702265240772877
141,16,7601,0.0001,120,3.97932238729717,3.30840401340525,58.9217748425493,1,1,1,0.702265240772877
141,17,6001,1e-08,3,4.55051621661533e-06,1.00791019893991e-05,9.78388820305474e-06,1,0,0,0.816393000773542
141,17,6001,1e-08,10.2,8.17966519636595e-06,0.00183555170937811,3.0701926526387e-05,1,0,0,0.816393000773542
141,17,6001,1e-08,30,0.00400735203473445,0.00701733288783751,0.00022036857811208,0,0,0,0.816393000773542
141,17,6001,1e-08,60,0.139277395308701,0.00407916700348744,0.001160888145643,0,0,0,0.816393000773542
141,17,6001,1e-08,120,0.750175080222591,0.0539545975972429,0.00737909542410409,0,0,0,0.816393000773542
141,17,6001,1e-06,3,5.73506658657647e-05,1.00791019893991e-05,8.40741847535785e-05,1,0,0,0.733820205599448
141,17,6001,1e-06,10.2,0.000152482747734847,0.00183555170937811,0.000801581202199402,1,0,0,0.733820205599448
141,17,6001,1e-06,30,0.00182173227766218,0.00701733288783751,0.0121645920110148,1,0,0,0.733820205599448
141,17,6001,1e-06,60,0.112699870110887,0.00407916700348744,0.0840083161455725,1,0,0,0.733820205599448
141,17,6001,1e-06,120,0.631862357319019,0.0539545975972429,0.622782900887812,1,0,0,0.733820205599448
141,17,6001,0.0001,3,0.00108434606478634,1.00791019893991e-05,0.00201027975025284,1,0,0,0.634208378432887
141,17,6001,0.0001,10.2,0.0112097521856221,0.00183555170937811,0.0457343308175817,1,0,0,0.634208378432887
141,17,6001,0.0001,30,0.140356605629888,0.00701733288783751,0.984502341602683,1,0,0,0.634208378432887
141,17,6001,0.0001,60,0.983092490224648,0.00407916700348744,7.53294378013383,1,1,0,0.634208378432887
141,17,6001,0.0001,120,4.40321480328411,0.0539545975972429,58.9217748425493,1,1,0,0.634208378432887
141,17,6801,1e-08,3,2.12563354380146e-05,7.89207215508559e-05,9.78388820305474e-06,1,0,0,0.992381555493875
141,17,6801,1e-08,10.2,0.000179918564679029,0.000721073755164369,3.0701926526387e-05,0,0,0,0.992381555493875
141,17,6801,1e-08,30,0.00408488392554336,0.00249760878411027,0.00022036857811208,0,0,0,0.992381555493875
141,17,6801,1e-08,60,0.0525953578173108,1.51914030174164e-05,0.001160888145643,0,0,0,0.992381555493875
141,17,6801,1e-08,120,0.305092814306044,0.0107771270948537,0.00737909542410409,0,0,0,0.992381555493875
141,17,6801,1e-06,3,2.26401954967721e-05,7.89207215508559e-05,8.40741847535785e-05,1,0,0,0.776025857429371
141,17,6801,1e-06,10.2,0.000216345743711849,0.000721073755164369,0.000801581202199402,1,0,0,0.776025857429371
141,17,6801,1e-06,30,0.00467368460576777,0.00249760878411027,0.0121645920110148,1,0,0,0.776025857429371
141,17,6801,1e-06,60,0.0569155246220211,1.51914030174164e-05,0.0840083161455725,1,0,0,0.776025857429371
141,17,6801,1e-06,120,0.32621057874805,0.0107771270948537,0.622782900887812,1,0,0,0.776025857429371
141,17,6801,0.0001,3,0.000213548380647671,7.89207215508559e-05,0.00201027975025284,1,0,0,0.712491257817494
141,17,6801,0.0001,10.2,0.00169231426985732,0.000721073755164369,0.0457343308175817,1,0,0,0.712491257817494
141,17,6801,0.0001,30,0.0197042156935872,0.00249760878411027,0.984502341602683,1,0,0,0.712491257817494
141,17,6801,0.0001,60,0.144122835936521,1.51914030174164e-05,7.53294378013383,1,1,0,0.712491257817494
141,17,6801,0.0001,120,0.723060987053591,0.0107771270948537,58.9217748425493,1,1,0,0.712491257817494
141,17,7601,1e-08,3,8.54759161151954e-05,8.10581719031523e-07,9.78388820305474e-06,0,0,0,1.82702359425883
141,17,7601,1e-08,10.2,0.000770843647169468,0.00193513778899851,3.0701926526387e-05,0,0,0,1.82702359425883
141,17,7601,1e-08,30,0.0321686325451978,0.0718801103365959,0.00022036857811208,0,0,0,1.82702359425883
141,17,7601,1e-08,60,1.9870317562601,2.58647456917375,0.001160888145643,0,0,0,1.82702359425883
141,17,7601,1e-08,120,8.48946035303529,8.70911992437215,0.00737909542410409,0,0,0,1.82702359425883
141,17,7601,1e-06,3,2.71126577403609e-06,8.10581719031523e-07,8.40741847535785e-05,1,0,0,0.953210899244352
141,17,7601,1e-06,10.2,4.43713216293945e-05,0.00193513778899851,0.000801581202199402,1,0,0,0.953210899244352
141,17,7601,1e-06,30,0.0169450293758203,0.0718801103365959,0.0121645920110148,1,0,0,0.953210899244352
141,17,7601,1e-06,60,1.73684011977616,2.58647456917375,0.0840083161455725,0,0,0,0.953210899244352
141,17,7601,1e-06,120,7.49033431196806,8.70911992437215,0.622782900887812,0,0,0,0.953210899244352
141,17,7601,0.0001,3,0.00150023843260237,8.10581719031523e-07,0.00201027975025284,1,0,0,0.816552282998992
141,17,7601,0.0001,10.2,0.00934585107038728,0.00193513778899851,0.0457343308175817,1,0,0,0.816552282998992
141,17,7601,0.0001,30,0.024132459122188,0.0718801103365959,0.984502341602683,1,0,0,0.816552282998992
141,17,7601,0.0001,60,0.57204458800189,2.58647456917375,7.53294378013383,1,1,0,0.816552282998992
141,17,7601,0.0001,120,2.63483715172071,8.70911992437215,58.9217748425493,1,1,0,0.816552282998992
141,18,6001,1e-08,3,0.0274967022569612,0.00975822460668193,9.78388820305474e-06,0,0,0,16.5914369957089
141,18,6001,1e-08,10.2,1.2391790267467,1.15832844795915,3.0701926526387e-05,0,0,0,16.5914369957089
141,18,6001,1e-08,30,9.77305359781392,9.67907865381167,0.00022036857811208,0,0,0,16.5914369957089
141,18,6001,1e-08,60,8.78095878314722,9.82573014811907,0.001160888145643,0,0,0,16.5914369957089
141,18,6001,1e-08,120,0.182780930836831,0.722125912495903,0.00737909542410409,0,0,0,16.5914369957089
141,18,6001,1e-06,3,0.00463618306358953,0.00975822460668193,8.40741847535785e-05,0,0,0,1.23525817006097
141,18,6001,1e-06,10.2,0.858072203325851,1.15832844795915,0.000801581202199402,0,0,0,1.23525817006097
141,18,6001,1e-06,30,7.25880548085103,9.67907865381167,0.0121645920110148,0,0,0,1.23525817006097
141,18,6001,1e-06,60,4.66525309844469,9.82573014811907,0.0840083161455725,0,0,0,1.23525817006097
141,18,6001,1e-06,120,1.25120826977868,0.722125912495903,0.622782900887812,1,0,0,1.23525817006097
141,18,6001,0.0001,3,0.00209128788623751,0.00975822460668193,0.00201027975025284,1,0,0,0.79389985843836
141,18,6001,0.0001,10.2,0.767134821529608,1.15832844795915,0.0457343308175817,0,0,0,0.79389985843836
141,18,6001,0.0001,30,6.58682375059001,9.67907865381167,0.984502341602683,0,0,0,0.79389985843836
141,18,6001,0.0001,60,3.66759866774435,9.82573014811907,7.53294378013383,1,1,0,0.79389985843836
141,18,6001,0.0001,120,2.55222400861856,0.722125912495903,58.9217748425493,1,1,0,0.79389985843836
141,18,6801,1e-08,3,9.75382119250376e-05,0.000208453106329374,9.78388820305474e-06,0,0,0,1.30200624995027
141,18,6801,1e-08,10.2,0.000247610165108521,0.00286734341970399,3.0701926526387e-05,0,0,0,1.30200624995027
141,18,6801,1e-08,30,0.00117402651037444,0.0267368373945835,0.00022036857811208,0,0,0,1.30200624995027
141,18,6801,1e-08,60,0.00470392964361457,0.113149888468118,0.001160888145643,0,0,0,1.30200624995027
141,18,6801,1e-08,120,6.06797176359961,9.04928303553955,0.00737909542410409,0,0,1,1.30200624995027
141,18,6801,1e-06,3,8.49581944455729e-06,0.000208453106329374,8.40741847535785e-05,1,0,0,0.898144184158087
141,18,6801,1e-06,10.2,2.0573945457468e-05,0.00286734341970399,0.000801581202199402,1,0,0,0.898144184158087
141,18,6801,1e-06,30,0.000130158294345942,0.0267368373945835,0.0121645920110148,1,0,0,0.898144184158087
141,18,6801,1e-06,60,0.000787915501073004,0.113149888468118,0.0840083161455725,1,0,0,0.898144184158087
141,18,6801,1e-06,120,5.70010848890514,9.04928303553955,0.622782900887812,0,0,1,0.898144184158087
141,18,6801,0.0001,3,5.49143134867582e-05,0.000208453106329374,0.00201027975025284,1,0,0,0.741620884257843
141,18,6801,0.0001,10.2,0.000274479461592919,0.00286734341970399,0.0457343308175817,1,0,0,0.741620884257843
141,18,6801,0.0001,30,0.00195046043822129,0.0267368373945835,0.984502341602683,1,0,0,0.741620884257843
141,18,6801,0.0001,60,0.00850541043835311,0.113149888468118,7.53294378013383,1,1,0,0.741620884257843
141,18,6801,0.0001,120,6.32242962981701,9.04928303553955,58.9217748425493,1,1,1,0.741620884257843
141,18,7601,1e-08,3,3.4938805935953e-06,0.000219613274120258,9.78388820305474e-06,1,0,0,0.969246472742044
141,18,7601,1e-08,10.2,2.1844836684134e-05,0.000461271649294024,3.0701926526387e-05,1,0,0,0.969246472742044
141,18,7601,1e-08,30,0.000440100357487771,0.00234046318461748,0.00022036857811208,1,0,0,0.969246472742044
141,18,7601,1e-08,60,0.07858507774669,0.104836842789313,0.001160888145643,0,0,0,0.969246472742044
141,18,7601,1e-08,120,9.30946152325281,9.77629120316251,0.00737909542410409,0,0,0,0.969246472742044
141,18,7601,1e-06,3,2.18054693957179e-06,0.000219613274120258,8.40741847535785e-05,1,0,0,0.916809097496294
141,18,7601,1e-06,10.2,3.05842233335887e-05,0.000461271649294024,0.000801581202199402,1,0,0,0.916809097496294
141,18,7601,1e-06,30,6.53812184395472e-05,0.00234046318461748,0.0121645920110148,1,0,0,0.916809097496294
141,18,7601,1e-06,60,0.0495906904997279,0.104836842789313,0.0840083161455725,1,0,0,0.916809097496294
141,18,7601,1e-06,120,8.62213960287418,9.77629120316251,0.622782900887812,0,0,0,0.916809097496294
141,18,7601,0.0001,3,0.000155099635949909,0.000219613274120258,0.00201027975025284,1,0,0,0.862799360027378
141,18,7601,0.0001,10.2,0.000909364245756829,0.000461271649294024,0.0457343308175817,1,0,0,0.862799360027378
141,18,7601,0.0001,30,0.00493416318507694,0.00234046318461748,0.984502341602683,1,0,0,0.862799360027378
141,18,7601,0.0001,60,0.0107463734744965,0.104836842789313,7.53294378013383,1,1,0,0.862799360027378
141,18,7601,0.0001,120,7.30939132944204,9.77629120316251,58.9217748425493,1,1,0,0.862799360027378
141,19,6001,1e-08,3,0.0124033643570797,3.58312601250953e-05,9.78388820305474e-06,0,0,0,7.48216281778493
141,19,6001,1e-08,10.2,0.0579873159393275,0.000276209558144118,3.0701926526387e-05,0,0,0,7.48216281778493
141,19,6001,1e-08,30,0.0230299780412371,0.240941561929452,0.00022036857811208,0,0,0,7.48216281778493
141,19,6001,1e-08,60,0.458496701580521,3.62277214212166,0.001160888145643,0,0,0,7.48216281778493
141,19,6001,1e-08,120,1.91477488816406,1.01953513776857,0.00737909542410409,0,0,0,7.48216281778493
141,19,6001,1e-06,3,0.00110434996880058,3.58312601250953e-05,8.40741847535785e-05,0,0,0,1.18397989528122
141,19,6001,1e-06,10.2,0.00784180949624385,0.000276209558144118,0.000801581202199402,0,0,0,1.18397989528122
141,19,6001,1e-06,30,0.0417408676703942,0.240941561929452,0.0121645920110148,1,0,0,1.18397989528122
141,19,6001,1e-06,60,1.80093679345217,3.62277214212166,0.0840083161455725,0,0,0,1.18397989528122
141,19,6001,1e-06,120,0.0102576621978839,1.01953513776857,0.622782900887812,1,0,0,1.18397989528122
141,19,6001,0.0001,3,0.000201329461941512,3.58312601250953e-05,0.00201027975025284,1,0,0,0.897669540824674
141,19,6001,0.0001,10.2,0.00194724228851197,0.000276209558144118,0.0457343308175817,1,0,0,0.897669540824674
141,19,6001,0.0001,30,0.10146612765508,0.240941561929452,0.984502341602683,1,0,0,0.897669540824674
141,19,6001,0.0001,60,2.43980351775645,3.62277214212166,7.53294378013383,1,1,0,0.897669540824674
141,19,6001,0.0001,120,0.109063800991633,1.01953513776857,58.9217748425493,1,1,0,0.897669540824674
141,19,6801,1e-08,3,0.0092514120619735,0.0125705080853198,9.78388820305474e-06,0,0,0,10.5837649619048
141,19,6801,1e-08,10.2,0.0672096142104505,0.197704178302103,3.0701926526387e-05,0,0,0,10.5837649619048
141,19,6801,1e-08,30,0.572584026373008,1.98272113933705,0.00022036857811208,0,0,0,10.5837649619048
141,19,6801,1e-08,60,0.272884293481907,3.53384883438347,0.001160888145643,0,0,0,10.5837649619048
141,19,6801,1e-08,120,0.775705992847949,3.56783618448069,0.00737909542410409,0,0,0,10.5837649619048
141,19,6801,1e-06,3,0.000558481428328456,0.0125705080853198,8.40741847535785e-05,0,0,0,1.0637852915794
141,19,6801,1e-06,10.2,0.0158462876143262,0.197704178302103,0.000801581202199402,0,0,0,1.0637852915794
141,19,6801,1e-06,30,0.208016227327233,1.98272113933705,0.0121645920110148,0,0,0,1.0637852915794
141,19,6801,1e-06,60,0.000999419267157939,3.53384883438347,0.0840083161455725,1,0,0,1.0637852915794
141,19,6801,1e-06,120,3.76951012791618,3.56783618448069,0.622782900887812,0,0,0,1.0637852915794
141,19,6801,0.0001,3,5.64877994848733e-06,0.0125705080853198,0.00201027975025284,1,0,0,0.812644380634721
141,19,6801,0.0001,10.2,0.00518882576769699,0.197704178302103,0.0457343308175817,1,0,0,0.812644380634721
141,19,6801,0.0001,30,0.0977241180674437,1.98272113933705,0.984502341602683,1,0,0,0.812644380634721
141,19,6801,0.0001,60,0.096657137618368,3.53384883438347,7.53294378013383,1,1,0,0.812644380634721
141,19,6801,0.0001,120,6.21213254844066,3.56783618448069,58.9217748425493,1,1,0,0.812644380634721
141,19,7601,1e-08,3,0.000381199756845415,0.00119588528858477,9.78388820305474e-06,0,0,0,3.31237159899225
141,19,7601,1e-08,10.2,0.00295037397285623,0.0158080391215759,3.0701926526387e-05,0,0,0,3.31237159899225
141,19,7601,1e-08,30,0.137416361821402,0.356513216361939,0.00022036857811208,0,0,0,3.31237159899225
141,19,7601,1e-08,60,5.05539908261586,7.34207282845914,0.001160888145643,0,0,0,3.31237159899225
141,19,7601,1e-08,120,0.0884268159911277,0.401280079639908,0.00737909542410409,0,0,0,3.31237159899225
141,19,7601,1e-06,3,9.09717438544564e-08,0.00119588528858477,8.40741847535785e-05,1,0,0,0.895538993302328
141,19,7601,1e-06,10.2,0.000411194578405121,0.0158080391215759,0.000801581202199402,1,0,0,0.895538993302328
141,19,7601,1e-06,30,0.0875638062850724,0.356513216361939,0.0121645920110148,0,0,0,0.895538993302328
141,19,7601,1e-06,60,4.46012140291129,7.34207282845914,0.0840083161455725,0,0,0,0.895538993302328
141,19,7601,1e-06,120,0.310650607781574,0.401280079639908,0.622782900887812,1,0,0,0.895538993302328
141,19,7601,0.0001,3,0.000242549508225145,0.00119588528858477,0.00201027975025284,1,0,0,0.77742919306073
141,19,7601,0.0001,10.2,0.00456845979806744,0.0158080391215759,0.0457343308175817,1,0,0,0.77742919306073
141,19,7601,0.0001,30,0.186049403567521,0.356513216361939,0.984502341602683,1,0,0,0.77742919306073
141,19,7601,0.0001,60,5.6683173870233,7.34207282845914,7.53294378013383,1,1,0,0.77742919306073
141,19,7601,0.0001,120,0.000459544025443846,0.401280079639908,58.9217748425493,1,1,0,0.77742919306073
141,20,6001,1e-08,3,0.16261776291635,1.65745046165122e-05,9.78388820305474e-06,0,0,0,636.470633165279
141,20,6001,1e-08,10.2,0.52527530145905,0.00196904008132764,3.0701926526387e-05,0,0,0,636.470633165279
141,20,6001,1e-08,30,1.96154082498411,0.00282247401234361,0.00022036857811208,0,0,0,636.470633165279
141,20,6001,1e-08,60,5.40325697244797,0.0905055150521144,0.001160888145643,0,0,0,636.470633165279
141,20,6001,1e-08,120,4.14034415957554,0.518745761200414,0.00737909542410409,0,0,0,636.470633165279
141,20,6001,1e-06,3,0.000249539912503548,1.65745046165122e-05,8.40741847535785e-05,1,0,0,19.8284232245878
141,20,6001,1e-06,10.2,0.00209184240244985,0.00196904008132764,0.000801581202199402,1,0,0,19.8284232245878
141,20,6001,1e-06,30,0.00644199166399049,0.00282247401234361,0.0121645920110148,1,0,0,19.8284232245878
141,20,6001,1e-06,60,0.137756011543428,0.0905055150521144,0.0840083161455725,1,0,0,19.8284232245878
141,20,6001,1e-06,120,0.768972603768206,0.518745761200414,0.622782900887812,1,0,0,19.8284232245878
141,20,6001,0.0001,3,0.000950490006518991,1.65745046165122e-05,0.00201027975025284,1,0,0,1.10816017572694
141,20,6001,0.0001,10.2,0.00540691088211426,0.00196904008132764,0.0457343308175817,1,0,0,1.10816017572694
141,20,6001,0.0001,30,0.159436132560324,0.00282247401234361,0.984502341602683,1,0,0,1.10816017572694
141,20,6001,0.0001,60,0.985771905304878,0.0905055150521144,7.53294378013383,1,1,0,1.10816017572694
141,20,6001,0.0001,120,4.42665723272656,0.518745761200414,58.9217748425493,1,1,0,1.10816017572694
141,20,6801,1e-08,3,0.0131470630062225,0.0151330535248492,9.78388820305474e-06,0,0,0,17.7503373392835
141,20,6801,1e-08,10.2,0.0505454194575293,0.168892914947373,3.0701926526387e-05,0,0,0,17.7503373392835
141,20,6801,1e-08,30,0.272898060605046,1.43389420832453,0.00022036857811208,0,0,0,17.7503373392835
141,20,6801,1e-08,60,0.0512091551943273,2.69659081470693,0.001160888145643,0,0,0,17.7503373392835
141,20,6801,1e-08,120,7.04338438305624,0.535611169265014,0.00737909542410409,0,0,0,17.7503373392835
141,20,6801,1e-06,3,0.000555896604990056,0.0151330535248492,8.40741847535785e-05,0,0,0,1.25372195582997
141,20,6801,1e-06,10.2,0.00380152883228236,0.168892914947373,0.000801581202199402,0,0,0,1.25372195582997
141,20,6801,1e-06,30,0.0259212147694006,1.43389420832453,0.0121645920110148,1,0,0,1.25372195582997
141,20,6801,1e-06,60,0.18961560195784,2.69659081470693,0.0840083161455725,1,0,0,1.25372195582997
141,20,6801,1e-06,120,1.93627141981755,0.535611169265014,0.622782900887812,1,0,0,1.25372195582997
141,20,6801,0.0001,3,7.71678047748915e-05,0.0151330535248492,0.00201027975025284,1,0,0,0.812381858165273
141,20,6801,0.0001,10.2,0.000518405583865211,0.168892914947373,0.0457343308175817,1,0,0,0.812381858165273
141,20,6801,0.0001,30,0.00311935470072411,1.43389420832453,0.984502341602683,1,0,0,0.812381858165273
141,20,6801,0.0001,60,0.410873795662279,2.69659081470693,7.53294378013383,1,1,0,0.812381858165273
141,20,6801,0.0001,120,0.970543646990972,0.535611169265014,58.9217748425493,1,1,0,0.812381858165273
141,20,7601,1e-08,3,0.185933502663576,0.24239528543185,9.78388820305474e-06,0,0,0,525.981395777928
141,20,7601,1e-08,10.2,3.15289842260453,3.98666683394873,3.0701926526387e-05,0,0,0,525.981395777928
141,20,7601,1e-08,30,1.56349300400913,3.65234318924007,0.00022036857811208,0,0,0,525.981395777928
141,20,7601,1e-08,60,6.63511944320467,1.55990795853084,0.001160888145643,0,0,0,525.981395777928
141,20,7601,1e-08,120,0.00115891078068999,7.25411028321233,0.00737909542410409,1,0,0,525.981395777928
141,20,7601,1e-06,3,0.200772477735628,0.24239528543185,8.40741847535785e-05,0,0,0,20.5791819430562
141,20,7601,1e-06,10.2,2.88216461538565,3.98666683394873,0.000801581202199402,0,0,0,20.5791819430562
141,20,7601,1e-06,30,0.83117552195309,3.65234318924007,0.0121645920110148,0,0,0,20.5791819430562
141,20,7601,1e-06,60,8.84175707444511,1.55990795853084,0.0840083161455725,0,0,0,20.5791819430562
141,20,7601,1e-06,120,2.21995127921519,7.25411028321233,0.622782900887812,1,0,0,20.5791819430562
141,20,7601,0.0001,3,0.0760848939943463,0.24239528543185,0.00201027975025284,0,0,0,1.37713200632475
141,20,7601,0.0001,10.2,1.54978745492035,3.98666683394873,0.0457343308175817,0,0,0,1.37713200632475
141,20,7601,0.0001,30,0.0977234355060532,3.65234318924007,0.984502341602683,1,0,0,1.37713200632475
141,20,7601,0.0001,60,0.336706657839163,1.55990795853084,7.53294378013383,1,1,0,1.37713200632475
141,20,7601,0.0001,120,0.00385541357279996,7.25411028321233,58.9217748425493,1,1,0,1.37713200632475
