seed,focal,startIndex,q,T,kalmanSquaredError,holdSquaredError,variance,covered
101,1,41,1e-08,30,0.451590666737686,0.99759477811859,0.000511393838153745,0
101,1,41,1e-08,60,3.01245859680652,5.70284084384117,0.00188882742211014,0
101,1,41,1e-08,120,1.01871109814252,5.34989745016024,0.00965274561946435,0
101,1,61,1e-08,30,0.495518037295893,0.324565315227314,0.000511393838153745,0
101,1,61,1e-08,60,1.33026990982871,1.35033320549095,0.00188882742211014,0
101,1,61,1e-08,120,8.55712768278855,2.17180522672546,0.00965274561946435,0
101,1,41,1e-06,30,0.454053640124687,0.99759477811859,0.0175581569974071,0
101,1,41,1e-06,60,3.02124042630596,5.70284084384117,0.105439709753164,0
101,1,41,1e-06,120,1.02664736178601,5.34989745016024,0.70847130360818,1
101,1,61,1e-06,30,1.31406750890018,0.324565315227314,0.0175581569974071,0
101,1,61,1e-06,60,5.44272636068561,1.35033320549095,0.105439709753164,0
101,1,61,1e-06,120,6.00222279143924,2.17180522672546,0.70847130360818,0
101,1,41,0.0001,30,0.454592092259404,0.99759477811859,1.68021537013102,1
101,1,41,0.0001,60,3.02390554048039,5.70284084384117,10.3200544534141,1
101,1,41,0.0001,120,1.02969048253618,5.34989745016024,70.0789037415827,1
101,1,61,0.0001,30,0.156220928435059,0.324565315227314,1.68021537013102,1
101,1,61,0.0001,60,0.589908952151881,1.35033320549095,10.3200544534141,1
101,1,61,0.0001,120,5.69618379256686,2.17180522672546,70.0789037415827,1
101,2,41,1e-08,30,0.442539850434974,1.05953458347774,0.000511393838153745,0
101,2,41,1e-08,60,2.70660579726831,5.73488305608151,0.00188882742211014,0
101,2,41,1e-08,120,3.25204702391654,8.75738180967881,0.00965274561946435,0
101,2,61,1e-08,30,5.49688823781958e-05,0.00150854730094829,0.000511393838153745,1
101,2,61,1e-08,60,0.000780370231660564,0.00457928871970086,0.00188882742211014,1
101,2,61,1e-08,120,0.00408608518948201,0.017000485690838,0.00965274561946435,1
101,2,41,1e-06,30,0.319175399592575,1.05953458347774,0.0175581569974071,0
101,2,41,1e-06,60,2.14696559228572,5.73488305608151,0.105439709753164,0
101,2,41,1e-06,120,2.14368574535427,8.75738180967881,0.70847130360818,1
101,2,61,1e-06,30,0.000275341661115869,0.00150854730094829,0.0175581569974071,1
101,2,61,1e-06,60,0.00186977557230591,0.00457928871970086,0.105439709753164,1
101,2,61,1e-06,120,0.00836881579896819,0.017000485690838,0.70847130360818,1
101,2,41,0.0001,30,0.31583175979257,1.05953458347774,1.68021537013102,1
101,2,41,0.0001,60,2.13177045872682,5.73488305608151,10.3200544534141,1
101,2,41,0.0001,120,2.11552369756872,8.75738180967881,70.0789037415827,1
101,2,61,0.0001,30,0.000275428811100487,0.00150854730094829,1.68021537013102,1
101,2,61,0.0001,60,0.00186642332554472,0.00457928871970086,10.3200544534141,1
101,2,61,0.0001,120,0.00834658395972373,0.017000485690838,70.0789037415827,1
101,3,41,1e-08,30,0.361370487178139,1.65181599967649,0.000511393838153745,0
101,3,41,1e-08,60,0.0532788318256069,3.27889716958426,0.00188882742211014,0
101,3,41,1e-08,120,1.982551443391,3.8558915129501,0.00965274561946435,0
101,3,61,1e-08,30,7.05478069233261e-05,0.00104645160030325,0.000511393838153745,1
101,3,61,1e-08,60,0.000195725851711352,0.00567709033491277,0.00188882742211014,1
101,3,61,1e-08,120,0.00246732300884984,0.0187255990268407,0.00965274561946435,1
101,3,41,1e-06,30,0.0130258689747826,1.65181599967649,0.0175581569974071,1
101,3,41,1e-06,60,0.98499698239372,3.27889716958426,0.105439709753164,0
101,3,41,1e-06,120,6.947554603419,3.8558915129501,0.70847130360818,0
101,3,61,1e-06,30,0.00294346780908679,0.00104645160030325,0.0175581569974071,1
101,3,61,1e-06,60,0.00965352344819801,0.00567709033491277,0.105439709753164,1
101,3,61,1e-06,120,0.0444154163962577,0.0187255990268407,0.70847130360818,1
101,3,41,0.0001,30,0.0184982863218614,1.65181599967649,1.68021537013102,1
101,3,41,0.0001,60,1.06450959619379,3.27889716958426,10.3200544534141,1
101,3,41,0.0001,120,6.56248404187905,3.8558915129501,70.0789037415827,1
101,3,61,0.0001,30,0.00326028502580871,0.00104645160030325,1.68021537013102,1
101,3,61,0.0001,60,0.0107232909168976,0.00567709033491277,10.3200544534141,1
101,3,61,0.0001,120,0.0488243149291222,0.0187255990268407,70.0789037415827,1
101,4,41,1e-08,30,6.72624843892101,6.91847198922202,0.000511393838153745,0
101,4,41,1e-08,60,3.11840772746855,4.5740389927553,0.00188882742211014,0
101,4,41,1e-08,120,4.18423011106349,0.607361564734487,0.00965274561946435,0
101,4,61,1e-08,30,1.35310415603961,0.573823845795894,0.000511393838153745,0
101,4,61,1e-08,60,3.83528311261904,1.11506047477711,0.00188882742211014,0
101,4,61,1e-08,120,0.856653702580162,0.941439736362601,0.00965274561946435,0
101,4,41,1e-06,30,2.38313059582268,6.91847198922202,0.0175581569974071,0
101,4,41,1e-06,60,0.00662521569584578,4.5740389927553,0.105439709753164,1
101,4,41,1e-06,120,1.95112656143545,0.607361564734487,0.70847130360818,1
101,4,61,1e-06,30,2.11881542259773,0.573823845795894,0.0175581569974071,0
101,4,61,1e-06,60,6.02110849713621,1.11506047477711,0.105439709753164,0
101,4,61,1e-06,120,3.33795167708245,0.941439736362601,0.70847130360818,0
101,4,41,0.0001,30,2.25004684924642,6.91847198922202,1.68021537013102,1
101,4,41,0.0001,60,0.0260291934702895,4.5740389927553,10.3200544534141,1
101,4,41,0.0001,120,2.40002346417686,0.607361564734487,70.0789037415827,1
101,4,61,0.0001,30,2.1337208504639,0.573823845795894,1.68021537013102,1
101,4,61,0.0001,60,6.06346116263572,1.11506047477711,10.3200544534141,1
101,4,61,0.0001,120,3.39528139389673,0.941439736362601,70.0789037415827,1
101,5,41,1e-08,30,0.0568548917719676,0.000536889991971708,0.000511393838153745,0
101,5,41,1e-08,60,0.384063209988267,0.022245329844109,0.00188882742211014,0
101,5,41,1e-08,120,1.79831679060193,5.39265369847449,0.00965274561946435,0
101,5,61,1e-08,30,0.0023703108342878,0.000228261251212925,0.000511393838153745,0
101,5,61,1e-08,60,0.00906494084294884,0.00114091532603068,0.00188882742211014,0
101,5,61,1e-08,120,0.0309913594278533,0.00694394271298448,0.00965274561946435,1
101,5,41,1e-06,30,0.196697086945782,0.000536889991971708,0.0175581569974071,0
101,5,41,1e-06,60,0.982025561145234,0.022245329844109,0.105439709753164,0
101,5,41,1e-06,120,0.406288825695527,5.39265369847449,0.70847130360818,1
101,5,61,1e-06,30,0.00175705468609271,0.000228261251212925,0.0175581569974071,1
101,5,61,1e-06,60,0.00641503553418797,0.00114091532603068,0.105439709753164,1
101,5,61,1e-06,120,0.0208030531414626,0.00694394271298448,0.70847130360818,1
101,5,41,0.0001,30,0.199282512895055,0.000536889991971708,1.68021537013102,1
101,5,41,0.0001,60,0.991298354880883,0.022245329844109,10.3200544534141,1
101,5,41,0.0001,120,0.395912096242546,5.39265369847449,70.0789037415827,1
101,5,61,0.0001,30,0.00158839799430035,0.000228261251212925,1.68021537013102,1
101,5,61,0.0001,60,0.00579830652154035,0.00114091532603068,10.3200544534141,1
101,5,61,0.0001,120,0.0186365556810222,0.00694394271298448,70.0789037415827,1
101,6,41,1e-08,30,0.000272474264819938,0.0397040061804919,0.000511393838153745,1
101,6,41,1e-08,60,0.0022872565413951,0.158628235587602,0.00188882742211014,1
101,6,41,1e-08,120,0.0515180783779785,0.462146814686651,0.00965274561946435,0
101,6,61,1e-08,30,3.98726058102023e-05,0.000844492734574107,0.000511393838153745,1
101,6,61,1e-08,60,0.0092774782701522,0.0198356171151593,0.00188882742211014,0
101,6,61,1e-08,120,1.15519753757305,1.35226134711808,0.00965274561946435,0
101,6,41,1e-06,30,0.000794023277956545,0.0397040061804919,0.0175581569974071,1
101,6,41,1e-06,60,0.00323548837954884,0.158628235587602,0.105439709753164,1
101,6,41,1e-06,120,0.0532690747041342,0.462146814686651,0.70847130360818,1
101,6,61,1e-06,30,0.00010491709393304,0.000844492734574107,0.0175581569974071,1
101,6,61,1e-06,60,0.01065695745416,0.0198356171151593,0.105439709753164,1
101,6,61,1e-06,120,1.18305414590169,1.35226134711808,0.70847130360818,1
101,6,41,0.0001,30,0.000855636331496847,0.0397040061804919,1.68021537013102,1
101,6,41,0.0001,60,0.00345052102605075,0.158628235587602,10.3200544534141,1
101,6,41,0.0001,120,0.0548658485492826,0.462146814686651,70.0789037415827,1
101,6,61,0.0001,30,0.000104186777562789,0.000844492734574107,1.68021537013102,1
101,6,61,0.0001,60,0.0106364776262337,0.0198356171151593,10.3200544534141,1
101,6,61,0.0001,120,1.18256191846556,1.35226134711808,70.0789037415827,1
101,7,41,1e-08,30,0.0227031882271356,0.0550316503900965,0.000511393838153745,0
101,7,41,1e-08,60,0.244992992539034,0.122653902954457,0.00188882742211014,0
101,7,41,1e-08,120,2.01561472542071,0.119239587009091,0.00965274561946435,0
101,7,61,1e-08,30,0.00193587841859248,0.000413616706986365,0.000511393838153745,1
101,7,61,1e-08,60,0.00175845285775324,4.98343452200405e-05,0.00188882742211014,1
101,7,61,1e-08,120,0.00217892974073888,0.00280673829397379,0.00965274561946435,1
101,7,41,1e-06,30,0.078781189760385,0.0550316503900965,0.0175581569974071,0
101,7,41,1e-06,60,0.463097259398707,0.122653902954457,0.105439709753164,0
101,7,41,1e-06,120,2.94585649440451,0.119239587009091,0.70847130360818,0
101,7,61,1e-06,30,0.00356885927934702,0.000413616706986365,0.0175581569974071,1
101,7,61,1e-06,60,0.0051763423778145,4.98343452200405e-05,0.105439709753164,1
101,7,61,1e-06,120,0.0110744176389444,0.00280673829397379,0.70847130360818,1
101,7,41,0.0001,30,0.0753658350249665,0.0550316503900965,1.68021537013102,1
101,7,41,0.0001,60,0.446243441806899,0.122653902954457,10.3200544534141,1
101,7,41,0.0001,120,2.86001839227116,0.119239587009091,70.0789037415827,1
101,7,61,0.0001,30,0.00387428994338966,0.000413616706986365,1.68021537013102,1
101,7,61,0.0001,60,0.00589139498309932,4.98343452200405e-05,10.3200544534141,1
101,7,61,0.0001,120,0.013145354682088,0.00280673829397379,70.0789037415827,1
101,8,41,1e-08,30,1.31511408265717,0.0408507521641781,0.000511393838153745,0
101,8,41,1e-08,60,7.74504376045809,0.0645345889802715,0.00188882742211014,0
101,8,41,1e-08,120,0.0218383808084495,0.077216391342783,0.00965274561946435,1
101,8,61,1e-08,30,8.22128272710427,8.60967411396902,0.000511393838153745,0
101,8,61,1e-08,60,9.05512584037414,9.79666136575435,0.00188882742211014,0
101,8,61,1e-08,120,1.32896401044984,1.9079301033589,0.00965274561946435,0
101,8,41,1e-06,30,8.21732238012377,0.0408507521641781,0.0175581569974071,0
101,8,41,1e-06,60,0.149270467094216,0.0645345889802715,0.105439709753164,1
101,8,41,1e-06,120,0.279899448233686,0.077216391342783,0.70847130360818,1
101,8,61,1e-06,30,8.46843579370278,8.60967411396902,0.0175581569974071,0
101,8,61,1e-06,60,9.49875545156187,9.79666136575435,0.105439709753164,0
101,8,61,1e-06,120,1.65313235212643,1.9079301033589,0.70847130360818,1
101,8,41,0.0001,30,8.67192192068835,0.0408507521641781,1.68021537013102,0
101,8,41,0.0001,60,0.0591586563278967,0.0645345889802715,10.3200544534141,1
101,8,41,0.0001,120,0.0655957555548822,0.077216391342783,70.0789037415827,1
101,8,61,0.0001,30,8.47331349233787,8.60967411396902,1.68021537013102,0
101,8,61,0.0001,60,9.50678554377157,9.79666136575435,10.3200544534141,1
101,8,61,0.0001,120,1.65887554317099,1.9079301033589,70.0789037415827,1
101,9,41,1e-08,30,0.85386451929198,0.110014694151303,0.000511393838153745,0
101,9,41,1e-08,60,3.49657738345908,0.269007888966515,0.00188882742211014,0
101,9,41,1e-08,120,4.75109914229015,0.303349328602537,0.00965274561946435,0
101,9,61,1e-08,30,1.08119390371179,8.19766473418988,0.000511393838153745,0
101,9,61,1e-08,60,0.817279025077833,4.28832210441786,0.00188882742211014,0
101,9,61,1e-08,120,1.69124358144114,0.458544944146489,0.00965274561946435,0
101,9,41,1e-06,30,0.138500738484638,0.110014694151303,0.0175581569974071,0
101,9,41,1e-06,60,0.37606199239524,0.269007888966515,0.105439709753164,1
101,9,41,1e-06,120,0.567859883821924,0.303349328602537,0.70847130360818,1
101,9,61,1e-06,30,0.0779244804476485,8.19766473418988,0.0175581569974071,0
101,9,61,1e-06,60,9.52723108455424,4.28832210441786,0.105439709753164,0
101,9,61,1e-06,120,8.63890015488627,0.458544944146489,0.70847130360818,0
101,9,41,0.0001,30,0.245027077769026,0.110014694151303,1.68021537013102,1
101,9,41,0.0001,60,0.71477353546156,0.269007888966515,10.3200544534141,1
101,9,41,0.0001,120,1.45078637782628,0.303349328602537,70.0789037415827,1
101,9,61,0.0001,30,0.119620683816078,8.19766473418988,1.68021537013102,1
101,9,61,0.0001,60,8.78322729933535,4.28832210441786,10.3200544534141,1
101,9,61,0.0001,120,9.66276696112537,0.458544944146489,70.0789037415827,1
101,10,41,1e-08,30,1.58272069614202,0.00790593944292601,0.000511393838153745,0
101,10,41,1e-08,60,8.48830624808807,0.0351449842404254,0.00188882742211014,0
101,10,41,1e-08,120,0.00151200856683984,0.577989930656832,0.00965274561946435,1
101,10,61,1e-08,30,0.306485026680149,0.318777719816644,0.000511393838153745,0
101,10,61,1e-08,60,0.0248757499164776,0.00595370512092874,0.00188882742211014,0
101,10,61,1e-08,120,0.164115670020268,0.103372902266731,0.00965274561946435,0
101,10,41,1e-06,30,0.6618940459166,0.00790593944292601,0.0175581569974071,0
101,10,41,1e-06,60,3.94485331071585,0.0351449842404254,0.105439709753164,0
101,10,41,1e-06,120,3.7318912903768,0.577989930656832,0.70847130360818,0
101,10,61,1e-06,30,4.48316185594409,0.318777719816644,0.0175581569974071,0
101,10,61,1e-06,60,9.25105453715675,0.00595370512092874,0.105439709753164,0
101,10,61,1e-06,120,0.125347737687972,0.103372902266731,0.70847130360818,1
101,10,41,0.0001,30,0.556004365129418,0.00790593944292601,1.68021537013102,1
101,10,41,0.0001,60,3.44675891285996,0.0351449842404254,10.3200544534141,1
101,10,41,0.0001,120,4.77356397714826,0.577989930656832,70.0789037415827,1
101,10,61,0.0001,30,4.86526643079461,0.318777719816644,1.68021537013102,1
101,10,61,0.0001,60,9.4737447079469,0.00595370512092874,10.3200544534141,1
101,10,61,0.0001,120,0.00158098089817916,0.103372902266731,70.0789037415827,1
101,11,41,1e-08,30,0.0801710172999438,0.071435457740468,0.000511393838153745,0
101,11,41,1e-08,60,6.07084003685739,5.79327353266876,0.00188882742211014,0
101,11,41,1e-08,120,8.91895137524916,8.10681222541451,0.00965274561946435,0
101,11,61,1e-08,30,1.10255599988807,0.205134076104727,0.000511393838153745,0
101,11,61,1e-08,60,5.03018190150101,1.02979629383804,0.00188882742211014,0
101,11,61,1e-08,120,6.41237294749323,1.59033274604556,0.00965274561946435,0
101,11,41,1e-06,30,0.153147500601471,0.071435457740468,0.0175581569974071,0
101,11,41,1e-06,60,7.05261827807271,5.79327353266876,0.105439709753164,0
101,11,41,1e-06,120,8.63071636884202,8.10681222541451,0.70847130360818,0
101,11,61,1e-06,30,0.373184644794955,0.205134076104727,0.0175581569974071,0
101,11,61,1e-06,60,1.75771518711223,1.02979629383804,0.105439709753164,0
101,11,61,1e-06,120,3.52741324753297,1.59033274604556,0.70847130360818,0
101,11,41,0.0001,30,0.154534514877389,0.071435457740468,1.68021537013102,1
101,11,41,0.0001,60,7.06814060195974,5.79327353266876,10.3200544534141,1
101,11,41,0.0001,120,8.60003567581435,8.10681222541451,70.0789037415827,1
101,11,61,0.0001,30,0.321021968269683,0.205134076104727,1.68021537013102,1
101,11,61,0.0001,60,1.5427554287381,1.02979629383804,10.3200544534141,1
101,11,61,0.0001,120,2.94330855890293,1.59033274604556,70.0789037415827,1
101,12,41,1e-08,30,0.237766541110125,0.238511371802428,0.000511393838153745,0
101,12,41,1e-08,60,8.686213202799,8.81719292702124,0.00188882742211014,0
101,12,41,1e-08,120,9.11608030320195,8.72846871203591,0.00965274561946435,0
101,12,61,1e-08,30,2.49414169390892,0.0492617935095487,0.000511393838153745,0
101,12,61,1e-08,60,9.61860286961766,0.406486373590713,0.00188882742211014,0
101,12,61,1e-08,120,4.61004328851132,6.57233780867628,0.00965274561946435,0
101,12,41,1e-06,30,0.186055942515697,0.238511371802428,0.0175581569974071,0
101,12,41,1e-06,60,8.15102346310381,8.81719292702124,0.105439709753164,0
101,12,41,1e-06,120,9.60830889163856,8.72846871203591,0.70847130360818,0
101,12,61,1e-06,30,8.66429960435598,0.0492617935095487,0.0175581569974071,0
101,12,61,1e-06,60,0.046857527745339,0.406486373590713,0.105439709753164,1
101,12,61,1e-06,120,3.98996821456298,6.57233780867628,0.70847130360818,0
101,12,41,0.0001,30,0.18548486148962,0.238511371802428,1.68021537013102,1
101,12,41,0.0001,60,8.14519811861545,8.81719292702124,10.3200544534141,1
101,12,41,0.0001,120,9.59754861281054,8.72846871203591,70.0789037415827,1
101,12,61,0.0001,30,8.42490230048533,0.0492617935095487,1.68021537013102,0
101,12,61,0.0001,60,0.0809547312973818,0.406486373590713,10.3200544534141,1
101,12,61,0.0001,120,3.51642058203939,6.57233780867628,70.0789037415827,1
101,13,41,1e-08,30,0.000458316153445367,2.75716571118362e-05,0.000511393838153745,1
101,13,41,1e-08,60,0.000788929685399887,0.00019129855997513,0.00188882742211014,1
101,13,41,1e-08,120,0.029867115111925,0.0263625507569319,0.00965274561946435,1
101,13,61,1e-08,30,5.66384748575086,0.445432565369846,0.000511393838153745,0
101,13,61,1e-08,60,1.10491926328878,0.514259055400396,0.00188882742211014,0
101,13,61,1e-08,120,1.67986239678086,4.45037312673044,0.00965274561946435,0
101,13,41,1e-06,30,0.00180735643467815,2.75716571118362e-05,0.0175581569974071,1
101,13,41,1e-06,60,0.00672160765695942,0.00019129855997513,0.105439709753164,1
101,13,41,1e-06,120,0.000873568460238871,0.0263625507569319,0.70847130360818,1
101,13,61,1e-06,30,1.83211631069276,0.445432565369846,0.0175581569974071,0
101,13,61,1e-06,60,8.79997129686544,0.514259055400396,0.105439709753164,0
101,13,61,1e-06,120,5.74666561397112,4.45037312673044,0.70847130360818,0
101,13,41,0.0001,30,0.00175405421674919,2.75716571118362e-05,1.68021537013102,1
101,13,41,0.0001,60,0.00646995621682584,0.00019129855997513,10.3200544534141,1
101,13,41,0.0001,120,0.000684933847514304,0.0263625507569319,70.0789037415827,1
101,13,61,0.0001,30,1.6550527090867,0.445432565369846,1.68021537013102,1
101,13,61,0.0001,60,9.56417345081448,0.514259055400396,10.3200544534141,1
101,13,61,0.0001,120,6.97730725283223,4.45037312673044,70.0789037415827,1
101,14,41,1e-08,30,0.033423292322747,0.0512036597962229,0.000511393838153745,0
101,14,41,1e-08,60,0.00950628916713887,0.0419977217326133,0.00188882742211014,0
101,14,41,1e-08,120,0.526405767542054,0.240259022593538,0.00965274561946435,0
101,14,61,1e-08,30,5.88034602772564,0.373453988216944,0.000511393838153745,0
101,14,61,1e-08,60,1.01850377252035,0.285329007342051,0.00188882742211014,0
101,14,61,1e-08,120,2.69124204843054,8.1485149161821,0.00965274561946435,0
101,14,41,1e-06,30,0.0099788734831526,0.0512036597962229,0.0175581569974071,1
101,14,41,1e-06,60,0.00234552543010668,0.0419977217326133,0.105439709753164,1
101,14,41,1e-06,120,0.994963548814659,0.240259022593538,0.70847130360818,1
101,14,61,1e-06,30,2.49140690718702,0.373453988216944,0.0175581569974071,0
101,14,61,1e-06,60,5.97952546154057,0.285329007342051,0.105439709753164,0
101,14,61,1e-06,120,0.950127347191941,8.1485149161821,0.70847130360818,1
101,14,41,0.0001,30,0.00929867774787796,0.0512036597962229,1.68021537013102,1
101,14,41,0.0001,60,0.00300061729559113,0.0419977217326133,10.3200544534141,1
101,14,41,0.0001,120,1.01927413490769,0.240259022593538,70.0789037415827,1
101,14,61,0.0001,30,2.40921512141074,0.373453988216944,1.68021537013102,1
101,14,61,0.0001,60,6.20443427117244,0.285329007342051,10.3200544534141,1
101,14,61,0.0001,120,1.12132410453218,8.1485149161821,70.0789037415827,1
101,15,41,1e-08,30,0.000242962466937975,0.00222646084522364,0.000511393838153745,1
101,15,41,1e-08,60,0.0084591640717441,0.000157607065780262,0.00188882742211014,0
101,15,41,1e-08,120,0.0948315463011918,0.0176584057019859,0.00965274561946435,0
101,15,61,1e-08,30,0.000309548544211396,9.62350580836369e-06,0.000511393838153745,1
101,15,61,1e-08,60,0.00642037665360995,0.00201493634976202,0.00188882742211014,1
101,15,61,1e-08,120,9.57754521857686,9.75999508389469,0.00965274561946435,0
101,15,41,1e-06,30,0.00330042949062403,0.00222646084522364,0.0175581569974071,1
101,15,41,1e-06,60,0.0494813537638255,0.000157607065780262,0.105439709753164,1
101,15,41,1e-06,120,0.306124370989143,0.0176584057019859,0.70847130360818,1
101,15,61,1e-06,30,0.000323854309579683,9.62350580836369e-06,0.0175581569974071,1
101,15,61,1e-06,60,0.00762756300662186,0.00201493634976202,0.105439709753164,1
101,15,61,1e-06,120,9.44910005173771,9.75999508389469,0.70847130360818,0
101,15,41,0.0001,30,0.0038669867937728,0.00222646084522364,1.68021537013102,1
101,15,41,0.0001,60,0.0535005167910252,0.000157607065780262,10.3200544534141,1
101,15,41,0.0001,120,0.325341126497782,0.0176584057019859,70.0789037415827,1
101,15,61,0.0001,30,0.000511852142751681,9.62350580836369e-06,1.68021537013102,1
101,15,61,0.0001,60,0.0092821494569839,0.00201493634976202,10.3200544534141,1
101,15,61,0.0001,120,9.34018281853384,9.75999508389469,70.0789037415827,1
101,16,41,1e-08,30,0.000353654709153756,0.00525177663584739,0.000511393838153745,1
101,16,41,1e-08,60,1.24833781811599e-06,0.0111649338088902,0.00188882742211014,1
101,16,41,1e-08,120,0.0336309101072137,0.000877962580430074,0.00965274561946435,1
101,16,61,1e-08,30,0.000461081387726287,0.000206637636910819,0.000511393838153745,1
101,16,61,1e-08,60,0.0144816704952019,0.00298517001066363,0.00188882742211014,0
101,16,61,1e-08,120,9.68184310124119,9.27936722000144,0.00965274561946435,0
101,16,41,1e-06,30,0.000278964995447272,0.00525177663584739,0.0175581569974071,1
101,16,41,1e-06,60,3.43583494461585e-05,0.0111649338088902,0.105439709753164,1
101,16,41,1e-06,120,0.0374087129884287,0.000877962580430074,0.70847130360818,1
101,16,61,1e-06,30,2.70019551586751e-05,0.000206637636910819,0.0175581569974071,1
101,16,61,1e-06,60,0.00879131897520167,0.00298517001066363,0.105439709753164,1
101,16,61,1e-06,120,9.76211831740374,9.27936722000144,0.70847130360818,0
101,16,41,0.0001,30,0.000281548018254302,0.00525177663584739,1.68021537013102,1
101,16,41,0.0001,60,3.26631697073405e-05,0.0111649338088902,10.3200544534141,1
101,16,41,0.0001,120,0.0372985511741362,0.000877962580430074,70.0789037415827,1
101,16,61,0.0001,30,3.71641843369699e-05,0.000206637636910819,1.68021537013102,1
101,16,61,0.0001,60,0.00913535568175371,0.00298517001066363,10.3200544534141,1
101,16,61,0.0001,120,9.7849479062208,9.27936722000144,70.0789037415827,1
101,17,41,1e-08,30,0.994387145168835,0.00159960909587116,0.000511393838153745,0
101,17,41,1e-08,60,1.89653847909509,0.354292241160011,0.00188882742211014,0
101,17,41,1e-08,120,8.21249939697556,0.954537357227431,0.00965274561946435,0
101,17,61,1e-08,30,0.863722012364975,0.141424082357275,0.000511393838153745,0
101,17,61,1e-08,60,8.58532153493721,4.8117174562151,0.00188882742211014,0
101,17,61,1e-08,120,0.238088942989487,8.17954546525524,0.00965274561946435,0
101,17,41,1e-06,30,0.00878805590579974,0.00159960909587116,0.0175581569974071,1
101,17,41,1e-06,60,0.510119928706821,0.354292241160011,0.105439709753164,0
101,17,41,1e-06,120,1.50433184656099,0.954537357227431,0.70847130360818,1
101,17,61,1e-06,30,0.945148210626568,0.141424082357275,0.0175581569974071,0
101,17,61,1e-06,60,8.41106108692628,4.8117174562151,0.105439709753164,0
101,17,61,1e-06,120,0.23417697677088,8.17954546525524,0.70847130360818,1
101,17,41,0.0001,30,0.0389902521614224,0.00159960909587116,1.68021537013102,1
101,17,41,0.0001,60,0.828606587772328,0.354292241160011,10.3200544534141,1
101,17,41,0.0001,120,2.58321023028213,0.954537357227431,70.0789037415827,1
101,17,61,0.0001,30,0.859115822934158,0.141424082357275,1.68021537013102,1
101,17,61,0.0001,60,8.92822910018054,4.8117174562151,10.3200544534141,1
101,17,61,0.0001,120,0.431396240156239,8.17954546525524,70.0789037415827,1
101,18,41,1e-08,30,0.0149728062023085,0.345657017961692,0.000511393838153745,0
101,18,41,1e-08,60,0.688581892222032,0.468375449454446,0.00188882742211014,0
101,18,41,1e-08,120,7.52351979804525,0.143702733727777,0.00965274561946435,0
101,18,61,1e-08,30,0.000381743298410196,0.00041849246059316,0.000511393838153745,1
101,18,61,1e-08,60,0.00417977986824604,0.000515269066838337,0.00188882742211014,1
101,18,61,1e-08,120,0.0151520681334738,0.0931197718919716,0.00965274561946435,1
101,18,41,1e-06,30,0.193563742157393,0.345657017961692,0.0175581569974071,0
101,18,41,1e-06,60,1.88623850421823,0.468375449454446,0.105439709753164,0
101,18,41,1e-06,120,6.47542487812855,0.143702733727777,0.70847130360818,0
101,18,61,1e-06,30,0.00493717131353366,0.00041849246059316,0.0175581569974071,1
101,18,61,1e-06,60,0.025341954409898,0.000515269066838337,0.105439709753164,1
101,18,61,1e-06,120,0.00348971336156168,0.0931197718919716,0.70847130360818,1
101,18,41,0.0001,30,0.201472812995627,0.345657017961692,1.68021537013102,1
101,18,41,0.0001,60,1.92989751514874,0.468375449454446,10.3200544534141,1
101,18,41,0.0001,120,6.32558664198608,0.143702733727777,70.0789037415827,1
101,18,61,0.0001,30,0.00533130397309843,0.00041849246059316,1.68021537013102,1
101,18,61,0.0001,60,0.0269783355987663,0.000515269066838337,10.3200544534141,1
101,18,61,0.0001,120,0.00472656967291883,0.0931197718919716,70.0789037415827,1
101,19,41,1e-08,30,0.00031785315331318,0.00704166297568853,0.000511393838153745,1
101,19,41,1e-08,60,0.00298697333715418,0.0209351042389106,0.00188882742211014,1
101,19,41,1e-08,120,6.72453839655924,4.83396914785465,0.00965274561946435,0
101,19,61,1e-08,30,0.00134151820199745,0.00423775313305434,0.000511393838153745,1
101,19,61,1e-08,60,0.00347850746654341,0.0127810720273801,0.00188882742211014,1
101,19,61,1e-08,120,0.111262103048231,0.192581216603606,0.00965274561946435,0
101,19,41,1e-06,30,0.000240032065984819,0.00704166297568853,0.0175581569974071,1
101,19,41,1e-06,60,0.0029425910784862,0.0209351042389106,0.105439709753164,1
101,19,41,1e-06,120,6.74243420971616,4.83396914785465,0.70847130360818,0
101,19,61,1e-06,30,0.00179859100411006,0.00423775313305434,0.0175581569974071,1
101,19,61,1e-06,60,0.00457701625587164,0.0127810720273801,0.105439709753164,1
101,19,61,1e-06,120,0.121116499978681,0.192581216603606,0.70847130360818,1
101,19,41,0.0001,30,0.000293154079546454,0.00704166297568853,1.68021537013102,1
101,19,41,0.0001,60,0.00329297125602272,0.0209351042389106,10.3200544534141,1
101,19,41,0.0001,120,6.77445592822435,4.83396914785465,70.0789037415827,1
101,19,61,0.0001,30,0.00177101833430214,0.00423775313305434,1.68021537013102,1
101,19,61,0.0001,60,0.00449221954443445,0.0127810720273801,10.3200544534141,1
101,19,61,0.0001,120,0.12025757350105,0.192581216603606,70.0789037415827,1
101,20,41,1e-08,30,0.00174187308334818,0.00124825568542673,0.000511393838153745,1
101,20,41,1e-08,60,4.84754776714558,4.17520916301552,0.00188882742211014,0
101,20,41,1e-08,120,5.61261736017168,4.19464609401558,0.00965274561946435,0
101,20,61,1e-08,30,0.197278695652044,0.000100756411725949,0.000511393838153745,0
101,20,61,1e-08,60,0.587557616539044,0.00365360987404212,0.00188882742211014,0
101,20,61,1e-08,120,2.51467044243906,9.76503991851161,0.00965274561946435,0
101,20,41,1e-06,30,0.00169119081024408,0.00124825568542673,0.0175581569974071,1
101,20,41,1e-06,60,4.82314283520491,4.17520916301552,0.105439709753164,0
101,20,41,1e-06,120,5.53977139333707,4.19464609401558,0.70847130360818,0
101,20,61,1e-06,30,0.0855261193505863,0.000100756411725949,0.0175581569974071,0
101,20,61,1e-06,60,0.400629716487412,0.00365360987404212,0.105439709753164,1
101,20,61,1e-06,120,3.8895872313499,9.76503991851161,0.70847130360818,0
101,20,41,0.0001,30,0.00161996163046515,0.00124825568542673,1.68021537013102,1
101,20,41,0.0001,60,4.8157900062782,4.17520916301552,10.3200544534141,1
101,20,41,0.0001,120,5.52437368036594,4.19464609401558,70.0789037415827,1
101,20,61,0.0001,30,0.12921564172198,0.000100756411725949,1.68021537013102,1
101,20,61,0.0001,60,0.576664619271762,0.00365360987404212,10.3200544534141,1
101,20,61,0.0001,120,2.98233772220416,9.76503991851161,70.0789037415827,1
102,1,41,1e-08,30,1.47293412016448,0.02264105980943,0.000511393838153745,0
102,1,41,1e-08,60,4.74190381396866,0.0947348777444449,0.00188882742211014,0
102,1,41,1e-08,120,4.1346137470105,0.228584952885518,0.00965274561946435,0
102,1,61,1e-08,30,2.40763215414197e-05,0.000166663567032713,0.000511393838153745,1
102,1,61,1e-08,60,6.0620859463528e-05,0.000860466562141817,0.00188882742211014,1
102,1,61,1e-08,120,0.000462707337127357,0.00293928172121801,0.00965274561946435,1
102,1,41,1e-06,30,0.316242108769555,0.02264105980943,0.0175581569974071,0
102,1,41,1e-06,60,1.28161203463209,0.0947348777444449,0.105439709753164,0
102,1,41,1e-06,120,5.83641541302874,0.228584952885518,0.70847130360818,0
102,1,61,1e-06,30,0.000895162954084814,0.000166663567032713,0.0175581569974071,1
102,1,61,1e-06,60,0.00318758277100976,0.000860466562141817,0.105439709753164,1
102,1,61,1e-06,120,0.0138071517683463,0.00293928172121801,0.70847130360818,1
102,1,41,0.0001,30,0.367754491219847,0.02264105980943,1.68021537013102,1
102,1,41,0.0001,60,1.45478963756264,0.0947348777444449,10.3200544534141,1
102,1,41,0.0001,120,6.50204587029459,0.228584952885518,70.0789037415827,1
102,1,61,0.0001,30,0.00094121694006074,0.000166663567032713,1.68021537013102,1
102,1,61,0.0001,60,0.00334613787320111,0.000860466562141817,10.3200544534141,1
102,1,61,0.0001,120,0.014434882197671,0.00293928172121801,70.0789037415827,1
102,2,41,1e-08,30,0.000454653708237207,0.00585927131749814,0.000511393838153745,1
102,2,41,1e-08,60,0.000818623358631795,0.0284411454407768,0.00188882742211014,1
102,2,41,1e-08,120,0.0430597119194172,0.364262022475466,0.00965274561946435,0
102,2,61,1e-08,30,0.0192179313558126,0.0469368091481848,0.000511393838153745,0
102,2,61,1e-08,60,0.150356432599562,0.108738534154722,0.00188882742211014,0
102,2,61,1e-08,120,0.932274897092781,0.226996026473102,0.00965274561946435,0
102,2,41,1e-06,30,0.000772729439355717,0.00585927131749814,0.0175581569974071,1
102,2,41,1e-06,60,0.0016070289328519,0.0284411454407768,0.105439709753164,1
102,2,41,1e-06,120,0.0346073962295052,0.364262022475466,0.70847130360818,1
102,2,61,1e-06,30,0.00483985022082817,0.0469368091481848,0.0175581569974071,1
102,2,61,1e-06,60,0.0585480028061868,0.108738534154722,0.105439709753164,1
102,2,61,1e-06,120,0.443941661810067,0.226996026473102,0.70847130360818,1
102,2,41,0.0001,30,0.000768121519621465,0.00585927131749814,1.68021537013102,1
102,2,41,0.0001,60,0.00159018652241428,0.0284411454407768,10.3200544534141,1
102,2,41,0.0001,120,0.0347809399750199,0.364262022475466,70.0789037415827,1
102,2,61,0.0001,30,0.00399652396211462,0.0469368091481848,1.68021537013102,1
102,2,61,0.0001,60,0.0528868455088532,0.108738534154722,10.3200544534141,1
102,2,61,0.0001,120,0.413455135597362,0.226996026473102,70.0789037415827,1
102,3,41,1e-08,30,0.00772765658069307,3.39651628419423e-07,0.000511393838153745,0
102,3,41,1e-08,60,0.0355631667511577,0.000522527718655435,0.00188882742211014,0
102,3,41,1e-08,120,0.100205093424179,3.56278056244449e-05,0.00965274561946435,0
102,3,61,1e-08,30,0.10997941554132,0.0322914418776504,0.000511393838153745,0
102,3,61,1e-08,60,0.551506270269013,0.0780618597330663,0.00188882742211014,0
102,3,61,1e-08,120,2.68503527853781,0.163882156772102,0.00965274561946435,0
102,3,41,1e-06,30,0.00242019021345729,3.39651628419423e-07,0.0175581569974071,1
102,3,41,1e-06,60,0.014323936336824,0.000522527718655435,0.105439709753164,1
102,3,41,1e-06,120,0.0350727427725978,3.56278056244449e-05,0.70847130360818,1
102,3,61,1e-06,30,0.0174936882997115,0.0322914418776504,0.0175581569974071,1
102,3,61,1e-06,60,0.116736371148222,0.0780618597330663,0.105439709753164,1
102,3,61,1e-06,120,0.696290611622383,0.163882156772102,0.70847130360818,1
102,3,41,0.0001,30,0.00209506913118006,3.39651628419423e-07,1.68021537013102,1
102,3,41,0.0001,60,0.0128216589417502,0.000522527718655435,10.3200544534141,1
102,3,41,0.0001,120,0.0305461387666008,3.56278056244449e-05,70.0789037415827,1
102,3,61,0.0001,30,0.0114341987111135,0.0322914418776504,1.68021537013102,1
102,3,61,0.0001,60,0.0863370716795474,0.0780618597330663,10.3200544534141,1
102,3,61,0.0001,120,0.549970656901592,0.163882156772102,70.0789037415827,1
102,4,41,1e-08,30,0.0652796197075063,0.00870420785200592,0.000511393838153745,0
102,4,41,1e-08,60,0.331130195897601,0.011222181475167,0.00188882742211014,0
102,4,41,1e-08,120,1.57230644390291,0.00857756234152057,0.00965274561946435,0
102,4,61,1e-08,30,5.47802722346857,5.41567213833734,0.000511393838153745,0
102,4,61,1e-08,60,4.79557661224746,4.71578352718179,0.00188882742211014,0
102,4,61,1e-08,120,3.23145503115849,3.13098020614622,0.00965274561946435,0
102,4,41,1e-06,30,0.0308991372674599,0.00870420785200592,0.0175581569974071,1
102,4,41,1e-06,60,0.186251144203465,0.011222181475167,0.105439709753164,1
102,4,41,1e-06,120,0.963810053987517,0.00857756234152057,0.70847130360818,1
102,4,61,1e-06,30,5.25116312664432,5.41567213833734,0.0175581569974071,0
102,4,61,1e-06,60,4.41129455463393,4.71578352718179,0.105439709753164,0
102,4,61,1e-06,120,2.64667932341727,3.13098020614622,0.70847130360818,1
102,4,41,0.0001,30,0.0291520825684007,0.00870420785200592,1.68021537013102,1
102,4,41,0.0001,60,0.178194172448091,0.011222181475167,10.3200544534141,1
102,4,41,0.0001,120,0.928348638288494,0.00857756234152057,70.0789037415827,1
102,4,61,0.0001,30,5.25690940820145,5.41567213833734,1.68021537013102,1
102,4,61,0.0001,60,4.42200444530555,4.71578352718179,10.3200544534141,1
102,4,61,0.0001,120,2.66342088343845,3.13098020614622,70.0789037415827,1
102,5,41,1e-08,30,0.00115398645886514,0.00274625139155319,0.000511393838153745,1
102,5,41,1e-08,60,0.00694543362420498,0.0138012074609842,0.00188882742211014,1
102,5,41,1e-08,120,0.0219950190389744,0.0457345468892015,0.00965274561946435,1
102,5,61,1e-08,30,8.12913832020508,8.27075131698212,0.000511393838153745,0
102,5,61,1e-08,60,7.68954954585972,7.92200310115002,0.00188882742211014,0
102,5,61,1e-08,120,5.84815099285911,6.21826972974583,0.00965274561946435,0
102,5,41,1e-06,30,0.00438406860778086,0.00274625139155319,0.0175581569974071,1
102,5,41,1e-06,60,0.0211449490358074,0.0138012074609842,0.105439709753164,1
102,5,41,1e-06,120,0.0729240935842421,0.0457345468892015,0.70847130360818,1
102,5,61,1e-06,30,8.3716092459003,8.27075131698212,0.0175581569974071,0
102,5,61,1e-06,60,8.12003461073727,7.92200310115002,0.105439709753164,0
102,5,61,1e-06,120,6.57188276860774,6.21826972974583,0.70847130360818,0
102,5,41,0.0001,30,0.00472725882472713,0.00274625139155319,1.68021537013102,1
102,5,41,0.0001,60,0.0225548423517471,0.0138012074609842,10.3200544534141,1
102,5,41,0.0001,120,0.077990664704279,0.0457345468892015,70.0789037415827,1
102,5,61,0.0001,30,8.36961466620976,8.27075131698212,1.68021537013102,0
102,5,61,0.0001,60,8.11611557782463,7.92200310115002,10.3200544534141,1
102,5,61,0.0001,120,6.56484095149395,6.21826972974583,70.0789037415827,1
102,6,41,1e-08,30,1.44632452654071,0.00254229964817467,0.000511393838153745,0
102,6,41,1e-08,60,4.77126604897366,0.0143711902250357,0.00188882742211014,0
102,6,41,1e-08,120,3.83855472213025,0.18927360715924,0.00965274561946435,0
102,6,61,1e-08,30,0.017461690304403,0.116790535615615,0.000511393838153745,0
102,6,61,1e-08,60,0.0198459030645407,0.40900402716967,0.00188882742211014,0
102,6,61,1e-08,120,0.00471176102394926,1.01631948491757,0.00965274561946435,1
102,6,41,1e-06,30,0.432433657430633,0.00254229964817467,0.0175581569974071,0
102,6,41,1e-06,60,1.82193276875209,0.0143711902250357,0.105439709753164,0
102,6,41,1e-06,120,8.47062924844944,0.18927360715924,0.70847130360818,0
102,6,61,1e-06,30,0.0217834178858338,0.116790535615615,0.0175581569974071,1
102,6,61,1e-06,60,0.0627455282990441,0.40900402716967,0.105439709753164,1
102,6,61,1e-06,120,0.0525804347902962,1.01631948491757,0.70847130360818,1
102,6,41,0.0001,30,0.510132683966398,0.00254229964817467,1.68021537013102,1
102,6,41,0.0001,60,2.09573731390265,0.0143711902250357,10.3200544534141,1
102,6,41,0.0001,120,9.55295580112408,0.18927360715924,70.0789037415827,1
102,6,61,0.0001,30,0.0149605124778584,0.116790535615615,1.68021537013102,1
102,6,61,0.0001,60,0.0402629788929868,0.40900402716967,10.3200544534141,1
102,6,61,0.0001,120,0.0169935756312115,1.01631948491757,70.0789037415827,1
102,7,41,1e-08,30,0.00102043253324095,0.00911796114728629,0.000511393838153745,1
102,7,41,1e-08,60,0.00281081106555798,0.03016519970168,0.00188882742211014,1
102,7,41,1e-08,120,0.00282589341399192,0.0829809960348332,0.00965274561946435,1
102,7,61,1e-08,30,0.00605180589156009,0.0030966230399976,0.000511393838153745,0
102,7,61,1e-08,60,0.000845817063223401,8.07426466127535e-06,0.00188882742211014,1
102,7,61,1e-08,120,0.0263729731449495,0.0457441695110182,0.00965274561946435,1
102,7,41,1e-06,30,0.00389849720864672,0.00911796114728629,0.0175581569974071,1
102,7,41,1e-06,60,0.0116295488467686,0.03016519970168,0.105439709753164,1
102,7,41,1e-06,120,0.0245365808893445,0.0829809960348332,0.70847130360818,1
102,7,61,1e-06,30,0.00100716781191157,0.0030966230399976,0.0175581569974071,1
102,7,61,1e-06,60,0.031608697296212,8.07426466127535e-06,0.105439709753164,1
102,7,61,1e-06,120,0.31804288142234,0.0457441695110182,0.70847130360818,1
102,7,41,0.0001,30,0.00408971033069722,0.00911796114728629,1.68021537013102,1
102,7,41,0.0001,60,0.0122344954018288,0.03016519970168,10.3200544534141,1
102,7,41,0.0001,120,0.0262192450266566,0.0829809960348332,70.0789037415827,1
102,7,61,0.0001,30,0.00156762541863104,0.0030966230399976,1.68021537013102,1
102,7,61,0.0001,60,0.0373749033408182,8.07426466127535e-06,10.3200544534141,1
102,7,61,0.0001,120,0.353847558864559,0.0457441695110182,70.0789037415827,1
102,8,41,1e-08,30,0.0323033595934042,0.018017306492013,0.000511393838153745,0
102,8,41,1e-08,60,0.000201299245741667,0.251214905959611,0.00188882742211014,1
102,8,41,1e-08,120,0.229789879464458,1.72271011093256,0.00965274561946435,0
102,8,61,1e-08,30,0.000418870805443916,0.000227514640875016,0.000511393838153745,1
102,8,61,1e-08,60,0.00217692205504732,0.000181942753477686,0.00188882742211014,1
102,8,61,1e-08,120,4.16914576103506,4.62760597712728,0.00965274561946435,0
102,8,41,1e-06,30,0.011322915191226,0.018017306492013,0.0175581569974071,1
102,8,41,1e-06,60,0.000244236585053882,0.251214905959611,0.105439709753164,1
102,8,41,1e-06,120,0.113595911234269,1.72271011093256,0.70847130360818,1
102,8,61,1e-06,30,0.000402579889323286,0.000227514640875016,0.0175581569974071,1
102,8,61,1e-06,60,0.000550482509934521,0.000181942753477686,0.105439709753164,1
102,8,61,1e-06,120,4.71387817777605,4.62760597712728,0.70847130360818,0
102,8,41,0.0001,30,0.0353915114474533,0.018017306492013,1.68021537013102,1
102,8,41,0.0001,60,0.0206066026695042,0.251214905959611,10.3200544534141,1
102,8,41,0.0001,120,0.000526242351088122,1.72271011093256,70.0789037415827,1
102,8,61,0.0001,30,0.000421594857582442,0.000227514640875016,1.68021537013102,1
102,8,61,0.0001,60,0.000594735254591558,0.000181942753477686,10.3200544534141,1
102,8,61,0.0001,120,4.72186151412136,4.62760597712728,70.0789037415827,1
102,9,41,1e-08,30,0.00650314763476016,0.00896112802040717,0.000511393838153745,0
102,9,41,1e-08,60,0.163225859262617,0.197264322853036,0.00188882742211014,0
102,9,41,1e-08,120,1.42340695854273,1.65230655512072,0.00965274561946435,0
102,9,61,1e-08,30,0.00562971555281702,0.0122474601962143,0.000511393838153745,0
102,9,61,1e-08,60,0.0197723249090385,0.0463570981602735,0.00188882742211014,0
102,9,61,1e-08,120,0.00821896696308023,0.366879017485603,0.00965274561946435,1
102,9,41,1e-06,30,0.00118765686819742,0.00896112802040717,0.0175581569974071,1
102,9,41,1e-06,60,0.104627393656272,0.197264322853036,0.105439709753164,1
102,9,41,1e-06,120,1.08946360044144,1.65230655512072,0.70847130360818,1
102,9,61,1e-06,30,6.53946493282225e-07,0.0122474601962143,0.0175581569974071,1
102,9,61,1e-06,60,1.46072924421219e-05,0.0463570981602735,0.105439709753164,1
102,9,61,1e-06,120,0.0282366797050957,0.366879017485603,0.70847130360818,1
102,9,41,0.0001,30,0.0011651925801239,0.00896112802040717,1.68021537013102,1
102,9,41,0.0001,60,0.104384075442556,0.197264322853036,10.3200544534141,1
102,9,41,0.0001,120,1.08847423597455,1.65230655512072,70.0789037415827,1
102,9,61,0.0001,30,2.70561529321445e-05,0.0122474601962143,1.68021537013102,1
102,9,61,0.0001,60,1.91848019548362e-05,0.0463570981602735,10.3200544534141,1
102,9,61,0.0001,120,0.0338037458725911,0.366879017485603,70.0789037415827,1
102,10,41,1e-08,30,0.00192565037233573,0.0223884988078035,0.000511393838153745,1
102,10,41,1e-08,60,0.0168823469354417,0.0601914643860558,0.00188882742211014,0
102,10,41,1e-08,120,2.27386134953084,5.047783681334,0.00965274561946435,0
102,10,61,1e-08,30,0.141966571685359,0.0192557757617128,0.000511393838153745,0
102,10,61,1e-08,60,0.420895432981169,0.0506469997283454,0.00188882742211014,0
102,10,61,1e-08,120,1.69322352251465,0.0835797682034148,0.00965274561946435,0
102,10,41,1e-06,30,0.000173032680277607,0.0223884988078035,0.0175581569974071,1
102,10,41,1e-06,60,0.00641104462121856,0.0601914643860558,0.105439709753164,1
102,10,41,1e-06,120,2.54742660710792,5.047783681334,0.70847130360818,1
102,10,61,1e-06,30,0.0284593034302464,0.0192557757617128,0.0175581569974071,1
102,10,61,1e-06,60,0.153407588628858,0.0506469997283454,0.105439709753164,1
102,10,61,1e-06,120,0.895172088002729,0.0835797682034148,0.70847130360818,1
102,10,41,0.0001,30,0.000170511797157571,0.0223884988078035,1.68021537013102,1
102,10,41,0.0001,60,0.00640492442914919,0.0601914643860558,10.3200544534141,1
102,10,41,0.0001,120,2.54717870536246,5.047783681334,70.0789037415827,1
102,10,61,0.0001,30,0.0423496993178035,0.0192557757617128,1.68021537013102,1
102,10,61,0.0001,60,0.215374590205242,0.0506469997283454,10.3200544534141,1
102,10,61,0.0001,120,1.18633009866791,0.0835797682034148,70.0789037415827,1
102,11,41,1e-08,30,0.00121150644883398,0.0116806430758985,0.000511393838153745,1
102,11,41,1e-08,60,0.00481334536177429,0.0457810286697098,0.00188882742211014,1
102,11,41,1e-08,120,7.0443598619881,5.60222376379012,0.00965274561946435,0
102,11,61,1e-08,30,9.66893909020831e-06,1.4623822284325e-05,0.000511393838153745,1
102,11,61,1e-08,60,2.64181929713222e-06,1.96172671784138e-05,0.00188882742211014,1
102,11,61,1e-08,120,0.00195660403922799,0.000607167142766773,0.00965274561946435,1
102,11,41,1e-06,30,0.00258195424418688,0.0116806430758985,0.0175581569974071,1
102,11,41,1e-06,60,0.0099191319558084,0.0457810286697098,0.105439709753164,1
102,11,41,1e-06,120,6.73653759748936,5.60222376379012,0.70847130360818,0
102,11,61,1e-06,30,0.00375191468233943,1.4623822284325e-05,0.0175581569974071,1
102,11,61,1e-06,60,0.0122670373835433,1.96172671784138e-05,0.105439709753164,1
102,11,61,1e-06,120,0.0651988341928048,0.000607167142766773,0.70847130360818,1
102,11,41,0.0001,30,0.00271218677187019,0.0116806430758985,1.68021537013102,1
102,11,41,0.0001,60,0.0103978766349797,0.0457810286697098,10.3200544534141,1
102,11,41,0.0001,120,6.71271155537505,5.60222376379012,70.0789037415827,1
102,11,61,0.0001,30,0.00406413007986187,1.4623822284325e-05,1.68021537013102,1
102,11,61,0.0001,60,0.0133234285058121,1.96172671784138e-05,10.3200544534141,1
102,11,61,0.0001,120,0.0698845221711266,0.000607167142766773,70.0789037415827,1
102,12,41,1e-08,30,0.0102905489875321,0.00816176808706545,0.000511393838153745,0
102,12,41,1e-08,60,0.0383921004423101,0.0270640842473789,0.00188882742211014,0
102,12,41,1e-08,120,0.287209461907166,0.0261996518765565,0.00965274561946435,0
102,12,61,1e-08,30,0.00294897384808971,0.00744941065094992,0.000511393838153745,0
102,12,61,1e-08,60,0.0215294839236969,0.0242210476674439,0.00188882742211014,0
102,12,61,1e-08,120,0.13629327817637,0.0658811326618979,0.00965274561946435,0
102,12,41,1e-06,30,0.00134672687552947,0.00816176808706545,0.0175581569974071,1
102,12,41,1e-06,60,0.00795088332883755,0.0270640842473789,0.105439709753164,1
102,12,41,1e-06,120,0.119090220885664,0.0261996518765565,0.70847130360818,1
102,12,61,1e-06,30,0.000283254154041812,0.00744941065094992,0.0175581569974071,1
102,12,61,1e-06,60,0.00256134181649732,0.0242210476674439,0.105439709753164,1
102,12,61,1e-06,120,0.0242639913590072,0.0658811326618979,0.70847130360818,1
102,12,41,0.0001,30,0.00120559836497977,0.00816176808706545,1.68021537013102,1
102,12,41,0.0001,60,0.00732952633254733,0.0270640842473789,10.3200544534141,1
102,12,41,0.0001,120,0.11450196588455,0.0261996518765565,70.0789037415827,1
102,12,61,0.0001,30,0.000434052738112681,0.00744941065094992,1.68021537013102,1
102,12,61,0.0001,60,0.00344065407398688,0.0242210476674439,10.3200544534141,1
102,12,61,0.0001,120,0.0295508627097078,0.0658811326618979,70.0789037415827,1
102,13,41,1e-08,30,0.521386465632714,0.0028337047354461,0.000511393838153745,0
102,13,41,1e-08,60,2.15867840806641,0.00124254479176217,0.00188882742211014,0
102,13,41,1e-08,120,9.03248633091183,0.00180920897802772,0.00965274561946435,0
102,13,61,1e-08,30,0.258959171547964,0.192006970896503,0.000511393838153745,0
102,13,61,1e-08,60,6.65811596317375,6.2689417057542,0.00188882742211014,0
102,13,61,1e-08,120,7.50824495870342,7.03238877403553,0.00965274561946435,0
102,13,41,1e-06,30,0.0126704922445484,0.0028337047354461,0.0175581569974071,1
102,13,41,1e-06,60,0.0839287796382827,0.00124254479176217,0.105439709753164,1
102,13,41,1e-06,120,0.470330282646195,0.00180920897802772,0.70847130360818,1
102,13,61,1e-06,30,0.235681473777245,0.192006970896503,0.0175581569974071,0
102,13,61,1e-06,60,6.75383599249362,6.2689417057542,0.105439709753164,0
102,13,61,1e-06,120,8.07914128407267,7.03238877403553,0.70847130360818,0
102,13,41,0.0001,30,0.00266947289304256,0.0028337047354461,1.68021537013102,1
102,13,41,0.0001,60,0.0304422181923875,0.00124254479176217,10.3200544534141,1
102,13,41,0.0001,120,0.213366397707793,0.00180920897802772,70.0789037415827,1
102,13,61,0.0001,30,0.236399773389363,0.192006970896503,1.68021537013102,1
102,13,61,0.0001,60,6.75915083946612,6.2689417057542,10.3200544534141,1
102,13,61,0.0001,120,8.08817453591809,7.03238877403553,70.0789037415827,1
102,14,41,1e-08,30,0.000240933184454109,0.00206824561116074,0.000511393838153745,1
102,14,41,1e-08,60,0.00437381655139265,0.00324177978091037,0.00188882742211014,1
102,14,41,1e-08,120,0.0544100272728999,0.000194737683039286,0.00965274561946435,0
102,14,61,1e-08,30,0.038241106351836,0.0319612347215879,0.000511393838153745,0
102,14,61,1e-08,60,0.206983555749339,0.190866320140069,0.00188882742211014,0
102,14,61,1e-08,120,0.678375256670234,0.644764181734584,0.00965274561946435,0
102,14,41,1e-06,30,1.27368394338315e-05,0.00206824561116074,0.0175581569974071,1
102,14,41,1e-06,60,0.000712300480629724,0.00324177978091037,0.105439709753164,1
102,14,41,1e-06,120,0.0234407500459557,0.000194737683039286,0.70847130360818,1
102,14,61,1e-06,30,0.0277954782671424,0.0319612347215879,0.0175581569974071,1
102,14,61,1e-06,60,0.169910060761617,0.190866320140069,0.105439709753164,1
102,14,61,1e-06,120,0.567074689715664,0.644764181734584,0.70847130360818,1
102,14,41,0.0001,30,1.98203160949066e-05,0.00206824561116074,1.68021537013102,1
102,14,41,0.0001,60,0.000630680741993655,0.00324177978091037,10.3200544534141,1
102,14,41,0.0001,120,0.0225429755612004,0.000194737683039286,70.0789037415827,1
102,14,61,0.0001,30,0.027392376083922,0.0319612347215879,1.68021537013102,1
102,14,61,0.0001,60,0.168375445396844,0.190866320140069,10.3200544534141,1
102,14,61,0.0001,120,0.562309760311525,0.644764181734584,70.0789037415827,1
102,15,41,1e-08,30,1.77916072585022,0.00669761172621973,0.000511393838153745,0
102,15,41,1e-08,60,9.795541905695,0.0459157589683792,0.00188882742211014,0
102,15,41,1e-08,120,0.655908273912688,0.723490589602168,0.00965274561946435,0
102,15,61,1e-08,30,0.00346884312952685,0.00955820074705415,0.000511393838153745,0
102,15,61,1e-08,60,0.012435473621598,0.0398918492242532,0.00188882742211014,0
102,15,61,1e-08,120,0.0425044699872272,0.15450618452397,0.00965274561946435,0
102,15,41,1e-06,30,9.60649610065641,0.00669761172621973,0.0175581569974071,0
102,15,41,1e-06,60,0.0223051006862047,0.0459157589683792,0.105439709753164,1
102,15,41,1e-06,120,0.540449285241468,0.723490589602168,0.70847130360818,1
102,15,61,1e-06,30,0.00102378844881217,0.00955820074705415,0.0175581569974071,1
102,15,61,1e-06,60,0.00464967311893192,0.0398918492242532,0.105439709753164,1
102,15,61,1e-06,120,0.0168970557233334,0.15450618452397,0.70847130360818,1
102,15,41,0.0001,30,9.03258274441324,0.00669761172621973,1.68021537013102,0
102,15,41,0.0001,60,0.104385680625146,0.0459157589683792,10.3200544534141,1
102,15,41,0.0001,120,1.14137273540935,0.723490589602168,70.0789037415827,1
102,15,61,0.0001,30,0.000864559323703109,0.00955820074705415,1.68021537013102,1
102,15,61,0.0001,60,0.00396944711392443,0.0398918492242532,10.3200544534141,1
102,15,61,0.0001,120,0.0143090389212228,0.15450618452397,70.0789037415827,1
102,16,41,1e-08,30,2.6635779166141,0.00426971139283629,0.000511393838153745,0
102,16,41,1e-08,60,6.26544979479413,0.0200792159655728,0.00188882742211014,0
102,16,41,1e-08,120,3.26543558398073,0.095145641770907,0.00965274561946435,0
102,16,61,1e-08,30,6.13933850371863e-06,0.0207948252109234,0.000511393838153745,1
102,16,61,1e-08,60,0.0052556012317153,0.0430951358939348,0.00188882742211014,1
102,16,61,1e-08,120,0.127095903882916,0.0401240200586573,0.00965274561946435,0
102,16,41,1e-06,30,5.79018082018856,0.00426971139283629,0.0175581569974071,0
102,16,41,1e-06,60,2.24706337016509,0.0200792159655728,0.105439709753164,0
102,16,41,1e-06,120,9.24449123340496,0.095145641770907,0.70847130360818,0
102,16,61,1e-06,30,0.000522571530436155,0.0207948252109234,0.0175581569974071,1
102,16,61,1e-06,60,0.00122985035343027,0.0430951358939348,0.105439709753164,1
102,16,61,1e-06,120,0.0812194848006417,0.0401240200586573,0.70847130360818,1
102,16,41,0.0001,30,5.26432687282502,0.00426971139283629,1.68021537013102,1
102,16,41,0.0001,60,2.90893058082117,0.0200792159655728,10.3200544534141,1
102,16,41,0.0001,120,8.1044453279363,0.095145641770907,70.0789037415827,1
102,16,61,0.0001,30,0.000690977757330533,0.0207948252109234,1.68021537013102,1
102,16,61,0.0001,60,0.000797538888703462,0.0430951358939348,10.3200544534141,1
102,16,61,0.0001,120,0.0736352264357806,0.0401240200586573,70.0789037415827,1
102,17,41,1e-08,30,1.268094046771,0.00434703488273692,0.000511393838153745,0
102,17,41,1e-08,60,4.19158804306066,0.0227972781411377,0.00188882742211014,0
102,17,41,1e-08,120,5.22361152208956,0.183994045250699,0.00965274561946435,0
102,17,61,1e-08,30,0.0478389363578293,0.0369789407742686,0.000511393838153745,0
102,17,61,1e-08,60,0.24595272600026,0.203815125949146,0.00188882742211014,0
102,17,61,1e-08,120,0.515442576928002,0.40622192246413,0.00965274561946435,0
102,17,41,1e-06,30,0.513881185178303,0.00434703488273692,0.0175581569974071,0
102,17,41,1e-06,60,2.16020015546812,0.0227972781411377,0.105439709753164,0
102,17,41,1e-06,120,9.50749137187441,0.183994045250699,0.70847130360818,0
102,17,61,1e-06,30,0.0458595111976599,0.0369789407742686,0.0175581569974071,1
102,17,61,1e-06,60,0.244847732702712,0.203815125949146,0.105439709753164,1
102,17,61,1e-06,120,0.523803914093022,0.40622192246413,0.70847130360818,1
102,17,41,0.0001,30,0.617619349035506,0.00434703488273692,1.68021537013102,1
102,17,41,0.0001,60,2.5315068117717,0.0227972781411377,10.3200544534141,1
102,17,41,0.0001,120,8.84408902404785,0.183994045250699,70.0789037415827,1
102,17,61,0.0001,30,0.0451435287875167,0.0369789407742686,1.68021537013102,1
102,17,61,0.0001,60,0.241864642773267,0.203815125949146,10.3200544534141,1
102,17,61,0.0001,120,0.515565480268606,0.40622192246413,70.0789037415827,1
102,18,41,1e-08,30,0.00420922952093144,0.00275205584984606,0.000511393838153745,0
102,18,41,1e-08,60,8.35538016339449,7.11588103182316,0.00188882742211014,0
102,18,41,1e-08,120,8.13944784076354,5.84976758564924,0.00965274561946435,0
102,18,61,1e-08,30,0.00280620888632851,0.0013382597467457,0.000511393838153745,0
102,18,61,1e-08,60,0.00686878168974923,0.00360142688408693,0.00188882742211014,1
102,18,61,1e-08,120,0.0254597326572102,0.00809948822124671,0.00965274561946435,1
102,18,41,1e-06,30,7.76997634383738e-05,0.00275205584984606,0.0175581569974071,1
102,18,41,1e-06,60,7.78219716347971,7.11588103182316,0.105439709753164,0
102,18,41,1e-06,120,7.08823520860056,5.84976758564924,0.70847130360818,0
102,18,61,1e-06,30,4.53400092609885e-05,0.0013382597467457,0.0175581569974071,1
102,18,61,1e-06,60,0.000698113845748591,0.00360142688408693,0.105439709753164,1
102,18,61,1e-06,120,0.00683475560514707,0.00809948822124671,0.70847130360818,1
102,18,41,0.0001,30,2.84425137797447e-05,0.00275205584984606,1.68021537013102,1
102,18,41,0.0001,60,7.74588177577334,7.11588103182316,10.3200544534141,1
102,18,41,0.0001,120,7.02137404230577,5.84976758564924,70.0789037415827,1
102,18,61,0.0001,30,9.61141794378559e-06,0.0013382597467457,1.68021537013102,1
102,18,61,0.0001,60,0.000374437851837725,0.00360142688408693,10.3200544534141,1
102,18,61,0.0001,120,0.00472309527155851,0.00809948822124671,70.0789037415827,1
102,19,41,1e-08,30,0.0152075188678536,0.252450625304762,0.000511393838153745,0
102,19,41,1e-08,60,0.216946721473436,0.672063884765616,0.00188882742211014,0
102,19,41,1e-08,120,2.60363577571306,0.983282209085185,0.00965274561946435,0
102,19,61,1e-08,30,0.000605146546486287,0.000339443631419124,0.000511393838153745,1
102,19,61,1e-08,60,0.0017650163561921,0.000973212618294984,0.00188882742211014,1
102,19,61,1e-08,120,2.74186459076475,2.67571697867257,0.00965274561946435,0
102,19,41,1e-06,30,0.0341635984590025,0.252450625304762,0.0175581569974071,1
102,19,41,1e-06,60,0.307899637859157,0.672063884765616,0.105439709753164,1
102,19,41,1e-06,120,3.0901530090354,0.983282209085185,0.70847130360818,0
102,19,61,1e-06,30,3.41122978748891e-06,0.000339443631419124,0.0175581569974071,1
102,19,61,1e-06,60,8.68813718229503e-05,0.000973212618294984,0.105439709753164,1
102,19,61,1e-06,120,2.41725275476313,2.67571697867257,0.70847130360818,1
102,19,41,0.0001,30,0.0334774642298544,0.252450625304762,1.68021537013102,1
102,19,41,0.0001,60,0.303636485954996,0.672063884765616,10.3200544534141,1
102,19,41,0.0001,120,3.06267342808859,0.983282209085185,70.0789037415827,1
102,19,61,0.0001,30,2.21931507043251e-06,0.000339443631419124,1.68021537013102,1
102,19,61,0.0001,60,7.44898912844934e-05,0.000973212618294984,10.3200544534141,1
102,19,61,0.0001,120,2.42147221747162,2.67571697867257,70.0789037415827,1
102,20,41,1e-08,30,5.78142329514993,6.28268633324906,0.000511393838153745,0
102,20,41,1e-08,60,6.40891061785097,7.68975175597503,0.00188882742211014,0
102,20,41,1e-08,120,5.52753127811958,8.24438348647321,0.00965274561946435,0
102,20,61,1e-08,30,0.000433740760751698,0.000126326139807402,0.000511393838153745,1
102,20,61,1e-08,60,0.00113559040071414,0.000693822768962679,0.00188882742211014,1
102,20,61,1e-08,120,0.0048295242746238,0.00216136353829984,0.00965274561946435,1
102,20,41,1e-06,30,5.1618942720531,6.28268633324906,0.0175581569974071,0
102,20,41,1e-06,60,5.30555759334079,7.68975175597503,0.105439709753164,0
102,20,41,1e-06,120,3.73037833722715,8.24438348647321,0.70847130360818,0
102,20,61,1e-06,30,0.00111721218993732,0.000126326139807402,0.0175581569974071,1
102,20,61,1e-06,60,0.00397234924357636,0.000693822768962679,0.105439709753164,1
102,20,61,1e-06,120,0.0174986275941823,0.00216136353829984,0.70847130360818,1
102,20,41,0.0001,30,5.1616213378855,6.28268633324906,1.68021537013102,1
102,20,41,0.0001,60,5.30757626410625,7.68975175597503,10.3200544534141,1
102,20,41,0.0001,120,3.73592202134841,8.24438348647321,70.0789037415827,1
102,20,61,0.0001,30,0.00135164118712372,0.000126326139807402,1.68021537013102,1
102,20,61,0.0001,60,0.00485374527035801,0.000693822768962679,10.3200544534141,1
102,20,61,0.0001,120,0.0211787569210193,0.00216136353829984,70.0789037415827,1
103,1,41,1e-08,30,0.192735141285262,0.000170114937609585,0.000511393838153745,0
103,1,41,1e-08,60,0.254723051479563,0.0236447542121764,0.00188882742211014,0
103,1,41,1e-08,120,0.123237151508494,0.596617672431886,0.00965274561946435,0
103,1,61,1e-08,30,0.00315921912587889,0.0234870113002387,0.000511393838153745,0
103,1,61,1e-08,60,0.021564209936114,0.113970540403586,0.00188882742211014,0
103,1,61,1e-08,120,0.0513980515589064,0.365854126933653,0.00965274561946435,0
103,1,41,1e-06,30,0.00361482134269278,0.000170114937609585,0.0175581569974071,1
103,1,41,1e-06,60,0.00335909184570807,0.0236447542121764,0.105439709753164,1
103,1,41,1e-06,120,0.335401910508293,0.596617672431886,0.70847130360818,1
103,1,61,1e-06,30,0.00735492989177183,0.0234870113002387,0.0175581569974071,1
103,1,61,1e-06,60,0.0409653823549679,0.113970540403586,0.105439709753164,1
103,1,61,1e-06,120,0.111728377428134,0.365854126933653,0.70847130360818,1
103,1,41,0.0001,30,0.0146034036371663,0.000170114937609585,1.68021537013102,1
103,1,41,0.0001,60,0.00382667188554001,0.0236447542121764,10.3200544534141,1
103,1,41,0.0001,120,0.116368271586053,0.596617672431886,70.0789037415827,1
103,1,61,0.0001,30,0.00741564939072637,0.0234870113002387,1.68021537013102,1
103,1,61,0.0001,60,0.0413358960723601,0.113970540403586,10.3200544534141,1
103,1,61,0.0001,120,0.11309172426384,0.365854126933653,70.0789037415827,1
103,2,41,1e-08,30,0.034505312249206,0.00381718372403536,0.000511393838153745,0
103,2,41,1e-08,60,0.139107785765978,0.0179570620578226,0.00188882742211014,0
103,2,41,1e-08,120,0.729979015204478,0.148556814325999,0.00965274561946435,0
103,2,61,1e-08,30,0.354229084742399,1.2187831615807,0.000511393838153745,0
103,2,61,1e-08,60,0.242728070668631,2.53475070396493,0.00188882742211014,0
103,2,61,1e-08,120,0.220718241627996,3.27904373553892,0.00965274561946435,0
103,2,41,1e-06,30,0.0068568903793871,0.00381718372403536,0.0175581569974071,1
103,2,41,1e-06,60,0.0309453790403106,0.0179570620578226,0.105439709753164,1
103,2,41,1e-06,120,0.220065877936654,0.148556814325999,0.70847130360818,1
103,2,61,1e-06,30,0.0898068115436061,1.2187831615807,0.0175581569974071,0
103,2,61,1e-06,60,0.000343321596364834,2.53475070396493,0.105439709753164,1
103,2,61,1e-06,120,1.9949567533485,3.27904373553892,0.70847130360818,1
103,2,41,0.0001,30,0.00803233907783278,0.00381718372403536,1.68021537013102,1
103,2,41,0.0001,60,0.0359800037427814,0.0179570620578226,10.3200544534141,1
103,2,41,0.0001,120,0.246801057101853,0.148556814325999,70.0789037415827,1
103,2,61,0.0001,30,0.0838109472778634,1.2187831615807,1.68021537013102,1
103,2,61,0.0001,60,0.00136149802975082,2.53475070396493,10.3200544534141,1
103,2,61,0.0001,120,2.09434363103143,3.27904373553892,70.0789037415827,1
103,3,41,1e-08,30,0.00203675810506326,0.659258088294109,0.000511393838153745,0
103,3,41,1e-08,60,0.951801008274599,0.92775667896575,0.00188882742211014,0
103,3,41,1e-08,120,9.29157865540863,1.11101778855989,0.00965274561946435,0
103,3,61,1e-08,30,3.15862611090399,4.18454696050509,0.000511393838153745,0
103,3,61,1e-08,60,4.14254700062049,6.85050090337106,0.00188882742211014,0
103,3,61,1e-08,120,2.31528745171522,7.45804818443699,0.00965274561946435,0
103,3,41,1e-06,30,0.933100993115629,0.659258088294109,0.0175581569974071,0
103,3,41,1e-06,60,6.75716901965798,0.92775667896575,0.105439709753164,0
103,3,41,1e-06,120,0.0420662043296585,1.11101778855989,0.70847130360818,1
103,3,61,1e-06,30,2.55812116614417,4.18454696050509,0.0175581569974071,0
103,3,61,1e-06,60,2.97090968581986,6.85050090337106,0.105439709753164,0
103,3,61,1e-06,120,0.887759482266032,7.45804818443699,0.70847130360818,1
103,3,41,0.0001,30,1.01320120382991,0.659258088294109,1.68021537013102,1
103,3,41,0.0001,60,7.14985866147945,0.92775667896575,10.3200544534141,1
103,3,41,0.0001,120,0.00395842585545856,1.11101778855989,70.0789037415827,1
103,3,61,0.0001,30,2.53330344743854,4.18454696050509,1.68021537013102,1
103,3,61,0.0001,60,2.92194715788115,6.85050090337106,10.3200544534141,1
103,3,61,0.0001,120,0.837183959305053,7.45804818443699,70.0789037415827,1
103,4,41,1e-08,30,0.000546120204499797,0.000988728340499092,0.000511393838153745,1
103,4,41,1e-08,60,0.00176351948744126,0.00455088175582392,0.00188882742211014,1
103,4,41,1e-08,120,8.8168295914988,9.57985239617483,0.00965274561946435,0
103,4,61,1e-08,30,0.0165885653859407,1.27025013064125,0.000511393838153745,0
103,4,61,1e-08,60,0.0723827896045568,3.79312190239703,0.00188882742211014,0
103,4,61,1e-08,120,6.58695261110033,2.47022994227765,0.00965274561946435,0
103,4,41,1e-06,30,7.58818962554524e-05,0.000988728340499092,0.0175581569974071,1
103,4,41,1e-06,60,0.000163544956446567,0.00455088175582392,0.105439709753164,1
103,4,41,1e-06,120,9.16645688101314,9.57985239617483,0.70847130360818,0
103,4,61,1e-06,30,0.154704073957226,1.27025013064125,0.0175581569974071,0
103,4,61,1e-06,60,0.21523391551942,3.79312190239703,0.105439709753164,1
103,4,61,1e-06,120,1.99325582830338,2.47022994227765,0.70847130360818,1
103,4,41,0.0001,30,7.28746610968348e-05,0.000988728340499092,1.68021537013102,1
103,4,41,0.0001,60,0.000156264721026601,0.00455088175582392,10.3200544534141,1
103,4,41,0.0001,120,9.16957517146493,9.57985239617483,70.0789037415827,1
103,4,61,0.0001,30,0.11550482086046,1.27025013064125,1.68021537013102,1
103,4,61,0.0001,60,0.139161918078324,3.79312190239703,10.3200544534141,1
103,4,61,0.0001,120,2.48871215993093,2.47022994227765,70.0789037415827,1
103,5,41,1e-08,30,0.00192486799650452,0.00841899129540031,0.000511393838153745,1
103,5,41,1e-08,60,0.0120800982612939,0.0237579133820666,0.00188882742211014,0
103,5,41,1e-08,120,0.0904363374883267,0.0484675460059829,0.00965274561946435,0
103,5,61,1e-08,30,0.000471166629199854,0.00340441346533321,0.000511393838153745,1
103,5,61,1e-08,60,0.0100626887653154,0.0345019430547244,0.00188882742211014,0
103,5,61,1e-08,120,6.52187853932474,7.49016743837919,0.00965274561946435,0
103,5,41,1e-06,30,1.49965793132626e-05,0.00841899129540031,0.0175581569974071,1
103,5,41,1e-06,60,0.00136495560693801,0.0237579133820666,0.105439709753164,1
103,5,41,1e-06,120,0.0261906699815192,0.0484675460059829,0.70847130360818,1
103,5,61,1e-06,30,0.000190553681478874,0.00340441346533321,0.0175581569974071,1
103,5,61,1e-06,60,0.0016979225203568,0.0345019430547244,0.105439709753164,1
103,5,61,1e-06,120,5.99023947631455,7.49016743837919,0.70847130360818,0
103,5,41,0.0001,30,1.73465688417164e-05,0.00841899129540031,1.68021537013102,1
103,5,41,0.0001,60,0.00142146720739633,0.0237579133820666,10.3200544534141,1
103,5,41,0.0001,120,0.0267393437771632,0.0484675460059829,70.0789037415827,1
103,5,61,0.0001,30,0.000213705600076671,0.00340441346533321,1.68021537013102,1
103,5,61,0.0001,60,0.00158504227190164,0.0345019430547244,10.3200544534141,1
103,5,61,0.0001,120,5.97776037852194,7.49016743837919,70.0789037415827,1
103,6,41,1e-08,30,0.000735892163077245,0.00075531436342799,0.000511393838153745,1
103,6,41,1e-08,60,0.00177263366903869,0.00189517186132168,0.00188882742211014,1
103,6,41,1e-08,120,0.00434938279721242,0.00483460100095603,0.00965274561946435,1
103,6,61,1e-08,30,1.52757551594131e-06,0.000536755591207156,0.000511393838153745,1
103,6,61,1e-08,60,1.43060965985304e-05,0.00224886232425676,0.00188882742211014,1
103,6,61,1e-08,120,0.000267196865833991,0.00782508336115744,0.00965274561946435,1
103,6,41,1e-06,30,0.00021022546218256,0.00075531436342799,0.0175581569974071,1
103,6,41,1e-06,60,0.00030376052466131,0.00189517186132168,0.105439709753164,1
103,6,41,1e-06,120,0.000295304282617832,0.00483460100095603,0.70847130360818,1
103,6,61,1e-06,30,0.000196546019460902,0.000536755591207156,0.0175581569974071,1
103,6,61,1e-06,60,0.000733088387944912,0.00224886232425676,0.105439709753164,1
103,6,61,1e-06,120,0.00367949979486387,0.00782508336115744,0.70847130360818,1
103,6,41,0.0001,30,0.000177291267781413,0.00075531436342799,1.68021537013102,1
103,6,41,0.0001,60,0.000230926967434596,0.00189517186132168,10.3200544534141,1
103,6,41,0.0001,120,0.000165257122268439,0.00483460100095603,70.0789037415827,1
103,6,61,0.0001,30,0.000229538875559185,0.000536755591207156,1.68021537013102,1
103,6,61,0.0001,60,0.000853588027688269,0.00224886232425676,10.3200544534141,1
103,6,61,0.0001,120,0.00420145679209174,0.00782508336115744,70.0789037415827,1
103,7,41,1e-08,30,0.00815597423472933,0.000423484819650874,0.000511393838153745,0
103,7,41,1e-08,60,0.0766455133850048,3.24979511074666e-05,0.00188882742211014,0
103,7,41,1e-08,120,0.457681224928953,0.0025654121787518,0.00965274561946435,0
103,7,61,1e-08,30,0.000146510086981398,0.00133352849210218,0.000511393838153745,1
103,7,61,1e-08,60,0.00014829026254236,0.00141252124114791,0.00188882742211014,1
103,7,61,1e-08,120,0.0208103544753574,0.00191859552634003,0.00965274561946435,1
103,7,41,1e-06,30,0.000893771590582049,0.000423484819650874,0.0175581569974071,1
103,7,41,1e-06,60,0.00897559040604092,3.24979511074666e-05,0.105439709753164,1
103,7,41,1e-06,120,0.0630116672898519,0.0025654121787518,0.70847130360818,1
103,7,61,1e-06,30,8.53557333545004e-05,0.00133352849210218,0.0175581569974071,1
103,7,61,1e-06,60,0.000289093361566824,0.00141252124114791,0.105439709753164,1
103,7,61,1e-06,120,0.0234099784894662,0.00191859552634003,0.70847130360818,1
103,7,41,0.0001,30,0.000228433616184578,0.000423484819650874,1.68021537013102,1
103,7,41,0.0001,60,0.00431352673701832,3.24979511074666e-05,10.3200544534141,1
103,7,41,0.0001,120,0.037403091871302,0.0025654121787518,70.0789037415827,1
103,7,61,0.0001,30,8.06170780121746e-05,0.00133352849210218,1.68021537013102,1
103,7,61,0.0001,60,0.000306054378713628,0.00141252124114791,10.3200544534141,1
103,7,61,0.0001,120,0.0237030533511856,0.00191859552634003,70.0789037415827,1
103,8,41,1e-08,30,0.00157246893928338,0.0265920883657228,0.000511393838153745,1
103,8,41,1e-08,60,0.0224920108693975,0.0646366671490782,0.00188882742211014,0
103,8,41,1e-08,120,0.438773357251426,0.0209619205845536,0.00965274561946435,0
103,8,61,1e-08,30,0.0100406890653926,0.0901192344414996,0.000511393838153745,0
103,8,61,1e-08,60,0.109890881484935,0.228814533386562,0.00188882742211014,0
103,8,61,1e-08,120,1.68753787694141,0.108685073392797,0.00965274561946435,0
103,8,41,1e-06,30,0.00167339804519625,0.0265920883657228,0.0175581569974071,1
103,8,41,1e-06,60,0.0236639913228775,0.0646366671490782,0.105439709753164,1
103,8,41,1e-06,120,0.450868064929224,0.0209619205845536,0.70847130360818,1
103,8,61,1e-06,30,0.00879108031753053,0.0901192344414996,0.0175581569974071,1
103,8,61,1e-06,60,0.0957596132216455,0.228814533386562,0.105439709753164,1
103,8,61,1e-06,120,1.55200602526993,0.108685073392797,0.70847130360818,1
103,8,41,0.0001,30,0.00182282807272162,0.0265920883657228,1.68021537013102,1
103,8,41,0.0001,60,0.0247416306912991,0.0646366671490782,10.3200544534141,1
103,8,41,0.0001,120,0.460068271281328,0.0209619205845536,70.0789037415827,1
103,8,61,0.0001,30,0.00854582134630623,0.0901192344414996,1.68021537013102,1
103,8,61,0.0001,60,0.0942106891765439,0.228814533386562,10.3200544534141,1
103,8,61,0.0001,120,1.53981028909279,0.108685073392797,70.0789037415827,1
103,9,41,1e-08,30,0.306067480731598,1.87687206023404,0.000511393838153745,0
103,9,41,1e-08,60,0.17234855721216,2.18773015331429,0.00188882742211014,0
103,9,41,1e-08,120,6.02141593603836,2.54520579982451,0.00965274561946435,0
103,9,61,1e-08,30,0.0425992761558585,0.104439666550062,0.000511393838153745,0
103,9,61,1e-08,60,0.130628236784359,0.404586349791338,0.00188882742211014,0
103,9,61,1e-08,120,0.233364049905375,1.15232542831522,0.00965274561946435,0
103,9,41,1e-06,30,0.316320660660671,1.87687206023404,0.0175581569974071,0
103,9,41,1e-06,60,5.73175694736297,2.18773015331429,0.105439709753164,0
103,9,41,1e-06,120,0.0153173316015452,2.54520579982451,0.70847130360818,1
103,9,61,1e-06,30,0.00150832804393111,0.104439666550062,0.0175581569974071,1
103,9,61,1e-06,60,0.00438655859242694,0.404586349791338,0.105439709753164,1
103,9,61,1e-06,120,0.00454106538191729,1.15232542831522,0.70847130360818,1
103,9,41,0.0001,30,0.377204903287021,1.87687206023404,1.68021537013102,1
103,9,41,0.0001,60,6.19666220607772,2.18773015331429,10.3200544534141,1
103,9,41,0.0001,120,0.00340434776305602,2.54520579982451,70.0789037415827,1
103,9,61,0.0001,30,0.00105379474523005,0.104439666550062,1.68021537013102,1
103,9,61,0.0001,60,0.0029856133350344,0.404586349791338,10.3200544534141,1
103,9,61,0.0001,120,0.00799386909279465,1.15232542831522,70.0789037415827,1
103,10,41,1e-08,30,0.336452939765474,0.455359552163942,0.000511393838153745,0
103,10,41,1e-08,60,3.7997466733449,0.745065778048697,0.00188882742211014,0
103,10,41,1e-08,120,1.65230264557669,0.864776205555421,0.00965274561946435,0
103,10,61,1e-08,30,0.00053028286450279,0.0466034399770713,0.000511393838153745,1
103,10,61,1e-08,60,0.0254557338022113,0.0886455688144382,0.00188882742211014,0
103,10,61,1e-08,120,0.0876738876832522,0.476167819731071,0.00965274561946435,0
103,10,41,1e-06,30,3.69424423877308,0.455359552163942,0.0175581569974071,0
103,10,41,1e-06,60,3.76989701228752,0.745065778048697,0.105439709753164,0
103,10,41,1e-06,120,9.46047916989624,0.864776205555421,0.70847130360818,0
103,10,61,1e-06,30,0.0779066198032551,0.0466034399770713,0.0175581569974071,0
103,10,61,1e-06,60,0.482339137466272,0.0886455688144382,0.105439709753164,0
103,10,61,1e-06,120,1.68138026471679,0.476167819731071,0.70847130360818,1
103,10,41,0.0001,30,3.99607583805592,0.455359552163942,1.68021537013102,1
103,10,41,0.0001,60,3.23494785523075,0.745065778048697,10.3200544534141,1
103,10,41,0.0001,120,7.8437228181176,0.864776205555421,70.0789037415827,1
103,10,61,0.0001,30,0.0858304520478357,0.0466034399770713,1.68021537013102,1
103,10,61,0.0001,60,0.518375193520416,0.0886455688144382,10.3200544534141,1
103,10,61,0.0001,120,1.81012283941456,0.476167819731071,70.0789037415827,1
103,11,41,1e-08,30,0.00643993760967244,6.41367911163835,0.000511393838153745,0
103,11,41,1e-08,60,0.701188360989244,0.00653018740625276,0.00188882742211014,0
103,11,41,1e-08,120,3.47331090800786,9.26350105329221,0.00965274561946435,0
103,11,61,1e-08,30,0.00157923662894003,0.000585113586686913,0.000511393838153745,1
103,11,61,1e-08,60,0.00859021879791758,0.000680811529318352,0.00188882742211014,0
103,11,61,1e-08,120,3.94552735268297,4.90536158138706,0.00965274561946435,0
103,11,41,1e-06,30,1.1423240947821,6.41367911163835,0.0175581569974071,0
103,11,41,1e-06,60,0.970617952291298,0.00653018740625276,0.105439709753164,0
103,11,41,1e-06,120,1.56221216122744,9.26350105329221,0.70847130360818,1
103,11,61,1e-06,30,4.90686524215844e-05,0.000585113586686913,0.0175581569974071,1
103,11,61,1e-06,60,0.00129174364239258,0.000680811529318352,0.105439709753164,1
103,11,61,1e-06,120,4.37267216543633,4.90536158138706,0.70847130360818,0
103,11,41,0.0001,30,0.892363669856876,6.41367911163835,1.68021537013102,1
103,11,41,0.0001,60,0.565220832695951,0.00653018740625276,10.3200544534141,1
103,11,41,0.0001,120,2.89597653322864,9.26350105329221,70.0789037415827,1
103,11,61,0.0001,30,1.43484989990138e-05,0.000585113586686913,1.68021537013102,1
103,11,61,0.0001,60,0.000891492474775566,0.000680811529318352,10.3200544534141,1
103,11,61,0.0001,120,4.42222417650291,4.90536158138706,70.0789037415827,1
103,12,41,1e-08,30,0.00319384544782657,0.00157995782092507,0.000511393838153745,0
103,12,41,1e-08,60,0.0101428172319039,0.00631849699550011,0.00188882742211014,0
103,12,41,1e-08,120,0.0663561622551504,0.00818646504002499,0.00965274561946435,0
103,12,61,1e-08,30,0.000645046727251737,0.00162278853930744,0.000511393838153745,1
103,12,61,1e-08,60,0.00104699025623464,0.00395968131472377,0.00188882742211014,1
103,12,61,1e-08,120,0.00291313576078987,0.0134345771871096,0.00965274561946435,1
103,12,41,1e-06,30,7.12090608775738e-05,0.00157995782092507,0.0175581569974071,1
103,12,41,1e-06,60,0.00027381849247667,0.00631849699550011,0.105439709753164,1
103,12,41,1e-06,120,0.0102527294591434,0.00818646504002499,0.70847130360818,1
103,12,61,1e-06,30,0.000338483359252083,0.00162278853930744,0.0175581569974071,1
103,12,61,1e-06,60,0.000363794889037003,0.00395968131472377,0.105439709753164,1
103,12,61,1e-06,120,0.000790830897984155,0.0134345771871096,0.70847130360818,1
103,12,41,0.0001,30,4.47240656477301e-05,0.00157995782092507,1.68021537013102,1
103,12,41,0.0001,60,0.000179027974864508,0.00631849699550011,10.3200544534141,1
103,12,41,0.0001,120,0.00907364065626359,0.00818646504002499,70.0789037415827,1
103,12,61,0.0001,30,0.000303233401729507,0.00162278853930744,1.68021537013102,1
103,12,61,0.0001,60,0.000295309495011599,0.00395968131472377,10.3200544534141,1
103,12,61,0.0001,120,0.00059652417875299,0.0134345771871096,70.0789037415827,1
103,13,41,1e-08,30,0.000117855876206829,0.00494136245396783,0.000511393838153745,1
103,13,41,1e-08,60,0.0021351401759356,0.0140373106969001,0.00188882742211014,1
103,13,41,1e-08,120,0.0326253669326473,0.0228412830337412,0.00965274561946435,1
103,13,61,1e-08,30,6.82940931884277,6.33011582251596,0.000511393838153745,0
103,13,61,1e-08,60,7.43357281392126,6.40274109913846,0.00188882742211014,0
103,13,61,1e-08,120,8.73558264256375,6.56385961620902,0.00965274561946435,0
103,13,41,1e-06,30,0.000107783469666895,0.00494136245396783,0.0175581569974071,1
103,13,41,1e-06,60,1.00425577669129e-06,0.0140373106969001,0.105439709753164,1
103,13,41,1e-06,120,0.00765356101749999,0.0228412830337412,0.70847130360818,1
103,13,61,1e-06,30,6.62735881233904,6.33011582251596,0.0175581569974071,0
103,13,61,1e-06,60,7.00493836550452,6.40274109913846,0.105439709753164,0
103,13,61,1e-06,120,7.80742878966774,6.56385961620902,0.70847130360818,0
103,13,41,0.0001,30,0.000198628121613313,0.00494136245396783,1.68021537013102,1
103,13,41,0.0001,60,3.69716196011381e-05,0.0140373106969001,10.3200544534141,1
103,13,41,0.0001,120,0.00542584019972601,0.0228412830337412,70.0789037415827,1
103,13,61,0.0001,30,6.60520101188778,6.33011582251596,1.68021537013102,0
103,13,61,0.0001,60,6.96184904324119,6.40274109913846,10.3200544534141,1
103,13,61,0.0001,120,7.71913730914689,6.56385961620902,70.0789037415827,1
103,14,41,1e-08,30,0.0694238009986315,0.182834283987597,0.000511393838153745,0
103,14,41,1e-08,60,0.0522830994692405,0.436962305611232,0.00188882742211014,0
103,14,41,1e-08,120,0.326460795892966,0.158043405972052,0.00965274561946435,0
103,14,61,1e-08,30,0.000101662850792236,0.000123365038712314,0.000511393838153745,1
103,14,61,1e-08,60,0.0013170745853491,0.000322113122371961,0.00188882742211014,1
103,14,61,1e-08,120,0.00501789831149216,0.00245029053845758,0.00965274561946435,1
103,14,41,1e-06,30,0.0037475060241078,0.182834283987597,0.0175581569974071,1
103,14,41,1e-06,60,0.00519696107184813,0.436962305611232,0.105439709753164,1
103,14,41,1e-06,120,1.14290657963997,0.158043405972052,0.70847130360818,1
103,14,61,1e-06,30,0.00198544277925822,0.000123365038712314,0.0175581569974071,1
103,14,61,1e-06,60,0.00878195616475047,0.000322113122371961,0.105439709753164,1
103,14,61,1e-06,120,0.0303274626659308,0.00245029053845758,0.70847130360818,1
103,14,41,0.0001,30,0.00443854684263403,0.182834283987597,1.68021537013102,1
103,14,41,0.0001,60,0.00370995606057452,0.436962305611232,10.3200544534141,1
103,14,41,0.0001,120,1.09482226334429,0.158043405972052,70.0789037415827,1
103,14,61,0.0001,30,0.00222624085747368,0.000123365038712314,1.68021537013102,1
103,14,61,0.0001,60,0.00972908155157057,0.000322113122371961,10.3200544534141,1
103,14,61,0.0001,120,0.0337348027891288,0.00245029053845758,70.0789037415827,1
103,15,41,1e-08,30,0.494249988558996,0.124315865442583,0.000511393838153745,0
103,15,41,1e-08,60,0.983537399872532,0.0857833673035449,0.00188882742211014,0
103,15,41,1e-08,120,1.90857509548009,0.000199900034941445,0.00965274561946435,0
103,15,61,1e-08,30,1.1889109172399,0.0353548872885497,0.000511393838153745,0
103,15,61,1e-08,60,4.72087710111925,0.0792486717030096,0.00188882742211014,0
103,15,61,1e-08,120,3.57890719933242,0.171910576863115,0.00965274561946435,0
103,15,41,1e-06,30,0.388362749956796,0.124315865442583,0.0175581569974071,0
103,15,41,1e-06,60,0.694275531051202,0.0857833673035449,0.105439709753164,0
103,15,41,1e-06,120,1.13568955303956,0.000199900034941445,0.70847130360818,1
103,15,61,1e-06,30,0.00129079338337349,0.0353548872885497,0.0175581569974071,1
103,15,61,1e-06,60,0.00011975349694168,0.0792486717030096,0.105439709753164,1
103,15,61,1e-06,120,0.0251349683567237,0.171910576863115,0.70847130360818,1
103,15,41,0.0001,30,0.377701923095639,0.124315865442583,1.68021537013102,1
103,15,41,0.0001,60,0.667257652004411,0.0857833673035449,10.3200544534141,1
103,15,41,0.0001,120,1.06872715213444,0.000199900034941445,70.0789037415827,1
103,15,61,0.0001,30,0.019512620081808,0.0353548872885497,1.68021537013102,1
103,15,61,0.0001,60,0.0342086922779796,0.0792486717030096,10.3200544534141,1
103,15,61,0.0001,120,0.0491230889809988,0.171910576863115,70.0789037415827,1
103,16,41,1e-08,30,0.187476764700961,0.00322258544453786,0.000511393838153745,0
103,16,41,1e-08,60,0.522747395653779,0.000722736421057309,0.00188882742211014,0
103,16,41,1e-08,120,2.02497511427665,0.00758038603256193,0.00965274561946435,0
103,16,61,1e-08,30,0.0109865534903306,0.0168741632749236,0.000511393838153745,0
103,16,61,1e-08,60,0.00263560544462157,0.0156181055336639,0.00188882742211014,1
103,16,61,1e-08,120,0.202169555046306,0.000848635868824842,0.00965274561946435,0
103,16,41,1e-06,30,0.041086139316667,0.00322258544453786,0.0175581569974071,1
103,16,41,1e-06,60,0.100762236778117,0.000722736421057309,0.105439709753164,1
103,16,41,1e-06,120,0.444685586002299,0.00758038603256193,0.70847130360818,1
103,16,61,1e-06,30,0.235164926083348,0.0168741632749236,0.0175581569974071,0
103,16,61,1e-06,60,1.23023608664016,0.0156181055336639,0.105439709753164,0
103,16,61,1e-06,120,5.97112641114365,0.000848635868824842,0.70847130360818,0
103,16,41,0.0001,30,0.0386738194878534,0.00322258544453786,1.68021537013102,1
103,16,41,0.0001,60,0.0940329671288435,0.000722736421057309,10.3200544534141,1
103,16,41,0.0001,120,0.418066257626763,0.00758038603256193,70.0789037415827,1
103,16,61,0.0001,30,0.262742030592621,0.0168741632749236,1.68021537013102,1
103,16,61,0.0001,60,1.34569911113237,0.0156181055336639,10.3200544534141,1
103,16,61,0.0001,120,6.45640412236259,0.000848635868824842,70.0789037415827,1
103,17,41,1e-08,30,0.00322707152025901,0.0381461243264804,0.000511393838153745,0
103,17,41,1e-08,60,0.0327369896348985,0.0869768177268479,0.00188882742211014,0
103,17,41,1e-08,120,1.81767600605836,0.18053278054967,0.00965274561946435,0
103,17,61,1e-08,30,0.0415414307932324,0.0164712934924124,0.000511393838153745,0
103,17,61,1e-08,60,0.157842818684679,0.0379503811370952,0.00188882742211014,0
103,17,61,1e-08,120,1.11446412674475,0.00317100078861465,0.00965274561946435,0
103,17,41,1e-06,30,0.000700385791303613,0.0381461243264804,0.0175581569974071,1
103,17,41,1e-06,60,0.00178921338952892,0.0869768177268479,0.105439709753164,1
103,17,41,1e-06,120,1.20747724896009,0.18053278054967,0.70847130360818,1
103,17,61,1e-06,30,0.00454647039016099,0.0164712934924124,0.0175581569974071,1
103,17,61,1e-06,60,0.0384535825279559,0.0379503811370952,0.105439709753164,1
103,17,61,1e-06,120,0.525430028691828,0.00317100078861465,0.70847130360818,1
103,17,41,0.0001,30,0.000755545109085063,0.0381461243264804,1.68021537013102,1
103,17,41,0.0001,60,0.00165839183623065,0.0869768177268479,10.3200544534141,1
103,17,41,0.0001,120,1.20158919809874,0.18053278054967,70.0789037415827,1
103,17,61,0.0001,30,0.00467938448153622,0.0164712934924124,1.68021537013102,1
103,17,61,0.0001,60,0.0394731949347241,0.0379503811370952,10.3200544534141,1
103,17,61,0.0001,120,0.533859397333052,0.00317100078861465,70.0789037415827,1
103,18,41,1e-08,30,0.0033757118662611,0.0410781037781857,0.000511393838153745,0
103,18,41,1e-08,60,0.00726739368787956,0.218305797631867,0.00188882742211014,0
103,18,41,1e-08,120,0.451602310169573,3.2685038595747,0.00965274561946435,0
103,18,61,1e-08,30,0.417454025491073,0.634334972229509,0.000511393838153745,0
103,18,61,1e-08,60,1.55834546650011,2.4864571831006,0.00188882742211014,0
103,18,61,1e-08,120,1.18564980181452,3.14610428582655,0.00965274561946435,0
103,18,41,1e-06,30,0.0270323109495357,0.0410781037781857,0.0175581569974071,1
103,18,41,1e-06,60,0.0715135543212664,0.218305797631867,0.105439709753164,1
103,18,41,1e-06,120,0.114330858527642,3.2685038595747,0.70847130360818,1
103,18,61,1e-06,30,0.254069090668399,0.634334972229509,0.0175581569974071,0
103,18,61,1e-06,60,0.983300337430638,2.4864571831006,0.105439709753164,0
103,18,61,1e-06,120,0.363389046222948,3.14610428582655,0.70847130360818,1
103,18,41,0.0001,30,0.0292027839030149,0.0410781037781857,1.68021537013102,1
103,18,41,0.0001,60,0.0783466588946462,0.218305797631867,10.3200544534141,1
103,18,41,0.0001,120,0.0983582228611004,3.2685038595747,70.0789037415827,1
103,18,61,0.0001,30,0.251907312518808,0.634334972229509,1.68021537013102,1
103,18,61,0.0001,60,0.975650242393144,2.4864571831006,10.3200544534141,1
103,18,61,0.0001,120,0.354644993056373,3.14610428582655,70.0789037415827,1
103,19,41,1e-08,30,0.00291468047115039,0.0170141218479939,0.000511393838153745,0
103,19,41,1e-08,60,0.0212755315726764,0.088949685799827,0.00188882742211014,0
103,19,41,1e-08,120,0.0566606697725722,0.294071049941522,0.00965274561946435,0
103,19,61,1e-08,30,0.439261982564449,0.0233436882255366,0.000511393838153745,0
103,19,61,1e-08,60,1.37099591196308,0.0845720206869074,0.00188882742211014,0
103,19,61,1e-08,120,5.3248755248517,0.199313365252091,0.00965274561946435,0
103,19,41,1e-06,30,0.00427722358438913,0.0170141218479939,0.0175581569974071,1
103,19,41,1e-06,60,0.0283176371002303,0.088949685799827,0.105439709753164,1
103,19,41,1e-06,120,0.0797841767125754,0.294071049941522,0.70847130360818,1
103,19,61,1e-06,30,0.0749007504433663,0.0233436882255366,0.0175581569974071,0
103,19,61,1e-06,60,0.291308088821816,0.0845720206869074,0.105439709753164,1
103,19,61,1e-06,120,0.905178923651166,0.199313365252091,0.70847130360818,1
103,19,41,0.0001,30,0.00448364492974811,0.0170141218479939,1.68021537013102,1
103,19,41,0.0001,60,0.0293400240354569,0.088949685799827,10.3200544534141,1
103,19,41,0.0001,120,0.0831597925630361,0.294071049941522,70.0789037415827,1
103,19,61,0.0001,30,0.0997748486679933,0.0233436882255366,1.68021537013102,1
103,19,61,0.0001,60,0.380759371457273,0.0845720206869074,10.3200544534141,1
103,19,61,0.0001,120,1.20781846429,0.199313365252091,70.0789037415827,1
103,20,41,1e-08,30,0.000617863875752121,0.0148861515729373,0.000511393838153745,1
103,20,41,1e-08,60,0.00161639329704812,0.0252745832781912,0.00188882742211014,1
103,20,41,1e-08,120,0.0282372358592186,0.0553234409531119,0.00965274561946435,1
103,20,61,1e-08,30,0.0630649581837705,0.0349447583322298,0.000511393838153745,0
103,20,61,1e-08,60,0.28350552226093,0.165480807632759,0.00188882742211014,0
103,20,61,1e-08,120,0.905447889002206,0.494149291732304,0.00965274561946435,0
103,20,41,1e-06,30,3.49265953403305e-05,0.0148861515729373,0.0175581569974071,1
103,20,41,1e-06,60,0.00538005614849118,0.0252745832781912,0.105439709753164,1
103,20,41,1e-06,120,0.0527064317287949,0.0553234409531119,0.70847130360818,1
103,20,61,1e-06,30,0.0606342553413947,0.0349447583322298,0.0175581569974071,1
103,20,61,1e-06,60,0.275805796498494,0.165480807632759,0.105439709753164,1
103,20,61,1e-06,120,0.88263000680704,0.494149291732304,0.70847130360818,1
103,20,41,0.0001,30,3.06694247111637e-05,0.0148861515729373,1.68021537013102,1
103,20,41,0.0001,60,0.00547054259657102,0.0252745832781912,10.3200544534141,1
103,20,41,0.0001,120,0.0532122548673318,0.0553234409531119,70.0789037415827,1
103,20,61,0.0001,30,0.0591697416552421,0.0349447583322298,1.68021537013102,1
103,20,61,0.0001,60,0.269793944339981,0.165480807632759,10.3200544534141,1
103,20,61,0.0001,120,0.861559068342912,0.494149291732304,70.0789037415827,1
104,1,41,1e-08,30,4.07672145366861e-06,0.0219491261257631,0.000511393838153745,1
104,1,41,1e-08,60,0.114141410573649,0.00388372675029603,0.00188882742211014,0
104,1,41,1e-08,120,4.28503760582782,2.38328820346806,0.00965274561946435,0
104,1,61,1e-08,30,0.192856316501731,0.000515087546435742,0.000511393838153745,0
104,1,61,1e-08,60,0.691117099730708,0.0192848400113454,0.00188882742211014,0
104,1,61,1e-08,120,0.674962470294222,0.178857847472212,0.00965274561946435,0
104,1,41,1e-06,30,0.0230602507279249,0.0219491261257631,0.0175581569974071,1
104,1,41,1e-06,60,0.440399883846589,0.00388372675029603,0.105439709753164,0
104,1,41,1e-06,120,7.54982065759068,2.38328820346806,0.70847130360818,0
104,1,61,1e-06,30,0.0106895220449185,0.000515087546435742,0.0175581569974071,1
104,1,61,1e-06,60,0.0903203692073296,0.0192848400113454,0.105439709753164,1
104,1,61,1e-06,120,0.00986332514849836,0.178857847472212,0.70847130360818,1
104,1,41,0.0001,30,0.0307771539336573,0.0219491261257631,1.68021537013102,1
104,1,41,0.0001,60,0.503403061384403,0.00388372675029603,10.3200544534141,1
104,1,41,0.0001,120,8.05529698100539,2.38328820346806,70.0789037415827,1
104,1,61,0.0001,30,0.0180498828561597,0.000515087546435742,1.68021537013102,1
104,1,61,0.0001,60,0.131178545169439,0.0192848400113454,10.3200544534141,1
104,1,61,0.0001,120,0.000562792665621383,0.178857847472212,70.0789037415827,1
104,2,41,1e-08,30,1.44689986183118,0.0236239208747636,0.000511393838153745,0
104,2,41,1e-08,60,4.99996372309308,0.0843167370692138,0.00188882742211014,0
104,2,41,1e-08,120,3.53169272469326,0.21367501517317,0.00965274561946435,0
104,2,61,1e-08,30,0.169725889601297,0.0256988069811431,0.000511393838153745,0
104,2,61,1e-08,60,0.495830898651643,0.159514448929549,0.00188882742211014,0
104,2,61,1e-08,120,1.09808057987435,1.25030244826804,0.00965274561946435,0
104,2,41,1e-06,30,0.114134075507381,0.0236239208747636,0.0175581569974071,0
104,2,41,1e-06,60,0.453157809818295,0.0843167370692138,0.105439709753164,0
104,2,41,1e-06,120,1.54347409800585,0.21367501517317,0.70847130360818,1
104,2,61,1e-06,30,0.00123650067805455,0.0256988069811431,0.0175581569974071,1
104,2,61,1e-06,60,0.023311040524834,0.159514448929549,0.105439709753164,1
104,2,61,1e-06,120,0.394784981207942,1.25030244826804,0.70847130360818,1
104,2,41,0.0001,30,0.211438704626191,0.0236239208747636,1.68021537013102,1
104,2,41,0.0001,60,0.815007633956519,0.0843167370692138,10.3200544534141,1
104,2,41,0.0001,120,2.84669453840835,0.21367501517317,70.0789037415827,1
104,2,61,0.0001,30,0.0036145313703103,0.0256988069811431,1.68021537013102,1
104,2,61,0.0001,60,0.039622987270499,0.159514448929549,10.3200544534141,1
104,2,61,0.0001,120,0.514852390687102,1.25030244826804,70.0789037415827,1
104,3,41,1e-08,30,0.665286396078066,0.0604980602643125,0.000511393838153745,0
104,3,41,1e-08,60,2.92469629052178,0.123323372124508,0.00188882742211014,0
104,3,41,1e-08,120,7.09928037023147,0.195433983621421,0.00965274561946435,0
104,3,61,1e-08,30,0.120213714202952,0.0412702077746761,0.000511393838153745,0
104,3,61,1e-08,60,0.495003519061106,0.0877557356384727,0.00188882742211014,0
104,3,61,1e-08,120,1.70399301139933,0.353184415574328,0.00965274561946435,0
104,3,41,1e-06,30,0.180453660258032,0.0604980602643125,0.0175581569974071,0
104,3,41,1e-06,60,0.974684012856203,0.123323372124508,0.105439709753164,0
104,3,41,1e-06,120,4.98049577237954,0.195433983621421,0.70847130360818,0
104,3,61,1e-06,30,0.133670088370042,0.0412702077746761,0.0175581569974071,0
104,3,61,1e-06,60,0.392636832478295,0.0877557356384727,0.105439709753164,1
104,3,61,1e-06,120,1.58883646924774,0.353184415574328,0.70847130360818,1
104,3,41,0.0001,30,0.162566515759057,0.0604980602643125,1.68021537013102,1
104,3,41,0.0001,60,0.897019196232274,0.123323372124508,10.3200544534141,1
104,3,41,0.0001,120,4.64169253428165,0.195433983621421,70.0789037415827,1
104,3,61,0.0001,30,0.160421833988806,0.0412702077746761,1.68021537013102,1
104,3,61,0.0001,60,0.477543800278749,0.0877557356384727,10.3200544534141,1
104,3,61,0.0001,120,1.91537075433503,0.353184415574328,70.0789037415827,1
104,4,41,1e-08,30,0.000204158421292544,0.00300561036928202,0.000511393838153745,1
104,4,41,1e-08,60,0.00687053641805439,0.0378582879390154,0.00188882742211014,1
104,4,41,1e-08,120,0.257807213980177,0.580228323588722,0.00965274561946435,0
104,4,61,1e-08,30,0.297012286636706,0.000114275291193331,0.000511393838153745,0
104,4,61,1e-08,60,1.07199825934027,0.00966281647562781,0.00188882742211014,0
104,4,61,1e-08,120,3.14185368168891,0.00527983823399833,0.00965274561946435,0
104,4,41,1e-06,30,0.00343156592483857,0.00300561036928202,0.0175581569974071,1
104,4,41,1e-06,60,0.00105808066232981,0.0378582879390154,0.105439709753164,1
104,4,41,1e-06,120,0.0943918607410831,0.580228323588722,0.70847130360818,1
104,4,61,1e-06,30,0.0218361623875144,0.000114275291193331,0.0175581569974071,1
104,4,61,1e-06,60,0.0319488986144238,0.00966281647562781,0.105439709753164,1
104,4,61,1e-06,120,0.234549076133651,0.00527983823399833,0.70847130360818,1
104,4,41,0.0001,30,0.00335966560751593,0.00300561036928202,1.68021537013102,1
104,4,41,0.0001,60,0.000961174702540198,0.0378582879390154,10.3200544534141,1
104,4,41,0.0001,120,0.0964566401395422,0.580228323588722,70.0789037415827,1
104,4,61,0.0001,30,0.0209605459120403,0.000114275291193331,1.68021537013102,1
104,4,61,0.0001,60,0.0288668616700694,0.00966281647562781,10.3200544534141,1
104,4,61,0.0001,120,0.215081386949336,0.00527983823399833,70.0789037415827,1
104,5,41,1e-08,30,0.000714248018167545,0.00397312579039813,0.000511393838153745,1
104,5,41,1e-08,60,0.0150534281221499,0.00289501200383044,0.00188882742211014,0
104,5,41,1e-08,120,0.0443844927934688,0.019404657362663,0.00965274561946435,0
104,5,61,1e-08,30,2.53181888759893,0.12034841443753,0.000511393838153745,0
104,5,61,1e-08,60,2.15393630799605,6.74463837401819,0.00188882742211014,0
104,5,61,1e-08,120,2.24558109716551,7.12087084182854,0.00965274561946435,0
104,5,41,1e-06,30,0.000737314986944455,0.00397312579039813,0.0175581569974071,1
104,5,41,1e-06,60,0.0160264651073635,0.00289501200383044,0.105439709753164,1
104,5,41,1e-06,120,0.0490754578896184,0.019404657362663,0.70847130360818,1
104,5,61,1e-06,30,0.0951652600122045,0.12034841443753,0.0175581569974071,0
104,5,61,1e-06,60,1.61905479649481,6.74463837401819,0.105439709753164,0
104,5,61,1e-06,120,0.905584582925386,7.12087084182854,0.70847130360818,1
104,5,41,0.0001,30,0.000754176203913565,0.00397312579039813,1.68021537013102,1
104,5,41,0.0001,60,0.0161760235683923,0.00289501200383044,10.3200544534141,1
104,5,41,0.0001,120,0.0495865291968773,0.019404657362663,70.0789037415827,1
104,5,61,0.0001,30,0.123645297939111,0.12034841443753,1.68021537013102,1
104,5,61,0.0001,60,1.43955688839912,6.74463837401819,10.3200544534141,1
104,5,61,0.0001,120,0.672552447028218,7.12087084182854,70.0789037415827,1
104,6,41,1e-08,30,0.0970696324772321,0.00111561465808116,0.000511393838153745,0
104,6,41,1e-08,60,0.531529318517915,0.0443350646446649,0.00188882742211014,0
104,6,41,1e-08,120,3.51656092105812,8.26238299929589,0.00965274561946435,0
104,6,61,1e-08,30,2.32718219695457,0.959008342698376,0.000511393838153745,0
104,6,61,1e-08,60,7.31075242877834,3.30696464731101,0.00188882742211014,0
104,6,61,1e-08,120,3.52156094219518,8.08288845498488,0.00965274561946435,0
104,6,41,1e-06,30,0.0202943012156774,0.00111561465808116,0.0175581569974071,1
104,6,41,1e-06,60,0.183157184342827,0.0443350646446649,0.105439709753164,1
104,6,41,1e-06,120,5.95516855399051,8.26238299929589,0.70847130360818,0
104,6,61,1e-06,30,0.0869568608240378,0.959008342698376,0.0175581569974071,0
104,6,61,1e-06,60,0.192556623446822,3.30696464731101,0.105439709753164,1
104,6,61,1e-06,120,0.00529581049441604,8.08288845498488,0.70847130360818,1
104,6,41,0.0001,30,0.0202091994662023,0.00111561465808116,1.68021537013102,1
104,6,41,0.0001,60,0.183242872742862,0.0443350646446649,10.3200544534141,1
104,6,41,0.0001,120,5.95078505364488,8.26238299929589,70.0789037415827,1
104,6,61,0.0001,30,0.0486859318805898,0.959008342698376,1.68021537013102,1
104,6,61,0.0001,60,0.0906673471356687,3.30696464731101,10.3200544534141,1
104,6,61,0.0001,120,0.0368118476189677,8.08288845498488,70.0789037415827,1
104,7,41,1e-08,30,0.0780768135459859,0.0289099616745104,0.000511393838153745,0
104,7,41,1e-08,60,0.227298876186085,0.149600756903235,0.00188882742211014,0
104,7,41,1e-08,120,0.921701951900855,0.826118534647242,0.00965274561946435,0
104,7,61,1e-08,30,0.419853319516727,0.0637134507634338,0.000511393838153745,0
104,7,61,1e-08,60,1.28276904592758,0.374297110213899,0.00188882742211014,0
104,7,61,1e-08,120,1.4242299221898,0.178181329317144,0.00965274561946435,0
104,7,41,1e-06,30,0.0157443160607045,0.0289099616745104,0.0175581569974071,1
104,7,41,1e-06,60,0.0900925259602336,0.149600756903235,0.105439709753164,1
104,7,41,1e-06,120,0.544837830544742,0.826118534647242,0.70847130360818,1
104,7,61,1e-06,30,0.0167052173889023,0.0637134507634338,0.0175581569974071,1
104,7,61,1e-06,60,0.133868247444184,0.374297110213899,0.105439709753164,1
104,7,61,1e-06,120,0.00480332658204334,0.178181329317144,0.70847130360818,1
104,7,41,0.0001,30,0.0332864178564465,0.0289099616745104,1.68021537013102,1
104,7,41,0.0001,60,0.169453841783215,0.149600756903235,10.3200544534141,1
104,7,41,0.0001,120,0.919054581221518,0.826118534647242,70.0789037415827,1
104,7,61,0.0001,30,0.0304790213431885,0.0637134507634338,1.68021537013102,1
104,7,61,0.0001,60,0.20806671258214,0.374297110213899,10.3200544534141,1
104,7,61,0.0001,120,0.0122801998094078,0.178181329317144,70.0789037415827,1
104,8,41,1e-08,30,0.00676557005540125,0.00701228008025441,0.000511393838153745,0
104,8,41,1e-08,60,0.0474902678932068,0.0242115785016667,0.00188882742211014,0
104,8,41,1e-08,120,0.0952866094944761,0.230303803384651,0.00965274561946435,0
104,8,61,1e-08,30,0.483346890541793,2.51388352472624,0.000511393838153745,0
104,8,61,1e-08,60,0.0248252595207367,2.64188179809785,0.00188882742211014,0
104,8,61,1e-08,120,4.87741849735938,1.84897450933059,0.00965274561946435,0
104,8,41,1e-06,30,0.0073451097242764,0.00701228008025441,0.0175581569974071,1
104,8,41,1e-06,60,0.0337788558840909,0.0242115785016667,0.105439709753164,1
104,8,41,1e-06,120,0.0397552250352129,0.230303803384651,0.70847130360818,1
104,8,61,1e-06,30,0.326209609281446,2.51388352472624,0.0175581569974071,0
104,8,61,1e-06,60,0.165198540755822,2.64188179809785,0.105439709753164,1
104,8,61,1e-06,120,7.32772825487069,1.84897450933059,0.70847130360818,0
104,8,41,0.0001,30,0.0117794196379056,0.00701228008025441,1.68021537013102,1
104,8,41,0.0001,60,0.0524195340445963,0.0242115785016667,10.3200544534141,1
104,8,41,0.0001,120,0.0836464239097034,0.230303803384651,70.0789037415827,1
104,8,61,0.0001,30,0.271152103643148,2.51388352472624,1.68021537013102,1
104,8,61,0.0001,60,0.254269546509023,2.64188179809785,10.3200544534141,1
104,8,61,0.0001,120,8.40735257034816,1.84897450933059,70.0789037415827,1
104,9,41,1e-08,30,1.33054859997278,3.22312943458007,0.000511393838153745,0
104,9,41,1e-08,60,0.424792399240885,3.15162630030958,0.00188882742211014,0
104,9,41,1e-08,120,0.127072415112942,2.99450517633501,0.00965274561946435,0
104,9,61,1e-08,30,0.0352738031431998,0.0114009242070027,0.000511393838153745,0
104,9,61,1e-08,60,0.11492739161935,0.0344591973714239,0.00188882742211014,0
104,9,61,1e-08,120,0.107071604590034,0.000850396715311158,0.00965274561946435,0
104,9,41,1e-06,30,5.94054034587048,3.22312943458007,0.0175581569974071,0
104,9,41,1e-06,60,9.43791546137485,3.15162630030958,0.105439709753164,0
104,9,41,1e-06,120,3.78784978275027,2.99450517633501,0.70847130360818,0
104,9,61,1e-06,30,0.0101545536945145,0.0114009242070027,0.0175581569974071,1
104,9,61,1e-06,60,0.0298489485195765,0.0344591973714239,0.105439709753164,1
104,9,61,1e-06,120,6.66651377850708e-06,0.000850396715311158,0.70847130360818,1
104,9,41,0.0001,30,6.49089858268074,3.22312943458007,1.68021537013102,0
104,9,41,0.0001,60,9.01759829278967,3.15162630030958,10.3200544534141,1
104,9,41,0.0001,120,2.37973705153845,2.99450517633501,70.0789037415827,1
104,9,61,0.0001,30,0.00876105507324965,0.0114009242070027,1.68021537013102,1
104,9,61,0.0001,60,0.0253680461710106,0.0344591973714239,10.3200544534141,1
104,9,61,0.0001,120,0.000555281331212891,0.000850396715311158,70.0789037415827,1
104,10,41,1e-08,30,0.00157997720953747,0.00148612716330103,0.000511393838153745,1
104,10,41,1e-08,60,0.00386268684972335,0.00385421994537106,0.00188882742211014,1
104,10,41,1e-08,120,0.0116574472191901,0.0121357572049569,0.00965274561946435,1
104,10,61,1e-08,30,0.00316631307906924,4.36012365609382e-05,0.000511393838153745,0
104,10,61,1e-08,60,0.0240685422337092,0.00377005651950126,0.00188882742211014,0
104,10,61,1e-08,120,0.135931528995004,0.0348956826743369,0.00965274561946435,0
104,10,41,1e-06,30,0.000777283160012307,0.00148612716330103,0.0175581569974071,1
104,10,41,1e-06,60,0.00165227103522522,0.00385421994537106,0.105439709753164,1
104,10,41,1e-06,120,0.00451594401650701,0.0121357572049569,0.70847130360818,1
104,10,61,1e-06,30,2.17620145785409e-06,4.36012365609382e-05,0.0175581569974071,1
104,10,61,1e-06,60,0.00202983956467388,0.00377005651950126,0.105439709753164,1
104,10,61,1e-06,120,0.0236911704254226,0.0348956826743369,0.70847130360818,1
104,10,41,0.0001,30,0.000737691145333129,0.00148612716330103,1.68021537013102,1
104,10,41,0.0001,60,0.00154462095426182,0.00385421994537106,10.3200544534141,1
104,10,41,0.0001,120,0.00417316227537987,0.0121357572049569,70.0789037415827,1
104,10,61,0.0001,30,1.03136700428285e-06,4.36012365609382e-05,1.68021537013102,1
104,10,61,0.0001,60,0.00213090195224219,0.00377005651950126,10.3200544534141,1
104,10,61,0.0001,120,0.0244371790737015,0.0348956826743369,70.0789037415827,1
104,11,41,1e-08,30,0.000912105356308809,8.72639131778742e-05,0.000511393838153745,1
104,11,41,1e-08,60,0.00133888473466667,2.18958391431894e-05,0.00188882742211014,1
104,11,41,1e-08,120,0.00264773824152402,0.00121152365672995,0.00965274561946435,1
104,11,61,1e-08,30,0.000662771060978599,0.00179862832264325,0.000511393838153745,1
104,11,61,1e-08,60,0.00610113637524667,0.00341002960845186,0.00188882742211014,1
104,11,61,1e-08,120,0.0351623606700626,0.00734281695164154,0.00965274561946435,1
104,11,41,1e-06,30,0.000103986850628058,8.72639131778742e-05,0.0175581569974071,1
104,11,41,1e-06,60,1.91493350722546e-05,2.18958391431894e-05,0.105439709753164,1
104,11,41,1e-06,120,0.00126798626941303,0.00121152365672995,0.70847130360818,1
104,11,61,1e-06,30,6.26939644191287e-05,0.00179862832264325,0.0175581569974071,1
104,11,61,1e-06,60,0.00178852755413668,0.00341002960845186,0.105439709753164,1
104,11,61,1e-06,120,0.0133894329123036,0.00734281695164154,0.70847130360818,1
104,11,41,0.0001,30,0.000313638917195511,8.72639131778742e-05,1.68021537013102,1
104,11,41,0.0001,60,0.00345741378712363,2.18958391431894e-05,10.3200544534141,1
104,11,41,0.0001,120,0.0204677785510794,0.00121152365672995,70.0789037415827,1
104,11,61,0.0001,30,9.51733763421912e-05,0.00179862832264325,1.68021537013102,1
104,11,61,0.0001,60,0.00211020690593852,0.00341002960845186,10.3200544534141,1
104,11,61,0.0001,120,0.0151229140469156,0.00734281695164154,70.0789037415827,1
104,12,41,1e-08,30,2.35646297741597,6.01172751050573e-07,0.000511393838153745,0
104,12,41,1e-08,60,7.30378237116851,2.61091989724923e-06,0.00188882742211014,0
104,12,41,1e-08,120,1.86708087940916,0.000647572330302353,0.00965274561946435,0
104,12,61,1e-08,30,0.000839982908196521,0.00183826702396011,0.000511393838153745,1
104,12,61,1e-08,60,0.00144529709150022,0.00391314657209402,0.00188882742211014,1
104,12,61,1e-08,120,0.00395088364535214,0.01181247157792,0.00965274561946435,1
104,12,41,1e-06,30,6.0525517829138,6.01172751050573e-07,0.0175581569974071,0
104,12,41,1e-06,60,1.9057907801058,2.61091989724923e-06,0.105439709753164,0
104,12,41,1e-06,120,7.59863613315315,0.000647572330302353,0.70847130360818,0
104,12,61,1e-06,30,0.00125717981138559,0.00183826702396011,0.0175581569974071,1
104,12,61,1e-06,60,0.00228075526942643,0.00391314657209402,0.105439709753164,1
104,12,61,1e-06,120,0.00626125310676975,0.01181247157792,0.70847130360818,1
104,12,41,0.0001,30,5.49771511335842,6.01172751050573e-07,1.68021537013102,1
104,12,41,0.0001,60,2.54040757528178,2.61091989724923e-06,10.3200544534141,1
104,12,41,0.0001,120,9.71870061985542,0.000647572330302353,70.0789037415827,1
104,12,61,0.0001,30,0.00126040725778088,0.00183826702396011,1.68021537013102,1
104,12,61,0.0001,60,0.00228578961078423,0.00391314657209402,10.3200544534141,1
104,12,61,0.0001,120,0.00627187170120724,0.01181247157792,70.0789037415827,1
104,13,41,1e-08,30,4.47910212520118e-05,0.000507106773112385,0.000511393838153745,1
104,13,41,1e-08,60,0.000389365888604759,0.00195261081715513,0.00188882742211014,1
104,13,41,1e-08,120,2.8529461789091,2.42028899756739,0.00965274561946435,0
104,13,61,1e-08,30,0.000931873030888084,0.755352660251801,0.000511393838153745,1
104,13,61,1e-08,60,0.292680354536059,1.05531503010703,0.00188882742211014,0
104,13,61,1e-08,120,7.45139358119611,0.0309254071738866,0.00965274561946435,0
104,13,41,1e-06,30,5.12286694027444e-05,0.000507106773112385,0.0175581569974071,1
104,13,41,1e-06,60,0.000227190706122671,0.00195261081715513,0.105439709753164,1
104,13,41,1e-06,120,2.80280670866332,2.42028899756739,0.70847130360818,0
104,13,61,1e-06,30,0.839171084448998,0.755352660251801,0.0175581569974071,0
104,13,61,1e-06,60,1.27379986810995,1.05531503010703,0.105439709753164,0
104,13,61,1e-06,120,0.148978692536801,0.0309254071738866,0.70847130360818,1
104,13,41,0.0001,30,3.19792068612158e-05,0.000507106773112385,1.68021537013102,1
104,13,41,0.0001,60,0.000147832769316552,0.00195261081715513,10.3200544534141,1
104,13,41,0.0001,120,2.78362772102713,2.42028899756739,70.0789037415827,1
104,13,61,0.0001,30,0.965188794662773,0.755352660251801,1.68021537013102,1
104,13,61,0.0001,60,1.57258330732173,1.05531503010703,10.3200544534141,1
104,13,61,0.0001,120,0.396170789685266,0.0309254071738866,70.0789037415827,1
104,14,41,1e-08,30,0.918879009408937,0.103477271062281,0.000511393838153745,0
104,14,41,1e-08,60,5.52130777402655,0.217206366584324,0.00188882742211014,0
104,14,41,1e-08,120,1.0493723795445,0.394488695415115,0.00965274561946435,0
104,14,61,1e-08,30,0.541876018728875,0.210912194283939,0.000511393838153745,0
104,14,61,1e-08,60,8.63795925610883,8.53415809909444,0.00188882742211014,0
104,14,61,1e-08,120,0.404587471247552,0.00618377439452539,0.00965274561946435,0
104,14,41,1e-06,30,4.89506377335671,0.103477271062281,0.0175581569974071,0
104,14,41,1e-06,60,2.79513008117362,0.217206366584324,0.105439709753164,0
104,14,41,1e-06,120,9.18480641954338,0.394488695415115,0.70847130360818,0
104,14,61,1e-06,30,0.236089266711771,0.210912194283939,0.0175581569974071,0
104,14,61,1e-06,60,8.8578710881634,8.53415809909444,0.105439709753164,0
104,14,61,1e-06,120,0.00107285981512059,0.00618377439452539,0.70847130360818,1
104,14,41,0.0001,30,5.1905211008633,0.103477271062281,1.68021537013102,1
104,14,41,0.0001,60,2.40015026117435,0.217206366584324,10.3200544534141,1
104,14,41,0.0001,120,7.80845970282769,0.394488695415115,70.0789037415827,1
104,14,61,0.0001,30,0.28616906950908,0.210912194283939,1.68021537013102,1
104,14,61,0.0001,60,9.44175071636483,8.53415809909444,10.3200544534141,1
104,14,61,0.0001,120,0.0502729385243324,0.00618377439452539,70.0789037415827,1
104,15,41,1e-08,30,0.196940980646441,0.00147193038257563,0.000511393838153745,0
104,15,41,1e-08,60,0.821876130305796,0.00566039367349787,0.00188882742211014,0
104,15,41,1e-08,120,2.51345746952519,9.70391876670399,0.00965274561946435,0
104,15,61,1e-08,30,0.176994102712915,0.358559055656068,0.000511393838153745,0
104,15,61,1e-08,60,3.36666745015881,4.60358384227443,0.00188882742211014,0
104,15,61,1e-08,120,1.90653136344662,3.82920037384546,0.00965274561946435,0
104,15,41,1e-06,30,0.0178151687948761,0.00147193038257563,0.0175581569974071,1
104,15,41,1e-06,60,0.175128635431847,0.00566039367349787,0.105439709753164,1
104,15,41,1e-06,120,5.90026136564745,9.70391876670399,0.70847130360818,0
104,15,61,1e-06,30,0.274735025198436,0.358559055656068,0.0175581569974071,0
104,15,61,1e-06,60,3.98879536976932,4.60358384227443,0.105439709753164,0
104,15,61,1e-06,120,2.75868293421288,3.82920037384546,0.70847130360818,0
104,15,41,0.0001,30,0.0217081839108326,0.00147193038257563,1.68021537013102,1
104,15,41,0.0001,60,0.199486300109175,0.00566039367349787,10.3200544534141,1
104,15,41,0.0001,120,5.62783993969398,9.70391876670399,70.0789037415827,1
104,15,61,0.0001,30,0.270871751243333,0.358559055656068,1.68021537013102,1
104,15,61,0.0001,60,3.95578188802576,4.60358384227443,10.3200544534141,1
104,15,61,0.0001,120,2.70102182816379,3.82920037384546,70.0789037415827,1
104,16,41,1e-08,30,2.46162956154318,0.000154131580077519,0.000511393838153745,0
104,16,41,1e-08,60,6.84745584347646,0.00204551973141157,0.00188882742211014,0
104,16,41,1e-08,120,2.93036936241334,0.0597916197651118,0.00965274561946435,0
104,16,61,1e-08,30,0.0429796934692208,0.178849509843498,0.000511393838153745,0
104,16,61,1e-08,60,0.279756552621659,0.944527356547057,0.00188882742211014,0
104,16,61,1e-08,120,0.535673375238171,2.65546359974079,0.00965274561946435,0
104,16,41,1e-06,30,5.85412023811167,0.000154131580077519,0.0175581569974071,0
104,16,41,1e-06,60,2.19694586386804,0.00204551973141157,0.105439709753164,0
104,16,41,1e-06,120,9.8355801705685,0.0597916197651118,0.70847130360818,0
104,16,61,1e-06,30,0.0427139484352282,0.178849509843498,0.0175581569974071,1
104,16,61,1e-06,60,0.290755319832087,0.944527356547057,0.105439709753164,1
104,16,61,1e-06,120,0.583806586719086,2.65546359974079,0.70847130360818,1
104,16,41,0.0001,30,5.30738693614587,0.000154131580077519,1.68021537013102,1
104,16,41,0.0001,60,2.87714691923619,0.00204551973141157,10.3200544534141,1
104,16,41,0.0001,120,7.48843191388196,0.0597916197651118,70.0789037415827,1
104,16,61,0.0001,30,0.0438866904681728,0.178849509843498,1.68021537013102,1
104,16,61,0.0001,60,0.297066117404259,0.944527356547057,10.3200544534141,1
104,16,61,0.0001,120,0.602017119515539,2.65546359974079,70.0789037415827,1
104,17,41,1e-08,30,0.0402221054413299,0.0181229811229188,0.000511393838153745,0
104,17,41,1e-08,60,0.126210507782754,0.0631840486353819,0.00188882742211014,0
104,17,41,1e-08,120,0.364475811675119,0.179685820151915,0.00965274561946435,0
104,17,61,1e-08,30,0.0636357189417957,0.0236461915591765,0.000511393838153745,0
104,17,61,1e-08,60,0.311806186787559,0.0658967879239242,0.00188882742211014,0
104,17,61,1e-08,120,1.6212785411442,0.129554060425781,0.00965274561946435,0
104,17,41,1e-06,30,0.00588122308266772,0.0181229811229188,0.0175581569974071,1
104,17,41,1e-06,60,0.018126081414916,0.0631840486353819,0.105439709753164,1
104,17,41,1e-06,120,0.0359348541763987,0.179685820151915,0.70847130360818,1
104,17,61,1e-06,30,0.0165167152320382,0.0236461915591765,0.0175581569974071,1
104,17,61,1e-06,60,0.0940640206897177,0.0658967879239242,0.105439709753164,1
104,17,61,1e-06,120,0.586280469132318,0.129554060425781,0.70847130360818,1
104,17,41,0.0001,30,0.00508239823453286,0.0181229811229188,1.68021537013102,1
104,17,41,0.0001,60,0.0155485766666665,0.0631840486353819,10.3200544534141,1
104,17,41,0.0001,120,0.0290851461854747,0.179685820151915,70.0789037415827,1
104,17,61,0.0001,30,0.0135823250255326,0.0236461915591765,1.68021537013102,1
104,17,61,0.0001,60,0.0806084291794699,0.0658967879239242,10.3200544534141,1
104,17,61,0.0001,120,0.520260389657271,0.129554060425781,70.0789037415827,1
104,18,41,1e-08,30,6.82979592440503,6.51256117151309,0.000511393838153745,0
104,18,41,1e-08,60,7.70705235232613,7.75553797930656,0.00188882742211014,0
104,18,41,1e-08,120,7.59160117208504,8.43480806206427,0.00965274561946435,0
104,18,61,1e-08,30,0.103486965437819,0.0024692544079492,0.000511393838153745,0
104,18,61,1e-08,60,0.289680418701771,0.012859566015159,0.00188882742211014,0
104,18,61,1e-08,120,0.867167304502736,0.0403061241980166,0.00965274561946435,0
104,18,41,1e-06,30,4.86586784868462,6.51256117151309,0.0175581569974071,0
104,18,41,1e-06,60,4.36813233239346,7.75553797930656,0.105439709753164,0
104,18,41,1e-06,120,2.28574767020622,8.43480806206427,0.70847130360818,1
104,18,61,1e-06,30,0.0366984793758317,0.0024692544079492,0.0175581569974071,1
104,18,61,1e-06,60,0.16069071920459,0.012859566015159,0.105439709753164,1
104,18,61,1e-06,120,0.607460341648613,0.0403061241980166,0.70847130360818,1
104,18,41,0.0001,30,4.80306859225896,6.51256117151309,1.68021537013102,1
104,18,41,0.0001,60,4.2604498198887,7.75553797930656,10.3200544534141,1
104,18,41,0.0001,120,2.13938730135525,8.43480806206427,70.0789037415827,1
104,18,61,0.0001,30,0.0229429465278142,0.0024692544079492,1.68021537013102,1
104,18,61,0.0001,60,0.100474277764376,0.012859566015159,10.3200544534141,1
104,18,61,0.0001,120,0.369589471797453,0.0403061241980166,70.0789037415827,1
104,19,41,1e-08,30,0.336849541524475,0.0357727450926013,0.000511393838153745,0
104,19,41,1e-08,60,8.06177766711443,1.20308105557479,0.00188882742211014,0
104,19,41,1e-08,120,0.701710526736486,3.08748050969644,0.00965274561946435,0
104,19,61,1e-08,30,0.506760008004202,0.0587160901002762,0.000511393838153745,0
104,19,61,1e-08,60,8.60215093924202,6.18426359776272,0.00188882742211014,0
104,19,61,1e-08,120,4.42963423185672,0.205669693248947,0.00965274561946435,0
104,19,41,1e-06,30,1.52142007221537,0.0357727450926013,0.0175581569974071,0
104,19,41,1e-06,60,5.45636613435195,1.20308105557479,0.105439709753164,0
104,19,41,1e-06,120,1.39261537655959,3.08748050969644,0.70847130360818,1
104,19,61,1e-06,30,0.104722389012545,0.0587160901002762,0.0175581569974071,0
104,19,61,1e-06,60,7.0098298800331,6.18426359776272,0.105439709753164,0
104,19,61,1e-06,120,0.59797833782562,0.205669693248947,0.70847130360818,1
104,19,41,0.0001,30,1.62772649724188,0.0357727450926013,1.68021537013102,1
104,19,41,0.0001,60,5.09114424529613,1.20308105557479,10.3200544534141,1
104,19,41,0.0001,120,1.77942592397884,3.08748050969644,70.0789037415827,1
104,19,61,0.0001,30,0.108884245381046,0.0587160901002762,1.68021537013102,1
104,19,61,0.0001,60,7.08691769577217,6.18426359776272,10.3200544534141,1
104,19,61,0.0001,120,0.646592447403999,0.205669693248947,70.0789037415827,1
104,20,41,1e-08,30,0.653382782132287,0.175019822593147,0.000511393838153745,0
104,20,41,1e-08,60,4.80437250317015,2.33680025017163,0.00188882742211014,0
104,20,41,1e-08,120,9.13756763678379,4.20493599071569,0.00965274561946435,0
104,20,61,1e-08,30,8.08372974159552,7.09056394821912,0.000511393838153745,0
104,20,61,1e-08,60,3.35504850967186,4.12201725131377,0.00188882742211014,0
104,20,61,1e-08,120,0.7268274349972,1.182813383114,0.00965274561946435,0
104,20,41,1e-06,30,0.264190561673282,0.175019822593147,0.0175581569974071,0
104,20,41,1e-06,60,2.95300545115442,2.33680025017163,0.105439709753164,0
104,20,41,1e-06,120,5.89822656793151,4.20493599071569,0.70847130360818,0
104,20,61,1e-06,30,4.33103652162198,7.09056394821912,0.0175581569974071,0
104,20,61,1e-06,60,9.51231680593747,4.12201725131377,0.105439709753164,0
104,20,61,1e-06,120,8.13898093849445,1.182813383114,0.70847130360818,0
104,20,41,0.0001,30,0.256921288125578,0.175019822593147,1.68021537013102,1
104,20,41,0.0001,60,2.90935977416853,2.33680025017163,10.3200544534141,1
104,20,41,0.0001,120,5.78223659725196,4.20493599071569,70.0789037415827,1
104,20,61,0.0001,30,4.23322618079168,7.09056394821912,1.68021537013102,1
104,20,61,0.0001,60,9.25494873644923,4.12201725131377,10.3200544534141,1
104,20,61,0.0001,120,7.69578783728487,1.182813383114,70.0789037415827,1
105,1,41,1e-08,30,0.151403931681796,0.277026421128339,0.000511393838153745,0
105,1,41,1e-08,60,0.13050944132825,0.380537365740708,0.00188882742211014,0
105,1,41,1e-08,120,1.33789321197332,2.71942896356585,0.00965274561946435,0
105,1,61,1e-08,30,8.49281605760733,0.225652541485988,0.000511393838153745,0
105,1,61,1e-08,60,0.000666374311697181,0.0956000213988279,0.00188882742211014,1
105,1,61,1e-08,120,4.48764622216363,3.11039638929541,0.00965274561946435,0
105,1,41,1e-06,30,0.0668063127421595,0.277026421128339,0.0175581569974071,1
105,1,41,1e-06,60,0.00642749940740295,0.380537365740708,0.105439709753164,1
105,1,41,1e-06,120,0.330257682395751,2.71942896356585,0.70847130360818,1
105,1,61,1e-06,30,5.48539141490691,0.225652541485988,0.0175581569974071,0
105,1,61,1e-06,60,0.928207903659351,0.0956000213988279,0.105439709753164,0
105,1,61,1e-06,120,0.202362869805989,3.11039638929541,0.70847130360818,1
105,1,41,0.0001,30,0.0702266422232645,0.277026421128339,1.68021537013102,1
105,1,41,0.0001,60,0.00887545759562459,0.380537365740708,10.3200544534141,1
105,1,41,0.0001,120,0.364485724231762,2.71942896356585,70.0789037415827,1
105,1,61,0.0001,30,5.13388265172354,0.225652541485988,1.68021537013102,1
105,1,61,0.0001,60,1.2338020491275,0.0956000213988279,10.3200544534141,1
105,1,61,0.0001,120,0.0257354329598435,3.11039638929541,70.0789037415827,1
105,2,41,1e-08,30,1.83527158657551,0.0204057313757876,0.000511393838153745,0
105,2,41,1e-08,60,7.98723363624347,0.0280826845626895,0.00188882742211014,0
105,2,41,1e-08,120,1.64413323316146,0.970532456505742,0.00965274561946435,0
105,2,61,1e-08,30,6.0347399585108,1.25226212928468,0.000511393838153745,0
105,2,61,1e-08,60,4.23372000179179,2.41787868635976,0.00188882742211014,0
105,2,61,1e-08,120,6.38078289264563,2.49538924288395,0.00965274561946435,0
105,2,41,1e-06,30,0.479311788086103,0.0204057313757876,0.0175581569974071,0
105,2,41,1e-06,60,2.23352033850152,0.0280826845626895,0.105439709753164,0
105,2,41,1e-06,120,5.43228584714931,0.970532456505742,0.70847130360818,0
105,2,61,1e-06,30,4.18173625902026,1.25226212928468,0.0175581569974071,0
105,2,61,1e-06,60,8.31566748510504,2.41787868635976,0.105439709753164,0
105,2,61,1e-06,120,4.41915570553483,2.49538924288395,0.70847130360818,0
105,2,41,0.0001,30,0.370572911174919,0.0204057313757876,1.68021537013102,1
105,2,41,0.0001,60,1.78361701120774,0.0280826845626895,10.3200544534141,1
105,2,41,0.0001,120,4.08425144500952,0.970532456505742,70.0789037415827,1
105,2,61,0.0001,30,3.83949362658128,1.25226212928468,1.68021537013102,1
105,2,61,0.0001,60,9.28713199834975,2.41787868635976,10.3200544534141,1
105,2,61,0.0001,120,3.17460923237641,2.49538924288395,70.0789037415827,1
105,3,41,1e-08,30,1.36245404085893,0.0323730270920269,0.000511393838153745,0
105,3,41,1e-08,60,3.4187037398237,0.0587852389458243,0.00188882742211014,0
105,3,41,1e-08,120,9.82991560116504,0.0843046094243027,0.00965274561946435,0
105,3,61,1e-08,30,6.68860314217608,9.57910753053315,0.000511393838153745,0
105,3,61,1e-08,60,1.83544274264683,7.58035067967384,0.00188882742211014,0
105,3,61,1e-08,120,1.72807066795491,2.81211912384552,0.00965274561946435,0
105,3,41,1e-06,30,0.923558878972006,0.0323730270920269,0.0175581569974071,0
105,3,41,1e-06,60,4.22539485648799,0.0587852389458243,0.105439709753164,0
105,3,41,1e-06,120,3.84680673947282,0.0843046094243027,0.70847130360818,0
105,3,61,1e-06,30,3.01585873352457,9.57910753053315,0.0175581569974071,0
105,3,61,1e-06,60,0.0244799953292851,7.58035067967384,0.105439709753164,1
105,3,61,1e-06,120,4.55441509956271,2.81211912384552,0.70847130360818,0
105,3,41,0.0001,30,1.07742738439178,0.0323730270920269,1.68021537013102,1
105,3,41,0.0001,60,4.81163639207803,0.0587852389458243,10.3200544534141,1
105,3,41,0.0001,120,2.89465714124835,0.0843046094243027,70.0789037415827,1
105,3,61,0.0001,30,2.84328079939126,9.57910753053315,1.68021537013102,1
105,3,61,0.0001,60,0.0628830638056405,7.58035067967384,10.3200544534141,1
105,3,61,0.0001,120,3.81043934835742,2.81211912384552,70.0789037415827,1
105,4,41,1e-08,30,0.000432658250610652,0.0109538523258137,0.000511393838153745,1
105,4,41,1e-08,60,0.00325615458988677,0.0389029857345159,0.00188882742211014,1
105,4,41,1e-08,120,5.26772073682384,7.87999431914973,0.00965274561946435,0
105,4,61,1e-08,30,0.974927108166246,0.476281799405752,0.000511393838153745,0
105,4,61,1e-08,60,4.08018150580967,6.79929139456443,0.00188882742211014,0
105,4,61,1e-08,120,3.55480297096285,9.32515417571351,0.00965274561946435,0
105,4,41,1e-06,30,0.000711197899731491,0.0109538523258137,0.0175581569974071,1
105,4,41,1e-06,60,0.00428462799379926,0.0389029857345159,0.105439709753164,1
105,4,41,1e-06,120,5.20617427356797,7.87999431914973,0.70847130360818,0
105,4,61,1e-06,30,1.11111805791137,0.476281799405752,0.0175581569974071,0
105,4,61,1e-06,60,3.5263409517448,6.79929139456443,0.105439709753164,0
105,4,61,1e-06,120,2.53628161152307,9.32515417571351,0.70847130360818,1
105,4,41,0.0001,30,0.000729300311441689,0.0109538523258137,1.68021537013102,1
105,4,41,0.0001,60,0.00436847710881558,0.0389029857345159,10.3200544534141,1
105,4,41,0.0001,120,5.20052801853217,7.87999431914973,70.0789037415827,1
105,4,61,0.0001,30,1.17423662189137,0.476281799405752,1.68021537013102,1
105,4,61,0.0001,60,3.31437729861144,6.79929139456443,10.3200544534141,1
105,4,61,0.0001,120,2.18947125849538,9.32515417571351,70.0789037415827,1
105,5,41,1e-08,30,3.12526636530382,9.38481858673672,0.000511393838153745,0
105,5,41,1e-08,60,0.0554446731645757,9.63184121107069,0.00188882742211014,0
105,5,41,1e-08,120,3.81126426213492,9.06430989775424,0.00965274561946435,0
105,5,61,1e-08,30,3.23471570443297,6.70859012453384,0.000511393838153745,0
105,5,61,1e-08,60,7.18699734291363,0.18305562858116,0.00188882742211014,0
105,5,61,1e-08,120,1.082143664296,9.35436691297512,0.00965274561946435,0
105,5,41,1e-06,30,0.258314995077283,9.38481858673672,0.0175581569974071,0
105,5,41,1e-06,60,3.9571798733731,9.63184121107069,0.105439709753164,0
105,5,41,1e-06,120,0.374853927611269,9.06430989775424,0.70847130360818,1
105,5,61,1e-06,30,1.52458288507958,6.70859012453384,0.0175581569974071,0
105,5,61,1e-06,60,3.27704574781889,0.18305562858116,0.105439709753164,0
105,5,61,1e-06,120,0.197086810872947,9.35436691297512,0.70847130360818,1
105,5,41,0.0001,30,0.387164174601818,9.38481858673672,1.68021537013102,1
105,5,41,0.0001,60,3.16403587059127,9.63184121107069,10.3200544534141,1
105,5,41,0.0001,120,0.0435691119888251,9.06430989775424,70.0789037415827,1
105,5,61,0.0001,30,1.68178405050523,6.70859012453384,1.68021537013102,1
105,5,61,0.0001,60,3.68136397853111,0.18305562858116,10.3200544534141,1
105,5,61,0.0001,120,0.058979219829668,9.35436691297512,70.0789037415827,1
105,6,41,1e-08,30,0.572797541633119,0.0124060534679246,0.000511393838153745,0
105,6,41,1e-08,60,1.3834904518956,1.79133122759336e-05,0.00188882742211014,0
105,6,41,1e-08,120,8.51380757594813,0.479953732348216,0.00965274561946435,0
105,6,61,1e-08,30,0.100958661396409,0.0139976785399963,0.000511393838153745,0
105,6,61,1e-08,60,0.00574710522715361,1.6768212741686,0.00188882742211014,1
105,6,61,1e-08,120,0.28450565422336,7.3262187771077,0.00965274561946435,0
105,6,41,1e-06,30,0.00245205717016433,0.0124060534679246,0.0175581569974071,1
105,6,41,1e-06,60,0.10568578440342,1.79133122759336e-05,0.105439709753164,1
105,6,41,1e-06,120,0.000708125279019682,0.479953732348216,0.70847130360818,1
105,6,61,1e-06,30,5.87572268832615,0.0139976785399963,0.0175581569974071,0
105,6,61,1e-06,60,6.14592823102041,1.6768212741686,0.105439709753164,0
105,6,61,1e-06,120,1.49460252109629,7.3262187771077,0.70847130360818,1
105,6,41,0.0001,30,0.0114301291272314,0.0124060534679246,1.68021537013102,1
105,6,41,0.0001,60,0.187001064366334,1.79133122759336e-05,10.3200544534141,1
105,6,41,0.0001,120,0.0326273421029094,0.479953732348216,70.0789037415827,1
105,6,61,0.0001,30,6.27927511158678,0.0139976785399963,1.68021537013102,1
105,6,61,0.0001,60,5.42720776655653,1.6768212741686,10.3200544534141,1
105,6,61,0.0001,120,2.27166791096237,7.3262187771077,70.0789037415827,1
105,7,41,1e-08,30,1.49270241760526,0.00369812756755402,0.000511393838153745,0
105,7,41,1e-08,60,7.98390101286541,0.216803192176189,0.00188882742211014,0
105,7,41,1e-08,120,1.09396475217988,6.61074631009527,0.00965274561946435,0
105,7,61,1e-08,30,0.868141553776988,0.0681599468633547,0.000511393838153745,0
105,7,61,1e-08,60,0.811438687157448,2.76277703180927,0.00188882742211014,0
105,7,61,1e-08,120,8.57410387066711,3.79555372080503,0.00965274561946435,0
105,7,41,1e-06,30,1.03012567128847,0.00369812756755402,0.0175581569974071,0
105,7,41,1e-06,60,5.61669426242244,0.216803192176189,0.105439709753164,0
105,7,41,1e-06,120,0.00858959671228306,6.61074631009527,0.70847130360818,1
105,7,61,1e-06,30,1.42562544943852,0.0681599468633547,0.0175581569974071,0
105,7,61,1e-06,60,1.55833730638611,2.76277703180927,0.105439709753164,0
105,7,61,1e-06,120,5.80839533074082,3.79555372080503,0.70847130360818,0
105,7,41,0.0001,30,0.958679785673674,0.00369812756755402,1.68021537013102,1
105,7,41,0.0001,60,5.30011754815997,0.216803192176189,10.3200544534141,1
105,7,41,0.0001,120,0.0015160288110573,6.61074631009527,70.0789037415827,1
105,7,61,0.0001,30,1.41369410828432,0.0681599468633547,1.68021537013102,1
105,7,61,0.0001,60,1.53256848708269,2.76277703180927,10.3200544534141,1
105,7,61,0.0001,120,5.91044374910468,3.79555372080503,70.0789037415827,1
105,8,41,1e-08,30,1.72327137591044,0.00273754739038181,0.000511393838153745,0
105,8,41,1e-08,60,9.64095848878188,0.21771291679716,0.00188882742211014,0
105,8,41,1e-08,120,1.64933561529742,4.67755312310131,0.00965274561946435,0
105,8,61,1e-08,30,0.269865532917438,0.92500711497989,0.000511393838153745,0
105,8,61,1e-08,60,2.10143020230241,0.327185193826561,0.00188882742211014,0
105,8,61,1e-08,120,4.34703197796504,0.113325010839537,0.00965274561946435,0
105,8,41,1e-06,30,0.53610770989555,0.00273754739038181,0.0175581569974071,0
105,8,41,1e-06,60,4.11704951210567,0.21771291679716,0.105439709753164,0
105,8,41,1e-06,120,1.00418074097723,4.67755312310131,0.70847130360818,1
105,8,61,1e-06,30,0.0800025644295956,0.92500711497989,0.0175581569974071,0
105,8,61,1e-06,60,3.73777312800407,0.327185193826561,0.105439709753164,0
105,8,61,1e-06,120,9.38061981503279,0.113325010839537,0.70847130360818,0
105,8,41,0.0001,30,0.451870221616856,0.00273754739038181,1.68021537013102,1
105,8,41,0.0001,60,3.66950343510139,0.21771291679716,10.3200544534141,1
105,8,41,0.0001,120,1.49449712115112,4.67755312310131,70.0789037415827,1
105,8,61,0.0001,30,0.0599638782720816,0.92500711497989,1.68021537013102,1
105,8,61,0.0001,60,4.02337491136254,0.327185193826561,10.3200544534141,1
105,8,61,0.0001,120,9.47925778946522,0.113325010839537,70.0789037415827,1
105,9,41,1e-08,30,0.0147386655626452,0.107462253645377,0.000511393838153745,0
105,9,41,1e-08,60,0.132668015252135,0.628531393559637,0.00188882742211014,0
105,9,41,1e-08,120,1.32097526905043,4.08931107335428,0.00965274561946435,0
105,9,61,1e-08,30,0.439273578729454,0.028724837166733,0.000511393838153745,0
105,9,61,1e-08,60,2.19364048810803,6.22262443180955,0.00188882742211014,0
105,9,61,1e-08,120,8.87356049174375,0.855930128838478,0.00965274561946435,0
105,9,41,1e-06,30,0.0069829466197945,0.107462253645377,0.0175581569974071,1
105,9,41,1e-06,60,0.0924736636071286,0.628531393559637,0.105439709753164,1
105,9,41,1e-06,120,1.09116930404574,4.08931107335428,0.70847130360818,1
105,9,61,1e-06,30,1.54401429532952,0.028724837166733,0.0175581569974071,0
105,9,61,1e-06,60,0.116639971800896,6.22262443180955,0.105439709753164,1
105,9,61,1e-06,120,1.09252867040585,0.855930128838478,0.70847130360818,1
105,9,41,0.0001,30,0.00698472810934292,0.107462253645377,1.68021537013102,1
105,9,41,0.0001,60,0.0926097035225538,0.628531393559637,10.3200544534141,1
105,9,41,0.0001,120,1.09252659910004,4.08931107335428,70.0789037415827,1
105,9,61,0.0001,30,1.72774697221717,0.028724837166733,1.68021537013102,1
105,9,61,0.0001,60,0.0418348147156289,6.22262443180955,10.3200544534141,1
105,9,61,0.0001,120,0.605250229217483,0.855930128838478,70.0789037415827,1
105,10,41,1e-08,30,6.91425920542436e-05,0.000369871088586738,0.000511393838153745,1
105,10,41,1e-08,60,0.000738023408328024,0.000581945316035315,0.00188882742211014,1
105,10,41,1e-08,120,0.0307626753956606,0.0058701648108702,0.00965274561946435,1
105,10,61,1e-08,30,2.54747343749562,8.38144993325438,0.000511393838153745,0
105,10,61,1e-08,60,6.25015363165137,0.0413408687757822,0.00188882742211014,0
105,10,61,1e-08,120,1.99216672801344,0.335948757364121,0.00965274561946435,0
105,10,41,1e-06,30,1.24505077476743e-05,0.000369871088586738,0.0175581569974071,1
105,10,41,1e-06,60,5.19267670828595e-05,0.000581945316035315,0.105439709753164,1
105,10,41,1e-06,120,0.0193762746547171,0.0058701648108702,0.70847130360818,1
105,10,61,1e-06,30,4.45092769018586,8.38144993325438,0.0175581569974071,0
105,10,61,1e-06,60,3.20049020879501,0.0413408687757822,0.105439709753164,0
105,10,61,1e-06,120,6.33667993164734,0.335948757364121,0.70847130360818,0
105,10,41,0.0001,30,1.48317476581803e-05,0.000369871088586738,1.68021537013102,1
105,10,41,0.0001,60,4.40541949989972e-05,0.000581945316035315,10.3200544534141,1
105,10,41,0.0001,120,0.0190820974455638,0.0058701648108702,70.0789037415827,1
105,10,61,0.0001,30,4.26761504497864,8.38144993325438,1.68021537013102,1
105,10,61,0.0001,60,3.46696642609867,0.0413408687757822,10.3200544534141,1
105,10,61,0.0001,120,5.69354952769582,0.335948757364121,70.0789037415827,1
105,11,41,1e-08,30,0.912002205514332,0.00446585026257328,0.000511393838153745,0
105,11,41,1e-08,60,2.88718999335338,0.0280907531033714,0.00188882742211014,0
105,11,41,1e-08,120,6.36102146918908,0.0417712056667837,0.00965274561946435,0
105,11,61,1e-08,30,4.19470965632797,7.32683378545795,0.000511393838153745,0
105,11,61,1e-08,60,4.2780671580456,0.362888429644204,0.00188882742211014,0
105,11,61,1e-08,120,3.18548083746737,0.209134245418593,0.00965274561946435,0
105,11,41,1e-06,30,0.433253682605941,0.00446585026257328,0.0175581569974071,0
105,11,41,1e-06,60,1.86874361699303,0.0280907531033714,0.105439709753164,0
105,11,41,1e-06,120,4.88889622155736,0.0417712056667837,0.70847130360818,0
105,11,61,1e-06,30,5.88289519027756,7.32683378545795,0.0175581569974071,0
105,11,61,1e-06,60,1.38667184177698,0.362888429644204,0.105439709753164,0
105,11,61,1e-06,120,2.62481274693854,0.209134245418593,0.70847130360818,1
105,11,41,0.0001,30,0.647845387710417,0.00446585026257328,1.68021537013102,1
105,11,41,0.0001,60,2.70242715756282,0.0280907531033714,10.3200544534141,1
105,11,41,0.0001,120,7.55373791841544,0.0417712056667837,70.0789037415827,1
105,11,61,0.0001,30,5.45623910995669,7.32683378545795,1.68021537013102,1
105,11,61,0.0001,60,1.80752425027912,0.362888429644204,10.3200544534141,1
105,11,61,0.0001,120,3.76951978981842,0.209134245418593,70.0789037415827,1
105,12,41,1e-08,30,1.40467493763159,0.10415408706431,0.000511393838153745,0
105,12,41,1e-08,60,7.91824477696726,0.383920336578785,0.00188882742211014,0
105,12,41,1e-08,120,0.202083079079149,0.304805805055216,0.00965274561946435,0
105,12,61,1e-08,30,2.78176349173093,9.45416761831966,0.000511393838153745,0
105,12,61,1e-08,60,6.72627476238092,0.0290220220104851,0.00188882742211014,0
105,12,61,1e-08,120,2.19338009938991,0.166704645655789,0.00965274561946435,0
105,12,41,1e-06,30,8.86977760020612,0.10415408706431,0.0175581569974071,0
105,12,41,1e-06,60,0.0825923808833688,0.383920336578785,0.105439709753164,1
105,12,41,1e-06,120,0.0158439970300439,0.304805805055216,0.70847130360818,1
105,12,61,1e-06,30,5.94056801905522,9.45416761831966,0.0175581569974071,0
105,12,61,1e-06,60,1.86859810266693,0.0290220220104851,0.105439709753164,0
105,12,61,1e-06,120,7.08354236185135,0.166704645655789,0.70847130360818,0
105,12,41,0.0001,30,9.3872823219503,0.10415408706431,1.68021537013102,0
105,12,41,0.0001,60,0.0167608834675077,0.383920336578785,10.3200544534141,1
105,12,41,0.0001,120,0.183482085742858,0.304805805055216,70.0789037415827,1
105,12,61,0.0001,30,6.03421069563919,9.45416761831966,1.68021537013102,1
105,12,61,0.0001,60,1.77824938007284,0.0290220220104851,10.3200544534141,1
105,12,61,0.0001,120,6.7568427183941,0.166704645655789,70.0789037415827,1
105,13,41,1e-08,30,0.293344819404077,0.0490224627760125,0.000511393838153745,0
105,13,41,1e-08,60,1.67186387717299,0.393561158345187,0.00188882742211014,0
105,13,41,1e-08,120,3.38812816592331,0.234361710657914,0.00965274561946435,0
105,13,61,1e-08,30,6.12692486179239,0.0173749155892458,0.000511393838153745,0
105,13,61,1e-08,60,4.26244301429644,8.2164151453288,0.00188882742211014,0
105,13,61,1e-08,120,3.0844718041382,9.56550900104606,0.00965274561946435,0
105,13,41,1e-06,30,0.338990796238006,0.0490224627760125,0.0175581569974071,0
105,13,41,1e-06,60,1.8192290187948,0.393561158345187,0.105439709753164,0
105,13,41,1e-06,120,3.71256426778754,0.234361710657914,0.70847130360818,0
105,13,61,1e-06,30,8.02992264856051,0.0173749155892458,0.0175581569974071,0
105,13,61,1e-06,60,6.32167583342892,8.2164151453288,0.105439709753164,0
105,13,61,1e-06,120,5.70514930948051,9.56550900104606,0.70847130360818,0
105,13,41,0.0001,30,0.333277272528214,0.0490224627760125,1.68021537013102,1
105,13,41,0.0001,60,1.79325596100301,0.393561158345187,10.3200544534141,1
105,13,41,0.0001,120,3.63919615752129,0.234361710657914,70.0789037415827,1
105,13,61,0.0001,30,7.90455922904762,0.0173749155892458,1.68021537013102,0
105,13,61,0.0001,60,6.10029999747156,8.2164151453288,10.3200544534141,1
105,13,61,0.0001,120,5.28867613199089,9.56550900104606,70.0789037415827,1
105,14,41,1e-08,30,0.0717484228953306,0.0685147807659946,0.000511393838153745,0
105,14,41,1e-08,60,0.717340320992919,0.0658165048336328,0.00188882742211014,0
105,14,41,1e-08,120,6.28771264788642,0.0656566183100363,0.00965274561946435,0
105,14,61,1e-08,30,0.00365406515491665,0.00122272307068323,0.000511393838153745,0
105,14,61,1e-08,60,0.0547351501327476,1.82646455382562e-05,0.00188882742211014,0
105,14,61,1e-08,120,0.239368219791023,0.00119730691847823,0.00965274561946435,0
105,14,41,1e-06,30,0.0653464037470296,0.0685147807659946,0.0175581569974071,1
105,14,41,1e-06,60,0.603636783263476,0.0658165048336328,0.105439709753164,0
105,14,41,1e-06,120,5.39137681916011,0.0656566183100363,0.70847130360818,0
105,14,61,1e-06,30,0.0512065118953047,0.00122272307068323,0.0175581569974071,1
105,14,61,1e-06,60,0.269576386133801,1.82646455382562e-05,0.105439709753164,1
105,14,61,1e-06,120,1.02683641288093,0.00119730691847823,0.70847130360818,1
105,14,41,0.0001,30,0.0560642131251217,0.0685147807659946,1.68021537013102,1
105,14,41,0.0001,60,0.548343214878242,0.0658165048336328,10.3200544534141,1
105,14,41,0.0001,120,5.06393600163673,0.0656566183100363,70.0789037415827,1
105,14,61,0.0001,30,0.0534142269911579,0.00122272307068323,1.68021537013102,1
105,14,61,0.0001,60,0.278680067805222,1.82646455382562e-05,10.3200544534141,1
105,14,61,0.0001,120,1.06040248067142,0.00119730691847823,70.0789037415827,1
105,15,41,1e-08,30,0.64204577485293,0.0721609823517108,0.000511393838153745,0
105,15,41,1e-08,60,4.47865033357168,0.0700856471033718,0.00188882742211014,0
105,15,41,1e-08,120,0.356622504774894,0.466161512944263,0.00965274561946435,0
105,15,61,1e-08,30,0.011570356688012,0.0249976707290983,0.000511393838153745,0
105,15,61,1e-08,60,0.0264720259036458,0.00046777126305827,0.00188882742211014,0
105,15,61,1e-08,120,0.0421724007160465,0.0136379596755165,0.00965274561946435,0
105,15,41,1e-06,30,2.96659132267367,0.0721609823517108,0.0175581569974071,0
105,15,41,1e-06,60,6.55246651418657,0.0700856471033718,0.105439709753164,0
105,15,41,1e-06,120,5.67388016753309,0.466161512944263,0.70847130360818,0
105,15,61,1e-06,30,0.0012758146658049,0.0249976707290983,0.0175581569974071,1
105,15,61,1e-06,60,0.168083666621577,0.00046777126305827,0.105439709753164,1
105,15,61,1e-06,120,0.43642456635615,0.0136379596755165,0.70847130360818,1
105,15,41,0.0001,30,3.06328999691958,0.0721609823517108,1.68021537013102,1
105,15,41,0.0001,60,6.30086473239974,0.0700856471033718,10.3200544534141,1
105,15,41,0.0001,120,6.1265028065582,0.466161512944263,70.0789037415827,1
105,15,61,0.0001,30,0.00144830672404406,0.0249976707290983,1.68021537013102,1
105,15,61,0.0001,60,0.171364013156535,0.00046777126305827,10.3200544534141,1
105,15,61,0.0001,120,0.446079829825068,0.0136379596755165,70.0789037415827,1
105,16,41,1e-08,30,0.787806567224441,0.269025081024167,0.000511393838153745,0
105,16,41,1e-08,60,5.58377686099129,0.435225315361161,0.00188882742211014,0
105,16,41,1e-08,120,0.0036049212619779,0.00767287905482335,0.00965274561946435,1
105,16,61,1e-08,30,0.0114349054171356,1.78882632387995,0.000511393838153745,0
105,16,61,1e-08,60,7.75318796362162,0.175891806407837,0.00188882742211014,0
105,16,61,1e-08,120,3.42548088595476,7.74677504823926,0.00965274561946435,0
105,16,41,1e-06,30,2.82301217929357,0.269025081024167,0.0175581569974071,0
105,16,41,1e-06,60,6.4494194814769,0.435225315361161,0.105439709753164,0
105,16,41,1e-06,120,6.84703900434616,0.00767287905482335,0.70847130360818,0
105,16,61,1e-06,30,1.25637663849197,1.78882632387995,0.0175581569974071,0
105,16,61,1e-06,60,0.710684465160887,0.175891806407837,0.105439709753164,0
105,16,61,1e-06,120,3.78535777402715,7.74677504823926,0.70847130360818,0
105,16,41,0.0001,30,2.93073553924576,0.269025081024167,1.68021537013102,1
105,16,41,0.0001,60,6.15839909211059,0.435225315361161,10.3200544534141,1
105,16,41,0.0001,120,7.43678244734835,0.00767287905482335,70.0789037415827,1
105,16,61,0.0001,30,1.45486111905046,1.78882632387995,1.68021537013102,1
105,16,61,0.0001,60,0.46495832991868,0.175891806407837,10.3200544534141,1
105,16,61,0.0001,120,5.10054576752724,7.74677504823926,70.0789037415827,1
105,17,41,1e-08,30,0.985165085034856,0.00453905062868088,0.000511393838153745,0
105,17,41,1e-08,60,3.39143687687815,0.00811741759313484,0.00188882742211014,0
105,17,41,1e-08,120,5.67955286671096,0.050540549635484,0.00965274561946435,0
105,17,61,1e-08,30,0.128816842049529,2.94607367212206,0.000511393838153745,0
105,17,61,1e-08,60,7.17407946665279,0.0167824611602462,0.00188882742211014,0
105,17,61,1e-08,120,8.55898625453641,7.74733643421595,0.00965274561946435,0
105,17,41,1e-06,30,0.467656714808469,0.00453905062868088,0.0175581569974071,0
105,17,41,1e-06,60,1.79618924348509,0.00811741759313484,0.105439709753164,0
105,17,41,1e-06,120,5.25598492193095,0.050540549635484,0.70847130360818,0
105,17,61,1e-06,30,0.481463845014833,2.94607367212206,0.0175581569974071,0
105,17,61,1e-06,60,3.6532902179233,0.0167824611602462,0.105439709753164,0
105,17,61,1e-06,120,1.67505244373016,7.74733643421595,0.70847130360818,1
105,17,41,0.0001,30,0.697112745483166,0.00453905062868088,1.68021537013102,1
105,17,41,0.0001,60,2.64193594378995,0.00811741759313484,10.3200544534141,1
105,17,41,0.0001,120,8.09964175270031,0.050540549635484,70.0789037415827,1
105,17,61,0.0001,30,0.524826172584167,2.94607367212206,1.68021537013102,1
105,17,61,0.0001,60,3.4385676433651,0.0167824611602462,10.3200544534141,1
105,17,61,0.0001,120,1.40261843640999,7.74733643421595,70.0789037415827,1
105,18,41,1e-08,30,0.00131706421573262,0.00169096085360881,0.000511393838153745,1
105,18,41,1e-08,60,0.0173551005894854,0.00911070709527353,0.00188882742211014,0
105,18,41,1e-08,120,0.015336954293138,0.0587424859407722,0.00965274561946435,1
105,18,61,1e-08,30,7.66013381126227,0.138163571464772,0.000511393838153745,0
105,18,61,1e-08,60,7.63355913381594,8.6298425048235,0.00188882742211014,0
105,18,61,1e-08,120,4.2318849428121,6.64131555847348,0.00965274561946435,0
105,18,41,1e-06,30,0.000712334925382185,0.00169096085360881,0.0175581569974071,1
105,18,41,1e-06,60,0.00167246678663414,0.00911070709527353,0.105439709753164,1
105,18,41,1e-06,120,0.266033321250882,0.0587424859407722,0.70847130360818,1
105,18,61,1e-06,30,7.42103585405218,0.138163571464772,0.0175581569974071,0
105,18,61,1e-06,60,8.10302860702166,8.6298425048235,0.105439709753164,0
105,18,61,1e-06,120,5.7374866129804,6.64131555847348,0.70847130360818,0
105,18,41,0.0001,30,0.00238719026821012,0.00169096085360881,1.68021537013102,1
105,18,41,0.0001,60,0.00714381969967418,0.00911070709527353,10.3200544534141,1
105,18,41,0.0001,120,0.362791276903093,0.0587424859407722,70.0789037415827,1
105,18,61,0.0001,30,7.19331010575156,0.138163571464772,1.68021537013102,0
105,18,61,0.0001,60,7.6283566645135,8.6298425048235,10.3200544534141,1
105,18,61,0.0001,120,4.95351605257733,6.64131555847348,70.0789037415827,1
105,19,41,1e-08,30,0.767983679353333,2.31268710092807,0.000511393838153745,0
105,19,41,1e-08,60,0.208278880390082,3.69081154803737,0.00188882742211014,0
105,19,41,1e-08,120,0.651066096802747,5.2836569017274,0.00965274561946435,0
105,19,61,1e-08,30,3.10118368568582e-05,0.00124178634872582,0.000511393838153745,1
105,19,61,1e-08,60,0.0109247487636242,0.0176100262703182,0.00188882742211014,0
105,19,61,1e-08,120,0.00681993176164177,0.0116178882181622,0.00965274561946435,1
105,19,41,1e-06,30,0.0585413308433137,2.31268710092807,0.0175581569974071,1
105,19,41,1e-06,60,0.410497201085285,3.69081154803737,0.105439709753164,0
105,19,41,1e-06,120,8.00509988234431,5.2836569017274,0.70847130360818,0
105,19,61,1e-06,30,0.039077298257849,0.00124178634872582,0.0175581569974071,1
105,19,61,1e-06,60,0.21081231412528,0.0176100262703182,0.105439709753164,1
105,19,61,1e-06,120,0.58098764218968,0.0116178882181622,0.70847130360818,1
105,19,41,0.0001,30,0.0486293568395632,2.31268710092807,1.68021537013102,1
105,19,41,0.0001,60,0.461527755681868,3.69081154803737,10.3200544534141,1
105,19,41,0.0001,120,8.42413973964141,5.2836569017274,70.0789037415827,1
105,19,61,0.0001,30,0.0430661705185216,0.00124178634872582,1.68021537013102,1
105,19,61,0.0001,60,0.227804663460382,0.0176100262703182,10.3200544534141,1
105,19,61,0.0001,120,0.635168768981161,0.0116178882181622,70.0789037415827,1
105,20,41,1e-08,30,4.97575842697668,5.96998308158375,0.000511393838153745,0
105,20,41,1e-08,60,4.45376856834733,6.59262875311789,0.00188882742211014,0
105,20,41,1e-08,120,3.20470179093538,7.48782112481039,0.00965274561946435,0
105,20,61,1e-08,30,0.000342718505675142,0.000726339039500053,0.000511393838153745,1
105,20,61,1e-08,60,0.0493901076527295,0.0087435198560953,0.00188882742211014,0
105,20,61,1e-08,120,0.242533468105181,0.0388907410906405,0.00965274561946435,0
105,20,41,1e-06,30,4.60647240755219,5.96998308158375,0.0175581569974071,0
105,20,41,1e-06,60,3.8923671764178,6.59262875311789,0.105439709753164,0
105,20,41,1e-06,120,2.39150672575046,7.48782112481039,0.70847130360818,1
105,20,61,1e-06,30,0.0331839719455521,0.000726339039500053,0.0175581569974071,1
105,20,61,1e-06,60,0.262916711517727,0.0087435198560953,0.105439709753164,1
105,20,61,1e-06,120,1.07478503842255,0.0388907410906405,0.70847130360818,1
105,20,41,0.0001,30,4.59528031183649,5.96998308158375,1.68021537013102,1
105,20,41,0.0001,60,3.87387889730754,6.59262875311789,10.3200544534141,1
105,20,41,0.0001,120,2.36419596169482,7.48782112481039,70.0789037415827,1
105,20,61,0.0001,30,0.0344818269724718,0.000726339039500053,1.68021537013102,1
105,20,61,0.0001,60,0.269157581224169,0.0087435198560953,10.3200544534141,1
105,20,61,0.0001,120,1.09790986718203,0.0388907410906405,70.0789037415827,1
106,1,41,1e-08,30,0.229050338578278,0.615975426783685,0.000511393838153745,0
106,1,41,1e-08,60,4.10873032570721,0.865218356172749,0.00188882742211014,0
106,1,41,1e-08,120,0.337857147206914,0.413086161108936,0.00965274561946435,0
106,1,61,1e-08,30,2.97086731462248,0.0113292947074955,0.000511393838153745,0
106,1,61,1e-08,60,7.11066899114934,0.0150061429959736,0.00188882742211014,0
106,1,61,1e-08,120,9.09679463710131,6.13596402736896,0.00965274561946435,0
106,1,41,1e-06,30,5.55185679983264,0.615975426783685,0.0175581569974071,0
106,1,41,1e-06,60,0.840466710096005,0.865218356172749,0.105439709753164,0
106,1,41,1e-06,120,0.36178533279941,0.413086161108936,0.70847130360818,1
106,1,61,1e-06,30,1.70278564869595,0.0113292947074955,0.0175581569974071,0
106,1,61,1e-06,60,8.66492989211073,0.0150061429959736,0.105439709753164,0
106,1,61,1e-06,120,3.36570140854235,6.13596402736896,0.70847130360818,0
106,1,41,0.0001,30,5.9877577615351,0.615975426783685,1.68021537013102,1
106,1,41,0.0001,60,0.561816413924278,0.865218356172749,10.3200544534141,1
106,1,41,0.0001,120,0.0791367609879519,0.413086161108936,70.0789037415827,1
106,1,61,0.0001,30,1.70910153974119,0.0113292947074955,1.68021537013102,1
106,1,61,0.0001,60,8.70258941656873,0.0150061429959736,10.3200544534141,1
106,1,61,0.0001,120,3.41850056402327,6.13596402736896,70.0789037415827,1
106,2,41,1e-08,30,0.163394808032102,0.142683378899179,0.000511393838153745,0
106,2,41,1e-08,60,1.14297815391743,0.155997025869669,0.00188882742211014,0
106,2,41,1e-08,120,9.63989981786128,0.122555717987595,0.00965274561946435,0
106,2,61,1e-08,30,2.96862385923462,0.0199135450874785,0.000511393838153745,0
106,2,61,1e-08,60,6.70995111900523,0.0297684016005737,0.00188882742211014,0
106,2,61,1e-08,120,9.05902364437615,6.05306595895832,0.00965274561946435,0
106,2,41,1e-06,30,0.0436426747106651,0.142683378899179,0.0175581569974071,1
106,2,41,1e-06,60,0.00387955933458473,0.155997025869669,0.105439709753164,1
106,2,41,1e-06,120,1.02103454808349,0.122555717987595,0.70847130360818,1
106,2,61,1e-06,30,0.982087195584451,0.0199135450874785,0.0175581569974071,0
106,2,61,1e-06,60,5.91726303188501,0.0297684016005737,0.105439709753164,0
106,2,61,1e-06,120,0.480106967358371,6.05306595895832,0.70847130360818,1
106,2,41,0.0001,30,0.0586418573334667,0.142683378899179,1.68021537013102,1
106,2,41,0.0001,60,0.0153436208307162,0.155997025869669,10.3200544534141,1
106,2,41,0.0001,120,0.796052584984579,0.122555717987595,70.0789037415827,1
106,2,61,0.0001,30,0.951281995185801,0.0199135450874785,1.68021537013102,1
106,2,61,0.0001,60,5.78593508019048,0.0297684016005737,10.3200544534141,1
106,2,61,0.0001,120,0.413183807364541,6.05306595895832,70.0789037415827,1
106,3,41,1e-08,30,0.00151545648070717,9.55247785721861e-05,0.000511393838153745,1
106,3,41,1e-08,60,0.00144026507877593,0.00154645718105436,0.00188882742211014,1
106,3,41,1e-08,120,0.0020244614179627,0.0079974446332534,0.00965274561946435,1
106,3,61,1e-08,30,2.01929818164746,0.145363276855465,0.000511393838153745,0
106,3,61,1e-08,60,5.45574203026892,0.00300145797721547,0.00188882742211014,0
106,3,61,1e-08,120,3.18515545669681,5.66243693125241,0.00965274561946435,0
106,3,41,1e-06,30,0.000376398678347417,9.55247785721861e-05,0.0175581569974071,1
106,3,41,1e-06,60,0.00348702824745307,0.00154645718105436,0.105439709753164,1
106,3,41,1e-06,120,0.0167319217718896,0.0079974446332534,0.70847130360818,1
106,3,61,1e-06,30,5.93435317908691,0.145363276855465,0.0175581569974071,0
106,3,61,1e-06,60,0.485295895268865,0.00300145797721547,0.105439709753164,0
106,3,61,1e-06,120,1.21572188292282,5.66243693125241,0.70847130360818,1
106,3,41,0.0001,30,0.00049073238995067,9.55247785721861e-05,1.68021537013102,1
106,3,41,0.0001,60,0.00410721456322978,0.00154645718105436,10.3200544534141,1
106,3,41,0.0001,120,0.0193094453024835,0.0079974446332534,70.0789037415827,1
106,3,61,0.0001,30,6.3237788307999,0.145363276855465,1.68021537013102,1
106,3,61,0.0001,60,0.298050154900993,0.00300145797721547,10.3200544534141,1
106,3,61,0.0001,120,1.95260038342014,5.66243693125241,70.0789037415827,1
106,4,41,1e-08,30,0.000893188411973095,0.00182555297180835,0.000511393838153745,1
106,4,41,1e-08,60,0.00236300012711542,0.00874740706474914,0.00188882742211014,1
106,4,41,1e-08,120,0.00609596820834944,0.0412547455993006,0.00965274561946435,1
106,4,61,1e-08,30,2.6380712241006,0.0161150847539932,0.000511393838153745,0
106,4,61,1e-08,60,0.414502870533188,4.77016487467617,0.00188882742211014,0
106,4,61,1e-08,120,1.73395929137293,5.78384597684352,0.00965274561946435,0
106,4,41,1e-06,30,0.000597030085019716,0.00182555297180835,0.0175581569974071,1
106,4,41,1e-06,60,0.00329679700226134,0.00874740706474914,0.105439709753164,1
106,4,41,1e-06,120,0.0172574797253756,0.0412547455993006,0.70847130360818,1
106,4,61,1e-06,30,9.69163740273065,0.0161150847539932,0.0175581569974071,0
106,4,61,1e-06,60,3.99302095833145,4.77016487467617,0.105439709753164,0
106,4,61,1e-06,120,7.64758886380068,5.78384597684352,0.70847130360818,0
106,4,41,0.0001,30,0.0007817988247309,0.00182555297180835,1.68021537013102,1
106,4,41,0.0001,60,0.00409612067583822,0.00874740706474914,10.3200544534141,1
106,4,41,0.0001,120,0.020754550978098,0.0412547455993006,70.0789037415827,1
106,4,61,0.0001,30,9.82759688333049,0.0161150847539932,1.68021537013102,0
106,4,61,0.0001,60,3.67446083818341,4.77016487467617,10.3200544534141,1
106,4,61,0.0001,120,8.63909578438244,5.78384597684352,70.0789037415827,1
106,5,41,1e-08,30,0.00699319665496569,0.0220154947129985,0.000511393838153745,0
106,5,41,1e-08,60,0.0811276412105779,0.0521385507039271,0.00188882742211014,0
106,5,41,1e-08,120,0.767752719447009,0.0397146728201154,0.00965274561946435,0
106,5,61,1e-08,30,8.85766653751551,9.55806726848608,0.000511393838153745,0
106,5,61,1e-08,60,9.32328300203837,8.90935033968764,0.00188882742211014,0
106,5,61,1e-08,120,8.23788789741254,8.46281376147618,0.00965274561946435,0
106,5,41,1e-06,30,0.00682654841347983,0.0220154947129985,0.0175581569974071,1
106,5,41,1e-06,60,0.0542715655909171,0.0521385507039271,0.105439709753164,1
106,5,41,1e-06,120,0.522179850207338,0.0397146728201154,0.70847130360818,1
106,5,61,1e-06,30,8.61813851739771,9.55806726848608,0.0175581569974071,0
106,5,61,1e-06,60,8.91746836947722,8.90935033968764,0.105439709753164,0
106,5,61,1e-06,120,7.56045957822854,8.46281376147618,0.70847130360818,0
106,5,41,0.0001,30,0.00534242783190998,0.0220154947129985,1.68021537013102,1
106,5,41,0.0001,60,0.0460487069972762,0.0521385507039271,10.3200544534141,1
106,5,41,0.0001,120,0.471369139052788,0.0397146728201154,70.0789037415827,1
106,5,61,0.0001,30,8.61459492883949,9.55806726848608,1.68021537013102,0
106,5,61,0.0001,60,8.91160285103388,8.90935033968764,10.3200544534141,1
106,5,61,0.0001,120,7.55089621325478,8.46281376147618,70.0789037415827,1
106,6,41,1e-08,30,0.013925752686039,2.4004262787043e-05,0.000511393838153745,0
106,6,41,1e-08,60,0.0234129049057194,0.00026476810919225,0.00188882742211014,0
106,6,41,1e-08,120,0.14296670001205,0.00930685217946167,0.00965274561946435,0
106,6,61,1e-08,30,8.33747918673055,9.28777662238265,0.000511393838153745,0
106,6,61,1e-08,60,8.53399097947541,9.22244833231572,0.00188882742211014,0
106,6,61,1e-08,120,7.14778665357093,8.73067073045001,0.00965274561946435,0
106,6,41,1e-06,30,1.4260210569325e-06,2.4004262787043e-05,0.0175581569974071,1
106,6,41,1e-06,60,0.000879764962592225,0.00026476810919225,0.105439709753164,1
106,6,41,1e-06,120,0.0046911229442194,0.00930685217946167,0.70847130360818,1
106,6,61,1e-06,30,8.24325278094018,9.28777662238265,0.0175581569974071,0
106,6,61,1e-06,60,8.37025332478089,9.22244833231572,0.105439709753164,0
106,6,61,1e-06,120,6.87372249624096,8.73067073045001,0.70847130360818,0
106,6,41,0.0001,30,0.000187191343386522,2.4004262787043e-05,1.68021537013102,1
106,6,41,0.0001,60,0.00285664935560856,0.00026476810919225,10.3200544534141,1
106,6,41,0.0001,120,0.000488703025380262,0.00930685217946167,70.0789037415827,1
106,6,61,0.0001,30,8.25537638001541,9.28777662238265,1.68021537013102,0
106,6,61,0.0001,60,8.39607678447621,9.22244833231572,10.3200544534141,1
106,6,61,0.0001,120,6.92182294487585,8.73067073045001,70.0789037415827,1
106,7,41,1e-08,30,3.07410240846171,0.00127321819342765,0.000511393838153745,0
106,7,41,1e-08,60,9.6726909841626,0.000829910279024251,0.00188882742211014,0
106,7,41,1e-08,120,0.535963027639187,0.0827316675131091,0.00965274561946435,0
106,7,61,1e-08,30,0.000471159047191564,0.000167859949108388,0.000511393838153745,1
106,7,61,1e-08,60,0.219709809946075,0.207858541692497,0.00188882742211014,0
106,7,61,1e-08,120,6.94877040467282,6.83875365163889,0.00965274561946435,0
106,7,41,1e-06,30,0.193616758374881,0.00127321819342765,0.0175581569974071,0
106,7,41,1e-06,60,0.873514469525673,0.000829910279024251,0.105439709753164,0
106,7,41,1e-06,120,2.7266291596103,0.0827316675131091,0.70847130360818,0
106,7,61,1e-06,30,4.72081813316567e-05,0.000167859949108388,0.0175581569974071,1
106,7,61,1e-06,60,0.173081778996014,0.207858541692497,0.105439709753164,1
106,7,61,1e-06,120,6.42674542833828,6.83875365163889,0.70847130360818,0
106,7,41,0.0001,30,0.255280933915789,0.00127321819342765,1.68021537013102,1
106,7,41,0.0001,60,1.10920523185129,0.000829910279024251,10.3200544534141,1
106,7,41,0.0001,120,3.52120234519197,0.0827316675131091,70.0789037415827,1
106,7,61,0.0001,30,7.54662848113359e-05,0.000167859949108388,1.68021537013102,1
106,7,61,0.0001,60,0.170260348708659,0.207858541692497,10.3200544534141,1
106,7,61,0.0001,120,6.39341745780159,6.83875365163889,70.0789037415827,1
106,8,41,1e-08,30,0.00178016078079127,0.0236304430823686,0.000511393838153745,1
106,8,41,1e-08,60,0.000610194225767491,0.0566702209884554,0.00188882742211014,1
106,8,41,1e-08,120,0.343348368933342,0.114060394237286,0.00965274561946435,0
106,8,61,1e-08,30,0.000262189135046067,0.0859261486947366,0.000511393838153745,1
106,8,61,1e-08,60,0.0611393082502896,0.732687104723563,0.00188882742211014,0
106,8,61,1e-08,120,0.602166618178778,3.93415161936053,0.00965274561946435,0
106,8,41,1e-06,30,0.000241562122642504,0.0236304430823686,0.0175581569974071,1
106,8,41,1e-06,60,0.00150483927126602,0.0566702209884554,0.105439709753164,1
106,8,41,1e-06,120,0.795505056465414,0.114060394237286,0.70847130360818,1
106,8,61,1e-06,30,2.86973980944613e-05,0.0859261486947366,0.0175581569974071,1
106,8,61,1e-06,60,0.0787435982117291,0.732687104723563,0.105439709753164,1
106,8,61,1e-06,120,0.693794411860903,3.93415161936053,0.70847130360818,1
106,8,41,0.0001,30,0.00260090465778042,0.0236304430823686,1.68021537013102,1
106,8,41,0.0001,60,0.0293812494328809,0.0566702209884554,10.3200544534141,1
106,8,41,0.0001,120,1.33790919195817,0.114060394237286,70.0789037415827,1
106,8,61,0.0001,30,5.12271393527121e-05,0.0859261486947366,1.68021537013102,1
106,8,61,0.0001,60,0.0806701669564323,0.732687104723563,10.3200544534141,1
106,8,61,0.0001,120,0.704892419408169,3.93415161936053,70.0789037415827,1
106,9,41,1e-08,30,1.76427459286808,0.0156463702913509,0.000511393838153745,0
106,9,41,1e-08,60,5.97996494038808,0.0359590045666346,0.00188882742211014,0
106,9,41,1e-08,120,0.322721560437389,0.51367963248094,0.00965274561946435,0
106,9,61,1e-08,30,1.29664585970548,0.0823421086664657,0.000511393838153745,0
106,9,61,1e-08,60,6.28908045910314,0.148898521283773,0.00188882742211014,0
106,9,61,1e-08,120,0.602347818144009,0.104099662546479,0.00965274561946435,0
106,9,41,1e-06,30,0.710295657508314,0.0156463702913509,0.0175581569974071,0
106,9,41,1e-06,60,3.10447983945063,0.0359590045666346,0.105439709753164,0
106,9,41,1e-06,120,2.71417882755393,0.51367963248094,0.70847130360818,1
106,9,61,1e-06,30,0.726032950310827,0.0823421086664657,0.0175581569974071,0
106,9,61,1e-06,60,3.5637026375733,0.148898521283773,0.105439709753164,0
106,9,61,1e-06,120,4.25570121901073,0.104099662546479,0.70847130360818,0
106,9,41,0.0001,30,0.120596643449738,0.0156463702913509,1.68021537013102,1
106,9,41,0.0001,60,0.402102428678501,0.0359590045666346,10.3200544534141,1
106,9,41,0.0001,120,0.0297136591039941,0.51367963248094,70.0789037415827,1
106,9,61,0.0001,30,0.644190288810373,0.0823421086664657,1.68021537013102,1
106,9,61,0.0001,60,3.21561166693348,0.148898521283773,10.3200544534141,1
106,9,61,0.0001,120,5.05218485271508,0.104099662546479,70.0789037415827,1
106,10,41,1e-08,30,0.467842615823934,0.010029046846776,0.000511393838153745,0
106,10,41,1e-08,60,1.32374529150447,0.0298390635228505,0.00188882742211014,0
106,10,41,1e-08,120,4.45718712028907,0.0843134032679161,0.00965274561946435,0
106,10,61,1e-08,30,0.000397764753635029,4.28288925110785e-05,0.000511393838153745,1
106,10,61,1e-08,60,0.00159778224349872,0.000360826107694355,0.00188882742211014,1
106,10,61,1e-08,120,0.0178534818452467,0.00950346373876808,0.00965274561946435,1
106,10,41,1e-06,30,0.0261259478829184,0.010029046846776,0.0175581569974071,1
106,10,41,1e-06,60,0.122947336671982,0.0298390635228505,0.105439709753164,1
106,10,41,1e-06,120,0.571848428057473,0.0843134032679161,0.70847130360818,1
106,10,61,1e-06,30,1.04367410069018e-05,4.28288925110785e-05,0.0175581569974071,1
106,10,61,1e-06,60,4.96849964583929e-07,0.000360826107694355,0.105439709753164,1
106,10,61,1e-06,120,0.00335643633790411,0.00950346373876808,0.70847130360818,1
106,10,41,0.0001,30,0.0369332598096576,0.010029046846776,1.68021537013102,1
106,10,41,0.0001,60,0.169672636647592,0.0298390635228505,10.3200544534141,1
106,10,41,0.0001,120,0.772537723779311,0.0843134032679161,70.0789037415827,1
106,10,61,0.0001,30,1.55548348184245e-05,4.28288925110785e-05,1.68021537013102,1
106,10,61,0.0001,60,3.93150658825904e-06,0.000360826107694355,10.3200544534141,1
106,10,61,0.0001,120,0.00308332694681796,0.00950346373876808,70.0789037415827,1
106,11,41,1e-08,30,0.000822443142078865,5.60836612987888e-05,0.000511393838153745,1
106,11,41,1e-08,60,0.000573100853791734,0.000200688750929306,0.00188882742211014,1
106,11,41,1e-08,120,0.0304416291945095,0.0607201229642407,0.00965274561946435,1
106,11,61,1e-08,30,3.404403350059e-05,4.38398728804377e-06,0.000511393838153745,1
106,11,61,1e-08,60,0.00115323971107816,0.000217954745778171,0.00188882742211014,1
106,11,61,1e-08,120,0.0154337591457984,0.00680648939197329,0.00965274561946435,1
106,11,41,1e-06,30,0.000245115443576516,5.60836612987888e-05,0.0175581569974071,1
106,11,41,1e-06,60,0.00369730724275397,0.000200688750929306,0.105439709753164,1
106,11,41,1e-06,120,0.115628199395538,0.0607201229642407,0.70847130360818,1
106,11,61,1e-06,30,0.00144818530298844,4.38398728804377e-06,0.0175581569974071,1
106,11,61,1e-06,60,0.00910321971931325,0.000217954745778171,0.105439709753164,1
106,11,61,1e-06,120,0.059607419986915,0.00680648939197329,0.70847130360818,1
106,11,41,0.0001,30,0.000327350909945838,5.60836612987888e-05,1.68021537013102,1
106,11,41,0.0001,60,0.00426848475786267,0.000200688750929306,10.3200544534141,1
106,11,41,0.0001,120,0.121628358797964,0.0607201229642407,70.0789037415827,1
106,11,61,0.0001,30,0.00172877595292699,4.38398728804377e-06,1.68021537013102,1
106,11,61,0.0001,60,0.0104268312924365,0.000217954745778171,10.3200544534141,1
106,11,61,0.0001,120,0.0661531012338959,0.00680648939197329,70.0789037415827,1
106,12,41,1e-08,30,0.0700476734109717,0.048890274170047,0.000511393838153745,0
106,12,41,1e-08,60,0.259407556744261,0.188237354020619,0.00188882742211014,0
106,12,41,1e-08,120,0.801088197487974,0.571189268093012,0.00965274561946435,0
106,12,61,1e-08,30,0.0226639582078527,0.171507669408292,0.000511393838153745,0
106,12,61,1e-08,60,0.10631025171402,0.735618394884882,0.00188882742211014,0
106,12,61,1e-08,120,0.152663510849464,2.12702256997812,0.00965274561946435,0
106,12,41,1e-06,30,0.0461204445541459,0.048890274170047,0.0175581569974071,1
106,12,41,1e-06,60,0.177028960162173,0.188237354020619,0.105439709753164,1
106,12,41,1e-06,120,0.531637188508895,0.571189268093012,0.70847130360818,1
106,12,61,1e-06,30,0.0301731362647,0.171507669408292,0.0175581569974071,1
106,12,61,1e-06,60,0.142280751043476,0.735618394884882,0.105439709753164,1
106,12,61,1e-06,120,0.247855182218222,2.12702256997812,0.70847130360818,1
106,12,41,0.0001,30,0.0449605941646996,0.048890274170047,1.68021537013102,1
106,12,41,0.0001,60,0.172818439817774,0.188237354020619,10.3200544534141,1
106,12,41,0.0001,120,0.517634968317761,0.571189268093012,70.0789037415827,1
106,12,61,0.0001,30,0.0316954324559429,0.171507669408292,1.68021537013102,1
106,12,61,0.0001,60,0.148595426450539,0.735618394884882,10.3200544534141,1
106,12,61,0.0001,120,0.264230298519954,2.12702256997812,70.0789037415827,1
106,13,41,1e-08,30,0.00482576227671295,0.000457234189977525,0.000511393838153745,0
106,13,41,1e-08,60,0.02013599804082,0.00243275063546348,0.00188882742211014,0
106,13,41,1e-08,120,0.0912046707105609,0.0145046176047776,0.00965274561946435,0
106,13,61,1e-08,30,0.0125795670030076,0.15317735081849,0.000511393838153745,0
106,13,61,1e-08,60,0.0540183878931504,0.664033381267446,0.00188882742211014,0
106,13,61,1e-08,120,0.0510368149854272,2.00184206711105,0.00965274561946435,0
106,13,41,1e-06,30,0.00403603530053541,0.000457234189977525,0.0175581569974071,1
106,13,41,1e-06,60,0.0178602653015264,0.00243275063546348,0.105439709753164,1
106,13,41,1e-06,120,0.0835786571415549,0.0145046176047776,0.70847130360818,1
106,13,61,1e-06,30,0.000642700370099601,0.15317735081849,0.0175581569974071,1
106,13,61,1e-06,60,0.00676692778365535,0.664033381267446,0.105439709753164,1
106,13,61,1e-06,120,0.00259530271812607,2.00184206711105,0.70847130360818,1
106,13,41,0.0001,30,0.00412984515981587,0.000457234189977525,1.68021537013102,1
106,13,41,0.0001,60,0.0182479417102122,0.00243275063546348,10.3200544534141,1
106,13,41,0.0001,120,0.0852403537449969,0.0145046176047776,70.0789037415827,1
106,13,61,0.0001,30,0.00054246066176967,0.15317735081849,1.68021537013102,1
106,13,61,0.0001,60,0.00619380645140763,0.664033381267446,10.3200544534141,1
106,13,61,0.0001,120,0.00330675685396797,2.00184206711105,70.0789037415827,1
106,14,41,1e-08,30,1.59505750046646,0.000249071117500505,0.000511393838153745,0
106,14,41,1e-08,60,5.45260016368031,0.000701707991782205,0.00188882742211014,0
106,14,41,1e-08,120,2.70427365779921,0.0124284799508961,0.00965274561946435,0
106,14,61,1e-08,30,2.32090869232535,1.58735674889968,0.000511393838153745,0
106,14,61,1e-08,60,0.216816219197717,0.00158736895370801,0.00188882742211014,0
106,14,61,1e-08,120,2.9669557325947,6.36272367598648,0.00965274561946435,0
106,14,41,1e-06,30,0.2017968900862,0.000249071117500505,0.0175581569974071,0
106,14,41,1e-06,60,0.828697380756544,0.000701707991782205,0.105439709753164,0
106,14,41,1e-06,120,2.79946407891938,0.0124284799508961,0.70847130360818,0
106,14,61,1e-06,30,2.65758471534312,1.58735674889968,0.0175581569974071,0
106,14,61,1e-06,60,0.219236161306174,0.00158736895370801,0.105439709753164,1
106,14,61,1e-06,120,2.25359267045028,6.36272367598648,0.70847130360818,1
106,14,41,0.0001,30,0.353978019390635,0.000249071117500505,1.68021537013102,1
106,14,41,0.0001,60,1.40429640136704,0.000701707991782205,10.3200544534141,1
106,14,41,0.0001,120,4.86546941922545,0.0124284799508961,70.0789037415827,1
106,14,61,0.0001,30,2.42471479231841,1.58735674889968,1.68021537013102,1
106,14,61,0.0001,60,0.371241828903973,0.00158736895370801,10.3200544534141,1
106,14,61,0.0001,120,1.4984435577836,6.36272367598648,70.0789037415827,1
106,15,41,1e-08,30,1.61861198261078,0.00190994569634692,0.000511393838153745,0
106,15,41,1e-08,60,3.2546235333154,0.0847517430673414,0.00188882742211014,0
106,15,41,1e-08,120,2.32603716236302,5.30525634864246,0.00965274561946435,0
106,15,61,1e-08,30,0.00161791782378459,0.00446521155671077,0.000511393838153745,1
106,15,61,1e-08,60,0.00513456710323215,0.0161979273771986,0.00188882742211014,1
106,15,61,1e-08,120,0.0394739813200273,0.0975490148297095,0.00965274561946435,0
106,15,41,1e-06,30,1.17769386597671,0.00190994569634692,0.0175581569974071,0
106,15,41,1e-06,60,6.58817765986809,0.0847517430673414,0.105439709753164,0
106,15,41,1e-06,120,0.347109593912172,5.30525634864246,0.70847130360818,1
106,15,61,1e-06,30,0.000843995382229137,0.00446521155671077,0.0175581569974071,1
106,15,61,1e-06,60,0.00266515589568248,0.0161979273771986,0.105439709753164,1
106,15,61,1e-06,120,0.0258990651974427,0.0975490148297095,0.70847130360818,1
106,15,41,0.0001,30,1.3328043169735,0.00190994569634692,1.68021537013102,1
106,15,41,0.0001,60,7.22346604439292,0.0847517430673414,10.3200544534141,1
106,15,41,0.0001,120,0.661566769096235,5.30525634864246,70.0789037415827,1
106,15,61,0.0001,30,0.000800879085268429,0.00446521155671077,1.68021537013102,1
106,15,61,0.0001,60,0.00252256171841562,0.0161979273771986,10.3200544534141,1
106,15,61,0.0001,120,0.0250384214341088,0.0975490148297095,70.0789037415827,1
106,16,41,1e-08,30,0.00386894416016035,0.00318388843959298,0.000511393838153745,0
106,16,41,1e-08,60,0.143175284774725,0.360902738162385,0.00188882742211014,0
106,16,41,1e-08,120,1.62467309936797,2.90522887089566,0.00965274561946435,0
106,16,61,1e-08,30,0.00101099394221066,0.00312174014782587,0.000511393838153745,1
106,16,61,1e-08,60,0.00403633882580222,0.0147668586353581,0.00188882742211014,1
106,16,61,1e-08,120,0.0299198593952407,0.0892701472656768,0.00965274561946435,1
106,16,41,1e-06,30,0.00780752384054083,0.00318388843959298,0.0175581569974071,1
106,16,41,1e-06,60,0.442267271537572,0.360902738162385,0.105439709753164,0
106,16,41,1e-06,120,3.36151922031837,2.90522887089566,0.70847130360818,0
106,16,61,1e-06,30,0.00105508690385696,0.00312174014782587,0.0175581569974071,1
106,16,61,1e-06,60,0.0031163846768356,0.0147668586353581,0.105439709753164,1
106,16,61,1e-06,120,0.00319680358638962,0.0892701472656768,0.70847130360818,1
106,16,41,0.0001,30,0.00763206960225545,0.00318388843959298,1.68021537013102,1
106,16,41,0.0001,60,0.439074388259146,0.360902738162385,10.3200544534141,1
106,16,41,0.0001,120,3.34241357159671,2.90522887089566,70.0789037415827,1
106,16,61,0.0001,30,0.00146535818142789,0.00312174014782587,1.68021537013102,1
106,16,61,0.0001,60,0.00446130913805932,0.0147668586353581,10.3200544534141,1
106,16,61,0.0001,120,0.00606059479814752,0.0892701472656768,70.0789037415827,1
106,17,41,1e-08,30,0.00128820018433487,0.232061406146542,0.000511393838153745,1
106,17,41,1e-08,60,0.224457542795604,0.409858675310814,0.00188882742211014,0
106,17,41,1e-08,120,4.06614164710832,3.84176096372928,0.00965274561946435,0
106,17,61,1e-08,30,0.0234185359570398,9.83095608806016,0.000511393838153745,0
106,17,61,1e-08,60,0.0214549833467263,0.0237900199493326,0.00188882742211014,0
106,17,61,1e-08,120,5.33841455760106,3.87628993099013,0.00965274561946435,0
106,17,41,1e-06,30,0.188048717834582,0.232061406146542,0.0175581569974071,0
106,17,41,1e-06,60,1.4250317086578,0.409858675310814,0.105439709753164,0
106,17,41,1e-06,120,0.425161435736726,3.84176096372928,0.70847130360818,1
106,17,61,1e-06,30,3.63439783241811,9.83095608806016,0.0175581569974071,0
106,17,61,1e-06,60,6.86667451316692,0.0237900199493326,0.105439709753164,0
106,17,61,1e-06,120,8.68523293337726,3.87628993099013,0.70847130360818,0
106,17,41,0.0001,30,0.200937028858066,0.232061406146542,1.68021537013102,1
106,17,41,0.0001,60,1.48792527850332,0.409858675310814,10.3200544534141,1
106,17,41,0.0001,120,0.363725797972308,3.84176096372928,70.0789037415827,1
106,17,61,0.0001,30,3.95610375670132,9.83095608806016,1.68021537013102,1
106,17,61,0.0001,60,6.10869598944149,0.0237900199493326,10.3200544534141,1
106,17,61,0.0001,120,7.10582168840911,3.87628993099013,70.0789037415827,1
106,18,41,1e-08,30,0.644742525607009,0.27898813648501,0.000511393838153745,0
106,18,41,1e-08,60,4.86314681400815,0.401677017225142,0.00188882742211014,0
106,18,41,1e-08,120,9.31254519147761,7.85766590739918,0.00965274561946435,0
106,18,61,1e-08,30,0.684632665373506,0.222002034564019,0.000511393838153745,0
106,18,61,1e-08,60,1.76475027848891,0.376473735665634,0.00188882742211014,0
106,18,61,1e-08,120,0.498661366645194,4.57208837950831,0.00965274561946435,0
106,18,41,1e-06,30,2.06382488623371,0.27898813648501,0.0175581569974071,0
106,18,41,1e-06,60,8.89812873024805,0.401677017225142,0.105439709753164,0
106,18,41,1e-06,120,1.47367963387407,7.85766590739918,0.70847130360818,1
106,18,61,1e-06,30,0.0153655360152682,0.222002034564019,0.0175581569974071,1
106,18,61,1e-06,60,0.00771310875365729,0.376473735665634,0.105439709753164,1
106,18,61,1e-06,120,7.48115892945125,4.57208837950831,0.70847130360818,0
106,18,41,0.0001,30,2.13209978607931,0.27898813648501,1.68021537013102,1
106,18,41,0.0001,60,8.64472258371783,0.401677017225142,10.3200544534141,1
106,18,41,0.0001,120,1.28310893347371,7.85766590739918,70.0789037415827,1
106,18,61,0.0001,30,0.0104829751561208,0.222002034564019,1.68021537013102,1
106,18,61,0.0001,60,0.0153921941569695,0.376473735665634,10.3200544534141,1
106,18,61,0.0001,120,7.12671397438906,4.57208837950831,70.0789037415827,1
106,19,41,1e-08,30,0.603897218846435,0.022056372619,0.000511393838153745,0
106,19,41,1e-08,60,1.89324927164105,0.0474339900944923,0.00188882742211014,0
106,19,41,1e-08,120,6.17210139300115,0.0713310179510189,0.00965274561946435,0
106,19,61,1e-08,30,0.00292626256059226,0.0574414121142985,0.000511393838153745,0
106,19,61,1e-08,60,0.0665501823728015,0.259835229264406,0.00188882742211014,0
106,19,61,1e-08,120,2.64983718568783,7.4166973830736,0.00965274561946435,0
106,19,41,1e-06,30,0.176106297501875,0.022056372619,0.0175581569974071,0
106,19,41,1e-06,60,0.860593468345403,0.0474339900944923,0.105439709753164,0
106,19,41,1e-06,120,4.13316558038324,0.0713310179510189,0.70847130360818,0
106,19,61,1e-06,30,0.88195738674676,0.0574414121142985,0.0175581569974071,0
106,19,61,1e-06,60,3.42443214513811,0.259835229264406,0.105439709753164,0
106,19,61,1e-06,120,1.35343688792623,7.4166973830736,0.70847130360818,1
106,19,41,0.0001,30,0.188006584021206,0.022056372619,1.68021537013102,1
106,19,41,0.0001,60,0.895897218045452,0.0474339900944923,10.3200544534141,1
106,19,41,0.0001,120,4.25033818918552,0.0713310179510189,70.0789037415827,1
106,19,61,0.0001,30,1.82136858921129,0.0574414121142985,1.68021537013102,1
106,19,61,0.0001,60,7.12291841317284,0.259835229264406,10.3200544534141,1
106,19,61,0.0001,120,7.82620472172915,7.4166973830736,70.0789037415827,1
106,20,41,1e-08,30,0.371296377406718,0.157943360640408,0.000511393838153745,0
106,20,41,1e-08,60,2.27981285703564,0.372395269544028,0.00188882742211014,0
106,20,41,1e-08,120,6.38434271397918,0.348639959606807,0.00965274561946435,0
106,20,61,1e-08,30,4.46160331977193,0.00945175959723425,0.000511393838153745,0
106,20,61,1e-08,60,3.07700559803249,0.000474718883683047,0.00188882742211014,0
106,20,61,1e-08,120,0.24753249328883,8.03883949773768,0.00965274561946435,0
106,20,41,1e-06,30,0.665871219773547,0.157943360640408,0.0175581569974071,0
106,20,41,1e-06,60,3.30526559482805,0.372395269544028,0.105439709753164,0
106,20,41,1e-06,120,4.06288681397059,0.348639959606807,0.70847130360818,0
106,20,61,1e-06,30,8.37922604086148,0.00945175959723425,0.0175581569974071,0
106,20,61,1e-06,60,0.0989738824876444,0.000474718883683047,0.105439709753164,1
106,20,61,1e-06,120,5.09049186731433,8.03883949773768,0.70847130360818,0
106,20,41,0.0001,30,0.671494531505232,0.157943360640408,1.68021537013102,1
106,20,41,0.0001,60,3.32518614071799,0.372395269544028,10.3200544534141,1
106,20,41,0.0001,120,4.02454187301176,0.348639959606807,70.0789037415827,1
106,20,61,0.0001,30,8.66386983630247,0.00945175959723425,1.68021537013102,0
106,20,61,0.0001,60,0.049984834439836,0.000474718883683047,10.3200544534141,1
106,20,61,0.0001,120,5.91357698607297,8.03883949773768,70.0789037415827,1
107,1,41,1e-08,30,2.35918005809539,3.62031724802027,0.000511393838153745,0
107,1,41,1e-08,60,1.40891452304995,4.13262787866688,0.00188882742211014,0
107,1,41,1e-08,120,0.0399303389946246,4.01622697293938,0.00965274561946435,0
107,1,61,1e-08,30,9.34424725578182,2.68610776813657,0.000511393838153745,0
107,1,61,1e-08,60,2.20818248284827,5.67139415753886,0.00188882742211014,0
107,1,61,1e-08,120,0.0579470419303563,2.66049683140109,0.00965274561946435,0
107,1,41,1e-06,30,1.11997861668304,3.62031724802027,0.0175581569974071,0
107,1,41,1e-06,60,0.115959439280308,4.13262787866688,0.105439709753164,1
107,1,41,1e-06,120,1.91594647211722,4.01622697293938,0.70847130360818,1
107,1,61,1e-06,30,3.71575855170673,2.68610776813657,0.0175581569974071,0
107,1,61,1e-06,60,8.72052152533762,5.67139415753886,0.105439709753164,0
107,1,61,1e-06,120,7.66439449756272,2.66049683140109,0.70847130360818,0
107,1,41,0.0001,30,1.07570653086219,3.62031724802027,1.68021537013102,1
107,1,41,0.0001,60,0.0910525332864551,4.13262787866688,10.3200544534141,1
107,1,41,0.0001,120,2.12651920229952,4.01622697293938,70.0789037415827,1
107,1,61,0.0001,30,3.69780310566248,2.68610776813657,1.68021537013102,1
107,1,61,0.0001,60,8.6994167986134,5.67139415753886,10.3200544534141,1
107,1,61,0.0001,120,7.65664165961846,2.66049683140109,70.0789037415827,1
107,2,41,1e-08,30,0.145402032916333,0.403697218151697,0.000511393838153745,0
107,2,41,1e-08,60,2.81553565165562,0.442776551406526,0.00188882742211014,0
107,2,41,1e-08,120,3.51020022150718,0.344689725388896,0.00965274561946435,0
107,2,61,1e-08,30,0.00125058048874514,0.000220071966562358,0.000511393838153745,1
107,2,61,1e-08,60,0.00844803727212541,0.000522856452880228,0.00188882742211014,0
107,2,61,1e-08,120,7.04162051956223,8.76837014546419,0.00965274561946435,0
107,2,41,1e-06,30,2.94980196655342,0.403697218151697,0.0175581569974071,0
107,2,41,1e-06,60,4.9853103634176,0.442776551406526,0.105439709753164,0
107,2,41,1e-06,120,6.61224190079701,0.344689725388896,0.70847130360818,0
107,2,61,1e-06,30,0.0194763632438959,0.000220071966562358,0.0175581569974071,1
107,2,61,1e-06,60,0.0831939716287201,0.000522856452880228,0.105439709753164,1
107,2,61,1e-06,120,7.27342026613067,8.76837014546419,0.70847130360818,0
107,2,41,0.0001,30,3.16892690494568,0.403697218151697,1.68021537013102,1
107,2,41,0.0001,60,4.48361535841306,0.442776551406526,10.3200544534141,1
107,2,41,0.0001,120,7.79586314699511,0.344689725388896,70.0789037415827,1
107,2,61,0.0001,30,0.0133146123740529,0.000220071966562358,1.68021537013102,1
107,2,61,0.0001,60,0.0564544622157256,0.000522856452880228,10.3200544534141,1
107,2,61,0.0001,120,7.84608778436632,8.76837014546419,70.0789037415827,1
107,3,41,1e-08,30,0.0620110008331853,0.000898160102810073,0.000511393838153745,0
107,3,41,1e-08,60,0.21963694203511,0.0118410984859567,0.00188882742211014,0
107,3,41,1e-08,120,0.401408020647963,6.15210347779409e-05,0.00965274561946435,0
107,3,61,1e-08,30,0.341121117914043,0.00830946317722512,0.000511393838153745,0
107,3,61,1e-08,60,0.544523901553924,0.000338960242270572,0.00188882742211014,0
107,3,61,1e-08,120,1.39192503775207,0.0106896556789833,0.00965274561946435,0
107,3,41,1e-06,30,0.0273190154745107,0.000898160102810073,0.0175581569974071,1
107,3,41,1e-06,60,0.144094375319117,0.0118410984859567,0.105439709753164,1
107,3,41,1e-06,120,0.285015380339525,6.15210347779409e-05,0.70847130360818,1
107,3,61,1e-06,30,0.00462453587547186,0.00830946317722512,0.0175581569974071,1
107,3,61,1e-06,60,0.114476893454165,0.000338960242270572,0.105439709753164,1
107,3,61,1e-06,120,0.554832512781228,0.0106896556789833,0.70847130360818,1
107,3,41,0.0001,30,0.0281001676487469,0.000898160102810073,1.68021537013102,1
107,3,41,0.0001,60,0.147564832235831,0.0118410984859567,10.3200544534141,1
107,3,41,0.0001,120,0.294640117171343,6.15210347779409e-05,70.0789037415827,1
107,3,61,0.0001,30,0.00184920372726563,0.00830946317722512,1.68021537013102,1
107,3,61,0.0001,60,0.0822196450358469,0.000338960242270572,10.3200544534141,1
107,3,61,0.0001,120,0.409676759643483,0.0106896556789833,70.0789037415827,1
107,4,41,1e-08,30,0.0435790782843843,0.00024779322609238,0.000511393838153745,0
107,4,41,1e-08,60,0.184056697758031,0.00997768134009129,0.00188882742211014,0
107,4,41,1e-08,120,0.41305423962289,0.00170835562952159,0.00965274561946435,0
107,4,61,1e-08,30,1.95546146067946,2.19747676231581,0.000511393838153745,0
107,4,61,1e-08,60,2.98062245588637,3.95904948597562,0.00188882742211014,0
107,4,61,1e-08,120,8.45362660348711,7.58358148390826,0.00965274561946435,0
107,4,41,1e-06,30,0.0178913808046685,0.00024779322609238,0.0175581569974071,1
107,4,41,1e-06,60,0.112689490572297,0.00997768134009129,0.105439709753164,1
107,4,41,1e-06,120,0.262872008437166,0.00170835562952159,0.70847130360818,1
107,4,61,1e-06,30,0.34482010497603,2.19747676231581,0.0175581569974071,0
107,4,61,1e-06,60,0.0369905071805788,3.95904948597562,0.105439709753164,1
107,4,61,1e-06,120,0.00525851120325472,7.58358148390826,0.70847130360818,1
107,4,41,0.0001,30,0.0176464966225822,0.00024779322609238,1.68021537013102,1
107,4,41,0.0001,60,0.11161154157309,0.00997768134009129,10.3200544534141,1
107,4,41,0.0001,120,0.259813762834856,0.00170835562952159,70.0789037415827,1
107,4,61,0.0001,30,0.289208985164799,2.19747676231581,1.68021537013102,1
107,4,61,0.0001,60,0.0100896327302766,3.95904948597562,10.3200544534141,1
107,4,61,0.0001,120,0.0621489812166155,7.58358148390826,70.0789037415827,1
107,5,41,1e-08,30,0.00112547020047785,0.00344980587470821,0.000511393838153745,1
107,5,41,1e-08,60,0.00498953722616123,0.0105505048800339,0.00188882742211014,1
107,5,41,1e-08,120,0.170683825711386,0.00602924645883225,0.00965274561946435,0
107,5,61,1e-08,30,0.0659777138773605,0.164287660819857,0.000511393838153745,0
107,5,61,1e-08,60,0.560207813204082,1.14747442168082,0.00188882742211014,0
107,5,61,1e-08,120,1.85381778883313,4.13235741805264,0.00965274561946435,0
107,5,41,1e-06,30,0.000455820278235005,0.00344980587470821,0.0175581569974071,1
107,5,41,1e-06,60,0.00329453718857661,0.0105505048800339,0.105439709753164,1
107,5,41,1e-06,120,0.158260242804048,0.00602924645883225,0.70847130360818,1
107,5,61,1e-06,30,0.0267251076040004,0.164287660819857,0.0175581569974071,1
107,5,61,1e-06,60,0.344561652711846,1.14747442168082,0.105439709753164,1
107,5,61,1e-06,120,1.13185403272583,4.13235741805264,0.70847130360818,1
107,5,41,0.0001,30,0.000477678804943585,0.00344980587470821,1.68021537013102,1
107,5,41,0.0001,60,0.00341823852605446,0.0105505048800339,10.3200544534141,1
107,5,41,0.0001,120,0.160008368950281,0.00602924645883225,70.0789037415827,1
107,5,61,0.0001,30,0.0248460084987969,0.164287660819857,1.68021537013102,1
107,5,61,0.0001,60,0.331546123285987,1.14747442168082,10.3200544534141,1
107,5,61,0.0001,120,1.08578546626658,4.13235741805264,70.0789037415827,1
107,6,41,1e-08,30,0.000162750499014833,0.00205492425037999,0.000511393838153745,1
107,6,41,1e-08,60,0.000854692884854122,0.00117524864465894,0.00188882742211014,1
107,6,41,1e-08,120,0.394095606008918,0.252372659791652,0.00965274561946435,0
107,6,61,1e-08,30,0.0306947049889826,0.0903007400804583,0.000511393838153745,0
107,6,61,1e-08,60,0.318478350125594,0.690729776655663,0.00188882742211014,0
107,6,61,1e-08,120,2.2292297431818,4.17280727832009,0.00965274561946435,0
107,6,41,1e-06,30,5.64323466881711e-07,0.00205492425037999,0.0175581569974071,1
107,6,41,1e-06,60,0.00302963340740644,0.00117524864465894,0.105439709753164,1
107,6,41,1e-06,120,0.464004772564638,0.252372659791652,0.70847130360818,1
107,6,61,1e-06,30,0.00344529365071902,0.0903007400804583,0.0175581569974071,1
107,6,61,1e-06,60,0.120527468508093,0.690729776655663,0.105439709753164,1
107,6,61,1e-06,120,1.154680852033,4.17280727832009,0.70847130360818,1
107,6,41,0.0001,30,2.07309785166227e-06,0.00205492425037999,1.68021537013102,1
107,6,41,0.0001,60,0.0035120074011268,0.00117524864465894,10.3200544534141,1
107,6,41,0.0001,120,0.475351142287198,0.252372659791652,70.0789037415827,1
107,6,61,0.0001,30,0.00403095557625225,0.0903007400804583,1.68021537013102,1
107,6,61,0.0001,60,0.127504343818651,0.690729776655663,10.3200544534141,1
107,6,61,0.0001,120,1.19835699336057,4.17280727832009,70.0789037415827,1
107,7,41,1e-08,30,0.0416951360234741,0.00604014863110465,0.000511393838153745,0
107,7,41,1e-08,60,0.108639636014943,0.037892181692691,0.00188882742211014,0
107,7,41,1e-08,120,0.229388411497212,0.280925037330898,0.00965274561946435,0
107,7,61,1e-08,30,1.45295605153994,1.1113808076851,0.000511393838153745,0
107,7,61,1e-08,60,3.70320760540227,2.54255656998623,0.00188882742211014,0
107,7,61,1e-08,120,0.180889142014894,0.0685680146471478,0.00965274561946435,0
107,7,41,1e-06,30,0.00907445876194628,0.00604014863110465,0.0175581569974071,1
107,7,41,1e-06,60,0.022795793958961,0.037892181692691,0.105439709753164,1
107,7,41,1e-06,120,0.0259034202729383,0.280925037330898,0.70847130360818,1
107,7,61,1e-06,30,1.69120789750388,1.1113808076851,0.0175581569974071,0
107,7,61,1e-06,60,4.35794580151179,2.54255656998623,0.105439709753164,0
107,7,61,1e-06,120,0.525257109212781,0.0685680146471478,0.70847130360818,1
107,7,41,0.0001,30,0.00931287801720458,0.00604014863110465,1.68021537013102,1
107,7,41,0.0001,60,0.0236486765610416,0.037892181692691,10.3200544534141,1
107,7,41,0.0001,120,0.0278403572516696,0.280925037330898,70.0789037415827,1
107,7,61,0.0001,30,1.69421431535631,1.1113808076851,1.68021537013102,1
107,7,61,0.0001,60,4.36535731389572,2.54255656998623,10.3200544534141,1
107,7,61,0.0001,120,0.529632666617263,0.0685680146471478,70.0789037415827,1
107,8,41,1e-08,30,0.243416487607786,0.0346531197531146,0.000511393838153745,0
107,8,41,1e-08,60,0.925579896420639,0.0835730437162242,0.00188882742211014,0
107,8,41,1e-08,120,4.65976798165889,0.0555923489862825,0.00965274561946435,0
107,8,61,1e-08,30,0.231314852883083,1.11749006116127,0.000511393838153745,0
107,8,61,1e-08,60,4.82171631685519,1.61795844149566,0.00188882742211014,0
107,8,61,1e-08,120,0.165015205072384,2.10364606594765,0.00965274561946435,0
107,8,41,1e-06,30,0.0179212240608848,0.0346531197531146,0.0175581569974071,1
107,8,41,1e-06,60,0.122071283545297,0.0835730437162242,0.105439709753164,1
107,8,41,1e-06,120,1.0807754272341,0.0555923489862825,0.70847130360818,1
107,8,61,1e-06,30,4.59141867975463,1.11749006116127,0.0175581569974071,0
107,8,61,1e-06,60,1.30623864358477,1.61795844149566,0.105439709753164,0
107,8,61,1e-06,120,1.39171838071516,2.10364606594765,0.70847130360818,1
107,8,41,0.0001,30,0.0182528819982141,0.0346531197531146,1.68021537013102,1
107,8,41,0.0001,60,0.124897666931798,0.0835730437162242,10.3200544534141,1
107,8,41,0.0001,120,1.10082542469797,0.0555923489862825,70.0789037415827,1
107,8,61,0.0001,30,4.92892556338525,1.11749006116127,1.68021537013102,1
107,8,61,0.0001,60,1.00115918752231,1.61795844149566,10.3200544534141,1
107,8,61,0.0001,120,0.823452861734667,2.10364606594765,70.0789037415827,1
107,9,41,1e-08,30,1.3425208917738,0.00311581536959781,0.000511393838153745,0
107,9,41,1e-08,60,7.44976713318521,0.0132994497111986,0.00188882742211014,0
107,9,41,1e-08,120,0.194517955612867,0.0692330396516931,0.00965274561946435,0
107,9,61,1e-08,30,3.33461309643122,0.0277114466889482,0.000511393838153745,0
107,9,61,1e-08,60,5.35563044916159,0.036364702838441,0.00188882742211014,0
107,9,61,1e-08,120,3.73060985532085,0.0396463934032647,0.00965274561946435,0
107,9,41,1e-06,30,9.0911562705866,0.00311581536959781,0.0175581569974071,0
107,9,41,1e-06,60,0.058643183148785,0.0132994497111986,0.105439709753164,1
107,9,41,1e-06,120,0.25241096596979,0.0692330396516931,0.70847130360818,1
107,9,61,1e-06,30,5.47889327470421,0.0277114466889482,0.0175581569974071,0
107,9,61,1e-06,60,2.181736912911,0.036364702838441,0.105439709753164,0
107,9,61,1e-06,120,7.78073114234843,0.0396463934032647,0.70847130360818,0
107,9,41,0.0001,30,9.6587883128929,0.00311581536959781,1.68021537013102,0
107,9,41,0.0001,60,0.0050410178676764,0.0132994497111986,10.3200544534141,1
107,9,41,0.0001,120,0.0303889579065608,0.0692330396516931,70.0789037415827,1
107,9,61,0.0001,30,4.89589027848099,0.0277114466889482,1.68021537013102,1
107,9,61,0.0001,60,2.94397101937781,0.036364702838441,10.3200544534141,1
107,9,61,0.0001,120,9.20318078403977,0.0396463934032647,70.0789037415827,1
107,10,41,1e-08,30,0.00667824928803877,0.0134290320133456,0.000511393838153745,0
107,10,41,1e-08,60,0.0257078617590469,0.0596889888155846,0.00188882742211014,0
107,10,41,1e-08,120,0.14368180923046,0.316583244150541,0.00965274561946435,0
107,10,61,1e-08,30,0.209570180967418,0.65136892188919,0.000511393838153745,0
107,10,61,1e-08,60,0.362758276062725,1.69267052403065,0.00188882742211014,0
107,10,61,1e-08,120,0.337544616916897,0.666900638101251,0.00965274561946435,0
107,10,41,1e-06,30,0.000714236913119969,0.0134290320133456,0.0175581569974071,1
107,10,41,1e-06,60,0.00430706601182691,0.0596889888155846,0.105439709753164,1
107,10,41,1e-06,120,0.0419918399278923,0.316583244150541,0.70847130360818,1
107,10,61,1e-06,30,0.231643362384659,0.65136892188919,0.0175581569974071,0
107,10,61,1e-06,60,0.420938558037641,1.69267052403065,0.105439709753164,0
107,10,61,1e-06,120,0.238617822138214,0.666900638101251,0.70847130360818,1
107,10,41,0.0001,30,0.000619977978003696,0.0134290320133456,1.68021537013102,1
107,10,41,0.0001,60,0.0038863779201861,0.0596889888155846,10.3200544534141,1
107,10,41,0.0001,120,0.039485089161605,0.316583244150541,70.0789037415827,1
107,10,61,0.0001,30,0.206257477770091,0.65136892188919,1.68021537013102,1
107,10,61,0.0001,60,0.354237386933873,1.69267052403065,10.3200544534141,1
107,10,61,0.0001,120,0.35410585191318,0.666900638101251,70.0789037415827,1
107,11,41,1e-08,30,0.042340330971875,0.000231328816140718,0.000511393838153745,0
107,11,41,1e-08,60,0.113589834809165,0.00117287910973226,0.00188882742211014,0
107,11,41,1e-08,120,7.37896946178684,8.38032480436258,0.00965274561946435,0
107,11,61,1e-08,30,5.93060146073975,2.25473830018589,0.000511393838153745,0
107,11,61,1e-08,60,0.241050745664584,0.747959324893228,0.00188882742211014,0
107,11,61,1e-08,120,0.268028299575463,2.83021498874388,0.00965274561946435,0
107,11,41,1e-06,30,0.00534554784779465,0.000231328816140718,0.0175581569974071,1
107,11,41,1e-06,60,0.0202743505867457,0.00117287910973226,0.105439709753164,1
107,11,41,1e-06,120,9.21150234732071,8.38032480436258,0.70847130360818,0
107,11,61,1e-06,30,0.509683251206688,2.25473830018589,0.0175581569974071,0
107,11,61,1e-06,60,5.9145842749495,0.747959324893228,0.105439709753164,0
107,11,61,1e-06,120,2.17485778297273,2.83021498874388,0.70847130360818,1
107,11,41,0.0001,30,0.00614523168792365,0.000231328816140718,1.68021537013102,1
107,11,41,0.0001,60,0.0233952940407782,0.00117287910973226,10.3200544534141,1
107,11,41,0.0001,120,9.0835975312015,8.38032480436258,70.0789037415827,1
107,11,61,0.0001,30,0.408877374377391,2.25473830018589,1.68021537013102,1
107,11,61,0.0001,60,6.70330336355628,0.747959324893228,10.3200544534141,1
107,11,61,0.0001,120,1.32817685385563,2.83021498874388,70.0789037415827,1
107,12,41,1e-08,30,0.0565667213379195,0.0828840112123027,0.000511393838153745,0
107,12,41,1e-08,60,1.3414643471068,1.61703004937971,0.00188882742211014,0
107,12,41,1e-08,120,2.11441245614644,2.87035530815501,0.00965274561946435,0
107,12,61,1e-08,30,1.33098464553374,0.404326203207142,0.000511393838153745,0
107,12,61,1e-08,60,2.89994582978579,0.662017318180278,0.00188882742211014,0
107,12,61,1e-08,120,2.92065899546933,0.00589700027996008,0.00965274561946435,0
107,12,41,1e-06,30,0.0361443745216641,0.0828840112123027,0.0175581569974071,1
107,12,41,1e-06,60,1.15732707665274,1.61703004937971,0.105439709753164,0
107,12,41,1e-06,120,1.69590640078993,2.87035530815501,0.70847130360818,1
107,12,61,1e-06,30,0.191274985322854,0.404326203207142,0.0175581569974071,0
107,12,61,1e-06,60,0.169471788937035,0.662017318180278,0.105439709753164,1
107,12,61,1e-06,120,0.53597018751278,0.00589700027996008,0.70847130360818,1
107,12,41,0.0001,30,0.0355195118702082,0.0828840112123027,1.68021537013102,1
107,12,41,0.0001,60,1.15082006319267,1.61703004937971,10.3200544534141,1
107,12,41,0.0001,120,1.68087363646485,2.87035530815501,70.0789037415827,1
107,12,61,0.0001,30,0.167147560917614,0.404326203207142,1.68021537013102,1
107,12,61,0.0001,60,0.129264545345531,0.662017318180278,10.3200544534141,1
107,12,61,0.0001,120,0.691360299248789,0.00589700027996008,70.0789037415827,1
107,13,41,1e-08,30,0.000543308561764717,0.0040303077801383,0.000511393838153745,1
107,13,41,1e-08,60,0.0028682920096767,0.0121774921317817,0.00188882742211014,1
107,13,41,1e-08,120,0.049018817562377,0.00935766599659174,0.00965274561946435,0
107,13,61,1e-08,30,0.0102551412909948,0.0363844896680342,0.000511393838153745,0
107,13,61,1e-08,60,0.0236854604411159,0.121860169049749,0.00188882742211014,0
107,13,61,1e-08,120,0.0233806170056376,0.313040273193392,0.00965274561946435,1
107,13,41,1e-06,30,0.00191201651927436,0.0040303077801383,0.0175581569974071,1
107,13,41,1e-06,60,0.0108398695830365,0.0121774921317817,0.105439709753164,1
107,13,41,1e-06,120,0.1103843779598,0.00935766599659174,0.70847130360818,1
107,13,61,1e-06,30,0.00373664061631935,0.0363844896680342,0.0175581569974071,1
107,13,61,1e-06,60,0.00804864097572666,0.121860169049749,0.105439709753164,1
107,13,61,1e-06,120,0.00165052383267382,0.313040273193392,0.70847130360818,1
107,13,41,0.0001,30,0.00219338672422367,0.0040303077801383,1.68021537013102,1
107,13,41,0.0001,60,0.0121629786730393,0.0121774921317817,10.3200544534141,1
107,13,41,0.0001,120,0.118708539503982,0.00935766599659174,70.0789037415827,1
107,13,61,0.0001,30,0.00383911290220141,0.0363844896680342,1.68021537013102,1
107,13,61,0.0001,60,0.00837415079402975,0.121860169049749,10.3200544534141,1
107,13,61,0.0001,120,0.00196693377022597,0.313040273193392,70.0789037415827,1
107,14,41,1e-08,30,0.000179004332795057,0.00245758440981287,0.000511393838153745,1
107,14,41,1e-08,60,0.000419822307907752,0.00982722667506729,0.00188882742211014,1
107,14,41,1e-08,120,0.00867922118484196,0.0195431756891402,0.00965274561946435,1
107,14,61,1e-08,30,0.00261430785210492,0.030263433703201,0.000511393838153745,0
107,14,61,1e-08,60,0.00563499477890459,0.104168543048549,0.00188882742211014,1
107,14,61,1e-08,120,0.00487783472986284,0.321748829684025,0.00965274561946435,1
107,14,41,1e-06,30,8.6534853702503e-05,0.00245758440981287,0.0175581569974071,1
107,14,41,1e-06,60,0.000354537940437036,0.00982722667506729,0.105439709753164,1
107,14,41,1e-06,120,0.000423101414688275,0.0195431756891402,0.70847130360818,1
107,14,61,1e-06,30,0.0050382870555669,0.030263433703201,0.0175581569974071,1
107,14,61,1e-06,60,0.0137046025270271,0.104168543048549,0.105439709753164,1
107,14,61,1e-06,120,0.0243798516019945,0.321748829684025,0.70847130360818,1
107,14,41,0.0001,30,0.000119766224672917,0.00245758440981287,1.68021537013102,1
107,14,41,0.0001,60,0.000478489279493655,0.00982722667506729,10.3200544534141,1
107,14,41,0.0001,120,0.000216575321606666,0.0195431756891402,70.0789037415827,1
107,14,61,0.0001,30,0.00559955164578348,0.030263433703201,1.68021537013102,1
107,14,61,0.0001,60,0.0154970956463586,0.104168543048549,10.3200544534141,1
107,14,61,0.0001,120,0.0291398506754831,0.321748829684025,70.0789037415827,1
107,15,41,1e-08,30,3.21819678946164e-05,0.00153722945177433,0.000511393838153745,1
107,15,41,1e-08,60,0.00026138484763957,0.00455996692970293,0.00188882742211014,1
107,15,41,1e-08,120,0.0638193584598045,0.00833587599835833,0.00965274561946435,0
107,15,61,1e-08,30,0.00303165212040446,0.00851874873369044,0.000511393838153745,0
107,15,61,1e-08,60,3.6339033253676,3.93026911326841,0.00188882742211014,0
107,15,61,1e-08,120,9.39138751512391,8.47030210568709,0.00965274561946435,0
107,15,41,1e-06,30,9.79523975410286e-05,0.00153722945177433,0.0175581569974071,1
107,15,41,1e-06,60,0.000945530991334429,0.00455996692970293,0.105439709753164,1
107,15,41,1e-06,120,0.0828995657528753,0.00833587599835833,0.70847130360818,1
107,15,61,1e-06,30,0.00154599666155122,0.00851874873369044,0.0175581569974071,1
107,15,61,1e-06,60,3.52029375270138,3.93026911326841,0.105439709753164,0
107,15,61,1e-06,120,9.75413260211753,8.47030210568709,0.70847130360818,0
107,15,41,0.0001,30,0.000131035298300927,0.00153722945177433,1.68021537013102,1
107,15,41,0.0001,60,0.00114125730797413,0.00455996692970293,10.3200544534141,1
107,15,41,0.0001,120,0.0863901036295314,0.00833587599835833,70.0789037415827,1
107,15,61,0.0001,30,0.00124459984150249,0.00851874873369044,1.68021537013102,1
107,15,61,0.0001,60,3.49110813677545,3.93026911326841,10.3200544534141,1
107,15,61,0.0001,120,9.84994176745518,8.47030210568709,70.0789037415827,1
107,16,41,1e-08,30,7.73968275453501e-05,0.00468553379557464,0.000511393838153745,1
107,16,41,1e-08,60,0.000128267071503445,0.0213686694860281,0.00188882742211014,1
107,16,41,1e-08,120,0.000439046204619068,0.093765102793497,0.00965274561946435,1
107,16,61,1e-08,30,0.0249689916150597,0.00538604068565825,0.000511393838153745,0
107,16,61,1e-08,60,1.0071357661086,1.3741678875098,0.00188882742211014,0
107,16,61,1e-08,120,9.66012498022479,7.67990336107536,0.00965274561946435,0
107,16,41,1e-06,30,0.00208518334187818,0.00468553379557464,0.0175581569974071,1
107,16,41,1e-06,60,0.00678557380324805,0.0213686694860281,0.105439709753164,1
107,16,41,1e-06,120,0.0228687468437701,0.093765102793497,0.70847130360818,1
107,16,61,1e-06,30,0.00394050087998249,0.00538604068565825,0.0175581569974071,1
107,16,61,1e-06,60,1.42588444998776,1.3741678875098,0.105439709753164,0
107,16,61,1e-06,120,7.43615510608821,7.67990336107536,0.70847130360818,0
107,16,41,0.0001,30,0.00223709963867515,0.00468553379557464,1.68021537013102,1
107,16,41,0.0001,60,0.00727967296806084,0.0213686694860281,10.3200544534141,1
107,16,41,0.0001,120,0.0245846772418361,0.093765102793497,70.0789037415827,1
107,16,61,0.0001,30,0.00634767983269075,0.00538604068565825,1.68021537013102,1
107,16,61,0.0001,60,1.34486990688794,1.3741678875098,10.3200544534141,1
107,16,61,0.0001,120,7.81979664523533,7.67990336107536,70.0789037415827,1
107,17,41,1e-08,30,0.1610586612373,0.0181367079865703,0.000511393838153745,0
107,17,41,1e-08,60,0.967555955296773,0.0228774243741542,0.00188882742211014,0
107,17,41,1e-08,120,4.51236633294845,0.0434599977921853,0.00965274561946435,0
107,17,61,1e-08,30,1.88793799112488,1.13684885024502,0.000511393838153745,0
107,17,61,1e-08,60,1.17056998859961,0.257370392003594,0.00188882742211014,0
107,17,61,1e-08,120,6.43106848946242,2.03833316531895,0.00965274561946435,0
107,17,41,1e-06,30,0.283789957278074,0.0181367079865703,0.0175581569974071,0
107,17,41,1e-06,60,1.40145586560256,0.0228774243741542,0.105439709753164,0
107,17,41,1e-06,120,6.06142913210582,0.0434599977921853,0.70847130360818,0
107,17,61,1e-06,30,0.399775757169533,1.13684885024502,0.0175581569974071,0
107,17,61,1e-06,60,0.134309777999341,0.257370392003594,0.105439709753164,1
107,17,61,1e-06,120,0.106140187759929,2.03833316531895,0.70847130360818,1
107,17,41,0.0001,30,0.278281830694996,0.0181367079865703,1.68021537013102,1
107,17,41,0.0001,60,1.37626440345453,0.0228774243741542,10.3200544534141,1
107,17,41,0.0001,120,5.95517695773691,0.0434599977921853,70.0789037415827,1
107,17,61,0.0001,30,0.403194788120072,1.13684885024502,1.68021537013102,1
107,17,61,0.0001,60,0.126202212552347,0.257370392003594,10.3200544534141,1
107,17,61,0.0001,120,0.08849861456165,2.03833316531895,70.0789037415827,1
107,18,41,1e-08,30,0.230857909505123,0.149665000648106,0.000511393838153745,0
107,18,41,1e-08,60,0.319191017701585,0.168201666730045,0.00188882742211014,0
107,18,41,1e-08,120,0.603131710828696,0.249300438569357,0.00965274561946435,0
107,18,61,1e-08,30,0.0979093065348843,0.0576690485867435,0.000511393838153745,0
107,18,61,1e-08,60,0.818519132379456,0.484349571404692,0.00188882742211014,0
107,18,61,1e-08,120,3.80113445599165,2.15756992270983,0.00965274561946435,0
107,18,41,1e-06,30,0.125057483898031,0.149665000648106,0.0175581569974071,0
107,18,41,1e-06,60,0.117462544273745,0.168201666730045,0.105439709753164,1
107,18,41,1e-06,120,0.132186195655227,0.249300438569357,0.70847130360818,1
107,18,61,1e-06,30,0.18982948837373,0.0576690485867435,0.0175581569974071,0
107,18,61,1e-06,60,1.17947755524201,0.484349571404692,0.105439709753164,0
107,18,61,1e-06,120,5.05360198269972,2.15756992270983,0.70847130360818,0
107,18,41,0.0001,30,0.120662796876362,0.149665000648106,1.68021537013102,1
107,18,41,0.0001,60,0.109636394130195,0.168201666730045,10.3200544534141,1
107,18,41,0.0001,120,0.116465119263472,0.249300438569357,70.0789037415827,1
107,18,61,0.0001,30,0.163314999449621,0.0576690485867435,1.68021537013102,1
107,18,61,0.0001,60,1.04836054784882,0.484349571404692,10.3200544534141,1
107,18,61,0.0001,120,4.51450748593912,2.15756992270983,70.0789037415827,1
107,19,41,1e-08,30,0.185516795968812,0.000885512547403641,0.000511393838153745,0
107,19,41,1e-08,60,0.661183339507246,0.00616740246016462,0.00188882742211014,0
107,19,41,1e-08,120,2.3047027828463,0.0556586064198266,0.00965274561946435,0
107,19,61,1e-08,30,0.907756360242474,0.623099900082079,0.000511393838153745,0
107,19,61,1e-08,60,0.348788607610815,0.149382209078157,0.00188882742211014,0
107,19,61,1e-08,120,0.0443922114311519,0.0055896502797034,0.00965274561946435,0
107,19,41,1e-06,30,0.0598421241628714,0.000885512547403641,0.0175581569974071,1
107,19,41,1e-06,60,0.219781260401681,0.00616740246016462,0.105439709753164,1
107,19,41,1e-06,120,0.735022563424723,0.0556586064198266,0.70847130360818,1
107,19,61,1e-06,30,0.156167033290641,0.623099900082079,0.0175581569974071,0
107,19,61,1e-06,60,0.165262432267714,0.149382209078157,0.105439709753164,1
107,19,61,1e-06,120,2.77377109802791,0.0055896502797034,0.70847130360818,0
107,19,41,0.0001,30,0.0552483213937262,0.000885512547403641,1.68021537013102,1
107,19,41,0.0001,60,0.203461020071979,0.00616740246016462,10.3200544534141,1
107,19,41,0.0001,120,0.677761842733471,0.0556586064198266,70.0789037415827,1
107,19,61,0.0001,30,0.122120218337882,0.623099900082079,1.68021537013102,1
107,19,61,0.0001,60,0.243415286101682,0.149382209078157,10.3200544534141,1
107,19,61,0.0001,120,3.36560441364164,0.0055896502797034,70.0789037415827,1
107,20,41,1e-08,30,0.000471444379475122,0.00916623091513999,0.000511393838153745,1
107,20,41,1e-08,60,0.000840541761215796,0.0280707997460677,0.00188882742211014,1
107,20,41,1e-08,120,0.00379568159219248,0.0424316951731631,0.00965274561946435,1
107,20,61,1e-08,30,1.75708121240173,0.948677372783382,0.000511393838153745,0
107,20,61,1e-08,60,1.70056222461837,0.478762126029889,0.00188882742211014,0
107,20,61,1e-08,120,1.24864871015765,0.000251607333987757,0.00965274561946435,0
107,20,41,1e-06,30,0.00179517133372045,0.00916623091513999,0.0175581569974071,1
107,20,41,1e-06,60,0.00370714679137685,0.0280707997460677,0.105439709753164,1
107,20,41,1e-06,120,5.24140217250399e-05,0.0424316951731631,0.70847130360818,1
107,20,61,1e-06,30,0.778917374006453,0.948677372783382,0.0175581569974071,0
107,20,61,1e-06,60,0.256603070910635,0.478762126029889,0.105439709753164,1
107,20,61,1e-06,120,0.151387676928836,0.000251607333987757,0.70847130360818,1
107,20,41,0.0001,30,0.00185847245252662,0.00916623091513999,1.68021537013102,1
107,20,41,0.0001,60,0.00387923598591095,0.0280707997460677,10.3200544534141,1
107,20,41,0.0001,120,2.05148059080951e-05,0.0424316951731631,70.0789037415827,1
107,20,61,0.0001,30,0.780194011969015,0.948677372783382,1.68021537013102,1
107,20,61,0.0001,60,0.260583302093235,0.478762126029889,10.3200544534141,1
107,20,61,0.0001,120,0.143482551109375,0.000251607333987757,70.0789037415827,1
108,1,41,1e-08,30,2.34365947302756,0.217754833428485,0.000511393838153745,0
108,1,41,1e-08,60,7.90389221565583,1.66824961421194,0.00188882742211014,0
108,1,41,1e-08,120,2.25968104631505,8.46130849644444,0.00965274561946435,0
108,1,61,1e-08,30,3.94217294606938,8.10145728649788,0.000511393838153745,0
108,1,61,1e-08,60,0.299828922553526,1.04771034084969,0.00188882742211014,0
108,1,61,1e-08,120,5.86501756805052,0.756213361434104,0.00965274561946435,0
108,1,41,1e-06,30,1.59977046723022,0.217754833428485,0.0175581569974071,0
108,1,41,1e-06,60,8.31826560037145,1.66824961421194,0.105439709753164,0
108,1,41,1e-06,120,0.074206994442756,8.46130849644444,0.70847130360818,1
108,1,61,1e-06,30,3.54566445829175,8.10145728649788,0.0175581569974071,0
108,1,61,1e-06,60,0.823413420657536,1.04771034084969,0.105439709753164,0
108,1,61,1e-06,120,2.39385650189068,0.756213361434104,0.70847130360818,1
108,1,41,0.0001,30,1.50285490086766,0.217754833428485,1.68021537013102,1
108,1,41,0.0001,60,7.89666704075931,1.66824961421194,10.3200544534141,1
108,1,41,0.0001,120,0.0164127434664662,8.46130849644444,70.0789037415827,1
108,1,61,0.0001,30,3.35182002488583,8.10145728649788,1.68021537013102,1
108,1,61,0.0001,60,1.01503215800742,1.04771034084969,10.3200544534141,1
108,1,61,0.0001,120,1.8262838849327,0.756213361434104,70.0789037415827,1
108,2,41,1e-08,30,0.175011500998911,0.583039737124843,0.000511393838153745,0
108,2,41,1e-08,60,3.7359863915593,0.596641967610389,0.00188882742211014,0
108,2,41,1e-08,120,2.53087494164088,4.50287525186592,0.00965274561946435,0
108,2,61,1e-08,30,0.00395599556712092,3.44131655346884e-05,0.000511393838153745,0
108,2,61,1e-08,60,0.00233573522386419,0.0102168617680313,0.00188882742211014,1
108,2,61,1e-08,120,7.10199925810331,8.85452566517127,0.00965274561946435,0
108,2,41,1e-06,30,3.79668732965533,0.583039737124843,0.0175581569974071,0
108,2,41,1e-06,60,2.62272232567165,0.596641967610389,0.105439709753164,0
108,2,41,1e-06,120,0.193473475996427,4.50287525186592,0.70847130360818,1
108,2,61,1e-06,30,0.00113066319132442,3.44131655346884e-05,0.0175581569974071,1
108,2,61,1e-06,60,0.000517770571366371,0.0102168617680313,0.105439709753164,1
108,2,61,1e-06,120,7.95052175577885,8.85452566517127,0.70847130360818,0
108,2,41,0.0001,30,4.10825346963496,0.583039737124843,1.68021537013102,1
108,2,41,0.0001,60,2.17438390418153,0.596641967610389,10.3200544534141,1
108,2,41,0.0001,120,0.515261917929036,4.50287525186592,70.0789037415827,1
108,2,61,0.0001,30,0.000686808998744606,3.44131655346884e-05,1.68021537013102,1
108,2,61,0.0001,60,0.0013645155685863,0.0102168617680313,10.3200544534141,1
108,2,61,0.0001,120,8.1075996366965,8.85452566517127,70.0789037415827,1
108,3,41,1e-08,30,1.79837738825353,3.91886315694057,0.000511393838153745,0
108,3,41,1e-08,60,0.493731361940616,4.53778382789296,0.00188882742211014,0
108,3,41,1e-08,120,1.29173637698502,3.49295204652408,0.00965274561946435,0
108,3,61,1e-08,30,7.75552268220993,1.81144623421209,0.000511393838153745,0
108,3,61,1e-08,60,0.00212879668644861,3.62825337907518,0.00188882742211014,1
108,3,61,1e-08,120,0.42356890508867,9.36090773991139,0.00965274561946435,0
108,3,41,1e-06,30,0.499750138849803,3.91886315694057,0.0175581569974071,0
108,3,41,1e-06,60,0.176382607353676,4.53778382789296,0.105439709753164,1
108,3,41,1e-06,120,9.28379900220065,3.49295204652408,0.70847130360818,0
108,3,61,1e-06,30,7.95581228229322,1.81144623421209,0.0175581569974071,0
108,3,61,1e-06,60,2.06511325239462,3.62825337907518,0.105439709753164,0
108,3,61,1e-06,120,7.92446467978479,9.36090773991139,0.70847130360818,0
108,3,41,0.0001,30,0.457996520452745,3.91886315694057,1.68021537013102,1
108,3,41,0.0001,60,0.226155440012901,4.53778382789296,10.3200544534141,1
108,3,41,0.0001,120,8.64682177155156,3.49295204652408,70.0789037415827,1
108,3,61,0.0001,30,7.34450441702373,1.81144623421209,1.68021537013102,0
108,3,61,0.0001,60,2.72293992461242,3.62825337907518,10.3200544534141,1
108,3,61,0.0001,120,5.74490861955285,9.36090773991139,70.0789037415827,1
108,4,41,1e-08,30,7.51752175744171,8.64035651797325,0.000511393838153745,0
108,4,41,1e-08,60,9.00746663542898,8.40296495814709,0.00188882742211014,0
108,4,41,1e-08,120,8.01143075278594,4.31085944037289,0.00965274561946435,0
108,4,61,1e-08,30,0.0518720878093556,0.0203343449274443,0.000511393838153745,0
108,4,61,1e-08,60,0.405384023910809,0.293925544595945,0.00188882742211014,0
108,4,61,1e-08,120,2.09146864804094,1.77650686572113,0.00965274561946435,0
108,4,41,1e-06,30,7.41479361001491,8.64035651797325,0.0175581569974071,0
108,4,41,1e-06,60,8.70618830566778,8.40296495814709,0.105439709753164,0
108,4,41,1e-06,120,8.67130679870308,4.31085944037289,0.70847130360818,0
108,4,61,1e-06,30,0.00419323760374703,0.0203343449274443,0.0175581569974071,1
108,4,61,1e-06,60,0.149121065671613,0.293925544595945,0.105439709753164,1
108,4,61,1e-06,120,1.04158803983094,1.77650686572113,0.70847130360818,1
108,4,41,0.0001,30,7.35890830427252,8.64035651797325,1.68021537013102,0
108,4,41,0.0001,60,8.59048722021709,8.40296495814709,10.3200544534141,1
108,4,41,0.0001,120,8.89925214656425,4.31085944037289,70.0789037415827,1
108,4,61,0.0001,30,0.00484088546215029,0.0203343449274443,1.68021537013102,1
108,4,61,0.0001,60,0.156897257675187,0.293925544595945,10.3200544534141,1
108,4,61,0.0001,120,1.08318457881733,1.77650686572113,70.0789037415827,1
108,5,41,1e-08,30,0.0407231394462655,0.0011882486715248,0.000511393838153745,0
108,5,41,1e-08,60,0.475843763195642,0.00195604337199158,0.00188882742211014,0
108,5,41,1e-08,120,3.46912407060384,7.94407199870551,0.00965274561946435,0
108,5,61,1e-08,30,0.0472567576142592,0.122407666881137,0.000511393838153745,0
108,5,61,1e-08,60,0.760989778083203,1.33766440438494,0.00188882742211014,0
108,5,61,1e-08,120,2.28124505440536,4.40201016266704,0.00965274561946435,0
108,5,41,1e-06,30,3.42268636704856,0.0011882486715248,0.0175581569974071,0
108,5,41,1e-06,60,6.73522988901299,0.00195604337199158,0.105439709753164,0
108,5,41,1e-06,120,5.99186397815028,7.94407199870551,0.70847130360818,0
108,5,61,1e-06,30,0.0322858544939581,0.122407666881137,0.0175581569974071,1
108,5,61,1e-06,60,0.665443664117622,1.33766440438494,0.105439709753164,0
108,5,61,1e-06,120,2.0050171174268,4.40201016266704,0.70847130360818,1
108,5,41,0.0001,30,3.69816106329707,0.0011882486715248,1.68021537013102,1
108,5,41,0.0001,60,6.05971591841899,0.00195604337199158,10.3200544534141,1
108,5,41,0.0001,120,4.80968320331832,7.94407199870551,70.0789037415827,1
108,5,61,0.0001,30,0.0320156621487603,0.122407666881137,1.68021537013102,1
108,5,61,0.0001,60,0.663723468409326,1.33766440438494,10.3200544534141,1
108,5,61,0.0001,120,2.00032368707933,4.40201016266704,70.0789037415827,1
108,6,41,1e-08,30,0.0332239543256675,0.0484512169951143,0.000511393838153745,0
108,6,41,1e-08,60,0.161715125271429,0.209201207492309,0.00188882742211014,0
108,6,41,1e-08,120,7.13983329522771,6.66667043072203,0.00965274561946435,0
108,6,61,1e-08,30,0.0323521940579135,0.106552999337825,0.000511393838153745,0
108,6,61,1e-08,60,0.043856733748889,0.287565283446754,0.00188882742211014,0
108,6,61,1e-08,120,0.00375549151503337,0.560492805592418,0.00965274561946435,1
108,6,41,1e-06,30,0.0880910503364473,0.0484512169951143,0.0175581569974071,0
108,6,41,1e-06,60,0.37411559159522,0.209201207492309,0.105439709753164,1
108,6,41,1e-06,120,5.16455390538971,6.66667043072203,0.70847130360818,0
108,6,61,1e-06,30,0.00447014140067153,0.106552999337825,0.0175581569974071,1
108,6,61,1e-06,60,0.000273156820576858,0.287565283446754,0.105439709753164,1
108,6,61,1e-06,120,0.0849019925328343,0.560492805592418,0.70847130360818,1
108,6,41,0.0001,30,0.0898245401683242,0.0484512169951143,1.68021537013102,1
108,6,41,0.0001,60,0.380166084773881,0.209201207492309,10.3200544534141,1
108,6,41,0.0001,120,5.1238803998497,6.66667043072203,70.0789037415827,1
108,6,61,0.0001,30,0.00379458312575345,0.106552999337825,1.68021537013102,1
108,6,61,0.0001,60,4.35045659851251e-05,0.287565283446754,10.3200544534141,1
108,6,61,0.0001,120,0.0965075110006148,0.560492805592418,70.0789037415827,1
108,7,41,1e-08,30,0.0648553462012499,0.0321755107954702,0.000511393838153745,0
108,7,41,1e-08,60,0.283866255252194,0.149648915359478,0.00188882742211014,0
108,7,41,1e-08,120,0.144645234126327,0.0086615730987751,0.00965274561946435,0
108,7,61,1e-08,30,2.82183396409711e-05,0.0029923896268532,0.000511393838153745,1
108,7,61,1e-08,60,0.00148803645763545,0.00792867330013416,0.00188882742211014,1
108,7,61,1e-08,120,0.0202594903314717,0.0145176038011681,0.00965274561946435,1
108,7,41,1e-06,30,0.0704704328194433,0.0321755107954702,0.0175581569974071,0
108,7,41,1e-06,60,0.312540893157917,0.149648915359478,0.105439709753164,1
108,7,41,1e-06,120,0.191422992611803,0.0086615730987751,0.70847130360818,1
108,7,61,1e-06,30,0.00131830005129504,0.0029923896268532,0.0175581569974071,1
108,7,61,1e-06,60,0.00868502451610268,0.00792867330013416,0.105439709753164,1
108,7,61,1e-06,120,0.0596328732071542,0.0145176038011681,0.70847130360818,1
108,7,41,0.0001,30,0.0702751228832971,0.0321755107954702,1.68021537013102,1
108,7,41,0.0001,60,0.311680473768543,0.149648915359478,10.3200544534141,1
108,7,41,0.0001,120,0.190048209581347,0.0086615730987751,70.0789037415827,1
108,7,61,0.0001,30,0.00137003975094156,0.0029923896268532,1.68021537013102,1
108,7,61,0.0001,60,0.00890996455781018,0.00792867330013416,10.3200544534141,1
108,7,61,0.0001,120,0.0607053350481982,0.0145176038011681,70.0789037415827,1
108,8,41,1e-08,30,0.0125539018063686,0.00248445538489373,0.000511393838153745,0
108,8,41,1e-08,60,0.0389242836786277,0.0157446436054652,0.00188882742211014,0
108,8,41,1e-08,120,0.0113292779879155,0.038999721216396,0.00965274561946435,1
108,8,61,1e-08,30,0.00464691289387401,0.00218474267580319,0.000511393838153745,0
108,8,61,1e-08,60,0.0113346023282287,0.0115335983968404,0.00188882742211014,0
108,8,61,1e-08,120,0.076729450115696,0.0181592420117083,0.00965274561946435,0
108,8,41,1e-06,30,0.000498355756699231,0.00248445538489373,0.0175581569974071,1
108,8,41,1e-06,60,0.000378742700537839,0.0157446436054652,0.105439709753164,1
108,8,41,1e-06,120,0.23810887087336,0.038999721216396,0.70847130360818,1
108,8,61,1e-06,30,0.00104163098302923,0.00218474267580319,0.0175581569974071,1
108,8,61,1e-06,60,0.00627622668879128,0.0115335983968404,0.105439709753164,1
108,8,61,1e-06,120,0.00626855725975202,0.0181592420117083,0.70847130360818,1
108,8,41,0.0001,30,0.000508406725283539,0.00248445538489373,1.68021537013102,1
108,8,41,0.0001,60,0.000372974661984586,0.0157446436054652,10.3200544534141,1
108,8,41,0.0001,120,0.237236928077686,0.038999721216396,70.0789037415827,1
108,8,61,0.0001,30,0.00132872053339358,0.00218474267580319,1.68021537013102,1
108,8,61,0.0001,60,0.00753826900444156,0.0115335983968404,10.3200544534141,1
108,8,61,0.0001,120,0.00876494705099851,0.0181592420117083,70.0789037415827,1
108,9,41,1e-08,30,0.00868480183300172,0.200246710360058,0.000511393838153745,0
108,9,41,1e-08,60,0.312485461409895,0.375695054333967,0.00188882742211014,0
108,9,41,1e-08,120,9.82805181316534,0.509432153974615,0.00965274561946435,0
108,9,61,1e-08,30,5.75395935181541,1.94059481832669,0.000511393838153745,0
108,9,61,1e-08,60,1.20171994705535,0.369385389723197,0.00188882742211014,0
108,9,61,1e-08,120,2.0609989602195,3.05180954994588,0.00965274561946435,0
108,9,41,1e-06,30,0.0742980722166332,0.200246710360058,0.0175581569974071,0
108,9,41,1e-06,60,0.684878062038833,0.375695054333967,0.105439709753164,0
108,9,41,1e-06,120,7.22551839014459,0.509432153974615,0.70847130360818,0
108,9,61,1e-06,30,2.41546615360026,1.94059481832669,0.0175581569974071,0
108,9,61,1e-06,60,0.0741986300919378,0.369385389723197,0.105439709753164,1
108,9,61,1e-06,120,5.90890207984791,3.05180954994588,0.70847130360818,0
108,9,41,0.0001,30,0.0706620785457709,0.200246710360058,1.68021537013102,1
108,9,41,0.0001,60,0.662089032207093,0.375695054333967,10.3200544534141,1
108,9,41,0.0001,120,7.37763906562359,0.509432153974615,70.0789037415827,1
108,9,61,0.0001,30,2.54154951405627,1.94059481832669,1.68021537013102,1
108,9,61,0.0001,60,0.0421465983232548,0.369385389723197,10.3200544534141,1
108,9,61,0.0001,120,6.51282347402426,3.05180954994588,70.0789037415827,1
108,10,41,1e-08,30,0.171277778493504,0.463550346013488,0.000511393838153745,0
108,10,41,1e-08,60,0.121277389577363,0.698854026133655,0.00188882742211014,0
108,10,41,1e-08,120,1.20941037912936,0.02908069080198,0.00965274561946435,0
108,10,61,1e-08,30,0.492989981446852,0.478028603050361,0.000511393838153745,0
108,10,61,1e-08,60,6.55271873932989,0.327456510708587,0.00188882742211014,0
108,10,61,1e-08,120,8.36798840585923,6.58842077033148,0.00965274561946435,0
108,10,41,1e-06,30,0.34979269341816,0.463550346013488,0.0175581569974071,0
108,10,41,1e-06,60,0.432895555876777,0.698854026133655,0.105439709753164,0
108,10,41,1e-06,120,0.2764511221157,0.02908069080198,0.70847130360818,1
108,10,61,1e-06,30,6.91937815263165,0.478028603050361,0.0175581569974071,0
108,10,61,1e-06,60,0.0384467286510861,0.327456510708587,0.105439709753164,1
108,10,61,1e-06,120,8.6934349650443,6.58842077033148,0.70847130360818,0
108,10,41,0.0001,30,0.347432130372814,0.463550346013488,1.68021537013102,1
108,10,41,0.0001,60,0.426616602437232,0.698854026133655,10.3200544534141,1
108,10,41,0.0001,120,0.28746252548362,0.02908069080198,70.0789037415827,1
108,10,61,0.0001,30,7.40644623739466,0.478028603050361,1.68021537013102,0
108,10,61,0.0001,60,0.000870972125824169,0.327456510708587,10.3200544534141,1
108,10,61,0.0001,120,6.92100306722237,6.58842077033148,70.0789037415827,1
108,11,41,1e-08,30,6.05918712616682,6.55013316547596,0.000511393838153745,0
108,11,41,1e-08,60,1.76469751003629,8.4147831279759,0.00188882742211014,0
108,11,41,1e-08,120,8.99545389059542,0.124778376277489,0.00965274561946435,0
108,11,61,1e-08,30,0.00167506768456464,0.224587246535155,0.000511393838153745,1
108,11,61,1e-08,60,0.998030761760989,0.109448304052081,0.00188882742211014,0
108,11,61,1e-08,120,2.96092147897139,2.07036466927639,0.00965274561946435,0
108,11,41,1e-06,30,5.85706823217825,6.55013316547596,0.0175581569974071,0
108,11,41,1e-06,60,6.94902509203349,8.4147831279759,0.105439709753164,0
108,11,41,1e-06,120,0.755235683523498,0.124778376277489,0.70847130360818,1
108,11,61,1e-06,30,1.58073048085187,0.224587246535155,0.0175581569974071,0
108,11,61,1e-06,60,9.83326367240148,0.109448304052081,0.105439709753164,0
108,11,61,1e-06,120,4.38163589866753,2.07036466927639,0.70847130360818,0
108,11,41,0.0001,30,6.47031883793232,6.55013316547596,1.68021537013102,0
108,11,41,0.0001,60,8.23512769869427,8.4147831279759,10.3200544534141,1
108,11,41,0.0001,120,0.172522719056957,0.124778376277489,70.0789037415827,1
108,11,61,0.0001,30,1.57755465877871,0.224587246535155,1.68021537013102,1
108,11,61,0.0001,60,9.7908897922608,0.109448304052081,10.3200544534141,1
108,11,61,0.0001,120,4.30758282209249,2.07036466927639,70.0789037415827,1
108,12,41,1e-08,30,0.369110700043743,0.86826203766845,0.000511393838153745,0
108,12,41,1e-08,60,0.986173722565528,6.45352979269363,0.00188882742211014,0
108,12,41,1e-08,120,2.96917153458524,0.234921472123343,0.00965274561946435,0
108,12,61,1e-08,30,0.0178550156075881,0.00853016311093432,0.000511393838153745,0
108,12,61,1e-08,60,0.241770336721639,0.197925155887448,0.00188882742211014,0
108,12,61,1e-08,120,3.56536925921596,3.7874297300539,0.00965274561946435,0
108,12,41,1e-06,30,4.82734826334075,0.86826203766845,0.0175581569974071,0
108,12,41,1e-06,60,6.53133240506558,6.45352979269363,0.105439709753164,0
108,12,41,1e-06,120,0.215494017870071,0.234921472123343,0.70847130360818,1
108,12,61,1e-06,30,0.000765448206856103,0.00853016311093432,0.0175581569974071,1
108,12,61,1e-06,60,0.0993576303159056,0.197925155887448,0.105439709753164,1
108,12,61,1e-06,120,4.86546425844052,3.7874297300539,0.70847130360818,0
108,12,41,0.0001,30,5.03118928166673,0.86826203766845,1.68021537013102,1
108,12,41,0.0001,60,6.11962670915226,6.45352979269363,10.3200544534141,1
108,12,41,0.0001,120,0.381891785158433,0.234921472123343,70.0789037415827,1
108,12,61,0.0001,30,0.00102038891124805,0.00853016311093432,1.68021537013102,1
108,12,61,0.0001,60,0.105011639189938,0.197925155887448,10.3200544534141,1
108,12,61,0.0001,120,4.78646754305444,3.7874297300539,70.0789037415827,1
108,13,41,1e-08,30,2.66491545233735,0.000762993962295943,0.000511393838153745,0
108,13,41,1e-08,60,8.99014065873865,0.0229777644051508,0.00188882742211014,0
108,13,41,1e-08,120,0.482198148655757,0.0666326713684805,0.00965274561946435,0
108,13,61,1e-08,30,0.0110501414296141,0.000124971838945903,0.000511393838153745,0
108,13,61,1e-08,60,0.00686003451640522,0.0973195024957901,0.00188882742211014,1
108,13,61,1e-08,120,5.93580079971595,8.358798432989,0.00965274561946435,0
108,13,41,1e-06,30,0.26808816624269,0.000762993962295943,0.0175581569974071,0
108,13,41,1e-06,60,0.91300022673882,0.0229777644051508,0.105439709753164,0
108,13,41,1e-06,120,3.89021006565439,0.0666326713684805,0.70847130360818,0
108,13,61,1e-06,30,0.00628384783880635,0.000124971838945903,0.0175581569974071,1
108,13,61,1e-06,60,0.0172373463117585,0.0973195024957901,0.105439709753164,1
108,13,61,1e-06,120,6.40114938513277,8.358798432989,0.70847130360818,0
108,13,41,0.0001,30,0.340514770969108,0.000762993962295943,1.68021537013102,1
108,13,41,0.0001,60,1.14682587082968,0.0229777644051508,10.3200544534141,1
108,13,41,0.0001,120,4.78297171974044,0.0666326713684805,70.0789037415827,1
108,13,61,0.0001,30,0.00607105926512655,0.000124971838945903,1.68021537013102,1
108,13,61,0.0001,60,0.0178946638811984,0.0973195024957901,10.3200544534141,1
108,13,61,0.0001,120,6.42511689796162,8.358798432989,70.0789037415827,1
108,14,41,1e-08,30,0.0321303838879184,0.0041942888835719,0.000511393838153745,0
108,14,41,1e-08,60,0.092069575475962,0.0332588001599936,0.00188882742211014,0
108,14,41,1e-08,120,0.401757934920281,0.112580035158057,0.00965274561946435,0
108,14,61,1e-08,30,0.00677711977989949,0.00410855831077939,0.000511393838153745,0
108,14,61,1e-08,60,0.0208389191413245,0.0147114274815982,0.00188882742211014,0
108,14,61,1e-08,120,0.0127307377186566,0.00641317450931871,0.00965274561946435,1
108,14,41,1e-06,30,0.019326373710536,0.0041942888835719,0.0175581569974071,1
108,14,41,1e-06,60,0.0506131597173822,0.0332588001599936,0.105439709753164,1
108,14,41,1e-06,120,0.229379808043297,0.112580035158057,0.70847130360818,1
108,14,61,1e-06,30,0.000154417399325822,0.00410855831077939,0.0175581569974071,1
108,14,61,1e-06,60,0.000320504808875475,0.0147114274815982,0.105439709753164,1
108,14,61,1e-06,120,0.0160626889521202,0.00641317450931871,0.70847130360818,1
108,14,41,0.0001,30,0.0193973854557247,0.0041942888835719,1.68021537013102,1
108,14,41,0.0001,60,0.0509422223287644,0.0332588001599936,10.3200544534141,1
108,14,41,0.0001,120,0.230991967600031,0.112580035158057,70.0789037415827,1
108,14,61,0.0001,30,5.16239463188645e-05,0.00410855831077939,1.68021537013102,1
108,14,61,0.0001,60,5.5696895677057e-05,0.0147114274815982,10.3200544534141,1
108,14,61,0.0001,120,0.0217782342652787,0.00641317450931871,70.0789037415827,1
108,15,41,1e-08,30,0.00124068294548838,0.385667590292211,0.000511393838153745,1
108,15,41,1e-08,60,0.275056499290924,0.57650048517547,0.00188882742211014,0
108,15,41,1e-08,120,4.36940764191316,0.347268334002146,0.00965274561946435,0
108,15,61,1e-08,30,0.00554752546960293,0.00412462452102238,0.000511393838153745,0
108,15,61,1e-08,60,0.00612149050425386,0.00547607346350173,0.00188882742211014,1
108,15,61,1e-08,120,0.00497530039739703,0.00613627503738195,0.00965274561946435,1
108,15,41,1e-06,30,0.114995694169192,0.385667590292211,0.0175581569974071,0
108,15,41,1e-06,60,1.35349970958062,0.57650048517547,0.105439709753164,0
108,15,41,1e-06,120,9.14889562079101,0.347268334002146,0.70847130360818,0
108,15,61,1e-06,30,2.88160809759698e-05,0.00412462452102238,0.0175581569974071,1
108,15,61,1e-06,60,0.00426885996987638,0.00547607346350173,0.105439709753164,1
108,15,61,1e-06,120,0.0401978630860235,0.00613627503738195,0.70847130360818,1
108,15,41,0.0001,30,0.12234660837757,0.385667590292211,1.68021537013102,1
108,15,41,0.0001,60,1.39795778010427,0.57650048517547,10.3200544534141,1
108,15,41,0.0001,120,8.93530284624877,0.347268334002146,70.0789037415827,1
108,15,61,0.0001,30,8.02308322530164e-05,0.00412462452102238,1.68021537013102,1
108,15,61,0.0001,60,0.00523633193429474,0.00547607346350173,10.3200544534141,1
108,15,61,0.0001,120,0.0459647048602869,0.00613627503738195,70.0789037415827,1
108,16,41,1e-08,30,1.2686751039011e-05,1.56023556450785e-05,0.000511393838153745,1
108,16,41,1e-08,60,0.000255467458144199,0.000209961214418607,0.00188882742211014,1
108,16,41,1e-08,120,0.000866872424591438,0.00220466024159256,0.00965274561946435,1
108,16,61,1e-08,30,3.54133046190482,5.48787671394756,0.000511393838153745,0
108,16,61,1e-08,60,1.1233814440521,4.22270431779003,0.00188882742211014,0
108,16,61,1e-08,120,8.38453596517636,1.75314199128238,0.00965274561946435,0
108,16,41,1e-06,30,0.000194042097543242,1.56023556450785e-05,0.0175581569974071,1
108,16,41,1e-06,60,0.000445659121489658,0.000209961214418607,0.105439709753164,1
108,16,41,1e-06,120,0.000580254071463299,0.00220466024159256,0.70847130360818,1
108,16,61,1e-06,30,3.28932181995365,5.48787671394756,0.0175581569974071,0
108,16,61,1e-06,60,0.997831893008059,4.22270431779003,0.105439709753164,0
108,16,61,1e-06,120,8.11707895718323,1.75314199128238,0.70847130360818,0
108,16,41,0.0001,30,0.00012108732150013,1.56023556450785e-05,1.68021537013102,1
108,16,41,0.0001,60,0.000237651726560755,0.000209961214418607,10.3200544534141,1
108,16,41,0.0001,120,0.000165283832756446,0.00220466024159256,70.0789037415827,1
108,16,61,0.0001,30,3.41895789169853,5.48787671394756,1.68021537013102,1
108,16,61,0.0001,60,1.14016973535143,4.22270431779003,10.3200544534141,1
108,16,61,0.0001,120,8.90949247687887,1.75314199128238,70.0789037415827,1
108,17,41,1e-08,30,0.0161408867444004,0.00551746506422526,0.000511393838153745,0
108,17,41,1e-08,60,8.64209138951049,8.83675393736886,0.00188882742211014,0
108,17,41,1e-08,120,6.0101079797593,9.74665797608044,0.00965274561946435,0
108,17,61,1e-08,30,6.13514292231138,7.62142069049076,0.000511393838153745,0
108,17,61,1e-08,60,7.59843573220636,4.3656159970653,0.00188882742211014,0
108,17,61,1e-08,120,4.12202932064948,0.355760991005499,0.00965274561946435,0
108,17,41,1e-06,30,0.00341435003835534,0.00551746506422526,0.0175581569974071,1
108,17,41,1e-06,60,9.2747630526993,8.83675393736886,0.105439709753164,0
108,17,41,1e-06,120,6.9244863976639,9.74665797608044,0.70847130360818,0
108,17,61,1e-06,30,4.02728035315773,7.62142069049076,0.0175581569974071,0
108,17,61,1e-06,60,7.19611275711354,4.3656159970653,0.105439709753164,0
108,17,61,1e-06,120,7.08000484496046,0.355760991005499,0.70847130360818,0
108,17,41,0.0001,30,0.00326336496363248,0.00551746506422526,1.68021537013102,1
108,17,41,0.0001,60,9.28853701493433,8.83675393736886,10.3200544534141,1
108,17,41,0.0001,120,6.94644233472602,9.74665797608044,70.0789037415827,1
108,17,61,0.0001,30,3.95369964424447,7.62142069049076,1.68021537013102,1
108,17,61,0.0001,60,7.01795515022114,4.3656159970653,10.3200544534141,1
108,17,61,0.0001,120,6.7465804975734,0.355760991005499,70.0789037415827,1
108,18,41,1e-08,30,2.15326154361254,0.00402247717786331,0.000511393838153745,0
108,18,41,1e-08,60,8.05842733741788,0.0250005371459697,0.00188882742211014,0
108,18,41,1e-08,120,2.05119937753294,0.441348914764943,0.00965274561946435,0
108,18,61,1e-08,30,0.000397341045386762,0.00811536317229729,0.000511393838153745,1
108,18,61,1e-08,60,3.25802597145003e-06,0.0196629661585973,0.00188882742211014,1
108,18,61,1e-08,120,0.00491251873829935,0.0419700544668935,0.00965274561946435,1
108,18,41,1e-06,30,7.27755162273708,0.00402247717786331,0.0175581569974071,0
108,18,41,1e-06,60,0.874900010266618,0.0250005371459697,0.105439709753164,0
108,18,41,1e-06,120,4.995784346224,0.441348914764943,0.70847130360818,0
108,18,61,1e-06,30,0.00139535531173864,0.00811536317229729,0.0175581569974071,1
108,18,61,1e-06,60,0.00121947949828637,0.0196629661585973,0.105439709753164,1
108,18,61,1e-06,120,3.11732713853458e-05,0.0419700544668935,0.70847130360818,1
108,18,41,0.0001,30,6.70261038806909,0.00402247717786331,1.68021537013102,0
108,18,41,0.0001,60,1.29219312755245,0.0250005371459697,10.3200544534141,1
108,18,41,0.0001,120,6.87370482577282,0.441348914764943,70.0789037415827,1
108,18,61,0.0001,30,0.00148130928212893,0.00811536317229729,1.68021537013102,1
108,18,61,0.0001,60,0.0013713176158042,0.0196629661585973,10.3200544534141,1
108,18,61,0.0001,120,2.30789863310505e-06,0.0419700544668935,70.0789037415827,1
108,19,41,1e-08,30,0.256922889031927,0.00656212655020849,0.000511393838153745,0
108,19,41,1e-08,60,1.31440888033129,0.104120290485103,0.00188882742211014,0
108,19,41,1e-08,120,3.37754882320933,0.0475886815876852,0.00965274561946435,0
108,19,61,1e-08,30,9.47053057987547e-07,0.00663636229982068,0.000511393838153745,1
108,19,61,1e-08,60,0.00195807493453884,0.0159290374260224,0.00188882742211014,1
108,19,61,1e-08,120,0.0268427088357062,0.0348055430352346,0.00965274561946435,1
108,19,41,1e-06,30,0.0810018197982392,0.00656212655020849,0.0175581569974071,0
108,19,41,1e-06,60,0.53076912384552,0.104120290485103,0.105439709753164,0
108,19,41,1e-06,120,1.05787943752354,0.0475886815876852,0.70847130360818,1
108,19,61,1e-06,30,0.00170256313989038,0.00663636229982068,0.0175581569974071,1
108,19,61,1e-06,60,0.0142894196371542,0.0159290374260224,0.105439709753164,1
108,19,61,1e-06,120,0.0931662802231528,0.0348055430352346,0.70847130360818,1
108,19,41,0.0001,30,0.0780873603511172,0.00656212655020849,1.68021537013102,1
108,19,41,0.0001,60,0.517725814668064,0.104120290485103,10.3200544534141,1
108,19,41,0.0001,120,1.02382951383293,0.0475886815876852,70.0789037415827,1
108,19,61,0.0001,30,0.00179686257982363,0.00663636229982068,1.68021537013102,1
108,19,61,0.0001,60,0.0147620700397388,0.0159290374260224,10.3200544534141,1
108,19,61,0.0001,120,0.0953942761837917,0.0348055430352346,70.0789037415827,1
108,20,41,1e-08,30,0.0366926983922816,0.926914129409304,0.000511393838153745,0
108,20,41,1e-08,60,2.87886516121727,0.825196104804929,0.00188882742211014,0
108,20,41,1e-08,120,1.82065324754035,4.51885853218569,0.00965274561946435,0
108,20,61,1e-08,30,0.0240413675785907,0.0045813841644288,0.000511393838153745,0
108,20,61,1e-08,60,0.771709483303067,0.434033799765215,0.00188882742211014,0
108,20,61,1e-08,120,4.06452324412141,6.25152608948909,0.00965274561946435,0
108,20,41,1e-06,30,2.42858315150357,0.926914129409304,0.0175581569974071,0
108,20,41,1e-06,60,4.57672510534885,0.825196104804929,0.105439709753164,0
108,20,41,1e-06,120,0.106366920989368,4.51885853218569,0.70847130360818,1
108,20,61,1e-06,30,0.0540393024503413,0.0045813841644288,0.0175581569974071,1
108,20,61,1e-06,60,0.975351187141313,0.434033799765215,0.105439709753164,0
108,20,61,1e-06,120,3.39849819119941,6.25152608948909,0.70847130360818,0
108,20,41,0.0001,30,2.6013225929655,0.926914129409304,1.68021537013102,1
108,20,41,0.0001,60,4.16255748436955,0.825196104804929,10.3200544534141,1
108,20,41,0.0001,120,0.0189887466062684,4.51885853218569,70.0789037415827,1
108,20,61,0.0001,30,0.0450916999761365,0.0045813841644288,1.68021537013102,1
108,20,61,0.0001,60,0.898943120621505,0.434033799765215,10.3200544534141,1
108,20,61,0.0001,120,3.69288630032514,6.25152608948909,70.0789037415827,1
109,1,41,1e-08,30,0.00440380210654672,0.129043863449496,0.000511393838153745,0
109,1,41,1e-08,60,0.141263983020233,0.287645094232317,0.00188882742211014,0
109,1,41,1e-08,120,1.43442605111734,0.472901854680568,0.00965274561946435,0
109,1,61,1e-08,30,0.0190918146438045,0.0515532724807365,0.000511393838153745,0
109,1,61,1e-08,60,0.211619362590184,0.410075208039079,0.00188882742211014,0
109,1,61,1e-08,120,2.21077369047256,3.42307993242532,0.00965274561946435,0
109,1,41,1e-06,30,0.039503501277313,0.129043863449496,0.0175581569974071,1
109,1,41,1e-06,60,0.337429998021549,0.287645094232317,0.105439709753164,1
109,1,41,1e-06,120,2.39629325622439,0.472901854680568,0.70847130360818,1
109,1,61,1e-06,30,0.0216632458158382,0.0515532724807365,0.0175581569974071,1
109,1,61,1e-06,60,0.231155286840369,0.410075208039079,0.105439709753164,1
109,1,61,1e-06,120,2.3443889427807,3.42307993242532,0.70847130360818,1
109,1,41,0.0001,30,0.0394887715206083,0.129043863449496,1.68021537013102,1
109,1,41,0.0001,60,0.335907491918398,0.287645094232317,10.3200544534141,1
109,1,41,0.0001,120,2.38435197306918,0.472901854680568,70.0789037415827,1
109,1,61,0.0001,30,0.0222109060769002,0.0515532724807365,1.68021537013102,1
109,1,61,0.0001,60,0.234577907492141,0.410075208039079,10.3200544534141,1
109,1,61,0.0001,120,2.3656932513723,3.42307993242532,70.0789037415827,1
109,2,41,1e-08,30,0.143935223879622,8.16876289241365e-05,0.000511393838153745,0
109,2,41,1e-08,60,0.430897628026227,0.00023741725594781,0.00188882742211014,0
109,2,41,1e-08,120,1.42378992129607,0.0022108902386408,0.00965274561946435,0
109,2,61,1e-08,30,6.38097025513325e-06,0.000106515398497493,0.000511393838153745,1
109,2,61,1e-08,60,5.54265403238945e-05,0.000469266770895188,0.00188882742211014,1
109,2,61,1e-08,120,4.23256952520294e-05,0.0030385675230309,0.00965274561946435,1
109,2,41,1e-06,30,0.00028021265195598,8.16876289241365e-05,0.0175581569974071,1
109,2,41,1e-06,60,2.77510485485736e-06,0.00023741725594781,0.105439709753164,1
109,2,41,1e-06,120,0.000125447291591896,0.0022108902386408,0.70847130360818,1
109,2,61,1e-06,30,0.000434722621184214,0.000106515398497493,0.0175581569974071,1
109,2,61,1e-06,60,0.00166765231902431,0.000469266770895188,0.105439709753164,1
109,2,61,1e-06,120,0.00490475091428747,0.0030385675230309,0.70847130360818,1
109,2,41,0.0001,30,9.18913598254102e-05,8.16876289241365e-05,1.68021537013102,1
109,2,41,0.0001,60,0.000204424003127112,0.00023741725594781,10.3200544534141,1
109,2,41,0.0001,120,0.0020055963724837,0.0022108902386408,70.0789037415827,1
109,2,61,0.0001,30,0.000485172537137174,0.000106515398497493,1.68021537013102,1
109,2,61,0.0001,60,0.0018518943080231,0.000469266770895188,10.3200544534141,1
109,2,61,0.0001,120,0.00551616592985581,0.0030385675230309,70.0789037415827,1
109,3,41,1e-08,30,3.16799057316944,7.08501510625238,0.000511393838153745,0
109,3,41,1e-08,60,0.606424127169685,5.73201059665106,0.00188882742211014,0
109,3,41,1e-08,120,0.656312812160355,5.16374927245406,0.00965274561946435,0
109,3,61,1e-08,30,4.12512707227106e-05,0.00218763585293032,0.000511393838153745,1
109,3,61,1e-08,60,0.000258079721127174,0.00965073351780204,0.00188882742211014,1
109,3,61,1e-08,120,0.00875080935680892,0.0672710919764377,0.00965274561946435,1
109,3,41,1e-06,30,8.5517028220033,7.08501510625238,0.0175581569974071,0
109,3,41,1e-06,60,8.58730671523687,5.73201059665106,0.105439709753164,0
109,3,41,1e-06,120,8.56832859569666,5.16374927245406,0.70847130360818,0
109,3,61,1e-06,30,0.000119215510107673,0.00218763585293032,0.0175581569974071,1
109,3,61,1e-06,60,0.000709319266064923,0.00965073351780204,0.105439709753164,1
109,3,61,1e-06,120,0.0135160587708875,0.0672710919764377,0.70847130360818,1
109,3,41,0.0001,30,9.08004406543629,7.08501510625238,1.68021537013102,0
109,3,41,0.0001,60,9.5936689595421,5.73201059665106,10.3200544534141,1
109,3,41,0.0001,120,6.78223061004785,5.16374927245406,70.0789037415827,1
109,3,61,0.0001,30,0.000154659105227229,0.00218763585293032,1.68021537013102,1
109,3,61,0.0001,60,0.000874232172334883,0.00965073351780204,10.3200544534141,1
109,3,61,0.0001,120,0.0148904572227443,0.0672710919764377,70.0789037415827,1
109,4,41,1e-08,30,1.25764901121026,0.0497390362793462,0.000511393838153745,0
109,4,41,1e-08,60,4.31156942299102,0.176072506449416,0.00188882742211014,0
109,4,41,1e-08,120,2.60252226261757,9.5928788315068,0.00965274561946435,0
109,4,61,1e-08,30,0.00120847667031899,0.0102565546690211,0.000511393838153745,1
109,4,61,1e-08,60,0.000484341017953321,0.0231592811406473,0.00188882742211014,1
109,4,61,1e-08,120,0.0130569518067956,0.0205153907691543,0.00965274561946435,1
109,4,41,1e-06,30,0.643405963966451,0.0497390362793462,0.0175581569974071,0
109,4,41,1e-06,60,2.71377495240389,0.176072506449416,0.105439709753164,0
109,4,41,1e-06,120,0.930543417957968,9.5928788315068,0.70847130360818,1
109,4,61,1e-06,30,0.0040279828293236,0.0102565546690211,0.0175581569974071,1
109,4,61,1e-06,60,0.0058888299233057,0.0231592811406473,0.105439709753164,1
109,4,61,1e-06,120,5.59595471228691e-05,0.0205153907691543,0.70847130360818,1
109,4,41,0.0001,30,0.75674423938166,0.0497390362793462,1.68021537013102,1
109,4,41,0.0001,60,3.12026023205775,0.176072506449416,10.3200544534141,1
109,4,41,0.0001,120,1.40729195258195,9.5928788315068,70.0789037415827,1
109,4,61,0.0001,30,0.00419425541526621,0.0102565546690211,1.68021537013102,1
109,4,61,0.0001,60,0.00626637302171172,0.0231592811406473,10.3200544534141,1
109,4,61,0.0001,120,7.88952607300925e-06,0.0205153907691543,70.0789037415827,1
109,5,41,1e-08,30,0.00995527959144835,0.0314776048146106,0.000511393838153745,0
109,5,41,1e-08,60,0.139470338480515,0.347156393335,0.00188882742211014,0
109,5,41,1e-08,120,3.11032105334865,5.0875124958358,0.00965274561946435,0
109,5,61,1e-08,30,0.0126927669777779,0.0189268575221894,0.000511393838153745,0
109,5,61,1e-08,60,0.575163440465795,0.0419160893324936,0.00188882742211014,0
109,5,61,1e-08,120,2.01302265164367,0.0667194816002237,0.00965274561946435,0
109,5,41,1e-06,30,0.0224235152902928,0.0314776048146106,0.0175581569974071,1
109,5,41,1e-06,60,0.285917059087772,0.347156393335,0.105439709753164,1
109,5,41,1e-06,120,4.61148742014266,5.0875124958358,0.70847130360818,0
109,5,61,1e-06,30,0.0124246466889899,0.0189268575221894,0.0175581569974071,1
109,5,61,1e-06,60,0.492876830193651,0.0419160893324936,0.105439709753164,0
109,5,61,1e-06,120,1.56793610321828,0.0667194816002237,0.70847130360818,1
109,5,41,0.0001,30,0.0225318329464346,0.0314776048146106,1.68021537013102,1
109,5,41,0.0001,60,0.285776809317107,0.347156393335,10.3200544534141,1
109,5,41,0.0001,120,4.6066957553851,5.0875124958358,70.0789037415827,1
109,5,61,0.0001,30,0.0105762918113776,0.0189268575221894,1.68021537013102,1
109,5,61,0.0001,60,0.469989648528608,0.0419160893324936,10.3200544534141,1
109,5,61,0.0001,120,1.4882542599627,0.0667194816002237,70.0789037415827,1
109,6,41,1e-08,30,0.817237050657946,0.927967835861355,0.000511393838153745,0
109,6,41,1e-08,60,3.85997696714876,4.49463490123182,0.00188882742211014,0
109,6,41,1e-08,120,3.9375572528071,5.43751708740644,0.00965274561946435,0
109,6,61,1e-08,30,0.0131106950398577,0.00143550895793742,0.000511393838153745,0
109,6,61,1e-08,60,0.0116397630234429,0.0304007512813495,0.00188882742211014,0
109,6,61,1e-08,120,0.00241108841254138,0.00907948023023619,0.00965274561946435,1
109,6,41,1e-06,30,0.489461666219147,0.927967835861355,0.0175581569974071,0
109,6,41,1e-06,60,2.53269725379381,4.49463490123182,0.105439709753164,0
109,6,41,1e-06,120,1.62156867557001,5.43751708740644,0.70847130360818,1
109,6,61,1e-06,30,0.0396263981366871,0.00143550895793742,0.0175581569974071,1
109,6,61,1e-06,60,0.422682320363386,0.0304007512813495,0.105439709753164,0
109,6,61,1e-06,120,1.099832166371,0.00907948023023619,0.70847130360818,1
109,6,41,0.0001,30,0.468773154637583,0.927967835861355,1.68021537013102,1
109,6,41,0.0001,60,2.44221754221478,4.49463490123182,10.3200544534141,1
109,6,41,0.0001,120,1.48167938262921,5.43751708740644,70.0789037415827,1
109,6,61,0.0001,30,0.0428927578957968,0.00143550895793742,1.68021537013102,1
109,6,61,0.0001,60,0.441380631224134,0.0304007512813495,10.3200544534141,1
109,6,61,0.0001,120,1.1563107580596,0.00907948023023619,70.0789037415827,1
109,7,41,1e-08,30,2.25676515691739,3.87573015646767,0.000511393838153745,0
109,7,41,1e-08,60,3.75809743490632,8.11469636028859,0.00188882742211014,0
109,7,41,1e-08,120,1.81639517382759,9.84810102786842,0.00965274561946435,0
109,7,61,1e-08,30,1.91997651192405e-05,0.000903406171600956,0.000511393838153745,1
109,7,61,1e-08,60,1.00358120317396e-05,0.00416320280233127,0.00188882742211014,1
109,7,61,1e-08,120,9.66217504820911e-05,0.0151007949541455,0.00965274561946435,1
109,7,41,1e-06,30,2.5447957556801,3.87573015646767,0.0175581569974071,0
109,7,41,1e-06,60,4.41968262514104,8.11469636028859,0.105439709753164,0
109,7,41,1e-06,120,2.732174496928,9.84810102786842,0.70847130360818,0
109,7,61,1e-06,30,0.00228289512404432,0.000903406171600956,0.0175581569974071,1
109,7,61,1e-06,60,0.00838652960439139,0.00416320280233127,0.105439709753164,1
109,7,61,1e-06,120,0.0360030217845135,0.0151007949541455,0.70847130360818,1
109,7,41,0.0001,30,2.55344760949091,3.87573015646767,1.68021537013102,1
109,7,41,0.0001,60,4.4401388593584,8.11469636028859,10.3200544534141,1
109,7,41,0.0001,120,2.7625393834283,9.84810102786842,70.0789037415827,1
109,7,61,0.0001,30,0.00260128669272924,0.000903406171600956,1.68021537013102,1
109,7,61,0.0001,60,0.00952590381580589,0.00416320280233127,10.3200544534141,1
109,7,61,0.0001,120,0.0405484765693572,0.0151007949541455,70.0789037415827,1
109,8,41,1e-08,30,0.00817291975674358,0.00787387246393889,0.000511393838153745,0
109,8,41,1e-08,60,0.0237553828886801,0.0293240960231637,0.00188882742211014,0
109,8,41,1e-08,120,7.65537837082379,7.96097011837231,0.00965274561946435,0
109,8,61,1e-08,30,2.33842009686339e-05,0.00029972363431599,0.000511393838153745,1
109,8,61,1e-08,60,0.00023707861079393,0.00205548110009475,0.00188882742211014,1
109,8,61,1e-08,120,0.00345762661201679,0.0152938095810397,0.00965274561946435,1
109,8,41,1e-06,30,0.00043828300707391,0.00787387246393889,0.0175581569974071,1
109,8,41,1e-06,60,0.00123466806137501,0.0293240960231637,0.105439709753164,1
109,8,41,1e-06,120,6.49639937752752,7.96097011837231,0.70847130360818,0
109,8,61,1e-06,30,0.000487207251475995,0.00029972363431599,0.0175581569974071,1
109,8,61,1e-06,60,0.00113253928463085,0.00205548110009475,0.105439709753164,1
109,8,61,1e-06,120,0.00119253926976166,0.0152938095810397,0.70847130360818,1
109,8,41,0.0001,30,0.000311545376676814,0.00787387246393889,1.68021537013102,1
109,8,41,0.0001,60,0.000845010233377672,0.0293240960231637,10.3200544534141,1
109,8,41,0.0001,120,6.43721278421105,7.96097011837231,70.0789037415827,1
109,8,61,0.0001,30,0.00054948012920141,0.00029972363431599,1.68021537013102,1
109,8,61,0.0001,60,0.00130840789114808,0.00205548110009475,10.3200544534141,1
109,8,61,0.0001,120,0.00154864453787946,0.0152938095810397,70.0789037415827,1
109,9,41,1e-08,30,1.51323563018777,2.0485566744036,0.000511393838153745,0
109,9,41,1e-08,60,3.90920585921665,5.76898520305393,0.00188882742211014,0
109,9,41,1e-08,120,3.02930107182294,6.82414087571429,0.00965274561946435,0
109,9,61,1e-08,30,0.00598891776218479,0.024121618649896,0.000511393838153745,0
109,9,61,1e-08,60,0.0381569976108995,0.0722704442844514,0.00188882742211014,0
109,9,61,1e-08,120,0.306455819177576,0.139521624207116,0.00965274561946435,0
109,9,41,1e-06,30,1.43182096014881,2.0485566744036,0.0175581569974071,0
109,9,41,1e-06,60,3.73147261417069,5.76898520305393,0.105439709753164,0
109,9,41,1e-06,120,2.79284139735357,6.82414087571429,0.70847130360818,0
109,9,61,1e-06,30,0.00564361816111547,0.024121618649896,0.0175581569974071,1
109,9,61,1e-06,60,0.0368781570164699,0.0722704442844514,0.105439709753164,1
109,9,61,1e-06,120,0.30053286932419,0.139521624207116,0.70847130360818,1
109,9,41,0.0001,30,1.4050132399231,2.0485566744036,1.68021537013102,1
109,9,41,0.0001,60,3.64798828015882,5.76898520305393,10.3200544534141,1
109,9,41,0.0001,120,2.65199676369121,6.82414087571429,70.0789037415827,1
109,9,61,0.0001,30,0.00564195559920715,0.024121618649896,1.68021537013102,1
109,9,61,0.0001,60,0.0368705164786435,0.0722704442844514,10.3200544534141,1
109,9,61,0.0001,120,0.300491699369059,0.139521624207116,70.0789037415827,1
109,10,41,1e-08,30,1.31556687599301,0.0167223217751739,0.000511393838153745,0
109,10,41,1e-08,60,4.18940494312387,0.0838877530750343,0.00188882742211014,0
109,10,41,1e-08,120,7.05379813909165,0.687958740342788,0.00965274561946435,0
109,10,61,1e-08,30,0.0109189791237271,0.717633514506147,0.000511393838153745,0
109,10,61,1e-08,60,1.19471679263145,1.07732140618993,0.00188882742211014,0
109,10,61,1e-08,120,8.92636927946227,1.42606751377474,0.00965274561946435,0
109,10,41,1e-06,30,0.396211205060428,0.0167223217751739,0.0175581569974071,0
109,10,41,1e-06,60,1.54558015663726,0.0838877530750343,0.105439709753164,0
109,10,41,1e-06,120,5.0695845075104,0.687958740342788,0.70847130360818,0
109,10,61,1e-06,30,1.07416376229302,0.717633514506147,0.0175581569974071,0
109,10,61,1e-06,60,7.48600846215621,1.07732140618993,0.105439709753164,0
109,10,61,1e-06,120,0.00601022755508263,1.42606751377474,0.70847130360818,1
109,10,41,0.0001,30,0.463454096597887,0.0167223217751739,1.68021537013102,1
109,10,41,0.0001,60,1.7707603522165,0.0838877530750343,10.3200544534141,1
109,10,41,0.0001,120,5.81478915809564,0.687958740342788,70.0789037415827,1
109,10,61,0.0001,30,1.16116964858349,0.717633514506147,1.68021537013102,1
109,10,61,0.0001,60,7.90480060895049,1.07732140618993,10.3200544534141,1
109,10,61,0.0001,120,0.0491434970796979,1.42606751377474,70.0789037415827,1
109,11,41,1e-08,30,0.0913204942910901,1.18651019632532,0.000511393838153745,0
109,11,41,1e-08,60,0.266063403271584,1.51096420031474,0.00188882742211014,0
109,11,41,1e-08,120,5.93023842604757,1.50237749178507,0.00965274561946435,0
109,11,61,1e-08,30,0.252344984406729,0.113290652584356,0.000511393838153745,0
109,11,61,1e-08,60,1.73980712776774,0.182493359704585,0.00188882742211014,0
109,11,61,1e-08,120,9.44075417982326,0.238335447184835,0.00965274561946435,0
109,11,41,1e-06,30,0.156537042115375,1.18651019632532,0.0175581569974071,0
109,11,41,1e-06,60,3.0467448810281,1.51096420031474,0.105439709753164,0
109,11,41,1e-06,120,2.41684307310066,1.50237749178507,0.70847130360818,1
109,11,61,1e-06,30,0.409979014374053,0.113290652584356,0.0175581569974071,0
109,11,61,1e-06,60,2.33187202452486,0.182493359704585,0.105439709753164,0
109,11,61,1e-06,120,8.19350145667337,0.238335447184835,0.70847130360818,0
109,11,41,0.0001,30,0.187748919116443,1.18651019632532,1.68021537013102,1
109,11,41,0.0001,60,3.29778619378959,1.51096420031474,10.3200544534141,1
109,11,41,0.0001,120,2.01203044902576,1.50237749178507,70.0789037415827,1
109,11,61,0.0001,30,0.406378509242117,0.113290652584356,1.68021537013102,1
109,11,61,0.0001,60,2.31326397043537,0.182493359704585,10.3200544534141,1
109,11,61,0.0001,120,8.26625053331998,0.238335447184835,70.0789037415827,1
109,12,41,1e-08,30,0.104856604455149,0.000319486754212361,0.000511393838153745,0
109,12,41,1e-08,60,8.33293990141529,5.12961228480045,0.00188882742211014,0
109,12,41,1e-08,120,7.33383093632011,5.38940055829052,0.00965274561946435,0
109,12,61,1e-08,30,1.57314686272891,0.000525847729028094,0.000511393838153745,0
109,12,61,1e-08,60,8.5849376514533,0.00179848867139065,0.00188882742211014,0
109,12,61,1e-08,120,0.000187471918655178,0.0093555584866909,0.00965274561946435,1
109,12,41,1e-06,30,0.0929328432724767,0.000319486754212361,0.0175581569974071,0
109,12,41,1e-06,60,8.05607750638164,5.12961228480045,0.105439709753164,0
109,12,41,1e-06,120,7.92564174699901,5.38940055829052,0.70847130360818,0
109,12,61,1e-06,30,9.74310088419287,0.000525847729028094,0.0175581569974071,0
109,12,61,1e-06,60,0.00268670408590746,0.00179848867139065,0.105439709753164,1
109,12,61,1e-06,120,0.0170209059125419,0.0093555584866909,0.70847130360818,1
109,12,41,0.0001,30,0.091409122820579,0.000319486754212361,1.68021537013102,1
109,12,41,0.0001,60,8.03036733832753,5.12961228480045,10.3200544534141,1
109,12,41,0.0001,120,7.97402088252077,5.38940055829052,70.0789037415827,1
109,12,61,0.0001,30,9.14481041747301,0.000525847729028094,1.68021537013102,0
109,12,61,0.0001,60,0.0537359973858722,0.00179848867139065,10.3200544534141,1
109,12,61,0.0001,120,0.226275359428352,0.0093555584866909,70.0789037415827,1
109,13,41,1e-08,30,3.36347165179248,4.37003890058579,0.000511393838153745,0
109,13,41,1e-08,60,4.68404597025469,7.27362785643968,0.00188882742211014,0
109,13,41,1e-08,120,3.57549859074107,8.85673955383023,0.00965274561946435,0
109,13,61,1e-08,30,5.65228980246019,5.37119650314995,0.000511393838153745,0
109,13,61,1e-08,60,5.71871607456609,5.18153962383735,0.00188882742211014,0
109,13,61,1e-08,120,6.39226883190721,5.30280365191473,0.00965274561946435,0
109,13,41,1e-06,30,3.06949826256512,4.37003890058579,0.0175581569974071,0
109,13,41,1e-06,60,4.07764067093236,7.27362785643968,0.105439709753164,0
109,13,41,1e-06,120,2.62443158620218,8.85673955383023,0.70847130360818,1
109,13,61,1e-06,30,5.53571790340853,5.37119650314995,0.0175581569974071,0
109,13,61,1e-06,60,5.50621930046663,5.18153962383735,0.105439709753164,0
109,13,61,1e-06,120,5.96839845646613,5.30280365191473,0.70847130360818,0
109,13,41,0.0001,30,3.05007954841556,4.37003890058579,1.68021537013102,1
109,13,41,0.0001,60,4.03578564138428,7.27362785643968,10.3200544534141,1
109,13,41,0.0001,120,2.55980771025518,8.85673955383023,70.0789037415827,1
109,13,61,0.0001,30,5.52750969626158,5.37119650314995,1.68021537013102,1
109,13,61,0.0001,60,5.49086793863789,5.18153962383735,10.3200544534141,1
109,13,61,0.0001,120,5.93750931521797,5.30280365191473,70.0789037415827,1
109,14,41,1e-08,30,2.17539534197856,0.0112438193719305,0.000511393838153745,0
109,14,41,1e-08,60,9.14744293762237,0.0277935728097912,0.00188882742211014,0
109,14,41,1e-08,120,0.0519923485257928,0.0482495029313407,0.00965274561946435,0
109,14,61,1e-08,30,0.00445536195399749,0.976322068075576,0.000511393838153745,0
109,14,61,1e-08,60,1.5599177588066,1.21688772003355,0.00188882742211014,0
109,14,61,1e-08,120,2.52210284245102,0.0632670908207141,0.00965274561946435,0
109,14,41,1e-06,30,2.28202650004368,0.0112438193719305,0.0175581569974071,0
109,14,41,1e-06,60,8.84973074197012,0.0277935728097912,0.105439709753164,0
109,14,41,1e-06,120,0.200993018084906,0.0482495029313407,0.70847130360818,1
109,14,61,1e-06,30,1.15612363510051,0.976322068075576,0.0175581569974071,0
109,14,61,1e-06,60,9.18737598507051,1.21688772003355,0.105439709753164,0
109,14,61,1e-06,120,3.03186643724744,0.0632670908207141,0.70847130360818,0
109,14,41,0.0001,30,2.22825777411557,0.0112438193719305,1.68021537013102,1
109,14,41,0.0001,60,8.64417632986711,0.0277935728097912,10.3200544534141,1
109,14,41,0.0001,120,0.267053245709983,0.0482495029313407,70.0789037415827,1
109,14,61,0.0001,30,1.25788843916188,0.976322068075576,1.68021537013102,1
109,14,61,0.0001,60,9.71098543775446,1.21688772003355,10.3200544534141,1
109,14,61,0.0001,120,3.62562609811626,0.0632670908207141,70.0789037415827,1
109,15,41,1e-08,30,0.146499187865431,1.2428214374289,0.000511393838153745,0
109,15,41,1e-08,60,0.0062204904588604,2.27735692303406,0.00188882742211014,1
109,15,41,1e-08,120,2.96146371178519,2.49280003302657,0.00965274561946435,0
109,15,61,1e-08,30,0.637798580453603,0.068702388712284,0.000511393838153745,0
109,15,61,1e-08,60,3.85176142533191,0.0894576892160392,0.00188882742211014,0
109,15,61,1e-08,120,3.45101814632934,0.0566884953802065,0.00965274561946435,0
109,15,41,1e-06,30,0.00568881314849374,1.2428214374289,0.0175581569974071,1
109,15,41,1e-06,60,0.765133123926806,2.27735692303406,0.105439709753164,0
109,15,41,1e-06,120,9.55490676599937,2.49280003302657,0.70847130360818,0
109,15,61,1e-06,30,1.4085442081139,0.068702388712284,0.0175581569974071,0
109,15,61,1e-06,60,6.76408317055888,0.0894576892160392,0.105439709753164,0
109,15,61,1e-06,120,0.517686021821065,0.0566884953802065,0.70847130360818,1
109,15,41,0.0001,30,0.00871008678708733,1.2428214374289,1.68021537013102,1
109,15,41,0.0001,60,0.823078452586028,2.27735692303406,10.3200544534141,1
109,15,41,0.0001,120,9.17699160677471,2.49280003302657,70.0789037415827,1
109,15,61,0.0001,30,1.41715344265248,0.068702388712284,1.68021537013102,1
109,15,61,0.0001,60,6.79140800188835,0.0894576892160392,10.3200544534141,1
109,15,61,0.0001,120,0.505525701752167,0.0566884953802065,70.0789037415827,1
109,16,41,1e-08,30,8.24744026169295,8.9818961514,0.000511393838153745,0
109,16,41,1e-08,60,6.77721016671342,8.19992041001877,0.00188882742211014,0
109,16,41,1e-08,120,4.67483530070712,7.24995531114195,0.00965274561946435,0
109,16,61,1e-08,30,0.272810895672458,0.344550719037368,0.000511393838153745,0
109,16,61,1e-08,60,4.24185218015196,4.85590694950483,0.00188882742211014,0
109,16,61,1e-08,120,4.58121495411858,5.96895285561911,0.00965274561946435,0
109,16,41,1e-06,30,7.90567263731203,8.9818961514,0.0175581569974071,0
109,16,41,1e-06,60,6.21179906409346,8.19992041001877,0.105439709753164,0
109,16,41,1e-06,120,3.80064464984482,7.24995531114195,0.70847130360818,0
109,16,61,1e-06,30,0.214464391735475,0.344550719037368,0.0175581569974071,0
109,16,61,1e-06,60,3.8236243435975,4.85590694950483,0.105439709753164,0
109,16,61,1e-06,120,3.78807255662928,5.96895285561911,0.70847130360818,0
109,16,41,0.0001,30,7.89914003616346,8.9818961514,1.68021537013102,0
109,16,41,0.0001,60,6.20340485905961,8.19992041001877,10.3200544534141,1
109,16,41,0.0001,120,3.79000827496504,7.24995531114195,70.0789037415827,1
109,16,61,0.0001,30,0.212101306373786,0.344550719037368,1.68021537013102,1
109,16,61,0.0001,60,3.80533959059203,4.85590694950483,10.3200544534141,1
109,16,61,0.0001,120,3.75340599704091,5.96895285561911,70.0789037415827,1
109,17,41,1e-08,30,0.440805234130109,1.82224380250242,0.000511393838153745,0
109,17,41,1e-08,60,0.00264488696157295,2.12713914173333,0.00188882742211014,1
109,17,41,1e-08,120,2.72756238021728,2.17237816019805,0.00965274561946435,0
109,17,61,1e-08,30,0.444641869148269,0.595306943567615,0.000511393838153745,0
109,17,61,1e-08,60,3.50932222088998,4.41897172859374,0.00188882742211014,0
109,17,61,1e-08,120,3.2707667099011,5.22342991489926,0.00965274561946435,0
109,17,41,1e-06,30,0.00276097031901125,1.82224380250242,0.0175581569974071,1
109,17,41,1e-06,60,1.30189419044693,2.12713914173333,0.105439709753164,0
109,17,41,1e-06,120,0.155571222561759,2.17237816019805,0.70847130360818,1
109,17,61,1e-06,30,0.348058125066707,0.595306943567615,0.0175581569974071,0
109,17,61,1e-06,60,3.02167088467112,4.41897172859374,0.105439709753164,0
109,17,61,1e-06,120,2.42473855633884,5.22342991489926,0.70847130360818,1
109,17,41,0.0001,30,0.00050730557572171,1.82224380250242,1.68021537013102,1
109,17,41,0.0001,60,1.43123339700331,2.12713914173333,10.3200544534141,1
109,17,41,0.0001,120,0.250390026057464,2.17237816019805,70.0789037415827,1
109,17,61,0.0001,30,0.342052946296523,0.595306943567615,1.68021537013102,1
109,17,61,0.0001,60,2.98844242598516,4.41897172859374,10.3200544534141,1
109,17,61,0.0001,120,2.36737549222491,5.22342991489926,70.0789037415827,1
109,18,41,1e-08,30,1.20416832590537,0.000683522154240527,0.000511393838153745,0
109,18,41,1e-08,60,3.82771167169072,0.000559535953179633,0.00188882742211014,0
109,18,41,1e-08,120,7.75782256249651,0.024994328906172,0.00965274561946435,0
109,18,61,1e-08,30,0.0170910775612363,0.104034723789774,0.000511393838153745,0
109,18,61,1e-08,60,0.195699366657218,0.254711989740572,0.00188882742211014,0
109,18,61,1e-08,120,5.17918846345445,0.116369274155276,0.00965274561946435,0
109,18,41,1e-06,30,0.518483783604349,0.000683522154240527,0.0175581569974071,0
109,18,41,1e-06,60,2.04059383544567,0.000559535953179633,0.105439709753164,0
109,18,41,1e-06,120,7.12139036171912,0.024994328906172,0.70847130360818,0
109,18,61,1e-06,30,0.0483552232524529,0.104034723789774,0.0175581569974071,1
109,18,61,1e-06,60,0.337124121371013,0.254711989740572,0.105439709753164,1
109,18,61,1e-06,120,6.31108053222433,0.116369274155276,0.70847130360818,0
109,18,41,0.0001,30,0.622761125269686,0.000683522154240527,1.68021537013102,1
109,18,41,0.0001,60,2.40201429300581,0.000559535953179633,10.3200544534141,1
109,18,41,0.0001,120,8.3778677390564,0.024994328906172,70.0789037415827,1
109,18,61,0.0001,30,0.0488921711845806,0.104034723789774,1.68021537013102,1
109,18,61,0.0001,60,0.339462552295926,0.254711989740572,10.3200544534141,1
109,18,61,0.0001,120,6.32915943200921,0.116369274155276,70.0789037415827,1
109,19,41,1e-08,30,0.0338002428764499,0.0874525569710057,0.000511393838153745,0
109,19,41,1e-08,60,0.193571200079436,0.249995965396852,0.00188882742211014,0
109,19,41,1e-08,120,1.30480139590129,0.516193763715879,0.00965274561946435,0
109,19,61,1e-08,30,0.0334266555514089,0.157403713216734,0.000511393838153745,0
109,19,61,1e-08,60,2.37381945372352,3.92902144116411,0.00188882742211014,0
109,19,61,1e-08,120,5.96206106261826,8.67248999387187,0.00965274561946435,0
109,19,41,1e-06,30,0.0099608103689712,0.0874525569710057,0.0175581569974071,1
109,19,41,1e-06,60,0.0844283200418636,0.249995965396852,0.105439709753164,1
109,19,41,1e-06,120,0.743324870189615,0.516193763715879,0.70847130360818,1
109,19,61,1e-06,30,0.0219880585301308,0.157403713216734,0.0175581569974071,1
109,19,61,1e-06,60,2.20573327852268,3.92902144116411,0.105439709753164,0
109,19,61,1e-06,120,5.49516596595746,8.67248999387187,0.70847130360818,0
109,19,41,0.0001,30,0.00963529904309604,0.0874525569710057,1.68021537013102,1
109,19,41,0.0001,60,0.0828091486618817,0.249995965396852,10.3200544534141,1
109,19,41,0.0001,120,0.734538668553531,0.516193763715879,70.0789037415827,1
109,19,61,0.0001,30,0.0223981633563763,0.157403713216734,1.68021537013102,1
109,19,61,0.0001,60,2.2141823109382,3.92902144116411,10.3200544534141,1
109,19,61,0.0001,120,5.52226204428783,8.67248999387187,70.0789037415827,1
109,20,41,1e-08,30,0.000850513823420287,0.00218263264671009,0.000511393838153745,1
109,20,41,1e-08,60,0.00100682080208801,0.0046286403724297,0.00188882742211014,1
109,20,41,1e-08,120,0.000817633540966685,0.0104847648025754,0.00965274561946435,1
109,20,61,1e-08,30,4.58855904373242e-05,0.0124211798486356,0.000511393838153745,1
109,20,61,1e-08,60,0.000985605980074798,0.0550949226323373,0.00188882742211014,1
109,20,61,1e-08,120,0.0173236551627025,0.283292815847541,0.00965274561946435,1
109,20,41,1e-06,30,0.00023042489310943,0.00218263264671009,0.0175581569974071,1
109,20,41,1e-06,60,0.00308154127661311,0.0046286403724297,0.105439709753164,1
109,20,41,1e-06,120,0.0208644380136463,0.0104847648025754,0.70847130360818,1
109,20,61,1e-06,30,0.000370825962522474,0.0124211798486356,0.0175581569974071,1
109,20,61,1e-06,60,0.00252051603179373,0.0550949226323373,0.105439709753164,1
109,20,61,1e-06,120,0.0265965836725974,0.283292815847541,0.70847130360818,1
109,20,41,0.0001,30,5.59399039564915e-05,0.00218263264671009,1.68021537013102,1
109,20,41,0.0001,60,0.00162876329987961,0.0046286403724297,10.3200544534141,1
109,20,41,0.0001,120,0.0130839531920074,0.0104847648025754,70.0789037415827,1
109,20,61,0.0001,30,0.00023439761381579,0.0124211798486356,1.68021537013102,1
109,20,61,0.0001,60,0.00180119209020863,0.0550949226323373,10.3200544534141,1
109,20,61,0.0001,120,0.0218109515589262,0.283292815847541,70.0789037415827,1
110,1,41,1e-08,30,3.16054309005251,0.0237343751315521,0.000511393838153745,0
110,1,41,1e-08,60,6.09014904908824,1.99699152725605,0.00188882742211014,0
110,1,41,1e-08,120,0.064455561969944,1.54293129132337,0.00965274561946435,0
110,1,61,1e-08,30,3.49511316267688,1.13380206287358,0.000511393838153745,0
110,1,61,1e-08,60,2.94913888910364,6.25257954066811,0.00188882742211014,0
110,1,61,1e-08,120,3.69861793275105,0.0001419244764497,0.00965274561946435,0
110,1,41,1e-06,30,5.52082161273538,0.0237343751315521,0.0175581569974071,0
110,1,41,1e-06,60,7.20352662443898,1.99699152725605,0.105439709753164,0
110,1,41,1e-06,120,6.27227142717023,1.54293129132337,0.70847130360818,0
110,1,61,1e-06,30,0.000427229943420489,1.13380206287358,0.0175581569974071,1
110,1,61,1e-06,60,2.65244375917245,6.25257954066811,0.105439709753164,0
110,1,61,1e-06,120,3.92080832673994,0.0001419244764497,0.70847130360818,0
110,1,41,0.0001,30,5.81063704691527,0.0237343751315521,1.68021537013102,1
110,1,41,0.0001,60,6.59002952874387,1.99699152725605,10.3200544534141,1
110,1,41,0.0001,120,7.47029224052627,1.54293129132337,70.0789037415827,1
110,1,61,0.0001,30,0.00972201045154738,1.13380206287358,1.68021537013102,1
110,1,61,0.0001,60,3.42414871720882,6.25257954066811,10.3200544534141,1
110,1,61,0.0001,120,5.79366203835721,0.0001419244764497,70.0789037415827,1
110,2,41,1e-08,30,0.0319518997746671,3.72739852707061,0.000511393838153745,0
110,2,41,1e-08,60,0.159620737811832,8.65887340208361,0.00188882742211014,0
110,2,41,1e-08,120,0.389223286177985,0.74522797945714,0.00965274561946435,0
110,2,61,1e-08,30,0.0121439594274087,7.66214866400204,0.000511393838153745,0
110,2,61,1e-08,60,4.34816231120005,9.43424317792713,0.00188882742211014,0
110,2,61,1e-08,120,3.56790427792078,0.295208803141548,0.00965274561946435,0
110,2,41,1e-06,30,0.0192085154985751,3.72739852707061,0.0175581569974071,1
110,2,41,1e-06,60,0.413452722921908,8.65887340208361,0.105439709753164,0
110,2,41,1e-06,120,0.000688633725734677,0.74522797945714,0.70847130360818,1
110,2,61,1e-06,30,1.19968207026995,7.66214866400204,0.0175581569974071,0
110,2,61,1e-06,60,0.021356420975153,9.43424317792713,0.105439709753164,1
110,2,61,1e-06,120,0.976214470527069,0.295208803141548,0.70847130360818,1
110,2,41,0.0001,30,0.0154272438453209,3.72739852707061,1.68021537013102,1
110,2,41,0.0001,60,0.449302874583666,8.65887340208361,10.3200544534141,1
110,2,41,0.0001,120,0.00629772991188174,0.74522797945714,70.0789037415827,1
110,2,61,0.0001,30,1.07807159274984,7.66214866400204,1.68021537013102,1
110,2,61,0.0001,60,0.0614915201875616,9.43424317792713,10.3200544534141,1
110,2,61,0.0001,120,1.3913373437755,0.295208803141548,70.0789037415827,1
110,3,41,1e-08,30,0.0227505940029364,0.028243143000336,0.000511393838153745,0
110,3,41,1e-08,60,0.000946244509019596,0.00366905037040355,0.00188882742211014,1
110,3,41,1e-08,120,0.0293384621780371,0.0511988419331543,0.00965274561946435,1
110,3,61,1e-08,30,1.4629326257506,0.105882997439393,0.000511393838153745,0
110,3,61,1e-08,60,5.23005384168433,1.59643943637867,0.00188882742211014,0
110,3,61,1e-08,120,0.385968888059075,3.68468014627709,0.00965274561946435,0
110,3,41,1e-06,30,0.0315306074129111,0.028243143000336,0.0175581569974071,1
110,3,41,1e-06,60,0.00595719126458685,0.00366905037040355,0.105439709753164,1
110,3,41,1e-06,120,0.0660895140090447,0.0511988419331543,0.70847130360818,1
110,3,61,1e-06,30,9.17825082578139,0.105882997439393,0.0175581569974071,0
110,3,61,1e-06,60,0.139314599645881,1.59643943637867,0.105439709753164,1
110,3,61,1e-06,120,0.0152875191148147,3.68468014627709,0.70847130360818,1
110,3,41,0.0001,30,0.0156721443112816,0.028243143000336,1.68021537013102,1
110,3,41,0.0001,60,0.000634836742038743,0.00366905037040355,10.3200544534141,1
110,3,41,0.0001,120,0.00299238618705829,0.0511988419331543,70.0789037415827,1
110,3,61,0.0001,30,8.60684390332436,0.105882997439393,1.68021537013102,0
110,3,61,0.0001,60,0.0387489215507194,1.59643943637867,10.3200544534141,1
110,3,61,0.0001,120,0.0457617815142855,3.68468014627709,70.0789037415827,1
110,4,41,1e-08,30,0.545167742857121,0.00854889367792191,0.000511393838153745,0
110,4,41,1e-08,60,1.19806139641776,0.0244988412499577,0.00188882742211014,0
110,4,41,1e-08,120,2.45476822938408,0.00197513516766529,0.00965274561946435,0
110,4,61,1e-08,30,1.5522277379459,0.08744996775525,0.000511393838153745,0
110,4,61,1e-08,60,5.48026694965184,1.49734752700489,0.00188882742211014,0
110,4,61,1e-08,120,0.33180095838634,3.62370999873029,0.00965274561946435,0
110,4,41,1e-06,30,9.8395235623046e-06,0.00854889367792191,0.0175581569974071,1
110,4,41,1e-06,60,0.000667298730139508,0.0244988412499577,0.105439709753164,1
110,4,41,1e-06,120,0.104956692773968,0.00197513516766529,0.70847130360818,1
110,4,61,1e-06,30,8.94616646659615,0.08744996775525,0.0175581569974071,0
110,4,61,1e-06,60,0.0996426176585865,1.49734752700489,0.105439709753164,1
110,4,61,1e-06,120,0.00521313107070705,3.62370999873029,0.70847130360818,1
110,4,41,0.0001,30,0.0208636815335848,0.00854889367792191,1.68021537013102,1
110,4,41,0.0001,60,0.100710802792501,0.0244988412499577,10.3200544534141,1
110,4,41,0.0001,120,0.816066277473745,0.00197513516766529,70.0789037415827,1
110,4,61,0.0001,30,8.38457367883149,0.08744996775525,1.68021537013102,0
110,4,61,0.0001,60,0.019628511090284,1.49734752700489,10.3200544534141,1
110,4,61,0.0001,120,0.0695251797593919,3.62370999873029,70.0789037415827,1
110,5,41,1e-08,30,1.64694841142496,0.153865034743648,0.000511393838153745,0
110,5,41,1e-08,60,8.55740009332203,0.0028285226123544,0.00188882742211014,0
110,5,41,1e-08,120,0.199822217820293,0.0634491409661294,0.00965274561946435,0
110,5,61,1e-08,30,0.0108457556432535,0.00245342577470046,0.000511393838153745,0
110,5,61,1e-08,60,0.14199062562204,0.614437111304804,0.00188882742211014,0
110,5,61,1e-08,120,9.68174481475951,4.83018599654797,0.00965274561946435,0
110,5,41,1e-06,30,0.10168053746151,0.153865034743648,0.0175581569974071,0
110,5,41,1e-06,60,0.00667031348651353,0.0028285226123544,0.105439709753164,1
110,5,41,1e-06,120,0.259787668927751,0.0634491409661294,0.70847130360818,1
110,5,61,1e-06,30,0.570779831134685,0.00245342577470046,0.0175581569974071,0
110,5,61,1e-06,60,0.694402591131905,0.614437111304804,0.105439709753164,0
110,5,61,1e-06,120,0.712293197566238,4.83018599654797,0.70847130360818,1
110,5,41,0.0001,30,0.148815139567017,0.153865034743648,1.68021537013102,1
110,5,41,0.0001,60,0.00162617224352327,0.0028285226123544,10.3200544534141,1
110,5,41,0.0001,120,0.0769972883972266,0.0634491409661294,70.0789037415827,1
110,5,61,0.0001,30,0.654019488180964,0.00245342577470046,1.68021537013102,1
110,5,61,0.0001,60,0.86994520679291,0.614437111304804,10.3200544534141,1
110,5,61,0.0001,120,0.425369652819241,4.83018599654797,70.0789037415827,1
110,6,41,1e-08,30,0.000155281515486501,9.75346113780818e-05,0.000511393838153745,1
110,6,41,1e-08,60,0.000215534534230588,3.04691376503743e-05,0.00188882742211014,1
110,6,41,1e-08,120,0.00729607557084317,0.00398210474819881,0.00965274561946435,1
110,6,61,1e-08,30,0.00165701599835959,0.00284957120794218,0.000511393838153745,1
110,6,61,1e-08,60,0.00607220601275754,0.0102538899034337,0.00188882742211014,1
110,6,61,1e-08,120,0.0377867313792627,0.0571447413193386,0.00965274561946435,0
110,6,41,1e-06,30,0.000170580632522813,9.75346113780818e-05,0.0175581569974071,1
110,6,41,1e-06,60,0.000138337361523039,3.04691376503743e-05,0.105439709753164,1
110,6,41,1e-06,120,0.00569420450005177,0.00398210474819881,0.70847130360818,1
110,6,61,1e-06,30,0.00239492592188349,0.00284957120794218,0.0175581569974071,1
110,6,61,1e-06,60,0.00854170553039493,0.0102538899034337,0.105439709753164,1
110,6,61,1e-06,120,0.0490250528860059,0.0571447413193386,0.70847130360818,1
110,6,41,0.0001,30,0.000107397149643991,9.75346113780818e-05,1.68021537013102,1
110,6,41,0.0001,60,4.21569609530993e-05,3.04691376503743e-05,10.3200544534141,1
110,6,41,0.0001,120,0.0042312662737873,0.00398210474819881,70.0789037415827,1
110,6,61,0.0001,30,0.0023995701901448,0.00284957120794218,1.68021537013102,1
110,6,61,0.0001,60,0.00855070203218745,0.0102538899034337,10.3200544534141,1
110,6,61,0.0001,120,0.04904769298774,0.0571447413193386,70.0789037415827,1
110,7,41,1e-08,30,0.000214742099094997,4.60488945001849e-05,0.000511393838153745,1
110,7,41,1e-08,60,0.000394770444339252,0.000333159928408621,0.00188882742211014,1
110,7,41,1e-08,120,3.95441336055502e-05,0.00425052594403263,0.00965274561946435,1
110,7,61,1e-08,30,0.000571497640848061,0.000694718642959398,0.000511393838153745,1
110,7,61,1e-08,60,0.0057684119294789,0.00615936411803499,0.00188882742211014,1
110,7,61,1e-08,120,0.0406749864698792,0.0417679437115416,0.00965274561946435,0
110,7,41,1e-06,30,5.97629094540311e-05,4.60488945001849e-05,0.0175581569974071,1
110,7,41,1e-06,60,0.000412679430820105,0.000333159928408621,0.105439709753164,1
110,7,41,1e-06,120,0.00482916047738167,0.00425052594403263,0.70847130360818,1
110,7,61,1e-06,30,0.000915940482940177,0.000694718642959398,0.0175581569974071,1
110,7,61,1e-06,60,0.0074601320704932,0.00615936411803499,0.105439709753164,1
110,7,61,1e-06,120,0.0485009908910235,0.0417679437115416,0.70847130360818,1
110,7,41,0.0001,30,9.91510199070437e-05,4.60488945001849e-05,1.68021537013102,1
110,7,41,0.0001,60,0.000605049184720679,0.000333159928408621,10.3200544534141,1
110,7,41,0.0001,120,0.00606657781950599,0.00425052594403263,70.0789037415827,1
110,7,61,0.0001,30,0.000985457517127554,0.000694718642959398,1.68021537013102,1
110,7,61,0.0001,60,0.00784136783808243,0.00615936411803499,10.3200544534141,1
110,7,61,0.0001,120,0.0504059765070564,0.0417679437115416,70.0789037415827,1
110,8,41,1e-08,30,4.22607784746551e-07,2.79075213476201e-05,0.000511393838153745,1
110,8,41,1e-08,60,2.01988844294961e-05,0.000128119565209972,0.00188882742211014,1
110,8,41,1e-08,120,0.00100395631255974,0.00162357526553203,0.00965274561946435,1
110,8,61,1e-08,30,6.7720119561334e-05,0.000171165905916126,0.000511393838153745,1
110,8,61,1e-08,60,0.00206285357593868,0.0028100068222278,0.00188882742211014,1
110,8,61,1e-08,120,0.018586004763326,0.0223189904205991,0.00965274561946435,1
110,8,41,1e-06,30,0.000561888496681411,2.79075213476201e-05,0.0175581569974071,1
110,8,41,1e-06,60,0.00233974883401502,0.000128119565209972,0.105439709753164,1
110,8,41,1e-06,120,0.013134679504671,0.00162357526553203,0.70847130360818,1
110,8,61,1e-06,30,0.000319892566989359,0.000171165905916126,0.0175581569974071,1
110,8,61,1e-06,60,0.00393682651169798,0.0028100068222278,0.105439709753164,1
110,8,61,1e-06,120,0.0285590822292204,0.0223189904205991,0.70847130360818,1
110,8,41,0.0001,30,0.000687339527993572,2.79075213476201e-05,1.68021537013102,1
110,8,41,0.0001,60,0.00282919857553,0.000128119565209972,10.3200544534141,1
110,8,41,0.0001,120,0.0153855408146533,0.00162357526553203,70.0789037415827,1
110,8,61,0.0001,30,0.000388536375051798,0.000171165905916126,1.68021537013102,1
110,8,61,0.0001,60,0.00439139548696816,0.0028100068222278,10.3200544534141,1
110,8,61,0.0001,120,0.0309454415679869,0.0223189904205991,70.0789037415827,1
110,9,41,1e-08,30,0.000297093480866054,0.000136461081149899,0.000511393838153745,1
110,9,41,1e-08,60,0.000461887111407301,8.18265231688641e-05,0.00188882742211014,1
110,9,41,1e-08,120,0.000103981621753232,0.000256981637225628,0.00965274561946435,1
110,9,61,1e-08,30,0.0035509439950277,0.00324664283967559,0.000511393838153745,0
110,9,61,1e-08,60,0.0110974184033237,0.00889030586155778,0.00188882742211014,0
110,9,61,1e-08,120,0.0511825499749367,0.039318513272926,0.00965274561946435,0
110,9,41,1e-06,30,0.00115560225529154,0.000136461081149899,0.0175581569974071,1
110,9,41,1e-06,60,0.00290245143490249,8.18265231688641e-05,0.105439709753164,1
110,9,41,1e-06,120,0.00545089439159291,0.000256981637225628,0.70847130360818,1
110,9,61,1e-06,30,0.00799298192707185,0.00324664283967559,0.0175581569974071,1
110,9,61,1e-06,60,0.025413949556484,0.00889030586155778,0.105439709753164,1
110,9,61,1e-06,120,0.108127845238098,0.039318513272926,0.70847130360818,1
110,9,41,0.0001,30,0.00131422140097888,0.000136461081149899,1.68021537013102,1
110,9,41,0.0001,60,0.003385978630559,8.18265231688641e-05,10.3200544534141,1
110,9,41,0.0001,120,0.00676643854177902,0.000256981637225628,70.0789037415827,1
110,9,61,0.0001,30,0.00844733176991215,0.00324664283967559,1.68021537013102,1
110,9,61,0.0001,60,0.0269457400682396,0.00889030586155778,10.3200544534141,1
110,9,61,0.0001,120,0.11425639994301,0.039318513272926,70.0789037415827,1
110,10,41,1e-08,30,7.51449944199263,0.867875405318461,0.000511393838153745,0
110,10,41,1e-08,60,0.107739662475203,5.15298582803423,0.00188882742211014,0
110,10,41,1e-08,120,0.946667107672331,4.51668598249861,0.00965274561946435,0
110,10,61,1e-08,30,2.39252766416991,0.714836210548384,0.000511393838153745,0
110,10,61,1e-08,60,4.72129433859293,0.9125089261874,0.00188882742211014,0
110,10,61,1e-08,120,0.0348375537669322,3.8710076967242,0.00965274561946435,1
110,10,41,1e-06,30,7.45167178329438,0.867875405318461,0.0175581569974071,0
110,10,41,1e-06,60,0.17536707453579,5.15298582803423,0.105439709753164,1
110,10,41,1e-06,120,1.49229376757316,4.51668598249861,0.70847130360818,1
110,10,61,1e-06,30,3.73727273522513,0.714836210548384,0.0175581569974071,0
110,10,61,1e-06,60,2.83295789348146,0.9125089261874,0.105439709753164,0
110,10,61,1e-06,120,0.259743021349522,3.8710076967242,0.70847130360818,1
110,10,41,0.0001,30,7.30274801409761,0.867875405318461,1.68021537013102,0
110,10,41,0.0001,60,0.22246885215539,5.15298582803423,10.3200544534141,1
110,10,41,0.0001,120,1.75683534517538,4.51668598249861,70.0789037415827,1
110,10,61,0.0001,30,3.54281893479613,0.714836210548384,1.68021537013102,1
110,10,61,0.0001,60,3.17919608798673,0.9125089261874,10.3200544534141,1
110,10,61,0.0001,120,0.0972863744614447,3.8710076967242,70.0789037415827,1
110,11,41,1e-08,30,0.721117744964732,0.991566340569258,0.000511393838153745,0
110,11,41,1e-08,60,0.130839681018533,8.75859990546141,0.00188882742211014,0
110,11,41,1e-08,120,1.10774450951058,1.12777742753875,0.00965274561946435,0
110,11,61,1e-08,30,5.75422777094089,0.18473901410806,0.000511393838153745,0
110,11,61,1e-08,60,1.14393413061177,2.59589308880884,0.00188882742211014,0
110,11,61,1e-08,120,4.9423123065826,7.89247386372325,0.00965274561946435,0
110,11,41,1e-06,30,0.181940517645955,0.991566340569258,0.0175581569974071,0
110,11,41,1e-06,60,3.3407480688494,8.75859990546141,0.105439709753164,0
110,11,41,1e-06,120,8.78831883059275,1.12777742753875,0.70847130360818,0
110,11,61,1e-06,30,1.8972228174364,0.18473901410806,0.0175581569974071,0
110,11,61,1e-06,60,7.75062069153945,2.59589308880884,0.105439709753164,0
110,11,61,1e-06,120,0.920676513360318,7.89247386372325,0.70847130360818,1
110,11,41,0.0001,30,0.199217650241308,0.991566340569258,1.68021537013102,1
110,11,41,0.0001,60,3.46216041738588,8.75859990546141,10.3200544534141,1
110,11,41,0.0001,120,9.14260423879241,1.12777742753875,70.0789037415827,1
110,11,61,0.0001,30,1.75128283786264,0.18473901410806,1.68021537013102,1
110,11,61,0.0001,60,8.3231654820182,2.59589308880884,10.3200544534141,1
110,11,61,0.0001,120,0.584619558324716,7.89247386372325,70.0789037415827,1
110,12,41,1e-08,30,1.52883109087289,0.0289300433918438,0.000511393838153745,0
110,12,41,1e-08,60,6.11025271177105,0.0326476200330012,0.00188882742211014,0
110,12,41,1e-08,120,1.69997026923898,0.056872566626102,0.00965274561946435,0
110,12,61,1e-08,30,5.10204097467349,1.03430924065481,0.000511393838153745,0
110,12,61,1e-08,60,9.01252515131392,7.12027311572784,0.00188882742211014,0
110,12,61,1e-08,120,3.90475138737562,1.54582007674546,0.00965274561946435,0
110,12,41,1e-06,30,5.55609171670114,0.0289300433918438,0.0175581569974071,0
110,12,41,1e-06,60,2.94849708438813,0.0326476200330012,0.105439709753164,0
110,12,41,1e-06,120,7.49302067762668,0.056872566626102,0.70847130360818,0
110,12,61,1e-06,30,5.51686060447407,1.03430924065481,0.0175581569974071,0
110,12,61,1e-06,60,9.71679806833565,7.12027311572784,0.105439709753164,0
110,12,61,1e-06,120,4.58498421599089,1.54582007674546,0.70847130360818,0
110,12,41,0.0001,30,6.07156403675051,0.0289300433918438,1.68021537013102,1
110,12,41,0.0001,60,2.29353688094137,0.0326476200330012,10.3200544534141,1
110,12,41,0.0001,120,9.80648234990313,0.056872566626102,70.0789037415827,1
110,12,61,0.0001,30,5.47523371495735,1.03430924065481,1.68021537013102,1
110,12,61,0.0001,60,9.60419865779635,7.12027311572784,10.3200544534141,1
110,12,61,0.0001,120,4.42964664831004,1.54582007674546,70.0789037415827,1
110,13,41,1e-08,30,5.60337762324369,7.77641701230613,0.000511393838153745,0
110,13,41,1e-08,60,3.81289701317228,6.67363659055164,0.00188882742211014,0
110,13,41,1e-08,120,5.08072130435747,1.08664991585946,0.00965274561946435,0
110,13,61,1e-08,30,9.12624736652494,6.77652848762025,0.000511393838153745,0
110,13,61,1e-08,60,4.05954618513506,6.07896365865655,0.00188882742211014,0
110,13,61,1e-08,120,5.1030632778265,3.03598239954849,0.00965274561946435,0
110,13,41,1e-06,30,2.98457376598238,7.77641701230613,0.0175581569974071,0
110,13,41,1e-06,60,0.199627363166899,6.67363659055164,0.105439709753164,1
110,13,41,1e-06,120,9.22973344218655,1.08664991585946,0.70847130360818,0
110,13,61,1e-06,30,3.39605304587192,6.77652848762025,0.0175581569974071,0
110,13,61,1e-06,60,5.2426559200941,6.07896365865655,0.105439709753164,0
110,13,61,1e-06,120,1.74438551941744,3.03598239954849,0.70847130360818,1
110,13,41,0.0001,30,2.69502925557764,7.77641701230613,1.68021537013102,1
110,13,41,0.0001,60,0.0836655653142358,6.67363659055164,10.3200544534141,1
110,13,41,0.0001,120,7.49271413038441,1.08664991585946,70.0789037415827,1
110,13,61,0.0001,30,3.30929404012779,6.77652848762025,1.68021537013102,1
110,13,61,0.0001,60,5.06023426081188,6.07896365865655,10.3200544534141,1
110,13,61,0.0001,120,1.94304913286233,3.03598239954849,70.0789037415827,1
110,14,41,1e-08,30,0.00235951285576855,0.000312546440677698,0.000511393838153745,0
110,14,41,1e-08,60,0.000674510678304863,0.0109829599014912,0.00188882742211014,1
110,14,41,1e-08,120,0.0043193317840524,0.0376684671263478,0.00965274561946435,1
110,14,61,1e-08,30,0.00498906133918547,0.040616854440894,0.000511393838153745,0
110,14,61,1e-08,60,0.0606138048063228,0.314178716241765,0.00188882742211014,0
110,14,61,1e-08,120,2.23778016786054,4.73962755294115,0.00965274561946435,0
110,14,41,1e-06,30,0.00300421012188555,0.000312546440677698,0.0175581569974071,1
110,14,41,1e-06,60,0.00163396524948928,0.0109829599014912,0.105439709753164,1
110,14,41,1e-06,120,0.00933211737903179,0.0376684671263478,0.70847130360818,1
110,14,61,1e-06,30,0.00183462035184801,0.040616854440894,0.0175581569974071,1
110,14,61,1e-06,60,0.0586857216689117,0.314178716241765,0.105439709753164,1
110,14,61,1e-06,120,2.37061686487795,4.73962755294115,0.70847130360818,1
110,14,41,0.0001,30,0.00372379329018912,0.000312546440677698,1.68021537013102,1
110,14,41,0.0001,60,0.00276754886858928,0.0109829599014912,10.3200544534141,1
110,14,41,0.0001,120,0.0145766840220892,0.0376684671263478,70.0789037415827,1
110,14,61,0.0001,30,0.000169289555424673,0.040616854440894,1.68021537013102,1
110,14,61,0.0001,60,0.0336548724798052,0.314178716241765,10.3200544534141,1
110,14,61,0.0001,120,2.02472207166209,4.73962755294115,70.0789037415827,1
110,15,41,1e-08,30,0.00439977302828578,0.00169333283408133,0.000511393838153745,0
110,15,41,1e-08,60,0.00898310953337486,0.0139464543290005,0.00188882742211014,0
110,15,41,1e-08,120,0.0678321964028872,0.0266391864759407,0.00965274561946435,0
110,15,61,1e-08,30,0.00531373958529709,0.0404631943278363,0.000511393838153745,0
110,15,61,1e-08,60,0.0663170840184192,0.325196014701672,0.00188882742211014,0
110,15,61,1e-08,120,2.3131066244123,4.85139070264791,0.00965274561946435,0
110,15,41,1e-06,30,0.00115875434358455,0.00169333283408133,0.0175581569974071,1
110,15,41,1e-06,60,0.0111078803713053,0.0139464543290005,0.105439709753164,1
110,15,41,1e-06,120,0.0194131025380529,0.0266391864759407,0.70847130360818,1
110,15,61,1e-06,30,0.000332957221739231,0.0404631943278363,0.0175581569974071,1
110,15,61,1e-06,60,0.0413405520462613,0.325196014701672,0.105439709753164,1
110,15,61,1e-06,120,2.15383457198953,4.85139070264791,0.70847130360818,1
110,15,41,0.0001,30,0.00292129334143873,0.00169333283408133,1.68021537013102,1
110,15,41,0.0001,60,0.0207102126992047,0.0139464543290005,10.3200544534141,1
110,15,41,0.0001,120,0.0461662815156603,0.0266391864759407,70.0789037415827,1
110,15,61,0.0001,30,0.000187565182333897,0.0404631943278363,1.68021537013102,1
110,15,61,0.0001,60,0.0197523258605752,0.325196014701672,10.3200544534141,1
110,15,61,0.0001,120,1.80401851391403,4.85139070264791,70.0789037415827,1
110,16,41,1e-08,30,2.57689708138907,0.0397902091772463,0.000511393838153745,0
110,16,41,1e-08,60,2.15720373774875,1.78706199850679,0.00188882742211014,0
110,16,41,1e-08,120,7.14009734893306,8.60230209657793,0.00965274561946435,0
110,16,61,1e-08,30,1.4861828746352,0.738277205693137,0.000511393838153745,0
110,16,61,1e-08,60,3.5578386818717,0.083882993788887,0.00188882742211014,0
110,16,61,1e-08,120,0.0097990837742768,3.92503753052604,0.00965274561946435,1
110,16,41,1e-06,30,0.756542047805579,0.0397902091772463,0.0175581569974071,0
110,16,41,1e-06,60,4.57506181760307e-05,1.78706199850679,0.105439709753164,1
110,16,41,1e-06,120,0.0803538783129506,8.60230209657793,0.70847130360818,1
110,16,61,1e-06,30,0.0764172878099783,0.738277205693137,0.0175581569974071,0
110,16,61,1e-06,60,6.50734253193296,0.083882993788887,0.105439709753164,0
110,16,61,1e-06,120,6.4083187057448,3.92503753052604,0.70847130360818,0
110,16,41,0.0001,30,0.580342628603904,0.0397902091772463,1.68021537013102,1
110,16,41,0.0001,60,0.0450595313362561,1.78706199850679,10.3200544534141,1
110,16,41,0.0001,120,0.467867882206298,8.60230209657793,70.0789037415827,1
110,16,61,0.0001,30,0.0362656792882331,0.738277205693137,1.68021537013102,1
110,16,61,0.0001,60,5.70660415537045,0.083882993788887,10.3200544534141,1
110,16,61,0.0001,120,4.91584343756534,3.92503753052604,70.0789037415827,1
110,17,41,1e-08,30,6.6885152384392,2.82176398900515,0.000511393838153745,0
110,17,41,1e-08,60,3.11217899081107,0.0142770670055199,0.00188882742211014,0
110,17,41,1e-08,120,2.60904593667614,1.60257703067977,0.00965274561946435,0
110,17,61,1e-08,30,0.0432883322775693,9.05644878539437,0.000511393838153745,0
110,17,61,1e-08,60,5.42385088229953,8.63086548549647,0.00188882742211014,0
110,17,61,1e-08,120,5.00384425193822,0.315725155324911,0.00965274561946435,0
110,17,41,1e-06,30,0.445889166189616,2.82176398900515,0.0175581569974071,0
110,17,41,1e-06,60,2.97420696831905,0.0142770670055199,0.105439709753164,0
110,17,41,1e-06,120,3.84674544528097,1.60257703067977,0.70847130360818,0
110,17,61,1e-06,30,2.7016759289522,9.05644878539437,0.0175581569974071,0
110,17,61,1e-06,60,0.00860181444544132,8.63086548549647,0.105439709753164,1
110,17,61,1e-06,120,0.120749708559641,0.315725155324911,0.70847130360818,1
110,17,41,0.0001,30,0.271084755693389,2.82176398900515,1.68021537013102,1
110,17,41,0.0001,60,4.00768302539904,0.0142770670055199,10.3200544534141,1
110,17,41,0.0001,120,6.24561199333272,1.60257703067977,70.0789037415827,1
110,17,61,0.0001,30,2.72850363551744,9.05644878539437,1.68021537013102,1
110,17,61,0.0001,60,0.0102978895705376,8.63086548549647,10.3200544534141,1
110,17,61,0.0001,120,0.127739621170566,0.315725155324911,70.0789037415827,1
110,18,41,1e-08,30,0.0496727932730306,3.91773367213161,0.000511393838153745,0
110,18,41,1e-08,60,7.33194982085267,0.0591624037738987,0.00188882742211014,0
110,18,41,1e-08,120,8.48281860510274,9.69090294675402,0.00965274561946435,0
110,18,61,1e-08,30,1.13011642820794,2.24155139756312,0.000511393838153745,0
110,18,61,1e-08,60,0.351441422731,0.201668912403492,0.00188882742211014,0
110,18,61,1e-08,120,4.3907893848941,0.0175307288055225,0.00965274561946435,0
110,18,41,1e-06,30,2.17009067904997,3.91773367213161,0.0175581569974071,0
110,18,41,1e-06,60,1.55201739601381,0.0591624037738987,0.105439709753164,0
110,18,41,1e-06,120,1.24931835706131,9.69090294675402,0.70847130360818,1
110,18,61,1e-06,30,0.627341707374402,2.24155139756312,0.0175581569974071,0
110,18,61,1e-06,60,1.59297035987714,0.201668912403492,0.105439709753164,0
110,18,61,1e-06,120,7.40869494112305,0.0175307288055225,0.70847130360818,0
110,18,41,0.0001,30,2.43693351352922,3.91773367213161,1.68021537013102,1
110,18,41,0.0001,60,1.16562804804935,0.0591624037738987,10.3200544534141,1
110,18,41,0.0001,120,2.07449444822039,9.69090294675402,70.0789037415827,1
110,18,61,0.0001,30,0.504936780034873,2.24155139756312,1.68021537013102,1
110,18,61,0.0001,60,2.01254859955967,0.201668912403492,10.3200544534141,1
110,18,61,0.0001,120,5.83352939257657,0.0175307288055225,70.0789037415827,1
110,19,41,1e-08,30,3.36109754947112,9.22693963640072,0.000511393838153745,0
110,19,41,1e-08,60,1.07317970218343,2.18566977857758,0.00188882742211014,0
110,19,41,1e-08,120,0.00535434682947509,2.68258400549308,0.00965274561946435,1
110,19,61,1e-08,30,0.232901327327952,0.0351533695459232,0.000511393838153745,0
110,19,61,1e-08,60,2.79252860889504,0.0123313058834664,0.00188882742211014,0
110,19,61,1e-08,120,0.00897034961033895,8.11415800223492,0.00965274561946435,1
110,19,41,1e-06,30,7.24322382511623,9.22693963640072,0.0175581569974071,0
110,19,41,1e-06,60,4.78015618037555,2.18566977857758,0.105439709753164,0
110,19,41,1e-06,120,0.0426506544190269,2.68258400549308,0.70847130360818,1
110,19,61,1e-06,30,2.79736958672589,0.0351533695459232,0.0175581569974071,0
110,19,61,1e-06,60,5.96023052106769,0.0123313058834664,0.105439709753164,0
110,19,61,1e-06,120,5.04247335263268,8.11415800223492,0.70847130360818,0
110,19,41,0.0001,30,6.5850038245503,9.22693963640072,1.68021537013102,0
110,19,41,0.0001,60,5.86361501232118,2.18566977857758,10.3200544534141,1
110,19,41,0.0001,120,0.0617446724856603,2.68258400549308,70.0789037415827,1
110,19,61,0.0001,30,3.07871155379781,0.0351533695459232,1.68021537013102,1
110,19,61,0.0001,60,5.23397512568114,0.0123313058834664,10.3200544534141,1
110,19,61,0.0001,120,3.79867410278778,8.11415800223492,70.0789037415827,1
110,20,41,1e-08,30,0.0127636435657415,8.01920354005421,0.000511393838153745,0
110,20,41,1e-08,60,2.86226046829457,1.18839067441488,0.00188882742211014,0
110,20,41,1e-08,120,1.92090807876113,0.000650433620764035,0.00965274561946435,0
110,20,61,1e-08,30,4.88514196937965,8.08167374182912,0.000511393838153745,0
110,20,61,1e-08,60,1.56577606307836,0.0511173909333712,0.00188882742211014,0
110,20,61,1e-08,120,8.58826067382222,0.0559062122027791,0.00965274561946435,0
110,20,41,1e-06,30,0.643886827957243,8.01920354005421,0.0175581569974071,0
110,20,41,1e-06,60,8.77651548632326,1.18839067441488,0.105439709753164,0
110,20,41,1e-06,120,3.3910674194932,0.000650433620764035,0.70847130360818,0
110,20,61,1e-06,30,2.28173329740359,8.08167374182912,0.0175581569974071,0
110,20,61,1e-06,60,5.96377038675332,0.0511173909333712,0.105439709753164,0
110,20,61,1e-06,120,1.39164835070375,0.0559062122027791,0.70847130360818,1
110,20,41,0.0001,30,0.691259066190088,8.01920354005421,1.68021537013102,1
110,20,41,0.0001,60,8.47161501696907,1.18839067441488,10.3200544534141,1
110,20,41,0.0001,120,3.04059472548472,0.000650433620764035,70.0789037415827,1
110,20,61,0.0001,30,2.2575849351598,8.08167374182912,1.68021537013102,1
110,20,61,0.0001,60,6.02480942252185,0.0511173909333712,10.3200544534141,1
110,20,61,0.0001,120,1.34169134483505,0.0559062122027791,70.0789037415827,1
111,1,41,1e-08,30,0.0615139130858163,1.2925520707102,0.000511393838153745,0
111,1,41,1e-08,60,0.0500711982693107,3.74099667436848,0.00188882742211014,0
111,1,41,1e-08,120,1.08781057809489,5.33817104666313,0.00965274561946435,0
111,1,61,1e-08,30,2.38171528971255,0.0112160358620308,0.000511393838153745,0
111,1,61,1e-08,60,7.24690290539414,0.0698768249280628,0.00188882742211014,0
111,1,61,1e-08,120,2.92935584678672,0.79025650582608,0.00965274561946435,0
111,1,41,1e-06,30,0.300734875114751,1.2925520707102,0.0175581569974071,0
111,1,41,1e-06,60,0.575767297057253,3.74099667436848,0.105439709753164,0
111,1,41,1e-06,120,0.00149347340141389,5.33817104666313,0.70847130360818,1
111,1,61,1e-06,30,7.36786068273563,0.0112160358620308,0.0175581569974071,0
111,1,61,1e-06,60,0.851344660653543,0.0698768249280628,0.105439709753164,0
111,1,61,1e-06,120,4.93450311895783,0.79025650582608,0.70847130360818,0
111,1,41,0.0001,30,0.304525409477139,1.2925520707102,1.68021537013102,1
111,1,41,0.0001,60,0.583770835711239,3.74099667436848,10.3200544534141,1
111,1,41,0.0001,120,0.000886189861645471,5.33817104666313,70.0789037415827,1
111,1,61,0.0001,30,6.8233775543006,0.0112160358620308,1.68021537013102,0
111,1,61,0.0001,60,1.23557052470064,0.0698768249280628,10.3200544534141,1
111,1,61,0.0001,120,6.67482857441473,0.79025650582608,70.0789037415827,1
111,2,41,1e-08,30,0.00869266232814934,0.00646670529505747,0.000511393838153745,0
111,2,41,1e-08,60,3.09796756153162,3.08111484732265,0.00188882742211014,0
111,2,41,1e-08,120,2.19175392371862,2.07486235808823,0.00965274561946435,0
111,2,61,1e-08,30,0.0264947387059664,0.210347169824238,0.000511393838153745,0
111,2,61,1e-08,60,0.141456665887755,0.982696207800842,0.00188882742211014,0
111,2,61,1e-08,120,0.924732880349669,4.90849027139792,0.00965274561946435,0
111,2,41,1e-06,30,0.000546288317209826,0.00646670529505747,0.0175581569974071,1
111,2,41,1e-06,60,3.85610258731345,3.08111484732265,0.105439709753164,0
111,2,41,1e-06,120,3.45223098811208,2.07486235808823,0.70847130360818,0
111,2,61,1e-06,30,0.011954610603198,0.210347169824238,0.0175581569974071,1
111,2,61,1e-06,60,0.0856323732802037,0.982696207800842,0.105439709753164,1
111,2,61,1e-06,120,0.669236332894081,4.90849027139792,0.70847130360818,1
111,2,41,0.0001,30,0.000769454176838007,0.00646670529505747,1.68021537013102,1
111,2,41,0.0001,60,3.88731923512711,3.08111484732265,10.3200544534141,1
111,2,41,0.0001,120,3.50843930730533,2.07486235808823,70.0789037415827,1
111,2,61,0.0001,30,0.0126966124463353,0.210347169824238,1.68021537013102,1
111,2,61,0.0001,60,0.0896381402488478,0.982696207800842,10.3200544534141,1
111,2,61,0.0001,120,0.691696682882599,4.90849027139792,70.0789037415827,1
111,3,41,1e-08,30,4.39941908759576e-06,0.000195481299812199,0.000511393838153745,1
111,3,41,1e-08,60,0.00150669079518986,0.000145279997378652,0.00188882742211014,1
111,3,41,1e-08,120,0.0258457853696005,0.0108671267178041,0.00965274561946435,1
111,3,61,1e-08,30,0.094742906349268,0.83653479998363,0.000511393838153745,0
111,3,61,1e-08,60,0.00278457585313942,1.81289639727555,0.00188882742211014,1
111,3,61,1e-08,120,0.345610437138719,4.32424857048546,0.00965274561946435,0
111,3,41,1e-06,30,1.52712679560368e-05,0.000195481299812199,0.0175581569974071,1
111,3,41,1e-06,60,0.0022857566678702,0.000145279997378652,0.105439709753164,1
111,3,41,1e-06,120,0.0308831450377205,0.0108671267178041,0.70847130360818,1
111,3,61,1e-06,30,0.000393675488495336,0.83653479998363,0.0175581569974071,1
111,3,61,1e-06,60,0.275558387681823,1.81289639727555,0.105439709753164,1
111,3,61,1e-06,120,2.77460345109016,4.32424857048546,0.70847130360818,0
111,3,41,0.0001,30,8.50273873159843e-06,0.000195481299812199,1.68021537013102,1
111,3,41,0.0001,60,0.0021020080499736,0.000145279997378652,10.3200544534141,1
111,3,41,0.0001,120,0.0295269350412111,0.0108671267178041,70.0789037415827,1
111,3,61,0.0001,30,0.00122215532913451,0.83653479998363,1.68021537013102,1
111,3,61,0.0001,60,0.305534186737039,1.81289639727555,10.3200544534141,1
111,3,61,0.0001,120,2.95469516110697,4.32424857048546,70.0789037415827,1
111,4,41,1e-08,30,0.00143430143213567,1.59974128980312e-06,0.000511393838153745,1
111,4,41,1e-08,60,3.11627843947935,3.26524747759189,0.00188882742211014,0
111,4,41,1e-08,120,2.00084829523865,2.1503355848027,0.00965274561946435,0
111,4,61,1e-08,30,0.00120556664892681,0.0168909231996832,0.000511393838153745,1
111,4,61,1e-08,60,1.71701614162336,2.25153233330138,0.00188882742211014,0
111,4,61,1e-08,120,8.17257237297863,9.26848466906709,0.00965274561946435,0
111,4,41,1e-06,30,0.00675916003922735,1.59974128980312e-06,0.0175581569974071,1
111,4,41,1e-06,60,3.89976517847063,3.26524747759189,0.105439709753164,0
111,4,41,1e-06,120,3.25006122399146,2.1503355848027,0.70847130360818,0
111,4,61,1e-06,30,0.000249068087759407,0.0168909231996832,0.0175581569974071,1
111,4,61,1e-06,60,1.6177767382898,2.25153233330138,0.105439709753164,0
111,4,61,1e-06,120,7.73594449134577,9.26848466906709,0.70847130360818,0
111,4,41,0.0001,30,0.00767898845097792,1.59974128980312e-06,1.68021537013102,1
111,4,41,0.0001,60,3.93942147859814,3.26524747759189,10.3200544534141,1
111,4,41,0.0001,120,3.31970952156243,2.1503355848027,70.0789037415827,1
111,4,61,0.0001,30,0.000183426901368621,0.0168909231996832,1.68021537013102,1
111,4,61,0.0001,60,1.60697473639027,2.25153233330138,10.3200544534141,1
111,4,61,0.0001,120,7.68993372314481,9.26848466906709,70.0789037415827,1
111,5,41,1e-08,30,0.153177162658434,0.394605488760952,0.000511393838153745,0
111,5,41,1e-08,60,0.934205820019695,1.21348445812671,0.00188882742211014,0
111,5,41,1e-08,120,6.59337312699869,2.55204348544698,0.00965274561946435,0
111,5,61,1e-08,30,0.0958837961138752,0.0365517067765803,0.000511393838153745,0
111,5,61,1e-08,60,0.166617306989964,0.105797309469235,0.00188882742211014,0
111,5,61,1e-08,120,0.358744287737713,0.344705517476032,0.00965274561946435,0
111,5,41,1e-06,30,0.133587221272416,0.394605488760952,0.0175581569974071,0
111,5,41,1e-06,60,0.78309655189084,1.21348445812671,0.105439709753164,0
111,5,41,1e-06,120,5.63907847324485,2.55204348544698,0.70847130360818,0
111,5,61,1e-06,30,0.0226849546347616,0.0365517067765803,0.0175581569974071,1
111,5,61,1e-06,60,0.0612542512386973,0.105797309469235,0.105439709753164,1
111,5,61,1e-06,120,0.189180384124779,0.344705517476032,0.70847130360818,1
111,5,41,0.0001,30,0.128597983151396,0.394605488760952,1.68021537013102,1
111,5,41,0.0001,60,0.760335771497148,1.21348445812671,10.3200544534141,1
111,5,41,0.0001,120,5.52057148558145,2.55204348544698,70.0789037415827,1
111,5,61,0.0001,30,0.0496899251437023,0.0365517067765803,1.68021537013102,1
111,5,61,0.0001,60,0.151136663947844,0.105797309469235,10.3200544534141,1
111,5,61,0.0001,120,0.510018177425989,0.344705517476032,70.0789037415827,1
111,6,41,1e-08,30,0.117782884462362,0.0015579619270914,0.000511393838153745,0
111,6,41,1e-08,60,0.488163435704845,0.0184107053187916,0.00188882742211014,0
111,6,41,1e-08,120,1.83579792027039,0.0747266333919164,0.00965274561946435,0
111,6,61,1e-08,30,0.00118871571557611,0.0754233554986282,0.000511393838153745,1
111,6,61,1e-08,60,0.00395487626122703,0.182806313699179,0.00188882742211014,1
111,6,61,1e-08,120,0.165671992374575,0.341056095209625,0.00965274561946435,0
111,6,41,1e-06,30,0.00197958201314917,0.0015579619270914,0.0175581569974071,1
111,6,41,1e-06,60,0.0205677817330954,0.0184107053187916,0.105439709753164,1
111,6,41,1e-06,120,0.0820849927990232,0.0747266333919164,0.70847130360818,1
111,6,61,1e-06,30,2.32748008029919e-05,0.0754233554986282,0.0175581569974071,1
111,6,61,1e-06,60,0.0125950268962452,0.182806313699179,0.105439709753164,1
111,6,61,1e-06,120,0.245758946653219,0.341056095209625,0.70847130360818,1
111,6,41,0.0001,30,0.000871612134559246,0.0015579619270914,1.68021537013102,1
111,6,41,0.0001,60,0.0134017687769161,0.0184107053187916,10.3200544534141,1
111,6,41,0.0001,120,0.0545210762265869,0.0747266333919164,70.0789037415827,1
111,6,61,0.0001,30,2.22145303120359e-05,0.0754233554986282,1.68021537013102,1
111,6,61,0.0001,60,0.0126074426405635,0.182806313699179,10.3200544534141,1
111,6,61,0.0001,120,0.245703000505852,0.341056095209625,70.0789037415827,1
111,7,41,1e-08,30,0.000393488748913885,0.00276875375457739,0.000511393838153745,1
111,7,41,1e-08,60,7.74818738425703e-05,0.00383914077464563,0.00188882742211014,1
111,7,41,1e-08,120,0.000438851510697662,0.00532340757617123,0.00965274561946435,1
111,7,61,1e-08,30,1.01835886690194,0.01915560858306,0.000511393838153745,0
111,7,61,1e-08,60,5.49792108558475,0.0929611548191151,0.00188882742211014,0
111,7,61,1e-08,120,1.46852285566293,0.480552540064385,0.00965274561946435,0
111,7,41,1e-06,30,0.00177466122609578,0.00276875375457739,0.0175581569974071,1
111,7,41,1e-06,60,0.00169724288035256,0.00383914077464563,0.105439709753164,1
111,7,41,1e-06,120,0.00100213708042531,0.00532340757617123,0.70847130360818,1
111,7,61,1e-06,30,5.35484616798615,0.01915560858306,0.0175581569974071,0
111,7,61,1e-06,60,2.61460715184349,0.0929611548191151,0.105439709753164,0
111,7,61,1e-06,120,9.86277971308323,0.480552540064385,0.70847130360818,0
111,7,41,0.0001,30,0.00184399465821399,0.00276875375457739,1.68021537013102,1
111,7,41,0.0001,60,0.00181549854860086,0.00383914077464563,10.3200544534141,1
111,7,41,0.0001,120,0.00117372476750418,0.00532340757617123,70.0789037415827,1
111,7,61,0.0001,30,5.65486096750457,0.01915560858306,1.68021537013102,1
111,7,61,0.0001,60,2.24700736878125,0.0929611548191151,10.3200544534141,1
111,7,61,0.0001,120,8.49413997087955,0.480552540064385,70.0789037415827,1
111,8,41,1e-08,30,4.57513558620113,4.48819143272609,0.000511393838153745,0
111,8,41,1e-08,60,4.12107463825441,3.95581118510149,0.00188882742211014,0
111,8,41,1e-08,120,3.0336057276199,2.75296167844375,0.00965274561946435,0
111,8,61,1e-08,30,0.00115096246921677,0.000681274258787535,0.000511393838153745,1
111,8,61,1e-08,60,0.0158215945717842,0.0119661765485267,0.00188882742211014,0
111,8,61,1e-08,120,0.225639523385621,0.194907064140834,0.00965274561946435,0
111,8,41,1e-06,30,4.55807911482995,4.48819143272609,0.0175581569974071,0
111,8,41,1e-06,60,4.08680012293012,3.95581118510149,0.105439709753164,0
111,8,41,1e-06,120,2.97330787583176,2.75296167844375,0.70847130360818,0
111,8,61,1e-06,30,0.00149566678365864,0.000681274258787535,0.0175581569974071,1
111,8,61,1e-06,60,0.0181194946158181,0.0119661765485267,0.105439709753164,1
111,8,61,1e-06,120,0.24205761996981,0.194907064140834,0.70847130360818,1
111,8,41,0.0001,30,4.54942340315195,4.48819143272609,1.68021537013102,1
111,8,41,0.0001,60,4.07121396703195,3.95581118510149,10.3200544534141,1
111,8,41,0.0001,120,2.94743166089529,2.75296167844375,70.0789037415827,1
111,8,61,0.0001,30,0.00158669312672747,0.000681274258787535,1.68021537013102,1
111,8,61,0.0001,60,0.0187293136968195,0.0119661765485267,10.3200544534141,1
111,8,61,0.0001,120,0.246426678214467,0.194907064140834,70.0789037415827,1
111,9,41,1e-08,30,0.0150199584732688,0.00317853693362527,0.000511393838153745,0
111,9,41,1e-08,60,0.0396330207903965,0.0104195529984966,0.00188882742211014,0
111,9,41,1e-08,120,1.62053019654125,2.0496454824483,0.00965274561946435,0
111,9,61,1e-08,30,0.000752503183172529,0.152574845469569,0.000511393838153745,1
111,9,61,1e-08,60,0.00487729096928337,0.658947468165782,0.00188882742211014,1
111,9,61,1e-08,120,0.389084114137524,4.50784074259581,0.00965274561946435,0
111,9,41,1e-06,30,0.000174167145536173,0.00317853693362527,0.0175581569974071,1
111,9,41,1e-06,60,0.00144720708454321,0.0104195529984966,0.105439709753164,1
111,9,41,1e-06,120,2.93389605518342,2.0496454824483,0.70847130360818,0
111,9,61,1e-06,30,0.00218872210566763,0.152574845469569,0.0175581569974071,1
111,9,61,1e-06,60,0.0153004696258923,0.658947468165782,0.105439709753164,1
111,9,61,1e-06,120,0.557463052651989,4.50784074259581,0.70847130360818,1
111,9,41,0.0001,30,0.000347011866665504,0.00317853693362527,1.68021537013102,1
111,9,41,0.0001,60,0.00229895031845476,0.0104195529984966,10.3200544534141,1
111,9,41,0.0001,120,2.99883859172154,2.0496454824483,70.0789037415827,1
111,9,61,0.0001,30,0.00158181105035636,0.152574845469569,1.68021537013102,1
111,9,61,0.0001,60,0.012117144536315,0.658947468165782,10.3200544534141,1
111,9,61,0.0001,120,0.518121502889451,4.50784074259581,70.0789037415827,1
111,10,41,1e-08,30,0.00221246674239671,0.00969498238004349,0.000511393838153745,0
111,10,41,1e-08,60,0.00267932494613386,0.0347969424567981,0.00188882742211014,1
111,10,41,1e-08,120,0.00969549208356835,0.105910621525082,0.00965274561946435,1
111,10,61,1e-08,30,0.220671937339311,0.0300609494729476,0.000511393838153745,0
111,10,61,1e-08,60,1.01783818521036,0.0599518003682363,0.00188882742211014,0
111,10,61,1e-08,120,4.94066373187715,0.0635815448085697,0.00965274561946435,0
111,10,41,1e-06,30,0.0128091462537379,0.00969498238004349,0.0175581569974071,1
111,10,41,1e-06,60,0.0565424926430666,0.0347969424567981,0.105439709753164,1
111,10,41,1e-06,120,0.274846236899084,0.105910621525082,0.70847130360818,1
111,10,61,1e-06,30,0.0374581773247347,0.0300609494729476,0.0175581569974071,1
111,10,61,1e-06,60,0.236721140703803,0.0599518003682363,0.105439709753164,1
111,10,61,1e-06,120,1.45968348953958,0.0635815448085697,0.70847130360818,1
111,10,41,0.0001,30,0.0198351179458785,0.00969498238004349,1.68021537013102,1
111,10,41,0.0001,60,0.0853083469595961,0.0347969424567981,10.3200544534141,1
111,10,41,0.0001,120,0.399179081713749,0.105910621525082,70.0789037415827,1
111,10,61,0.0001,30,0.0305058205607741,0.0300609494729476,1.68021537013102,1
111,10,61,0.0001,60,0.203584582598244,0.0599518003682363,10.3200544534141,1
111,10,61,0.0001,120,1.29943619219743,0.0635815448085697,70.0789037415827,1
111,11,41,1e-08,30,0.000513854272488208,0.00395084838229297,0.000511393838153745,1
111,11,41,1e-08,60,0.000930715077650111,0.0103201756607749,0.00188882742211014,1
111,11,41,1e-08,120,5.78412259943465,4.7514446927445,0.00965274561946435,0
111,11,61,1e-08,30,0.000369837699050548,0.0410270421245532,0.000511393838153745,1
111,11,61,1e-08,60,0.000615808635296949,0.192322634878133,0.00188882742211014,1
111,11,61,1e-08,120,0.00415068307131876,0.881678040155354,0.00965274561946435,1
111,11,41,1e-06,30,1.24030875376762e-05,0.00395084838229297,0.0175581569974071,1
111,11,41,1e-06,60,0.000951769576758285,0.0103201756607749,0.105439709753164,1
111,11,41,1e-06,120,5.9748117947073,4.7514446927445,0.70847130360818,0
111,11,61,1e-06,30,0.00187058192407838,0.0410270421245532,0.0175581569974071,1
111,11,61,1e-06,60,0.00291489251880538,0.192322634878133,0.105439709753164,1
111,11,61,1e-06,120,0.00221155147082431,0.881678040155354,0.70847130360818,1
111,11,41,0.0001,30,8.27432223017373e-07,0.00395084838229297,1.68021537013102,1
111,11,41,0.0001,60,0.000497298419194008,0.0103201756607749,10.3200544534141,1
111,11,41,0.0001,120,5.89301823531719,4.7514446927445,70.0789037415827,1
111,11,61,0.0001,30,0.00444449637881924,0.0410270421245532,1.68021537013102,1
111,11,61,0.0001,60,0.00998077547401353,0.192322634878133,10.3200544534141,1
111,11,61,0.0001,120,0.0190262661371421,0.881678040155354,70.0789037415827,1
111,12,41,1e-08,30,0.0231358608895034,0.0357139757898414,0.000511393838153745,0
111,12,41,1e-08,60,0.0700808250186152,0.12489382660943,0.00188882742211014,0
111,12,41,1e-08,120,0.163133441105745,0.35541943285905,0.00965274561946435,0
111,12,61,1e-08,30,0.000235246884740997,0.000267802611348861,0.000511393838153745,1
111,12,61,1e-08,60,0.000349977654881009,0.000527544525658958,0.00188882742211014,1
111,12,61,1e-08,120,0.0133877230634314,0.0159854148875759,0.00965274561946435,1
111,12,41,1e-06,30,0.00335667902158684,0.0357139757898414,0.0175581569974071,1
111,12,41,1e-06,60,0.00828160748241772,0.12489382660943,0.105439709753164,1
111,12,41,1e-06,120,0.00504954619707987,0.35541943285905,0.70847130360818,1
111,12,61,1e-06,30,0.00121811033677481,0.000267802611348861,0.0175581569974071,1
111,12,61,1e-06,60,0.00362479465659281,0.000527544525658958,0.105439709753164,1
111,12,61,1e-06,120,0.0404306358223687,0.0159854148875759,0.70847130360818,1
111,12,41,0.0001,30,0.00364889144894379,0.0357139757898414,1.68021537013102,1
111,12,41,0.0001,60,0.00926405428799371,0.12489382660943,10.3200544534141,1
111,12,41,0.0001,120,0.00670132413612892,0.35541943285905,70.0789037415827,1
111,12,61,0.0001,30,0.00127137829230429,0.000267802611348861,1.68021537013102,1
111,12,61,0.0001,60,0.00378882207579224,0.000527544525658958,10.3200544534141,1
111,12,61,0.0001,120,0.041455085817989,0.0159854148875759,70.0789037415827,1
111,13,41,1e-08,30,0.133736535893824,0.113536507063286,0.000511393838153745,0
111,13,41,1e-08,60,1.11553269345074,0.2110913313024,0.00188882742211014,0
111,13,41,1e-08,120,6.67808782335596,0.310695189970985,0.00965274561946435,0
111,13,61,1e-08,30,1.22961044877688,0.000360011943174096,0.000511393838153745,0
111,13,61,1e-08,60,3.97926951118205,0.00120452778423135,0.00188882742211014,0
111,13,61,1e-08,120,6.3395037846125,0.00420464509581141,0.00965274561946435,0
111,13,41,1e-06,30,0.548821776888904,0.113536507063286,0.0175581569974071,0
111,13,41,1e-06,60,2.88405880353793,0.2110913313024,0.105439709753164,0
111,13,41,1e-06,120,6.36575116312894,0.310695189970985,0.70847130360818,0
111,13,61,1e-06,30,0.527238840218812,0.000360011943174096,0.0175581569974071,0
111,13,61,1e-06,60,2.14953866241117,0.00120452778423135,0.105439709753164,0
111,13,61,1e-06,120,8.67207975619391,0.00420464509581141,0.70847130360818,0
111,13,41,0.0001,30,0.558930776511993,0.113536507063286,1.68021537013102,1
111,13,41,0.0001,60,2.92311435448204,0.2110913313024,10.3200544534141,1
111,13,41,0.0001,120,6.26124057119466,0.310695189970985,70.0789037415827,1
111,13,61,0.0001,30,0.634599389589487,0.000360011943174096,1.68021537013102,1
111,13,61,0.0001,60,2.52863343795924,0.00120452778423135,10.3200544534141,1
111,13,61,0.0001,120,9.65496994861681,0.00420464509581141,70.0789037415827,1
111,14,41,1e-08,30,0.652183722919428,0.134145838306908,0.000511393838153745,0
111,14,41,1e-08,60,2.05262169549082,0.489832085935712,0.00188882742211014,0
111,14,41,1e-08,120,4.56718443415683,0.674508486033157,0.00965274561946435,0
111,14,61,1e-08,30,0.831381129790583,0.0323732383844869,0.000511393838153745,0
111,14,61,1e-08,60,2.83570336599666,0.160338835005807,0.00188882742211014,0
111,14,61,1e-08,120,9.01835087367929,0.797958238435112,0.00965274561946435,0
111,14,41,1e-06,30,0.218410689051944,0.134145838306908,0.0175581569974071,0
111,14,41,1e-06,60,0.813769515676733,0.489832085935712,0.105439709753164,0
111,14,41,1e-06,120,1.50246220161761,0.674508486033157,0.70847130360818,1
111,14,61,1e-06,30,0.282638772220711,0.0323732383844869,0.0175581569974071,0
111,14,61,1e-06,60,1.0754384488945,0.160338835005807,0.105439709753164,0
111,14,61,1e-06,120,3.98384992253846,0.797958238435112,0.70847130360818,0
111,14,41,0.0001,30,0.243407591471898,0.134145838306908,1.68021537013102,1
111,14,41,0.0001,60,0.91029338254371,0.489832085935712,10.3200544534141,1
111,14,41,0.0001,120,1.76814143513358,0.674508486033157,70.0789037415827,1
111,14,61,0.0001,30,0.428204796144032,0.0323732383844869,1.68021537013102,1
111,14,61,0.0001,60,1.60866092653628,0.160338835005807,10.3200544534141,1
111,14,61,0.0001,120,5.97497563371422,0.797958238435112,70.0789037415827,1
111,15,41,1e-08,30,0.0877713446532838,0.00241799250278015,0.000511393838153745,0
111,15,41,1e-08,60,0.698901692836773,0.154306869949396,0.00188882742211014,0
111,15,41,1e-08,120,7.04952285800923,7.79926900245898,0.00965274561946435,0
111,15,61,1e-08,30,0.153966670252359,0.089775257536285,0.000511393838153745,0
111,15,61,1e-08,60,0.887393343661638,0.187924797735419,0.00188882742211014,0
111,15,61,1e-08,120,4.88040544721665,0.284482961987531,0.00965274561946435,0
111,15,41,1e-06,30,0.00911959839868319,0.00241799250278015,0.0175581569974071,1
111,15,41,1e-06,60,0.234452777664818,0.154306869949396,0.105439709753164,1
111,15,41,1e-06,120,8.84599924010856,7.79926900245898,0.70847130360818,0
111,15,61,1e-06,30,0.0704047501966347,0.089775257536285,0.0175581569974071,0
111,15,61,1e-06,60,0.483368851584162,0.187924797735419,0.105439709753164,0
111,15,61,1e-06,120,2.96856741142191,0.284482961987531,0.70847130360818,0
111,15,41,0.0001,30,0.00814811685598176,0.00241799250278015,1.68021537013102,1
111,15,41,0.0001,60,0.225619286854543,0.154306869949396,10.3200544534141,1
111,15,41,0.0001,120,8.74416856431276,7.79926900245898,70.0789037415827,1
111,15,61,0.0001,30,0.065416414811976,0.089775257536285,1.68021537013102,1
111,15,61,0.0001,60,0.458691271441542,0.187924797735419,10.3200544534141,1
111,15,61,0.0001,120,2.84988025865463,0.284482961987531,70.0789037415827,1
111,16,41,1e-08,30,0.0623331509573981,0.42087921458283,0.000511393838153745,0
111,16,41,1e-08,60,0.456279505684521,2.27058836247525,0.00188882742211014,0
111,16,41,1e-08,120,2.03586559016616,9.75158774987068,0.00965274561946435,0
111,16,61,1e-08,30,0.00700458893001368,0.00252719665441432,0.000511393838153745,0
111,16,61,1e-08,60,9.25475344453414,8.96814751960802,0.00188882742211014,0
111,16,61,1e-08,120,7.78805804028368,9.12883969878099,0.00965274561946435,0
111,16,41,1e-06,30,0.0217073998579602,0.42087921458283,0.0175581569974071,1
111,16,41,1e-06,60,0.253490726612074,2.27058836247525,0.105439709753164,1
111,16,41,1e-06,120,1.24430252909807,9.75158774987068,0.70847130360818,1
111,16,61,1e-06,30,0.00242588477609008,0.00252719665441432,0.0175581569974071,1
111,16,61,1e-06,60,9.54612589839283,8.96814751960802,0.105439709753164,0
111,16,61,1e-06,120,8.20468828055316,9.12883969878099,0.70847130360818,0
111,16,41,0.0001,30,0.0198744104108638,0.42087921458283,1.68021537013102,1
111,16,41,0.0001,60,0.241365956988199,2.27058836247525,10.3200544534141,1
111,16,41,0.0001,120,1.19166230880425,9.75158774987068,70.0789037415827,1
111,16,61,0.0001,30,0.00233587951697116,0.00252719665441432,1.68021537013102,1
111,16,61,0.0001,60,9.55611592628362,8.96814751960802,10.3200544534141,1
111,16,61,0.0001,120,8.22190704785945,9.12883969878099,70.0789037415827,1
111,17,41,1e-08,30,0.551392708646955,0.00135245204655877,0.000511393838153745,0
111,17,41,1e-08,60,0.811262409259501,0.746077756046421,0.00188882742211014,0
111,17,41,1e-08,120,1.615236488795,6.07025917172765,0.00965274561946435,0
111,17,61,1e-08,30,0.0177628685627925,0.0173484727783012,0.000511393838153745,0
111,17,61,1e-08,60,0.115221480648369,0.0294682221391589,0.00188882742211014,0
111,17,61,1e-08,120,0.662264428895503,0.0359252897045502,0.00965274561946435,0
111,17,41,1e-06,30,2.02848784412582,0.00135245204655877,0.0175581569974071,0
111,17,41,1e-06,60,4.25358116848851,0.746077756046421,0.105439709753164,0
111,17,41,1e-06,120,8.35492547361114,6.07025917172765,0.70847130360818,0
111,17,61,1e-06,30,0.00331622007722303,0.0173484727783012,0.0175581569974071,1
111,17,61,1e-06,60,0.0426188493979248,0.0294682221391589,0.105439709753164,1
111,17,61,1e-06,120,0.320558855726329,0.0359252897045502,0.70847130360818,1
111,17,41,0.0001,30,2.07487202201456,0.00135245204655877,1.68021537013102,1
111,17,41,0.0001,60,4.37110426119776,0.746077756046421,10.3200544534141,1
111,17,41,0.0001,120,8.05413011884723,6.07025917172765,70.0789037415827,1
111,17,61,0.0001,30,0.00304033167326245,0.0173484727783012,1.68021537013102,1
111,17,61,0.0001,60,0.0408191211360516,0.0294682221391589,10.3200544534141,1
111,17,61,0.0001,120,0.311203660720024,0.0359252897045502,70.0789037415827,1
111,18,41,1e-08,30,0.518085875005116,0.177359159195052,0.000511393838153745,0
111,18,41,1e-08,60,2.78561180353157,0.440124253747,0.00188882742211014,0
111,18,41,1e-08,120,6.15750561462738,0.834855164238019,0.00965274561946435,0
111,18,61,1e-08,30,0.000506304526273246,0.00256746239015165,0.000511393838153745,1
111,18,61,1e-08,60,0.00121392417392356,0.0102777553105925,0.00188882742211014,1
111,18,61,1e-08,120,0.0131727596765997,0.0665889512916254,0.00965274561946435,1
111,18,41,1e-06,30,0.326655279010867,0.177359159195052,0.0175581569974071,0
111,18,41,1e-06,60,1.74047606224744,0.440124253747,0.105439709753164,0
111,18,41,1e-06,120,9.29645552601645,0.834855164238019,0.70847130360818,0
111,18,61,1e-06,30,0.000283573231186183,0.00256746239015165,0.0175581569974071,1
111,18,61,1e-06,60,0.00115072235956615,0.0102777553105925,0.105439709753164,1
111,18,61,1e-06,120,0.000164783645604122,0.0665889512916254,0.70847130360818,1
111,18,41,0.0001,30,0.290815462911852,0.177359159195052,1.68021537013102,1
111,18,41,0.0001,60,1.58099965141856,0.440124253747,10.3200544534141,1
111,18,41,0.0001,120,8.57235955674223,0.834855164238019,70.0789037415827,1
111,18,61,0.0001,30,0.000346059131288871,0.00256746239015165,1.68021537013102,1
111,18,61,0.0001,60,0.00138155649899155,0.0102777553105925,10.3200544534141,1
111,18,61,0.0001,120,0.000362968539626851,0.0665889512916254,70.0789037415827,1
111,19,41,1e-08,30,1.19441396850756,0.051948787136228,0.000511393838153745,0
111,19,41,1e-08,60,3.19006663015272,0.322425038392869,0.00188882742211014,0
111,19,41,1e-08,120,9.51074236711413,1.49043843136725,0.00965274561946435,0
111,19,61,1e-08,30,0.0773046510072333,0.00322168805095055,0.000511393838153745,0
111,19,61,1e-08,60,0.146671288249539,0.00846378052743121,0.00188882742211014,0
111,19,61,1e-08,120,0.334408955083829,0.0218747865688525,0.00965274561946435,0
111,19,41,1e-06,30,0.089073190830315,0.051948787136228,0.0175581569974071,0
111,19,41,1e-06,60,0.248376299713258,0.322425038392869,0.105439709753164,1
111,19,41,1e-06,120,0.855647471394116,1.49043843136725,0.70847130360818,1
111,19,61,1e-06,30,0.000159943979077043,0.00322168805095055,0.0175581569974071,1
111,19,61,1e-06,60,2.34753198901614e-05,0.00846378052743121,0.105439709753164,1
111,19,61,1e-06,120,0.000641796759515948,0.0218747865688525,0.70847130360818,1
111,19,41,0.0001,30,0.116024647289201,0.051948787136228,1.68021537013102,1
111,19,41,0.0001,60,0.324220378969335,0.322425038392869,10.3200544534141,1
111,19,41,0.0001,120,1.11040295835899,1.49043843136725,70.0789037415827,1
111,19,61,0.0001,30,0.0025063383145954,0.00322168805095055,1.68021537013102,1
111,19,61,0.0001,60,0.00618134031013746,0.00846378052743121,10.3200544534141,1
111,19,61,0.0001,120,0.0146803509361116,0.0218747865688525,70.0789037415827,1
111,20,41,1e-08,30,0.691515217424017,0.284076512752475,0.000511393838153745,0
111,20,41,1e-08,60,4.28813950664325,0.45551546208975,0.00188882742211014,0
111,20,41,1e-08,120,2.80822921155784,0.811028181431402,0.00965274561946435,0
111,20,61,1e-08,30,0.00421734358539334,1.38657718712691e-05,0.000511393838153745,0
111,20,61,1e-08,60,0.0206460687657672,0.000263039692018496,0.00188882742211014,0
111,20,61,1e-08,120,0.0742641080475904,0.000157314712733001,0.00965274561946435,0
111,20,41,1e-06,30,0.400683795507717,0.284076512752475,0.0175581569974071,0
111,20,41,1e-06,60,2.73727975616058,0.45551546208975,0.105439709753164,0
111,20,41,1e-06,120,6.38850983017301,0.811028181431402,0.70847130360818,0
111,20,61,1e-06,30,0.00851330645398575,1.38657718712691e-05,0.0175581569974071,1
111,20,61,1e-06,60,0.0374510654712394,0.000263039692018496,0.105439709753164,1
111,20,61,1e-06,120,0.134958914402989,0.000157314712733001,0.70847130360818,1
111,20,41,0.0001,30,0.367005437807631,0.284076512752475,1.68021537013102,1
111,20,41,0.0001,60,2.56848275729151,0.45551546208975,10.3200544534141,1
111,20,41,0.0001,120,6.90979981455269,0.811028181431402,70.0789037415827,1
111,20,61,0.0001,30,0.00869361613527542,1.38657718712691e-05,1.68021537013102,1
111,20,61,0.0001,60,0.0381235218724881,0.000263039692018496,10.3200544534141,1
111,20,61,0.0001,120,0.1373537135473,0.000157314712733001,70.0789037415827,1
112,1,41,1e-08,30,0.187233712556007,0.0764235395071561,0.000511393838153745,0
112,1,41,1e-08,60,0.536711103792667,0.363097457016319,0.00188882742211014,0
112,1,41,1e-08,120,2.51199243123248,2.27210604833736,0.00965274561946435,0
112,1,61,1e-08,30,1.19108291633548,0.0174037991277548,0.000511393838153745,0
112,1,61,1e-08,60,5.7482116056853,0.0325053811010771,0.00188882742211014,0
112,1,61,1e-08,120,1.21596935641051,0.0113313507806129,0.00965274561946435,0
112,1,41,1e-06,30,0.000701584452704403,0.0764235395071561,0.0175581569974071,1
112,1,41,1e-06,60,5.20378352297085e-05,0.363097457016319,0.105439709753164,1
112,1,41,1e-06,120,0.080572793736396,2.27210604833736,0.70847130360818,1
112,1,61,1e-06,30,1.48758023202355,0.0174037991277548,0.0175581569974071,0
112,1,61,1e-06,60,6.36296839077057,0.0325053811010771,0.105439709753164,0
112,1,61,1e-06,120,0.969149796355424,0.0113313507806129,0.70847130360818,1
112,1,41,0.0001,30,0.00777665141444576,0.0764235395071561,1.68021537013102,1
112,1,41,0.0001,60,0.0160621700734631,0.363097457016319,10.3200544534141,1
112,1,41,0.0001,120,0.0023697976389771,2.27210604833736,70.0789037415827,1
112,1,61,0.0001,30,1.46032542021357,0.0174037991277548,1.68021537013102,1
112,1,61,0.0001,60,6.25214004471491,0.0325053811010771,10.3200544534141,1
112,1,61,0.0001,120,1.05719146255146,0.0113313507806129,70.0789037415827,1
112,2,41,1e-08,30,0.000246454446508699,0.053956093584467,0.000511393838153745,1
112,2,41,1e-08,60,0.0491357002393473,0.0781184096700858,0.00188882742211014,0
112,2,41,1e-08,120,2.26874723904893,0.190026297147924,0.00965274561946435,0
112,2,61,1e-08,30,0.000854457975243556,0.00700424447622529,0.000511393838153745,1
112,2,61,1e-08,60,0.00689490712284801,0.0202585706359654,0.00188882742211014,1
112,2,61,1e-08,120,0.0677532023911469,0.036086754804125,0.00965274561946435,0
112,2,41,1e-06,30,0.00109167168952567,0.053956093584467,0.0175581569974071,1
112,2,41,1e-06,60,0.0140108085728175,0.0781184096700858,0.105439709753164,1
112,2,41,1e-06,120,1.51541973532506,0.190026297147924,0.70847130360818,1
112,2,61,1e-06,30,0.000175983939246572,0.00700424447622529,0.0175581569974071,1
112,2,61,1e-06,60,0.00264525901144667,0.0202585706359654,0.105439709753164,1
112,2,61,1e-06,120,0.0389724469506552,0.036086754804125,0.70847130360818,1
112,2,41,0.0001,30,0.00328955773892521,0.053956093584467,1.68021537013102,1
112,2,41,0.0001,60,0.00494952054712975,0.0781184096700858,10.3200544534141,1
112,2,41,0.0001,120,1.28960775785049,0.190026297147924,70.0789037415827,1
112,2,61,0.0001,30,0.000167905136688416,0.00700424447622529,1.68021537013102,1
112,2,61,0.0001,60,0.00259736239139754,0.0202585706359654,10.3200544534141,1
112,2,61,0.0001,120,0.0386622865898176,0.036086754804125,70.0789037415827,1
112,3,41,1e-08,30,0.00513516049915452,0.0194213532153746,0.000511393838153745,0
112,3,41,1e-08,60,0.0597087366036026,0.144784259846482,0.00188882742211014,0
112,3,41,1e-08,120,0.596699268142613,1.09310543492737,0.00965274561946435,0
112,3,61,1e-08,30,0.000783443638038247,1.50557692599863e-05,0.000511393838153745,1
112,3,61,1e-08,60,0.00215997268281773,9.60470542402667e-06,0.00188882742211014,1
112,3,61,1e-08,120,0.00695481049792209,2.20878724084746e-06,0.00965274561946435,1
112,3,41,1e-06,30,0.0040813250961262,0.0194213532153746,0.0175581569974071,1
112,3,41,1e-06,60,0.052669936825722,0.144784259846482,0.105439709753164,1
112,3,41,1e-06,120,0.552717165045553,1.09310543492737,0.70847130360818,1
112,3,61,1e-06,30,0.000154555787659609,1.50557692599863e-05,0.0175581569974071,1
112,3,61,1e-06,60,0.000401226763319807,9.60470542402667e-06,0.105439709753164,1
112,3,61,1e-06,120,0.00123741832298851,2.20878724084746e-06,0.70847130360818,1
112,3,41,0.0001,30,0.00406083804818286,0.0194213532153746,1.68021537013102,1
112,3,41,0.0001,60,0.0525478187668309,0.144784259846482,10.3200544534141,1
112,3,41,0.0001,120,0.55200734788646,1.09310543492737,70.0789037415827,1
112,3,61,0.0001,30,0.000125499864488846,1.50557692599863e-05,1.68021537013102,1
112,3,61,0.0001,60,0.000314789341015119,9.60470542402667e-06,10.3200544534141,1
112,3,61,0.0001,120,0.000946834796449474,2.20878724084746e-06,70.0789037415827,1
112,4,41,1e-08,30,0.000643384056902041,0.0196565872872701,0.000511393838153745,1
112,4,41,1e-08,60,0.00670631072722327,0.0988364016291434,0.00188882742211014,1
112,4,41,1e-08,120,7.44256453659165,5.10899568351983,0.00965274561946435,0
112,4,61,1e-08,30,0.000772704045081626,0.000918483856734899,0.000511393838153745,1
112,4,61,1e-08,60,0.00257450829182821,0.0037822263564864,0.00188882742211014,1
112,4,61,1e-08,120,0.0103414006403609,0.014117592926336,0.00965274561946435,1
112,4,41,1e-06,30,9.23030478775506e-06,0.0196565872872701,0.0175581569974071,1
112,4,41,1e-06,60,0.00158886052060032,0.0988364016291434,0.105439709753164,1
112,4,41,1e-06,120,7.89355611261778,5.10899568351983,0.70847130360818,0
112,4,61,1e-06,30,9.95073900925193e-05,0.000918483856734899,0.0175581569974071,1
112,4,61,1e-06,60,0.000357531380051482,0.0037822263564864,0.105439709753164,1
112,4,61,1e-06,120,0.00175090118947352,0.014117592926336,0.70847130360818,1
112,4,41,0.0001,30,2.9657551300402e-06,0.0196565872872701,1.68021537013102,1
112,4,41,0.0001,60,0.00140032389502621,0.0988364016291434,10.3200544534141,1
112,4,41,0.0001,120,7.91991378994799,5.10899568351983,70.0789037415827,1
112,4,61,0.0001,30,6.64963484938459e-05,0.000918483856734899,1.68021537013102,1
112,4,61,0.0001,60,0.00023779086591256,0.0037822263564864,10.3200544534141,1
112,4,61,0.0001,120,0.00122649126526914,0.014117592926336,70.0789037415827,1
112,5,41,1e-08,30,0.000871004128816932,0.00196398236779445,0.000511393838153745,1
112,5,41,1e-08,60,5.20409371893073,5.05625844748239,0.00188882742211014,0
112,5,41,1e-08,120,6.0129674970692,5.68267529385523,0.00965274561946435,0
112,5,61,1e-08,30,0.928181278175194,0.00986703955779757,0.000511393838153745,0
112,5,61,1e-08,60,3.03139955960236,0.0225043658958725,0.00188882742211014,0
112,5,61,1e-08,120,8.64010250537398,0.0416277038766745,0.00965274561946435,0
112,5,41,1e-06,30,2.67141518621376e-05,0.00196398236779445,0.0175581569974071,1
112,5,41,1e-06,60,5.41570753714202,5.05625844748239,0.105439709753164,0
112,5,41,1e-06,120,6.45771711860824,5.68267529385523,0.70847130360818,0
112,5,61,1e-06,30,0.287070115267241,0.00986703955779757,0.0175581569974071,0
112,5,61,1e-06,60,1.07277011168924,0.0225043658958725,0.105439709753164,0
112,5,61,1e-06,120,3.95338050730576,0.0416277038766745,0.70847130360818,0
112,5,41,0.0001,30,5.78168407563685e-06,0.00196398236779445,1.68021537013102,1
112,5,41,0.0001,60,5.44027684963182,5.05625844748239,10.3200544534141,1
112,5,41,0.0001,120,6.51012284753864,5.68267529385523,70.0789037415827,1
112,5,61,0.0001,30,0.395170541719953,0.00986703955779757,1.68021537013102,1
112,5,61,0.0001,60,1.461043238522,0.0225043658958725,10.3200544534141,1
112,5,61,0.0001,120,5.38986272428204,0.0416277038766745,70.0789037415827,1
112,6,41,1e-08,30,0.00621505605503725,0.008280570363938,0.000511393838153745,0
112,6,41,1e-08,60,0.0576125963502336,0.0747605776790377,0.00188882742211014,0
112,6,41,1e-08,120,3.56234619923156,3.85449402083039,0.00965274561946435,0
112,6,61,1e-08,30,0.3396847308143,0.0306441135282812,0.000511393838153745,0
112,6,61,1e-08,60,4.51827573369233,8.41671067957772,0.00188882742211014,0
112,6,61,1e-08,120,2.11665889739485,8.79676054909873,0.00965274561946435,0
112,6,41,1e-06,30,0.00224684278267549,0.008280570363938,0.0175581569974071,1
112,6,41,1e-06,60,0.0345983352060273,0.0747605776790377,0.105439709753164,1
112,6,41,1e-06,120,3.19775752679105,3.85449402083039,0.70847130360818,0
112,6,61,1e-06,30,0.101561044170792,0.0306441135282812,0.0175581569974071,0
112,6,61,1e-06,60,6.84162286328038,8.41671067957772,0.105439709753164,0
112,6,61,1e-06,120,5.74405332381136,8.79676054909873,0.70847130360818,0
112,6,41,0.0001,30,0.00211408747363961,0.008280570363938,1.68021537013102,1
112,6,41,0.0001,60,0.0336299039517695,0.0747605776790377,10.3200544534141,1
112,6,41,0.0001,120,3.17982264154493,3.85449402083039,70.0789037415827,1
112,6,61,0.0001,30,0.0905303797596908,0.0306441135282812,1.68021537013102,1
112,6,61,0.0001,60,7.01995809479766,8.41671067957772,10.3200544534141,1
112,6,61,0.0001,120,6.06479364007951,8.79676054909873,70.0789037415827,1
112,7,41,1e-08,30,0.00891445641616063,0.00149320154125962,0.000511393838153745,0
112,7,41,1e-08,60,0.0519183078977609,0.0129467774287466,0.00188882742211014,0
112,7,41,1e-08,120,0.455687212708019,0.197472686422895,0.00965274561946435,0
112,7,61,1e-08,30,1.92316424943505,0.00683075364008717,0.000511393838153745,0
112,7,61,1e-08,60,9.69039225808957,0.0573638617339643,0.00188882742211014,0
112,7,61,1e-08,120,0.0669307268722778,0.560258740011635,0.00965274561946435,0
112,7,41,1e-06,30,0.0126537691349072,0.00149320154125962,0.0175581569974071,1
112,7,41,1e-06,60,0.0684634947155991,0.0129467774287466,0.105439709753164,1
112,7,41,1e-06,120,0.548042827551843,0.197472686422895,0.70847130360818,1
112,7,61,1e-06,30,7.8117864003613,0.00683075364008717,0.0175581569974071,0
112,7,61,1e-06,60,0.403660526265117,0.0573638617339643,0.105439709753164,1
112,7,61,1e-06,120,1.03526430483894,0.560258740011635,0.70847130360818,1
112,7,41,0.0001,30,0.0129885809319086,0.00149320154125962,1.68021537013102,1
112,7,41,0.0001,60,0.0699268194479062,0.0129467774287466,10.3200544534141,1
112,7,41,0.0001,120,0.55604862550639,0.197472686422895,70.0789037415827,1
112,7,61,0.0001,30,7.23159496443926,0.00683075364008717,1.68021537013102,0
112,7,61,0.0001,60,0.690263008344314,0.0573638617339643,10.3200544534141,1
112,7,61,0.0001,120,1.93856413371643,0.560258740011635,70.0789037415827,1
112,8,41,1e-08,30,0.0308074605520898,0.000653391680118475,0.000511393838153745,0
112,8,41,1e-08,60,0.196315520354467,0.0225390058284929,0.00188882742211014,0
112,8,41,1e-08,120,1.59968707525484,0.470417742732745,0.00965274561946435,0
112,8,61,1e-08,30,2.6612842615813,0.00289547006628796,0.000511393838153745,0
112,8,61,1e-08,60,6.22428800996605,0.0164954406779346,0.00188882742211014,0
112,8,61,1e-08,120,4.47947031702679,0.330665736271176,0.00965274561946435,0
112,8,41,1e-06,30,0.0213356533915987,0.000653391680118475,0.0175581569974071,1
112,8,41,1e-06,60,0.152964894631801,0.0225390058284929,0.105439709753164,1
112,8,41,1e-06,120,1.36373453252394,0.470417742732745,0.70847130360818,1
112,8,61,1e-06,30,5.73956383705331,0.00289547006628796,0.0175581569974071,0
112,8,61,1e-06,60,2.34098205379689,0.0164954406779346,0.105439709753164,0
112,8,61,1e-06,120,8.33743662959534,0.330665736271176,0.70847130360818,0
112,8,41,0.0001,30,0.0218827656086288,0.000653391680118475,1.68021537013102,1
112,8,41,0.0001,60,0.155917092424933,0.0225390058284929,10.3200544534141,1
112,8,41,0.0001,120,1.38141680924435,0.470417742732745,70.0789037415827,1
112,8,61,0.0001,30,5.20576806213132,0.00289547006628796,1.68021537013102,1
112,8,61,0.0001,60,3.03092202757275,0.0164954406779346,10.3200544534141,1
112,8,61,0.0001,120,6.16492294532816,0.330665736271176,70.0789037415827,1
112,9,41,1e-08,30,0.0120119297454767,0.0156208601344299,0.000511393838153745,0
112,9,41,1e-08,60,0.0741158659026791,0.0386993969761227,0.00188882742211014,0
112,9,41,1e-08,120,0.192330852725023,0.249172239597594,0.00965274561946435,0
112,9,61,1e-08,30,0.00213489393321057,0.000629025523263513,0.000511393838153745,0
112,9,61,1e-08,60,0.0153277408941706,0.000390428303514411,0.00188882742211014,0
112,9,61,1e-08,120,0.118426930370614,0.0031370294168009,0.00965274561946435,0
112,9,41,1e-06,30,0.00328003107821553,0.0156208601344299,0.0175581569974071,1
112,9,41,1e-06,60,0.0279789586406894,0.0386993969761227,0.105439709753164,1
112,9,41,1e-06,120,0.0521166377973319,0.249172239597594,0.70847130360818,1
112,9,61,1e-06,30,0.00288172240026068,0.000629025523263513,0.0175581569974071,1
112,9,61,1e-06,60,0.0190271785884694,0.000390428303514411,0.105439709753164,1
112,9,61,1e-06,120,0.138071673389923,0.0031370294168009,0.70847130360818,1
112,9,41,0.0001,30,0.00288401369397563,0.0156208601344299,1.68021537013102,1
112,9,41,0.0001,60,0.025807097037227,0.0386993969761227,10.3200544534141,1
112,9,41,0.0001,120,0.0464652657001098,0.249172239597594,70.0789037415827,1
112,9,61,0.0001,30,0.00308286835983434,0.000629025523263513,1.68021537013102,1
112,9,61,0.0001,60,0.0200082786517581,0.000390428303514411,10.3200544534141,1
112,9,61,0.0001,120,0.143209949384763,0.0031370294168009,70.0789037415827,1
112,10,41,1e-08,30,4.79031554590302e-05,0.000130656283091729,0.000511393838153745,1
112,10,41,1e-08,60,0.00123461953630689,0.00152564015146399,0.00188882742211014,1
112,10,41,1e-08,120,0.02815624963021,0.0290861215788895,0.00965274561946435,1
112,10,61,1e-08,30,0.000136958782936727,0.003760977900857,0.000511393838153745,1
112,10,61,1e-08,60,0.00121486854920221,0.0111701661658413,0.00188882742211014,1
112,10,61,1e-08,120,6.75103067857991,5.39494526207704,0.00965274561946435,0
112,10,41,1e-06,30,0.00919080684673864,0.000130656283091729,0.0175581569974071,1
112,10,41,1e-06,60,0.0433585772291078,0.00152564015146399,0.105439709753164,1
112,10,41,1e-06,120,0.259257638378295,0.0290861215788895,0.70847130360818,1
112,10,61,1e-06,30,1.35772422356609e-07,0.003760977900857,0.0175581569974071,1
112,10,61,1e-06,60,0.000264980821380063,0.0111701661658413,0.105439709753164,1
112,10,61,1e-06,120,6.58788309746897,5.39494526207704,0.70847130360818,0
112,10,41,0.0001,30,0.0108560615671817,0.000130656283091729,1.68021537013102,1
112,10,41,0.0001,60,0.050439635815921,0.00152564015146399,10.3200544534141,1
112,10,41,0.0001,120,0.293338636883371,0.0290861215788895,70.0789037415827,1
112,10,61,0.0001,30,5.33330203335377e-07,0.003760977900857,1.68021537013102,1
112,10,61,0.0001,60,0.000339514214269433,0.0111701661658413,10.3200544534141,1
112,10,61,0.0001,120,6.60969488587406,5.39494526207704,70.0789037415827,1
112,11,41,1e-08,30,0.000122079007278451,5.46033607191334e-06,0.000511393838153745,1
112,11,41,1e-08,60,0.000888142243920255,2.37544050637012e-05,0.00188882742211014,1
112,11,41,1e-08,120,0.00581233265168352,0.000356433945436396,0.00965274561946435,1
112,11,61,1e-08,30,5.07066173932624e-05,0.00457633381696373,0.000511393838153745,1
112,11,61,1e-08,60,0.00405414007469537,0.0304597569053008,0.00188882742211014,1
112,11,61,1e-08,120,0.147522504767846,0.354735091140239,0.00965274561946435,0
112,11,41,1e-06,30,0.00146395705813701,5.46033607191334e-06,0.0175581569974071,1
112,11,41,1e-06,60,0.00591742516012079,2.37544050637012e-05,0.105439709753164,1
112,11,41,1e-06,120,0.0266284975535522,0.000356433945436396,0.70847130360818,1
112,11,61,1e-06,30,0.000735595432800364,0.00457633381696373,0.0175581569974071,1
112,11,61,1e-06,60,0.00876002502630486,0.0304597569053008,0.105439709753164,1
112,11,61,1e-06,120,0.188228601837158,0.354735091140239,0.70847130360818,1
112,11,41,0.0001,30,0.00155578559601165,5.46033607191334e-06,1.68021537013102,1
112,11,41,0.0001,60,0.00625512813784791,2.37544050637012e-05,10.3200544534141,1
112,11,41,0.0001,120,0.0279935032335235,0.000356433945436396,70.0789037415827,1
112,11,61,0.0001,30,0.000815109264114652,0.00457633381696373,1.68021537013102,1
112,11,61,0.0001,60,0.00927979341941041,0.0304597569053008,10.3200544534141,1
112,11,61,0.0001,120,0.192902550446941,0.354735091140239,70.0789037415827,1
112,12,41,1e-08,30,0.0566346823186841,0.000538923626754011,0.000511393838153745,0
112,12,41,1e-08,60,0.111365594692167,0.00199870401286611,0.00188882742211014,0
112,12,41,1e-08,120,0.244048721978165,0.0141281612345652,0.00965274561946435,0
112,12,61,1e-08,30,0.00195902298846554,0.00764260719698179,0.000511393838153745,1
112,12,61,1e-08,60,0.00928358391615912,0.0261573507645834,0.00188882742211014,0
112,12,61,1e-08,120,0.0576705860553472,0.0732992668357503,0.00965274561946435,0
112,12,41,1e-06,30,0.00370741766150106,0.000538923626754011,0.0175581569974071,1
112,12,41,1e-06,60,0.0159659724885026,0.00199870401286611,0.105439709753164,1
112,12,41,1e-06,120,0.0511310034459254,0.0141281612345652,0.70847130360818,1
112,12,61,1e-06,30,0.00056085155685137,0.00764260719698179,0.0175581569974071,1
112,12,61,1e-06,60,0.00364154093849837,0.0261573507645834,0.105439709753164,1
112,12,61,1e-06,120,0.0300278915614666,0.0732992668357503,0.70847130360818,1
112,12,41,0.0001,30,0.0160144217331625,0.000538923626754011,1.68021537013102,1
112,12,41,0.0001,60,0.0649516826285398,0.00199870401286611,10.3200544534141,1
112,12,41,0.0001,120,0.230689629275545,0.0141281612345652,70.0789037415827,1
112,12,61,0.0001,30,0.000474040418640499,0.00764260719698179,1.68021537013102,1
112,12,61,0.0001,60,0.00320979290078731,0.0261573507645834,10.3200544534141,1
112,12,61,0.0001,120,0.0275675570825804,0.0732992668357503,70.0789037415827,1
112,13,41,1e-08,30,0.00328713258050032,0.000748011517942346,0.000511393838153745,0
112,13,41,1e-08,60,0.00936536041094495,0.00248637823081147,0.00188882742211014,0
112,13,41,1e-08,120,0.031726315670278,0.00947754416902953,0.00965274561946435,1
112,13,61,1e-08,30,0.0228980121071832,0.0341271724219547,0.000511393838153745,0
112,13,61,1e-08,60,0.0582482680628513,0.123743501798098,0.00188882742211014,0
112,13,61,1e-08,120,0.118594789472123,0.370664713135103,0.00965274561946435,0
112,13,41,1e-06,30,0.000292953748311578,0.000748011517942346,0.0175581569974071,1
112,13,41,1e-06,60,0.0008524111930661,0.00248637823081147,0.105439709753164,1
112,13,41,1e-06,120,0.00311564366269294,0.00947754416902953,0.70847130360818,1
112,13,61,1e-06,30,0.00137863079584705,0.0341271724219547,0.0175581569974071,1
112,13,61,1e-06,60,0.00873304799785453,0.123743501798098,0.105439709753164,1
112,13,61,1e-06,120,0.0801541680320452,0.370664713135103,0.70847130360818,1
112,13,41,0.0001,30,0.000281806520652463,0.000748011517942346,1.68021537013102,1
112,13,41,0.0001,60,0.000825770148319166,0.00248637823081147,10.3200544534141,1
112,13,41,0.0001,120,0.00303556384790015,0.00947754416902953,70.0789037415827,1
112,13,61,0.0001,30,0.00222096730973427,0.0341271724219547,1.68021537013102,1
112,13,61,0.0001,60,0.0125370353890299,0.123743501798098,10.3200544534141,1
112,13,61,0.0001,120,0.101553784910666,0.370664713135103,70.0789037415827,1
112,14,41,1e-08,30,0.239746492160357,0.0704718917523515,0.000511393838153745,0
112,14,41,1e-08,60,1.22009646090941,0.16548513640619,0.00188882742211014,0
112,14,41,1e-08,120,6.24680506015805,0.27516860822006,0.00965274561946435,0
112,14,61,1e-08,30,0.00103511436222949,0.000297385948683424,0.000511393838153745,1
112,14,61,1e-08,60,0.00322999102891015,0.00153593171390529,0.00188882742211014,1
112,14,61,1e-08,120,0.0213461898983948,0.0151373258620875,0.00965274561946435,1
112,14,41,1e-06,30,0.0922936082538739,0.0704718917523515,0.0175581569974071,0
112,14,41,1e-06,60,0.532329139307038,0.16548513640619,0.105439709753164,0
112,14,41,1e-06,120,3.04896767948391,0.27516860822006,0.70847130360818,0
112,14,61,1e-06,30,0.000358867096337614,0.000297385948683424,0.0175581569974071,1
112,14,61,1e-06,60,0.00111901127627554,0.00153593171390529,0.105439709753164,1
112,14,61,1e-06,120,0.000506996928418841,0.0151373258620875,0.70847130360818,1
112,14,41,0.0001,30,0.0805157050318745,0.0704718917523515,1.68021537013102,1
112,14,41,0.0001,60,0.478331148502712,0.16548513640619,10.3200544534141,1
112,14,41,0.0001,120,2.79638255411691,0.27516860822006,70.0789037415827,1
112,14,61,0.0001,30,0.000372604983728993,0.000297385948683424,1.68021537013102,1
112,14,61,0.0001,60,0.00114970687865874,0.00153593171390529,10.3200544534141,1
112,14,61,0.0001,120,0.000536631880006014,0.0151373258620875,70.0789037415827,1
112,15,41,1e-08,30,0.000285717942584308,0.00067447587262548,0.000511393838153745,1
112,15,41,1e-08,60,4.47382755724373,4.3949366781249,0.00188882742211014,0
112,15,41,1e-08,120,4.49256113929808,4.33266378014577,0.00965274561946435,0
112,15,61,1e-08,30,0.00247509994553705,0.00102654499166515,0.000511393838153745,0
112,15,61,1e-08,60,0.0083860571281945,0.00621090237630821,0.00188882742211014,0
112,15,61,1e-08,120,0.0538102392680228,0.052483691877611,0.00965274561946435,0
112,15,41,1e-06,30,0.000470268288176368,0.00067447587262548,0.0175581569974071,1
112,15,41,1e-06,60,4.43095907397002,4.3949366781249,0.105439709753164,0
112,15,41,1e-06,120,4.4043608101215,4.33266378014577,0.70847130360818,0
112,15,61,1e-06,30,0.000263402399685816,0.00102654499166515,0.0175581569974071,1
112,15,61,1e-06,60,0.000326839705088723,0.00621090237630821,0.105439709753164,1
112,15,61,1e-06,120,0.00122276578608719,0.052483691877611,0.70847130360818,1
112,15,41,0.0001,30,0.000466375835618183,0.00067447587262548,1.68021537013102,1
112,15,41,0.0001,60,4.43170011786195,4.3949366781249,10.3200544534141,1
112,15,41,0.0001,120,4.40582232872925,4.33266378014577,70.0789037415827,1
112,15,61,0.0001,30,0.000288820005380239,0.00102654499166515,1.68021537013102,1
112,15,61,0.0001,60,0.000371065407445823,0.00621090237630821,10.3200544534141,1
112,15,61,0.0001,120,0.00108537810054836,0.052483691877611,70.0789037415827,1
112,16,41,1e-08,30,4.18376091976112e-05,0.0116968932324394,0.000511393838153745,1
112,16,41,1e-08,60,0.000641687341312087,0.0556748836243467,0.00188882742211014,1
112,16,41,1e-08,120,0.0149779995003809,0.303477382138463,0.00965274561946435,1
112,16,61,1e-08,30,0.00178555624535248,0.00196784858280946,0.000511393838153745,1
112,16,61,1e-08,60,0.0281295148451896,0.00547766564103646,0.00188882742211014,0
112,16,61,1e-08,120,0.202616754989942,0.0103687710071313,0.00965274561946435,0
112,16,41,1e-06,30,0.000156353338497914,0.0116968932324394,0.0175581569974071,1
112,16,41,1e-06,60,3.03063634251725e-05,0.0556748836243467,0.105439709753164,1
112,16,41,1e-06,120,0.00459945653088189,0.303477382138463,0.70847130360818,1
112,16,61,1e-06,30,0.00493427925792506,0.00196784858280946,0.0175581569974071,1
112,16,61,1e-06,60,0.0242695332691094,0.00547766564103646,0.105439709753164,1
112,16,61,1e-06,120,0.128419975148582,0.0103687710071313,0.70847130360818,1
112,16,41,0.0001,30,0.000190529911934065,0.0116968932324394,1.68021537013102,1
112,16,41,0.0001,60,6.3317650835995e-05,0.0556748836243467,10.3200544534141,1
112,16,41,0.0001,120,0.00397671369486979,0.303477382138463,70.0789037415827,1
112,16,61,0.0001,30,0.00884133166874866,0.00196784858280946,1.68021537013102,1
112,16,61,0.0001,60,0.0411182822240077,0.00547766564103646,10.3200544534141,1
112,16,61,0.0001,120,0.204085570818175,0.0103687710071313,70.0789037415827,1
112,17,41,1e-08,30,2.09507097203422,0.000256336034536607,0.000511393838153745,0
112,17,41,1e-08,60,8.14980207990571,7.5709702543206e-06,0.00188882742211014,0
112,17,41,1e-08,120,1.1612040256794,0.000115052023855129,0.00965274561946435,0
112,17,61,1e-08,30,0.00048751652266986,0.00332498675493738,0.000511393838153745,1
112,17,61,1e-08,60,0.00202487513672281,0.0130393554144555,0.00188882742211014,1
112,17,61,1e-08,120,0.00012572966796226,0.0156738845320669,0.00965274561946435,1
112,17,41,1e-06,30,6.81792826929052,0.000256336034536607,0.0175581569974071,0
112,17,41,1e-06,60,1.23867043058511,7.5709702543206e-06,0.105439709753164,0
112,17,41,1e-06,120,5.05514535203519,0.000115052023855129,0.70847130360818,0
112,17,61,1e-06,30,0.0005187718513549,0.00332498675493738,0.0175581569974071,1
112,17,61,1e-06,60,0.00196914554894077,0.0130393554144555,0.105439709753164,1
112,17,61,1e-06,120,0.000209588455902066,0.0156738845320669,0.70847130360818,1
112,17,41,0.0001,30,6.24839904507914,0.000256336034536607,1.68021537013102,1
112,17,41,0.0001,60,1.73917887324346,7.5709702543206e-06,10.3200544534141,1
112,17,41,0.0001,120,6.98525247731011,0.000115052023855129,70.0789037415827,1
112,17,61,0.0001,30,0.000475914380078796,0.00332498675493738,1.68021537013102,1
112,17,61,0.0001,60,0.00180582258459995,0.0130393554144555,10.3200544534141,1
112,17,61,0.0001,120,0.000331066007618351,0.0156738845320669,70.0789037415827,1
112,18,41,1e-08,30,0.0287248422093957,0.0195804379831355,0.000511393838153745,0
112,18,41,1e-08,60,0.0667453758818007,0.0386573191702062,0.00188882742211014,0
112,18,41,1e-08,120,0.146674437198056,0.0659868161700056,0.00965274561946435,0
112,18,61,1e-08,30,3.50497630121576,3.49767485778636,0.000511393838153745,0
112,18,61,1e-08,60,3.02860947371348,3.00150891767423,0.00188882742211014,0
112,18,61,1e-08,120,6.78502870340562,6.88704423995894,0.00965274561946435,0
112,18,41,1e-06,30,0.0198788409536721,0.0195804379831355,0.0175581569974071,1
112,18,41,1e-06,60,0.0393100188127291,0.0386573191702062,0.105439709753164,1
112,18,41,1e-06,120,0.0674509628480026,0.0659868161700056,0.70847130360818,1
112,18,61,1e-06,30,3.54929490325009,3.49767485778636,0.0175581569974071,0
112,18,61,1e-06,60,3.09774608563455,3.00150891767423,0.105439709753164,0
112,18,61,1e-06,120,6.60054472072302,6.88704423995894,0.70847130360818,0
112,18,41,0.0001,30,0.0184860469359352,0.0195804379831355,1.68021537013102,1
112,18,41,0.0001,60,0.0355986169880263,0.0386573191702062,10.3200544534141,1
112,18,41,0.0001,120,0.0580792434254431,0.0659868161700056,70.0789037415827,1
112,18,61,0.0001,30,3.54761711394943,3.49767485778636,1.68021537013102,1
112,18,61,0.0001,60,3.09441963020438,3.00150891767423,10.3200544534141,1
112,18,61,0.0001,120,6.6105428673285,6.88704423995894,70.0789037415827,1
112,19,41,1e-08,30,0.00301709107788203,0.0278850390348722,0.000511393838153745,0
112,19,41,1e-08,60,0.00279976573844281,0.0834833008595694,0.00188882742211014,1
112,19,41,1e-08,120,5.3421723754113,7.81347673204523,0.00965274561946435,0
112,19,61,1e-08,30,0.0614672857895543,0.00687231802722493,0.000511393838153745,0
112,19,61,1e-08,60,0.199274508695972,0.0207206234065148,0.00188882742211014,0
112,19,61,1e-08,120,0.775283608872218,0.0523916697735459,0.00965274561946435,0
112,19,41,1e-06,30,5.55247335265856e-05,0.0278850390348722,0.0175581569974071,1
112,19,41,1e-06,60,0.000927558124130757,0.0834833008595694,0.105439709753164,1
112,19,41,1e-06,120,4.64903095610316,7.81347673204523,0.70847130360818,0
112,19,61,1e-06,30,0.00221208957872142,0.00687231802722493,0.0175581569974071,1
112,19,61,1e-06,60,0.0133095014444447,0.0207206234065148,0.105439709753164,1
112,19,61,1e-06,120,0.0836270186726596,0.0523916697735459,0.70847130360818,1
112,19,41,0.0001,30,3.57659945315875e-05,0.0278850390348722,1.68021537013102,1
112,19,41,0.0001,60,0.00109453930885887,0.0834833008595694,10.3200544534141,1
112,19,41,0.0001,120,4.62774430384049,7.81347673204523,70.0789037415827,1
112,19,61,0.0001,30,0.0028214598025969,0.00687231802722493,1.68021537013102,1
112,19,61,0.0001,60,0.0164052136824739,0.0207206234065148,10.3200544534141,1
112,19,61,0.0001,120,0.0993272924107783,0.0523916697735459,70.0789037415827,1
112,20,41,1e-08,30,1.46785165443075,0.00323484339292776,0.000511393838153745,0
112,20,41,1e-08,60,4.41495599363025,0.0353353433907226,0.00188882742211014,0
112,20,41,1e-08,120,3.17041931303331,6.50276964796816,0.00965274561946435,0
112,20,61,1e-08,30,0.0132010401074398,0.000143951113916076,0.000511393838153745,0
112,20,61,1e-08,60,0.064921497861751,0.00292708012298561,0.00188882742211014,0
112,20,61,1e-08,120,0.531181250848101,0.110578877511988,0.00965274561946435,0
112,20,41,1e-06,30,0.319099816616358,0.00323484339292776,0.0175581569974071,0
112,20,41,1e-06,60,1.14490917271485,0.0353353433907226,0.105439709753164,0
112,20,41,1e-06,120,0.000385685124787235,6.50276964796816,0.70847130360818,1
112,20,61,1e-06,30,0.0155599431700851,0.000143951113916076,0.0175581569974071,1
112,20,61,1e-06,60,0.0784522391293688,0.00292708012298561,0.105439709753164,1
112,20,61,1e-06,120,0.616261525689742,0.110578877511988,0.70847130360818,1
112,20,41,0.0001,30,0.374109064680876,0.00323484339292776,1.68021537013102,1
112,20,41,0.0001,60,1.32068073250513,0.0353353433907226,10.3200544534141,1
112,20,41,0.0001,120,0.0154912372514255,6.50276964796816,70.0789037415827,1
112,20,61,0.0001,30,0.0176883185490674,0.000143951113916076,1.68021537013102,1
112,20,61,0.0001,60,0.0876796935599362,0.00292708012298561,10.3200544534141,1
112,20,61,0.0001,120,0.666754388433345,0.110578877511988,70.0789037415827,1
113,1,41,1e-08,30,0.00112212783864828,0.000526403818846142,0.000511393838153745,1
113,1,41,1e-08,60,0.0032812503016674,0.00128846431981542,0.00188882742211014,1
113,1,41,1e-08,120,0.0159140343439085,0.00690547177639023,0.00965274561946435,1
113,1,61,1e-08,30,3.64841881759652e-05,0.00376340453525657,0.000511393838153745,1
113,1,61,1e-08,60,0.00284724990928631,0.0147800052166192,0.00188882742211014,1
113,1,61,1e-08,120,0.0734923537972078,0.469608667725449,0.00965274561946435,0
113,1,41,1e-06,30,0.00255929557833316,0.000526403818846142,0.0175581569974071,1
113,1,41,1e-06,60,0.00834052212892178,0.00128846431981542,0.105439709753164,1
113,1,41,1e-06,120,0.0376752028294152,0.00690547177639023,0.70847130360818,1
113,1,61,1e-06,30,0.00466513015346252,0.00376340453525657,0.0175581569974071,1
113,1,61,1e-06,60,0.0186091146858526,0.0147800052166192,0.105439709753164,1
113,1,61,1e-06,120,0.512507391504772,0.469608667725449,0.70847130360818,1
113,1,41,0.0001,30,0.00256185765695671,0.000526403818846142,1.68021537013102,1
113,1,41,0.0001,60,0.00832456833944364,0.00128846431981542,10.3200544534141,1
113,1,41,0.0001,120,0.0375538742727656,0.00690547177639023,70.0789037415827,1
113,1,61,0.0001,30,0.00821753414750367,0.00376340453525657,1.68021537013102,1
113,1,61,0.0001,60,0.0324697747518165,0.0147800052166192,10.3200544534141,1
113,1,61,0.0001,120,0.644060751853174,0.469608667725449,70.0789037415827,1
113,2,41,1e-08,30,0.0029073802790782,0.00393294094272031,0.000511393838153745,0
113,2,41,1e-08,60,0.0310821083147317,0.0029032657159242,0.00188882742211014,0
113,2,41,1e-08,120,0.268188509680431,0.00367070517983743,0.00965274561946435,0
113,2,61,1e-08,30,1.42396433834502,3.62406782534785,0.000511393838153745,0
113,2,61,1e-08,60,7.158936866453,4.06199370478959,0.00188882742211014,0
113,2,61,1e-08,120,6.11994645238422,0.777452325629638,0.00965274561946435,0
113,2,41,1e-06,30,0.0015335989812774,0.00393294094272031,0.0175581569974071,1
113,2,41,1e-06,60,0.0224003455744677,0.0029032657159242,0.105439709753164,1
113,2,41,1e-06,120,0.21854303388002,0.00367070517983743,0.70847130360818,1
113,2,61,1e-06,30,0.270199791233512,3.62406782534785,0.0175581569974071,0
113,2,61,1e-06,60,2.23364406999891,4.06199370478959,0.105439709753164,0
113,2,61,1e-06,120,2.60201002404713,0.777452325629638,0.70847130360818,1
113,2,41,0.0001,30,0.00137872124718207,0.00393294094272031,1.68021537013102,1
113,2,41,0.0001,60,0.0212589244511447,0.0029032657159242,10.3200544534141,1
113,2,41,0.0001,120,0.211560296781158,0.00367070517983743,70.0789037415827,1
113,2,61,0.0001,30,0.244168103618491,3.62406782534785,1.68021537013102,1
113,2,61,0.0001,60,2.0983308164419,4.06199370478959,10.3200544534141,1
113,2,61,0.0001,120,2.33018062528515,0.777452325629638,70.0789037415827,1
113,3,41,1e-08,30,2.64857517627362,2.57314582050307,0.000511393838153745,0
113,3,41,1e-08,60,6.33311425774199,6.34679159358383,0.00188882742211014,0
113,3,41,1e-08,120,0.819820971203602,0.922119924507378,0.00965274561946435,0
113,3,61,1e-08,30,0.00135886844157639,1.26303933711647,0.000511393838153745,1
113,3,61,1e-08,60,1.62867962573428,6.02101852001557,0.00188882742211014,0
113,3,61,1e-08,120,0.123170387804419,0.199423797342748,0.00965274561946435,0
113,3,41,1e-06,30,1.63907168193797,2.57314582050307,0.0175581569974071,0
113,3,41,1e-06,60,3.49042576121277,6.34679159358383,0.105439709753164,0
113,3,41,1e-06,120,0.119091114076368,0.922119924507378,0.70847130360818,1
113,3,61,1e-06,30,1.95823281900302,1.26303933711647,0.0175581569974071,0
113,3,61,1e-06,60,1.51075469005598,6.02101852001557,0.105439709753164,0
113,3,61,1e-06,120,3.96260769801213,0.199423797342748,0.70847130360818,0
113,3,41,0.0001,30,1.57040704930007,2.57314582050307,1.68021537013102,1
113,3,41,0.0001,60,3.30279806479802,6.34679159358383,10.3200544534141,1
113,3,41,0.0001,120,0.196792089127551,0.922119924507378,70.0789037415827,1
113,3,61,0.0001,30,2.23702767367476,1.26303933711647,1.68021537013102,1
113,3,61,0.0001,60,1.98742658525141,6.02101852001557,10.3200544534141,1
113,3,61,0.0001,120,2.69396782134341,0.199423797342748,70.0789037415827,1
113,4,41,1e-08,30,0.0070800041501003,0.00677254936513838,0.000511393838153745,0
113,4,41,1e-08,60,0.0170801293140022,0.0230143553699408,0.00188882742211014,0
113,4,41,1e-08,120,0.0297593930133665,0.0572382721608648,0.00965274561946435,1
113,4,61,1e-08,30,0.630674305207064,2.06055723843475,0.000511393838153745,0
113,4,61,1e-08,60,0.180048521811497,0.836137984390364,0.00188882742211014,0
113,4,61,1e-08,120,2.74791484519011,1.15749509596711,0.00965274561946435,0
113,4,41,1e-06,30,0.00304997048865456,0.00677254936513838,0.0175581569974071,1
113,4,41,1e-06,60,0.015517649774102,0.0230143553699408,0.105439709753164,1
113,4,41,1e-06,120,0.0989321256181064,0.0572382721608648,0.70847130360818,1
113,4,61,1e-06,30,0.0912829131786877,2.06055723843475,0.0175581569974071,0
113,4,61,1e-06,60,1.84070229755834,0.836137984390364,0.105439709753164,0
113,4,61,1e-06,120,7.90919893849273,1.15749509596711,0.70847130360818,0
113,4,41,0.0001,30,0.00414901844223369,0.00677254936513838,1.68021537013102,1
113,4,41,0.0001,60,0.0200859788216179,0.0230143553699408,10.3200544534141,1
113,4,41,0.0001,120,0.120844920090989,0.0572382721608648,70.0789037415827,1
113,4,61,0.0001,30,0.0777851884298517,2.06055723843475,1.68021537013102,1
113,4,61,0.0001,60,1.95655196414462,0.836137984390364,10.3200544534141,1
113,4,61,0.0001,120,7.46743945264256,1.15749509596711,70.0789037415827,1
113,5,41,1e-08,30,5.01088215242825e-05,0.000181196541498944,0.000511393838153745,1
113,5,41,1e-08,60,0.000129736176948051,0.000742061119441114,0.00188882742211014,1
113,5,41,1e-08,120,0.00115886087698697,0.00166231665577649,0.00965274561946435,1
113,5,61,1e-08,30,6.30343108727505,7.71990847261751,0.000511393838153745,0
113,5,61,1e-08,60,4.34268406279752,0.0282515567639897,0.00188882742211014,0
113,5,61,1e-08,120,0.805568155615774,8.19020148560567,0.00965274561946435,0
113,5,41,1e-06,30,7.5908246050647e-05,0.000181196541498944,0.0175581569974071,1
113,5,41,1e-06,60,0.000294898508969842,0.000742061119441114,0.105439709753164,1
113,5,41,1e-06,120,0.00231570627450025,0.00166231665577649,0.70847130360818,1
113,5,61,1e-06,30,8.85847780720674,7.71990847261751,0.0175581569974071,0
113,5,61,1e-06,60,0.30775769535881,0.0282515567639897,0.105439709753164,1
113,5,61,1e-06,120,4.39957232261966,8.19020148560567,0.70847130360818,0
113,5,41,0.0001,30,9.43599054753517e-05,0.000181196541498944,1.68021537013102,1
113,5,41,0.0001,60,0.000365178299600691,0.000742061119441114,10.3200544534141,1
113,5,41,0.0001,120,0.00269673914312978,0.00166231665577649,70.0789037415827,1
113,5,61,0.0001,30,8.40756591660941,7.71990847261751,1.68021537013102,0
113,5,61,0.0001,60,0.168264781630454,0.0282515567639897,10.3200544534141,1
113,5,61,0.0001,120,5.65351446371631,8.19020148560567,70.0789037415827,1
113,6,41,1e-08,30,0.00184985821539858,0.00121538475459133,0.000511393838153745,1
113,6,41,1e-08,60,0.0154345953043647,0.00828184163486983,0.00188882742211014,0
113,6,41,1e-08,120,0.0644794056735943,0.0290801074368504,0.00965274561946435,0
113,6,61,1e-08,30,1.0026791935305,0.147762402927522,0.000511393838153745,0
113,6,61,1e-08,60,4.91209207075333,0.930614293321556,0.00188882742211014,0
113,6,61,1e-08,120,9.53986826284931,0.453569980113272,0.00965274561946435,0
113,6,41,1e-06,30,0.0133734138690657,0.00121538475459133,0.0175581569974071,1
113,6,41,1e-06,60,0.0640252516666277,0.00828184163486983,0.105439709753164,1
113,6,41,1e-06,120,0.245073673329153,0.0290801074368504,0.70847130360818,1
113,6,61,1e-06,30,0.862427184007828,0.147762402927522,0.0175581569974071,0
113,6,61,1e-06,60,4.21089706602249,0.930614293321556,0.105439709753164,0
113,6,61,1e-06,120,8.10555116446175,0.453569980113272,0.70847130360818,0
113,6,41,0.0001,30,0.0137487761195434,0.00121538475459133,1.68021537013102,1
113,6,41,0.0001,60,0.0654310267593941,0.00828184163486983,10.3200544534141,1
113,6,41,0.0001,120,0.250114108196705,0.0290801074368504,70.0789037415827,1
113,6,61,0.0001,30,0.836538464661479,0.147762402927522,1.68021537013102,1
113,6,61,0.0001,60,4.10112014025145,0.930614293321556,10.3200544534141,1
113,6,61,0.0001,120,7.8083372585232,0.453569980113272,70.0789037415827,1
113,7,41,1e-08,30,2.42612872665413,0.0215652896505575,0.000511393838153745,0
113,7,41,1e-08,60,9.54207900662214,0.0701818362699209,0.00188882742211014,0
113,7,41,1e-08,120,0.171519366973931,0.0476198781903501,0.00965274561946435,0
113,7,61,1e-08,30,3.79345681999986,0.0026499444489714,0.000511393838153745,0
113,7,61,1e-08,60,1.98569885688776,0.329947330096844,0.00188882742211014,0
113,7,61,1e-08,120,6.70189641975274,0.758803259463221,0.00965274561946435,0
113,7,41,1e-06,30,0.632719730152721,0.0215652896505575,0.0175581569974071,0
113,7,41,1e-06,60,2.41007210273869,0.0701818362699209,0.105439709753164,0
113,7,41,1e-06,120,7.74851300363803,0.0476198781903501,0.70847130360818,0
113,7,61,1e-06,30,8.89965125672457,0.0026499444489714,0.0175581569974071,0
113,7,61,1e-06,60,0.0195568796478946,0.329947330096844,0.105439709753164,1
113,7,61,1e-06,120,0.000166836043498546,0.758803259463221,0.70847130360818,1
113,7,41,0.0001,30,0.487235893163966,0.0215652896505575,1.68021537013102,1
113,7,41,0.0001,60,1.86911401911252,0.0701818362699209,10.3200544534141,1
113,7,41,0.0001,120,5.86892925852464,0.0476198781903501,70.0789037415827,1
113,7,61,0.0001,30,8.41014694461779,0.0026499444489714,1.68021537013102,0
113,7,61,0.0001,60,0.000140041057771575,0.329947330096844,10.3200544534141,1
113,7,61,0.0001,120,0.0909323677395675,0.758803259463221,70.0789037415827,1
113,8,41,1e-08,30,0.0185511284344476,0.60471159620414,0.000511393838153745,0
113,8,41,1e-08,60,0.14657627782356,1.12067979296044,0.00188882742211014,0
113,8,41,1e-08,120,2.98389351950893,1.72704106461077,0.00965274561946435,0
113,8,61,1e-08,30,1.2260380856073,3.24871197901991,0.000511393838153745,0
113,8,61,1e-08,60,0.00142477434503602,2.90801676963801,0.00188882742211014,1
113,8,61,1e-08,120,2.92213009331627,3.62104872034468,0.00965274561946435,0
113,8,41,1e-06,30,0.238362901991207,0.60471159620414,0.0175581569974071,0
113,8,41,1e-06,60,2.1831441629344,1.12067979296044,0.105439709753164,0
113,8,41,1e-06,120,6.35323406729969,1.72704106461077,0.70847130360818,0
113,8,61,1e-06,30,0.0204983320448543,3.24871197901991,0.0175581569974071,1
113,8,61,1e-06,60,2.62968607447342,2.90801676963801,0.105439709753164,0
113,8,61,1e-06,120,2.32202163252871,3.62104872034468,0.70847130360818,1
113,8,41,0.0001,30,0.263442318759374,0.60471159620414,1.68021537013102,1
113,8,41,0.0001,60,2.32020334872632,1.12067979296044,10.3200544534141,1
113,8,41,0.0001,120,5.92251762931264,1.72704106461077,70.0789037415827,1
113,8,61,0.0001,30,0.00487012978135353,3.24871197901991,1.68021537013102,1
113,8,61,0.0001,60,3.09782977203753,2.90801676963801,10.3200544534141,1
113,8,61,0.0001,120,1.57574414116071,3.62104872034468,70.0789037415827,1
113,9,41,1e-08,30,0.00364195027089084,0.00441671960678716,0.000511393838153745,0
113,9,41,1e-08,60,0.0102941035312395,0.0303586113424139,0.00188882742211014,0
113,9,41,1e-08,120,2.4370315550628,4.55641803086314,0.00965274561946435,0
113,9,61,1e-08,30,0.0515818362881602,0.0401087910244296,0.000511393838153745,0
113,9,61,1e-08,60,2.76604585951308,5.38455866369466,0.00188882742211014,0
113,9,61,1e-08,120,3.36966273472633,8.71934245864808,0.00965274561946435,0
113,9,41,1e-06,30,0.0196899109045961,0.00441671960678716,0.0175581569974071,1
113,9,41,1e-06,60,0.0575949187570866,0.0303586113424139,0.105439709753164,1
113,9,41,1e-06,120,1.70421315709564,4.55641803086314,0.70847130360818,1
113,9,61,1e-06,30,0.0540382915405246,0.0401087910244296,0.0175581569974071,1
113,9,61,1e-06,60,5.6902207876084,5.38455866369466,0.105439709753164,0
113,9,61,1e-06,120,9.5069464677833,8.71934245864808,0.70847130360818,0
113,9,41,0.0001,30,0.0213983361899531,0.00441671960678716,1.68021537013102,1
113,9,41,0.0001,60,0.0631267237704706,0.0303586113424139,10.3200544534141,1
113,9,41,0.0001,120,1.64761445280906,4.55641803086314,70.0789037415827,1
113,9,61,0.0001,30,0.0365366773330363,0.0401087910244296,1.68021537013102,1
113,9,61,0.0001,60,5.30017824837191,5.38455866369466,10.3200544534141,1
113,9,61,0.0001,120,8.50506650861673,8.71934245864808,70.0789037415827,1
113,10,41,1e-08,30,2.88835594594802,0.0506453756272562,0.000511393838153745,0
113,10,41,1e-08,60,9.74981580094816,0.146243324504656,0.00188882742211014,0
113,10,41,1e-08,120,0.463794183143047,0.109526487785681,0.00965274561946435,0
113,10,61,1e-08,30,1.20596351514754,0.0122936753414807,0.000511393838153745,0
113,10,61,1e-08,60,4.68583844145838,0.109730766279066,0.00188882742211014,0
113,10,61,1e-08,120,4.33653352377495,8.92391757990106,0.00965274561946435,0
113,10,41,1e-06,30,1.78975107008897,0.0506453756272562,0.0175581569974071,0
113,10,41,1e-06,60,6.89189795656737,0.146243324504656,0.105439709753164,0
113,10,41,1e-06,120,2.10048294991141,0.109526487785681,0.70847130360818,1
113,10,61,1e-06,30,1.27917668853284,0.0122936753414807,0.0175581569974071,0
113,10,61,1e-06,60,4.62658312010846,0.109730766279066,0.105439709753164,0
113,10,61,1e-06,120,3.90282484719081,8.92391757990106,0.70847130360818,0
113,10,41,0.0001,30,1.98130664428193,0.0506453756272562,1.68021537013102,1
113,10,41,0.0001,60,7.54974923063719,0.146243324504656,10.3200544534141,1
113,10,41,0.0001,120,1.49214994450961,0.109526487785681,70.0789037415827,1
113,10,61,0.0001,30,1.24531137016236,0.0122936753414807,1.68021537013102,1
113,10,61,0.0001,60,4.5043745089712,0.109730766279066,10.3200544534141,1
113,10,61,0.0001,120,3.686038208578,8.92391757990106,70.0789037415827,1
113,11,41,1e-08,30,6.30886477417786e-05,4.44684381373855e-05,0.000511393838153745,1
113,11,41,1e-08,60,0.00291504239276454,0.00148376925636785,0.00188882742211014,1
113,11,41,1e-08,120,2.67859948148071,2.84126660494939,0.00965274561946435,0
113,11,61,1e-08,30,2.7696220791305,0.156410779967382,0.000511393838153745,0
113,11,61,1e-08,60,7.26888161164414,0.37706173849669,0.00188882742211014,0
113,11,61,1e-08,120,3.12945667598163,3.48762254651844,0.00965274561946435,0
113,11,41,1e-06,30,8.82574867550919e-05,4.44684381373855e-05,0.0175581569974071,1
113,11,41,1e-06,60,0.00498655648451953,0.00148376925636785,0.105439709753164,1
113,11,41,1e-06,120,2.62908144277744,2.84126660494939,0.70847130360818,1
113,11,61,1e-06,30,6.82896383155683,0.156410779967382,0.0175581569974071,0
113,11,61,1e-06,60,0.802034264568793,0.37706173849669,0.105439709753164,0
113,11,61,1e-06,120,1.6608491824882,3.48762254651844,0.70847130360818,1
113,11,41,0.0001,30,4.61977470179464e-05,4.44684381373855e-05,1.68021537013102,1
113,11,41,0.0001,60,0.0042836714137651,0.00148376925636785,10.3200544534141,1
113,11,41,0.0001,120,2.66259603496044,2.84126660494939,70.0789037415827,1
113,11,61,0.0001,30,6.29044833925976,0.156410779967382,1.68021537013102,1
113,11,61,0.0001,60,1.18870084694536,0.37706173849669,10.3200544534141,1
113,11,61,0.0001,120,0.837055919939933,3.48762254651844,70.0789037415827,1
113,12,41,1e-08,30,0.000289859302894291,0.000667594057275109,0.000511393838153745,1
113,12,41,1e-08,60,0.000518975568308375,0.0119997693128258,0.00188882742211014,1
113,12,41,1e-08,120,0.0044647910938258,0.0116083352659293,0.00965274561946435,1
113,12,61,1e-08,30,0.597574252098272,0.0366357227255128,0.000511393838153745,0
113,12,61,1e-08,60,4.18778683309582,0.595434631951354,0.00188882742211014,0
113,12,61,1e-08,120,0.00613197355447176,6.67052654028792,0.00965274561946435,1
113,12,41,1e-06,30,0.000503346921198114,0.000667594057275109,0.0175581569974071,1
113,12,41,1e-06,60,0.0106609239704968,0.0119997693128258,0.105439709753164,1
113,12,41,1e-06,120,0.0091530846560036,0.0116083352659293,0.70847130360818,1
113,12,61,1e-06,30,1.6966718510389,0.0366357227255128,0.0175581569974071,0
113,12,61,1e-06,60,8.98682587309966,0.595434631951354,0.105439709753164,0
113,12,61,1e-06,120,3.50971754530108,6.67052654028792,0.70847130360818,0
113,12,41,0.0001,30,0.000746211372753534,0.000667594057275109,1.68021537013102,1
113,12,41,0.0001,60,0.0126578501204197,0.0119997693128258,10.3200544534141,1
113,12,41,0.0001,120,0.0129219799215233,0.0116083352659293,70.0789037415827,1
113,12,61,0.0001,30,1.75343930593869,0.0366357227255128,1.68021537013102,1
113,12,61,0.0001,60,9.22473338711586,0.595434631951354,10.3200544534141,1
113,12,61,0.0001,120,3.79651422556902,6.67052654028792,70.0789037415827,1
113,13,41,1e-08,30,0.0163397487009527,0.00241424380451263,0.000511393838153745,0
113,13,41,1e-08,60,3.11590795937984,5.29350912579239,0.00188882742211014,0
113,13,41,1e-08,120,2.10839349858402,7.31602228923567,0.00965274561946435,0
113,13,61,1e-08,30,6.52233811256847,7.68697503730626,0.000511393838153745,0
113,13,61,1e-08,60,4.11935935446415,2.42665241378601,0.00188882742211014,0
113,13,61,1e-08,120,0.479610641198774,2.79150820331937,0.00965274561946435,0
113,13,41,1e-06,30,0.157846193961954,0.00241424380451263,0.0175581569974071,0
113,13,41,1e-06,60,1.98624527452645,5.29350912579239,0.105439709753164,0
113,13,41,1e-06,120,0.852704584145541,7.31602228923567,0.70847130360818,1
113,13,61,1e-06,30,5.36696308512622,7.68697503730626,0.0175581569974071,0
113,13,61,1e-06,60,6.10806689098183,2.42665241378601,0.105439709753164,0
113,13,61,1e-06,120,0.0251279505210368,2.79150820331937,0.70847130360818,1
113,13,41,0.0001,30,0.125320733959623,0.00241424380451263,1.68021537013102,1
113,13,41,0.0001,60,2.23352933030832,5.29350912579239,10.3200544534141,1
113,13,41,0.0001,120,1.19313857660825,7.31602228923567,70.0789037415827,1
113,13,61,0.0001,30,5.35018963870051,7.68697503730626,1.68021537013102,1
113,13,61,0.0001,60,6.13440813917672,2.42665241378601,10.3200544534141,1
113,13,61,0.0001,120,0.0279699247520703,2.79150820331937,70.0789037415827,1
113,14,41,1e-08,30,4.23565270302378,0.00104994821580482,0.000511393838153745,0
113,14,41,1e-08,60,1.48241734203521,9.35213133642926,0.00188882742211014,0
113,14,41,1e-08,120,8.76966766778561,0.107929473170646,0.00965274561946435,0
113,14,61,1e-08,30,4.23745027498185,9.0054254082812,0.000511393838153745,0
113,14,61,1e-08,60,0.677130550859188,9.08018095112821,0.00188882742211014,0
113,14,61,1e-08,120,3.0920713850248,0.160754600766076,0.00965274561946435,0
113,14,41,1e-06,30,5.01991097821623,0.00104994821580482,0.0175581569974071,0
113,14,41,1e-06,60,2.16159621849375,9.35213133642926,0.105439709753164,0
113,14,41,1e-06,120,5.8929400403806,0.107929473170646,0.70847130360818,0
113,14,61,1e-06,30,7.08616771206773,9.0054254082812,0.0175581569974071,0
113,14,61,1e-06,60,3.09244257038113,9.08018095112821,0.105439709753164,0
113,14,61,1e-06,120,8.55416263983687,0.160754600766076,0.70847130360818,0
113,14,41,0.0001,30,4.43955847971222,0.00104994821580482,1.68021537013102,1
113,14,41,0.0001,60,1.48973147433538,9.35213133642926,10.3200544534141,1
113,14,41,0.0001,120,3.78475152721768,0.107929473170646,70.0789037415827,1
113,14,61,0.0001,30,6.83690954118027,9.0054254082812,1.68021537013102,0
113,14,61,0.0001,60,2.81610398716029,9.08018095112821,10.3200544534141,1
113,14,61,0.0001,120,9.43412953931321,0.160754600766076,70.0789037415827,1
113,15,41,1e-08,30,2.22120579135735,8.4091121499405,0.000511393838153745,0
113,15,41,1e-08,60,3.10147261232178,4.84152875138647,0.00188882742211014,0
113,15,41,1e-08,120,4.19316057802871,0.0540558414694049,0.00965274561946435,0
113,15,61,1e-08,30,2.83010853567642,4.91947149371614,0.000511393838153745,0
113,15,61,1e-08,60,2.99026377127475,0.555442381758556,0.00188882742211014,0
113,15,61,1e-08,120,0.283066097911824,5.82026270671014,0.00965274561946435,0
113,15,41,1e-06,30,0.267056544925237,8.4091121499405,0.0175581569974071,0
113,15,41,1e-06,60,7.52313960617327,4.84152875138647,0.105439709753164,0
113,15,41,1e-06,120,0.713860247536217,0.0540558414694049,0.70847130360818,1
113,15,61,1e-06,30,3.97335816581316,4.91947149371614,0.0175581569974071,0
113,15,61,1e-06,60,1.422167674868,0.555442381758556,0.105439709753164,0
113,15,61,1e-06,120,2.31052651566533,5.82026270671014,0.70847130360818,1
113,15,41,0.0001,30,0.212189058471709,8.4091121499405,1.68021537013102,1
113,15,41,0.0001,60,6.95933433151842,4.84152875138647,10.3200544534141,1
113,15,41,0.0001,120,0.413237497205146,0.0540558414694049,70.0789037415827,1
113,15,61,0.0001,30,4.03613504872132,4.91947149371614,1.68021537013102,1
113,15,61,0.0001,60,1.35305097594724,0.555442381758556,10.3200544534141,1
113,15,61,0.0001,120,2.48595171466722,5.82026270671014,70.0789037415827,1
113,16,41,1e-08,30,2.36115015001174,8.52324172806205,0.000511393838153745,0
113,16,41,1e-08,60,5.22965242894854,0.00855906515198386,0.00188882742211014,0
113,16,41,1e-08,120,2.05231478871091,8.64227117298487,0.00965274561946435,0
113,16,61,1e-08,30,0.000369544792724899,0.228610147600897,0.000511393838153745,1
113,16,61,1e-08,60,0.623254974640719,0.150225577047436,0.00188882742211014,0
113,16,61,1e-08,120,4.23692192632095,0.307989552826916,0.00965274561946435,0
113,16,41,1e-06,30,9.54951135515198,8.52324172806205,0.0175581569974071,0
113,16,41,1e-06,60,0.426338710638981,0.00855906515198386,0.105439709753164,0
113,16,41,1e-06,120,4.88018468281946,8.64227117298487,0.70847130360818,0
113,16,61,1e-06,30,1.091614156634,0.228610147600897,0.0175581569974071,0
113,16,61,1e-06,60,7.11119812074912,0.150225577047436,0.105439709753164,0
113,16,61,1e-06,120,0.520139218754263,0.307989552826916,0.70847130360818,1
113,16,41,0.0001,30,9.01043665742601,8.52324172806205,1.68021537013102,0
113,16,41,0.0001,60,0.666886565391302,0.00855906515198386,10.3200544534141,1
113,16,41,0.0001,120,3.59116789071935,8.64227117298487,70.0789037415827,1
113,16,61,0.0001,30,1.2186354426523,0.228610147600897,1.68021537013102,1
113,16,61,0.0001,60,7.70950763284663,0.150225577047436,10.3200544534141,1
113,16,61,0.0001,120,0.259779122406178,0.307989552826916,70.0789037415827,1
113,17,41,1e-08,30,2.13029296189813,0.577303585212148,0.000511393838153745,0
113,17,41,1e-08,60,0.16469332104082,4.89452533472587,0.00188882742211014,0
113,17,41,1e-08,120,3.40640161080357,0.743755487378624,0.00965274561946435,0
113,17,61,1e-08,30,0.693261916597224,0.467735619680742,0.000511393838153745,0
113,17,61,1e-08,60,0.964869259031006,0.543837416357817,0.00188882742211014,0
113,17,61,1e-08,120,1.4220130501452,0.570677738609292,0.00965274561946435,0
113,17,41,1e-06,30,0.943913576834407,0.577303585212148,0.0175581569974071,0
113,17,41,1e-06,60,0.380251054283365,4.89452533472587,0.105439709753164,1
113,17,41,1e-06,120,0.0603996745656282,0.743755487378624,0.70847130360818,1
113,17,61,1e-06,30,0.376082611123962,0.467735619680742,0.0175581569974071,0
113,17,61,1e-06,60,0.353845684278282,0.543837416357817,0.105439709753164,1
113,17,61,1e-06,120,0.219897731885698,0.570677738609292,0.70847130360818,1
113,17,41,0.0001,30,0.78893262727897,0.577303585212148,1.68021537013102,1
113,17,41,0.0001,60,0.600428545107165,4.89452533472587,10.3200544534141,1
113,17,41,0.0001,120,0.306673931113113,0.743755487378624,70.0789037415827,1
113,17,61,0.0001,30,0.371167733968767,0.467735619680742,1.68021537013102,1
113,17,61,0.0001,60,0.345846525110452,0.543837416357817,10.3200544534141,1
113,17,61,0.0001,120,0.208562961490995,0.570677738609292,70.0789037415827,1
113,18,41,1e-08,30,0.152007148277992,2.29502117702703,0.000511393838153745,0
113,18,41,1e-08,60,2.18393375482862,3.54796630979727,0.00188882742211014,0
113,18,41,1e-08,120,8.00486813977987,7.95651921862047,0.00965274561946435,0
113,18,61,1e-08,30,0.560737125685682,0.18778431700656,0.000511393838153745,0
113,18,61,1e-08,60,1.81347235317908,1.7768790620764,0.00188882742211014,0
113,18,61,1e-08,120,9.78440816995544,6.34755165431661,0.00965274561946435,0
113,18,41,1e-06,30,1.06982854600844,2.29502117702703,0.0175581569974071,0
113,18,41,1e-06,60,0.866996284063247,3.54796630979727,0.105439709753164,0
113,18,41,1e-06,120,0.854719914790649,7.95651921862047,0.70847130360818,1
113,18,61,1e-06,30,5.67619412164163,0.18778431700656,0.0175581569974071,0
113,18,61,1e-06,60,3.88687459355744,1.7768790620764,0.105439709753164,0
113,18,61,1e-06,120,6.24871264532003,6.34755165431661,0.70847130360818,0
113,18,41,0.0001,30,1.16982392699317,2.29502117702703,1.68021537013102,1
113,18,41,0.0001,60,1.03428589139888,3.54796630979727,10.3200544534141,1
113,18,41,0.0001,120,1.18289408242194,7.95651921862047,70.0789037415827,1
113,18,61,0.0001,30,6.06395115540323,0.18778431700656,1.68021537013102,1
113,18,61,0.0001,60,3.3282374239054,1.7768790620764,10.3200544534141,1
113,18,61,0.0001,120,7.73500331565315,6.34755165431661,70.0789037415827,1
113,19,41,1e-08,30,2.70385222529064,1.54439133594619,0.000511393838153745,0
113,19,41,1e-08,60,0.131721046450963,1.87608604945891,0.00188882742211014,0
113,19,41,1e-08,120,7.64355633046529,1.01448354887203,0.00965274561946435,0
113,19,61,1e-08,30,0.325753243595612,0.737671193641773,0.000511393838153745,0
113,19,61,1e-08,60,0.513971262039926,0.00812455190462817,0.00188882742211014,0
113,19,61,1e-08,120,7.79222629595962,4.78578792861081,0.00965274561946435,0
113,19,41,1e-06,30,0.144120391049973,1.54439133594619,0.0175581569974071,0
113,19,41,1e-06,60,9.49824140821928,1.87608604945891,0.105439709753164,0
113,19,41,1e-06,120,5.7755319494438,1.01448354887203,0.70847130360818,0
113,19,61,1e-06,30,0.106030960008847,0.737671193641773,0.0175581569974071,0
113,19,61,1e-06,60,1.34303891277108,0.00812455190462817,0.105439709753164,0
113,19,61,1e-06,120,3.8250400989976,4.78578792861081,0.70847130360818,0
113,19,41,0.0001,30,0.191531618725588,1.54439133594619,1.68021537013102,1
113,19,41,0.0001,60,8.87888466580164,1.87608604945891,10.3200544534141,1
113,19,41,0.0001,120,4.89616705358648,1.01448354887203,70.0789037415827,1
113,19,61,0.0001,30,0.094152498539278,0.737671193641773,1.68021537013102,1
113,19,61,0.0001,60,1.42618721925849,0.00812455190462817,10.3200544534141,1
113,19,61,0.0001,120,3.5620052913202,4.78578792861081,70.0789037415827,1
113,20,41,1e-08,30,7.55477385892376,7.38395216035185,0.000511393838153745,0
113,20,41,1e-08,60,7.82907470933196,7.4838594292036,0.00188882742211014,0
113,20,41,1e-08,120,8.33835246991707,7.6340173333285,0.00965274561946435,0
113,20,61,1e-08,30,1.51399404004446,2.89376147692885e-06,0.000511393838153745,0
113,20,61,1e-08,60,5.27311614965466,0.00693358712982917,0.00188882742211014,0
113,20,61,1e-08,120,1.965347180379,0.489424055467964,0.00965274561946435,0
113,20,41,1e-06,30,7.46189532900843,7.38395216035185,0.0175581569974071,0
113,20,41,1e-06,60,7.64005744104248,7.4838594292036,0.105439709753164,0
113,20,41,1e-06,120,7.94996007538163,7.6340173333285,0.70847130360818,0
113,20,61,1e-06,30,0.411670216456151,2.89376147692885e-06,0.0175581569974071,0
113,20,61,1e-06,60,1.89943863081697,0.00693358712982917,0.105439709753164,0
113,20,61,1e-06,120,8.87221310306909,0.489424055467964,0.70847130360818,0
113,20,41,0.0001,30,7.45149643304463,7.38395216035185,1.68021537013102,0
113,20,41,0.0001,60,7.62015183528214,7.4838594292036,10.3200544534141,1
113,20,41,0.0001,120,7.91052811279705,7.6340173333285,70.0789037415827,1
113,20,61,0.0001,30,0.482638883179007,2.89376147692885e-06,1.68021537013102,1
113,20,61,0.0001,60,2.15932058012921,0.00693358712982917,10.3200544534141,1
113,20,61,0.0001,120,7.90203229181759,0.489424055467964,70.0789037415827,1
114,1,41,1e-08,30,7.75045784452175e-06,0.00127137556078902,0.000511393838153745,1
114,1,41,1e-08,60,6.23737771092199e-05,0.00465993151341828,0.00188882742211014,1
114,1,41,1e-08,120,3.68837312894151,3.08977066976936,0.00965274561946435,0
114,1,61,1e-08,30,0.00109980291037908,0.000207430383989857,0.000511393838153745,1
114,1,61,1e-08,60,0.00688741568993722,4.09599955293244e-05,0.00188882742211014,1
114,1,61,1e-08,120,0.0345538554098199,0.000165038954689611,0.00965274561946435,1
114,1,41,1e-06,30,0.000101191786226656,0.00127137556078902,0.0175581569974071,1
114,1,41,1e-06,60,0.000530625920667401,0.00465993151341828,0.105439709753164,1
114,1,41,1e-06,120,3.76453066845917,3.08977066976936,0.70847130360818,0
114,1,61,1e-06,30,2.37270661092932e-05,0.000207430383989857,0.0175581569974071,1
114,1,61,1e-06,60,0.00101843857105989,4.09599955293244e-05,0.105439709753164,1
114,1,61,1e-06,120,0.00796355025542579,0.000165038954689611,0.70847130360818,1
114,1,41,0.0001,30,5.55186727080388e-05,0.00127137556078902,1.68021537013102,1
114,1,41,0.0001,60,0.000322186635879865,0.00465993151341828,10.3200544534141,1
114,1,41,0.0001,120,3.7256690307359,3.08977066976936,70.0789037415827,1
114,1,61,0.0001,30,1.21117113380086e-05,0.000207430383989857,1.68021537013102,1
114,1,61,0.0001,60,0.000862176073491438,4.09599955293244e-05,10.3200544534141,1
114,1,61,0.0001,120,0.00711829492298004,0.000165038954689611,70.0789037415827,1
114,2,41,1e-08,30,0.00120349870783418,0.000633835948739438,0.000511393838153745,1
114,2,41,1e-08,60,0.0129296333600517,1.20979855713304e-06,0.00188882742211014,0
114,2,41,1e-08,120,4.00848777449298,3.18276326469826,0.00965274561946435,0
114,2,61,1e-08,30,6.58517797665385,8.23409098889236,0.000511393838153745,0
114,2,61,1e-08,60,5.97035693499172,9.55369082567762,0.00188882742211014,0
114,2,61,1e-08,120,2.00946220871199,7.58051555734208,0.00965274561946435,0
114,2,41,1e-06,30,0.000263948425767094,0.000633835948739438,0.0175581569974071,1
114,2,41,1e-06,60,0.00702409593343446,1.20979855713304e-06,0.105439709753164,1
114,2,41,1e-06,120,3.79982818828063,3.18276326469826,0.70847130360818,0
114,2,61,1e-06,30,6.10749055601819,8.23409098889236,0.0175581569974071,0
114,2,61,1e-06,60,5.26305444948198,9.55369082567762,0.105439709753164,0
114,2,61,1e-06,120,1.34401831127559,7.58051555734208,0.70847130360818,1
114,2,41,0.0001,30,0.00022087531524033,0.000633835948739438,1.68021537013102,1
114,2,41,0.0001,60,0.00658927211333719,1.20979855713304e-06,10.3200544534141,1
114,2,41,0.0001,120,3.77982570688111,3.18276326469826,70.0789037415827,1
114,2,61,0.0001,30,6.10800726505541,8.23409098889236,1.68021537013102,1
114,2,61,0.0001,60,5.26590486772491,9.55369082567762,10.3200544534141,1
114,2,61,0.0001,120,1.34785698168082,7.58051555734208,70.0789037415827,1
114,3,41,1e-08,30,4.69454930169288,5.00837629509555,0.000511393838153745,0
114,3,41,1e-08,60,7.55704991319797,8.4681690684417,0.00188882742211014,0
114,3,41,1e-08,120,7.7754932357798,9.79043701155581,0.00965274561946435,0
114,3,61,1e-08,30,0.00830896107692982,0.14590581270876,0.000511393838153745,0
114,3,61,1e-08,60,0.00382010427041985,0.423802319895657,0.00188882742211014,1
114,3,61,1e-08,120,0.0584253347133055,3.23457335538355,0.00965274561946435,0
114,3,41,1e-06,30,4.36259190380604,5.00837629509555,0.0175581569974071,0
114,3,41,1e-06,60,6.81669306475143,8.4681690684417,0.105439709753164,0
114,3,41,1e-06,120,6.40134383705669,9.79043701155581,0.70847130360818,0
114,3,61,1e-06,30,0.196831201749522,0.14590581270876,0.0175581569974071,0
114,3,61,1e-06,60,1.00819796823197,0.423802319895657,0.105439709753164,0
114,3,61,1e-06,120,2.29679264761922,3.23457335538355,0.70847130360818,1
114,3,41,0.0001,30,4.34615854137234,5.00837629509555,1.68021537013102,1
114,3,41,0.0001,60,6.7788032225137,8.4681690684417,10.3200544534141,1
114,3,41,0.0001,120,6.33108220034588,9.79043701155581,70.0789037415827,1
114,3,61,0.0001,30,0.216716082496321,0.14590581270876,1.68021537013102,1
114,3,61,0.0001,60,1.09003340578403,0.423802319895657,10.3200544534141,1
114,3,61,0.0001,120,2.53332789052623,3.23457335538355,70.0789037415827,1
114,4,41,1e-08,30,5.81217785958173,7.32494060274842,0.000511393838153745,0
114,4,41,1e-08,60,3.88463856683152,7.12530135434109,0.00188882742211014,0
114,4,41,1e-08,120,1.31533335712632,7.02662504624556,0.00965274561946435,0
114,4,61,1e-08,30,0.00256506602841347,0.00263776724536334,0.000511393838153745,0
114,4,61,1e-08,60,0.00633073609153618,0.010848044315368,0.00188882742211014,1
114,4,61,1e-08,120,0.0347465748249942,0.0258386061161815,0.00965274561946435,1
114,4,41,1e-06,30,3.80990174821092,7.32494060274842,0.0175581569974071,0
114,4,41,1e-06,60,1.33807349214365,7.12530135434109,0.105439709753164,0
114,4,41,1e-06,120,0.142743771242649,7.02662504624556,0.70847130360818,1
114,4,61,1e-06,30,0.00200098465840118,0.00263776724536334,0.0175581569974071,1
114,4,61,1e-06,60,0.00776730229933044,0.010848044315368,0.105439709753164,1
114,4,61,1e-06,120,0.0501454020113632,0.0258386061161815,0.70847130360818,1
114,4,41,0.0001,30,3.72757380134509,7.32494060274842,1.68021537013102,1
114,4,41,0.0001,60,1.24936424383901,7.12530135434109,10.3200544534141,1
114,4,41,0.0001,120,0.204675334814418,7.02662504624556,70.0789037415827,1
114,4,61,0.0001,30,0.00223779802443199,0.00263776724536334,1.68021537013102,1
114,4,61,0.0001,60,0.00868186440806919,0.010848044315368,10.3200544534141,1
114,4,61,0.0001,120,0.0547177959822775,0.0258386061161815,70.0789037415827,1
114,5,41,1e-08,30,0.584148797825425,6.85786537634669,0.000511393838153745,0
114,5,41,1e-08,60,2.43517468871536,0.710726380406383,0.00188882742211014,0
114,5,41,1e-08,120,5.6184605583376,0.5234853575517,0.00965274561946435,0
114,5,61,1e-08,30,0.00215887840586464,0.00169813220139051,0.000511393838153745,0
114,5,61,1e-08,60,0.0115523018203619,0.010909731126423,0.00188882742211014,0
114,5,61,1e-08,120,0.00209647975635307,0.00222803517100725,0.00965274561946435,1
114,5,41,1e-06,30,0.300337487966322,6.85786537634669,0.0175581569974071,0
114,5,41,1e-06,60,1.68293166252438,0.710726380406383,0.105439709753164,0
114,5,41,1e-06,120,7.43912512731122,0.5234853575517,0.70847130360818,0
114,5,61,1e-06,30,4.68027990446159e-05,0.00169813220139051,0.0175581569974071,1
114,5,61,1e-06,60,0.00125128681630792,0.010909731126423,0.105439709753164,1
114,5,61,1e-06,120,0.00833423371775137,0.00222803517100725,0.70847130360818,1
114,5,41,0.0001,30,0.308309704844461,6.85786537634669,1.68021537013102,1
114,5,41,0.0001,60,1.72432292947263,0.710726380406383,10.3200544534141,1
114,5,41,0.0001,120,7.25957086558628,0.5234853575517,70.0789037415827,1
114,5,61,0.0001,30,1.9504116706653e-05,0.00169813220139051,1.68021537013102,1
114,5,61,0.0001,60,0.000952459114793454,0.010909731126423,10.3200544534141,1
114,5,61,0.0001,120,0.00999539899161018,0.00222803517100725,70.0789037415827,1
114,6,41,1e-08,30,0.59464382254874,0.00334777172426598,0.000511393838153745,0
114,6,41,1e-08,60,0.0183918031581999,2.76857071197977,0.00188882742211014,0
114,6,41,1e-08,120,0.0275699007817456,4.60158576541444,0.00965274561946435,1
114,6,61,1e-08,30,4.54112948274602e-06,0.0279200006014899,0.000511393838153745,1
114,6,61,1e-08,60,0.00394582853691766,0.0895585616368802,0.00188882742211014,1
114,6,61,1e-08,120,0.0628802923063956,0.24703940620838,0.00965274561946435,0
114,6,41,1e-06,30,2.45264353847786,0.00334777172426598,0.0175581569974071,0
114,6,41,1e-06,60,1.83809153310617,2.76857071197977,0.105439709753164,0
114,6,41,1e-06,120,3.62702675484597,4.60158576541444,0.70847130360818,0
114,6,61,1e-06,30,0.009697790551302,0.0279200006014899,0.0175581569974071,1
114,6,61,1e-06,60,0.0541153592833411,0.0895585616368802,0.105439709753164,1
114,6,61,1e-06,120,0.32205676103761,0.24703940620838,0.70847130360818,1
114,6,41,0.0001,30,2.33448870260823,0.00334777172426598,1.68021537013102,1
114,6,41,0.0001,60,1.62870679555386,2.76857071197977,10.3200544534141,1
114,6,41,0.0001,120,3.03522327465194,4.60158576541444,70.0789037415827,1
114,6,61,0.0001,30,0.0107400355868779,0.0279200006014899,1.68021537013102,1
114,6,61,0.0001,60,0.0586600900680702,0.0895585616368802,10.3200544534141,1
114,6,61,0.0001,120,0.343279975945704,0.24703940620838,70.0789037415827,1
114,7,41,1e-08,30,6.56485838523338,0.0111707206191199,0.000511393838153745,0
114,7,41,1e-08,60,9.57841064546895,3.32826454234413,0.00188882742211014,0
114,7,41,1e-08,120,1.29923413722354,4.0182145704577,0.00965274561946435,0
114,7,61,1e-08,30,0.00345617329823744,0.123886872755975,0.000511393838153745,0
114,7,61,1e-08,60,0.00307260942534977,0.433131144776984,0.00188882742211014,1
114,7,61,1e-08,120,0.115246367128468,0.778338918774817,0.00965274561946435,0
114,7,41,1e-06,30,0.281891800629515,0.0111707206191199,0.0175581569974071,0
114,7,41,1e-06,60,0.320606681222433,3.32826454234413,0.105439709753164,1
114,7,41,1e-06,120,3.15948646681774,4.0182145704577,0.70847130360818,0
114,7,61,1e-06,30,0.000169464470498508,0.123886872755975,0.0175581569974071,1
114,7,61,1e-06,60,0.000404721658847527,0.433131144776984,0.105439709753164,1
114,7,61,1e-06,120,0.225229267922176,0.778338918774817,0.70847130360818,1
114,7,41,0.0001,30,0.187283716212848,0.0111707206191199,1.68021537013102,1
114,7,41,0.0001,60,0.558910272001408,3.32826454234413,10.3200544534141,1
114,7,41,0.0001,120,4.51688040571229,4.0182145704577,70.0789037415827,1
114,7,61,0.0001,30,0.000117531427602474,0.123886872755975,1.68021537013102,1
114,7,61,0.0001,60,0.000583003703701046,0.433131144776984,10.3200544534141,1
114,7,61,0.0001,120,0.232626079805038,0.778338918774817,70.0789037415827,1
114,8,41,1e-08,30,0.00461662827655155,0.000106621159317729,0.000511393838153745,0
114,8,41,1e-08,60,7.41977228506796,8.17970881548146,0.00188882742211014,0
114,8,41,1e-08,120,7.97449458652641,9.45962964557583,0.00965274561946435,0
114,8,61,1e-08,30,0.0892892869843136,0.010204895962392,0.000511393838153745,0
114,8,61,1e-08,60,0.448787641453338,0.00860027603526761,0.00188882742211014,0
114,8,61,1e-08,120,2.3637191947918,0.00241498964775115,0.00965274561946435,0
114,8,41,1e-06,30,0.000230003950406518,0.000106621159317729,0.0175581569974071,1
114,8,41,1e-06,60,8.23884666932819,8.17970881548146,0.105439709753164,0
114,8,41,1e-06,120,9.59098240658973,9.45962964557583,0.70847130360818,0
114,8,61,1e-06,30,0.015889362657376,0.010204895962392,0.0175581569974071,1
114,8,61,1e-06,60,0.129778508452707,0.00860027603526761,0.105439709753164,1
114,8,61,1e-06,120,0.910029173557577,0.00241498964775115,0.70847130360818,1
114,8,41,0.0001,30,0.000362917612367024,0.000106621159317729,1.68021537013102,1
114,8,41,0.0001,60,8.27986209419476,8.17970881548146,10.3200544534141,1
114,8,41,0.0001,120,9.6756431528682,9.45962964557583,70.0789037415827,1
114,8,61,0.0001,30,0.014468568593172,0.010204895962392,1.68021537013102,1
114,8,61,0.0001,60,0.122401837217827,0.00860027603526761,10.3200544534141,1
114,8,61,0.0001,120,0.872964112580529,0.00241498964775115,70.0789037415827,1
114,9,41,1e-08,30,0.00892193790623941,0.052361183941522,0.000511393838153745,0
114,9,41,1e-08,60,4.56233880840721,5.70427815481067,0.00188882742211014,0
114,9,41,1e-08,120,7.00963954874757,9.83470098174547,0.00965274561946435,0
114,9,61,1e-08,30,0.0188122409437624,1.41594819212883,0.000511393838153745,0
114,9,61,1e-08,60,2.95139651492226,1.54900632882976,0.00188882742211014,0
114,9,61,1e-08,120,2.24950162141182,2.10285340561119,0.00965274561946435,0
114,9,41,1e-06,30,0.0286978581813945,0.052361183941522,0.0175581569974071,1
114,9,41,1e-06,60,5.15274626726867,5.70427815481067,0.105439709753164,0
114,9,41,1e-06,120,8.4081694270102,9.83470098174547,0.70847130360818,0
114,9,61,1e-06,30,2.17828238263798,1.41594819212883,0.0175581569974071,0
114,9,61,1e-06,60,4.77802444233161,1.54900632882976,0.105439709753164,0
114,9,61,1e-06,120,8.76598106652676,2.10285340561119,0.70847130360818,0
114,9,41,0.0001,30,0.0307453834388596,0.052361183941522,1.68021537013102,1
114,9,41,0.0001,60,5.20480526984818,5.70427815481067,10.3200544534141,1
114,9,41,0.0001,120,8.53878682765676,9.83470098174547,70.0789037415827,1
114,9,61,0.0001,30,2.37257233897266,1.41594819212883,1.68021537013102,1
114,9,61,0.0001,60,4.27317160484189,1.54900632882976,10.3200544534141,1
114,9,61,0.0001,120,9.58003497822362,2.10285340561119,70.0789037415827,1
114,10,41,1e-08,30,0.0785359659285672,0.313893737843883,0.000511393838153745,0
114,10,41,1e-08,60,0.025702192580618,0.189580688083704,0.00188882742211014,0
114,10,41,1e-08,120,5.36397928651893,7.50768045692825,0.00965274561946435,0
114,10,61,1e-08,30,0.0599152187224913,0.00311142382820306,0.000511393838153745,0
114,10,61,1e-08,60,0.641788596270932,0.0233982156571332,0.00188882742211014,0
114,10,61,1e-08,120,0.911551318214684,5.2812498279076,0.00965274561946435,0
114,10,41,1e-06,30,0.097965828700181,0.313893737843883,0.0175581569974071,0
114,10,41,1e-06,60,1.73139710984771,0.189580688083704,0.105439709753164,0
114,10,41,1e-06,120,0.00129470815940932,7.50768045692825,0.70847130360818,1
114,10,61,1e-06,30,0.153433626704456,0.00311142382820306,0.0175581569974071,0
114,10,61,1e-06,60,1.10010353939702,0.0233982156571332,0.105439709753164,0
114,10,61,1e-06,120,0.255418048522675,5.2812498279076,0.70847130360818,1
114,10,41,0.0001,30,0.108123473569877,0.313893737843883,1.68021537013102,1
114,10,41,0.0001,60,1.80312496127699,0.189580688083704,10.3200544534141,1
114,10,41,0.0001,120,0.000176966562173598,7.50768045692825,70.0789037415827,1
114,10,61,0.0001,30,0.157270331586,0.00311142382820306,1.68021537013102,1
114,10,61,0.0001,60,1.11868938656904,0.0233982156571332,10.3200544534141,1
114,10,61,0.0001,120,0.238783317684255,5.2812498279076,70.0789037415827,1
114,11,41,1e-08,30,0.274035048848948,4.15148220412801,0.000511393838153745,0
114,11,41,1e-08,60,7.05106671652474,0.948280329313458,0.00188882742211014,0
114,11,41,1e-08,120,0.738327204413075,0.240084177308673,0.00965274561946435,0
114,11,61,1e-08,30,0.00671516851826637,0.000151016760531708,0.000511393838153745,0
114,11,61,1e-08,60,0.104482886303535,0.00800932531775772,0.00188882742211014,0
114,11,61,1e-08,120,6.04833508176716,8.83335550747431,0.00965274561946435,0
114,11,41,1e-06,30,1.0382719242021,4.15148220412801,0.0175581569974071,0
114,11,41,1e-06,60,9.16967330965183,0.948280329313458,0.105439709753164,0
114,11,41,1e-06,120,2.77980993609898,0.240084177308673,0.70847130360818,0
114,11,61,1e-06,30,0.000398140419420942,0.000151016760531708,0.0175581569974071,1
114,11,61,1e-06,60,0.00532908415737063,0.00800932531775772,0.105439709753164,1
114,11,61,1e-06,120,9.0375377555202,8.83335550747431,0.70847130360818,0
114,11,41,0.0001,30,0.869304432734375,4.15148220412801,1.68021537013102,1
114,11,41,0.0001,60,9.60320424141288,0.948280329313458,10.3200544534141,1
114,11,41,0.0001,120,1.88253385239156,0.240084177308673,70.0789037415827,1
114,11,61,0.0001,30,0.00214660468305837,0.000151016760531708,1.68021537013102,1
114,11,61,0.0001,60,0.000457706120621323,0.00800932531775772,10.3200544534141,1
114,11,61,0.0001,120,9.66161151841961,8.83335550747431,70.0789037415827,1
114,12,41,1e-08,30,0.00109737773862329,0.0107881441321587,0.000511393838153745,1
114,12,41,1e-08,60,0.000994893561928336,0.0652314684010238,0.00188882742211014,1
114,12,41,1e-08,120,0.00325796981608535,0.414649217889095,0.00965274561946435,1
114,12,61,1e-08,30,0.0371013086953455,0.082519631528668,0.000511393838153745,0
114,12,61,1e-08,60,1.95741319752771e-05,0.0572061333340729,0.00188882742211014,1
114,12,61,1e-08,120,7.95964416413084,5.31908164087532,0.00965274561946435,0
114,12,41,1e-06,30,0.00350091489816265,0.0107881441321587,0.0175581569974071,1
114,12,41,1e-06,60,0.00501216975222066,0.0652314684010238,0.105439709753164,1
114,12,41,1e-06,120,7.39932613032148e-05,0.414649217889095,0.70847130360818,1
114,12,61,1e-06,30,0.00830021397024208,0.082519631528668,0.0175581569974071,1
114,12,61,1e-06,60,0.0237385084409161,0.0572061333340729,0.105439709753164,1
114,12,61,1e-06,120,9.57130848452024,5.31908164087532,0.70847130360818,0
114,12,41,0.0001,30,0.00350002635767328,0.0107881441321587,1.68021537013102,1
114,12,41,0.0001,60,0.00499153419690797,0.0652314684010238,10.3200544534141,1
114,12,41,0.0001,120,6.69007231754081e-05,0.414649217889095,70.0789037415827,1
114,12,61,0.0001,30,0.00806314918554162,0.082519631528668,1.68021537013102,1
114,12,61,0.0001,60,0.0242628757185663,0.0572061333340729,10.3200544534141,1
114,12,61,0.0001,120,9.58651243393672,5.31908164087532,70.0789037415827,1
114,13,41,1e-08,30,0.103306790638948,0.000330610759789899,0.000511393838153745,0
114,13,41,1e-08,60,0.253279969274174,0.00421010165520292,0.00188882742211014,0
114,13,41,1e-08,120,1.02113033890823,0.091095342736382,0.00965274561946435,0
114,13,61,1e-08,30,0.955802029745461,0.0236272570835551,0.000511393838153745,0
114,13,61,1e-08,60,2.23274036377207,0.586838468101997,0.00188882742211014,0
114,13,61,1e-08,120,5.36710801145191,4.84634195579688,0.00965274561946435,0
114,13,41,1e-06,30,0.0234334787584552,0.000330610759789899,0.0175581569974071,1
114,13,41,1e-06,60,0.114642512820919,0.00421010165520292,0.105439709753164,1
114,13,41,1e-06,120,0.727842109614448,0.091095342736382,0.70847130360818,1
114,13,61,1e-06,30,0.2537333875468,0.0236272570835551,0.0175581569974071,0
114,13,61,1e-06,60,0.294771895696368,0.586838468101997,0.105439709753164,1
114,13,61,1e-06,120,0.168629547825623,4.84634195579688,0.70847130360818,1
114,13,41,0.0001,30,0.0455710019639912,0.000330610759789899,1.68021537013102,1
114,13,41,0.0001,60,0.158784244370662,0.00421010165520292,10.3200544534141,1
114,13,41,0.0001,120,0.390569174881258,0.091095342736382,70.0789037415827,1
114,13,61,0.0001,30,0.198051237290511,0.0236272570835551,1.68021537013102,1
114,13,61,0.0001,60,0.186074613828262,0.586838468101997,10.3200544534141,1
114,13,61,0.0001,120,0.037376272888784,4.84634195579688,70.0789037415827,1
114,14,41,1e-08,30,3.5170407292369,4.9901806038318,0.000511393838153745,0
114,14,41,1e-08,60,2.93537989514388,6.33164705267122,0.00188882742211014,0
114,14,41,1e-08,120,0.965186140659704,7.15239172587317,0.00965274561946435,0
114,14,61,1e-08,30,1.25016474802394,0.0201770465165672,0.000511393838153745,0
114,14,61,1e-08,60,7.49007063034327,0.0189559630775502,0.00188882742211014,0
114,14,61,1e-08,120,0.151415764191968,0.0437099633792864,0.00965274561946435,0
114,14,41,1e-06,30,2.32447374926053,4.9901806038318,0.0175581569974071,0
114,14,41,1e-06,60,1.19944026016711,6.33164705267122,0.105439709753164,0
114,14,41,1e-06,120,0.0290250698289956,7.15239172587317,0.70847130360818,1
114,14,61,1e-06,30,6.8213332295866,0.0201770465165672,0.0175581569974071,0
114,14,61,1e-06,60,0.813740189248749,0.0189559630775502,0.105439709753164,0
114,14,61,1e-06,120,2.98148174429422,0.0437099633792864,0.70847130360818,0
114,14,41,0.0001,30,2.27835223723342,4.9901806038318,1.68021537013102,1
114,14,41,0.0001,60,1.13923459449565,6.33164705267122,10.3200544534141,1
114,14,41,0.0001,120,0.0499458106122826,7.15239172587317,70.0789037415827,1
114,14,61,0.0001,30,7.18232472922862,0.0201770465165672,1.68021537013102,0
114,14,61,0.0001,60,0.603240442134382,0.0189559630775502,10.3200544534141,1
114,14,61,0.0001,120,2.21105725729226,0.0437099633792864,70.0789037415827,1
114,15,41,1e-08,30,0.910441679813488,0.181931842289161,0.000511393838153745,0
114,15,41,1e-08,60,6.28854208452186,0.338145159259263,0.00188882742211014,0
114,15,41,1e-08,120,0.264990108542992,0.54430910451034,0.00965274561946435,0
114,15,61,1e-08,30,0.152471646717689,1.15795465570605,0.000511393838153745,0
114,15,61,1e-08,60,0.124165346404639,1.4332222232461,0.00188882742211014,0
114,15,61,1e-08,120,4.09122577897484,1.57437082852249,0.00965274561946435,0
114,15,41,1e-06,30,5.12900829629801,0.181931842289161,0.0175581569974071,0
114,15,41,1e-06,60,2.16867629205513,0.338145159259263,0.105439709753164,0
114,15,41,1e-06,120,6.30281259138156,0.54430910451034,0.70847130360818,0
114,15,61,1e-06,30,0.118913509039848,1.15795465570605,0.0175581569974071,0
114,15,61,1e-06,60,2.72290146344082,1.4332222232461,0.105439709753164,0
114,15,61,1e-06,120,3.37782019625699,1.57437082852249,0.70847130360818,0
114,15,41,0.0001,30,5.38396649876492,0.181931842289161,1.68021537013102,1
114,15,41,0.0001,60,1.87921355995637,0.338145159259263,10.3200544534141,1
114,15,41,0.0001,120,5.3655103131066,0.54430910451034,70.0789037415827,1
114,15,61,0.0001,30,0.142977629557789,1.15795465570605,1.68021537013102,1
114,15,61,0.0001,60,2.92854120394257,1.4332222232461,10.3200544534141,1
114,15,61,0.0001,120,2.96158712392778,1.57437082852249,70.0789037415827,1
114,16,41,1e-08,30,0.00451582651770905,0.0329710465389662,0.000511393838153745,0
114,16,41,1e-08,60,0.0345445803693202,0.162817381609385,0.00188882742211014,0
114,16,41,1e-08,120,1.09339984621143,2.16040815055534,0.00965274561946435,0
114,16,61,1e-08,30,0.3468367521321,0.200677204984277,0.000511393838153745,0
114,16,61,1e-08,60,1.21795425038472,0.799433213030644,0.00188882742211014,0
114,16,61,1e-08,120,7.92632948555773,9.74207819925819,0.00965274561946435,0
114,16,41,1e-06,30,0.0187082564557754,0.0329710465389662,0.0175581569974071,1
114,16,41,1e-06,60,0.0988853958489834,0.162817381609385,0.105439709753164,1
114,16,41,1e-06,120,1.67003266410276,2.16040815055534,0.70847130360818,1
114,16,61,1e-06,30,0.107715944997055,0.200677204984277,0.0175581569974071,0
114,16,61,1e-06,60,0.426657090932861,0.799433213030644,0.105439709753164,0
114,16,61,1e-06,120,6.95908203062343,9.74207819925819,0.70847130360818,0
114,16,41,0.0001,30,0.019815395680367,0.0329710465389662,1.68021537013102,1
114,16,41,0.0001,60,0.103611864280177,0.162817381609385,10.3200544534141,1
114,16,41,0.0001,120,1.70720829289967,2.16040815055534,70.0789037415827,1
114,16,61,0.0001,30,0.105711850516432,0.200677204984277,1.68021537013102,1
114,16,61,0.0001,60,0.420453243216575,0.799433213030644,10.3200544534141,1
114,16,61,0.0001,120,6.91607607327691,9.74207819925819,70.0789037415827,1
114,17,41,1e-08,30,0.00756966509650203,0.00020524377113366,0.000511393838153745,0
114,17,41,1e-08,60,0.0289616766711177,0.00324656063863874,0.00188882742211014,0
114,17,41,1e-08,120,0.178667561706742,0.0521837912354822,0.00965274561946435,0
114,17,61,1e-08,30,0.20666070137427,0.151107952613912,0.000511393838153745,0
114,17,61,1e-08,60,9.83301444282085,9.06946198889218,0.00188882742211014,0
114,17,61,1e-08,120,8.96828327745685,9.07589489305148,0.00965274561946435,0
114,17,41,1e-06,30,0.000386755393294749,0.00020524377113366,0.0175581569974071,1
114,17,41,1e-06,60,0.00013616172541266,0.00324656063863874,0.105439709753164,1
114,17,41,1e-06,120,0.00818668020667218,0.0521837912354822,0.70847130360818,1
114,17,61,1e-06,30,0.219061294523759,0.151107952613912,0.0175581569974071,0
114,17,61,1e-06,60,9.69017009445627,9.06946198889218,0.105439709753164,0
114,17,61,1e-06,120,8.72026806714125,9.07589489305148,0.70847130360818,0
114,17,41,0.0001,30,0.000534195595332805,0.00020524377113366,1.68021537013102,1
114,17,41,0.0001,60,0.000320634888248884,0.00324656063863874,10.3200544534141,1
114,17,41,0.0001,120,0.00618756684062207,0.0521837912354822,70.0789037415827,1
114,17,61,0.0001,30,0.21951946686768,0.151107952613912,1.68021537013102,1
114,17,61,0.0001,60,9.68469074407861,9.06946198889218,10.3200544534141,1
114,17,61,0.0001,120,8.71045339784538,9.07589489305148,70.0789037415827,1
114,18,41,1e-08,30,0.926561590926143,0.00158224136253952,0.000511393838153745,0
114,18,41,1e-08,60,3.44992086432288,6.81238077743767,0.00188882742211014,0
114,18,41,1e-08,120,0.0046033693235835,7.68868367883132,0.00965274561946435,1
114,18,61,1e-08,30,0.000330062506202801,0.000279890165653733,0.000511393838153745,1
114,18,61,1e-08,60,0.266454925510903,0.341381474307198,0.00188882742211014,0
114,18,61,1e-08,120,6.59075975690485,7.29923713906279,0.00965274561946435,0
114,18,41,1e-06,30,0.551891556937812,0.00158224136253952,0.0175581569974071,0
114,18,41,1e-06,60,1.40748566993267,6.81238077743767,0.105439709753164,0
114,18,41,1e-06,120,0.00845580735935501,7.68868367883132,0.70847130360818,1
114,18,61,1e-06,30,1.62011399008123e-05,0.000279890165653733,0.0175581569974071,1
114,18,61,1e-06,60,0.294741116948419,0.341381474307198,0.105439709753164,1
114,18,61,1e-06,120,6.85961240959524,7.29923713906279,0.70847130360818,0
114,18,41,0.0001,30,0.616650079171569,0.00158224136253952,1.68021537013102,1
114,18,41,0.0001,60,4.09192352085313,6.81238077743767,10.3200544534141,1
114,18,41,0.0001,120,0.0439281422474743,7.68868367883132,70.0789037415827,1
114,18,61,0.0001,30,8.34581472095075e-06,0.000279890165653733,1.68021537013102,1
114,18,61,0.0001,60,0.297071173499619,0.341381474307198,10.3200544534141,1
114,18,61,0.0001,120,6.88138285115648,7.29923713906279,70.0789037415827,1
114,19,41,1e-08,30,1.05923023521647,0.0193779316203887,0.000511393838153745,0
114,19,41,1e-08,60,5.89731795809787,0.0926698801590357,0.00188882742211014,0
114,19,41,1e-08,120,0.735560019706913,0.190309878098638,0.00965274561946435,0
114,19,61,1e-08,30,0.910308542708195,6.25900505107719e-05,0.000511393838153745,0
114,19,61,1e-08,60,3.03786231252479,3.06336885105534e-05,0.00188882742211014,0
114,19,61,1e-08,120,8.40511695375127,0.00918087839053837,0.00965274561946435,0
114,19,41,1e-06,30,7.82200603080642,0.0193779316203887,0.0175581569974071,0
114,19,41,1e-06,60,0.492650773255313,0.0926698801590357,0.105439709753164,0
114,19,41,1e-06,120,1.48220835102306,0.190309878098638,0.70847130360818,1
114,19,61,1e-06,30,0.469216438987383,6.25900505107719e-05,0.0175581569974071,0
114,19,61,1e-06,60,1.86397906474031,3.06336885105534e-05,0.105439709753164,0
114,19,61,1e-06,120,7.08864662494963,0.00918087839053837,0.70847130360818,0
114,19,41,0.0001,30,8.32847540110873,0.0193779316203887,1.68021537013102,0
114,19,41,0.0001,60,0.288615381417555,0.0926698801590357,10.3200544534141,1
114,19,41,0.0001,120,0.813108003478544,0.190309878098638,70.0789037415827,1
114,19,61,0.0001,30,0.690093092116135,6.25900505107719e-05,1.68021537013102,1
114,19,61,0.0001,60,2.69045153234974,3.06336885105534e-05,10.3200544534141,1
114,19,61,0.0001,120,9.53100870616536,0.00918087839053837,70.0789037415827,1
114,20,41,1e-08,30,3.25157783730846,3.94232780618054,0.000511393838153745,0
114,20,41,1e-08,60,5.94924541313944,7.71410608776752,0.00188882742211014,0
114,20,41,1e-08,120,4.11779866217842,1.9013856539225,0.00965274561946435,0
114,20,61,1e-08,30,0.00286066986526791,0.0198088779716464,0.000511393838153745,0
114,20,61,1e-08,60,0.021112620579569,0.116738476868362,0.00188882742211014,0
114,20,61,1e-08,120,0.164704885812987,0.67309855105382,0.00965274561946435,0
114,20,41,1e-06,30,2.79535729562793,3.94232780618054,0.0175581569974071,0
114,20,41,1e-06,60,4.61859518676366,7.71410608776752,0.105439709753164,0
114,20,41,1e-06,120,6.95229956495193,1.9013856539225,0.70847130360818,0
114,20,61,1e-06,30,0.000683269391043767,0.0198088779716464,0.0175581569974071,1
114,20,61,1e-06,60,5.61430853858736e-05,0.116738476868362,0.105439709753164,1
114,20,61,1e-06,120,0.0230010382177433,0.67309855105382,0.70847130360818,1
114,20,41,0.0001,30,2.82172744058204,3.94232780618054,1.68021537013102,1
114,20,41,0.0001,60,4.69138069789628,7.71410608776752,10.3200544534141,1
114,20,41,0.0001,120,6.76963975604083,1.9013856539225,70.0789037415827,1
114,20,61,0.0001,30,0.00121215972662356,0.0198088779716464,1.68021537013102,1
114,20,61,0.0001,60,8.94110823778131e-05,0.116738476868362,10.3200544534141,1
114,20,61,0.0001,120,0.0139637752648371,0.67309855105382,70.0789037415827,1
115,1,41,1e-08,30,0.00104196901185786,0.000783630317371033,0.000511393838153745,1
115,1,41,1e-08,60,0.00417894859462346,0.00299119425392198,0.00188882742211014,1
115,1,41,1e-08,120,0.0169975993660511,0.0119002369244976,0.00965274561946435,1
115,1,61,1e-08,30,0.118050854902029,0.073390729876651,0.000511393838153745,0
115,1,61,1e-08,60,0.699558472273613,0.145857125614702,0.00188882742211014,0
115,1,61,1e-08,120,3.99064655713343,0.183424108571909,0.00965274561946435,0
115,1,41,1e-06,30,0.00175018227109636,0.000783630317371033,0.0175581569974071,1
115,1,41,1e-06,60,0.00679635147650555,0.00299119425392198,0.105439709753164,1
115,1,41,1e-06,120,0.0271093490317329,0.0119002369244976,0.70847130360818,1
115,1,61,1e-06,30,0.0396554858150647,0.073390729876651,0.0175581569974071,1
115,1,61,1e-06,60,0.309994568084534,0.145857125614702,0.105439709753164,1
115,1,61,1e-06,120,2.09578741925289,0.183424108571909,0.70847130360818,1
115,1,41,0.0001,30,0.00176884610442202,0.000783630317371033,1.68021537013102,1
115,1,41,0.0001,60,0.00685931171545048,0.00299119425392198,10.3200544534141,1
115,1,41,0.0001,120,0.0273396796720995,0.0119002369244976,70.0789037415827,1
115,1,61,0.0001,30,0.0353346961929881,0.073390729876651,1.68021537013102,1
115,1,61,0.0001,60,0.287121925456361,0.145857125614702,10.3200544534141,1
115,1,61,0.0001,120,1.9802252494428,0.183424108571909,70.0789037415827,1
115,2,41,1e-08,30,0.0175097539114732,0.0199981306713338,0.000511393838153745,0
115,2,41,1e-08,60,0.0564568616853417,0.0801344465539899,0.00188882742211014,0
115,2,41,1e-08,120,0.0120676528471074,0.0520266429645489,0.00965274561946435,1
115,2,61,1e-08,30,1.50651127030156,0.000452710963875877,0.000511393838153745,0
115,2,61,1e-08,60,4.44923563011181,0.00139228233256817,0.00188882742211014,0
115,2,61,1e-08,120,6.81410752563947,0.125922874921667,0.00965274561946435,0
115,2,41,1e-06,30,0.000482139279975263,0.0199981306713338,0.0175581569974071,1
115,2,41,1e-06,60,0.00187160054358438,0.0801344465539899,0.105439709753164,1
115,2,41,1e-06,120,0.0637295899824032,0.0520266429645489,0.70847130360818,1
115,2,61,1e-06,30,0.293731295371152,0.000452710963875877,0.0175581569974071,0
115,2,61,1e-06,60,1.03718271306692,0.00139228233256817,0.105439709753164,0
115,2,61,1e-06,120,3.13631048565627,0.125922874921667,0.70847130360818,0
115,2,41,0.0001,30,0.000256748192658094,0.0199981306713338,1.68021537013102,1
115,2,41,0.0001,60,0.00104251387897455,0.0801344465539899,10.3200544534141,1
115,2,41,0.0001,120,0.074802597845936,0.0520266429645489,70.0789037415827,1
115,2,61,0.0001,30,0.348544549917494,0.000452710963875877,1.68021537013102,1
115,2,61,0.0001,60,1.21226804268943,0.00139228233256817,10.3200544534141,1
115,2,61,0.0001,120,3.69399128665982,0.125922874921667,70.0789037415827,1
115,3,41,1e-08,30,0.0479135850716893,0.038084190158961,0.000511393838153745,0
115,3,41,1e-08,60,0.18411808104309,0.159912705684218,0.00188882742211014,0
115,3,41,1e-08,120,0.367579876396549,0.320544839123882,0.00965274561946435,0
115,3,61,1e-08,30,0.00828554252834153,0.00208580237480231,0.000511393838153745,0
115,3,61,1e-08,60,0.0334804076972118,0.00617930247295584,0.00188882742211014,0
115,3,61,1e-08,120,6.84320733975802e-06,0.264175497581641,0.00965274561946435,1
115,3,41,1e-06,30,0.0251593511790538,0.038084190158961,0.0175581569974071,1
115,3,41,1e-06,60,0.106546352278479,0.159912705684218,0.105439709753164,1
115,3,41,1e-06,120,0.175399123700036,0.320544839123882,0.70847130360818,1
115,3,61,1e-06,30,5.85225899564953e-05,0.00208580237480231,0.0175581569974071,1
115,3,61,1e-06,60,0.000749508180662534,0.00617930247295584,0.105439709753164,1
115,3,61,1e-06,120,0.091605605127838,0.264175497581641,0.70847130360818,1
115,3,41,0.0001,30,0.0245933109523337,0.038084190158961,1.68021537013102,1
115,3,41,0.0001,60,0.104476580685552,0.159912705684218,10.3200544534141,1
115,3,41,0.0001,120,0.17043491611909,0.320544839123882,70.0789037415827,1
115,3,61,0.0001,30,1.22755501290465e-05,0.00208580237480231,1.68021537013102,1
115,3,61,0.0001,60,0.000389394980443933,0.00617930247295584,10.3200544534141,1
115,3,61,0.0001,120,0.100681589691741,0.264175497581641,70.0789037415827,1
115,4,41,1e-08,30,0.0555986342660707,0.0447598424642294,0.000511393838153745,0
115,4,41,1e-08,60,0.27308851989347,0.252757745127891,0.00188882742211014,0
115,4,41,1e-08,120,0.758229981327164,0.739144639783425,0.00965274561946435,0
115,4,61,1e-08,30,0.0115798686135951,0.0347203127217344,0.000511393838153745,0
115,4,61,1e-08,60,0.0315175745681565,0.137800816867556,0.00188882742211014,0
115,4,61,1e-08,120,0.304295210078896,0.951076912843266,0.00965274561946435,0
115,4,41,1e-06,30,0.0153409743426314,0.0447598424642294,0.0175581569974071,1
115,4,41,1e-06,60,0.106627111052088,0.252757745127891,0.105439709753164,1
115,4,41,1e-06,120,0.25655435172461,0.739144639783425,0.70847130360818,1
115,4,61,1e-06,30,0.000103474252183575,0.0347203127217344,0.0175581569974071,1
115,4,61,1e-06,60,0.000511671748580661,0.137800816867556,0.105439709753164,1
115,4,61,1e-06,120,0.0348708828979553,0.951076912843266,0.70847130360818,1
115,4,41,0.0001,30,0.0142495869399408,0.0447598424642294,1.68021537013102,1
115,4,41,0.0001,60,0.101349720161097,0.252757745127891,10.3200544534141,1
115,4,41,0.0001,120,0.241018124231034,0.739144639783425,70.0789037415827,1
115,4,61,0.0001,30,0.000260197713286594,0.0347203127217344,1.68021537013102,1
115,4,61,0.0001,60,0.00113721011456945,0.137800816867556,10.3200544534141,1
115,4,61,0.0001,120,0.0273396803339338,0.951076912843266,70.0789037415827,1
115,5,41,1e-08,30,0.00870783920930859,0.00378208106233772,0.000511393838153745,0
115,5,41,1e-08,60,0.0276082125660564,0.0144008021157201,0.00188882742211014,0
115,5,41,1e-08,120,0.113726411921697,0.0688570513388745,0.00965274561946435,0
115,5,61,1e-08,30,0.943292208299246,0.331062698959417,0.000511393838153745,0
115,5,61,1e-08,60,7.58616678492559,0.499227714746511,0.00188882742211014,0
115,5,61,1e-08,120,1.82288390736457,0.118317123764903,0.00965274561946435,0
115,5,41,1e-06,30,0.000639311854234895,0.00378208106233772,0.0175581569974071,1
115,5,41,1e-06,60,0.00221745829078976,0.0144008021157201,0.105439709753164,1
115,5,41,1e-06,120,0.0134778056632811,0.0688570513388745,0.70847130360818,1
115,5,61,1e-06,30,6.17240044636444,0.331062698959417,0.0175581569974071,0
115,5,61,1e-06,60,0.737718198120734,0.499227714746511,0.105439709753164,0
115,5,61,1e-06,120,0.00255019205192301,0.118317123764903,0.70847130360818,1
115,5,41,0.0001,30,0.000519989774967442,0.00378208106233772,1.68021537013102,1
115,5,41,0.0001,60,0.00181541299834204,0.0144008021157201,10.3200544534141,1
115,5,41,0.0001,120,0.0115798949828461,0.0688570513388745,70.0789037415827,1
115,5,61,0.0001,30,6.51144089093473,0.331062698959417,1.68021537013102,0
115,5,61,0.0001,60,0.540758255454282,0.499227714746511,10.3200544534141,1
115,5,61,0.0001,120,0.0820738366355284,0.118317123764903,70.0789037415827,1
115,6,41,1e-08,30,2.36825000771927e-05,0.00117345017391511,0.000511393838153745,1
115,6,41,1e-08,60,0.000296732223479288,0.00143566122534499,0.00188882742211014,1
115,6,41,1e-08,120,0.0705021444022771,0.0252659514300043,0.00965274561946435,0
115,6,61,1e-08,30,0.00464728875825173,0.0490337465642444,0.000511393838153745,0
115,6,61,1e-08,60,3.02368674845813,1.32121524645614,0.00188882742211014,0
115,6,61,1e-08,120,1.37380808277287,5.57518910038211,0.00965274561946435,0
115,6,41,1e-06,30,0.00100708780197376,0.00117345017391511,0.0175581569974071,1
115,6,41,1e-06,60,0.00109623347974364,0.00143566122534499,0.105439709753164,1
115,6,41,1e-06,120,0.0283089901465657,0.0252659514300043,0.70847130360818,1
115,6,61,1e-06,30,0.00579193633877343,0.0490337465642444,0.0175581569974071,1
115,6,61,1e-06,60,3.0430771061981,1.32121524645614,0.105439709753164,0
115,6,61,1e-06,120,1.37185743410429,5.57518910038211,0.70847130360818,1
115,6,41,0.0001,30,0.00114993682244461,0.00117345017391511,1.68021537013102,1
115,6,41,0.0001,60,0.00138406730986428,0.00143566122534499,10.3200544534141,1
115,6,41,0.0001,120,0.0257037802017124,0.0252659514300043,70.0789037415827,1
115,6,61,0.0001,30,0.00544895693008663,0.0490337465642444,1.68021537013102,1
115,6,61,0.0001,60,3.02741066204938,1.32121524645614,10.3200544534141,1
115,6,61,0.0001,120,1.39281606412923,5.57518910038211,70.0789037415827,1
115,7,41,1e-08,30,1.10052085100609,2.12242939646712,0.000511393838153745,0
115,7,41,1e-08,60,2.68167775358525,5.19709940895689,0.00188882742211014,0
115,7,41,1e-08,120,1.4781413206849,5.4130033644528,0.00965274561946435,0
115,7,61,1e-08,30,1.57533992865167,0.53113693792008,0.000511393838153745,0
115,7,61,1e-08,60,2.99078279909993,0.518978071315502,0.00188882742211014,0
115,7,61,1e-08,120,1.16651562519791,9.32902594477473,0.00965274561946435,0
115,7,41,1e-06,30,2.23327999869391,2.12242939646712,0.0175581569974071,0
115,7,41,1e-06,60,5.56290980466583,5.19709940895689,0.105439709753164,0
115,7,41,1e-06,120,6.19048155738746,5.4130033644528,0.70847130360818,0
115,7,61,1e-06,30,0.169485013949236,0.53113693792008,0.0175581569974071,0
115,7,61,1e-06,60,0.00617920234488259,0.518978071315502,0.105439709753164,1
115,7,61,1e-06,120,3.75457009625645,9.32902594477473,0.70847130360818,0
115,7,41,0.0001,30,2.41687858758088,2.12242939646712,1.68021537013102,1
115,7,41,0.0001,60,6.12715488886316,5.19709940895689,10.3200544534141,1
115,7,41,0.0001,120,7.38653675435546,5.4130033644528,70.0789037415827,1
115,7,61,0.0001,30,0.131860150982008,0.53113693792008,1.68021537013102,1
115,7,61,0.0001,60,0.000121206963469487,0.518978071315502,10.3200544534141,1
115,7,61,0.0001,120,3.11854225259257,9.32902594477473,70.0789037415827,1
115,8,41,1e-08,30,1.29375702378286,1.4620841767532,0.000511393838153745,0
115,8,41,1e-08,60,8.48066312046699,9.44400981400961,0.00188882742211014,0
115,8,41,1e-08,120,9.38823283439667,8.29306803480188,0.00965274561946435,0
115,8,61,1e-08,30,2.44086922246129,7.05579624210247,0.000511393838153745,0
115,8,61,1e-08,60,0.156465938163921,6.55303695299312,0.00188882742211014,0
115,8,61,1e-08,120,2.98226481516058,6.64701121259981,0.00965274561946435,0
115,8,41,1e-06,30,1.14517290248553,1.4620841767532,0.0175581569974071,0
115,8,41,1e-06,60,7.80947675650752,9.44400981400961,0.105439709753164,0
115,8,41,1e-06,120,8.09854909368049,8.29306803480188,0.70847130360818,0
115,8,61,1e-06,30,5.9199277490009,7.05579624210247,0.0175581569974071,0
115,8,61,1e-06,60,4.50805810609091,6.55303695299312,0.105439709753164,0
115,8,61,1e-06,120,2.93963231981608,6.64701121259981,0.70847130360818,0
115,8,41,0.0001,30,1.13866276591104,1.4620841767532,1.68021537013102,1
115,8,41,0.0001,60,7.77815859905788,9.44400981400961,10.3200544534141,1
115,8,41,0.0001,120,8.03756487830034,8.29306803480188,70.0789037415827,1
115,8,61,0.0001,30,6.32712234851604,7.05579624210247,1.68021537013102,1
115,8,61,0.0001,60,5.19018954318761,6.55303695299312,10.3200544534141,1
115,8,61,0.0001,120,4.05982764048096,6.64701121259981,70.0789037415827,1
115,9,41,1e-08,30,0.938443872476865,0.0270610940836994,0.000511393838153745,0
115,9,41,1e-08,60,6.2724940777074,0.996856999032481,0.00188882742211014,0
115,9,41,1e-08,120,2.94879894921808,2.74312154975157,0.00965274561946435,0
115,9,61,1e-08,30,0.000185279818144003,0.015230844833681,0.000511393838153745,1
115,9,61,1e-08,60,0.171304579571913,0.376352928143761,0.00188882742211014,0
115,9,61,1e-08,120,8.67296735433099,6.58350278328682,0.00965274561946435,0
115,9,41,1e-06,30,0.153667539425653,0.0270610940836994,0.0175581569974071,0
115,9,41,1e-06,60,2.09946930479197,0.996856999032481,0.105439709753164,0
115,9,41,1e-06,120,6.51686517531298,2.74312154975157,0.70847130360818,0
115,9,61,1e-06,30,0.00395830487556071,0.015230844833681,0.0175581569974071,1
115,9,61,1e-06,60,0.242466364617893,0.376352928143761,0.105439709753164,1
115,9,61,1e-06,120,7.88508492935918,6.58350278328682,0.70847130360818,0
115,9,41,0.0001,30,0.131654152712003,0.0270610940836994,1.68021537013102,1
115,9,41,0.0001,60,1.9461888684644,0.996856999032481,10.3200544534141,1
115,9,41,0.0001,120,5.99982078503516,2.74312154975157,70.0789037415827,1
115,9,61,0.0001,30,0.00340966991286742,0.015230844833681,1.68021537013102,1
115,9,61,0.0001,60,0.233707339582247,0.376352928143761,10.3200544534141,1
115,9,61,0.0001,120,7.98583276441892,6.58350278328682,70.0789037415827,1
115,10,41,1e-08,30,0.00161507399585322,0.0848993043289203,0.000511393838153745,1
115,10,41,1e-08,60,0.226600347653057,0.039974514264868,0.00188882742211014,0
115,10,41,1e-08,120,4.87308681808098,0.710222579657502,0.00965274561946435,0
115,10,61,1e-08,30,0.127261299959967,0.0319460299472551,0.000511393838153745,0
115,10,61,1e-08,60,2.54692521262069,7.06978805360233,0.00188882742211014,0
115,10,61,1e-08,120,1.24522004108357,1.00432036779087,0.00965274561946435,0
115,10,41,1e-06,30,0.00945385387580924,0.0848993043289203,0.0175581569974071,1
115,10,41,1e-06,60,0.333791624132748,0.039974514264868,0.105439709753164,1
115,10,41,1e-06,120,5.75321181605555,0.710222579657502,0.70847130360818,0
115,10,61,1e-06,30,0.0147824513707171,0.0319460299472551,0.0175581569974071,1
115,10,61,1e-06,60,4.24808937869607,7.06978805360233,0.105439709753164,0
115,10,61,1e-06,120,0.0363515024261516,1.00432036779087,0.70847130360818,1
115,10,41,0.0001,30,0.0100327800727922,0.0848993043289203,1.68021537013102,1
115,10,41,0.0001,60,0.340059123046004,0.039974514264868,10.3200544534141,1
115,10,41,0.0001,120,5.80287768492244,0.710222579657502,70.0789037415827,1
115,10,61,0.0001,30,0.00906347804778096,0.0319460299472551,1.68021537013102,1
115,10,61,0.0001,60,4.45659266591007,7.06978805360233,10.3200544534141,1
115,10,61,0.0001,120,0.00874175931800367,1.00432036779087,70.0789037415827,1
115,11,41,1e-08,30,3.50268826941552e-05,0.000105602803089273,0.000511393838153745,1
115,11,41,1e-08,60,4.1957290570301e-07,3.68541317296358e-05,0.00188882742211014,1
115,11,41,1e-08,120,0.0629165830836611,0.0591845146325663,0.00965274561946435,0
115,11,61,1e-08,30,0.162326633552396,0.00348169567722972,0.000511393838153745,0
115,11,61,1e-08,60,3.26521916937737,7.33356225343768,0.00188882742211014,0
115,11,61,1e-08,120,0.812215376884596,7.18568343378636,0.00965274561946435,0
115,11,41,1e-06,30,0.000768786600830094,0.000105602803089273,0.0175581569974071,1
115,11,41,1e-06,60,0.00170087147555408,3.68541317296358e-05,0.105439709753164,1
115,11,41,1e-06,120,0.0298140470723637,0.0591845146325663,0.70847130360818,1
115,11,61,1e-06,30,0.0739684362288153,0.00348169567722972,0.0175581569974071,0
115,11,61,1e-06,60,4.18974794393983,7.33356225343768,0.105439709753164,0
115,11,61,1e-06,120,1.8470549880389,7.18568343378636,0.70847130360818,1
115,11,41,0.0001,30,0.00092209122993014,0.000105602803089273,1.68021537013102,1
115,11,41,0.0001,60,0.00213933966773545,3.68541317296358e-05,10.3200544534141,1
115,11,41,0.0001,120,0.026540070314899,0.0591845146325663,70.0789037415827,1
115,11,61,0.0001,30,0.0723476112146139,0.00348169567722972,1.68021537013102,1
115,11,61,0.0001,60,4.21111824412654,7.33356225343768,10.3200544534141,1
115,11,61,0.0001,120,1.87337287882698,7.18568343378636,70.0789037415827,1
115,12,41,1e-08,30,4.70265323761545e-05,0.0009679530995101,0.000511393838153745,1
115,12,41,1e-08,60,0.000240221145281286,0.00881656710021421,0.00188882742211014,1
115,12,41,1e-08,120,0.111522608486376,0.243249656112688,0.00965274561946435,0
115,12,61,1e-08,30,3.51052152556184e-05,0.0010080723944031,0.000511393838153745,1
115,12,61,1e-08,60,0.000279806608155258,0.00282602213616059,0.00188882742211014,1
115,12,61,1e-08,120,0.281583078929773,0.157078239216545,0.00965274561946435,0
115,12,41,1e-06,30,0.000446418326654324,0.0009679530995101,0.0175581569974071,1
115,12,41,1e-06,60,0.000115490759124272,0.00881656710021421,0.105439709753164,1
115,12,41,1e-06,120,0.0805168219416827,0.243249656112688,0.70847130360818,1
115,12,61,1e-06,30,0.000317207543004332,0.0010080723944031,0.0175581569974071,1
115,12,61,1e-06,60,0.000649889357539683,0.00282602213616059,0.105439709753164,1
115,12,61,1e-06,120,0.203810308536169,0.157078239216545,0.70847130360818,1
115,12,41,0.0001,30,0.0005196984857131,0.0009679530995101,1.68021537013102,1
115,12,41,0.0001,60,0.00019384743245756,0.00881656710021421,10.3200544534141,1
115,12,41,0.0001,120,0.0770410437806647,0.243249656112688,70.0789037415827,1
115,12,61,0.0001,30,0.000386263827708141,0.0010080723944031,1.68021537013102,1
115,12,61,0.0001,60,0.000839233774988856,0.00282602213616059,10.3200544534141,1
115,12,61,0.0001,120,0.197767239521438,0.157078239216545,70.0789037415827,1
115,13,41,1e-08,30,0.0583059121379668,0.0107786216266857,0.000511393838153745,0
115,13,41,1e-08,60,0.333701336806258,0.00615937887918265,0.00188882742211014,0
115,13,41,1e-08,120,1.76970499656833,0.00274821755570909,0.00965274561946435,0
115,13,61,1e-08,30,0.0879810873779202,0.0210009073748913,0.000511393838153745,0
115,13,61,1e-08,60,0.330360650393429,0.0790907231939561,0.00188882742211014,0
115,13,61,1e-08,120,0.237213863532287,0.00813129298563955,0.00965274561946435,0
115,13,41,1e-06,30,0.00950380024716477,0.0107786216266857,0.0175581569974071,1
115,13,41,1e-06,60,0.104456846253925,0.00615937887918265,0.105439709753164,1
115,13,41,1e-06,120,0.730763313730504,0.00274821755570909,0.70847130360818,1
115,13,61,1e-06,30,0.0255413481469782,0.0210009073748913,0.0175581569974071,1
115,13,61,1e-06,60,0.0958617476366792,0.0790907231939561,0.105439709753164,1
115,13,61,1e-06,120,0.0012123515862898,0.00813129298563955,0.70847130360818,1
115,13,41,0.0001,30,0.00863290225551269,0.0107786216266857,1.68021537013102,1
115,13,41,0.0001,60,0.0992097489423064,0.00615937887918265,10.3200544534141,1
115,13,41,0.0001,120,0.704472905679162,0.00274821755570909,70.0789037415827,1
115,13,61,0.0001,30,0.0218052201549337,0.0210009073748913,1.68021537013102,1
115,13,61,0.0001,60,0.0822046271293257,0.0790907231939561,10.3200544534141,1
115,13,61,0.0001,120,0.00627634861321945,0.00813129298563955,70.0789037415827,1
115,14,41,1e-08,30,0.0942629090980452,0.00188668977443149,0.000511393838153745,0
115,14,41,1e-08,60,0.45154541632091,0.000430823765425727,0.00188882742211014,0
115,14,41,1e-08,120,2.04886874407509,0.0319191810462821,0.00965274561946435,0
115,14,61,1e-08,30,0.00736776638358427,0.973358566337933,0.000511393838153745,0
115,14,61,1e-08,60,6.99457747483681e-05,4.24475939543543,0.00188882742211014,1
115,14,61,1e-08,120,7.21203604544595,0.170769024772206,0.00965274561946435,0
115,14,41,1e-06,30,0.0132645611109036,0.00188668977443149,0.0175581569974071,1
115,14,41,1e-06,60,0.113469257123237,0.000430823765425727,0.105439709753164,1
115,14,41,1e-06,120,0.655663679195611,0.0319191810462821,0.70847130360818,1
115,14,61,1e-06,30,0.69897563053149,0.973358566337933,0.0175581569974071,0
115,14,61,1e-06,60,3.12747715482134,4.24475939543543,0.105439709753164,0
115,14,61,1e-06,120,0.0259584371466407,0.170769024772206,0.70847130360818,1
115,14,41,0.0001,30,0.0124078856077706,0.00188668977443149,1.68021537013102,1
115,14,41,0.0001,60,0.109163184104823,0.000430823765425727,10.3200544534141,1
115,14,41,0.0001,120,0.636696469944087,0.0319191810462821,70.0789037415827,1
115,14,61,0.0001,30,0.837915220614972,0.973358566337933,1.68021537013102,1
115,14,61,0.0001,60,3.67855852977909,4.24475939543543,10.3200544534141,1
115,14,61,0.0001,120,0.016561902308666,0.170769024772206,70.0789037415827,1
115,15,41,1e-08,30,0.0127287001711665,0.0207042516491991,0.000511393838153745,0
115,15,41,1e-08,60,0.0615919009578565,0.110044089460916,0.00188882742211014,0
115,15,41,1e-08,120,0.259831223841662,0.487560628071303,0.00965274561946435,0
115,15,61,1e-08,30,6.73424614342254e-05,0.00534131963935568,0.000511393838153745,1
115,15,61,1e-08,60,0.00699907664791348,0.015515669463606,0.00188882742211014,1
115,15,61,1e-08,120,0.123216801530147,0.012335105424327,0.00965274561946435,0
115,15,41,1e-06,30,0.0036637477356357,0.0207042516491991,0.0175581569974071,1
115,15,41,1e-06,60,0.0271642070299401,0.110044089460916,0.105439709753164,1
115,15,41,1e-06,120,0.132668786621255,0.487560628071303,0.70847130360818,1
115,15,61,1e-06,30,0.0083368566959099,0.00534131963935568,0.0175581569974071,1
115,15,61,1e-06,60,0.0418348224862206,0.015515669463606,0.105439709753164,1
115,15,61,1e-06,120,0.299698926251478,0.012335105424327,0.70847130360818,1
115,15,41,0.0001,30,0.0037772626654173,0.0207042516491991,1.68021537013102,1
115,15,41,0.0001,60,0.027844487136607,0.110044089460916,10.3200544534141,1
115,15,41,0.0001,120,0.135813760190566,0.487560628071303,70.0789037415827,1
115,15,61,0.0001,30,0.00883978069865012,0.00534131963935568,1.68021537013102,1
115,15,61,0.0001,60,0.0439533760244435,0.015515669463606,10.3200544534141,1
115,15,61,0.0001,120,0.310655903714311,0.012335105424327,70.0789037415827,1
115,16,41,1e-08,30,0.000716138655061028,0.00418251803191485,0.000511393838153745,1
115,16,41,1e-08,60,0.00398051673851504,0.0218318032838717,0.00188882742211014,1
115,16,41,1e-08,120,0.0062307774800148,0.0661033364763472,0.00965274561946435,1
115,16,61,1e-08,30,9.56605267434815e-06,0.000260709897424029,0.000511393838153745,1
115,16,61,1e-08,60,0.00152386095727335,0.00776486070904899,0.00188882742211014,1
115,16,61,1e-08,120,0.0306822654541607,0.0806162795514948,0.00965274561946435,1
115,16,41,1e-06,30,0.000570286688614539,0.00418251803191485,0.0175581569974071,1
115,16,41,1e-06,60,0.000887422623912568,0.0218318032838717,0.105439709753164,1
115,16,41,1e-06,120,0.00968743491402864,0.0661033364763472,0.70847130360818,1
115,16,61,1e-06,30,0.00219578400385518,0.000260709897424029,0.0175581569974071,1
115,16,61,1e-06,60,0.00146115580563377,0.00776486070904899,0.105439709753164,1
115,16,61,1e-06,120,0.000955485612312038,0.0806162795514948,0.70847130360818,1
115,16,41,0.0001,30,0.000741782026955027,0.00418251803191485,1.68021537013102,1
115,16,41,0.0001,60,0.00130067928579016,0.0218318032838717,10.3200544534141,1
115,16,41,0.0001,120,0.0122192341044374,0.0661033364763472,70.0789037415827,1
115,16,61,0.0001,30,0.00240057391608492,0.000260709897424029,1.68021537013102,1
115,16,61,0.0001,60,0.0017782561802308,0.00776486070904899,10.3200544534141,1
115,16,61,0.0001,120,0.000545265751786531,0.0806162795514948,70.0789037415827,1
115,17,41,1e-08,30,0.0134428315399491,0.430763940015228,0.000511393838153745,0
115,17,41,1e-08,60,0.416130281333823,0.941043479647502,0.00188882742211014,0
115,17,41,1e-08,120,5.25360459359699,1.01778590159848,0.00965274561946435,0
115,17,61,1e-08,30,8.21647431905188,7.09433135391763,0.000511393838153745,0
115,17,61,1e-08,60,2.84655993034621,8.91051760536337,0.00188882742211014,0
115,17,61,1e-08,120,4.64520352301614,1.37160468340308,0.00965274561946435,0
115,17,41,1e-06,30,0.0989150469524572,0.430763940015228,0.0175581569974071,0
115,17,41,1e-06,60,0.946345467004938,0.941043479647502,0.105439709753164,0
115,17,41,1e-06,120,8.28351342796849,1.01778590159848,0.70847130360818,0
115,17,61,1e-06,30,7.56373193489576,7.09433135391763,0.0175581569974071,0
115,17,61,1e-06,60,2.43254317519008,8.91051760536337,0.105439709753164,0
115,17,61,1e-06,120,5.31479745046469,1.37160468340308,0.70847130360818,0
115,17,41,0.0001,30,0.10192053217447,0.430763940015228,1.68021537013102,1
115,17,41,0.0001,60,0.962538481740213,0.941043479647502,10.3200544534141,1
115,17,41,0.0001,120,8.37226925749776,1.01778590159848,70.0789037415827,1
115,17,61,0.0001,30,7.64178231832254,7.09433135391763,1.68021537013102,0
115,17,61,0.0001,60,2.52035785573799,8.91051760536337,10.3200544534141,1
115,17,61,0.0001,120,5.06243015335518,1.37160468340308,70.0789037415827,1
115,18,41,1e-08,30,0.00630782000948545,0.00946949415888876,0.000511393838153745,0
115,18,41,1e-08,60,0.0178902013552991,0.0556621162882987,0.00188882742211014,0
115,18,41,1e-08,120,0.0482856437225368,0.240573276433512,0.00965274561946435,0
115,18,61,1e-08,30,0.109631475972581,3.29899305556374,0.000511393838153745,0
115,18,61,1e-08,60,0.341803829550628,4.03677214250364,0.00188882742211014,0
115,18,61,1e-08,120,0.216307636732433,1.01419783375627,0.00965274561946435,0
115,18,41,1e-06,30,0.00886785110741511,0.00946949415888876,0.0175581569974071,1
115,18,41,1e-06,60,0.0530606532504501,0.0556621162882987,0.105439709753164,1
115,18,41,1e-06,120,0.230427986951649,0.240573276433512,0.70847130360818,1
115,18,61,1e-06,30,1.64708010019433,3.29899305556374,0.0175581569974071,0
115,18,61,1e-06,60,0.860163363541279,4.03677214250364,0.105439709753164,0
115,18,61,1e-06,120,9.59016330702757,1.01419783375627,0.70847130360818,0
115,18,41,0.0001,30,0.0141261427361396,0.00946949415888876,1.68021537013102,1
115,18,41,0.0001,60,0.0778540626414463,0.0556621162882987,10.3200544534141,1
115,18,41,0.0001,120,0.332564516131111,0.240573276433512,70.0789037415827,1
115,18,61,0.0001,30,1.33792047998344,3.29899305556374,1.68021537013102,1
115,18,61,0.0001,60,0.475750236235466,4.03677214250364,10.3200544534141,1
115,18,61,0.0001,120,6.95424751062732,1.01419783375627,70.0789037415827,1
115,19,41,1e-08,30,7.25728463773848,7.55467430137101,0.000511393838153745,0
115,19,41,1e-08,60,6.42255404591535,6.9903158224325,0.00188882742211014,0
115,19,41,1e-08,120,4.31781668633373,5.27890046913562,0.00965274561946435,0
115,19,61,1e-08,30,0.501001571168057,0.0161243286908447,0.000511393838153745,0
115,19,61,1e-08,60,1.84167649388614,0.0131251098733803,0.00188882742211014,0
115,19,61,1e-08,120,4.10807071771405,2.28310323607939,0.00965274561946435,0
115,19,41,1e-06,30,7.45589470580663,7.55467430137101,0.0175581569974071,0
115,19,41,1e-06,60,6.80141039328076,6.9903158224325,0.105439709753164,0
115,19,41,1e-06,120,4.9538963355501,5.27890046913562,0.70847130360818,0
115,19,61,1e-06,30,0.000215284816776954,0.0161243286908447,0.0175581569974071,1
115,19,61,1e-06,60,0.0275609534846019,0.0131251098733803,0.105439709753164,1
115,19,61,1e-06,120,4.28252026931445,2.28310323607939,0.70847130360818,0
115,19,41,0.0001,30,7.46999542986048,7.55467430137101,1.68021537013102,0
115,19,41,0.0001,60,6.82790862654404,6.9903158224325,10.3200544534141,1
115,19,41,0.0001,120,4.99879897136894,5.27890046913562,70.0789037415827,1
115,19,61,0.0001,30,0.000715937453752719,0.0161243286908447,1.68021537013102,1
115,19,61,0.0001,60,0.0372059590814277,0.0131251098733803,10.3200544534141,1
115,19,61,0.0001,120,4.51935257433817,2.28310323607939,70.0789037415827,1
115,20,41,1e-08,30,0.000625077260516849,0.00219176242544906,0.000511393838153745,1
115,20,41,1e-08,60,0.000561145647131607,0.00467193889374486,0.00188882742211014,1
115,20,41,1e-08,120,3.54360803944586e-05,0.00712453392790192,0.00965274561946435,1
115,20,61,1e-08,30,1.19846914966777,0.00255469648035625,0.000511393838153745,0
115,20,61,1e-08,60,3.82068230791993,0.00610882481390067,0.00188882742211014,0
115,20,61,1e-08,120,6.95572520754104,0.0109675195168813,0.00965274561946435,0
115,20,41,1e-06,30,0.00162006730605595,0.00219176242544906,0.0175581569974071,1
115,20,41,1e-06,60,0.00307206123009121,0.00467193889374486,0.105439709753164,1
115,20,41,1e-06,120,0.00345310725471241,0.00712453392790192,0.70847130360818,1
115,20,61,1e-06,30,0.51321731175737,0.00255469648035625,0.0175581569974071,0
115,20,61,1e-06,60,2.03625845504978,0.00610882481390067,0.105439709753164,0
115,20,61,1e-06,120,7.94946254934245,0.0109675195168813,0.70847130360818,0
115,20,41,0.0001,30,0.00180588197476901,0.00219176242544906,1.68021537013102,1
115,20,41,0.0001,60,0.00356560694393069,0.00467193889374486,10.3200544534141,1
115,20,41,0.0001,120,0.00450663831231899,0.00712453392790192,70.0789037415827,1
115,20,61,0.0001,30,0.618247464741204,0.00255469648035625,1.68021537013102,1
115,20,61,0.0001,60,2.40194007122745,0.00610882481390067,10.3200544534141,1
115,20,61,0.0001,120,9.29165032818677,0.0109675195168813,70.0789037415827,1
116,1,41,1e-08,30,0.000293210569639086,0.0776070336768272,0.000511393838153745,1
116,1,41,1e-08,60,0.0271027199407218,0.13979819476543,0.00188882742211014,0
116,1,41,1e-08,120,5.12201633841187,1.37013155542491,0.00965274561946435,0
116,1,61,1e-08,30,2.97238444289771,4.92743277480238,0.000511393838153745,0
116,1,61,1e-08,60,1.72434857823898,6.00890823170338,0.00188882742211014,0
116,1,61,1e-08,120,7.72875293444033,1.1665651847539,0.00965274561946435,0
116,1,41,1e-06,30,0.000107905760470559,0.0776070336768272,0.0175581569974071,1
116,1,41,1e-06,60,0.04164851841051,0.13979819476543,0.105439709753164,1
116,1,41,1e-06,120,5.41268056374235,1.37013155542491,0.70847130360818,0
116,1,61,1e-06,30,1.23193126167531,4.92743277480238,0.0175581569974071,0
116,1,61,1e-06,60,0.0515505478225417,6.00890823170338,0.105439709753164,1
116,1,61,1e-06,120,0.562567741755553,1.1665651847539,0.70847130360818,1
116,1,41,0.0001,30,8.25966909867462e-05,0.0776070336768272,1.68021537013102,1
116,1,41,0.0001,60,0.040578703103589,0.13979819476543,10.3200544534141,1
116,1,41,0.0001,120,5.38797619079141,1.37013155542491,70.0789037415827,1
116,1,61,0.0001,30,1.17310501510126,4.92743277480238,1.68021537013102,1
116,1,61,0.0001,60,0.0316467219424125,6.00890823170338,10.3200544534141,1
116,1,61,0.0001,120,0.430647108253823,1.1665651847539,70.0789037415827,1
116,2,41,1e-08,30,0.00296379644913658,0.0624747960528964,0.000511393838153745,0
116,2,41,1e-08,60,0.00154080136498425,0.198614408623932,0.00188882742211014,1
116,2,41,1e-08,120,7.23455978331971,3.46520155426088,0.00965274561946435,0
116,2,61,1e-08,30,0.0962486517739208,0.144058495252871,0.000511393838153745,0
116,2,61,1e-08,60,0.477891767943939,0.716692729255725,0.00188882742211014,0
116,2,61,1e-08,120,8.24500626342516,6.47292117230538,0.00965274561946435,0
116,2,41,1e-06,30,8.39365832691337e-05,0.0624747960528964,0.0175581569974071,1
116,2,41,1e-06,60,0.00131042095856894,0.198614408623932,0.105439709753164,1
116,2,41,1e-06,120,7.9835287916122,3.46520155426088,0.70847130360818,0
116,2,61,1e-06,30,0.0452128586026676,0.144058495252871,0.0175581569974071,1
116,2,61,1e-06,60,0.261876982479374,0.716692729255725,0.105439709753164,1
116,2,61,1e-06,120,9.41454143207977,6.47292117230538,0.70847130360818,0
116,2,41,0.0001,30,6.06265772991748e-05,0.0624747960528964,1.68021537013102,1
116,2,41,0.0001,60,0.00149519485928145,0.198614408623932,10.3200544534141,1
116,2,41,0.0001,120,8.00984620126452,3.46520155426088,70.0789037415827,1
116,2,61,0.0001,30,0.0412347539639355,0.144058495252871,1.68021537013102,1
116,2,61,0.0001,60,0.243633049552047,0.716692729255725,10.3200544534141,1
116,2,61,0.0001,120,9.19915192857778,6.47292117230538,70.0789037415827,1
116,3,41,1e-08,30,0.0297781405651786,0.0360091381431977,0.000511393838153745,0
116,3,41,1e-08,60,0.0774256127734859,0.104138556513421,0.00188882742211014,0
116,3,41,1e-08,120,2.3871738906098,2.09118018752609,0.00965274561946435,0
116,3,61,1e-08,30,4.63436440692499e-05,0.0384628091958604,0.000511393838153745,1
116,3,61,1e-08,60,0.00630451565373488,0.254183509213009,0.00188882742211014,1
116,3,61,1e-08,120,6.99966267606961,7.66767230223094,0.00965274561946435,0
116,3,41,1e-06,30,0.0137708190746902,0.0360091381431977,0.0175581569974071,1
116,3,41,1e-06,60,0.0314602020256957,0.104138556513421,0.105439709753164,1
116,3,41,1e-06,120,3.01811608674527,2.09118018752609,0.70847130360818,0
116,3,61,1e-06,30,0.0136454702538263,0.0384628091958604,0.0175581569974071,1
116,3,61,1e-06,60,0.0148402136771293,0.254183509213009,0.105439709753164,1
116,3,61,1e-06,120,5.11680594182459,7.66767230223094,0.70847130360818,0
116,3,41,0.0001,30,0.0128189393880591,0.0360091381431977,1.68021537013102,1
116,3,41,0.0001,60,0.0287708007193029,0.104138556513421,10.3200544534141,1
116,3,41,0.0001,120,3.07044256292394,2.09118018752609,70.0789037415827,1
116,3,61,0.0001,30,0.0178569332401894,0.0384628091958604,1.68021537013102,1
116,3,61,0.0001,60,0.0241296934243191,0.254183509213009,10.3200544534141,1
116,3,61,0.0001,120,4.81853864697473,7.66767230223094,70.0789037415827,1
116,4,41,1e-08,30,0.00133703749347393,2.23833010679224e-05,0.000511393838153745,1
116,4,41,1e-08,60,0.0554533740109723,0.0264341601120957,0.00188882742211014,0
116,4,41,1e-08,120,1.8464378717336,1.49507247283054,0.00965274561946435,0
116,4,61,1e-08,30,0.116841427994797,0.00372043378696989,0.000511393838153745,0
116,4,61,1e-08,60,0.508829267817928,0.0358222387876092,0.00188882742211014,0
116,4,61,1e-08,120,1.62705942804451,0.0702504504320872,0.00965274561946435,0
116,4,41,1e-06,30,4.77456071292563e-06,2.23833010679224e-05,0.0175581569974071,1
116,4,41,1e-06,60,0.0310366025835799,0.0264341601120957,0.105439709753164,1
116,4,41,1e-06,120,1.5616448491767,1.49507247283054,0.70847130360818,1
116,4,61,1e-06,30,0.0400319464552157,0.00372043378696989,0.0175581569974071,1
116,4,61,1e-06,60,0.217649545158855,0.0358222387876092,0.105439709753164,1
116,4,61,1e-06,120,0.670210550851652,0.0702504504320872,0.70847130360818,1
116,4,41,0.0001,30,6.89370658436319e-07,2.23833010679224e-05,1.68021537013102,1
116,4,41,0.0001,60,0.0301737958084977,0.0264341601120957,10.3200544534141,1
116,4,41,0.0001,120,1.54994884971154,1.49507247283054,70.0789037415827,1
116,4,61,0.0001,30,0.0382364378422687,0.00372043378696989,1.68021537013102,1
116,4,61,0.0001,60,0.210085063124601,0.0358222387876092,10.3200544534141,1
116,4,61,0.0001,120,0.645136890649021,0.0702504504320872,70.0789037415827,1
116,5,41,1e-08,30,0.0157686725604604,0.00531092330647152,0.000511393838153745,0
116,5,41,1e-08,60,0.0456865126323064,0.0127667139494412,0.00188882742211014,0
116,5,41,1e-08,120,0.533715139574602,0.28482526697061,0.00965274561946435,0
116,5,61,1e-08,30,0.0148237563932443,0.0250118341073174,0.000511393838153745,0
116,5,61,1e-08,60,0.00173777374111509,0.0040272401026686,0.00188882742211014,1
116,5,61,1e-08,120,0.0336119076315916,0.00351756347450174,0.00965274561946435,1
116,5,41,1e-06,30,0.00836661679143537,0.00531092330647152,0.0175581569974071,1
116,5,41,1e-06,60,0.0224737005499696,0.0127667139494412,0.105439709753164,1
116,5,41,1e-06,120,0.368778371063356,0.28482526697061,0.70847130360818,1
116,5,61,1e-06,30,7.58431762417306e-05,0.0250118341073174,0.0175581569974071,1
116,5,61,1e-06,60,0.0736109057464543,0.0040272401026686,0.105439709753164,1
116,5,61,1e-06,120,0.373678230654922,0.00351756347450174,0.70847130360818,1
116,5,41,0.0001,30,0.00803375645638293,0.00531092330647152,1.68021537013102,1
116,5,41,0.0001,60,0.0214614852342814,0.0127667139494412,10.3200544534141,1
116,5,41,0.0001,120,0.360843452539133,0.28482526697061,70.0789037415827,1
116,5,61,0.0001,30,0.000237183381629856,0.0250118341073174,1.68021537013102,1
116,5,61,0.0001,60,0.0804599517284201,0.0040272401026686,10.3200544534141,1
116,5,61,0.0001,120,0.403139091072339,0.00351756347450174,70.0789037415827,1
116,6,41,1e-08,30,0.56159231108715,0.804140945492419,0.000511393838153745,0
116,6,41,1e-08,60,2.8296329105239,4.01686959761504,0.00188882742211014,0
116,6,41,1e-08,120,0.0254059158128128,0.690375750939388,0.00965274561946435,1
116,6,61,1e-08,30,0.0041507078546865,0.00259146664671822,0.000511393838153745,0
116,6,61,1e-08,60,0.000129614415942405,0.000408086706253333,0.00188882742211014,1
116,6,61,1e-08,120,0.00413923162019856,0.00406364885228189,0.00965274561946435,1
116,6,41,1e-06,30,0.480679366629353,0.804140945492419,0.0175581569974071,0
116,6,41,1e-06,60,2.55029191950971,4.01686959761504,0.105439709753164,0
116,6,41,1e-06,120,0.000255901377596572,0.690375750939388,0.70847130360818,1
116,6,61,1e-06,30,7.00207622891989e-05,0.00259146664671822,0.0175581569974071,1
116,6,61,1e-06,60,0.0194065213322753,0.000408086706253333,0.105439709753164,1
116,6,61,1e-06,120,0.0915162803798423,0.00406364885228189,0.70847130360818,1
116,6,41,0.0001,30,0.479748939168703,0.804140945492419,1.68021537013102,1
116,6,41,0.0001,60,2.54724535047493,4.01686959761504,10.3200544534141,1
116,6,41,0.0001,120,0.000209587297638484,0.690375750939388,70.0789037415827,1
116,6,61,0.0001,30,0.00014087618808773,0.00259146664671822,1.68021537013102,1
116,6,61,0.0001,60,0.0212454426668143,0.000408086706253333,10.3200544534141,1
116,6,61,0.0001,120,0.0991409931244107,0.00406364885228189,70.0789037415827,1
116,7,41,1e-08,30,0.739540616781472,0.0881515363935438,0.000511393838153745,0
116,7,41,1e-08,60,5.46533601469818,0.100220377985475,0.00188882742211014,0
116,7,41,1e-08,120,6.3895297457961,9.7447371269287,0.00965274561946435,0
116,7,61,1e-08,30,0.028939407554922,0.0102056602625408,0.000511393838153745,0
116,7,61,1e-08,60,0.10772506255383,0.0389680753728672,0.00188882742211014,0
116,7,61,1e-08,120,0.242665882989557,0.0568164370935427,0.00965274561946435,0
116,7,41,1e-06,30,5.46375437963175,0.0881515363935438,0.0175581569974071,0
116,7,41,1e-06,60,1.74251314199736,0.100220377985475,0.105439709753164,0
116,7,41,1e-06,120,1.35855912555636,9.7447371269287,0.70847130360818,1
116,7,61,1e-06,30,0.0143734245937778,0.0102056602625408,0.0175581569974071,1
116,7,61,1e-06,60,0.0551127146487716,0.0389680753728672,0.105439709753164,1
116,7,61,1e-06,120,0.0977829239344034,0.0568164370935427,0.70847130360818,1
116,7,41,0.0001,30,5.78600806864016,0.0881515363935438,1.68021537013102,1
116,7,41,0.0001,60,1.428061917215,0.100220377985475,10.3200544534141,1
116,7,41,0.0001,120,1.97336530271252,9.7447371269287,70.0789037415827,1
116,7,61,0.0001,30,0.0137970736317213,0.0102056602625408,1.68021537013102,1
116,7,61,0.0001,60,0.0530266511859422,0.0389680753728672,10.3200544534141,1
116,7,61,0.0001,120,0.0924778623379918,0.0568164370935427,70.0789037415827,1
116,8,41,1e-08,30,0.895195269229747,0.0111724603495187,0.000511393838153745,0
116,8,41,1e-08,60,4.02712013753652,0.00267688010535678,0.00188882742211014,0
116,8,41,1e-08,120,1.46661996298628,8.18409482359403,0.00965274561946435,0
116,8,61,1e-08,30,0.0282727173084139,0.000172630877217248,0.000511393838153745,0
116,8,61,1e-08,60,0.112490571505711,0.00253843334649148,0.00188882742211014,0
116,8,61,1e-08,120,2.68873651472584,1.19838767512199,0.00965274561946435,0
116,8,41,1e-06,30,0.0602720800346689,0.0111724603495187,0.0175581569974071,1
116,8,41,1e-06,60,0.413233827416577,0.00267688010535678,0.105439709753164,0
116,8,41,1e-06,120,2.18885862444765,8.18409482359403,0.70847130360818,1
116,8,61,1e-06,30,0.00236097849191097,0.000172630877217248,0.0175581569974071,1
116,8,61,1e-06,60,0.0145329218860625,0.00253843334649148,0.105439709753164,1
116,8,61,1e-06,120,1.52353613915394,1.19838767512199,0.70847130360818,1
116,8,41,0.0001,30,0.0308971751718353,0.0111724603495187,1.68021537013102,1
116,8,41,0.0001,60,0.261251985335812,0.00267688010535678,10.3200544534141,1
116,8,41,0.0001,120,3.01070073316864,8.18409482359403,70.0789037415827,1
116,8,61,0.0001,30,0.0020902940869693,0.000172630877217248,1.68021537013102,1
116,8,61,0.0001,60,0.0133488307433024,0.00253843334649148,10.3200544534141,1
116,8,61,0.0001,120,1.50064976647422,1.19838767512199,70.0789037415827,1
116,9,41,1e-08,30,0.00062723902051214,0.0468956417134116,0.000511393838153745,1
116,9,41,1e-08,60,0.00732570099240568,0.207682904804501,0.00188882742211014,0
116,9,41,1e-08,120,0.00363414156121407,0.620410733968363,0.00965274561946435,1
116,9,61,1e-08,30,0.000423953099575632,0.000745032832630563,0.000511393838153745,1
116,9,61,1e-08,60,0.208564302601247,0.227541647812262,0.00188882742211014,0
116,9,61,1e-08,120,0.0624004377184035,0.0884259469257135,0.00965274561946435,0
116,9,41,1e-06,30,0.00241287198957442,0.0468956417134116,0.0175581569974071,1
116,9,41,1e-06,60,0.0146158478439359,0.207682904804501,0.105439709753164,1
116,9,41,1e-06,120,0.0139354415205895,0.620410733968363,0.70847130360818,1
116,9,61,1e-06,30,8.10034188647852e-05,0.000745032832630563,0.0175581569974071,1
116,9,61,1e-06,60,0.193927578709552,0.227541647812262,0.105439709753164,1
116,9,61,1e-06,120,0.0501902055861551,0.0884259469257135,0.70847130360818,1
116,9,41,0.0001,30,0.00238074688006275,0.0468956417134116,1.68021537013102,1
116,9,41,0.0001,60,0.0144481678356114,0.207682904804501,10.3200544534141,1
116,9,41,0.0001,120,0.0135998034080787,0.620410733968363,70.0789037415827,1
116,9,61,0.0001,30,7.52800755716301e-05,0.000745032832630563,1.68021537013102,1
116,9,61,0.0001,60,0.193401990536761,0.227541647812262,10.3200544534141,1
116,9,61,0.0001,120,0.0496789667910547,0.0884259469257135,70.0789037415827,1
116,10,41,1e-08,30,0.0452847731026171,0.000387113519716529,0.000511393838153745,0
116,10,41,1e-08,60,0.159205142833951,9.2513541798698e-06,0.00188882742211014,0
116,10,41,1e-08,120,0.223135217476091,0.0722608021391434,0.00965274561946435,0
116,10,61,1e-08,30,0.911561004134384,1.31572400585604,0.000511393838153745,0
116,10,61,1e-08,60,2.80895438879525,4.57553810052817,0.00188882742211014,0
116,10,61,1e-08,120,9.76787448087075,4.49768446978433,0.00965274561946435,0
116,10,41,1e-06,30,0.00419968033489617,0.000387113519716529,0.0175581569974071,1
116,10,41,1e-06,60,0.00906286347700618,9.2513541798698e-06,0.105439709753164,1
116,10,41,1e-06,120,0.207049225831712,0.0722608021391434,0.70847130360818,1
116,10,61,1e-06,30,0.364863892037166,1.31572400585604,0.0175581569974071,0
116,10,61,1e-06,60,1.10321855160594,4.57553810052817,0.105439709753164,0
116,10,61,1e-06,120,3.92953659260059,4.49768446978433,0.70847130360818,0
116,10,41,0.0001,30,0.00557128230098877,0.000387113519716529,1.68021537013102,1
116,10,41,0.0001,60,0.0127673700660658,9.2513541798698e-06,10.3200544534141,1
116,10,41,0.0001,120,0.23886248759822,0.0722608021391434,70.0789037415827,1
116,10,61,0.0001,30,0.345103875138038,1.31572400585604,1.68021537013102,1
116,10,61,0.0001,60,1.04005982135439,4.57553810052817,10.3200544534141,1
116,10,61,0.0001,120,3.70157467493592,4.49768446978433,70.0789037415827,1
116,11,41,1e-08,30,0.00348613584363053,5.20303252108865e-06,0.000511393838153745,0
116,11,41,1e-08,60,0.0338528226317392,0.00603884111060049,0.00188882742211014,0
116,11,41,1e-08,120,0.0540024606573006,0.000732521008871192,0.00965274561946435,0
116,11,61,1e-08,30,0.328189414411014,0.0487383227928122,0.000511393838153745,0
116,11,61,1e-08,60,2.11296562495362,0.0560670165845495,0.00188882742211014,0
116,11,61,1e-08,120,0.125707811486874,5.97683455828478,0.00965274561946435,0
116,11,41,1e-06,30,0.0011352042677623,5.20303252108865e-06,0.0175581569974071,1
116,11,41,1e-06,60,0.0197044733621127,0.00603884111060049,0.105439709753164,1
116,11,41,1e-06,120,0.0231738204075922,0.000732521008871192,0.70847130360818,1
116,11,61,1e-06,30,0.816492776887081,0.0487383227928122,0.0175581569974071,0
116,11,61,1e-06,60,4.05531675543691,0.0560670165845495,0.105439709753164,0
116,11,61,1e-06,120,0.441607621543498,5.97683455828478,0.70847130360818,1
116,11,41,0.0001,30,0.00111686751328484,5.20303252108865e-06,1.68021537013102,1
116,11,41,0.0001,60,0.01959594692904,0.00603884111060049,10.3200544534141,1
116,11,41,0.0001,120,0.0229870023182507,0.000732521008871192,70.0789037415827,1
116,11,61,0.0001,30,0.824100087476441,0.0487383227928122,1.68021537013102,1
116,11,61,0.0001,60,4.08188561300321,0.0560670165845495,10.3200544534141,1
116,11,61,0.0001,120,0.456833013387069,5.97683455828478,70.0789037415827,1
116,12,41,1e-08,30,0.0551907655344551,0.0052640735033744,0.000511393838153745,0
116,12,41,1e-08,60,0.241480138294974,0.0364905708659122,0.00188882742211014,0
116,12,41,1e-08,120,1.08945031620682,0.218434805951177,0.00965274561946435,0
116,12,61,1e-08,30,0.149939624897142,0.0369936963768086,0.000511393838153745,0
116,12,61,1e-08,60,5.77871201728614,3.9974854110805,0.00188882742211014,0
116,12,61,1e-08,120,7.66185463472706,7.24349327616831,0.00965274561946435,0
116,12,41,1e-06,30,0.000294387173792702,0.0052640735033744,0.0175581569974071,1
116,12,41,1e-06,60,0.00609156998477694,0.0364905708659122,0.105439709753164,1
116,12,41,1e-06,120,0.0572323845418095,0.218434805951177,0.70847130360818,1
116,12,61,1e-06,30,0.153362849338742,0.0369936963768086,0.0175581569974071,0
116,12,61,1e-06,60,5.75296771200319,3.9974854110805,0.105439709753164,0
116,12,61,1e-06,120,7.8001686408147,7.24349327616831,0.70847130360818,0
116,12,41,0.0001,30,2.88182236137502e-06,0.0052640735033744,1.68021537013102,1
116,12,41,0.0001,60,0.00180611303694444,0.0364905708659122,10.3200544534141,1
116,12,41,0.0001,120,0.0289997599106479,0.218434805951177,70.0789037415827,1
116,12,61,0.0001,30,0.161404955283164,0.0369936963768086,1.68021537013102,1
116,12,61,0.0001,60,5.84773330689035,3.9974854110805,10.3200544534141,1
116,12,61,0.0001,120,7.58522607231338,7.24349327616831,70.0789037415827,1
116,13,41,1e-08,30,1.52589751599413,0.0056841453540834,0.000511393838153745,0
116,13,41,1e-08,60,8.48665902217556,0.0230593808320245,0.00188882742211014,0
116,13,41,1e-08,120,0.00545003685694792,0.0469935835234454,0.00965274561946435,1
116,13,61,1e-08,30,0.551663667936787,0.055226256670884,0.000511393838153745,0
116,13,61,1e-08,60,3.11158096344113,0.432264551984871,0.00188882742211014,0
116,13,61,1e-08,120,1.08566854096157,1.59281354403203,0.00965274561946435,0
116,13,41,1e-06,30,9.31720015662582,0.0056841453540834,0.0175581569974071,0
116,13,41,1e-06,60,0.0372057896212703,0.0230593808320245,0.105439709753164,1
116,13,41,1e-06,120,0.238426609783229,0.0469935835234454,0.70847130360818,1
116,13,61,1e-06,30,1.17248914116115,0.055226256670884,0.0175581569974071,0
116,13,61,1e-06,60,5.54813773351785,0.432264551984871,0.105439709753164,0
116,13,61,1e-06,120,4.5635560085543,1.59281354403203,0.70847130360818,0
116,13,41,0.0001,30,8.70306872346407,0.0056841453540834,1.68021537013102,0
116,13,41,0.0001,60,0.145992712205703,0.0230593808320245,10.3200544534141,1
116,13,41,0.0001,120,0.724660862978615,0.0469935835234454,70.0789037415827,1
116,13,61,0.0001,30,1.1994589397501,0.055226256670884,1.68021537013102,1
116,13,61,0.0001,60,5.65433013293842,0.432264551984871,10.3200544534141,1
116,13,61,0.0001,120,4.74711572489656,1.59281354403203,70.0789037415827,1
116,14,41,1e-08,30,1.72345411725245,0.00576402041531399,0.000511393838153745,0
116,14,41,1e-08,60,5.89487897207432,0.0448341709990512,0.00188882742211014,0
116,14,41,1e-08,120,1.65790410383876,0.673655960590354,0.00965274561946435,0
116,14,61,1e-08,30,1.06456442827586,0.00957481099351805,0.000511393838153745,0
116,14,61,1e-08,60,3.87926942224571,0.0745213563279898,0.00188882742211014,0
116,14,61,1e-08,120,6.87971746643682,0.192121045129282,0.00965274561946435,0
116,14,41,1e-06,30,0.356930987675046,0.00576402041531399,0.0175581569974071,0
116,14,41,1e-06,60,1.60933157902134,0.0448341709990512,0.105439709753164,0
116,14,41,1e-06,120,8.69243925714337,0.673655960590354,0.70847130360818,0
116,14,61,1e-06,30,0.245938648600652,0.00957481099351805,0.0175581569974071,0
116,14,61,1e-06,60,0.865214977254699,0.0745213563279898,0.105439709753164,0
116,14,61,1e-06,120,3.93468431770007,0.192121045129282,0.70847130360818,0
116,14,41,0.0001,30,0.408070725465164,0.00576402041531399,1.68021537013102,1
116,14,41,0.0001,60,1.78929474632584,0.0448341709990512,10.3200544534141,1
116,14,41,0.0001,120,9.44156352638687,0.673655960590354,70.0789037415827,1
116,14,61,0.0001,30,0.400575732372434,0.00957481099351805,1.68021537013102,1
116,14,61,0.0001,60,1.41302215569214,0.0745213563279898,10.3200544534141,1
116,14,61,0.0001,120,6.17640359891755,0.192121045129282,70.0789037415827,1
116,15,41,1e-08,30,1.71719435176309,0.0678836135454725,0.000511393838153745,0
116,15,41,1e-08,60,8.88706456430632,0.0969419586678863,0.00188882742211014,0
116,15,41,1e-08,120,0.664752594232207,0.35979982399429,0.00965274561946435,0
116,15,61,1e-08,30,0.00419522827629874,0.00708474419819701,0.000511393838153745,0
116,15,61,1e-08,60,0.0329832000696487,0.0118088156141935,0.00188882742211014,0
116,15,61,1e-08,120,0.172210143725909,0.0249571557216256,0.00965274561946435,0
116,15,41,1e-06,30,8.86520632985283,0.0678836135454725,0.0175581569974071,0
116,15,41,1e-06,60,0.305871884121605,0.0969419586678863,0.105439709753164,1
116,15,41,1e-06,120,1.30879730111783,0.35979982399429,0.70847130360818,1
116,15,61,1e-06,30,0.000967440315815099,0.00708474419819701,0.0175581569974071,1
116,15,61,1e-06,60,0.0148120279859545,0.0118088156141935,0.105439709753164,1
116,15,61,1e-06,120,0.0915616519758964,0.0249571557216256,0.70847130360818,1
116,15,41,0.0001,30,8.31913614394309,0.0678836135454725,1.68021537013102,0
116,15,41,0.0001,60,0.524892714500938,0.0969419586678863,10.3200544534141,1
116,15,41,0.0001,120,2.16685436836868,0.35979982399429,70.0789037415827,1
116,15,61,0.0001,30,0.000940162996023569,0.00708474419819701,1.68021537013102,1
116,15,61,0.0001,60,0.0146400046566091,0.0118088156141935,10.3200544534141,1
116,15,61,0.0001,120,0.0908108852196083,0.0249571557216256,70.0789037415827,1
116,16,41,1e-08,30,0.0170784715850954,0.00734761338139426,0.000511393838153745,0
116,16,41,1e-08,60,0.0529150588120563,0.0224261742592319,0.00188882742211014,0
116,16,41,1e-08,120,1.33417221399985,1.00833624483543,0.00965274561946435,0
116,16,61,1e-08,30,4.59024835776194,4.38055220869567,0.000511393838153745,0
116,16,61,1e-08,60,4.88100996559932,4.45405032011915,0.00188882742211014,0
116,16,61,1e-08,120,4.6470542496103,3.8345704409186,0.00965274561946435,0
116,16,41,1e-06,30,0.0064595922013228,0.00734761338139426,0.0175581569974071,1
116,16,41,1e-06,60,0.0192278118287237,0.0224261742592319,0.105439709753164,1
116,16,41,1e-06,120,0.963508636453728,1.00833624483543,0.70847130360818,1
116,16,61,1e-06,30,4.71156327122453,4.38055220869567,0.0175581569974071,0
116,16,61,1e-06,60,5.13528111383386,4.45405032011915,0.105439709753164,0
116,16,61,1e-06,120,5.15241787033202,3.8345704409186,0.70847130360818,0
116,16,41,0.0001,30,0.00602061189308469,0.00734761338139426,1.68021537013102,1
116,16,41,0.0001,60,0.0178217921467014,0.0224261742592319,10.3200544534141,1
116,16,41,0.0001,120,0.944092896203712,1.00833624483543,70.0789037415827,1
116,16,61,0.0001,30,4.7308519317148,4.38055220869567,1.68021537013102,1
116,16,61,0.0001,60,5.1738824895966,4.45405032011915,10.3200544534141,1
116,16,61,0.0001,120,5.22817374239386,3.8345704409186,70.0789037415827,1
116,17,41,1e-08,30,0.000316940351106775,0.00325136842585147,0.000511393838153745,1
116,17,41,1e-08,60,0.0218380346185577,0.0535715915666032,0.00188882742211014,0
116,17,41,1e-08,120,0.262267324755218,0.468841090845103,0.00965274561946435,0
116,17,61,1e-08,30,1.89624333842558,0.0181101035009952,0.000511393838153745,0
116,17,61,1e-08,60,0.0111090953839789,7.22893304673798,0.00188882742211014,0
116,17,61,1e-08,120,4.01913362484563,9.71861448491923,0.00965274561946435,0
116,17,41,1e-06,30,4.34571270306308e-06,0.00325136842585147,0.0175581569974071,1
116,17,41,1e-06,60,0.0147638413048151,0.0535715915666032,0.105439709753164,1
116,17,41,1e-06,120,0.215988379951393,0.468841090845103,0.70847130360818,1
116,17,61,1e-06,30,8.0417304874429,0.0181101035009952,0.0175581569974071,0
116,17,61,1e-06,60,7.27749781961878,7.22893304673798,0.105439709753164,0
116,17,61,1e-06,120,1.838621922131,9.71861448491923,0.70847130360818,1
116,17,41,0.0001,30,6.19001688561654e-06,0.00325136842585147,1.68021537013102,1
116,17,41,0.0001,60,0.0149790982791167,0.0535715915666032,10.3200544534141,1
116,17,41,0.0001,120,0.2177030180793,0.468841090845103,70.0789037415827,1
116,17,61,0.0001,30,7.45923043246605,0.0181101035009952,1.68021537013102,0
116,17,61,0.0001,60,6.27168918719566,7.22893304673798,10.3200544534141,1
116,17,61,0.0001,120,0.970578608262481,9.71861448491923,70.0789037415827,1
116,18,41,1e-08,30,1.22846198472985,0.00338639463666352,0.000511393838153745,0
116,18,41,1e-08,60,6.30517602356758,0.0518708517844445,0.00188882742211014,0
116,18,41,1e-08,120,6.68679312919732,8.91551659164852,0.00965274561946435,0
116,18,61,1e-08,30,8.12266855625517,8.97328764356714,0.000511393838153745,0
116,18,61,1e-08,60,1.97641835441484,3.00055639827742,0.00188882742211014,0
116,18,61,1e-08,120,0.738074911055953,0.0292625972565631,0.00965274561946435,0
116,18,41,1e-06,30,8.64395442900272,0.00338639463666352,0.0175581569974071,0
116,18,41,1e-06,60,0.250163814954835,0.0518708517844445,0.105439709753164,1
116,18,41,1e-06,120,6.02864219997943,8.91551659164852,0.70847130360818,0
116,18,61,1e-06,30,7.28795198577525,8.97328764356714,0.0175581569974071,0
116,18,61,1e-06,60,1.29773509556434,3.00055639827742,0.105439709753164,0
116,18,61,1e-06,120,1.8449904483164,0.0292625972565631,0.70847130360818,1
116,18,41,0.0001,30,9.19854316629387,0.00338639463666352,1.68021537013102,0
116,18,41,0.0001,60,0.107965836445873,0.0518708517844445,10.3200544534141,1
116,18,41,0.0001,120,7.75275291027592,8.91551659164852,70.0789037415827,1
116,18,61,0.0001,30,7.24661064222213,8.97328764356714,1.68021537013102,0
116,18,61,0.0001,60,1.26566012751211,3.00055639827742,10.3200544534141,1
116,18,61,0.0001,120,1.91951929840794,0.0292625972565631,70.0789037415827,1
116,19,41,1e-08,30,0.0060122842059202,0.0125495488068761,0.000511393838153745,0
116,19,41,1e-08,60,0.0302848644535461,0.0390353083138063,0.00188882742211014,0
116,19,41,1e-08,120,0.207634895762571,0.0783999810857593,0.00965274561946435,0
116,19,61,1e-08,30,7.52773402378803,8.36189762762493,0.000511393838153745,0
116,19,61,1e-08,60,4.96758322097968,6.5143921940502,0.00188882742211014,0
116,19,61,1e-08,120,0.340842050027883,0.0082277159365621,0.00965274561946435,0
116,19,41,1e-06,30,0.00044295589601549,0.0125495488068761,0.0175581569974071,1
116,19,41,1e-06,60,0.00463979861600726,0.0390353083138063,0.105439709753164,1
116,19,41,1e-06,120,0.0629640171413429,0.0783999810857593,0.70847130360818,1
116,19,61,1e-06,30,6.90958913126426,8.36189762762493,0.0175581569974071,0
116,19,61,1e-06,60,4.10165321353928,6.5143921940502,0.105439709753164,0
116,19,61,1e-06,120,0.929978909401231,0.0082277159365621,0.70847130360818,1
116,19,41,0.0001,30,0.000326174190265807,0.0125495488068761,1.68021537013102,1
116,19,41,0.0001,60,0.00391773787193828,0.0390353083138063,10.3200544534141,1
116,19,41,0.0001,120,0.0577566206084237,0.0783999810857593,70.0789037415827,1
116,19,61,0.0001,30,6.87919238224371,8.36189762762493,1.68021537013102,0
116,19,61,0.0001,60,4.05851217027334,6.5143921940502,10.3200544534141,1
116,19,61,0.0001,120,0.969859340962634,0.0082277159365621,70.0789037415827,1
116,20,41,1e-08,30,0.00457196444092023,0.00866684268950231,0.000511393838153745,0
116,20,41,1e-08,60,0.0263854243254257,0.054593046716908,0.00188882742211014,0
116,20,41,1e-08,120,5.37795986356632,6.15898701414911,0.00965274561946435,0
116,20,61,1e-08,30,2.81453168669956,4.1183797824322,0.000511393838153745,0
116,20,61,1e-08,60,4.38687511851149,8.25751243288563,0.00188882742211014,0
116,20,61,1e-08,120,0.294068740999668,4.7355928798844,0.00965274561946435,0
116,20,41,1e-06,30,0.000151749606635016,0.00866684268950231,0.0175581569974071,1
116,20,41,1e-06,60,0.00515603843445108,0.054593046716908,0.105439709753164,1
116,20,41,1e-06,120,4.65587254475118,6.15898701414911,0.70847130360818,0
116,20,61,1e-06,30,1.84194928546867,4.1183797824322,0.0175581569974071,0
116,20,61,1e-06,60,2.33094725989351,8.25751243288563,0.105439709753164,0
116,20,61,1e-06,120,0.27040299419153,4.7355928798844,0.70847130360818,1
116,20,41,0.0001,30,0.000148945751443302,0.00866684268950231,1.68021537013102,1
116,20,41,0.0001,60,0.00516467242655884,0.054593046716908,10.3200544534141,1
116,20,41,0.0001,120,4.65763756751033,6.15898701414911,70.0789037415827,1
116,20,61,0.0001,30,1.80029200253335,4.1183797824322,1.68021537013102,1
116,20,61,0.0001,60,2.24491463860399,8.25751243288563,10.3200544534141,1
116,20,61,0.0001,120,0.329997053423642,4.7355928798844,70.0789037415827,1
117,1,41,1e-08,30,2.45757287188024e-05,0.00126654628770473,0.000511393838153745,1
117,1,41,1e-08,60,0.0191049832257104,0.0303059335282323,0.00188882742211014,0
117,1,41,1e-08,120,0.00049626990597287,0.00237957102193149,0.00965274561946435,1
117,1,61,1e-08,30,0.666585670045687,0.0668613149108228,0.000511393838153745,0
117,1,61,1e-08,60,1.62755298280784,0.00150831420649047,0.00188882742211014,0
117,1,61,1e-08,120,0.191490914981798,9.10562496671554,0.00965274561946435,0
117,1,41,1e-06,30,0.0294258947047043,0.00126654628770473,0.0175581569974071,1
117,1,41,1e-06,60,0.199679807005435,0.0303059335282323,0.105439709753164,1
117,1,41,1e-06,120,0.354247382647721,0.00237957102193149,0.70847130360818,1
117,1,61,1e-06,30,2.96220177769667,0.0668613149108228,0.0175581569974071,0
117,1,61,1e-06,60,8.38762601790513,0.00150831420649047,0.105439709753164,0
117,1,61,1e-06,120,6.83424860020918,9.10562496671554,0.70847130360818,0
117,1,41,0.0001,30,0.0303589713737565,0.00126654628770473,1.68021537013102,1
117,1,41,0.0001,60,0.203756597388963,0.0303059335282323,10.3200544534141,1
117,1,41,0.0001,120,0.364098392260367,0.00237957102193149,70.0789037415827,1
117,1,61,0.0001,30,3.32550186214073,0.0668613149108228,1.68021537013102,1
117,1,61,0.0001,60,9.55622384932854,0.00150831420649047,10.3200544534141,1
117,1,61,0.0001,120,8.96871158050334,9.10562496671554,70.0789037415827,1
117,2,41,1e-08,30,0.0327410465976705,0.00520319361650102,0.000511393838153745,0
117,2,41,1e-08,60,0.102632841241021,0.0183925473152586,0.00188882742211014,0
117,2,41,1e-08,120,0.209904917668926,0.0147728905308991,0.00965274561946435,0
117,2,61,1e-08,30,6.04841441204594,0.0294879742004112,0.000511393838153745,0
117,2,61,1e-08,60,2.9088072723282,0.0660634996292881,0.00188882742211014,0
117,2,61,1e-08,120,0.434550333447228,7.10350225273718,0.00965274561946435,0
117,2,41,1e-06,30,0.00175497467218417,0.00520319361650102,0.0175581569974071,1
117,2,41,1e-06,60,0.00559689420701931,0.0183925473152586,0.105439709753164,1
117,2,41,1e-06,120,1.55962752744189e-07,0.0147728905308991,0.70847130360818,1
117,2,61,1e-06,30,0.0108206705022555,0.0294879742004112,0.0175581569974071,1
117,2,61,1e-06,60,0.0766792712033762,0.0660634996292881,0.105439709753164,1
117,2,61,1e-06,120,6.59265476547119,7.10350225273718,0.70847130360818,0
117,2,41,0.0001,30,0.00122565155917733,0.00520319361650102,1.68021537013102,1
117,2,41,0.0001,60,0.00376589430462287,0.0183925473152586,10.3200544534141,1
117,2,41,0.0001,120,0.00072712367435512,0.0147728905308991,70.0789037415827,1
117,2,61,0.0001,30,0.000546789301320762,0.0294879742004112,1.68021537013102,1
117,2,61,0.0001,60,0.0176888430744803,0.0660634996292881,10.3200544534141,1
117,2,61,0.0001,120,8.05464778916908,7.10350225273718,70.0789037415827,1
117,3,41,1e-08,30,0.372965153407881,0.00118227489360923,0.000511393838153745,0
117,3,41,1e-08,60,1.41952747852344,0.000265965007115477,0.00188882742211014,0
117,3,41,1e-08,120,9.10225885759053,0.798247318976428,0.00965274561946435,0
117,3,61,1e-08,30,0.370021680329741,7.375131460584,0.000511393838153745,0
117,3,61,1e-08,60,7.00930688756157,9.3559176840726,0.00188882742211014,0
117,3,61,1e-08,120,4.67515887608124,9.18741428106852,0.00965274561946435,0
117,3,41,1e-06,30,0.805578766072278,0.00118227489360923,0.0175581569974071,0
117,3,41,1e-06,60,3.04296717454361,0.000265965007115477,0.105439709753164,0
117,3,41,1e-06,120,3.73163983901437,0.798247318976428,0.70847130360818,0
117,3,61,1e-06,30,0.557547339239579,7.375131460584,0.0175581569974071,0
117,3,61,1e-06,60,5.83822669391348,9.3559176840726,0.105439709753164,0
117,3,61,1e-06,120,3.04573486225327,9.18741428106852,0.70847130360818,0
117,3,41,0.0001,30,0.793856467407763,0.00118227489360923,1.68021537013102,1
117,3,41,0.0001,60,2.99126641645546,0.000265965007115477,10.3200544534141,1
117,3,41,0.0001,120,3.85448541942037,0.798247318976428,70.0789037415827,1
117,3,61,0.0001,30,0.562706531054421,7.375131460584,1.68021537013102,1
117,3,61,0.0001,60,5.80909788974017,9.3559176840726,10.3200544534141,1
117,3,61,0.0001,120,3.00672530493636,9.18741428106852,70.0789037415827,1
117,4,41,1e-08,30,2.93742545049652,9.68636471524005,0.000511393838153745,0
117,4,41,1e-08,60,8.42279035514379,0.0357557145706287,0.00188882742211014,0
117,4,41,1e-08,120,2.08122299460977,3.75710455897073,0.00965274561946435,0
117,4,61,1e-08,30,0.177033581505241,7.67719991609292,0.000511393838153745,0
117,4,61,1e-08,60,7.90831340337112,9.81049004048157,0.00188882742211014,0
117,4,61,1e-08,120,3.7594482074053,7.83467608171335,0.00965274561946435,0
117,4,41,1e-06,30,0.109455170731017,9.68636471524005,0.0175581569974071,0
117,4,41,1e-06,60,0.652596797468317,0.0357557145706287,0.105439709753164,0
117,4,41,1e-06,120,0.469467055253464,3.75710455897073,0.70847130360818,1
117,4,61,1e-06,30,0.792972384083463,7.67719991609292,0.0175581569974071,0
117,4,61,1e-06,60,4.3764204484364,9.81049004048157,0.105439709753164,0
117,4,61,1e-06,120,0.515314506608795,7.83467608171335,0.70847130360818,1
117,4,41,0.0001,30,0.168712143787783,9.68636471524005,1.68021537013102,1
117,4,41,0.0001,60,0.906577260921108,0.0357557145706287,10.3200544534141,1
117,4,41,0.0001,120,0.16979469551317,3.75710455897073,70.0789037415827,1
117,4,61,0.0001,30,0.753885949891596,7.67719991609292,1.68021537013102,1
117,4,61,0.0001,60,4.56790778557758,9.81049004048157,10.3200544534141,1
117,4,61,0.0001,120,0.654864186057106,7.83467608171335,70.0789037415827,1
117,5,41,1e-08,30,0.0865047675646601,0.0166812565469329,0.000511393838153745,0
117,5,41,1e-08,60,0.207302146265783,0.00852868990031064,0.00188882742211014,0
117,5,41,1e-08,120,0.409107634521869,0.0142380837161808,0.00965274561946435,0
117,5,61,1e-08,30,0.00278147051183724,0.000969095589168067,0.000511393838153745,0
117,5,61,1e-08,60,0.00148619015026296,6.39899825733372e-05,0.00188882742211014,1
117,5,61,1e-08,120,0.00743739437062685,0.000103887190114552,0.00965274561946435,1
117,5,41,1e-06,30,0.0970427553170702,0.0166812565469329,0.0175581569974071,0
117,5,41,1e-06,60,0.20868668296006,0.00852868990031064,0.105439709753164,1
117,5,41,1e-06,120,0.371330724770582,0.0142380837161808,0.70847130360818,1
117,5,61,1e-06,30,0.00323865881423406,0.000969095589168067,0.0175581569974071,1
117,5,61,1e-06,60,0.00189371951919884,6.39899825733372e-05,0.105439709753164,1
117,5,61,1e-06,120,0.0086115518759458,0.000103887190114552,0.70847130360818,1
117,5,41,0.0001,30,0.0937189300066529,0.0166812565469329,1.68021537013102,1
117,5,41,0.0001,60,0.199189800282772,0.00852868990031064,10.3200544534141,1
117,5,41,0.0001,120,0.346432655783583,0.0142380837161808,70.0789037415827,1
117,5,61,0.0001,30,0.00304098871135559,0.000969095589168067,1.68021537013102,1
117,5,61,0.0001,60,0.00160237298752151,6.39899825733372e-05,10.3200544534141,1
117,5,61,0.0001,120,0.00737277225702676,0.000103887190114552,70.0789037415827,1
117,6,41,1e-08,30,0.0325646216781368,0.186881905909927,0.000511393838153745,0
117,6,41,1e-08,60,0.0607786926265677,0.60581066060947,0.00188882742211014,0
117,6,41,1e-08,120,0.0083594384982528,1.0006036605493,0.00965274561946435,1
117,6,61,1e-08,30,0.00173350629425267,0.0018603919985376,0.000511393838153745,1
117,6,61,1e-08,60,0.000308699249198308,0.000637786047932817,0.00188882742211014,1
117,6,61,1e-08,120,0.000612121525831834,0.00200714053660489,0.00965274561946435,1
117,6,41,1e-06,30,0.0155782866541415,0.186881905909927,0.0175581569974071,1
117,6,41,1e-06,60,0.0266654638290824,0.60581066060947,0.105439709753164,1
117,6,41,1e-06,120,0.0528336531652691,1.0006036605493,0.70847130360818,1
117,6,61,1e-06,30,1.95816352309108e-06,0.0018603919985376,0.0175581569974071,1
117,6,61,1e-06,60,0.00413840696597678,0.000637786047932817,0.105439709753164,1
117,6,61,1e-06,120,0.0181953928981276,0.00200714053660489,0.70847130360818,1
117,6,41,0.0001,30,0.0163031504255099,0.186881905909927,1.68021537013102,1
117,6,41,0.0001,60,0.0285978210967975,0.60581066060947,10.3200544534141,1
117,6,41,0.0001,120,0.0475926865153344,1.0006036605493,70.0789037415827,1
117,6,61,0.0001,30,5.26708125492236e-05,0.0018603919985376,1.68021537013102,1
117,6,61,0.0001,60,0.00570491943120364,0.000637786047932817,10.3200544534141,1
117,6,61,0.0001,120,0.0245785425618234,0.00200714053660489,70.0789037415827,1
117,7,41,1e-08,30,0.0952637984088499,0.337567302338895,0.000511393838153745,0
117,7,41,1e-08,60,0.19908073796367,1.05750794186009,0.00188882742211014,0
117,7,41,1e-08,120,0.00224368300058171,1.332686740148,0.00965274561946435,1
117,7,61,1e-08,30,0.00247020066849521,0.00218998045147647,0.000511393838153745,0
117,7,61,1e-08,60,0.00032194680588103,0.000394657331959657,0.00188882742211014,1
117,7,61,1e-08,120,0.000607927072787759,0.00131285016432344,0.00965274561946435,1
117,7,41,1e-06,30,0.0339245107820231,0.337567302338895,0.0175581569974071,1
117,7,41,1e-06,60,0.0547663020407496,1.05750794186009,0.105439709753164,1
117,7,41,1e-06,120,0.189164890603935,1.332686740148,0.70847130360818,1
117,7,61,1e-06,30,0.00013770836279473,0.00218998045147647,0.0175581569974071,1
117,7,61,1e-06,60,0.00256307960414104,0.000394657331959657,0.105439709753164,1
117,7,61,1e-06,120,0.0110503542677083,0.00131285016432344,0.70847130360818,1
117,7,41,0.0001,30,0.0331109073477953,0.337567302338895,1.68021537013102,1
117,7,41,0.0001,60,0.0530207348103661,1.05750794186009,10.3200544534141,1
117,7,41,0.0001,120,0.195157100600915,1.332686740148,70.0789037415827,1
117,7,61,0.0001,30,6.4207402813692e-05,0.00218998045147647,1.68021537013102,1
117,7,61,0.0001,60,0.00333005994336109,0.000394657331959657,10.3200544534141,1
117,7,61,0.0001,120,0.0141410492485395,0.00131285016432344,70.0789037415827,1
117,8,41,1e-08,30,0.0586730112014698,0.00783313375873139,0.000511393838153745,0
117,8,41,1e-08,60,0.528329689812522,0.168719762903057,0.00188882742211014,0
117,8,41,1e-08,120,0.936872029574989,0.106954097748401,0.00965274561946435,0
117,8,61,1e-08,30,0.00185202637009584,0.000753682245840794,0.000511393838153745,1
117,8,61,1e-08,60,0.00113067099905527,9.50905760510398e-06,0.00188882742211014,1
117,8,61,1e-08,120,0.00487759573361682,8.32435906402067e-05,0.00965274561946435,1
117,8,41,1e-06,30,0.0734865493251848,0.00783313375873139,0.0175581569974071,0
117,8,41,1e-06,60,0.602418554069774,0.168719762903057,0.105439709753164,0
117,8,41,1e-06,120,1.1195412742944,0.106954097748401,0.70847130360818,1
117,8,61,1e-06,30,0.00177298331197839,0.000753682245840794,0.0175581569974071,1
117,8,61,1e-06,60,0.000676236072499,9.50905760510398e-06,0.105439709753164,1
117,8,61,1e-06,120,0.0023847385334371,8.32435906402067e-05,0.70847130360818,1
117,8,41,0.0001,30,0.0742373671216367,0.00783313375873139,1.68021537013102,1
117,8,41,0.0001,60,0.606340003163497,0.168719762903057,10.3200544534141,1
117,8,41,0.0001,120,1.1297296845417,0.106954097748401,70.0789037415827,1
117,8,61,0.0001,30,0.00137673974941998,0.000753682245840794,1.68021537013102,1
117,8,61,0.0001,60,0.00026295079795973,9.50905760510398e-06,10.3200544534141,1
117,8,61,0.0001,120,0.000868608725555835,8.32435906402067e-05,70.0789037415827,1
117,9,41,1e-08,30,1.26371632914256,0.00942830539645643,0.000511393838153745,0
117,9,41,1e-08,60,3.78028973814501,0.0134390246670583,0.00188882742211014,0
117,9,41,1e-08,120,5.91976753089011,0.175663392092971,0.00965274561946435,0
117,9,61,1e-08,30,3.75871538998151,0.627508391396922,0.000511393838153745,0
117,9,61,1e-08,60,1.56104183723887,4.8161090163703,0.00188882742211014,0
117,9,61,1e-08,120,9.52098795719269,1.40074364541849,0.00965274561946435,0
117,9,41,1e-06,30,0.546823471195912,0.00942830539645643,0.0175581569974071,0
117,9,41,1e-06,60,2.01078021284021,0.0134390246670583,0.105439709753164,0
117,9,41,1e-06,120,9.24555161789449,0.175663392092971,0.70847130360818,0
117,9,61,1e-06,30,2.04513816127649,0.627508391396922,0.0175581569974071,0
117,9,61,1e-06,60,0.124109251912037,4.8161090163703,0.105439709753164,1
117,9,61,1e-06,120,1.99247090404615,1.40074364541849,0.70847130360818,1
117,9,41,0.0001,30,0.660570949782889,0.00942830539645643,1.68021537013102,1
117,9,41,0.0001,60,2.39449294868215,0.0134390246670583,10.3200544534141,1
117,9,41,0.0001,120,9.00546193303614,0.175663392092971,70.0789037415827,1
117,9,61,0.0001,30,1.99313551969404,0.627508391396922,1.68021537013102,1
117,9,61,0.0001,60,0.10190082885993,4.8161090163703,10.3200544534141,1
117,9,61,0.0001,120,1.81961109298991,1.40074364541849,70.0789037415827,1
117,10,41,1e-08,30,1.09930427325306,0.00112764971040075,0.000511393838153745,0
117,10,41,1e-08,60,3.66390365734341,0.0115039198257103,0.00188882742211014,0
117,10,41,1e-08,120,5.37920735721373,0.328372406247602,0.00965274561946435,0
117,10,61,1e-08,30,0.000102486904100158,0.0010491214763845,0.000511393838153745,1
117,10,61,1e-08,60,0.0237962414039084,0.00192749591768941,0.00188882742211014,0
117,10,61,1e-08,120,0.085962765052511,4.43030981938134e-05,0.00965274561946435,0
117,10,41,1e-06,30,0.469649681292559,0.00112764971040075,0.0175581569974071,0
117,10,41,1e-06,60,2.03979441767366,0.0115039198257103,0.105439709753164,0
117,10,41,1e-06,120,9.30697860132942,0.328372406247602,0.70847130360818,0
117,10,61,1e-06,30,0.158366886840543,0.0010491214763845,0.0175581569974071,0
117,10,61,1e-06,60,0.825787343487975,0.00192749591768941,0.105439709753164,0
117,10,61,1e-06,120,3.0291471165132,4.43030981938134e-05,0.70847130360818,0
117,10,41,0.0001,30,0.576798931053712,0.00112764971040075,1.68021537013102,1
117,10,41,0.0001,60,2.43116473921132,0.0115039198257103,10.3200544534141,1
117,10,41,0.0001,120,7.87387845362769,0.328372406247602,70.0789037415827,1
117,10,61,0.0001,30,0.1914067075478,0.0010491214763845,1.68021537013102,1
117,10,61,0.0001,60,0.96772497893142,0.00192749591768941,10.3200544534141,1
117,10,61,0.0001,120,3.55833653877506,4.43030981938134e-05,70.0789037415827,1
117,11,41,1e-08,30,0.0107976696061415,0.0122370198705306,0.000511393838153745,0
117,11,41,1e-08,60,0.017242856487525,0.0231942668994914,0.00188882742211014,0
117,11,41,1e-08,120,0.0814681194017023,0.0556445229941881,0.00965274561946435,0
117,11,61,1e-08,30,0.0677264475128801,0.0504545411302957,0.000511393838153745,0
117,11,61,1e-08,60,0.0805051563098321,0.0374163225294974,0.00188882742211014,0
117,11,61,1e-08,120,0.083807816087224,0.00807054265134023,0.00965274561946435,0
117,11,41,1e-06,30,0.00583536607025747,0.0122370198705306,0.0175581569974071,1
117,11,41,1e-06,60,0.0070017893507567,0.0231942668994914,0.105439709753164,1
117,11,41,1e-06,120,0.139343749940043,0.0556445229941881,0.70847130360818,1
117,11,61,1e-06,30,0.0976682309390095,0.0504545411302957,0.0175581569974071,0
117,11,61,1e-06,60,0.136178634738168,0.0374163225294974,0.105439709753164,1
117,11,61,1e-06,120,0.194315513767602,0.00807054265134023,0.70847130360818,1
117,11,41,0.0001,30,0.00573624055578311,0.0122370198705306,1.68021537013102,1
117,11,41,0.0001,60,0.00681101416311406,0.0231942668994914,10.3200544534141,1
117,11,41,0.0001,120,0.14094621931452,0.0556445229941881,70.0789037415827,1
117,11,61,0.0001,30,0.0932171704172626,0.0504545411302957,1.68021537013102,1
117,11,61,0.0001,60,0.125895749462425,0.0374163225294974,10.3200544534141,1
117,11,61,0.0001,120,0.170241216767223,0.00807054265134023,70.0789037415827,1
117,12,41,1e-08,30,0.0584355517749559,0.0305331614509272,0.000511393838153745,0
117,12,41,1e-08,60,0.0586428974037445,0.0437818630308529,0.00188882742211014,0
117,12,41,1e-08,120,0.134885847538377,0.162003685586304,0.00965274561946435,0
117,12,61,1e-08,30,2.75333400537723,8.41849107569439,0.000511393838153745,0
117,12,61,1e-08,60,8.83692133856853,0.427509702998436,0.00188882742211014,0
117,12,61,1e-08,120,1.46575123253101,0.00348825807371512,0.00965274561946435,0
117,12,41,1e-06,30,0.0128685082434911,0.0305331614509272,0.0175581569974071,1
117,12,41,1e-06,60,0.00768219726312743,0.0437818630308529,0.105439709753164,1
117,12,41,1e-06,120,0.0257004784761299,0.162003685586304,0.70847130360818,1
117,12,61,1e-06,30,0.0640957111304698,8.41849107569439,0.0175581569974071,1
117,12,61,1e-06,60,0.44701263374215,0.427509702998436,0.105439709753164,0
117,12,61,1e-06,120,0.00167302975257181,0.00348825807371512,0.70847130360818,1
117,12,41,0.0001,30,0.0184168140540138,0.0305331614509272,1.68021537013102,1
117,12,41,0.0001,60,0.0172124368892687,0.0437818630308529,10.3200544534141,1
117,12,41,0.0001,120,0.0607225966750307,0.162003685586304,70.0789037415827,1
117,12,61,0.0001,30,0.0558226166671097,8.41849107569439,1.68021537013102,1
117,12,61,0.0001,60,0.417329195434052,0.427509702998436,10.3200544534141,1
117,12,61,0.0001,120,0.00560038804758616,0.00348825807371512,70.0789037415827,1
117,13,41,1e-08,30,0.23553969057782,2.5624454316923,0.000511393838153745,0
117,13,41,1e-08,60,0.287892266874116,3.97551499003155,0.00188882742211014,0
117,13,41,1e-08,120,8.58805093082036,4.03105520766272,0.00965274561946435,0
117,13,61,1e-08,30,0.408061055999328,7.10205213017151,0.000511393838153745,0
117,13,61,1e-08,60,2.6981206218759,1.22156579145136,0.00188882742211014,0
117,13,61,1e-08,120,2.43242136570761,0.0739361820751576,0.00965274561946435,0
117,13,41,1e-06,30,0.599681270431675,2.5624454316923,0.0175581569974071,0
117,13,41,1e-06,60,7.65041590121756,3.97551499003155,0.105439709753164,0
117,13,41,1e-06,120,1.53308892647274,4.03105520766272,0.70847130360818,1
117,13,61,1e-06,30,2.35505927389406,7.10205213017151,0.0175581569974071,0
117,13,61,1e-06,60,9.33689631475801,1.22156579145136,0.105439709753164,0
117,13,61,1e-06,120,3.09880479635552,0.0739361820751576,0.70847130360818,0
117,13,41,0.0001,30,0.693919914914511,2.5624454316923,1.68021537013102,1
117,13,41,0.0001,60,8.25869887953112,3.97551499003155,10.3200544534141,1
117,13,41,0.0001,120,2.08656415259443,4.03105520766272,70.0789037415827,1
117,13,61,0.0001,30,2.46642267946751,7.10205213017151,1.68021537013102,1
117,13,61,0.0001,60,8.94103092417404,1.22156579145136,10.3200544534141,1
117,13,61,0.0001,120,2.67531123320242,0.0739361820751576,70.0789037415827,1
117,14,41,1e-08,30,9.82105390758612,7.15576902410681,0.000511393838153745,0
117,14,41,1e-08,60,3.61983907757619,1.23223912074276,0.00188882742211014,0
117,14,41,1e-08,120,0.382966084688632,0.707404738473904,0.00965274561946435,0
117,14,61,1e-08,30,1.05151985448026,0.0920483375766221,0.000511393838153745,0
117,14,61,1e-08,60,1.9773494156302,5.80967203625618,0.00188882742211014,0
117,14,61,1e-08,120,0.311398840340263,4.40516674818667,0.00965274561946435,0
117,14,41,1e-06,30,7.33285149096827,7.15576902410681,0.0175581569974071,0
117,14,41,1e-06,60,1.37666825806863,1.23223912074276,0.105439709753164,0
117,14,41,1e-06,120,0.514246996584987,0.707404738473904,0.70847130360818,1
117,14,61,1e-06,30,0.112808271340033,0.0920483375766221,0.0175581569974071,0
117,14,61,1e-06,60,6.74785496315802,5.80967203625618,0.105439709753164,0
117,14,61,1e-06,120,2.68067657706515,4.40516674818667,0.70847130360818,1
117,14,41,0.0001,30,7.25915161786915,7.15576902410681,1.68021537013102,0
117,14,41,0.0001,60,1.31915541463762,1.23223912074276,10.3200544534141,1
117,14,41,0.0001,120,0.583903128594081,0.707404738473904,70.0789037415827,1
117,14,61,0.0001,30,0.112880217150876,0.0920483375766221,1.68021537013102,1
117,14,61,0.0001,60,6.72960483736622,5.80967203625618,10.3200544534141,1
117,14,61,0.0001,120,2.64695274258122,4.40516674818667,70.0789037415827,1
117,15,41,1e-08,30,0.264709334458131,0.497777637025096,0.000511393838153745,0
117,15,41,1e-08,60,0.960614792075275,6.42032305132952,0.00188882742211014,0
117,15,41,1e-08,120,2.44368013912278,3.91548287906642,0.00965274561946435,0
117,15,61,1e-08,30,1.18578440548233,0.00464196159132978,0.000511393838153745,0
117,15,61,1e-08,60,3.81869914204289,0.00699205538413259,0.00188882742211014,0
117,15,61,1e-08,120,6.52316231984185,0.00490386937540027,0.00965274561946435,0
117,15,41,1e-06,30,3.60078289823399,0.497777637025096,0.0175581569974071,0
117,15,41,1e-06,60,2.15282717860825,6.42032305132952,0.105439709753164,0
117,15,41,1e-06,120,0.0207423194088507,3.91548287906642,0.70847130360818,1
117,15,61,1e-06,30,0.364021387994982,0.00464196159132978,0.0175581569974071,0
117,15,61,1e-06,60,1.63087609825786,0.00699205538413259,0.105439709753164,0
117,15,61,1e-06,120,7.12384443379401,0.00490386937540027,0.70847130360818,0
117,15,41,0.0001,30,3.84818521151976,0.497777637025096,1.68021537013102,1
117,15,41,0.0001,60,2.51281012185765,6.42032305132952,10.3200544534141,1
117,15,41,0.0001,120,0.0066527645860546,3.91548287906642,70.0789037415827,1
117,15,61,0.0001,30,0.480488920918398,0.00464196159132978,1.68021537013102,1
117,15,61,0.0001,60,2.0712233876057,0.00699205538413259,10.3200544534141,1
117,15,61,0.0001,120,8.85503750096042,0.00490386937540027,70.0789037415827,1
117,16,41,1e-08,30,0.06024233661067,0.00151723954760187,0.000511393838153745,0
117,16,41,1e-08,60,0.158729097697683,0.00183069294940478,0.00188882742211014,0
117,16,41,1e-08,120,0.744226394768907,0.0435989091993389,0.00965274561946435,0
117,16,61,1e-08,30,0.00416650239284008,0.000168570629966426,0.000511393838153745,0
117,16,61,1e-08,60,0.0141186357209764,0.0010411715490145,0.00188882742211014,0
117,16,61,1e-08,120,9.30240229154825,8.61421331300178,0.00965274561946435,0
117,16,41,1e-06,30,0.00334349385848333,0.00151723954760187,0.0175581569974071,1
117,16,41,1e-06,60,0.00632477388132304,0.00183069294940478,0.105439709753164,1
117,16,41,1e-06,120,0.0791221957253903,0.0435989091993389,0.70847130360818,1
117,16,61,1e-06,30,0.0063526238069917,0.000168570629966426,0.0175581569974071,1
117,16,61,1e-06,60,0.0235894271582889,0.0010411715490145,0.105439709753164,1
117,16,61,1e-06,120,8.85653956196879,8.61421331300178,0.70847130360818,0
117,16,41,0.0001,30,0.00301717526880326,0.00151723954760187,1.68021537013102,1
117,16,41,0.0001,60,0.00558467981135625,0.00183069294940478,10.3200544534141,1
117,16,41,0.0001,120,0.0743553363516964,0.0435989091993389,70.0789037415827,1
117,16,61,0.0001,30,0.00751141169560447,0.000168570629966426,1.68021537013102,1
117,16,61,0.0001,60,0.0279031063409432,0.0010411715490145,10.3200544534141,1
117,16,61,0.0001,120,8.69992066801191,8.61421331300178,70.0789037415827,1
117,17,41,1e-08,30,0.0133094993961417,0.0242247763717527,0.000511393838153745,0
117,17,41,1e-08,60,2.33692772126764e-05,0.0185493673635088,0.00188882742211014,1
117,17,41,1e-08,120,0.294057069880754,0.039892941993756,0.00965274561946435,0
117,17,61,1e-08,30,6.53233040712772e-05,0.00229331673711205,0.000511393838153745,1
117,17,61,1e-08,60,3.86421253520733e-05,0.00567074688648162,0.00188882742211014,1
117,17,61,1e-08,120,0.0123453353057346,0.00289871879185943,0.00965274561946435,1
117,17,41,1e-06,30,0.0218872423368517,0.0242247763717527,0.0175581569974071,1
117,17,41,1e-06,60,0.223710133102305,0.0185493673635088,0.105439709753164,1
117,17,41,1e-06,120,2.0166486980664,0.039892941993756,0.70847130360818,1
117,17,61,1e-06,30,8.58324613283513e-05,0.00229331673711205,0.0175581569974071,1
117,17,61,1e-06,60,3.79826931359648e-06,0.00567074688648162,0.105439709753164,1
117,17,61,1e-06,120,0.0101348651333298,0.00289871879185943,0.70847130360818,1
117,17,41,0.0001,30,0.025757444113963,0.0242247763717527,1.68021537013102,1
117,17,41,0.0001,60,0.24610890220841,0.0185493673635088,10.3200544534141,1
117,17,41,0.0001,120,2.14426984966417,0.039892941993756,70.0789037415827,1
117,17,61,0.0001,30,8.3742739705872e-05,0.00229331673711205,1.68021537013102,1
117,17,61,0.0001,60,4.71185060908653e-06,0.00567074688648162,10.3200544534141,1
117,17,61,0.0001,120,0.0102233153497765,0.00289871879185943,70.0789037415827,1
117,18,41,1e-08,30,0.155001498451168,0.289443833399897,0.000511393838153745,0
117,18,41,1e-08,60,0.345085886586917,0.813049408065595,0.00188882742211014,0
117,18,41,1e-08,120,0.0577868461037211,0.800221640955562,0.00965274561946435,0
117,18,61,1e-08,30,0.68308357426763,0.885394074526876,0.000511393838153745,0
117,18,61,1e-08,60,1.0574657819138,1.51517064378054,0.00188882742211014,0
117,18,61,1e-08,120,0.737866912269774,1.53223539676841,0.00965274561946435,0
117,18,41,1e-06,30,0.0877688712322715,0.289443833399897,0.0175581569974071,0
117,18,41,1e-06,60,0.174343394505593,0.813049408065595,0.105439709753164,1
117,18,41,1e-06,120,0.00553678621273683,0.800221640955562,0.70847130360818,1
117,18,61,1e-06,30,0.941250194169135,0.885394074526876,0.0175581569974071,0
117,18,61,1e-06,60,1.6668700211202,1.51517064378054,0.105439709753164,0
117,18,61,1e-06,120,1.84914625074604,1.53223539676841,0.70847130360818,1
117,18,41,0.0001,30,0.0858585469505385,0.289443833399897,1.68021537013102,1
117,18,41,0.0001,60,0.1695122025188,0.813049408065595,10.3200544534141,1
117,18,41,0.0001,120,0.00729377357476218,0.800221640955562,70.0789037415827,1
117,18,61,0.0001,30,0.948885482798023,0.885394074526876,1.68021537013102,1
117,18,61,0.0001,60,1.68284814564829,1.51517064378054,10.3200544534141,1
117,18,61,0.0001,120,1.87826639746726,1.53223539676841,70.0789037415827,1
117,19,41,1e-08,30,0.00218315211165755,0.0354556643369246,0.000511393838153745,0
117,19,41,1e-08,60,0.00880811287506652,0.36745019701219,0.00188882742211014,0
117,19,41,1e-08,120,0.0196456198387737,0.858903970247468,0.00965274561946435,1
117,19,61,1e-08,30,1.23644486489508,6.98918043026173,0.000511393838153745,0
117,19,61,1e-08,60,8.15365206731219,0.0227510548189779,0.00188882742211014,0
117,19,61,1e-08,120,1.92375879039591,1.12189182522319,0.00965274561946435,0
117,19,41,1e-06,30,0.0310058340961317,0.0354556643369246,0.0175581569974071,1
117,19,41,1e-06,60,0.01520861315534,0.36745019701219,0.105439709753164,1
117,19,41,1e-06,120,0.284052808401655,0.858903970247468,0.70847130360818,1
117,19,61,1e-06,30,0.39036905406256,6.98918043026173,0.0175581569974071,0
117,19,61,1e-06,60,5.69779371265684,0.0227510548189779,0.105439709753164,0
117,19,61,1e-06,120,0.578882846138868,1.12189182522319,0.70847130360818,1
117,19,41,0.0001,30,0.0319091222819624,0.0354556643369246,1.68021537013102,1
117,19,41,0.0001,60,0.0163038995834206,0.36745019701219,10.3200544534141,1
117,19,41,0.0001,120,0.292641595766978,0.858903970247468,70.0789037415827,1
117,19,61,0.0001,30,0.283367270847805,6.98918043026173,1.68021537013102,1
117,19,61,0.0001,60,4.88919583356167,0.0227510548189779,10.3200544534141,1
117,19,61,0.0001,120,1.21761483782268,1.12189182522319,70.0789037415827,1
117,20,41,1e-08,30,1.78632693799941,0.200557123057338,0.000511393838153745,0
117,20,41,1e-08,60,1.2192755043035,8.3091140877132,0.00188882742211014,0
117,20,41,1e-08,120,2.27853773428247,7.10407189436361,0.00965274561946435,0
117,20,61,1e-08,30,3.5576615989372,4.34857840135348,0.000511393838153745,0
117,20,61,1e-08,60,1.14666494893123,5.12214983318391,0.00188882742211014,0
117,20,61,1e-08,120,9.06218665171788,1.83732205987992,0.00965274561946435,0
117,20,41,1e-06,30,4.67380146744193,0.200557123057338,0.0175581569974071,0
117,20,41,1e-06,60,5.38901448731553,8.3091140877132,0.105439709753164,0
117,20,41,1e-06,120,0.241517166704033,7.10407189436361,0.70847130360818,1
117,20,61,1e-06,30,0.343067597176546,4.34857840135348,0.0175581569974071,0
117,20,61,1e-06,60,9.42934084462366,5.12214983318391,0.105439709753164,0
117,20,61,1e-06,120,0.303778396991239,1.83732205987992,0.70847130360818,1
117,20,41,0.0001,30,4.37202112915046,0.200557123057338,1.68021537013102,1
117,20,41,0.0001,60,4.81730582657954,8.3091140877132,10.3200544534141,1
117,20,41,0.0001,120,0.0643113247915361,7.10407189436361,70.0789037415827,1
117,20,61,0.0001,30,0.240862033420382,4.34857840135348,1.68021537013102,1
117,20,61,0.0001,60,8.34570749229325,5.12214983318391,10.3200544534141,1
117,20,61,0.0001,120,0.822220089192313,1.83732205987992,70.0789037415827,1
118,1,41,1e-08,30,0.00186543913175007,0.000713437411224809,0.000511393838153745,1
118,1,41,1e-08,60,6.67055863880384,6.81412186531588,0.00188882742211014,0
118,1,41,1e-08,120,6.70803862044295,6.96939778247405,0.00965274561946435,0
118,1,61,1e-08,30,0.214057298826567,0.0034440104698402,0.000511393838153745,0
118,1,61,1e-08,60,1.67713170620544,0.334359657322205,0.00188882742211014,0
118,1,61,1e-08,120,6.48070289102956,1.44785688699887,0.00965274561946435,0
118,1,41,1e-06,30,0.000746660658470435,0.000713437411224809,0.0175581569974071,1
118,1,41,1e-06,60,6.80818676987818,6.81412186531588,0.105439709753164,0
118,1,41,1e-06,120,6.95788425446808,6.96939778247405,0.70847130360818,0
118,1,61,1e-06,30,0.00365627845491995,0.0034440104698402,0.0175581569974071,1
118,1,61,1e-06,60,0.336171909008747,0.334359657322205,0.105439709753164,1
118,1,61,1e-06,120,1.45058196271413,1.44785688699887,0.70847130360818,1
118,1,41,0.0001,30,0.000728618674579462,0.000713437411224809,1.68021537013102,1
118,1,41,0.0001,60,6.81117537926519,6.81412186531588,10.3200544534141,1
118,1,41,0.0001,120,6.96344362857047,6.96939778247405,70.0789037415827,1
118,1,61,0.0001,30,0.00308441184250694,0.0034440104698402,1.68021537013102,1
118,1,61,0.0001,60,0.327094982156808,0.334359657322205,10.3200544534141,1
118,1,61,0.0001,120,1.41756881857048,1.44785688699887,70.0789037415827,1
118,2,41,1e-08,30,0.00387426890955772,0.00640440892469062,0.000511393838153745,0
118,2,41,1e-08,60,0.0173982302069143,0.0335236249216876,0.00188882742211014,0
118,2,41,1e-08,120,6.35695995261174,5.77581440161386,0.00965274561946435,0
118,2,61,1e-08,30,0.419748426556392,0.2315959930443,0.000511393838153745,0
118,2,61,1e-08,60,1.02983415770807,0.604274202064005,0.00188882742211014,0
118,2,61,1e-08,120,5.45086301800572,7.36474809785953,0.00965274561946435,0
118,2,41,1e-06,30,0.00327873619621827,0.00640440892469062,0.0175581569974071,1
118,2,41,1e-06,60,0.0189147108346484,0.0335236249216876,0.105439709753164,1
118,2,41,1e-06,120,6.22227707997941,5.77581440161386,0.70847130360818,0
118,2,61,1e-06,30,0.0368716953045258,0.2315959930443,0.0175581569974071,1
118,2,61,1e-06,60,0.0382315164522151,0.604274202064005,0.105439709753164,1
118,2,61,1e-06,120,5.77133779421,7.36474809785953,0.70847130360818,0
118,2,41,0.0001,30,0.00324849387321597,0.00640440892469062,1.68021537013102,1
118,2,41,0.0001,60,0.0187772877405848,0.0335236249216876,10.3200544534141,1
118,2,41,0.0001,120,6.22712812671437,5.77581440161386,70.0789037415827,1
118,2,61,0.0001,30,0.0303422497083056,0.2315959930443,1.68021537013102,1
118,2,61,0.0001,60,0.0266368895618754,0.604274202064005,10.3200544534141,1
118,2,61,0.0001,120,5.48055412542716,7.36474809785953,70.0789037415827,1
118,3,41,1e-08,30,0.0694794812272919,0.215962059010811,0.000511393838153745,0
118,3,41,1e-08,60,0.72820034467061,1.6254135993306,0.00188882742211014,0
118,3,41,1e-08,120,2.63297845243519,6.1757318473579,0.00965274561946435,0
118,3,61,1e-08,30,0.0075993015479925,0.086044497114956,0.000511393838153745,0
118,3,61,1e-08,60,0.0894072605119446,0.173365648619168,0.00188882742211014,0
118,3,61,1e-08,120,1.31421490815066,8.29567102377905,0.00965274561946435,0
118,3,41,1e-06,30,0.0342294664620366,0.215962059010811,0.0175581569974071,1
118,3,41,1e-06,60,0.511063086703438,1.6254135993306,0.105439709753164,0
118,3,41,1e-06,120,1.8616452386322,6.1757318473579,0.70847130360818,1
118,3,61,1e-06,30,1.87890286371136,0.086044497114956,0.0175581569974071,0
118,3,61,1e-06,60,8.54519707393969,0.173365648619168,0.105439709753164,0
118,3,61,1e-06,120,6.11457973077689,8.29567102377905,0.70847130360818,0
118,3,41,0.0001,30,0.0328155051523015,0.215962059010811,1.68021537013102,1
118,3,41,0.0001,60,0.500948622160593,1.6254135993306,10.3200544534141,1
118,3,41,0.0001,120,1.82470324638776,6.1757318473579,70.0789037415827,1
118,3,61,0.0001,30,2.08271324987488,0.086044497114956,1.68021537013102,1
118,3,61,0.0001,60,9.34363854064186,0.173365648619168,10.3200544534141,1
118,3,61,0.0001,120,4.91539381351331,8.29567102377905,70.0789037415827,1
118,4,41,1e-08,30,4.84595210390555e-05,2.31700641274764e-05,0.000511393838153745,1
118,4,41,1e-08,60,0.000537679160661184,6.54650304917804e-06,0.00188882742211014,1
118,4,41,1e-08,120,0.00461537715255028,0.000202966478270455,0.00965274561946435,1
118,4,61,1e-08,30,3.36692160647209,0.00234663742776205,0.000511393838153745,0
118,4,61,1e-08,60,5.57642417816782,0.911309979533492,0.00188882742211014,0
118,4,61,1e-08,120,2.17705905323785,1.88731174068648,0.00965274561946435,0
118,4,41,1e-06,30,0.000399703248835253,2.31700641274764e-05,0.0175581569974071,1
118,4,41,1e-06,60,0.00222545728942513,6.54650304917804e-06,0.105439709753164,1
118,4,41,1e-06,120,0.0129582958222267,0.000202966478270455,0.70847130360818,1
118,4,61,1e-06,30,0.388880729831111,0.00234663742776205,0.0175581569974071,0
118,4,61,1e-06,60,0.145635558516365,0.911309979533492,0.105439709753164,1
118,4,61,1e-06,120,1.66631598714419,1.88731174068648,0.70847130360818,1
118,4,41,0.0001,30,0.000444593185247917,2.31700641274764e-05,1.68021537013102,1
118,4,41,0.0001,60,0.00242462944501953,6.54650304917804e-06,10.3200544534141,1
118,4,41,0.0001,120,0.0138877350493946,0.000202966478270455,70.0789037415827,1
118,4,61,0.0001,30,0.277803602733127,0.00234663742776205,1.68021537013102,1
118,4,61,0.0001,60,0.0385377393759864,0.911309979533492,10.3200544534141,1
118,4,61,0.0001,120,0.861160323958595,1.88731174068648,70.0789037415827,1
118,5,41,1e-08,30,0.00172652944865082,4.24872859276374e-05,0.000511393838153745,1
118,5,41,1e-08,60,0.00931910069363017,0.000199175827741996,0.00188882742211014,0
118,5,41,1e-08,120,7.88412959341658,6.92041549140081,0.00965274561946435,0
118,5,61,1e-08,30,5.05278888325538e-05,0.000514685641715132,0.000511393838153745,1
118,5,61,1e-08,60,0.000302449188483603,0.00212992910811247,0.00188882742211014,1
118,5,61,1e-08,120,0.00199663537891706,0.0074568363057981,0.00965274561946435,1
118,5,41,1e-06,30,6.83532307789464e-06,4.24872859276374e-05,0.0175581569974071,1
118,5,41,1e-06,60,4.04922472022433e-05,0.000199175827741996,0.105439709753164,1
118,5,41,1e-06,120,6.83941215389668,6.92041549140081,0.70847130360818,0
118,5,61,1e-06,30,2.72021374536415e-05,0.000514685641715132,0.0175581569974071,1
118,5,61,1e-06,60,9.0847918427944e-05,0.00212992910811247,0.105439709753164,1
118,5,61,1e-06,120,0.000619524051888721,0.0074568363057981,0.70847130360818,1
118,5,41,0.0001,30,5.72359684074747e-05,4.24872859276374e-05,1.68021537013102,1
118,5,41,0.0001,60,0.000262725886270715,0.000199175827741996,10.3200544534141,1
118,5,41,0.0001,120,6.94249452504958,6.92041549140081,70.0789037415827,1
118,5,61,0.0001,30,1.41585595076358e-05,0.000514685641715132,1.68021537013102,1
118,5,61,0.0001,60,4.55141278869368e-05,0.00212992910811247,10.3200544534141,1
118,5,61,0.0001,120,0.000377944586584664,0.0074568363057981,70.0789037415827,1
118,6,41,1e-08,30,0.00249279328533624,1.9140171103872e-07,0.000511393838153745,0
118,6,41,1e-08,60,4.55272725602417e-05,0.00283440574273195,0.00188882742211014,1
118,6,41,1e-08,120,9.77490041438913,9.52332961616449,0.00965274561946435,0
118,6,61,1e-08,30,0.000657423880748833,0.00107967439649071,0.000511393838153745,1
118,6,61,1e-08,60,0.00049306385683516,0.00131733215956378,0.00188882742211014,1
118,6,61,1e-08,120,0.00512928838901499,0.00989087882750186,0.00965274561946435,1
118,6,41,1e-06,30,0.000292438001090506,1.9140171103872e-07,0.0175581569974071,1
118,6,41,1e-06,60,0.000399754311674176,0.00283440574273195,0.105439709753164,1
118,6,41,1e-06,120,9.80182642066572,9.52332961616449,0.70847130360818,0
118,6,61,1e-06,30,7.57211996910132e-05,0.00107967439649071,0.0175581569974071,1
118,6,61,1e-06,60,0.00014704829441767,0.00131733215956378,0.105439709753164,1
118,6,61,1e-06,120,6.25928609927733e-06,0.00989087882750186,0.70847130360818,1
118,6,41,0.0001,30,3.5459586171065e-05,1.9140171103872e-07,1.68021537013102,1
118,6,41,0.0001,60,0.00178148541918368,0.00283440574273195,10.3200544534141,1
118,6,41,0.0001,120,9.65996930818218,9.52332961616449,70.0789037415827,1
118,6,61,0.0001,30,5.78385035547075e-05,0.00107967439649071,1.68021537013102,1
118,6,61,0.0001,60,0.000201997693804319,0.00131733215956378,10.3200544534141,1
118,6,61,0.0001,120,2.44487634867035e-06,0.00989087882750186,70.0789037415827,1
118,7,41,1e-08,30,0.127791474111036,0.00172925477983658,0.000511393838153745,0
118,7,41,1e-08,60,0.285687626225595,0.0110407748093118,0.00188882742211014,0
118,7,41,1e-08,120,7.01888499887075,6.31656050624612,0.00965274561946435,0
118,7,61,1e-08,30,1.54688895618349,0.000107656393622739,0.000511393838153745,0
118,7,61,1e-08,60,0.059903805063329,6.35124772564321,0.00188882742211014,0
118,7,61,1e-08,120,0.248716169385021,2.15049072899162,0.00965274561946435,0
118,7,41,1e-06,30,0.0204687419448938,0.00172925477983658,0.0175581569974071,1
118,7,41,1e-06,60,0.0709959405138124,0.0110407748093118,0.105439709753164,1
118,7,41,1e-06,120,9.14843457719076,6.31656050624612,0.70847130360818,0
118,7,61,1e-06,30,0.591436199037366,0.000107656393622739,0.0175581569974071,0
118,7,61,1e-06,60,0.893759419856833,6.35124772564321,0.105439709753164,0
118,7,61,1e-06,120,2.72659478899197,2.15049072899162,0.70847130360818,0
118,7,41,0.0001,30,0.0372691572877953,0.00172925477983658,1.68021537013102,1
118,7,41,0.0001,60,0.132661040632677,0.0110407748093118,10.3200544534141,1
118,7,41,0.0001,120,8.01612567116496,6.31656050624612,70.0789037415827,1
118,7,61,0.0001,30,0.680111309650144,0.000107656393622739,1.68021537013102,1
118,7,61,0.0001,60,0.722294156246287,6.35124772564321,10.3200544534141,1
118,7,61,0.0001,120,2.17854953735785,2.15049072899162,70.0789037415827,1
118,8,41,1e-08,30,0.00692485487298079,0.013537235606532,0.000511393838153745,0
118,8,41,1e-08,60,0.0232088309993755,0.0555537797704618,0.00188882742211014,0
118,8,41,1e-08,120,0.117867185355614,0.177814224451771,0.00965274561946435,0
118,8,61,1e-08,30,0.753394746518147,0.000441377514031473,0.000511393838153745,0
118,8,61,1e-08,60,3.27154296947518,0.182578336307745,0.00188882742211014,0
118,8,61,1e-08,120,5.31053088483668,6.89406179700839,0.00965274561946435,0
118,8,41,1e-06,30,0.00358074902571775,0.013537235606532,0.0175581569974071,1
118,8,41,1e-06,60,0.0136461072958897,0.0555537797704618,0.105439709753164,1
118,8,41,1e-06,120,0.0803648389547465,0.177814224451771,0.70847130360818,1
118,8,61,1e-06,30,6.76626071570149,0.000441377514031473,0.0175581569974071,0
118,8,61,1e-06,60,2.11780924897507,0.182578336307745,0.105439709753164,0
118,8,61,1e-06,120,2.59969781980831,6.89406179700839,0.70847130360818,1
118,8,41,0.0001,30,0.0037712217305582,0.013537235606532,1.68021537013102,1
118,8,41,0.0001,60,0.0143575102418838,0.0555537797704618,10.3200544534141,1
118,8,41,0.0001,120,0.0837314812838872,0.177814224451771,70.0789037415827,1
118,8,61,0.0001,30,6.96143244061864,0.000441377514031473,1.68021537013102,0
118,8,61,0.0001,60,1.93612106775457,0.182578336307745,10.3200544534141,1
118,8,61,0.0001,120,2.99058687454598,6.89406179700839,70.0789037415827,1
118,9,41,1e-08,30,0.00252753117988805,0.0027584903577444,0.000511393838153745,0
118,9,41,1e-08,60,0.0148125698636082,0.00603816986725645,0.00188882742211014,0
118,9,41,1e-08,120,8.94276654136369,6.74856467284552,0.00965274561946435,0
118,9,61,1e-08,30,0.363985311769951,2.61259356070555,0.000511393838153745,0
118,9,61,1e-08,60,1.16230762154954,8.64658724140111,0.00188882742211014,0
118,9,61,1e-08,120,7.03716711180244,0.00480061930140452,0.00965274561946435,0
118,9,41,1e-06,30,0.0029198688997105,0.0027584903577444,0.0175581569974071,1
118,9,41,1e-06,60,0.00660620282790466,0.00603816986725645,0.105439709753164,1
118,9,41,1e-06,120,6.70867114988763,6.74856467284552,0.70847130360818,0
118,9,61,1e-06,30,3.82416223762056,2.61259356070555,0.0175581569974071,0
118,9,61,1e-06,60,7.0218633316087,8.64658724140111,0.105439709753164,0
118,9,61,1e-06,120,1.77080675312313,0.00480061930140452,0.70847130360818,1
118,9,41,0.0001,30,0.00401648821057138,0.0027584903577444,1.68021537013102,1
118,9,41,0.0001,60,0.00988461534974976,0.00603816986725645,10.3200544534141,1
118,9,41,0.0001,120,6.524763282797,6.74856467284552,70.0789037415827,1
118,9,61,0.0001,30,4.34003861503473,2.61259356070555,1.68021537013102,1
118,9,61,0.0001,60,5.80170522177506,8.64658724140111,10.3200544534141,1
118,9,61,0.0001,120,3.23596454099007,0.00480061930140452,70.0789037415827,1
118,10,41,1e-08,30,0.00484009177970698,0.0410329285706353,0.000511393838153745,0
118,10,41,1e-08,60,0.0614628171917458,0.267682898796771,0.00188882742211014,0
118,10,41,1e-08,120,0.560282921889967,1.66647922455562,0.00965274561946435,0
118,10,61,1e-08,30,1.45052867644218,0.15604818575272,0.000511393838153745,0
118,10,61,1e-08,60,3.80072679962825,0.0876313211214003,0.00188882742211014,0
118,10,61,1e-08,120,3.57507960290453,2.10560673100019,0.00965274561946435,0
118,10,41,1e-06,30,0.00214858236132613,0.0410329285706353,0.0175581569974071,1
118,10,41,1e-06,60,0.0419085763787506,0.267682898796771,0.105439709753164,1
118,10,41,1e-06,120,0.442694719571771,1.66647922455562,0.70847130360818,1
118,10,61,1e-06,30,3.25140753300258,0.15604818575272,0.0175581569974071,0
118,10,61,1e-06,60,9.73283588631639,0.0876313211214003,0.105439709753164,0
118,10,61,1e-06,120,4.32373425635334,2.10560673100019,0.70847130360818,0
118,10,41,0.0001,30,0.00235602983229183,0.0410329285706353,1.68021537013102,1
118,10,41,0.0001,60,0.0438170310502156,0.267682898796771,10.3200544534141,1
118,10,41,0.0001,120,0.455366907472386,1.66647922455562,70.0789037415827,1
118,10,61,0.0001,30,3.48759924255573,0.15604818575272,1.68021537013102,1
118,10,61,0.0001,60,9.25446296861707,0.0876313211214003,10.3200544534141,1
118,10,61,0.0001,120,3.40065646594424,2.10560673100019,70.0789037415827,1
118,11,41,1e-08,30,0.000104958453257096,0.00385287785275714,0.000511393838153745,1
118,11,41,1e-08,60,4.5328581450246e-05,0.0117347351208496,0.00188882742211014,1
118,11,41,1e-08,120,0.0133322031777943,0.10023232694982,0.00965274561946435,1
118,11,61,1e-08,30,0.0807391287673746,0.00596354548597306,0.000511393838153745,0
118,11,61,1e-08,60,0.555236498409938,0.155569424696533,0.00188882742211014,0
118,11,61,1e-08,120,4.59184715194594,7.73491783682294,0.00965274561946435,0
118,11,41,1e-06,30,0.00154446970593152,0.00385287785275714,0.0175581569974071,1
118,11,41,1e-06,60,0.00397565841707155,0.0117347351208496,0.105439709753164,1
118,11,41,1e-06,120,0.0512189495485589,0.10023232694982,0.70847130360818,1
118,11,61,1e-06,30,0.0808849575061118,0.00596354548597306,0.0175581569974071,0
118,11,61,1e-06,60,0.655337333538689,0.155569424696533,0.105439709753164,0
118,11,61,1e-06,120,3.80332337443663,7.73491783682294,0.70847130360818,0
118,11,41,0.0001,30,0.00159881879673778,0.00385287785275714,1.68021537013102,1
118,11,41,0.0001,60,0.00411611562607571,0.0117347351208496,10.3200544534141,1
118,11,41,0.0001,120,0.0521014742034544,0.10023232694982,70.0789037415827,1
118,11,61,0.0001,30,0.0831353273520973,0.00596354548597306,1.68021537013102,1
118,11,61,0.0001,60,0.666910876190171,0.155569424696533,10.3200544534141,1
118,11,61,0.0001,120,3.75087793755987,7.73491783682294,70.0789037415827,1
118,12,41,1e-08,30,1.47133412679004,0.00802168981205424,0.000511393838153745,0
118,12,41,1e-08,60,4.99736495235896,0.05350073529756,0.00188882742211014,0
118,12,41,1e-08,120,3.25906248041807,0.507246131030929,0.00965274561946435,0
118,12,61,1e-08,30,0.0102559310379255,0.0038625963521422,0.000511393838153745,0
118,12,61,1e-08,60,0.0371089563741156,0.0161180879474766,0.00188882742211014,0
118,12,61,1e-08,120,0.0335259241260985,0.00413512821196224,0.00965274561946435,1
118,12,41,1e-06,30,0.43247495436598,0.00802168981205424,0.0175581569974071,0
118,12,41,1e-06,60,1.91261705786559,0.05350073529756,0.105439709753164,0
118,12,41,1e-06,120,9.18755839036179,0.507246131030929,0.70847130360818,0
118,12,61,1e-06,30,0.00129291969691178,0.0038625963521422,0.0175581569974071,1
118,12,61,1e-06,60,0.00549722635029334,0.0161180879474766,0.105439709753164,1
118,12,61,1e-06,120,0.00174315361990612,0.00413512821196224,0.70847130360818,1
118,12,41,0.0001,30,0.511539879006526,0.00802168981205424,1.68021537013102,1
118,12,41,0.0001,60,2.19861300585661,0.05350073529756,10.3200544534141,1
118,12,41,0.0001,120,9.41186494061303,0.507246131030929,70.0789037415827,1
118,12,61,0.0001,30,0.00116416937626919,0.0038625963521422,1.68021537013102,1
118,12,61,0.0001,60,0.00502581327697831,0.0161180879474766,10.3200544534141,1
118,12,61,0.0001,120,0.00228746926522915,0.00413512821196224,70.0789037415827,1
118,13,41,1e-08,30,0.000945112615550941,0.000664309788746194,0.000511393838153745,1
118,13,41,1e-08,60,0.0220407041296823,0.00140864815534183,0.00188882742211014,0
118,13,41,1e-08,120,0.32914050696543,0.125283429395898,0.00965274561946435,0
118,13,61,1e-08,30,0.00128262397739878,0.00103866489340429,0.000511393838153745,1
118,13,61,1e-08,60,2.45081000813004e-05,0.00165261581604629,0.00188882742211014,1
118,13,61,1e-08,120,0.0391236747033699,0.00289631177601273,0.00965274561946435,0
118,13,41,1e-06,30,0.00128852626185803,0.000664309788746194,0.0175581569974071,1
118,13,41,1e-06,60,0.0258889517367596,0.00140864815534183,0.105439709753164,1
118,13,41,1e-06,120,0.360863218074433,0.125283429395898,0.70847130360818,1
118,13,61,1e-06,30,7.11613691985881e-06,0.00103866489340429,0.0175581569974071,1
118,13,61,1e-06,60,0.000905713870363144,0.00165261581604629,0.105439709753164,1
118,13,61,1e-06,120,0.0385210890150023,0.00289631177601273,0.70847130360818,1
118,13,41,0.0001,30,0.00132319320249031,0.000664309788746194,1.68021537013102,1
118,13,41,0.0001,60,0.0261896486699466,0.00140864815534183,10.3200544534141,1
118,13,41,0.0001,120,0.363072206309544,0.125283429395898,70.0789037415827,1
118,13,61,0.0001,30,0.00118054593394565,0.00103866489340429,1.68021537013102,1
118,13,61,0.0001,60,0.00856314863490546,0.00165261581604629,10.3200544534141,1
118,13,61,0.0001,120,0.102535454339576,0.00289631177601273,70.0789037415827,1
118,14,41,1e-08,30,0.000102223124055935,0.000222295735186922,0.000511393838153745,1
118,14,41,1e-08,60,0.00909665371687181,0.00782121295097564,0.00188882742211014,0
118,14,41,1e-08,120,0.421746102523651,0.407301317915695,0.00965274561946435,0
118,14,61,1e-08,30,0.00485015230739897,0.00224231207426899,0.000511393838153745,0
118,14,61,1e-08,60,0.0120043435205462,0.00677568520867543,0.00188882742211014,0
118,14,61,1e-08,120,0.000356605371141538,0.000334355922899651,0.00965274561946435,1
118,14,41,1e-06,30,0.000138474881283624,0.000222295735186922,0.0175581569974071,1
118,14,41,1e-06,60,0.00892864791347237,0.00782121295097564,0.105439709753164,1
118,14,41,1e-06,120,0.422603006394594,0.407301317915695,0.70847130360818,1
118,14,61,1e-06,30,0.000168949443692543,0.00224231207426899,0.0175581569974071,1
118,14,61,1e-06,60,0.000175563838233901,0.00677568520867543,0.105439709753164,1
118,14,61,1e-06,120,0.024576487059229,0.000334355922899651,0.70847130360818,1
118,14,41,0.0001,30,0.000181582689853702,0.000222295735186922,1.68021537013102,1
118,14,41,0.0001,60,0.00833637867764927,0.00782121295097564,10.3200544534141,1
118,14,41,0.0001,120,0.414647687078964,0.407301317915695,70.0789037415827,1
118,14,61,0.0001,30,0.000142783884649949,0.00224231207426899,1.68021537013102,1
118,14,61,0.0001,60,0.000132326895553284,0.00677568520867543,10.3200544534141,1
118,14,61,0.0001,120,0.0255716403366693,0.000334355922899651,70.0789037415827,1
118,15,41,1e-08,30,0.0014729162777903,0.00355939425022368,0.000511393838153745,1
118,15,41,1e-08,60,0.00773611022053942,0.00880961103088058,0.00188882742211014,0
118,15,41,1e-08,120,0.0664454227371372,0.00838972969111279,0.00965274561946435,0
118,15,61,1e-08,30,0.000982832575057835,3.65239877646152e-05,0.000511393838153745,1
118,15,61,1e-08,60,0.0152228113228579,0.00498253532970603,0.00188882742211014,0
118,15,61,1e-08,120,0.00478367139026818,0.00149024163572853,0.00965274561946435,1
118,15,41,1e-06,30,0.000763226140710401,0.00355939425022368,0.0175581569974071,1
118,15,41,1e-06,60,0.00648870460989371,0.00880961103088058,0.105439709753164,1
118,15,41,1e-06,120,0.0660830265945012,0.00838972969111279,0.70847130360818,1
118,15,61,1e-06,30,0.00160430365129814,3.65239877646152e-05,0.0175581569974071,1
118,15,61,1e-06,60,0.0192460448639744,0.00498253532970603,0.105439709753164,1
118,15,61,1e-06,120,0.00956581132587592,0.00149024163572853,0.70847130360818,1
118,15,41,0.0001,30,0.000784490607462726,0.00355939425022368,1.68021537013102,1
118,15,41,0.0001,60,0.00663863662163021,0.00880961103088058,10.3200544534141,1
118,15,41,0.0001,120,0.0671212892080349,0.00838972969111279,70.0789037415827,1
118,15,61,0.0001,30,0.00170342344486185,3.65239877646152e-05,1.68021537013102,1
118,15,61,0.0001,60,0.0198941208144813,0.00498253532970603,10.3200544534141,1
118,15,61,0.0001,120,0.0104686861854515,0.00149024163572853,70.0789037415827,1
118,16,41,1e-08,30,0.564068473899545,0.303963086492686,0.000511393838153745,0
118,16,41,1e-08,60,2.08694359227373,1.17422256528062,0.00188882742211014,0
118,16,41,1e-08,120,4.92877392112864,2.36079027823916,0.00965274561946435,0
118,16,61,1e-08,30,0.236930626687533,0.00275720662691285,0.000511393838153745,0
118,16,61,1e-08,60,1.04629302700827,0.000708281959111662,0.00188882742211014,0
118,16,61,1e-08,120,0.541217721054942,7.00110254359062,0.00965274561946435,0
118,16,41,1e-06,30,0.400587228986969,0.303963086492686,0.0175581569974071,0
118,16,41,1e-06,60,1.55170080550324,1.17422256528062,0.105439709753164,0
118,16,41,1e-06,120,3.45765119838079,2.36079027823916,0.70847130360818,0
118,16,61,1e-06,30,0.000559020559029361,0.00275720662691285,0.0175581569974071,1
118,16,61,1e-06,60,0.0308463557627206,0.000708281959111662,0.105439709753164,1
118,16,61,1e-06,120,5.52819738802267,7.00110254359062,0.70847130360818,0
118,16,41,0.0001,30,0.387490229555581,0.303963086492686,1.68021537013102,1
118,16,41,0.0001,60,1.50288094451919,1.17422256528062,10.3200544534141,1
118,16,41,0.0001,120,3.31634639272461,2.36079027823916,70.0789037415827,1
118,16,61,0.0001,30,0.000187263086075672,0.00275720662691285,1.68021537013102,1
118,16,61,0.0001,60,0.0252708890653762,0.000708281959111662,10.3200544534141,1
118,16,61,0.0001,120,5.67050778249711,7.00110254359062,70.0789037415827,1
118,17,41,1e-08,30,5.60899547648613e-07,0.0035690967326375,0.000511393838153745,1
118,17,41,1e-08,60,0.000165337504196753,0.00867285105640659,0.00188882742211014,1
118,17,41,1e-08,120,0.00728047602823864,0.0124661944884684,0.00965274561946435,1
118,17,61,1e-08,30,0.00149013585148316,2.00384693914897e-05,0.000511393838153745,1
118,17,61,1e-08,60,0.00866501011559392,0.000574465390348547,0.00188882742211014,0
118,17,61,1e-08,120,0.279781555301512,0.151976326163938,0.00965274561946435,0
118,17,41,1e-06,30,0.00113708636377179,0.0035690967326375,0.0175581569974071,1
118,17,41,1e-06,60,0.0087956287133941,0.00867285105640659,0.105439709753164,1
118,17,41,1e-06,120,0.0687289655736903,0.0124661944884684,0.70847130360818,1
118,17,61,1e-06,30,0.0063633189872447,2.00384693914897e-05,0.0175581569974071,1
118,17,61,1e-06,60,0.0306659487857945,0.000574465390348547,0.105439709753164,1
118,17,61,1e-06,120,0.47983370880221,0.151976326163938,0.70847130360818,1
118,17,41,0.0001,30,0.00153632945433644,0.0035690967326375,1.68021537013102,1
118,17,41,0.0001,60,0.0109723004833239,0.00867285105640659,10.3200544534141,1
118,17,41,0.0001,120,0.0807143162642958,0.0124661944884684,70.0789037415827,1
118,17,61,0.0001,30,0.00727900192560396,2.00384693914897e-05,1.68021537013102,1
118,17,61,0.0001,60,0.0344679399546126,0.000574465390348547,10.3200544534141,1
118,17,61,0.0001,120,0.508686226959346,0.151976326163938,70.0789037415827,1
118,18,41,1e-08,30,0.0132729006184069,0.00156125463673148,0.000511393838153745,0
118,18,41,1e-08,60,0.0612062286352783,0.0192457017621554,0.00188882742211014,0
118,18,41,1e-08,120,0.389999329369098,0.202391871646045,0.00965274561946435,0
118,18,61,1e-08,30,7.37849001316206,6.8940030129293,0.000511393838153745,0
118,18,61,1e-08,60,8.07015991252833,7.0705672370406,0.00188882742211014,0
118,18,61,1e-08,120,9.50772875473302,7.3962374268498,0.00965274561946435,0
118,18,41,1e-06,30,0.00110751407158927,0.00156125463673148,0.0175581569974071,1
118,18,41,1e-06,60,0.0157613954730248,0.0192457017621554,0.105439709753164,1
118,18,41,1e-06,120,0.178754053187493,0.202391871646045,0.70847130360818,1
118,18,61,1e-06,30,7.30190807502565,6.8940030129293,0.0175581569974071,0
118,18,61,1e-06,60,7.90743335289669,7.0705672370406,0.105439709753164,0
118,18,61,1e-06,120,9.15284389478884,7.3962374268498,0.70847130360818,0
118,18,41,0.0001,30,0.00082271962437396,0.00156125463673148,1.68021537013102,1
118,18,41,0.0001,60,0.0137035175170091,0.0192457017621554,10.3200544534141,1
118,18,41,0.0001,120,0.165273575476263,0.202391871646045,70.0789037415827,1
118,18,61,0.0001,30,7.28851956991351,6.8940030129293,1.68021537013102,0
118,18,61,0.0001,60,7.88046655713419,7.0705672370406,10.3200544534141,1
118,18,61,0.0001,120,9.09581337046622,7.3962374268498,70.0789037415827,1
118,19,41,1e-08,30,0.582168356800999,0.000285291532336907,0.000511393838153745,0
118,19,41,1e-08,60,3.19580677689804,0.0730726392943052,0.00188882742211014,0
118,19,41,1e-08,120,1.76830136916998,3.58549771951995,0.00965274561946435,0
118,19,61,1e-08,30,9.39522109918195,9.38066872727282,0.000511393838153745,0
118,19,61,1e-08,60,9.40715756104583,9.44481405741592,0.00188882742211014,0
118,19,61,1e-08,120,9.81165940737367,9.7823888473038,0.00965274561946435,0
118,19,41,1e-06,30,0.621945287740473,0.000285291532336907,0.0175581569974071,0
118,19,41,1e-06,60,3.28735464993309,0.0730726392943052,0.105439709753164,0
118,19,41,1e-06,120,1.7024319040227,3.58549771951995,0.70847130360818,1
118,19,61,1e-06,30,9.37462296563083,9.38066872727282,0.0175581569974071,0
118,19,61,1e-06,60,9.43198243293428,9.44481405741592,0.105439709753164,0
118,19,61,1e-06,120,9.80924764100524,9.7823888473038,0.70847130360818,0
118,19,41,0.0001,30,0.590263859673002,0.000285291532336907,1.68021537013102,1
118,19,41,0.0001,60,3.14388747515094,0.0730726392943052,10.3200544534141,1
118,19,41,0.0001,120,1.91570789921675,3.58549771951995,70.0789037415827,1
118,19,61,0.0001,30,9.3814541434537,9.38066872727282,1.68021537013102,0
118,19,61,0.0001,60,9.44638503683948,9.44481405741592,10.3200544534141,1
118,19,61,0.0001,120,9.77919696488322,9.7823888473038,70.0789037415827,1
118,20,41,1e-08,30,0.00885187838574304,0.025600981822691,0.000511393838153745,0
118,20,41,1e-08,60,0.110263695966729,0.222587321947629,0.00188882742211014,0
118,20,41,1e-08,120,3.11199725700833,4.20842079389115,0.00965274561946435,0
118,20,61,1e-08,30,5.89780912346867e-05,0.00307787502898531,0.000511393838153745,1
118,20,61,1e-08,60,0.000682200545505678,0.0104457139837792,0.00188882742211014,1
118,20,61,1e-08,120,0.00582153499675416,0.0332530221014236,0.00965274561946435,1
118,20,41,1e-06,30,0.00864417813196139,0.025600981822691,0.0175581569974071,1
118,20,41,1e-06,60,0.11407765017177,0.222587321947629,0.105439709753164,1
118,20,41,1e-06,120,3.18047363516736,4.20842079389115,0.70847130360818,0
118,20,61,1e-06,30,0.000988293317070806,0.00307787502898531,0.0175581569974071,1
118,20,61,1e-06,60,0.00518337741001065,0.0104457139837792,0.105439709753164,1
118,20,61,1e-06,120,0.0276937123919821,0.0332530221014236,0.70847130360818,1
118,20,41,0.0001,30,0.00873397167972405,0.025600981822691,1.68021537013102,1
118,20,41,0.0001,60,0.114715791823392,0.222587321947629,10.3200544534141,1
118,20,41,0.0001,120,3.18713559707231,4.20842079389115,70.0789037415827,1
118,20,61,0.0001,30,0.00121509314255814,0.00307787502898531,1.68021537013102,1
118,20,61,0.0001,60,0.00615806045777561,0.0104457139837792,10.3200544534141,1
118,20,61,0.0001,120,0.0320428169080804,0.0332530221014236,70.0789037415827,1
119,1,41,1e-08,30,4.84733850346033,6.18400306972106,0.000511393838153745,0
119,1,41,1e-08,60,4.58222706223802,7.51443933233123,0.00188882742211014,0
119,1,41,1e-08,120,6.17399951465327,1.57012925606608,0.00965274561946435,0
119,1,61,1e-08,30,0.0332178425627371,0.0317150198359219,0.000511393838153745,0
119,1,61,1e-08,60,0.102038087766695,0.0919735578387208,0.00188882742211014,0
119,1,61,1e-08,120,0.229550993226179,0.19269296881632,0.00965274561946435,0
119,1,41,1e-06,30,4.39757404410239,6.18400306972106,0.0175581569974071,0
119,1,41,1e-06,60,3.84630303428247,7.51443933233123,0.105439709753164,0
119,1,41,1e-06,120,7.91713655896818,1.57012925606608,0.70847130360818,0
119,1,61,1e-06,30,0.0230324353656401,0.0317150198359219,0.0175581569974071,1
119,1,61,1e-06,60,0.0624875589498403,0.0919735578387208,0.105439709753164,1
119,1,61,1e-06,120,0.11004118093457,0.19269296881632,0.70847130360818,1
119,1,41,0.0001,30,4.38655141256154,6.18400306972106,1.68021537013102,1
119,1,41,0.0001,60,3.82800812930684,7.51443933233123,10.3200544534141,1
119,1,41,0.0001,120,7.9664521063196,1.57012925606608,70.0789037415827,1
119,1,61,0.0001,30,0.0209244745470369,0.0317150198359219,1.68021537013102,1
119,1,61,0.0001,60,0.0558830043024572,0.0919735578387208,10.3200544534141,1
119,1,61,0.0001,120,0.0931529738023328,0.19269296881632,70.0789037415827,1
119,2,41,1e-08,30,2.26264278268112,0.00139613541039527,0.000511393838153745,0
119,2,41,1e-08,60,4.93336874670908,0.384088098665747,0.00188882742211014,0
119,2,41,1e-08,120,8.27236778328841,3.11907526927419,0.00965274561946435,0
119,2,61,1e-08,30,0.00725808019513745,0.00471453823607763,0.000511393838153745,0
119,2,61,1e-08,60,0.0380113873582877,0.0144177965253709,0.00188882742211014,0
119,2,61,1e-08,120,3.95556791158349,6.8972673231734,0.00965274561946435,0
119,2,41,1e-06,30,6.42138403550946,0.00139613541039527,0.0175581569974071,0
119,2,41,1e-06,60,3.15914782484849,0.384088098665747,0.105439709753164,0
119,2,41,1e-06,120,4.77207593110465,3.11907526927419,0.70847130360818,0
119,2,61,1e-06,30,0.00517289706675978,0.00471453823607763,0.0175581569974071,1
119,2,61,1e-06,60,0.025884023794256,0.0144177965253709,0.105439709753164,1
119,2,61,1e-06,120,4.26239904873809,6.8972673231734,0.70847130360818,0
119,2,41,0.0001,30,5.87261307485911,0.00139613541039527,1.68021537013102,1
119,2,41,0.0001,60,3.92709688390703,0.384088098665747,10.3200544534141,1
119,2,41,0.0001,120,3.21495464426924,3.11907526927419,70.0789037415827,1
119,2,61,0.0001,30,0.00481817916290904,0.00471453823607763,1.68021537013102,1
119,2,61,0.0001,60,0.0243593142115977,0.0144177965253709,10.3200544534141,1
119,2,61,0.0001,120,4.30134986364711,6.8972673231734,70.0789037415827,1
119,3,41,1e-08,30,0.142383759010239,0.0340324728740597,0.000511393838153745,0
119,3,41,1e-08,60,0.338086490370351,0.179985731892695,0.00188882742211014,0
119,3,41,1e-08,120,2.9218689204733,2.63559223499568,0.00965274561946435,0
119,3,61,1e-08,30,0.324070003115972,0.298067281594922,0.000511393838153745,0
119,3,61,1e-08,60,0.0440354077470074,0.122111322204368,0.00188882742211014,0
119,3,61,1e-08,120,0.0817010475176338,0.0322535276207678,0.00965274561946435,0
119,3,41,1e-06,30,0.0188540282517829,0.0340324728740597,0.0175581569974071,1
119,3,41,1e-06,60,0.111017981454373,0.179985731892695,0.105439709753164,1
119,3,41,1e-06,120,2.08694916160065,2.63559223499568,0.70847130360818,1
119,3,61,1e-06,30,0.0171182309293638,0.298067281594922,0.0175581569974071,1
119,3,61,1e-06,60,1.0128185025417,0.122111322204368,0.105439709753164,0
119,3,61,1e-06,120,6.42279148523394,0.0322535276207678,0.70847130360818,0
119,3,41,0.0001,30,0.0363681625684924,0.0340324728740597,1.68021537013102,1
119,3,41,0.0001,60,0.190738875642608,0.179985731892695,10.3200544534141,1
119,3,41,0.0001,120,2.71744639932479,2.63559223499568,70.0789037415827,1
119,3,61,0.0001,30,0.0109093246605739,0.298067281594922,1.68021537013102,1
119,3,61,0.0001,60,0.905121542293661,0.122111322204368,10.3200544534141,1
119,3,61,0.0001,120,5.86642466082974,0.0322535276207678,70.0789037415827,1
119,4,41,1e-08,30,0.011978218610624,0.0784001336270618,0.000511393838153745,0
119,4,41,1e-08,60,0.0575071482608864,0.345896891309113,0.00188882742211014,0
119,4,41,1e-08,120,0.181445987310359,1.27650438382464,0.00965274561946435,0
119,4,61,1e-08,30,0.148028086674998,0.298970881215309,0.000511393838153745,0
119,4,61,1e-08,60,0.843908964681354,1.67974286855266,0.00188882742211014,0
119,4,61,1e-08,120,9.34769874440541,5.05919565488673,0.00965274561946435,0
119,4,41,1e-06,30,0.000886330648601893,0.0784001336270618,0.0175581569974071,1
119,4,41,1e-06,60,0.0076292468727908,0.345896891309113,0.105439709753164,1
119,4,41,1e-06,120,0.0163659557700736,1.27650438382464,0.70847130360818,1
119,4,61,1e-06,30,0.0303649718983029,0.298970881215309,0.0175581569974071,1
119,4,61,1e-06,60,0.301980654228072,1.67974286855266,0.105439709753164,1
119,4,61,1e-06,120,6.44860072104148,5.05919565488673,0.70847130360818,0
119,4,41,0.0001,30,0.000364854381737858,0.0784001336270618,1.68021537013102,1
119,4,41,0.0001,60,0.00439922583969562,0.345896891309113,10.3200544534141,1
119,4,41,0.0001,120,0.00743269572256793,1.27650438382464,70.0789037415827,1
119,4,61,0.0001,30,0.0277317634405773,0.298970881215309,1.68021537013102,1
119,4,61,0.0001,60,0.286788449463392,1.67974286855266,10.3200544534141,1
119,4,61,0.0001,120,6.31446206788479,5.05919565488673,70.0789037415827,1
119,5,41,1e-08,30,0.199221160422759,0.598549941769796,0.000511393838153745,0
119,5,41,1e-08,60,0.222229946478224,1.39096699267643,0.00188882742211014,0
119,5,41,1e-08,120,0.00176914383459025,2.03702070992781,0.00965274561946435,1
119,5,61,1e-08,30,0.0316421607467119,0.0387325492298934,0.000511393838153745,0
119,5,61,1e-08,60,1.97298206407041,2.06022448580273,0.00188882742211014,0
119,5,61,1e-08,120,4.93801483699836,5.1823421549746,0.00965274561946435,0
119,5,41,1e-06,30,0.0597291824083656,0.598549941769796,0.0175581569974071,1
119,5,41,1e-06,60,0.0142604504084693,1.39096699267643,0.105439709753164,1
119,5,41,1e-06,120,0.481851281721052,2.03702070992781,0.70847130360818,1
119,5,61,1e-06,30,0.0338917074821182,0.0387325492298934,0.0175581569974071,1
119,5,61,1e-06,60,1.98779104490147,2.06022448580273,0.105439709753164,0
119,5,61,1e-06,120,4.95294025505446,5.1823421549746,0.70847130360818,0
119,5,41,0.0001,30,0.0557877036002889,0.598549941769796,1.68021537013102,1
119,5,41,0.0001,60,0.0109089286437349,1.39096699267643,10.3200544534141,1
119,5,41,0.0001,120,0.522246642685941,2.03702070992781,70.0789037415827,1
119,5,61,0.0001,30,0.0339274343399686,0.0387325492298934,1.68021537013102,1
119,5,61,0.0001,60,1.98845025149185,2.06022448580273,10.3200544534141,1
119,5,61,0.0001,120,4.95519837247593,5.1823421549746,70.0789037415827,1
119,6,41,1e-08,30,0.0688487660806068,0.0531148536645266,0.000511393838153745,0
119,6,41,1e-08,60,0.88750360208405,0.754092538019382,0.00188882742211014,0
119,6,41,1e-08,120,2.57818624035153,2.09801804719038,0.00965274561946435,0
119,6,61,1e-08,30,1.40607881979141,0.0622362619487127,0.000511393838153745,0
119,6,61,1e-08,60,8.9509827732493,0.129281304800058,0.00188882742211014,0
119,6,61,1e-08,120,0.200387473683189,0.205018320004527,0.00965274561946435,0
119,6,41,1e-06,30,0.0867357004357221,0.0531148536645266,0.0175581569974071,0
119,6,41,1e-06,60,0.993366211928822,0.754092538019382,0.105439709753164,0
119,6,41,1e-06,120,2.90786417949865,2.09801804719038,0.70847130360818,0
119,6,61,1e-06,30,8.63467275257435,0.0622362619487127,0.0175581569974071,0
119,6,61,1e-06,60,0.0643233863896452,0.129281304800058,0.105439709753164,1
119,6,61,1e-06,120,0.0518478508289737,0.205018320004527,0.70847130360818,1
119,6,41,0.0001,30,0.0873946936051138,0.0531148536645266,1.68021537013102,1
119,6,41,0.0001,60,0.997413371197931,0.754092538019382,10.3200544534141,1
119,6,41,0.0001,120,2.92101425367123,2.09801804719038,70.0789037415827,1
119,6,61,0.0001,30,9.21020566916086,0.0622362619487127,1.68021537013102,0
119,6,61,0.0001,60,0.00547496182045154,0.129281304800058,10.3200544534141,1
119,6,61,0.0001,120,0.0140375308247564,0.205018320004527,70.0789037415827,1
119,7,41,1e-08,30,8.5128902253688,9.2888453549258,0.000511393838153745,0
119,7,41,1e-08,60,9.08824048500909,8.95574887722173,0.00188882742211014,0
119,7,41,1e-08,120,7.6712901866513,8.6785016405223,0.00965274561946435,0
119,7,61,1e-08,30,0.281968029509126,0.00543311919191144,0.000511393838153745,0
119,7,61,1e-08,60,0.901548687738067,0.000115144211432197,0.00188882742211014,0
119,7,61,1e-08,120,2.98547751914018,0.00320321568957165,0.00965274561946435,0
119,7,41,1e-06,30,7.9343516934845,9.2888453549258,0.0175581569974071,0
119,7,41,1e-06,60,7.99707234369224,8.95574887722173,0.105439709753164,0
119,7,41,1e-06,120,5.81388863397287,8.6785016405223,0.70847130360818,0
119,7,61,1e-06,30,0.664317155321018,0.00543311919191144,0.0175581569974071,0
119,7,61,1e-06,60,2.27008569086653,0.000115144211432197,0.105439709753164,0
119,7,61,1e-06,120,8.6939992614451,0.00320321568957165,0.70847130360818,0
119,7,41,0.0001,30,7.9124563517561,9.2888453549258,1.68021537013102,0
119,7,41,0.0001,60,7.95724195626242,8.95574887722173,10.3200544534141,1
119,7,41,0.0001,120,5.74956795544175,8.6785016405223,70.0789037415827,1
119,7,61,0.0001,30,0.83289656005597,0.00543311919191144,1.68021537013102,1
119,7,61,0.0001,60,2.85175792265198,0.000115144211432197,10.3200544534141,1
119,7,61,0.0001,120,8.90230559224484,0.00320321568957165,70.0789037415827,1
119,8,41,1e-08,30,0.00187943709689368,0.0039018272763073,0.000511393838153745,1
119,8,41,1e-08,60,0.0294239813919305,0.0453599070226212,0.00188882742211014,0
119,8,41,1e-08,120,2.51836973012964,2.79908397438898,0.00965274561946435,0
119,8,61,1e-08,30,0.0803913235009663,1.18075204420245,0.000511393838153745,0
119,8,61,1e-08,60,1.68395717175049,7.68597563930546,0.00188882742211014,0
119,8,61,1e-08,120,1.27198554620533,5.46384347216472,0.00965274561946435,0
119,8,41,1e-06,30,0.00354521452865175,0.0039018272763073,0.0175581569974071,1
119,8,41,1e-06,60,0.0429775707160208,0.0453599070226212,0.105439709753164,1
119,8,41,1e-06,120,2.76186885315951,2.79908397438898,0.70847130360818,0
119,8,61,1e-06,30,1.5450182476675,1.18075204420245,0.0175581569974071,0
119,8,61,1e-06,60,9.57217357420597,7.68597563930546,0.105439709753164,0
119,8,61,1e-06,120,2.84128897106846,5.46384347216472,0.70847130360818,0
119,8,41,0.0001,30,0.00374773378183422,0.0039018272763073,1.68021537013102,1
119,8,41,0.0001,60,0.0443055466910525,0.0453599070226212,10.3200544534141,1
119,8,41,0.0001,120,2.78245278691684,2.79908397438898,70.0789037415827,1
119,8,61,0.0001,30,1.72192541793593,1.18075204420245,1.68021537013102,1
119,8,61,0.0001,60,9.36076750779286,7.68597563930546,10.3200544534141,1
119,8,61,0.0001,120,2.05869276768369,5.46384347216472,70.0789037415827,1
119,9,41,1e-08,30,0.00190845406819928,0.000439609351017171,0.000511393838153745,1
119,9,41,1e-08,60,4.89835373661855e-05,0.000266324107729251,0.00188882742211014,1
119,9,41,1e-08,120,0.000556297994782671,0.00231387687512325,0.00965274561946435,1
119,9,61,1e-08,30,0.993228004503786,0.109898470316514,0.000511393838153745,0
119,9,61,1e-08,60,0.262962246653116,6.44381208934361,0.00188882742211014,0
119,9,61,1e-08,120,7.9935647391515,6.82732517708966,0.00965274561946435,0
119,9,41,1e-06,30,0.00621139587607511,0.000439609351017171,0.0175581569974071,1
119,9,41,1e-06,60,0.0471025623070418,0.000266324107729251,0.105439709753164,1
119,9,41,1e-06,120,0.203112148880462,0.00231387687512325,0.70847130360818,1
119,9,61,1e-06,30,6.9195232357464,0.109898470316514,0.0175581569974071,0
119,9,61,1e-06,60,8.32364218075321,6.44381208934361,0.105439709753164,0
119,9,61,1e-06,120,3.73365510819488,6.82732517708966,0.70847130360818,0
119,9,41,0.0001,30,0.00789981008456934,0.000439609351017171,1.68021537013102,1
119,9,41,0.0001,60,0.0557090101104403,0.000266324107729251,10.3200544534141,1
119,9,41,0.0001,120,0.237687123397929,0.00231387687512325,70.0789037415827,1
119,9,61,0.0001,30,7.36744930967404,0.109898470316514,1.68021537013102,0
119,9,61,0.0001,60,7.4523063791567,6.44381208934361,10.3200544534141,1
119,9,61,0.0001,120,4.97378354348739,6.82732517708966,70.0789037415827,1
119,10,41,1e-08,30,0.196823837234642,0.237466842529645,0.000511393838153745,0
119,10,41,1e-08,60,4.95837191877179,5.56362916903451,0.00188882742211014,0
119,10,41,1e-08,120,8.10960619416985,9.77675102158241,0.00965274561946435,0
119,10,61,1e-08,30,0.680804119433018,1.76134600745079,0.000511393838153745,0
119,10,61,1e-08,60,0.104853972742018,1.80773829158489,0.00188882742211014,0
119,10,61,1e-08,120,4.99655170248154,3.9595260876502,0.00965274561946435,0
119,10,41,1e-06,30,0.0535927309703312,0.237466842529645,0.0175581569974071,1
119,10,41,1e-06,60,3.40593466625926,5.56362916903451,0.105439709753164,0
119,10,41,1e-06,120,4.52993059688223,9.77675102158241,0.70847130360818,0
119,10,61,1e-06,30,0.116743849244126,1.76134600745079,0.0175581569974071,0
119,10,61,1e-06,60,0.398067528416447,1.80773829158489,0.105439709753164,1
119,10,61,1e-06,120,0.114206970227835,3.9595260876502,0.70847130360818,1
119,10,41,0.0001,30,0.0489304788256585,0.237466842529645,1.68021537013102,1
119,10,41,0.0001,60,3.33614277730066,5.56362916903451,10.3200544534141,1
119,10,41,0.0001,120,4.37621994472791,9.77675102158241,70.0789037415827,1
119,10,61,0.0001,30,0.100488160900747,1.76134600745079,1.68021537013102,1
119,10,61,0.0001,60,0.456761226584161,1.80773829158489,10.3200544534141,1
119,10,61,0.0001,120,0.063785673912908,3.9595260876502,70.0789037415827,1
119,11,41,1e-08,30,0.105651480947424,0.00111802380360428,0.000511393838153745,0
119,11,41,1e-08,60,0.211870001254427,0.0185397319923215,0.00188882742211014,0
119,11,41,1e-08,120,4.5749614131778,9.4363383143936,0.00965274561946435,0
119,11,61,1e-08,30,0.0034826951305672,0.0104868202270617,0.000511393838153745,0
119,11,61,1e-08,60,0.0888005027081177,0.10233360710242,0.00188882742211014,0
119,11,61,1e-08,120,6.83020434236786,6.72048940836605,0.00965274561946435,0
119,11,41,1e-06,30,0.00631984439824764,0.00111802380360428,0.0175581569974071,1
119,11,41,1e-06,60,0.0529956114872786,0.0185397319923215,0.105439709753164,1
119,11,41,1e-06,120,8.30501508005727,9.4363383143936,0.70847130360818,0
119,11,61,1e-06,30,0.00723582918948668,0.0104868202270617,0.0175581569974071,1
119,11,61,1e-06,60,0.0813796060565302,0.10233360710242,0.105439709753164,1
119,11,61,1e-06,120,6.3665295084022,6.72048940836605,0.70847130360818,0
119,11,41,0.0001,30,0.00653222924595849,0.00111802380360428,1.68021537013102,1
119,11,41,0.0001,60,0.053337872079627,0.0185397319923215,10.3200544534141,1
119,11,41,0.0001,120,8.30745321978647,9.4363383143936,70.0789037415827,1
119,11,61,0.0001,30,0.0049506448031349,0.0104868202270617,1.68021537013102,1
119,11,61,0.0001,60,0.0654363861305247,0.10233360710242,10.3200544534141,1
119,11,61,0.0001,120,6.07231495953604,6.72048940836605,70.0789037415827,1
119,12,41,1e-08,30,0.136828693882091,1.33662556905302e-05,0.000511393838153745,0
119,12,41,1e-08,60,0.370875388879966,1.72054523584412e-05,0.00188882742211014,0
119,12,41,1e-08,120,6.00055678529173,7.43460481806557,0.00965274561946435,0
119,12,61,1e-08,30,0.00716565243500129,7.52814663189422e-05,0.000511393838153745,0
119,12,61,1e-08,60,0.0269491597059775,0.000417432356206977,0.00188882742211014,0
119,12,61,1e-08,120,4.54816471251184,2.99570524101355,0.00965274561946435,0
119,12,41,1e-06,30,0.0177585678974087,1.33662556905302e-05,0.0175581569974071,1
119,12,41,1e-06,60,0.079128589928033,1.72054523584412e-05,0.105439709753164,1
119,12,41,1e-06,120,4.70469725569191,7.43460481806557,0.70847130360818,0
119,12,61,1e-06,30,0.000111786580733568,7.52814663189422e-05,0.0175581569974071,1
119,12,61,1e-06,60,0.00341471768757391,0.000417432356206977,0.105439709753164,1
119,12,61,1e-06,120,2.74000522314793,2.99570524101355,0.70847130360818,0
119,12,41,0.0001,30,0.0223140206723453,1.33662556905302e-05,1.68021537013102,1
119,12,41,0.0001,60,0.0962559866079655,1.72054523584412e-05,10.3200544534141,1
119,12,41,0.0001,120,4.47071310123075,7.43460481806557,70.0789037415827,1
119,12,61,0.0001,30,0.000164099669772044,7.52814663189422e-05,1.68021537013102,1
119,12,61,0.0001,60,0.0040196466474344,0.000417432356206977,10.3200544534141,1
119,12,61,0.0001,120,2.7056146368912,2.99570524101355,70.0789037415827,1
119,13,41,1e-08,30,0.164556642501379,0.191476614999692,0.000511393838153745,0
119,13,41,1e-08,60,1.25783866935837,1.55788847629303,0.00188882742211014,0
119,13,41,1e-08,120,8.23598019718842,6.52204287573473,0.00965274561946435,0
119,13,61,1e-08,30,0.116941246437243,0.0860677305620655,0.000511393838153745,0
119,13,61,1e-08,60,0.230940447340528,0.256453799322408,0.00188882742211014,0
119,13,61,1e-08,120,5.08539683921215,5.90402517556052,0.00965274561946435,0
119,13,41,1e-06,30,0.0560083982684049,0.191476614999692,0.0175581569974071,1
119,13,41,1e-06,60,0.714905782217601,1.55788847629303,0.105439709753164,0
119,13,41,1e-06,120,8.54566037521776,6.52204287573473,0.70847130360818,0
119,13,61,1e-06,30,0.00680137331513106,0.0860677305620655,0.0175581569974071,1
119,13,61,1e-06,60,0.00696783469743529,0.256453799322408,0.105439709753164,1
119,13,61,1e-06,120,2.50528051892016,5.90402517556052,0.70847130360818,1
119,13,41,0.0001,30,0.0555779908514223,0.191476614999692,1.68021537013102,1
119,13,41,0.0001,60,0.713155127492366,1.55788847629303,10.3200544534141,1
119,13,41,0.0001,120,8.53814631849664,6.52204287573473,70.0789037415827,1
119,13,61,0.0001,30,0.00568545975341742,0.0860677305620655,1.68021537013102,1
119,13,61,0.0001,60,0.00496435676908372,0.256453799322408,10.3200544534141,1
119,13,61,0.0001,120,2.42704805679539,5.90402517556052,70.0789037415827,1
119,14,41,1e-08,30,1.59969714985488,3.57736175741745,0.000511393838153745,0
119,14,41,1e-08,60,0.50875774117597,4.55455885411051,0.00188882742211014,0
119,14,41,1e-08,120,2.38082466168658,2.15036904673606,0.00965274561946435,0
119,14,61,1e-08,30,0.907214543342328,0.756809192039768,0.000511393838153745,0
119,14,61,1e-08,60,7.31540685177326,6.66724970445635,0.00188882742211014,0
119,14,61,1e-08,120,6.91173842062555,5.8868437593337,0.00965274561946435,0
119,14,41,1e-06,30,0.29283754103365,3.57736175741745,0.0175581569974071,0
119,14,41,1e-06,60,0.327092968217598,4.55455885411051,0.105439709753164,1
119,14,41,1e-06,120,5.43779321531573,2.15036904673606,0.70847130360818,0
119,14,61,1e-06,30,0.611956249834588,0.756809192039768,0.0175581569974071,0
119,14,61,1e-06,60,5.79250116732478,6.66724970445635,0.105439709753164,0
119,14,61,1e-06,120,4.30813239701823,5.8868437593337,0.70847130360818,0
119,14,41,0.0001,30,0.255660678781736,3.57736175741745,1.68021537013102,1
119,14,41,0.0001,60,0.40633254337305,4.55455885411051,10.3200544534141,1
119,14,41,0.0001,120,4.86808474139501,2.15036904673606,70.0789037415827,1
119,14,61,0.0001,30,0.633307131637447,0.756809192039768,1.68021537013102,1
119,14,61,0.0001,60,5.92348154456287,6.66724970445635,10.3200544534141,1
119,14,61,0.0001,120,4.53571261515219,5.8868437593337,70.0789037415827,1
119,15,41,1e-08,30,0.382147503154755,0.0752590926034822,0.000511393838153745,0
119,15,41,1e-08,60,0.0547469503887567,2.15380828514947,0.00188882742211014,0
119,15,41,1e-08,120,1.36330172748942,4.63138400012994,0.00965274561946435,0
119,15,61,1e-08,30,0.00723532273921736,0.000460319298170246,0.000511393838153745,0
119,15,61,1e-08,60,0.00118280558255893,0.0246349534851411,0.00188882742211014,1
119,15,61,1e-08,120,0.0142385617643115,0.0146781020075087,0.00965274561946435,1
119,15,41,1e-06,30,0.0494631952638055,0.0752590926034822,0.0175581569974071,1
119,15,41,1e-06,60,1.88307947302245,2.15380828514947,0.105439709753164,0
119,15,41,1e-06,120,3.88062063095009,4.63138400012994,0.70847130360818,0
119,15,61,1e-06,30,0.000962016319965406,0.000460319298170246,0.0175581569974071,1
119,15,61,1e-06,60,0.0190657635209771,0.0246349534851411,0.105439709753164,1
119,15,61,1e-06,120,0.00699675384806491,0.0146781020075087,0.70847130360818,1
119,15,41,0.0001,30,0.0879307297491717,0.0752590926034822,1.68021537013102,1
119,15,41,0.0001,60,2.28636368857533,2.15380828514947,10.3200544534141,1
119,15,41,0.0001,120,5.02266760567687,4.63138400012994,70.0789037415827,1
119,15,61,0.0001,30,0.000856446875224513,0.000460319298170246,1.68021537013102,1
119,15,61,0.0001,60,0.019976335592487,0.0246349534851411,10.3200544534141,1
119,15,61,0.0001,120,0.00808570627209891,0.0146781020075087,70.0789037415827,1
119,16,41,1e-08,30,0.0304010936187616,0.089659862951586,0.000511393838153745,0
119,16,41,1e-08,60,0.00850851820060326,0.727180745961106,0.00188882742211014,0
119,16,41,1e-08,120,1.54449934570015,9.79794700731734,0.00965274561946435,0
119,16,61,1e-08,30,0.0820983788329749,1.25885142315916,0.000511393838153745,0
119,16,61,1e-08,60,0.983576523893643,1.1428761811301,0.00188882742211014,0
119,16,61,1e-08,120,6.89773402264144,0.730474799795455,0.00965274561946435,0
119,16,41,1e-06,30,0.0276806499468525,0.089659862951586,0.0175581569974071,1
119,16,41,1e-06,60,0.00621586568737094,0.727180745961106,0.105439709753164,1
119,16,41,1e-06,120,1.60532283482215,9.79794700731734,0.70847130360818,1
119,16,61,1e-06,30,1.24920497506407,1.25885142315916,0.0175581569974071,0
119,16,61,1e-06,60,8.1965765349308,1.1428761811301,0.105439709753164,0
119,16,61,1e-06,120,3.42482083218996,0.730474799795455,0.70847130360818,0
119,16,41,0.0001,30,0.0274635268203664,0.089659862951586,1.68021537013102,1
119,16,41,0.0001,60,0.0060152904015154,0.727180745961106,10.3200544534141,1
119,16,41,0.0001,120,1.61176516458012,9.79794700731734,70.0789037415827,1
119,16,61,0.0001,30,1.38777446770402,1.25885142315916,1.68021537013102,1
119,16,61,0.0001,60,7.57398327416565,1.1428761811301,10.3200544534141,1
119,16,61,0.0001,120,4.2540921058465,0.730474799795455,70.0789037415827,1
119,17,41,1e-08,30,0.0011514832828038,0.0182828844531284,0.000511393838153745,1
119,17,41,1e-08,60,1.4313430936948,2.17765425977829,0.00188882742211014,0
119,17,41,1e-08,120,2.57602713256131,4.42936567282838,0.00965274561946435,0
119,17,61,1e-08,30,6.81867969736172,8.02981064567218,0.000511393838153745,0
119,17,61,1e-08,60,2.89546774244006,8.27648646770068,0.00188882742211014,0
119,17,61,1e-08,120,0.026338752955883,7.20004820158307,0.00965274561946435,1
119,17,41,1e-06,30,0.00485786071687738,0.0182828844531284,0.0175581569974071,1
119,17,41,1e-06,60,1.80751693532829,2.17765425977829,0.105439709753164,0
119,17,41,1e-06,120,3.3925667542712,4.42936567282838,0.70847130360818,0
119,17,61,1e-06,30,6.89841942773866,8.02981064567218,0.0175581569974071,0
119,17,61,1e-06,60,3.10377645802426,8.27648646770068,0.105439709753164,0
119,17,61,1e-06,120,0.0975208420608884,7.20004820158307,0.70847130360818,1
119,17,41,0.0001,30,0.00352191408372506,0.0182828844531284,1.68021537013102,1
119,17,41,0.0001,60,1.75283608902426,2.17765425977829,10.3200544534141,1
119,17,41,0.0001,120,3.24403735570137,4.42936567282838,70.0789037415827,1
119,17,61,0.0001,30,6.97682680854327,8.02981064567218,1.68021537013102,0
119,17,61,0.0001,60,3.20432609586892,8.27648646770068,10.3200544534141,1
119,17,61,0.0001,120,0.135014415334614,7.20004820158307,70.0789037415827,1
119,18,41,1e-08,30,0.0929685646022421,0.252955164019796,0.000511393838153745,0
119,18,41,1e-08,60,1.33386014342491,2.45267716083081,0.00188882742211014,0
119,18,41,1e-08,120,4.5495803138558,8.82338438491699,0.00965274561946435,0
119,18,61,1e-08,30,0.0262933951193825,0.00188540096309205,0.000511393838153745,0
119,18,61,1e-08,60,0.101597547735207,0.0100977289396608,0.00188882742211014,0
119,18,61,1e-08,120,8.65996518315245,8.54449635578573,0.00965274561946435,0
119,18,41,1e-06,30,0.0627730505844467,0.252955164019796,0.0175581569974071,1
119,18,41,1e-06,60,1.12556186426035,2.45267716083081,0.105439709753164,0
119,18,41,1e-06,120,3.84037535880645,8.82338438491699,0.70847130360818,0
119,18,61,1e-06,30,0.0385026027071657,0.00188540096309205,0.0175581569974071,1
119,18,61,1e-06,60,0.164941701684906,0.0100977289396608,0.105439709753164,1
119,18,61,1e-06,120,7.55567802580518,8.54449635578573,0.70847130360818,0
119,18,41,0.0001,30,0.0620596015216293,0.252955164019796,1.68021537013102,1
119,18,41,0.0001,60,1.12029752731918,2.45267716083081,10.3200544534141,1
119,18,41,0.0001,120,3.82238287179702,8.82338438491699,70.0789037415827,1
119,18,61,0.0001,30,0.0409487909938368,0.00188540096309205,1.68021537013102,1
119,18,61,0.0001,60,0.175027417959402,0.0100977289396608,10.3200544534141,1
119,18,61,0.0001,120,7.42200677433982,8.54449635578573,70.0789037415827,1
119,19,41,1e-08,30,0.00276669606210371,0.0012622508327694,0.000511393838153745,0
119,19,41,1e-08,60,0.0158485201570763,0.00971515618098743,0.00188882742211014,0
119,19,41,1e-08,120,0.723343847228409,0.806996847071577,0.00965274561946435,0
119,19,61,1e-08,30,7.39712708047368e-05,0.0100686726924008,0.000511393838153745,1
119,19,61,1e-08,60,7.09249906195629e-05,0.0298675826371487,0.00188882742211014,1
119,19,61,1e-08,120,0.00260670199038392,0.0755093050995729,0.00965274561946435,1
119,19,41,1e-06,30,0.00159540814747224,0.0012622508327694,0.0175581569974071,1
119,19,41,1e-06,60,0.0115057594928911,0.00971515618098743,0.105439709753164,1
119,19,41,1e-06,120,0.77626774541417,0.806996847071577,0.70847130360818,1
119,19,61,1e-06,30,2.06437798695841e-06,0.0100686726924008,0.0175581569974071,1
119,19,61,1e-06,60,0.000602466350620245,0.0298675826371487,0.105439709753164,1
119,19,61,1e-06,120,0.014280548163464,0.0755093050995729,0.70847130360818,1
119,19,41,0.0001,30,0.00155460920360018,0.0012622508327694,1.68021537013102,1
119,19,41,0.0001,60,0.0113134883144783,0.00971515618098743,10.3200544534141,1
119,19,41,0.0001,120,0.779216817987903,0.806996847071577,70.0789037415827,1
119,19,61,0.0001,30,4.40523504690931e-05,0.0100686726924008,1.68021537013102,1
119,19,61,0.0001,60,0.000212682744675642,0.0298675826371487,10.3200544534141,1
119,19,61,0.0001,120,0.0100034837697149,0.0755093050995729,70.0789037415827,1
119,20,41,1e-08,30,0.00105493657422589,2.49153021515053e-05,0.000511393838153745,1
119,20,41,1e-08,60,0.121670450710885,0.0667262556309164,0.00188882742211014,0
119,20,41,1e-08,120,4.18976611195507,3.42375241946875,0.00965274561946435,0
119,20,61,1e-08,30,0.0025058438995229,0.00430634108219638,0.000511393838153745,0
119,20,61,1e-08,60,0.0299271277020308,0.0131509857907384,0.00188882742211014,0
119,20,61,1e-08,120,0.159785756969865,0.0375014679923979,0.00965274561946435,0
119,20,41,1e-06,30,0.00538709370102591,2.49153021515053e-05,0.0175581569974071,1
119,20,41,1e-06,60,0.172557686609102,0.0667262556309164,0.105439709753164,1
119,20,41,1e-06,120,4.68644951507997,3.42375241946875,0.70847130360818,0
119,20,61,1e-06,30,5.40880438550856e-05,0.00430634108219638,0.0175581569974071,1
119,20,61,1e-06,60,1.06719550714868e-05,0.0131509857907384,0.105439709753164,1
119,20,61,1e-06,120,0.00190481200645483,0.0375014679923979,0.70847130360818,1
119,20,41,0.0001,30,0.00570185657165889,2.49153021515053e-05,1.68021537013102,1
119,20,41,0.0001,60,0.175830850643827,0.0667262556309164,10.3200544534141,1
119,20,41,0.0001,120,4.71913513574055,3.42375241946875,70.0789037415827,1
119,20,61,0.0001,30,1.11452609384688e-05,0.00430634108219638,1.68021537013102,1
119,20,61,0.0001,60,0.000540984347917248,0.0131509857907384,10.3200544534141,1
119,20,61,0.0001,120,0.00676262098252557,0.0375014679923979,70.0789037415827,1
120,1,41,1e-08,30,0.00401461172972824,0.000991873580190412,0.000511393838153745,0
120,1,41,1e-08,60,0.0809941591804987,0.0410688633619427,0.00188882742211014,0
120,1,41,1e-08,120,7.18711595989461,8.19657648430058,0.00965274561946435,0
120,1,61,1e-08,30,0.0175543228924159,0.00963501301753408,0.000511393838153745,0
120,1,61,1e-08,60,4.88267959530961,4.85246267093228,0.00188882742211014,0
120,1,61,1e-08,120,9.6641182865249,9.77402428173646,0.00965274561946435,0
120,1,41,1e-06,30,0.0268437952265234,0.000991873580190412,0.0175581569974071,1
120,1,41,1e-06,60,0.219064797004569,0.0410688633619427,0.105439709753164,1
120,1,41,1e-06,120,5.43585832798874,8.19657648430058,0.70847130360818,0
120,1,61,1e-06,30,0.00026024654439595,0.00963501301753408,0.0175581569974071,1
120,1,61,1e-06,60,4.1553634500528,4.85246267093228,0.105439709753164,0
120,1,61,1e-06,120,7.99653409614162,9.77402428173646,0.70847130360818,0
120,1,41,0.0001,30,0.0276986754332774,0.000991873580190412,1.68021537013102,1
120,1,41,0.0001,60,0.223286329215958,0.0410688633619427,10.3200544534141,1
120,1,41,0.0001,120,5.39728077392197,8.19657648430058,70.0789037415827,1
120,1,61,0.0001,30,0.000422926498058773,0.00963501301753408,1.68021537013102,1
120,1,61,0.0001,60,4.19283962116514,4.85246267093228,10.3200544534141,1
120,1,61,0.0001,120,8.10235224892148,9.77402428173646,70.0789037415827,1
120,2,41,1e-08,30,0.00786722343098506,0.000988100050459784,0.000511393838153745,0
120,2,41,1e-08,60,0.306184297096139,0.179753837057675,0.00188882742211014,0
120,2,41,1e-08,120,4.3146132210691,5.52595112273807,0.00965274561946435,0
120,2,61,1e-08,30,1.52480230883082,0.0297099625843816,0.000511393838153745,0
120,2,61,1e-08,60,8.75971818202052,0.0492363152436476,0.00188882742211014,0
120,2,61,1e-08,120,8.9143459100281,8.12447032946161,0.00965274561946435,0
120,2,41,1e-06,30,0.0180673059375045,0.000988100050459784,0.0175581569974071,1
120,2,41,1e-06,60,0.397228239425855,0.179753837057675,0.105439709753164,1
120,2,41,1e-06,120,3.75520695716128,5.52595112273807,0.70847130360818,0
120,2,61,1e-06,30,7.63763624265848,0.0297099625843816,0.0175581569974071,0
120,2,61,1e-06,60,0.386618050269422,0.0492363152436476,0.105439709753164,1
120,2,61,1e-06,120,4.25128253718675,8.12447032946161,0.70847130360818,0
120,2,41,0.0001,30,0.0185919352352937,0.000988100050459784,1.68021537013102,1
120,2,41,0.0001,60,0.401719754576601,0.179753837057675,10.3200544534141,1
120,2,41,0.0001,120,3.7289585686432,5.52595112273807,70.0789037415827,1
120,2,61,0.0001,30,8.01899205564252,0.0297099625843816,1.68021537013102,0
120,2,61,0.0001,60,0.246674370373699,0.0492363152436476,10.3200544534141,1
120,2,61,0.0001,120,5.29424407130304,8.12447032946161,70.0789037415827,1
120,3,41,1e-08,30,0.995926934899425,2.79691556116637,0.000511393838153745,0
120,3,41,1e-08,60,0.0086094909277846,2.27849435804678,0.00188882742211014,0
120,3,41,1e-08,120,4.67928568043328,1.48559648481196,0.00965274561946435,0
120,3,61,1e-08,30,1.44102857250364,0.00529867564246652,0.000511393838153745,0
120,3,61,1e-08,60,5.66844631382696,0.00393296979741896,0.00188882742211014,0
120,3,61,1e-08,120,2.50599649569008,0.0853707828060822,0.00965274561946435,0
120,3,41,1e-06,30,0.554455664520603,2.79691556116637,0.0175581569974071,0
120,3,41,1e-06,60,0.121006800758692,2.27849435804678,0.105439709753164,1
120,3,41,1e-06,120,1.81686100256257,1.48559648481196,0.70847130360818,1
120,3,61,1e-06,30,0.491108409646891,0.00529867564246652,0.0175581569974071,0
120,3,61,1e-06,60,2.64343854866206,0.00393296979741896,0.105439709753164,0
120,3,61,1e-06,120,8.11516474258333,0.0853707828060822,0.70847130360818,0
120,3,41,0.0001,30,0.541095364483239,2.79691556116637,1.68021537013102,1
120,3,41,0.0001,60,0.132614394821236,2.27849435804678,10.3200544534141,1
120,3,41,0.0001,120,1.73463371152435,1.48559648481196,70.0789037415827,1
120,3,61,0.0001,30,0.579865163108584,0.00529867564246652,1.68021537013102,1
120,3,61,0.0001,60,2.99787381049693,0.00393296979741896,10.3200544534141,1
120,3,61,0.0001,120,7.0404970856017,0.0853707828060822,70.0789037415827,1
120,4,41,1e-08,30,3.60491369364124,4.11038675100089,0.000511393838153745,0
120,4,41,1e-08,60,4.53128661237262,5.65622320112702,0.00188882742211014,0
120,4,41,1e-08,120,2.3187924909407,1.06389916315656,0.00965274561946435,0
120,4,61,1e-08,30,0.00208724189971623,0.00768233280090003,0.000511393838153745,0
120,4,61,1e-08,60,0.0228269303666729,0.0108078211559389,0.00188882742211014,0
120,4,61,1e-08,120,0.270750184511134,0.000478191973597803,0.00965274561946435,0
120,4,41,1e-06,30,3.15921188641151,4.11038675100089,0.0175581569974071,0
120,4,41,1e-06,60,3.52706783925911,5.65622320112702,0.105439709753164,0
120,4,41,1e-06,120,4.12971236892959,1.06389916315656,0.70847130360818,0
120,4,61,1e-06,30,0.000305890105113454,0.00768233280090003,0.0175581569974071,1
120,4,61,1e-06,60,0.00128367840572358,0.0108078211559389,0.105439709753164,1
120,4,61,1e-06,120,0.0905507890517334,0.000478191973597803,0.70847130360818,1
120,4,41,0.0001,30,3.20485789887101,4.11038675100089,1.68021537013102,1
120,4,41,0.0001,60,3.62478656209981,5.65622320112702,10.3200544534141,1
120,4,41,0.0001,120,3.92136443301869,1.06389916315656,70.0789037415827,1
120,4,61,0.0001,30,0.000449474813483838,0.00768233280090003,1.68021537013102,1
120,4,61,0.0001,60,0.000836940898768278,0.0108078211559389,10.3200544534141,1
120,4,61,0.0001,120,0.0827386182965493,0.000478191973597803,70.0789037415827,1
120,5,41,1e-08,30,0.00421311952748678,0.00520106616444764,0.000511393838153745,0
120,5,41,1e-08,60,0.000728238220389393,1.31968523343687e-08,0.00188882742211014,1
120,5,41,1e-08,120,8.38510392087898,8.00613304479968,0.00965274561946435,0
120,5,61,1e-08,30,1.26410224098483,0.0106068908659653,0.000511393838153745,0
120,5,61,1e-08,60,7.12395555140518,0.0667554072549307,0.00188882742211014,0
120,5,61,1e-08,120,0.541636626337623,0.128008279167729,0.00965274561946435,0
120,5,41,1e-06,30,0.00157973564482282,0.00520106616444764,0.0175581569974071,1
120,5,41,1e-06,60,0.00421056356169961,1.31968523343687e-08,0.105439709753164,1
120,5,41,1e-06,120,8.75620162377942,8.00613304479968,0.70847130360818,0
120,5,61,1e-06,30,7.73573672219577,0.0106068908659653,0.0175581569974071,0
120,5,61,1e-06,60,0.429430310749685,0.0667554072549307,0.105439709753164,0
120,5,61,1e-06,120,2.12206583069627,0.128008279167729,0.70847130360818,1
120,5,41,0.0001,30,0.001663824206326,0.00520106616444764,1.68021537013102,1
120,5,41,0.0001,60,0.00394030544480734,1.31968523343687e-08,10.3200544534141,1
120,5,41,0.0001,120,8.73099189197826,8.00613304479968,70.0789037415827,1
120,5,61,0.0001,30,8.20146870539963,0.0106068908659653,1.68021537013102,0
120,5,61,0.0001,60,0.25302710392024,0.0667554072549307,10.3200544534141,1
120,5,61,0.0001,120,1.35689891647329,0.128008279167729,70.0789037415827,1
120,6,41,1e-08,30,0.00708882775525647,0.0700870284778477,0.000511393838153745,0
120,6,41,1e-08,60,0.234759114982239,0.741270193488104,0.00188882742211014,0
120,6,41,1e-08,120,7.51777301384819,7.68989065243695,0.00965274561946435,0
120,6,61,1e-08,30,2.21914161688083e-06,0.000886942508217058,0.000511393838153745,1
120,6,61,1e-08,60,0.00587701270755298,2.71205457877424e-05,0.00188882742211014,1
120,6,61,1e-08,120,0.236486129251983,0.111876267245713,0.00965274561946435,0
120,6,41,1e-06,30,0.00330029630857222,0.0700870284778477,0.0175581569974071,1
120,6,41,1e-06,60,0.19912711081591,0.741270193488104,0.105439709753164,1
120,6,41,1e-06,120,7.18508627844575,7.68989065243695,0.70847130360818,0
120,6,61,1e-06,30,0.00140882072228279,0.000886942508217058,0.0175581569974071,1
120,6,61,1e-06,60,0.0196281629589105,2.71205457877424e-05,0.105439709753164,1
120,6,61,1e-06,120,0.365451488365057,0.111876267245713,0.70847130360818,1
120,6,41,0.0001,30,0.0032268594959401,0.0700870284778477,1.68021537013102,1
120,6,41,0.0001,60,0.198114643963041,0.741270193488104,10.3200544534141,1
120,6,41,0.0001,120,7.17371374673413,7.68989065243695,70.0789037415827,1
120,6,61,0.0001,30,0.00152438163439833,0.000886942508217058,1.68021537013102,1
120,6,61,0.0001,60,0.0204090583565495,2.71205457877424e-05,10.3200544534141,1
120,6,61,0.0001,120,0.371840048467244,0.111876267245713,70.0789037415827,1
120,7,41,1e-08,30,0.422266911653029,0.825759255417595,0.000511393838153745,0
120,7,41,1e-08,60,5.04920544062731,7.90030088813201,0.00188882742211014,0
120,7,41,1e-08,120,9.1560223611952,4.34291786493213,0.00965274561946435,0
120,7,61,1e-08,30,0.545583269041848,4.04258353627831e-05,0.000511393838153745,0
120,7,61,1e-08,60,0.93796032742497,0.087120961866519,0.00188882742211014,0
120,7,61,1e-08,120,0.730096505442394,9.78299853465047,0.00965274561946435,0
120,7,41,1e-06,30,0.248578574415694,0.825759255417595,0.0175581569974071,0
120,7,41,1e-06,60,3.95798119574605,7.90030088813201,0.105439709753164,0
120,7,41,1e-06,120,6.53135619781395,4.34291786493213,0.70847130360818,0
120,7,61,1e-06,30,0.031655301855239,4.04258353627831e-05,0.0175581569974071,1
120,7,61,1e-06,60,0.413599190889077,0.087120961866519,0.105439709753164,0
120,7,61,1e-06,120,5.8905157683434,9.78299853465047,0.70847130360818,0
120,7,41,0.0001,30,0.24347591700094,0.825759255417595,1.68021537013102,1
120,7,41,0.0001,60,3.92109941717823,7.90030088813201,10.3200544534141,1
120,7,41,0.0001,120,6.44178142532391,4.34291786493213,70.0789037415827,1
120,7,61,0.0001,30,0.0329682718280027,4.04258353627831e-05,1.68021537013102,1
120,7,61,0.0001,60,0.416845714704188,0.087120961866519,10.3200544534141,1
120,7,61,0.0001,120,5.88928892538713,9.78299853465047,70.0789037415827,1
120,8,41,1e-08,30,3.51619656072055,4.02928463927653,0.000511393838153745,0
120,8,41,1e-08,60,6.43228250267896,7.94933943725132,0.00188882742211014,0
120,8,41,1e-08,120,0.0244537699839204,0.550348280628076,0.00965274561946435,1
120,8,61,1e-08,30,1.77456997853771,0.00131827157962935,0.000511393838153745,0
120,8,61,1e-08,60,7.51230212221087,0.164801472617163,0.00188882742211014,0
120,8,61,1e-08,120,1.0624161700012,8.41500868632395,0.00965274561946435,0
120,8,41,1e-06,30,3.16548064677183,4.02928463927653,0.0175581569974071,0
120,8,41,1e-06,60,5.58143860482976,7.94933943725132,0.105439709753164,0
120,8,41,1e-06,120,0.0298393279316582,0.550348280628076,0.70847130360818,1
120,8,61,1e-06,30,0.496131423100483,0.00131827157962935,0.0175581569974071,0
120,8,61,1e-06,60,3.0877261474156,0.164801472617163,0.105439709753164,0
120,8,61,1e-06,120,0.441868838370075,8.41500868632395,0.70847130360818,1
120,8,41,0.0001,30,3.15312478505144,4.02928463927653,1.68021537013102,1
120,8,41,0.0001,60,5.55187928026739,7.94933943725132,10.3200544534141,1
120,8,41,0.0001,120,0.0340704547198726,0.550348280628076,70.0789037415827,1
120,8,61,0.0001,30,0.577456295830176,0.00131827157962935,1.68021537013102,1
120,8,61,0.0001,60,3.43474054010971,0.164801472617163,10.3200544534141,1
120,8,61,0.0001,120,0.237630196932228,8.41500868632395,70.0789037415827,1
120,9,41,1e-08,30,4.45114983643974,4.51348654588168,0.000511393838153745,0
120,9,41,1e-08,60,9.85476363498517,9.2546682356314,0.00188882742211014,0
120,9,41,1e-08,120,0.0905523673288954,0.00115228948337484,0.00965274561946435,0
120,9,61,1e-08,30,0.11915971697103,0.648258908533966,0.000511393838153745,0
120,9,61,1e-08,60,0.778977826425177,3.44840714836755,0.00188882742211014,0
120,9,61,1e-08,120,8.13776581354515,0.721484686410935,0.00965274561946435,0
120,9,41,1e-06,30,8.6000588550094,4.51348654588168,0.0175581569974071,0
120,9,41,1e-06,60,2.6157568879683,9.2546682356314,0.105439709753164,0
120,9,41,1e-06,120,9.37700145862855,0.00115228948337484,0.70847130360818,0
120,9,61,1e-06,30,0.0472886439229908,0.648258908533966,0.0175581569974071,1
120,9,61,1e-06,60,0.463864956110057,3.44840714836755,0.105439709753164,0
120,9,61,1e-06,120,9.49513091384139,0.721484686410935,0.70847130360818,0
120,9,41,0.0001,30,8.96145072248416,4.51348654588168,1.68021537013102,0
120,9,41,0.0001,60,2.25844657281878,9.2546682356314,10.3200544534141,1
120,9,41,0.0001,120,8.06902087354775,0.00115228948337484,70.0789037415827,1
120,9,61,0.0001,30,0.0473737896091229,0.648258908533966,1.68021537013102,1
120,9,61,0.0001,60,0.465128619986754,3.44840714836755,10.3200544534141,1
120,9,61,0.0001,120,9.50986471788514,0.721484686410935,70.0789037415827,1
120,10,41,1e-08,30,5.30690053650137,6.61207888514411,0.000511393838153745,0
120,10,41,1e-08,60,0.431089543441655,0.0111358690699027,0.00188882742211014,0
120,10,41,1e-08,120,3.04131894098383,0.392183733023591,0.00965274561946435,0
120,10,61,1e-08,30,0.0415054554821182,0.220638593982869,0.000511393838153745,0
120,10,61,1e-08,60,0.789856787898161,2.10546873143035,0.00188882742211014,0
120,10,61,1e-08,120,5.4569345435904,1.39509348136402,0.00965274561946435,0
120,10,41,1e-06,30,3.60049382076422,6.61207888514411,0.0175581569974071,0
120,10,41,1e-06,60,2.12313260994639,0.0111358690699027,0.105439709753164,0
120,10,41,1e-06,120,8.70265697684042,0.392183733023591,0.70847130360818,0
120,10,61,1e-06,30,0.00651943664325344,0.220638593982869,0.0175581569974071,1
120,10,61,1e-06,60,0.451821019241072,2.10546873143035,0.105439709753164,0
120,10,61,1e-06,120,7.50608861289996,1.39509348136402,0.70847130360818,0
120,10,41,0.0001,30,3.42800147734033,6.61207888514411,1.68021537013102,1
120,10,41,0.0001,60,2.38823048646249,0.0111358690699027,10.3200544534141,1
120,10,41,0.0001,120,7.71266888293165,0.392183733023591,70.0789037415827,1
120,10,61,0.0001,30,0.00575360263880622,0.220638593982869,1.68021537013102,1
120,10,61,0.0001,60,0.439934367294887,2.10546873143035,10.3200544534141,1
120,10,61,0.0001,120,7.59909540810343,1.39509348136402,70.0789037415827,1
120,11,41,1e-08,30,4.96629433050038,7.68735098963049,0.000511393838153745,0
120,11,41,1e-08,60,1.13384601706783,7.16890849591249,0.00188882742211014,0
120,11,41,1e-08,120,0.00630133271286675,1.31166430013332,0.00965274561946435,1
120,11,61,1e-08,30,0.419046855197602,0.155077499507481,0.000511393838153745,0
120,11,61,1e-08,60,0.470037489782066,0.0374644984375501,0.00188882742211014,0
120,11,61,1e-08,120,8.37140559331092,5.86037026127613,0.00965274561946435,0
120,11,41,1e-06,30,8.01972765134229,7.68735098963049,0.0175581569974071,0
120,11,41,1e-06,60,5.09072693882277,7.16890849591249,0.105439709753164,0
120,11,41,1e-06,120,5.98741091866386,1.31166430013332,0.70847130360818,0
120,11,61,1e-06,30,0.247215142742988,0.155077499507481,0.0175581569974071,0
120,11,61,1e-06,60,0.159020093879277,0.0374644984375501,0.105439709753164,1
120,11,61,1e-06,120,8.00692111822658,5.86037026127613,0.70847130360818,0
120,11,41,0.0001,30,8.506065629881,7.68735098963049,1.68021537013102,0
120,11,41,0.0001,60,5.84511564915917,7.16890849591249,10.3200544534141,1
120,11,41,0.0001,120,7.62821184706055,1.31166430013332,70.0789037415827,1
120,11,61,0.0001,30,0.232973949449282,0.155077499507481,1.68021537013102,1
120,11,61,0.0001,60,0.137856228996353,0.0374644984375501,10.3200544534141,1
120,11,61,0.0001,120,7.70766228050214,5.86037026127613,70.0789037415827,1
120,12,41,1e-08,30,8.02963732825752,7.70639083639956,0.000511393838153745,0
120,12,41,1e-08,60,4.10216798478493,9.80269366142127,0.00188882742211014,0
120,12,41,1e-08,120,7.24003249616909,2.42981931261609,0.00965274561946435,0
120,12,61,1e-08,30,0.0321758580937159,0.219615856686524,0.000511393838153745,0
120,12,61,1e-08,60,0.528953656862191,1.76670334602526,0.00188882742211014,0
120,12,61,1e-08,120,4.23147425759668,0.688767457470996,0.00965274561946435,0
120,12,41,1e-06,30,6.95204410857038,7.70639083639956,0.0175581569974071,0
120,12,41,1e-06,60,8.11211420903474,9.80269366142127,0.105439709753164,0
120,12,41,1e-06,120,0.978665526703749,2.42981931261609,0.70847130360818,1
120,12,61,1e-06,30,0.005794138323245,0.219615856686524,0.0175581569974071,1
120,12,61,1e-06,60,0.29516651718291,1.76670334602526,0.105439709753164,1
120,12,61,1e-06,120,5.77219723261303,0.688767457470996,0.70847130360818,0
120,12,41,0.0001,30,6.95512947256652,7.70639083639956,1.68021537013102,0
120,12,41,0.0001,60,8.14146893893856,9.80269366142127,10.3200544534141,1
120,12,41,0.0001,120,1.00711459776268,2.42981931261609,70.0789037415827,1
120,12,61,0.0001,30,0.00488050283358353,0.219615856686524,1.68021537013102,1
120,12,61,0.0001,60,0.282622167256783,1.76670334602526,10.3200544534141,1
120,12,61,0.0001,120,5.88078376794977,0.688767457470996,70.0789037415827,1
120,13,41,1e-08,30,2.00348281877254,1.96557731985265,0.000511393838153745,0
120,13,41,1e-08,60,3.03455101722454,3.31416908635027,0.00188882742211014,0
120,13,41,1e-08,120,0.836696554189857,0.425540110722057,0.00965274561946435,0
120,13,61,1e-08,30,0.0622579708812597,0.0885640178299058,0.000511393838153745,0
120,13,61,1e-08,60,3.85691299076437,4.28058963676065,0.00188882742211014,0
120,13,61,1e-08,120,0.028614070450822,0.00248483809062774,0.00965274561946435,1
120,13,41,1e-06,30,0.851892676830563,1.96557731985265,0.0175581569974071,0
120,13,41,1e-06,60,0.737140116337667,3.31416908635027,0.105439709753164,0
120,13,41,1e-06,120,6.65674027086681,0.425540110722057,0.70847130360818,0
120,13,61,1e-06,30,0.0571464703598655,0.0885640178299058,0.0175581569974071,1
120,13,61,1e-06,60,3.80936264829663,4.28058963676065,0.105439709753164,0
120,13,61,1e-06,120,0.0341005876874963,0.00248483809062774,0.70847130360818,1
120,13,41,0.0001,30,0.802969437072808,1.96557731985265,1.68021537013102,1
120,13,41,0.0001,60,0.653890561358663,3.31416908635027,10.3200544534141,1
120,13,41,0.0001,120,7.16139062930932,0.425540110722057,70.0789037415827,1
120,13,61,0.0001,30,0.0567228880553153,0.0885640178299058,1.68021537013102,1
120,13,61,0.0001,60,3.80286876568692,4.28058963676065,10.3200544534141,1
120,13,61,0.0001,120,0.0352993281431646,0.00248483809062774,70.0789037415827,1
120,14,41,1e-08,30,5.12326267752923,6.68144632028066,0.000511393838153745,0
120,14,41,1e-08,60,5.62048203376937,9.69126811652248,0.00188882742211014,0
120,14,41,1e-08,120,2.96193311403204,8.86823668318685,0.00965274561946435,0
120,14,61,1e-08,30,0.00159478059107111,0.0580473092907452,0.000511393838153745,1
120,14,61,1e-08,60,0.0128989046408282,0.0865526349413829,0.00188882742211014,0
120,14,61,1e-08,120,0.298164131764237,0.0757791108414732,0.00965274561946435,0
120,14,41,1e-06,30,3.60761903012718,6.68144632028066,0.0175581569974071,0
120,14,41,1e-06,60,3.0262063863246,9.69126811652248,0.105439709753164,0
120,14,41,1e-06,120,0.308843519365708,8.86823668318685,0.70847130360818,1
120,14,61,1e-06,30,0.000111755542380878,0.0580473092907452,0.0175581569974071,1
120,14,61,1e-06,60,0.0278179840518223,0.0865526349413829,0.105439709753164,1
120,14,61,1e-06,120,0.418556280045436,0.0757791108414732,0.70847130360818,1
120,14,41,0.0001,30,3.55433448275236,6.68144632028066,1.68021537013102,1
120,14,41,0.0001,60,2.93760283850858,9.69126811652248,10.3200544534141,1
120,14,41,0.0001,120,0.256975500313532,8.86823668318685,70.0789037415827,1
120,14,61,0.0001,30,7.15179935138655e-05,0.0580473092907452,1.68021537013102,1
120,14,61,0.0001,60,0.0291559422002645,0.0865526349413829,10.3200544534141,1
120,14,61,0.0001,120,0.42852947894545,0.0757791108414732,70.0789037415827,1
120,15,41,1e-08,30,0.00159705819624869,0.0183541787986186,0.000511393838153745,1
120,15,41,1e-08,60,0.00260399156071541,0.0625320717448211,0.00188882742211014,1
120,15,41,1e-08,120,0.103450109417882,0.529565170467365,0.00965274561946435,0
120,15,61,1e-08,30,0.0045801414764902,0.037213431618579,0.000511393838153745,0
120,15,61,1e-08,60,0.0548271621141733,0.196266729671573,0.00188882742211014,0
120,15,61,1e-08,120,0.273402794472059,0.808239053266884,0.00965274561946435,0
120,15,41,1e-06,30,0.00107743775791397,0.0183541787986186,0.0175581569974071,1
120,15,41,1e-06,60,0.00200696844762919,0.0625320717448211,0.105439709753164,1
120,15,41,1e-06,120,0.100631053667812,0.529565170467365,0.70847130360818,1
120,15,61,1e-06,30,0.00874991949877551,0.037213431618579,0.0175581569974071,1
120,15,61,1e-06,60,0.0600785465173661,0.196266729671573,0.105439709753164,1
120,15,61,1e-06,120,0.254038731340898,0.808239053266884,0.70847130360818,1
120,15,41,0.0001,30,0.00115127612123361,0.0183541787986186,1.68021537013102,1
120,15,41,0.0001,60,0.00220621883775457,0.0625320717448211,10.3200544534141,1
120,15,41,0.0001,120,0.103378558074675,0.529565170467365,70.0789037415827,1
120,15,61,0.0001,30,0.0149164660898775,0.037213431618579,1.68021537013102,1
120,15,61,0.0001,60,0.0908922021676459,0.196266729671573,10.3200544534141,1
120,15,61,0.0001,120,0.379407750627226,0.808239053266884,70.0789037415827,1
120,16,41,1e-08,30,0.115828341707742,0.00315962249802604,0.000511393838153745,0
120,16,41,1e-08,60,0.285485635118151,0.0234323052837004,0.00188882742211014,0
120,16,41,1e-08,120,4.58857776565812,7.38504325229576,0.00965274561946435,0
120,16,61,1e-08,30,6.84137638462488e-06,0.0042816017438638,0.000511393838153745,1
120,16,61,1e-08,60,9.99391067700297e-09,0.016883130960568,0.00188882742211014,1
120,16,61,1e-08,120,3.79583417249989,2.83727531035275,0.00965274561946435,0
120,16,41,1e-06,30,0.0206010616132991,0.00315962249802604,0.0175581569974071,1
120,16,41,1e-06,60,0.0626809615990992,0.0234323052837004,0.105439709753164,1
120,16,41,1e-06,120,7.58898214182336,7.38504325229576,0.70847130360818,0
120,16,61,1e-06,30,0.000245896888475025,0.0042816017438638,0.0175581569974071,1
120,16,61,1e-06,60,0.00105253647274165,0.016883130960568,0.105439709753164,1
120,16,61,1e-06,120,4.03738705004644,2.83727531035275,0.70847130360818,0
120,16,41,0.0001,30,0.0413888831249503,0.00315962249802604,1.68021537013102,1
120,16,41,0.0001,60,0.134157806380542,0.0234323052837004,10.3200544534141,1
120,16,41,0.0001,120,6.38518675891971,7.38504325229576,70.0789037415827,1
120,16,61,0.0001,30,0.000279100970488632,0.0042816017438638,1.68021537013102,1
120,16,61,0.0001,60,0.00117971588830436,0.016883130960568,10.3200544534141,1
120,16,61,0.0001,120,4.05211712153205,2.83727531035275,70.0789037415827,1
120,17,41,1e-08,30,1.40260416337441,1.77000668682693,0.000511393838153745,0
120,17,41,1e-08,60,0.713710765455547,1.43476771450055,0.00188882742211014,0
120,17,41,1e-08,120,1.93908836438637,4.66267556654306,0.00965274561946435,0
120,17,61,1e-08,30,0.0129685037703862,0.133421167533704,0.000511393838153745,0
120,17,61,1e-08,60,0.575666286686776,1.62443520587777,0.00188882742211014,0
120,17,61,1e-08,120,3.85339611783992,0.843395655297991,0.00965274561946435,0
120,17,41,1e-06,30,1.17291126171758,1.77000668682693,0.0175581569974071,0
120,17,41,1e-06,60,0.492793486945375,1.43476771450055,0.105439709753164,0
120,17,41,1e-06,120,1.3610913471672,4.66267556654306,0.70847130360818,1
120,17,61,1e-06,30,0.00834218813239995,0.133421167533704,0.0175581569974071,1
120,17,61,1e-06,60,0.528020574593021,1.62443520587777,0.105439709753164,0
120,17,61,1e-06,120,4.05679588638663,0.843395655297991,0.70847130360818,0
120,17,41,0.0001,30,1.14637997575567,1.77000668682693,1.68021537013102,1
120,17,41,0.0001,60,0.460168008286426,1.43476771450055,10.3200544534141,1
120,17,41,0.0001,120,1.25527160241432,4.66267556654306,70.0789037415827,1
120,17,61,0.0001,30,0.00858792066728888,0.133421167533704,1.68021537013102,1
120,17,61,0.0001,60,0.531934161674759,1.62443520587777,10.3200544534141,1
120,17,61,0.0001,120,4.03510090676623,0.843395655297991,70.0789037415827,1
120,18,41,1e-08,30,5.32993707949882,6.66956837514639,0.000511393838153745,0
120,18,41,1e-08,60,8.76553123511418,5.77587547523009,0.00188882742211014,0
120,18,41,1e-08,120,2.15199001483446,0.117415773983038,0.00965274561946435,0
120,18,61,1e-08,30,0.112853762214791,0.0562963975857704,0.000511393838153745,0
120,18,61,1e-08,60,1.94646411852542,0.157653575844645,0.00188882742211014,0
120,18,61,1e-08,120,1.68153363901608,9.85051790828655,0.00965274561946435,0
120,18,41,1e-06,30,4.15067239298955,6.66956837514639,0.0175581569974071,0
120,18,41,1e-06,60,7.7695424707902,5.77587547523009,0.105439709753164,0
120,18,41,1e-06,120,6.39922539742418,0.117415773983038,0.70847130360818,0
120,18,61,1e-06,30,0.00238351678662674,0.0562963975857704,0.0175581569974071,1
120,18,61,1e-06,60,0.94189764698636,0.157653575844645,0.105439709753164,0
120,18,61,1e-06,120,3.98576343243561,9.85051790828655,0.70847130360818,0
120,18,41,0.0001,30,4.14901913951961,6.66956837514639,1.68021537013102,1
120,18,41,0.0001,60,7.77622416444687,5.77587547523009,10.3200544534141,1
120,18,41,0.0001,120,6.37695101925516,0.117415773983038,70.0789037415827,1
120,18,61,0.0001,30,0.00886802497020968,0.0562963975857704,1.68021537013102,1
120,18,61,0.0001,60,1.12350025954073,0.157653575844645,10.3200544534141,1
120,18,61,0.0001,120,3.30810259267254,9.85051790828655,70.0789037415827,1
120,19,41,1e-08,30,1.11920122287753,2.39892368356316,0.000511393838153745,0
120,19,41,1e-08,60,0.00278468213109404,1.13395357041954,0.00188882742211014,1
120,19,41,1e-08,120,7.43047707641121,1.40710108675238,0.00965274561946435,0
120,19,61,1e-08,30,0.790374919273431,0.13880360764204,0.000511393838153745,0
120,19,61,1e-08,60,2.41011063786721,1.07284661109146,0.00188882742211014,0
120,19,61,1e-08,120,1.51731825411226,5.16861686279168,0.00965274561946435,0
120,19,41,1e-06,30,0.322472842531525,2.39892368356316,0.0175581569974071,0
120,19,41,1e-06,60,0.811218380583115,1.13395357041954,0.105439709753164,0
120,19,41,1e-06,120,1.3509013751982,1.40710108675238,0.70847130360818,1
120,19,61,1e-06,30,0.395437430840805,0.13880360764204,0.0175581569974071,0
120,19,61,1e-06,60,0.926191654730269,1.07284661109146,0.105439709753164,0
120,19,61,1e-06,120,0.000324529521406945,5.16861686279168,0.70847130360818,1
120,19,41,0.0001,30,0.297663951477252,2.39892368356316,1.68021537013102,1
120,19,41,0.0001,60,0.886771095697307,1.13395357041954,10.3200544534141,1
120,19,41,0.0001,120,1.17466375858131,1.40710108675238,70.0789037415827,1
120,19,61,0.0001,30,0.329994948810224,0.13880360764204,1.68021537013102,1
120,19,61,0.0001,60,0.736499843966279,1.07284661109146,10.3200544534141,1
120,19,61,0.0001,120,0.0492043758338715,5.16861686279168,70.0789037415827,1
120,20,41,1e-08,30,0.03414960052043,0.128846477441861,0.000511393838153745,0
120,20,41,1e-08,60,0.195799127476499,0.758459866405651,0.00188882742211014,0
120,20,41,1e-08,120,7.36353477904904,3.15660183717086,0.00965274561946435,0
120,20,61,1e-08,30,1.28932598812699,0.200263959103667,0.000511393838153745,0
120,20,61,1e-08,60,9.24669379238565,0.199246475236235,0.00188882742211014,0
120,20,61,1e-08,120,8.72343252984517,5.36935963160963,0.00965274561946435,0
120,20,41,1e-06,30,0.0304375062339047,0.128846477441861,0.0175581569974071,1
120,20,41,1e-06,60,0.252290987613309,0.758459866405651,0.105439709753164,1
120,20,41,1e-06,120,6.31786675256707,3.15660183717086,0.70847130360818,0
120,20,61,1e-06,30,5.56210879983972,0.200263959103667,0.0175581569974071,0
120,20,61,1e-06,60,1.2303297518596,0.199246475236235,0.105439709753164,0
120,20,61,1e-06,120,1.0000706948954,5.36935963160963,0.70847130360818,1
120,20,41,0.0001,30,0.0375134978513911,0.128846477441861,1.68021537013102,1
120,20,41,0.0001,60,0.291996495228767,0.758459866405651,10.3200544534141,1
120,20,41,0.0001,120,5.9425473376973,3.15660183717086,70.0789037415827,1
120,20,61,0.0001,30,5.78449156152597,0.200263959103667,1.68021537013102,1
120,20,61,0.0001,60,1.04910057642812,0.199246475236235,10.3200544534141,1
120,20,61,0.0001,120,1.34909301783991,5.36935963160963,70.0789037415827,1
121,1,41,1e-08,30,0.0239180576433217,0.0350985416014546,0.000511393838153745,0
121,1,41,1e-08,60,0.191187814866657,0.264055980085051,0.00188882742211014,0
121,1,41,1e-08,120,3.42966586240348,4.06584215353204,0.00965274561946435,0
121,1,61,1e-08,30,0.205581630824269,0.330096573274962,0.000511393838153745,0
121,1,61,1e-08,60,0.634042070935195,1.07109611123337,0.00188882742211014,0
121,1,61,1e-08,120,5.20169715566491,3.26514393217361,0.00965274561946435,0
121,1,41,1e-06,30,0.00663228587556105,0.0350985416014546,0.0175581569974071,1
121,1,41,1e-06,60,0.0910866591132164,0.264055980085051,0.105439709753164,1
121,1,41,1e-06,120,2.53457040866181,4.06584215353204,0.70847130360818,1
121,1,61,1e-06,30,0.211409256943788,0.330096573274962,0.0175581569974071,0
121,1,61,1e-06,60,0.648772922924079,1.07109611123337,0.105439709753164,0
121,1,61,1e-06,120,5.13428242265157,3.26514393217361,0.70847130360818,0
121,1,41,0.0001,30,0.00541993072699667,0.0350985416014546,1.68021537013102,1
121,1,41,0.0001,60,0.0820296338996693,0.264055980085051,10.3200544534141,1
121,1,41,0.0001,120,2.4382143008569,4.06584215353204,70.0789037415827,1
121,1,61,0.0001,30,0.210947606905082,0.330096573274962,1.68021537013102,1
121,1,61,0.0001,60,0.647120383566318,1.07109611123337,10.3200544534141,1
121,1,61,0.0001,120,5.14368957892422,3.26514393217361,70.0789037415827,1
121,2,41,1e-08,30,0.00876124696515856,0.0150223930654075,0.000511393838153745,0
121,2,41,1e-08,60,0.0422038887450992,0.0193343421245338,0.00188882742211014,0
121,2,41,1e-08,120,4.79508213273657,4.19648613944866,0.00965274561946435,0
121,2,61,1e-08,30,0.9695686523326,1.36153823665833,0.000511393838153745,0
121,2,61,1e-08,60,8.90128687533916,6.68968880760265,0.00188882742211014,0
121,2,61,1e-08,120,0.920585481319995,0.0175986211689509,0.00965274561946435,0
121,2,41,1e-06,30,0.00613173317733231,0.0150223930654075,0.0175581569974071,1
121,2,41,1e-06,60,0.0518591304663609,0.0193343421245338,0.105439709753164,1
121,2,41,1e-06,120,4.95527965509097,4.19648613944866,0.70847130360818,0
121,2,61,1e-06,30,0.762944853005461,1.36153823665833,0.0175581569974071,0
121,2,61,1e-06,60,9.66727361692231,6.68968880760265,0.105439709753164,0
121,2,61,1e-06,120,1.71203852613678,0.0175986211689509,0.70847130360818,1
121,2,41,0.0001,30,0.00576790786507992,0.0150223930654075,1.68021537013102,1
121,2,41,0.0001,60,0.0539577901914162,0.0193343421245338,10.3200544534141,1
121,2,41,0.0001,120,4.99529184070907,4.19648613944866,70.0789037415827,1
121,2,61,0.0001,30,0.755327214697468,1.36153823665833,1.68021537013102,1
121,2,61,0.0001,60,9.61760269324451,6.68968880760265,10.3200544534141,1
121,2,61,0.0001,120,1.75218102494117,0.0175986211689509,70.0789037415827,1
121,3,41,1e-08,30,0.0170710850745592,0.0218950547798304,0.000511393838153745,0
121,3,41,1e-08,60,0.161416765647659,0.0188184021497307,0.00188882742211014,0
121,3,41,1e-08,120,0.878970709646306,0.0148974351750325,0.00965274561946435,0
121,3,61,1e-08,30,4.39735731027214,4.03280447786122,0.000511393838153745,0
121,3,61,1e-08,60,9.72445008142497,8.94750184802137,0.00188882742211014,0
121,3,61,1e-08,120,6.91208831123791,5.22608609240908,0.00965274561946435,0
121,3,41,1e-06,30,0.00246473284493708,0.0218950547798304,0.0175581569974071,1
121,3,41,1e-06,60,0.0663576102750081,0.0188184021497307,0.105439709753164,1
121,3,41,1e-06,120,0.444959594835162,0.0148974351750325,0.70847130360818,1
121,3,61,1e-06,30,4.291489654806,4.03280447786122,0.0175581569974071,0
121,3,61,1e-06,60,9.72187598669132,8.94750184802137,0.105439709753164,0
121,3,61,1e-06,120,6.44913328191811,5.22608609240908,0.70847130360818,0
121,3,41,0.0001,30,0.00225578425361431,0.0218950547798304,1.68021537013102,1
121,3,41,0.0001,60,0.0643864896467428,0.0188184021497307,10.3200544534141,1
121,3,41,0.0001,120,0.435323553536141,0.0148974351750325,70.0789037415827,1
121,3,61,0.0001,30,4.29838147627822,4.03280447786122,1.68021537013102,1
121,3,61,0.0001,60,9.74299009594994,8.94750184802137,10.3200544534141,1
121,3,61,0.0001,120,6.48385213085458,5.22608609240908,70.0789037415827,1
121,4,41,1e-08,30,0.0475225025139612,0.00858116955642498,0.000511393838153745,0
121,4,41,1e-08,60,0.292461537913214,0.00552759600399732,0.00188882742211014,0
121,4,41,1e-08,120,1.36899387525233,0.00293031199690293,0.00965274561946435,0
121,4,61,1e-08,30,3.79500804636608,3.93557660894258,0.000511393838153745,0
121,4,61,1e-08,60,6.48205015374139,7.03155551395573,0.00188882742211014,0
121,4,61,1e-08,120,2.68363106629389,3.54885550276858,0.00965274561946435,0
121,4,41,1e-06,30,0.0275402424007836,0.00858116955642498,0.0175581569974071,1
121,4,41,1e-06,60,0.195734831623088,0.00552759600399732,0.105439709753164,1
121,4,41,1e-06,120,0.958430568719412,0.00293031199690293,0.70847130360818,1
121,4,61,1e-06,30,3.2792613004765,3.93557660894258,0.0175581569974071,0
121,4,61,1e-06,60,5.31297414796263,7.03155551395573,0.105439709753164,0
121,4,61,1e-06,120,1.41513583186663,3.54885550276858,0.70847130360818,1
121,4,41,0.0001,30,0.0264432106333519,0.00858116955642498,1.68021537013102,1
121,4,41,0.0001,60,0.190221933332735,0.00552759600399732,10.3200544534141,1
121,4,41,0.0001,120,0.934794410214971,0.00293031199690293,70.0789037415827,1
121,4,61,0.0001,30,3.27081216736398,3.93557660894258,1.68021537013102,1
121,4,61,0.0001,60,5.29515308812942,7.03155551395573,10.3200544534141,1
121,4,61,0.0001,120,1.39867661104185,3.54885550276858,70.0789037415827,1
121,5,41,1e-08,30,0.478903524915613,0.00471532970512052,0.000511393838153745,0
121,5,41,1e-08,60,1.4289085547211,0.0266786634440512,0.00188882742211014,0
121,5,41,1e-08,120,4.39802637908665,0.0613885060073024,0.00965274561946435,0
121,5,61,1e-08,30,0.0223677460034545,0.0799650952642932,0.000511393838153745,0
121,5,61,1e-08,60,0.00765331946752687,0.0367660365970771,0.00188882742211014,0
121,5,61,1e-08,120,0.257826487915648,0.00402878839842447,0.00965274561946435,0
121,5,41,1e-06,30,0.00256221789585348,0.00471532970512052,0.0175581569974071,1
121,5,41,1e-06,60,0.0158186145487938,0.0266786634440512,0.105439709753164,1
121,5,41,1e-06,120,0.0293008579111589,0.0613885060073024,0.70847130360818,1
121,5,61,1e-06,30,0.0141965963409365,0.0799650952642932,0.0175581569974071,1
121,5,61,1e-06,60,0.0183947673806501,0.0367660365970771,0.105439709753164,1
121,5,61,1e-06,120,0.349730638767848,0.00402878839842447,0.70847130360818,1
121,5,41,0.0001,30,0.00648694388969652,0.00471532970512052,1.68021537013102,1
121,5,41,0.0001,60,0.0349965055180262,0.0266786634440512,10.3200544534141,1
121,5,41,0.0001,120,0.0871624531829884,0.0613885060073024,70.0789037415827,1
121,5,61,0.0001,30,0.0144831942305568,0.0799650952642932,1.68021537013102,1
121,5,61,0.0001,60,0.0177224914661164,0.0367660365970771,10.3200544534141,1
121,5,61,0.0001,120,0.343711623181025,0.00402878839842447,70.0789037415827,1
121,6,41,1e-08,30,0.728223456113084,0.0282737813332933,0.000511393838153745,0
121,6,41,1e-08,60,2.34661994966966,0.112856939066094,0.00188882742211014,0
121,6,41,1e-08,120,0.0429806815292361,5.87903714789094,0.00965274561946435,0
121,6,61,1e-08,30,0.11712448456555,0.00146003699362336,0.000511393838153745,0
121,6,61,1e-08,60,0.635355018482088,0.0013898297295832,0.00188882742211014,0
121,6,61,1e-08,120,4.59208565279681,0.389839941382794,0.00965274561946435,0
121,6,41,1e-06,30,0.258141521421601,0.0282737813332933,0.0175581569974071,0
121,6,41,1e-06,60,1.0607555082444,0.112856939066094,0.105439709753164,0
121,6,41,1e-06,120,1.23954003818197,5.87903714789094,0.70847130360818,1
121,6,61,1e-06,30,0.109408141692409,0.00146003699362336,0.0175581569974071,0
121,6,61,1e-06,60,0.600309763797614,0.0013898297295832,0.105439709753164,0
121,6,61,1e-06,120,4.4056384125645,0.389839941382794,0.70847130360818,0
121,6,41,0.0001,30,0.387628888711501,0.0282737813332933,1.68021537013102,1
121,6,41,0.0001,60,1.55175923501242,0.112856939066094,10.3200544534141,1
121,6,41,0.0001,120,0.48315211186749,5.87903714789094,70.0789037415827,1
121,6,61,0.0001,30,0.105436731714472,0.00146003699362336,1.68021537013102,1
121,6,61,0.0001,60,0.58234691483959,0.0013898297295832,10.3200544534141,1
121,6,61,0.0001,120,4.30993710546276,0.389839941382794,70.0789037415827,1
121,7,41,1e-08,30,3.97777571495385,0.0133344995741182,0.000511393838153745,0
121,7,41,1e-08,60,3.75064201530416,0.0592471485473215,0.00188882742211014,0
121,7,41,1e-08,120,7.23524171685574,0.332879816301068,0.00965274561946435,0
121,7,61,1e-08,30,0.000162776235854951,0.478290671405583,0.000511393838153745,1
121,7,61,1e-08,60,0.0473285500777928,1.06124020369882,0.00188882742211014,0
121,7,61,1e-08,120,5.30480722150727,0.000976216647111737,0.00965274561946435,0
121,7,41,1e-06,30,4.57544562769525,0.0133344995741182,0.0175581569974071,0
121,7,41,1e-06,60,4.04129277636092,0.0592471485473215,0.105439709753164,0
121,7,41,1e-06,120,5.45272822844229,0.332879816301068,0.70847130360818,0
121,7,61,1e-06,30,0.429057941674577,0.478290671405583,0.0175581569974071,0
121,7,61,1e-06,60,0.922763622730811,1.06124020369882,0.105439709753164,0
121,7,61,1e-06,120,0.0108810765986581,0.000976216647111737,0.70847130360818,1
121,7,41,0.0001,30,4.19011792053288,0.0133344995741182,1.68021537013102,1
121,7,41,0.0001,60,4.73913645813747,0.0592471485473215,10.3200544534141,1
121,7,41,0.0001,120,4.07730290342572,0.332879816301068,70.0789037415827,1
121,7,61,0.0001,30,0.433131553004144,0.478290671405583,1.68021537013102,1
121,7,61,0.0001,60,0.927913390696116,1.06124020369882,10.3200544534141,1
121,7,61,0.0001,120,0.0105034772264956,0.000976216647111737,70.0789037415827,1
121,8,41,1e-08,30,0.0393154014752665,0.161935492834559,0.000511393838153745,0
121,8,41,1e-08,60,0.541479654516261,1.30232458666027,0.00188882742211014,0
121,8,41,1e-08,120,4.77828604230921,8.96218713111304,0.00965274561946435,0
121,8,61,1e-08,30,0.180750071020413,0.00838232169018021,0.000511393838153745,0
121,8,61,1e-08,60,9.74675790662322,6.78475216207304,0.00188882742211014,0
121,8,61,1e-08,120,0.0247641110578007,1.34451314671884,0.00965274561946435,1
121,8,41,1e-06,30,0.0414205090771474,0.161935492834559,0.0175581569974071,1
121,8,41,1e-06,60,0.552677670611575,1.30232458666027,0.105439709753164,0
121,8,41,1e-06,120,4.83190978424173,8.96218713111304,0.70847130360818,0
121,8,61,1e-06,30,0.00465588251776387,0.00838232169018021,0.0175581569974071,1
121,8,61,1e-06,60,5.20670011860549,6.78475216207304,0.105439709753164,0
121,8,61,1e-06,120,3.27161982101927,1.34451314671884,0.70847130360818,0
121,8,41,0.0001,30,0.0413770335578764,0.161935492834559,1.68021537013102,1
121,8,41,0.0001,60,0.552342082004757,1.30232458666027,10.3200544534141,1
121,8,41,0.0001,120,4.82987210982241,8.96218713111304,70.0789037415827,1
121,8,61,0.0001,30,0.00716223719758687,0.00838232169018021,1.68021537013102,1
121,8,61,0.0001,60,5.07308617117024,6.78475216207304,10.3200544534141,1
121,8,61,0.0001,120,3.47589292595168,1.34451314671884,70.0789037415827,1
121,9,41,1e-08,30,0.0480871026734288,0.130819387997969,0.000511393838153745,0
121,9,41,1e-08,60,0.777548541785406,1.40517461419692,0.00188882742211014,0
121,9,41,1e-08,120,3.6489003229556,6.43254439776449,0.00965274561946435,0
121,9,61,1e-08,30,1.80791404098364,0.0212171039573603,0.000511393838153745,0
121,9,61,1e-08,60,6.04682873271648,0.115029278488419,0.00188882742211014,0
121,9,61,1e-08,120,1.5060602251288,1.19729502213322,0.00965274561946435,0
121,9,41,1e-06,30,0.0435738793793878,0.130819387997969,0.0175581569974071,1
121,9,41,1e-06,60,0.772567496487721,1.40517461419692,0.105439709753164,0
121,9,41,1e-06,120,3.69720198694326,6.43254439776449,0.70847130360818,0
121,9,61,1e-06,30,0.394912093048939,0.0212171039573603,0.0175581569974071,0
121,9,61,1e-06,60,1.73928530250821,0.115029278488419,0.105439709753164,0
121,9,61,1e-06,120,9.41060520527207,1.19729502213322,0.70847130360818,0
121,9,41,0.0001,30,0.0392768090258042,0.130819387997969,1.68021537013102,1
121,9,41,0.0001,60,0.736819087569477,1.40517461419692,10.3200544534141,1
121,9,41,0.0001,120,3.54268057963668,6.43254439776449,70.0789037415827,1
121,9,61,0.0001,30,0.455910705205369,0.0212171039573603,1.68021537013102,1
121,9,61,0.0001,60,1.95553167258766,0.115029278488419,10.3200544534141,1
121,9,61,0.0001,120,9.42702527051129,1.19729502213322,70.0789037415827,1
121,10,41,1e-08,30,0.012447470684892,0.0192975884454696,0.000511393838153745,0
121,10,41,1e-08,60,0.058144807141663,0.129113911478209,0.00188882742211014,0
121,10,41,1e-08,120,7.59310792208248,9.33571421021432,0.00965274561946435,0
121,10,61,1e-08,30,0.00188144897721826,0.0207200413078729,0.000511393838153745,1
121,10,61,1e-08,60,0.00732980214335411,0.0801917162060123,0.00188882742211014,0
121,10,61,1e-08,120,0.195261934653238,1.37740990118092,0.00965274561946435,0
121,10,41,1e-06,30,0.00232740982799054,0.0192975884454696,0.0175581569974071,1
121,10,41,1e-06,60,0.0312910158356937,0.129113911478209,0.105439709753164,1
121,10,41,1e-06,120,7.23335873779686,9.33571421021432,0.70847130360818,0
121,10,61,1e-06,30,0.000723061291955471,0.0207200413078729,0.0175581569974071,1
121,10,61,1e-06,60,0.00341045319689701,0.0801917162060123,0.105439709753164,1
121,10,61,1e-06,120,0.240647458856877,1.37740990118092,0.70847130360818,1
121,10,41,0.0001,30,0.0184141405144868,0.0192975884454696,1.68021537013102,1
121,10,41,0.0001,60,0.124538823722919,0.129113911478209,10.3200544534141,1
121,10,41,0.0001,120,9.25743439638713,9.33571421021432,70.0789037415827,1
121,10,61,0.0001,30,0.000712377858236425,0.0207200413078729,1.68021537013102,1
121,10,61,0.0001,60,0.00337417843510194,0.0801917162060123,10.3200544534141,1
121,10,61,0.0001,120,0.241173072012809,1.37740990118092,70.0789037415827,1
121,11,41,1e-08,30,0.150527778200079,0.245807797219798,0.000511393838153745,0
121,11,41,1e-08,60,3.49589778546504,4.33692927830128,0.00188882742211014,0
121,11,41,1e-08,120,5.45597826806066,7.60973156298153,0.00965274561946435,0
121,11,61,1e-08,30,0.446248732245068,2.15375845485676,0.000511393838153745,0
121,11,61,1e-08,60,3.63065935537443,7.78689733560773,0.00188882742211014,0
121,11,61,1e-08,120,0.497360717147733,5.83359027023646,0.00965274561946435,0
121,11,41,1e-06,30,0.165401422116035,0.245807797219798,0.0175581569974071,0
121,11,41,1e-06,60,3.62681138367226,4.33692927830128,0.105439709753164,0
121,11,41,1e-06,120,5.7716746068448,7.60973156298153,0.70847130360818,0
121,11,61,1e-06,30,0.822205227054961,2.15375845485676,0.0175581569974071,0
121,11,61,1e-06,60,5.63427761680839,7.78689733560773,0.105439709753164,0
121,11,61,1e-06,120,2.66495069782344,5.83359027023646,0.70847130360818,1
121,11,41,0.0001,30,0.165258675914052,0.245807797219798,1.68021537013102,1
121,11,41,0.0001,60,3.6251798500919,4.33692927830128,10.3200544534141,1
121,11,41,0.0001,120,5.76718705259168,7.60973156298153,70.0789037415827,1
121,11,61,0.0001,30,0.868138188882022,2.15375845485676,1.68021537013102,1
121,11,61,0.0001,60,5.86149986999243,7.78689733560773,10.3200544534141,1
121,11,61,0.0001,120,2.97448678057523,5.83359027023646,70.0789037415827,1
121,12,41,1e-08,30,0.606817449464604,1.54966365237311,0.000511393838153745,0
121,12,41,1e-08,60,1.63832072672502,5.22624881572002,0.00188882742211014,0
121,12,41,1e-08,120,0.571030774599519,8.07875923484299,0.00965274561946435,0
121,12,61,1e-08,30,1.43260815293017,1.99385998472797,0.000511393838153745,0
121,12,61,1e-08,60,7.80012614279658,9.01980750369279,0.00188882742211014,0
121,12,61,1e-08,120,1.23687564804086,0.00661834541363094,0.00965274561946435,0
121,12,41,1e-06,30,0.265248055508502,1.54966365237311,0.0175581569974071,0
121,12,41,1e-06,60,0.679823441318578,5.22624881572002,0.105439709753164,0
121,12,41,1e-06,120,0.0068515559306635,8.07875923484299,0.70847130360818,1
121,12,61,1e-06,30,1.00580420236909,1.99385998472797,0.0175581569974071,0
121,12,61,1e-06,60,6.05357197348675,9.01980750369279,0.105439709753164,0
121,12,61,1e-06,120,2.96363856593637,0.00661834541363094,0.70847130360818,0
121,12,41,0.0001,30,0.258057560319699,1.54966365237311,1.68021537013102,1
121,12,41,0.0001,60,0.659924450021087,5.22624881572002,10.3200544534141,1
121,12,41,0.0001,120,0.0110642733272385,8.07875923484299,70.0789037415827,1
121,12,61,0.0001,30,0.986627016362386,1.99385998472797,1.68021537013102,1
121,12,61,0.0001,60,5.96518424394144,9.01980750369279,10.3200544534141,1
121,12,61,0.0001,120,3.0849152844612,0.00661834541363094,70.0789037415827,1
121,13,41,1e-08,30,0.0717266568904468,0.123088180146602,0.000511393838153745,0
121,13,41,1e-08,60,0.206318912092852,0.517852420360686,0.00188882742211014,0
121,13,41,1e-08,120,0.569957905654887,9.23655163828664,0.00965274561946435,0
121,13,61,1e-08,30,0.408414074380352,0.00591207329569581,0.000511393838153745,0
121,13,61,1e-08,60,2.89581851618096,7.32667495615933,0.00188882742211014,0
121,13,61,1e-08,120,0.00975953304479957,3.95867818158954,0.00965274561946435,1
121,13,41,1e-06,30,0.00339658136142391,0.123088180146602,0.0175581569974071,1
121,13,41,1e-06,60,0.0186510064902708,0.517852420360686,0.105439709753164,1
121,13,41,1e-06,120,3.51613062315983,9.23655163828664,0.70847130360818,0
121,13,61,1e-06,30,0.0374771239964103,0.00591207329569581,0.0175581569974071,1
121,13,61,1e-06,60,6.12769802864448,7.32667495615933,0.105439709753164,0
121,13,61,1e-06,120,2.33768736161967,3.95867818158954,0.70847130360818,1
121,13,41,0.0001,30,0.00435659313113991,0.123088180146602,1.68021537013102,1
121,13,41,0.0001,60,0.0224912526309924,0.517852420360686,10.3200544534141,1
121,13,41,0.0001,120,3.60959223284844,9.23655163828664,70.0789037415827,1
121,13,61,0.0001,30,0.0387171238925307,0.00591207329569581,1.68021537013102,1
121,13,61,0.0001,60,6.08632852759961,7.32667495615933,10.3200544534141,1
121,13,61,0.0001,120,2.28068073043304,3.95867818158954,70.0789037415827,1
121,14,41,1e-08,30,5.09330562906618,5.25864642162449,0.000511393838153745,0
121,14,41,1e-08,60,4.79330504168616,5.20170623388424,0.00188882742211014,0
121,14,41,1e-08,120,4.57957711603704,5.48218660242081,0.00965274561946435,0
121,14,61,1e-08,30,0.000440017815060458,0.0121419590482266,0.000511393838153745,1
121,14,61,1e-08,60,3.7926652617937,4.8056081463457,0.00188882742211014,0
121,14,61,1e-08,120,5.27855873758161,8.14053793980403,0.00965274561946435,0
121,14,41,1e-06,30,4.96374332688166,5.25864642162449,0.0175581569974071,0
121,14,41,1e-06,60,4.62318459719805,5.20170623388424,0.105439709753164,0
121,14,41,1e-06,120,4.3270886924148,5.48218660242081,0.70847130360818,0
121,14,61,1e-06,30,0.00219554931423674,0.0121419590482266,0.0175581569974071,1
121,14,61,1e-06,60,4.26872755126732,4.8056081463457,0.105439709753164,0
121,14,61,1e-06,120,6.76827617034438,8.14053793980403,0.70847130360818,0
121,14,41,0.0001,30,4.96711470771664,5.25864642162449,1.68021537013102,1
121,14,41,0.0001,60,4.63016216050552,5.20170623388424,10.3200544534141,1
121,14,41,0.0001,120,4.34104912845691,5.48218660242081,70.0789037415827,1
121,14,61,0.0001,30,0.00454426148324132,0.0121419590482266,1.68021537013102,1
121,14,61,0.0001,60,4.43784793922399,4.8056081463457,10.3200544534141,1
121,14,61,0.0001,120,7.19351296791469,8.14053793980403,70.0789037415827,1
121,15,41,1e-08,30,0.000627138875258388,0.0611921793067808,0.000511393838153745,1
121,15,41,1e-08,60,0.010833164622684,0.190004608655059,0.00188882742211014,0
121,15,41,1e-08,120,0.116102222964537,0.539297395605759,0.00965274561946435,0
121,15,61,1e-08,30,0.0427946913876565,0.085389130335427,0.000511393838153745,0
121,15,61,1e-08,60,1.49313802289702,1.96912977664858,0.00188882742211014,0
121,15,61,1e-08,120,6.80024292626195,8.88628024557922,0.00965274561946435,0
121,15,41,1e-06,30,0.000138012930316407,0.0611921793067808,0.0175581569974071,1
121,15,41,1e-06,60,0.00677587093283419,0.190004608655059,0.105439709753164,1
121,15,41,1e-06,120,0.0912203273589547,0.539297395605759,0.70847130360818,1
121,15,61,1e-06,30,0.0295595944070065,0.085389130335427,0.0175581569974071,1
121,15,61,1e-06,60,1.35127359766702,1.96912977664858,0.105439709753164,0
121,15,61,1e-06,120,6.24557599041374,8.88628024557922,0.70847130360818,0
121,15,41,0.0001,30,0.000129951221325131,0.0611921793067808,1.68021537013102,1
121,15,41,0.0001,60,0.00666586954946093,0.190004608655059,10.3200544534141,1
121,15,41,0.0001,120,0.0904270310006699,0.539297395605759,70.0789037415827,1
121,15,61,0.0001,30,0.0291299352651145,0.085389130335427,1.68021537013102,1
121,15,61,0.0001,60,1.34600797152215,1.96912977664858,10.3200544534141,1
121,15,61,0.0001,120,6.2241363944835,8.88628024557922,70.0789037415827,1
121,16,41,1e-08,30,1.59099526257299,0.0179264447128838,0.000511393838153745,0
121,16,41,1e-08,60,5.11452493922157,0.0679559374294261,0.00188882742211014,0
121,16,41,1e-08,120,3.59951430277585,0.407448237107733,0.00965274561946435,0
121,16,61,1e-08,30,0.0114611084866381,0.0279067216052713,0.000511393838153745,0
121,16,61,1e-08,60,3.1461284685081,3.62768869816771,0.00188882742211014,0
121,16,61,1e-08,120,8.07103399665623,9.69520553840434,0.00965274561946435,0
121,16,41,1e-06,30,0.427879706990776,0.0179264447128838,0.0175581569974071,0
121,16,41,1e-06,60,1.73277725437156,0.0679559374294261,0.105439709753164,0
121,16,41,1e-06,120,7.64436737401089,0.407448237107733,0.70847130360818,0
121,16,61,1e-06,30,0.00713733746024536,0.0279067216052713,0.0175581569974071,1
121,16,61,1e-06,60,3.02560893872417,3.62768869816771,0.105439709753164,0
121,16,61,1e-06,120,7.74613912568208,9.69520553840434,0.70847130360818,0
121,16,41,0.0001,30,0.503901891392321,0.0179264447128838,1.68021537013102,1
121,16,41,0.0001,60,1.99594410722322,0.0679559374294261,10.3200544534141,1
121,16,41,0.0001,120,8.65925325094196,0.407448237107733,70.0789037415827,1
121,16,61,0.0001,30,0.00721571760480656,0.0279067216052713,1.68021537013102,1
121,16,61,0.0001,60,3.02910764391145,3.62768869816771,10.3200544534141,1
121,16,61,0.0001,120,7.75778287091383,9.69520553840434,70.0789037415827,1
121,17,41,1e-08,30,0.00465948991742769,0.0021934175919689,0.000511393838153745,0
121,17,41,1e-08,60,0.135331733872598,0.080493814762504,0.00188882742211014,0
121,17,41,1e-08,120,0.677987141676077,0.376715935250823,0.00965274561946435,0
121,17,61,1e-08,30,0.938150862831133,1.16979724195617,0.000511393838153745,0
121,17,61,1e-08,60,1.79116655669083,2.51702129267953,0.00188882742211014,0
121,17,61,1e-08,120,4.93751961982186,2.90201368079342,0.00965274561946435,0
121,17,41,1e-06,30,0.0229777382116963,0.0021934175919689,0.0175581569974071,1
121,17,41,1e-06,60,0.243489829167944,0.080493814762504,0.105439709753164,1
121,17,41,1e-06,120,1.0680587382431,0.376715935250823,0.70847130360818,1
121,17,61,1e-06,30,0.779827248998894,1.16979724195617,0.0175581569974071,0
121,17,61,1e-06,60,1.41348874744202,2.51702129267953,0.105439709753164,0
121,17,61,1e-06,120,6.24686515122452,2.90201368079342,0.70847130360818,0
121,17,41,0.0001,30,0.0224362173064587,0.0021934175919689,1.68021537013102,1
121,17,41,0.0001,60,0.239730636976953,0.080493814762504,10.3200544534141,1
121,17,41,0.0001,120,1.05183728728917,0.376715935250823,70.0789037415827,1
121,17,61,0.0001,30,0.773414097809242,1.16979724195617,1.68021537013102,1
121,17,61,0.0001,60,1.3976956697022,2.51702129267953,10.3200544534141,1
121,17,61,0.0001,120,6.31053227278516,2.90201368079342,70.0789037415827,1
121,18,41,1e-08,30,0.188363757411155,1.13565817181723e-05,0.000511393838153745,0
121,18,41,1e-08,60,0.681308364298591,0.00269924358728438,0.00188882742211014,0
121,18,41,1e-08,120,4.07591940574627,7.9449175708194,0.00965274561946435,0
121,18,61,1e-08,30,3.1276064283342,4.66913056201289,0.000511393838153745,0
121,18,61,1e-08,60,1.73391799336446,4.84288151521342,0.00188882742211014,0
121,18,61,1e-08,120,8.37014765923133,2.3197604196566,0.00965274561946435,0
121,18,41,1e-06,30,0.000327714324786231,1.13565817181723e-05,0.0175581569974071,1
121,18,41,1e-06,60,0.000371791737863496,0.00269924358728438,0.105439709753164,1
121,18,41,1e-06,120,7.56317015575266,7.9449175708194,0.70847130360818,0
121,18,61,1e-06,30,1.82702229739646,4.66913056201289,0.0175581569974071,0
121,18,61,1e-06,60,0.335520545986653,4.84288151521342,0.105439709753164,1
121,18,61,1e-06,120,2.29266674009137,2.3197604196566,0.70847130360818,1
121,18,41,0.0001,30,0.00133825371285724,1.13565817181723e-05,1.68021537013102,1
121,18,41,0.0001,60,0.000210350960945481,0.00269924358728438,10.3200544534141,1
121,18,41,0.0001,120,7.21311465250765,7.9449175708194,70.0789037415827,1
121,18,61,0.0001,30,1.77501470354583,4.66913056201289,1.68021537013102,1
121,18,61,0.0001,60,0.295480724860918,4.84288151521342,10.3200544534141,1
121,18,61,0.0001,120,2.09071291355153,2.3197604196566,70.0789037415827,1
121,19,41,1e-08,30,0.0623391586861274,1.3398250780567e-05,0.000511393838153745,0
121,19,41,1e-08,60,0.236795855845797,0.00119426066960221,0.00188882742211014,0
121,19,41,1e-08,120,1.13774662924949,0.041010931576015,0.00965274561946435,0
121,19,61,1e-08,30,2.4540117261381,0.000548568502339276,0.000511393838153745,0
121,19,61,1e-08,60,0.0659718881747233,5.501325523129,0.00188882742211014,0
121,19,61,1e-08,120,0.715352094800284,0.538263339589238,0.00965274561946435,0
121,19,41,1e-06,30,0.00384539316458426,1.3398250780567e-05,0.0175581569974071,1
121,19,41,1e-06,60,0.0224509304260231,0.00119426066960221,0.105439709753164,1
121,19,41,1e-06,120,0.186317078940562,0.041010931576015,0.70847130360818,1
121,19,61,1e-06,30,6.20892154924302,0.000548568502339276,0.0175581569974071,0
121,19,61,1e-06,60,6.62540426939333,5.501325523129,0.105439709753164,0
121,19,61,1e-06,120,4.04402104961222,0.538263339589238,0.70847130360818,0
121,19,41,0.0001,30,0.00280795676063179,1.3398250780567e-05,1.68021537013102,1
121,19,41,0.0001,60,0.0177429720766779,0.00119426066960221,10.3200544534141,1
121,19,41,0.0001,120,0.159828831930262,0.041010931576015,70.0789037415827,1
121,19,61,0.0001,30,5.66836895096178,0.000548568502339276,1.68021537013102,1
121,19,61,0.0001,60,5.61288545380948,5.501325523129,10.3200544534141,1
121,19,61,0.0001,120,5.77729515596284,0.538263339589238,70.0789037415827,1
121,20,41,1e-08,30,0.0123189544877586,3.03265513495552e-05,0.000511393838153745,0
121,20,41,1e-08,60,0.0397678755861205,0.00171572302453312,0.00188882742211014,0
121,20,41,1e-08,120,0.110977062874365,0.00491501799279877,0.00965274561946435,0
121,20,61,1e-08,30,0.0453561322027459,0.208019134961952,0.000511393838153745,0
121,20,61,1e-08,60,0.000880204633978345,0.198483634380752,0.00188882742211014,1
121,20,61,1e-08,120,8.86215981183516,4.1519397307923,0.00965274561946435,0
121,20,41,1e-06,30,6.18527258090217e-05,3.03265513495552e-05,0.0175581569974071,1
121,20,41,1e-06,60,0.00208629514844203,0.00171572302453312,0.105439709753164,1
121,20,41,1e-06,120,0.00610834108708077,0.00491501799279877,0.70847130360818,1
121,20,61,1e-06,30,0.0643389093041878,0.208019134961952,0.0175581569974071,1
121,20,61,1e-06,60,0.00167218929969013,0.198483634380752,0.105439709753164,1
121,20,61,1e-06,120,8.10323836560906,4.1519397307923,0.70847130360818,0
121,20,41,0.0001,30,1.97611286245568e-05,3.03265513495552e-05,1.68021537013102,1
121,20,41,0.0001,60,0.00154393615590539,0.00171572302453312,10.3200544534141,1
121,20,41,0.0001,120,0.00433561650039701,0.00491501799279877,70.0789037415827,1
121,20,61,0.0001,30,0.0649435006642554,0.208019134961952,1.68021537013102,1
121,20,61,0.0001,60,0.00185034679240399,0.198483634380752,10.3200544534141,1
121,20,61,0.0001,120,8.08052827536261,4.1519397307923,70.0789037415827,1
122,1,41,1e-08,30,0.176685696642903,0.00339678061127321,0.000511393838153745,0
122,1,41,1e-08,60,4.65653378216899,0.989251393202735,0.00188882742211014,0
122,1,41,1e-08,120,7.53537594019683,0.596555576613099,0.00965274561946435,0
122,1,61,1e-08,30,0.222234151632663,0.000580167782350581,0.000511393838153745,0
122,1,61,1e-08,60,0.521362290849387,0.00250357580391113,0.00188882742211014,0
122,1,61,1e-08,120,4.35239674046256,9.45901420465965,0.00965274561946435,0
122,1,41,1e-06,30,3.7302608054665,0.00339678061127321,0.0175581569974071,0
122,1,41,1e-06,60,2.34368641137267,0.989251393202735,0.105439709753164,0
122,1,41,1e-06,120,4.0641084932453,0.596555576613099,0.70847130360818,0
122,1,61,1e-06,30,0.0283647841057946,0.000580167782350581,0.0175581569974071,1
122,1,61,1e-06,60,0.115612312743704,0.00250357580391113,0.105439709753164,1
122,1,61,1e-06,120,5.24593119053144,9.45901420465965,0.70847130360818,0
122,1,41,0.0001,30,4.14682204201463,0.00339678061127321,1.68021537013102,1
122,1,41,0.0001,60,1.77492902417383,0.989251393202735,10.3200544534141,1
122,1,41,0.0001,120,5.76925654169517,0.596555576613099,70.0789037415827,1
122,1,61,0.0001,30,0.0555576573962001,0.000580167782350581,1.68021537013102,1
122,1,61,0.0001,60,0.220531773220362,0.00250357580391113,10.3200544534141,1
122,1,61,0.0001,120,4.14613597271261,9.45901420465965,70.0789037415827,1
122,2,41,1e-08,30,0.000166943559504402,1.32316644910391,0.000511393838153745,1
122,2,41,1e-08,60,1.6634307297592,1.43779251760888,0.00188882742211014,0
122,2,41,1e-08,120,5.33893519692182,1.48633028161398,0.00965274561946435,0
122,2,61,1e-08,30,0.299777637985224,0.000415579728532523,0.000511393838153745,0
122,2,61,1e-08,60,0.799448354065095,0.00154599606496716,0.00188882742211014,0
122,2,61,1e-08,120,2.57789558762097,9.0787688402109,0.00965274561946435,0
122,2,41,1e-06,30,0.0827877913924446,1.32316644910391,0.0175581569974071,0
122,2,41,1e-06,60,2.80969528357163,1.43779251760888,0.105439709753164,0
122,2,41,1e-06,120,3.07122214820849,1.48633028161398,0.70847130360818,0
122,2,61,1e-06,30,0.00773956675218549,0.000415579728532523,0.0175581569974071,1
122,2,61,1e-06,60,0.0317696277254238,0.00154599606496716,0.105439709753164,1
122,2,61,1e-06,120,8.03228357625891,9.0787688402109,0.70847130360818,0
122,2,41,0.0001,30,0.0634288325189315,1.32316644910391,1.68021537013102,1
122,2,41,0.0001,60,2.5766312933686,1.43779251760888,10.3200544534141,1
122,2,41,0.0001,120,3.58652259661171,1.48633028161398,70.0789037415827,1
122,2,61,0.0001,30,0.0201701972158319,0.000415579728532523,1.68021537013102,1
122,2,61,0.0001,60,0.0815173788493453,0.00154599606496716,10.3200544534141,1
122,2,61,0.0001,120,6.86652775207118,9.0787688402109,70.0789037415827,1
122,3,41,1e-08,30,7.18512666566703,0.6652703140628,0.000511393838153745,0
122,3,41,1e-08,60,0.423318058039914,0.871147332651476,0.00188882742211014,0
122,3,41,1e-08,120,0.819682164907161,1.09081355926912,0.00965274561946435,0
122,3,61,1e-08,30,0.192784945373584,0.0612796656955334,0.000511393838153745,0
122,3,61,1e-08,60,4.21371567431569,3.28826517184718,0.00188882742211014,0
122,3,61,1e-08,120,8.35497201132529,6.53016659369904,0.00965274561946435,0
122,3,41,1e-06,30,2.47491117340141,0.6652703140628,0.0175581569974071,0
122,3,41,1e-06,60,5.87945222510155,0.871147332651476,0.105439709753164,0
122,3,41,1e-06,120,5.15327190812578,1.09081355926912,0.70847130360818,0
122,3,61,1e-06,30,0.0558630874113682,0.0612796656955334,0.0175581569974071,1
122,3,61,1e-06,60,3.21348578633897,3.28826517184718,0.105439709753164,0
122,3,61,1e-06,120,6.32820983688738,6.53016659369904,0.70847130360818,0
122,3,41,0.0001,30,2.69314438904667,0.6652703140628,1.68021537013102,1
122,3,41,0.0001,60,5.30358026323827,0.871147332651476,10.3200544534141,1
122,3,41,0.0001,120,6.24857516584678,1.09081355926912,70.0789037415827,1
122,3,61,0.0001,30,0.077053052050172,0.0612796656955334,1.68021537013102,1
122,3,61,0.0001,60,3.50982680836629,3.28826517184718,10.3200544534141,1
122,3,61,0.0001,120,7.15900806446365,6.53016659369904,70.0789037415827,1
122,4,41,1e-08,30,0.130284541024662,0.112943462496155,0.000511393838153745,0
122,4,41,1e-08,60,2.50052403906494,2.5265411300391,0.00188882742211014,0
122,4,41,1e-08,120,5.12389746539758,5.46613200155125,0.00965274561946435,0
122,4,61,1e-08,30,0.00013562763442279,0.0040932156944908,0.000511393838153745,1
122,4,61,1e-08,60,0.000496954198146514,0.0167462145572057,0.00188882742211014,1
122,4,61,1e-08,120,0.00365070031113091,0.0592579395495843,0.00965274561946435,1
122,4,41,1e-06,30,0.0311886982075861,0.112943462496155,0.0175581569974071,1
122,4,41,1e-06,60,1.61120545357842,2.5265411300391,0.105439709753164,0
122,4,41,1e-06,120,2.8777042416532,5.46613200155125,0.70847130360818,0
122,4,61,1e-06,30,0.000299127052058716,0.0040932156944908,0.0175581569974071,1
122,4,61,1e-06,60,0.00110130694044074,0.0167462145572057,0.105439709753164,1
122,4,61,1e-06,120,0.00669168621100945,0.0592579395495843,0.70847130360818,1
122,4,41,0.0001,30,0.0284750300430966,0.112943462496155,1.68021537013102,1
122,4,41,0.0001,60,1.57463913188741,2.5265411300391,10.3200544534141,1
122,4,41,0.0001,120,2.78434611939105,5.46613200155125,70.0789037415827,1
122,4,61,0.0001,30,0.000303775034166383,0.0040932156944908,1.68021537013102,1
122,4,61,0.0001,60,0.00111609811775209,0.0167462145572057,10.3200544534141,1
122,4,61,0.0001,120,0.00675706193591863,0.0592579395495843,70.0789037415827,1
122,5,41,1e-08,30,0.0101251541960115,0.008205597350932,0.000511393838153745,0
122,5,41,1e-08,60,0.160174429870413,0.131476359631113,0.00188882742211014,0
122,5,41,1e-08,120,0.594898796500371,0.407496874030331,0.00965274561946435,0
122,5,61,1e-08,30,0.0116940690192007,0.0011367493419629,0.000511393838153745,0
122,5,61,1e-08,60,0.0503272551656423,0.00338382948628063,0.00188882742211014,0
122,5,61,1e-08,120,0.274619473828195,0.00158189466728936,0.00965274561946435,0
122,5,41,1e-06,30,0.00220702184916864,0.008205597350932,0.0175581569974071,1
122,5,41,1e-06,60,0.407578410640128,0.131476359631113,0.105439709753164,0
122,5,41,1e-06,120,1.41775072635654,0.407496874030331,0.70847130360818,1
122,5,61,1e-06,30,0.0265369324281989,0.0011367493419629,0.0175581569974071,1
122,5,61,1e-06,60,0.112883625380313,0.00338382948628063,0.105439709753164,1
122,5,61,1e-06,120,0.561674041978373,0.00158189466728936,0.70847130360818,1
122,5,41,0.0001,30,0.00228082840087284,0.008205597350932,1.68021537013102,1
122,5,41,0.0001,60,0.408690483613271,0.131476359631113,10.3200544534141,1
122,5,41,0.0001,120,1.42025934218929,0.407496874030331,70.0789037415827,1
122,5,61,0.0001,30,0.0305322287286135,0.0011367493419629,1.68021537013102,1
122,5,61,0.0001,60,0.128694958831123,0.00338382948628063,10.3200544534141,1
122,5,61,0.0001,120,0.630532115038467,0.00158189466728936,70.0789037415827,1
122,6,41,1e-08,30,2.75939584517087,4.86918010245911e-05,0.000511393838153745,0
122,6,41,1e-08,60,8.5743425176105,0.00290273702255804,0.00188882742211014,0
122,6,41,1e-08,120,3.03705283241681,7.50310143826865,0.00965274561946435,0
122,6,61,1e-08,30,0.0071962451752234,0.0590039750665313,0.000511393838153745,0
122,6,61,1e-08,60,4.89374591953477,6.20901569811234,0.00188882742211014,0
122,6,61,1e-08,120,5.43896908285742,8.15006368357861,0.00965274561946435,0
122,6,41,1e-06,30,0.178160911857819,4.86918010245911e-05,0.0175581569974071,0
122,6,41,1e-06,60,0.857183067835471,0.00290273702255804,0.105439709753164,0
122,6,41,1e-06,120,3.19068974275029,7.50310143826865,0.70847130360818,0
122,6,61,1e-06,30,0.0235951553705791,0.0590039750665313,0.0175581569974071,1
122,6,61,1e-06,60,5.35034950152711,6.20901569811234,0.105439709753164,0
122,6,61,1e-06,120,6.2365562564045,8.15006368357861,0.70847130360818,0
122,6,41,0.0001,30,0.252280365971085,4.86918010245911e-05,1.68021537013102,1
122,6,41,0.0001,60,1.15031566450707,0.00290273702255804,10.3200544534141,1
122,6,41,0.0001,120,2.26972509653186,7.50310143826865,70.0789037415827,1
122,6,61,0.0001,30,0.0211233087315574,0.0590039750665313,1.68021537013102,1
122,6,61,0.0001,60,5.2746005585534,6.20901569811234,10.3200544534141,1
122,6,61,0.0001,120,6.07400526336072,8.15006368357861,70.0789037415827,1
122,7,41,1e-08,30,0.488103524297799,0.194587209247197,0.000511393838153745,0
122,7,41,1e-08,60,0.784107585290973,0.492994417804714,0.00188882742211014,0
122,7,41,1e-08,120,9.27266808054366,9.06048686514651,0.00965274561946435,0
122,7,61,1e-08,30,0.0138741519963996,0.0789364958868567,0.000511393838153745,0
122,7,61,1e-08,60,5.47244185862643,6.91685877256206,0.00188882742211014,0
122,7,61,1e-08,120,5.49505049814857,8.3510482084404,0.00965274561946435,0
122,7,41,1e-06,30,0.527596674435307,0.194587209247197,0.0175581569974071,0
122,7,41,1e-06,60,2.69766787867887,0.492994417804714,0.105439709753164,0
122,7,41,1e-06,120,2.85190491936347,9.06048686514651,0.70847130360818,0
122,7,61,1e-06,30,0.0468115497291127,0.0789364958868567,0.0175581569974071,1
122,7,61,1e-06,60,6.25575281827655,6.91685877256206,0.105439709753164,0
122,7,61,1e-06,120,6.92998088609323,8.3510482084404,0.70847130360818,0
122,7,41,0.0001,30,0.595856540472928,0.194587209247197,1.68021537013102,1
122,7,41,0.0001,60,2.97230892971787,0.492994417804714,10.3200544534141,1
122,7,41,0.0001,120,3.39437341618461,9.06048686514651,70.0789037415827,1
122,7,61,0.0001,30,0.0461572867303467,0.0789364958868567,1.68021537013102,1
122,7,61,0.0001,60,6.23884238144589,6.91685877256206,10.3200544534141,1
122,7,61,0.0001,120,6.89257722696448,8.3510482084404,70.0789037415827,1
122,8,41,1e-08,30,0.0191047697158786,0.022299423828583,0.000511393838153745,0
122,8,41,1e-08,60,6.07078893375059,6.03234840437208,0.00188882742211014,0
122,8,41,1e-08,120,5.96068130170101,5.95472753032378,0.00965274561946435,0
122,8,61,1e-08,30,0.176783113954218,1.43244496413851e-06,0.000511393838153745,0
122,8,61,1e-08,60,0.041020463315827,0.417626996765192,0.00188882742211014,0
122,8,61,1e-08,120,4.45885638233178,6.07019016889858,0.00965274561946435,0
122,8,41,1e-06,30,0.0158641493447342,0.022299423828583,0.0175581569974071,1
122,8,41,1e-06,60,6.2661980630501,6.03234840437208,0.105439709753164,0
122,8,41,1e-06,120,6.42590972828036,5.95472753032378,0.70847130360818,0
122,8,61,1e-06,30,0.0540976400572172,1.43244496413851e-06,0.0175581569974071,1
122,8,61,1e-06,60,1.25408693698947,0.417626996765192,0.105439709753164,0
122,8,61,1e-06,120,2.28157574120366,6.07019016889858,0.70847130360818,1
122,8,41,0.0001,30,0.0145793363818874,0.022299423828583,1.68021537013102,1
122,8,41,0.0001,60,6.31646822971431,6.03234840437208,10.3200544534141,1
122,8,41,0.0001,120,6.5259027229757,5.95472753032378,70.0789037415827,1
122,8,61,0.0001,30,0.0603095367053619,1.43244496413851e-06,1.68021537013102,1
122,8,61,0.0001,60,1.29926959046559,0.417626996765192,10.3200544534141,1
122,8,61,0.0001,120,2.18001108709868,6.07019016889858,70.0789037415827,1
122,9,41,1e-08,30,0.227081721154141,0.548475324444802,0.000511393838153745,0
122,9,41,1e-08,60,6.97354098535869,9.41717950213674,0.00188882742211014,0
122,9,41,1e-08,120,7.84880861822415,5.2378880984889,0.00965274561946435,0
122,9,61,1e-08,30,0.0136604364593808,0.00048169030269176,0.000511393838153745,0
122,9,61,1e-08,60,0.07388715865584,8.33797513413343e-05,0.00188882742211014,0
122,9,61,1e-08,120,0.365732403194141,0.00889942136020105,0.00965274561946435,0
122,9,41,1e-06,30,0.0747174668685444,0.548475324444802,0.0175581569974071,0
122,9,41,1e-06,60,5.19068890497777,9.41717950213674,0.105439709753164,0
122,9,41,1e-06,120,4.49707415407223,5.2378880984889,0.70847130360818,0
122,9,61,1e-06,30,0.00242181042500561,0.00048169030269176,0.0175581569974071,1
122,9,61,1e-06,60,0.0228167847609791,8.33797513413343e-05,0.105439709753164,1
122,9,61,1e-06,120,0.142718552784715,0.00889942136020105,0.70847130360818,1
122,9,41,0.0001,30,0.0715056692251164,0.548475324444802,1.68021537013102,1
122,9,41,0.0001,60,5.14407372704667,9.41717950213674,10.3200544534141,1
122,9,41,0.0001,120,4.41735211764877,5.2378880984889,70.0789037415827,1
122,9,61,0.0001,30,0.00244116981896887,0.00048169030269176,1.68021537013102,1
122,9,61,0.0001,60,0.0230550292241923,8.33797513413343e-05,10.3200544534141,1
122,9,61,0.0001,120,0.144208687720932,0.00889942136020105,70.0789037415827,1
122,10,41,1e-08,30,0.261150946653819,0.281560040447943,0.000511393838153745,0
122,10,41,1e-08,60,3.38256712785863,1.90410103790268,0.00188882742211014,0
122,10,41,1e-08,120,9.07842848074751,2.8035387356278,0.00965274561946435,0
122,10,61,1e-08,30,0.0856381060367343,0.066339367928632,0.000511393838153745,0
122,10,61,1e-08,60,0.51735493436987,0.135213125462544,0.00188882742211014,0
122,10,61,1e-08,120,3.1009466257059,0.159682505168978,0.00965274561946435,0
122,10,41,1e-06,30,1.02350084431315,0.281560040447943,0.0175581569974071,0
122,10,41,1e-06,60,3.26381515490609,1.90410103790268,0.105439709753164,0
122,10,41,1e-06,120,2.54930424484834,2.8035387356278,0.70847130360818,1
122,10,61,1e-06,30,0.0373290091381841,0.066339367928632,0.0175581569974071,1
122,10,61,1e-06,60,0.284067637658404,0.135213125462544,0.105439709753164,1
122,10,61,1e-06,120,1.96261645760585,0.159682505168978,0.70847130360818,1
122,10,41,0.0001,30,1.27015154900571,0.281560040447943,1.68021537013102,1
122,10,41,0.0001,60,2.52141867400632,1.90410103790268,10.3200544534141,1
122,10,41,0.0001,120,4.08895059324926,2.8035387356278,70.0789037415827,1
122,10,61,0.0001,30,0.0347191393241699,0.066339367928632,1.68021537013102,1
122,10,61,0.0001,60,0.270470252408071,0.135213125462544,10.3200544534141,1
122,10,61,0.0001,120,1.89323778947585,0.159682505168978,70.0789037415827,1
122,11,41,1e-08,30,0.518062236591251,0.400895329183053,0.000511393838153745,0
122,11,41,1e-08,60,0.0971566127014121,0.0176838703978341,0.00188882742211014,0
122,11,41,1e-08,120,8.50312532173643,4.86930629157428,0.00965274561946435,0
122,11,61,1e-08,30,0.00610371531226493,0.0078672132609122,0.000511393838153745,0
122,11,61,1e-08,60,0.0138718207857953,0.0248242041644417,0.00188882742211014,0
122,11,61,1e-08,120,3.5681483966699,3.2068267621855,0.00965274561946435,0
122,11,41,1e-06,30,0.173388889548776,0.400895329183053,0.0175581569974071,0
122,11,41,1e-06,60,5.02047701004695,0.0176838703978341,0.105439709753164,0
122,11,41,1e-06,120,0.0217042337782859,4.86930629157428,0.70847130360818,1
122,11,61,1e-06,30,7.98757786889278e-05,0.0078672132609122,0.0175581569974071,1
122,11,61,1e-06,60,6.16431410234364e-06,0.0248242041644417,0.105439709753164,1
122,11,61,1e-06,120,4.45784485198777,3.2068267621855,0.70847130360818,0
122,11,41,0.0001,30,0.252268169908254,0.400895329183053,1.68021537013102,1
122,11,41,0.0001,60,5.77885967086823,0.0176838703978341,10.3200544534141,1
122,11,41,0.0001,120,0.216642464737896,4.86930629157428,70.0789037415827,1
122,11,61,0.0001,30,3.69196183309929e-05,0.0078672132609122,1.68021537013102,1
122,11,61,0.0001,60,5.91471547711198e-05,0.0248242041644417,10.3200544534141,1
122,11,61,0.0001,120,4.49975374032452,3.2068267621855,70.0789037415827,1
122,12,41,1e-08,30,6.37020769756779,5.00904029494139,0.000511393838153745,0
122,12,41,1e-08,60,7.79455334012437,9.19679799324819,0.00188882742211014,0
122,12,41,1e-08,120,5.83104903943937,5.1265329157646,0.00965274561946435,0
122,12,61,1e-08,30,0.000374088738413164,0.0002831654040006,0.000511393838153745,1
122,12,61,1e-08,60,0.0112883782977702,0.002579483767207,0.00188882742211014,0
122,12,61,1e-08,120,2.54367632227689,3.08437004744262,0.00965274561946435,0
122,12,41,1e-06,30,3.33090468678601,5.00904029494139,0.0175581569974071,0
122,12,41,1e-06,60,5.85518341229746,9.19679799324819,0.105439709753164,0
122,12,41,1e-06,120,0.357323582663545,5.1265329157646,0.70847130360818,1
122,12,61,1e-06,30,0.00776920405660179,0.0002831654040006,0.0175581569974071,1
122,12,61,1e-06,60,0.0380851865896059,0.002579483767207,0.105439709753164,1
122,12,61,1e-06,120,2.14848659528299,3.08437004744262,0.70847130360818,1
122,12,41,0.0001,30,3.06472093457483,5.00904029494139,1.68021537013102,1
122,12,41,0.0001,60,5.1783470521065,9.19679799324819,10.3200544534141,1
122,12,41,0.0001,120,0.0987207048657865,5.1265329157646,70.0789037415827,1
122,12,61,0.0001,30,0.0162260205497484,0.0002831654040006,1.68021537013102,1
122,12,61,0.0001,60,0.0739403212822699,0.002579483767207,10.3200544534141,1
122,12,61,0.0001,120,1.7264698391706,3.08437004744262,70.0789037415827,1
122,13,41,1e-08,30,4.2005515565763,3.11874342350463,0.000511393838153745,0
122,13,41,1e-08,60,9.75136294660714,8.55123218441077,0.00188882742211014,0
122,13,41,1e-08,120,9.10721698381094,8.27261801604935,0.00965274561946435,0
122,13,61,1e-08,30,3.58348864971549,0.662146259606117,0.000511393838153745,0
122,13,61,1e-08,60,1.10812653686918,0.000528051706150224,0.00188882742211014,0
122,13,61,1e-08,120,3.81005326367615,0.164278686340009,0.00965274561946435,0
122,13,41,1e-06,30,0.769350339455983,3.11874342350463,0.0175581569974071,0
122,13,41,1e-06,60,1.30107395312658,8.55123218441077,0.105439709753164,0
122,13,41,1e-06,120,0.485602275954218,8.27261801604935,0.70847130360818,1
122,13,61,1e-06,30,2.59626298024701,0.662146259606117,0.0175581569974071,0
122,13,61,1e-06,60,1.99158562379319,0.000528051706150224,0.105439709753164,0
122,13,61,1e-06,120,6.07217468738065,0.164278686340009,0.70847130360818,0
122,13,41,0.0001,30,0.772658986471221,3.11874342350463,1.68021537013102,1
122,13,41,0.0001,60,1.32300930744505,8.55123218441077,10.3200544534141,1
122,13,41,0.0001,120,0.451442083272251,8.27261801604935,70.0789037415827,1
122,13,61,0.0001,30,2.61079119815754,0.662146259606117,1.68021537013102,1
122,13,61,0.0001,60,1.96330491003886,0.000528051706150224,10.3200544534141,1
122,13,61,0.0001,120,5.96832335325087,0.164278686340009,70.0789037415827,1
122,14,41,1e-08,30,0.369500938703174,0.986925299441193,0.000511393838153745,0
122,14,41,1e-08,60,0.432280291955844,0.12080101702235,0.00188882742211014,0
122,14,41,1e-08,120,1.91591162552541,7.04922261515011,0.00965274561946435,0
122,14,61,1e-08,30,0.0123158508681764,0.000332015327273743,0.000511393838153745,0
122,14,61,1e-08,60,0.0173757439642076,0.00185206040353001,0.00188882742211014,0
122,14,61,1e-08,120,8.56777313878784,8.10109555903114,0.00965274561946435,0
122,14,41,1e-06,30,0.0122306649870286,0.986925299441193,0.0175581569974071,1
122,14,41,1e-06,60,3.47569759173925,0.12080101702235,0.105439709753164,0
122,14,41,1e-06,120,0.639112367436337,7.04922261515011,0.70847130360818,1
122,14,61,1e-06,30,0.00847519973090449,0.000332015327273743,0.0175581569974071,1
122,14,61,1e-06,60,0.0367130828597511,0.00185206040353001,0.105439709753164,1
122,14,61,1e-06,120,9.85274991975268,8.10109555903114,0.70847130360818,0
122,14,41,0.0001,30,0.0140750952951916,0.986925299441193,1.68021537013102,1
122,14,41,0.0001,60,3.52175004932423,0.12080101702235,10.3200544534141,1
122,14,41,0.0001,120,0.672865417259152,7.04922261515011,70.0789037415827,1
122,14,61,0.0001,30,0.0083463613988262,0.000332015327273743,1.68021537013102,1
122,14,61,0.0001,60,0.0358410555824065,0.00185206040353001,10.3200544534141,1
122,14,61,0.0001,120,9.85214953836989,8.10109555903114,70.0789037415827,1
122,15,41,1e-08,30,0.0939912199308721,0.0139801173458997,0.000511393838153745,0
122,15,41,1e-08,60,0.173571473787031,0.250515030000141,0.00188882742211014,0
122,15,41,1e-08,120,0.000466644071955517,3.53501968802079,0.00965274561946435,1
122,15,61,1e-08,30,0.00375201711531122,7.87876779497382e-05,0.000511393838153745,0
122,15,61,1e-08,60,1.2781568721339e-05,0.00120381926503734,0.00188882742211014,1
122,15,61,1e-08,120,8.27985368161836,8.01216322446771,0.00965274561946435,0
122,15,41,1e-06,30,0.43343619145001,0.0139801173458997,0.0175581569974071,0
122,15,41,1e-06,60,1.11236401060623,0.250515030000141,0.105439709753164,0
122,15,41,1e-06,120,1.51843277635788,3.53501968802079,0.70847130360818,1
122,15,61,1e-06,30,0.00356882701657413,7.87876779497382e-05,0.0175581569974071,1
122,15,61,1e-06,60,0.0108972588056388,0.00120381926503734,0.105439709753164,1
122,15,61,1e-06,120,6.50530623583034,8.01216322446771,0.70847130360818,0
122,15,41,0.0001,30,0.435091459825653,0.0139801173458997,1.68021537013102,1
122,15,41,0.0001,60,1.11346525648415,0.250515030000141,10.3200544534141,1
122,15,41,0.0001,120,1.51610223814909,3.53501968802079,70.0789037415827,1
122,15,61,0.0001,30,0.00568694954778243,7.87876779497382e-05,1.68021537013102,1
122,15,61,0.0001,60,0.017929045805141,0.00120381926503734,10.3200544534141,1
122,15,61,0.0001,120,6.21687522093607,8.01216322446771,70.0789037415827,1
122,16,41,1e-08,30,1.11067082108661,0.360034163242752,0.000511393838153745,0
122,16,41,1e-08,60,0.15890236804876,5.99544427187605,0.00188882742211014,0
122,16,41,1e-08,120,3.52533829652157,8.5675769020128,0.00965274561946435,0
122,16,61,1e-08,30,7.25929632913255,7.64772335642688,0.000511393838153745,0
122,16,61,1e-08,60,8.03955319268747,9.05451652787067,0.00188882742211014,0
122,16,61,1e-08,120,7.3129624481108,9.50456277989153,0.00965274561946435,0
122,16,41,1e-06,30,0.385496665160975,0.360034163242752,0.0175581569974071,0
122,16,41,1e-06,60,6.26360970340425,5.99544427187605,0.105439709753164,0
122,16,41,1e-06,120,7.87515400420435,8.5675769020128,0.70847130360818,0
122,16,61,1e-06,30,6.45173481552961,7.64772335642688,0.0175581569974071,0
122,16,61,1e-06,60,6.53904279339979,9.05451652787067,0.105439709753164,0
122,16,61,1e-06,120,4.74388456266422,9.50456277989153,0.70847130360818,0
122,16,41,0.0001,30,0.46186946060236,0.360034163242752,1.68021537013102,1
122,16,41,0.0001,60,6.80087797412005,5.99544427187605,10.3200544534141,1
122,16,41,0.0001,120,6.80341656160024,8.5675769020128,70.0789037415827,1
122,16,61,0.0001,30,6.4227892990148,7.64772335642688,1.68021537013102,1
122,16,61,0.0001,60,6.48620231707083,9.05451652787067,10.3200544534141,1
122,16,61,0.0001,120,4.65867361474276,9.50456277989153,70.0789037415827,1
122,17,41,1e-08,30,6.36665634714834,0.0853082123927772,0.000511393838153745,0
122,17,41,1e-08,60,1.33003125599105,0.138387620524811,0.00188882742211014,0
122,17,41,1e-08,120,2.71420545808862,8.6700389999313,0.00965274561946435,0
122,17,61,1e-08,30,8.45338030153207,8.45221009119856,0.000511393838153745,0
122,17,61,1e-08,60,9.78279049131151,9.7625112156128,0.00188882742211014,0
122,17,61,1e-08,120,9.41144556686598,9.46876594765957,0.00965274561946435,0
122,17,41,1e-06,30,5.09066523422544,0.0853082123927772,0.0175581569974071,0
122,17,41,1e-06,60,2.43480105048222,0.138387620524811,0.105439709753164,0
122,17,41,1e-06,120,0.921764343916354,8.6700389999313,0.70847130360818,1
122,17,61,1e-06,30,8.41718313903962,8.45221009119856,0.0175581569974071,0
122,17,61,1e-06,60,9.68615938171131,9.7625112156128,0.105439709753164,0
122,17,61,1e-06,120,9.62117627775631,9.46876594765957,0.70847130360818,0
122,17,41,0.0001,30,5.12075159852907,0.0853082123927772,1.68021537013102,1
122,17,41,0.0001,60,2.38776451603966,0.138387620524811,10.3200544534141,1
122,17,41,0.0001,120,0.984475432885456,8.6700389999313,70.0789037415827,1
122,17,61,0.0001,30,8.4050673457011,8.45221009119856,1.68021537013102,0
122,17,61,0.0001,60,9.66129008200311,9.7625112156128,10.3200544534141,1
122,17,61,0.0001,120,9.66972631564552,9.46876594765957,70.0789037415827,1
122,18,41,1e-08,30,4.16309315137368,0.00192445813336774,0.000511393838153745,0
122,18,41,1e-08,60,0.474524637150735,7.92348096362083,0.00188882742211014,0
122,18,41,1e-08,120,0.0212062552484604,5.48013421720968,0.00965274561946435,1
122,18,61,1e-08,30,4.93461040568334,2.45013305574543,0.000511393838153745,0
122,18,61,1e-08,60,0.175824543152267,0.889226070028912,0.00188882742211014,0
122,18,61,1e-08,120,6.52616441949902,0.0586023923054135,0.00965274561946435,0
122,18,41,1e-06,30,7.82344741666789,0.00192445813336774,0.0175581569974071,0
122,18,41,1e-06,60,8.12973668828432,7.92348096362083,0.105439709753164,0
122,18,41,1e-06,120,1.19068898563688,5.48013421720968,0.70847130360818,1
122,18,61,1e-06,30,4.8371641578779,2.45013305574543,0.0175581569974071,0
122,18,61,1e-06,60,0.090402638381019,0.889226070028912,0.105439709753164,1
122,18,61,1e-06,120,5.030104753821,0.0586023923054135,0.70847130360818,0
122,18,41,0.0001,30,7.08266593221831,0.00192445813336774,1.68021537013102,0
122,18,41,0.0001,60,6.73587174070286,7.92348096362083,10.3200544534141,1
122,18,41,0.0001,120,0.353877420074326,5.48013421720968,70.0789037415827,1
122,18,61,0.0001,30,4.61959511961892,2.45013305574543,1.68021537013102,1
122,18,61,0.0001,60,0.0412189918180104,0.889226070028912,10.3200544534141,1
122,18,61,0.0001,120,4.20214943951234,0.0586023923054135,70.0789037415827,1
122,19,41,1e-08,30,2.16975537890286,0.0908840041705038,0.000511393838153745,0
122,19,41,1e-08,60,0.161074511688009,8.50962407216489,0.00188882742211014,0
122,19,41,1e-08,120,1.52444211205919,7.3156234295004,0.00965274561946435,0
122,19,61,1e-08,30,0.681180839867826,0.119929694026854,0.000511393838153745,0
122,19,61,1e-08,60,3.41154776050095,0.00283678747709881,0.00188882742211014,0
122,19,61,1e-08,120,3.91579241437943,0.896322181971778,0.00965274561946435,0
122,19,41,1e-06,30,9.66648648060851,0.0908840041705038,0.0175581569974071,0
122,19,41,1e-06,60,7.92894346726516,8.50962407216489,0.105439709753164,0
122,19,41,1e-06,120,2.53454617673311,7.3156234295004,0.70847130360818,1
122,19,61,1e-06,30,0.317025395887785,0.119929694026854,0.0175581569974071,0
122,19,61,1e-06,60,0.243592311064395,0.00283678747709881,0.105439709753164,1
122,19,61,1e-06,120,0.00352338534700844,0.896322181971778,0.70847130360818,1
122,19,41,0.0001,30,9.84660165000325,0.0908840041705038,1.68021537013102,0
122,19,41,0.0001,60,7.5937189030323,8.50962407216489,10.3200544534141,1
122,19,41,0.0001,120,2.20178022788414,7.3156234295004,70.0789037415827,1
122,19,61,0.0001,30,0.331202803719461,0.119929694026854,1.68021537013102,1
122,19,61,0.0001,60,0.261852945769376,0.00283678747709881,10.3200544534141,1
122,19,61,0.0001,120,0.00088610231773326,0.896322181971778,70.0789037415827,1
122,20,41,1e-08,30,7.46673796358618,0.0921247751575884,0.000511393838153745,0
122,20,41,1e-08,60,3.76901256864015,9.12618118683222,0.00188882742211014,0
122,20,41,1e-08,120,1.55028828153948,9.35523692991506,0.00965274561946435,0
122,20,61,1e-08,30,0.132712214546387,7.8863570921346,0.000511393838153745,0
122,20,61,1e-08,60,6.82528076100273,8.01584948508531,0.00188882742211014,0
122,20,61,1e-08,120,1.92684314603365,0.630335518769737,0.00965274561946435,0
122,20,41,1e-06,30,9.1203449860939,0.0921247751575884,0.0175581569974071,0
122,20,41,1e-06,60,6.97782592976833,9.12618118683222,0.105439709753164,0
122,20,41,1e-06,120,5.21790027806929,9.35523692991506,0.70847130360818,0
122,20,61,1e-06,30,2.60013751646978,7.8863570921346,0.0175581569974071,0
122,20,61,1e-06,60,0.0669512960898994,8.01584948508531,0.105439709753164,1
122,20,61,1e-06,120,0.108998457667653,0.630335518769737,0.70847130360818,1
122,20,41,0.0001,30,9.42889503602223,0.0921247751575884,1.68021537013102,0
122,20,41,0.0001,60,6.53131721933347,9.12618118683222,10.3200544534141,1
122,20,41,0.0001,120,4.52775365691621,9.35523692991506,70.0789037415827,1
122,20,61,0.0001,30,1.74003984125453,7.8863570921346,1.68021537013102,1
122,20,61,0.0001,60,0.738930276124858,8.01584948508531,10.3200544534141,1
122,20,61,0.0001,120,2.38997783339163,0.630335518769737,70.0789037415827,1
123,1,41,1e-08,30,0.00361353479590065,0.00196829970549266,0.000511393838153745,0
123,1,41,1e-08,60,0.0295525151845982,0.00105240471714115,0.00188882742211014,0
123,1,41,1e-08,120,0.157066954066829,6.04438315033009e-05,0.00965274561946435,0
123,1,61,1e-08,30,0.944047583009335,0.000942793845537874,0.000511393838153745,0
123,1,61,1e-08,60,2.91108798442856,0.000852843970425132,0.00188882742211014,0
123,1,61,1e-08,120,9.65891850332784,0.00068512114381265,0.00965274561946435,0
123,1,41,1e-06,30,0.00250785887999578,0.00196829970549266,0.0175581569974071,1
123,1,41,1e-06,60,0.0244482840388843,0.00105240471714115,0.105439709753164,1
123,1,41,1e-06,120,0.136706270180164,6.04438315033009e-05,0.70847130360818,1
123,1,61,1e-06,30,0.446311134588975,0.000942793845537874,0.0175581569974071,0
123,1,61,1e-06,60,1.91731267492133,0.000852843970425132,0.105439709753164,0
123,1,61,1e-06,120,7.94060060524004,0.00068512114381265,0.70847130360818,0
123,1,41,0.0001,30,0.00242245759518748,0.00196829970549266,1.68021537013102,1
123,1,41,0.0001,60,0.0239401996099048,0.00105240471714115,10.3200544534141,1
123,1,41,0.0001,120,0.13436509167336,6.04438315033009e-05,70.0789037415827,1
123,1,61,0.0001,30,0.653232346510961,0.000942793845537874,1.68021537013102,1
123,1,61,0.0001,60,2.71866917246508,0.000852843970425132,10.3200544534141,1
123,1,61,0.0001,120,8.72079460008797,0.00068512114381265,70.0789037415827,1
123,2,41,1e-08,30,0.000460864763715168,0.00286033960519565,0.000511393838153745,1
123,2,41,1e-08,60,0.0202085272705613,0.0422073808882201,0.00188882742211014,0
123,2,41,1e-08,120,0.416297307454817,0.269752332800423,0.00965274561946435,0
123,2,61,1e-08,30,2.95901377837362,0.026192116101912,0.000511393838153745,0
123,2,61,1e-08,60,9.5426750196637,0.00674245991714246,0.00188882742211014,0
123,2,61,1e-08,120,0.0987496500234303,0.284024027026272,0.00965274561946435,0
123,2,41,1e-06,30,0.00208545649470644,0.00286033960519565,0.0175581569974071,1
123,2,41,1e-06,60,0.036146297355105,0.0422073808882201,0.105439709753164,1
123,2,41,1e-06,120,0.302185308582442,0.269752332800423,0.70847130360818,1
123,2,61,1e-06,30,0.166091674598854,0.026192116101912,0.0175581569974071,0
123,2,61,1e-06,60,1.10137320563926,0.00674245991714246,0.105439709753164,0
123,2,61,1e-06,120,7.7779625463335,0.284024027026272,0.70847130360818,0
123,2,41,0.0001,30,0.00238799760748124,0.00286033960519565,1.68021537013102,1
123,2,41,0.0001,60,0.0385014141705617,0.0422073808882201,10.3200544534141,1
123,2,41,0.0001,120,0.289257453235216,0.269752332800423,70.0789037415827,1
123,2,61,0.0001,30,0.152326355104143,0.026192116101912,1.68021537013102,1
123,2,61,0.0001,60,1.04463797011215,0.00674245991714246,10.3200544534141,1
123,2,61,0.0001,120,7.51441164404411,0.284024027026272,70.0789037415827,1
123,3,41,1e-08,30,0.0565165750328243,0.1148221327738,0.000511393838153745,0
123,3,41,1e-08,60,1.42502980196088,1.98218897227504,0.00188882742211014,0
123,3,41,1e-08,120,4.13204929372482,6.11557523176048,0.00965274561946435,0
123,3,61,1e-08,30,0.0591221727534187,0.0355429931105758,0.000511393838153745,0
123,3,61,1e-08,60,0.134762468609529,0.112830574438259,0.00188882742211014,0
123,3,61,1e-08,120,0.514477987658496,0.279184253449362,0.00965274561946435,0
123,3,41,1e-06,30,0.0455955469888682,0.1148221327738,0.0175581569974071,1
123,3,41,1e-06,60,1.33915416428574,1.98218897227504,0.105439709753164,0
123,3,41,1e-06,120,3.88705986483135,6.11557523176048,0.70847130360818,0
123,3,61,1e-06,30,0.0751065075910443,0.0355429931105758,0.0175581569974071,0
123,3,61,1e-06,60,0.354213320950364,0.112830574438259,0.105439709753164,1
123,3,61,1e-06,120,1.79462290934251,0.279184253449362,0.70847130360818,1
123,3,41,0.0001,30,0.0463354128721251,0.1148221327738,1.68021537013102,1
123,3,41,0.0001,60,1.34724118301923,1.98218897227504,10.3200544534141,1
123,3,41,0.0001,120,3.91477305131444,6.11557523176048,70.0789037415827,1
123,3,61,0.0001,30,0.119881248936637,0.0355429931105758,1.68021537013102,1
123,3,61,0.0001,60,0.538312566453982,0.112830574438259,10.3200544534141,1
123,3,61,0.0001,120,2.59496072761109,0.279184253449362,70.0789037415827,1
123,4,41,1e-08,30,0.245885935736097,0.279467265864678,0.000511393838153745,0
123,4,41,1e-08,60,6.98930800863512,7.57892419147579,0.00188882742211014,0
123,4,41,1e-08,120,6.97243351940027,8.4259286939325,0.00965274561946435,0
123,4,61,1e-08,30,0.346236579010534,0.00681669755711843,0.000511393838153745,0
123,4,61,1e-08,60,1.02141788051022,0.0164187193522727,0.00188882742211014,0
123,4,61,1e-08,120,0.656526347215754,8.32127712414379,0.00965274561946435,0
123,4,41,1e-06,30,0.169648333634024,0.279467265864678,0.0175581569974071,0
123,4,41,1e-06,60,6.34789447306334,7.57892419147579,0.105439709753164,0
123,4,41,1e-06,120,5.93324444842688,8.4259286939325,0.70847130360818,0
123,4,61,1e-06,30,0.012008528916085,0.00681669755711843,0.0175581569974071,1
123,4,61,1e-06,60,0.065869895282424,0.0164187193522727,0.105439709753164,1
123,4,61,1e-06,120,4.47151313445479,8.32127712414379,0.70847130360818,0
123,4,41,0.0001,30,0.173933133398695,0.279467265864678,1.68021537013102,1
123,4,41,0.0001,60,6.39987936859456,7.57892419147579,10.3200544534141,1
123,4,41,0.0001,120,6.03377095899289,8.4259286939325,70.0789037415827,1
123,4,61,0.0001,30,0.0259118394021642,0.00681669755711843,1.68021537013102,1
123,4,61,0.0001,60,0.128842912758477,0.0164187193522727,10.3200544534141,1
123,4,61,0.0001,120,3.64995132029294,8.32127712414379,70.0789037415827,1
123,5,41,1e-08,30,2.92188244017836,0.00626095971273458,0.000511393838153745,0
123,5,41,1e-08,60,5.48001396405135,0.0347803549174839,0.00188882742211014,0
123,5,41,1e-08,120,5.63807920401646,0.423615488711205,0.00965274561946435,0
123,5,61,1e-08,30,1.49469587320711,0.0184186141660731,0.000511393838153745,0
123,5,61,1e-08,60,5.79209281257769,0.0168663191788802,0.00188882742211014,0
123,5,61,1e-08,120,1.89882205507221,0.000147669945398073,0.00965274561946435,0
123,5,41,1e-06,30,5.48656142743668,0.00626095971273458,0.0175581569974071,0
123,5,41,1e-06,60,2.70366018618351,0.0347803549174839,0.105439709753164,0
123,5,41,1e-06,120,7.28578982041553,0.423615488711205,0.70847130360818,0
123,5,61,1e-06,30,0.229226029096789,0.0184186141660731,0.0175581569974071,0
123,5,61,1e-06,60,0.693350907921124,0.0168663191788802,0.105439709753164,0
123,5,61,1e-06,120,1.98851459374905,0.000147669945398073,0.70847130360818,1
123,5,41,0.0001,30,4.96063995020201,0.00626095971273458,1.68021537013102,1
123,5,41,0.0001,60,3.44887066637851,0.0347803549174839,10.3200544534141,1
123,5,41,0.0001,120,5.24825028745772,0.423615488711205,70.0789037415827,1
123,5,61,0.0001,30,0.384272801489529,0.0184186141660731,1.68021537013102,1
123,5,61,0.0001,60,1.20651475036077,0.0168663191788802,10.3200544534141,1
123,5,61,0.0001,120,3.70607312235482,0.000147669945398073,70.0789037415827,1
123,6,41,1e-08,30,9.0879596719455,9.77756599776524,0.000511393838153745,0
123,6,41,1e-08,60,8.78039595839138,9.74955681411892,0.00188882742211014,0
123,6,41,1e-08,120,9.3072253204318,8.2038144333593,0.00965274561946435,0
123,6,61,1e-08,30,7.99095561338047,0.0236896333378057,0.000511393838153745,0
123,6,61,1e-08,60,0.284576248495631,0.0932297173409579,0.00188882742211014,0
123,6,61,1e-08,120,1.30534359825345,0.190534160627462,0.00965274561946435,0
123,6,41,1e-06,30,9.76550677615354,9.77756599776524,0.0175581569974071,0
123,6,41,1e-06,60,9.76943856679748,9.74955681411892,0.105439709753164,0
123,6,41,1e-06,120,8.23643287582456,8.2038144333593,0.70847130360818,0
123,6,61,1e-06,30,6.59040409606155,0.0236896333378057,0.0175581569974071,0
123,6,61,1e-06,60,1.33079003418523,0.0932297173409579,0.105439709753164,0
123,6,61,1e-06,120,6.1684809874193,0.190534160627462,0.70847130360818,0
123,6,41,0.0001,30,9.78155849083276,9.77756599776524,1.68021537013102,0
123,6,41,0.0001,60,9.74154318740962,9.74955681411892,10.3200544534141,1
123,6,41,0.0001,120,8.18907706905996,8.2038144333593,70.0789037415827,1
123,6,61,0.0001,30,6.65891982276346,0.0236896333378057,1.68021537013102,0
123,6,61,0.0001,60,1.26500113621615,0.0932297173409579,10.3200544534141,1
123,6,61,0.0001,120,5.87400505924307,0.190534160627462,70.0789037415827,1
123,7,41,1e-08,30,0.881939591264378,1.48878348278832,0.000511393838153745,0
123,7,41,1e-08,60,3.96665726292893,6.57953477270276,0.00188882742211014,0
123,7,41,1e-08,120,4.56966906941728,8.92424732486755,0.00965274561946435,0
123,7,61,1e-08,30,2.13817383570951,0.860594056436577,0.000511393838153745,0
123,7,61,1e-08,60,2.98527227539052,0.719014857247486,0.00188882742211014,0
123,7,61,1e-08,120,5.07289358201312,0.464992591006848,0.00965274561946435,0
123,7,41,1e-06,30,0.816540949748628,1.48878348278832,0.0175581569974071,0
123,7,41,1e-06,60,3.73150346665049,6.57953477270276,0.105439709753164,0
123,7,41,1e-06,120,4.11622192462686,8.92424732486755,0.70847130360818,0
123,7,61,1e-06,30,5.09847225720634e-05,0.860594056436577,0.0175581569974071,1
123,7,61,1e-06,60,1.01208632488597,0.719014857247486,0.105439709753164,0
123,7,61,1e-06,120,9.23509699523507,0.464992591006848,0.70847130360818,0
123,7,41,0.0001,30,0.81258102281437,1.48878348278832,1.68021537013102,1
123,7,41,0.0001,60,3.71567446632024,6.57953477270276,10.3200544534141,1
123,7,41,0.0001,120,4.0841601650859,8.92424732486755,70.0789037415827,1
123,7,61,0.0001,30,0.0087757709572348,0.860594056436577,1.68021537013102,1
123,7,61,0.0001,60,1.42781635030814,0.719014857247486,10.3200544534141,1
123,7,61,0.0001,120,8.2899706043319,0.464992591006848,70.0789037415827,1
123,8,41,1e-08,30,0.00597231069442197,0.00216589782858142,0.000511393838153745,0
123,8,41,1e-08,60,4.02811466274138,3.16561019044703,0.00188882742211014,0
123,8,41,1e-08,120,0.214827090944289,0.000769160703224694,0.00965274561946435,0
123,8,61,1e-08,30,0.036343625803078,0.436209031294882,0.000511393838153745,0
123,8,61,1e-08,60,0.357672525863832,2.41362478247779,0.00188882742211014,0
123,8,61,1e-08,120,1.4722902039782,9.86160279092647,0.00965274561946435,0
123,8,41,1e-06,30,0.00184348409625579,0.00216589782858142,0.0175581569974071,1
123,8,41,1e-06,60,3.83402805541569,3.16561019044703,0.105439709753164,0
123,8,41,1e-06,120,0.148484966889387,0.000769160703224694,0.70847130360818,1
123,8,61,1e-06,30,0.0290144627402558,0.436209031294882,0.0175581569974071,1
123,8,61,1e-06,60,0.328533407605131,2.41362478247779,0.105439709753164,1
123,8,61,1e-06,120,1.39086698352315,9.86160279092647,0.70847130360818,1
123,8,41,0.0001,30,0.00191015474593194,0.00216589782858142,1.68021537013102,1
123,8,41,0.0001,60,3.8404411788555,3.16561019044703,10.3200544534141,1
123,8,41,0.0001,120,0.151094887682403,0.000769160703224694,70.0789037415827,1
123,8,61,0.0001,30,0.0286173765091424,0.436209031294882,1.68021537013102,1
123,8,61,0.0001,60,0.326033861032421,2.41362478247779,10.3200544534141,1
123,8,61,0.0001,120,1.38094388808182,9.86160279092647,70.0789037415827,1
123,9,41,1e-08,30,0.00195755698410434,0.00387656085054515,0.000511393838153745,1
123,9,41,1e-08,60,0.00968215261505863,0.0129550279391764,0.00188882742211014,0
123,9,41,1e-08,120,0.0940037173699018,0.013698679666184,0.00965274561946435,0
123,9,61,1e-08,30,0.0237113838077632,0.381860226387149,0.000511393838153745,0
123,9,61,1e-08,60,0.000211897042907455,1.02687488134478,0.00188882742211014,1
123,9,61,1e-08,120,1.22323804838061,0.926304801459782,0.00965274561946435,0
123,9,41,1e-06,30,7.238596885186e-05,0.00387656085054515,0.0175581569974071,1
123,9,41,1e-06,60,4.20328669590743e-05,0.0129550279391764,0.105439709753164,1
123,9,41,1e-06,120,0.00949868609009605,0.013698679666184,0.70847130360818,1
123,9,61,1e-06,30,0.0023753433192243,0.381860226387149,0.0175581569974071,1
123,9,61,1e-06,60,0.103075281386482,1.02687488134478,0.105439709753164,1
123,9,61,1e-06,120,2.91516745239185,0.926304801459782,0.70847130360818,0
123,9,41,0.0001,30,0.000317369195189744,0.00387656085054515,1.68021537013102,1
123,9,41,0.0001,60,0.000621467337135601,0.0129550279391764,10.3200544534141,1
123,9,41,0.0001,120,0.00368898557548323,0.013698679666184,70.0789037415827,1
123,9,61,0.0001,30,0.0025308351762896,0.381860226387149,1.68021537013102,1
123,9,61,0.0001,60,0.104441028642596,1.02687488134478,10.3200544534141,1
123,9,61,0.0001,120,2.92617376938423,0.926304801459782,70.0789037415827,1
123,10,41,1e-08,30,0.17032321627475,0.0145798377859058,0.000511393838153745,0
123,10,41,1e-08,60,1.1033857671928,0.275355668278017,0.00188882742211014,0
123,10,41,1e-08,120,8.62510187735646,3.77807935518269,0.00965274561946435,0
123,10,61,1e-08,30,0.0016602341599537,9.95294381211556e-05,0.000511393838153745,1
123,10,61,1e-08,60,9.83872139740273,9.27910897646724,0.00188882742211014,0
123,10,61,1e-08,120,9.70682467016016,8.98512922503024,0.00965274561946435,0
123,10,41,1e-06,30,0.00999614237031642,0.0145798377859058,0.0175581569974071,1
123,10,41,1e-06,60,0.231076772754519,0.275355668278017,0.105439709753164,1
123,10,41,1e-06,120,3.43414216483993,3.77807935518269,0.70847130360818,0
123,10,61,1e-06,30,2.77384422158393e-05,9.95294381211556e-05,0.0175581569974071,1
123,10,61,1e-06,60,9.33431473206109,9.27910897646724,0.105439709753164,0
123,10,61,1e-06,120,9.09170446754626,8.98512922503024,0.70847130360818,0
123,10,41,0.0001,30,0.00693985787403687,0.0145798377859058,1.68021537013102,1
123,10,41,0.0001,60,0.202351265531516,0.275355668278017,10.3200544534141,1
123,10,41,0.0001,120,3.21802132770535,3.77807935518269,70.0789037415827,1
123,10,61,0.0001,30,6.40424747363661e-05,9.95294381211556e-05,1.68021537013102,1
123,10,61,0.0001,60,9.30315035611124,9.27910897646724,10.3200544534141,1
123,10,61,0.0001,120,9.03245198529795,8.98512922503024,70.0789037415827,1
123,11,41,1e-08,30,0.0113449123781259,0.00343271995545788,0.000511393838153745,0
123,11,41,1e-08,60,0.0401134305388197,0.0121681118466814,0.00188882742211014,0
123,11,41,1e-08,120,6.2641175974474,5.42305539433428,0.00965274561946435,0
123,11,61,1e-08,30,0.00862379302440039,0.00353880207910591,0.000511393838153745,0
123,11,61,1e-08,60,0.0213006084422712,0.0087607624055034,0.00188882742211014,0
123,11,61,1e-08,120,0.0442893034254549,0.0144380244989137,0.00965274561946435,0
123,11,41,1e-06,30,0.00502123183576051,0.00343271995545788,0.0175581569974071,1
123,11,41,1e-06,60,0.0180815808759893,0.0121681118466814,0.105439709753164,1
123,11,41,1e-06,120,5.6486021303667,5.42305539433428,0.70847130360818,0
123,11,61,1e-06,30,0.0009807897034586,0.00353880207910591,0.0175581569974071,1
123,11,61,1e-06,60,0.00791267623172538,0.0087607624055034,0.105439709753164,1
123,11,61,1e-06,120,0.0604606086555042,0.0144380244989137,0.70847130360818,1
123,11,41,0.0001,30,0.00450506582353377,0.00343271995545788,1.68021537013102,1
123,11,41,0.0001,60,0.0162220133754569,0.0121681118466814,10.3200544534141,1
123,11,41,0.0001,120,5.5830800984536,5.42305539433428,70.0789037415827,1
123,11,61,0.0001,30,0.00211543781704091,0.00353880207910591,1.68021537013102,1
123,11,61,0.0001,60,0.0137771236229606,0.0087607624055034,10.3200544534141,1
123,11,61,0.0001,120,0.0910850746609139,0.0144380244989137,70.0789037415827,1
123,12,41,1e-08,30,1.15626183691255,5.35606453164417e-05,0.000511393838153745,0
123,12,41,1e-08,60,6.27771847518862,0.000165234219388118,0.00188882742211014,0
123,12,41,1e-08,120,0.876667180415716,0.00185469186235172,0.00965274561946435,0
123,12,61,1e-08,30,2.16779150152548,0.184025396430286,0.000511393838153745,0
123,12,61,1e-08,60,6.92622616120011,0.476727351318955,0.00188882742211014,0
123,12,61,1e-08,120,1.86088924998583,1.55000387631935,0.00965274561946435,0
123,12,41,1e-06,30,6.99235955736321,5.35606453164417e-05,0.0175581569974071,0
123,12,41,1e-06,60,0.961680909631078,0.000165234219388118,0.105439709753164,0
123,12,41,1e-06,120,3.86723534695451,0.00185469186235172,0.70847130360818,0
123,12,61,1e-06,30,0.39422784969962,0.184025396430286,0.0175581569974071,0
123,12,61,1e-06,60,2.07466962298067,0.476727351318955,0.105439709753164,0
123,12,61,1e-06,120,9.20376607365357,1.55000387631935,0.70847130360818,0
123,12,41,0.0001,30,7.41188088143828,5.35606453164417e-05,1.68021537013102,0
123,12,41,0.0001,60,0.69943315692579,0.000165234219388118,10.3200544534141,1
123,12,41,0.0001,120,2.85566865774396,0.00185469186235172,70.0789037415827,1
123,12,61,0.0001,30,0.534172550384101,0.184025396430286,1.68021537013102,1
123,12,61,0.0001,60,2.65504230679488,0.476727351318955,10.3200544534141,1
123,12,61,0.0001,120,8.34186736633201,1.55000387631935,70.0789037415827,1
123,13,41,1e-08,30,2.72684387650693,2.55116736695902,0.000511393838153745,0
123,13,41,1e-08,60,2.65045981927527,2.25489449862427,0.00188882742211014,0
123,13,41,1e-08,120,2.3941985623633,1.62893799003922,0.00965274561946435,0
123,13,61,1e-08,30,0.0340358444496313,0.00725015000851576,0.000511393838153745,0
123,13,61,1e-08,60,0.130568911572048,0.0401220850312882,0.00188882742211014,0
123,13,61,1e-08,120,5.31052112802959,4.08049137850659,0.00965274561946435,0
123,13,41,1e-06,30,2.91316488324048,2.55116736695902,0.0175581569974071,0
123,13,41,1e-06,60,2.96237291387987,2.25489449862427,0.105439709753164,0
123,13,41,1e-06,120,2.9437840900214,1.62893799003922,0.70847130360818,0
123,13,61,1e-06,30,0.000661881264846807,0.00725015000851576,0.0175581569974071,1
123,13,61,1e-06,60,0.00644172127916404,0.0401220850312882,0.105439709753164,1
123,13,61,1e-06,120,3.16388112605826,4.08049137850659,0.70847130360818,0
123,13,41,0.0001,30,2.91872010982976,2.55116736695902,1.68021537013102,1
123,13,41,0.0001,60,2.97221822471394,2.25489449862427,10.3200544534141,1
123,13,41,0.0001,120,2.96206771706118,1.62893799003922,70.0789037415827,1
123,13,61,0.0001,30,0.000341478089714272,0.00725015000851576,1.68021537013102,1
123,13,61,0.0001,60,0.00448297951169025,0.0401220850312882,10.3200544534141,1
123,13,61,0.0001,120,3.07409672666737,4.08049137850659,70.0789037415827,1
123,14,41,1e-08,30,1.95062107678224,0.0246773419060882,0.000511393838153745,0
123,14,41,1e-08,60,9.7171093385035,0.0967543521615713,0.00188882742211014,0
123,14,41,1e-08,120,0.214915404211035,0.43715328145537,0.00965274561946435,0
123,14,61,1e-08,30,0.000906400525947841,0.0502208718711756,0.000511393838153745,1
123,14,61,1e-08,60,0.000194201838877465,0.169792999722804,0.00188882742211014,1
123,14,61,1e-08,120,0.0173968436774654,0.454932834555013,0.00965274561946435,1
123,14,41,1e-06,30,9.32080181635297,0.0246773419060882,0.0175581569974071,0
123,14,41,1e-06,60,0.0280574744491084,0.0967543521615713,0.105439709753164,1
123,14,41,1e-06,120,0.0801614658110484,0.43715328145537,0.70847130360818,1
123,14,61,1e-06,30,0.0037617981223689,0.0502208718711756,0.0175581569974071,1
123,14,61,1e-06,60,0.0255188284883448,0.169792999722804,0.105439709753164,1
123,14,61,1e-06,120,0.220958690569854,0.454932834555013,0.70847130360818,1
123,14,41,0.0001,30,9.83250177772437,0.0246773419060882,1.68021537013102,0
123,14,41,0.0001,60,0.000219439584378443,0.0967543521615713,10.3200544534141,1
123,14,41,0.0001,120,9.17012045201966e-05,0.43715328145537,70.0789037415827,1
123,14,61,0.0001,30,0.00485473724171693,0.0502208718711756,1.68021537013102,1
123,14,61,0.0001,60,0.0308012637911375,0.169792999722804,10.3200544534141,1
123,14,61,0.0001,120,0.250648213556059,0.454932834555013,70.0789037415827,1
123,15,41,1e-08,30,0.00109345314221709,0.000448886715228191,0.000511393838153745,1
123,15,41,1e-08,60,0.0178081082505896,0.000120761624979007,0.00188882742211014,0
123,15,41,1e-08,120,0.128890257672612,0.0100296217043818,0.00965274561946435,0
123,15,61,1e-08,30,0.0020224160632956,0.0495369700759201,0.000511393838153745,0
123,15,61,1e-08,60,0.00387055464736177,0.179233982215887,0.00188882742211014,1
123,15,61,1e-08,120,0.000521849482960221,0.564133530657279,0.00965274561946435,1
123,15,41,1e-06,30,0.00558479468682291,0.000448886715228191,0.0175581569974071,1
123,15,41,1e-06,60,0.0412191632563397,0.000120761624979007,0.105439709753164,1
123,15,41,1e-06,120,0.234661527870263,0.0100296217043818,0.70847130360818,1
123,15,61,1e-06,30,1.26351389942036e-05,0.0495369700759201,0.0175581569974071,1
123,15,61,1e-06,60,0.000862089633694367,0.179233982215887,0.105439709753164,1
123,15,61,1e-06,120,0.0239722236650313,0.564133530657279,0.70847130360818,1
123,15,41,0.0001,30,0.00557074762019238,0.000448886715228191,1.68021537013102,1
123,15,41,0.0001,60,0.041062897219122,0.000120761624979007,10.3200544534141,1
123,15,41,0.0001,120,0.233725071503452,0.0100296217043818,70.0789037415827,1
123,15,61,0.0001,30,5.57154522619627e-05,0.0495369700759201,1.68021537013102,1
123,15,61,0.0001,60,0.00134772361300854,0.179233982215887,10.3200544534141,1
123,15,61,0.0001,120,0.0285813744706276,0.564133530657279,70.0789037415827,1
123,16,41,1e-08,30,3.83350244933323e-06,0.0019583639873076,0.000511393838153745,1
123,16,41,1e-08,60,2.41611443869968e-06,0.00488037525776665,0.00188882742211014,1
123,16,41,1e-08,120,4.17767167959946,4.72447870468089,0.00965274561946435,0
123,16,61,1e-08,30,0.00122614408527965,0.0204713063366202,0.000511393838153745,1
123,16,61,1e-08,60,0.00666389068368397,0.0745465815408508,0.00188882742211014,1
123,16,61,1e-08,120,0.0469608316692784,0.241180644669215,0.00965274561946435,0
123,16,41,1e-06,30,0.00207302300579034,0.0019583639873076,0.0175581569974071,1
123,16,41,1e-06,60,0.00529445362394951,0.00488037525776665,0.105439709753164,1
123,16,41,1e-06,120,4.75127705412018,4.72447870468089,0.70847130360818,0
123,16,61,1e-06,30,0.00267079911586541,0.0204713063366202,0.0175581569974071,1
123,16,61,1e-06,60,0.0136346172337942,0.0745465815408508,0.105439709753164,1
123,16,61,1e-06,120,0.0833948883961159,0.241180644669215,0.70847130360818,1
123,16,41,0.0001,30,0.00226095570114233,0.0019583639873076,1.68021537013102,1
123,16,41,0.0001,60,0.00584544760726151,0.00488037525776665,10.3200544534141,1
123,16,41,0.0001,120,4.78201520758133,4.72447870468089,70.0789037415827,1
123,16,61,0.0001,30,0.00302166014766622,0.0204713063366202,1.68021537013102,1
123,16,61,0.0001,60,0.0151452909462404,0.0745465815408508,10.3200544534141,1
123,16,61,0.0001,120,0.0906603353900121,0.241180644669215,70.0789037415827,1
123,17,41,1e-08,30,0.000246140492265808,0.0149275243511142,0.000511393838153745,1
123,17,41,1e-08,60,0.00161736939984321,0.0710550888076966,0.00188882742211014,1
123,17,41,1e-08,120,0.00505982684393557,0.28857192711571,0.00965274561946435,1
123,17,61,1e-08,30,1.55072031803731,0.00253208461090071,0.000511393838153745,0
123,17,61,1e-08,60,4.58149030847211,0.00472214224484796,0.00188882742211014,0
123,17,61,1e-08,120,5.43595766893564,0.0071586881750432,0.00965274561946435,0
123,17,41,1e-06,30,0.00153214071504485,0.0149275243511142,0.0175581569974071,1
123,17,41,1e-06,60,0.0031847077226674,0.0710550888076966,0.105439709753164,1
123,17,41,1e-06,120,0.0119145760498441,0.28857192711571,0.70847130360818,1
123,17,61,1e-06,30,7.19656625498168e-06,0.00253208461090071,0.0175581569974071,1
123,17,61,1e-06,60,0.000357007002925138,0.00472214224484796,0.105439709753164,1
123,17,61,1e-06,120,0.00688137074305735,0.0071586881750432,0.70847130360818,1
123,17,41,0.0001,30,0.00168663973103959,0.0149275243511142,1.68021537013102,1
123,17,41,0.0001,60,0.00359232295991344,0.0710550888076966,10.3200544534141,1
123,17,41,0.0001,120,0.0134119413447154,0.28857192711571,70.0789037415827,1
123,17,61,0.0001,30,0.00157753816170886,0.00253208461090071,1.68021537013102,1
123,17,61,0.0001,60,0.0022651561935993,0.00472214224484796,10.3200544534141,1
123,17,61,0.0001,120,0.00180112340189065,0.0071586881750432,70.0789037415827,1
123,18,41,1e-08,30,5.42413805799409e-05,6.05462688314655e-05,0.000511393838153745,1
123,18,41,1e-08,60,0.000242032359882073,0.000220823422593568,0.00188882742211014,1
123,18,41,1e-08,120,0.102909806708802,0.102103478439055,0.00965274561946435,0
123,18,61,1e-08,30,0.102774030521428,0.0160917918951037,0.000511393838153745,0
123,18,61,1e-08,60,0.100996076559217,0.223279594334379,0.00188882742211014,0
123,18,61,1e-08,120,0.0869843760083335,1.39515012482553,0.00965274561946435,0
123,18,41,1e-06,30,3.32479343506535e-05,6.05462688314655e-05,0.0175581569974071,1
123,18,41,1e-06,60,0.000357138225029856,0.000220823422593568,0.105439709753164,1
123,18,41,1e-06,120,0.107334978647864,0.102103478439055,0.70847130360818,1
123,18,61,1e-06,30,0.137947380478168,0.0160917918951037,0.0175581569974071,0
123,18,61,1e-06,60,0.937281366020862,0.223279594334379,0.105439709753164,0
123,18,61,1e-06,120,4.7474783907115,1.39515012482553,0.70847130360818,0
123,18,41,0.0001,30,3.08637847338068e-05,6.05462688314655e-05,1.68021537013102,1
123,18,41,0.0001,60,0.000372934179486644,0.000220823422593568,10.3200544534141,1
123,18,41,0.0001,120,0.107872317921193,0.102103478439055,70.0789037415827,1
123,18,61,0.0001,30,0.185870486150445,0.0160917918951037,1.68021537013102,1
123,18,61,0.0001,60,1.1688693349414,0.223279594334379,10.3200544534141,1
123,18,61,0.0001,120,5.75266460906111,1.39515012482553,70.0789037415827,1
123,19,41,1e-08,30,6.41060684587281e-05,0.00111685471943887,0.000511393838153745,1
123,19,41,1e-08,60,5.39325288708882e-05,0.00900953953005186,0.00188882742211014,1
123,19,41,1e-08,120,0.0468578241454361,0.157084466009521,0.00965274561946435,0
123,19,61,1e-08,30,0.0286246044848068,0.812609529341084,0.000511393838153745,0
123,19,61,1e-08,60,0.725185141871899,6.33095978041427,0.00188882742211014,0
123,19,61,1e-08,120,0.0357385779205708,7.09351679436272,0.00965274561946435,1
123,19,41,1e-06,30,0.000299111368944633,0.00111685471943887,0.0175581569974071,1
123,19,41,1e-06,60,4.33672231800345e-05,0.00900953953005186,0.105439709753164,1
123,19,41,1e-06,120,0.0373476232970194,0.157084466009521,0.70847130360818,1
123,19,61,1e-06,30,1.32332731934684,0.812609529341084,0.0175581569974071,0
123,19,61,1e-06,60,9.13373717494083,6.33095978041427,0.105439709753164,0
123,19,61,1e-06,120,6.75708485507896,7.09351679436272,0.70847130360818,0
123,19,41,0.0001,30,0.00031808401258949,0.00111685471943887,1.68021537013102,1
123,19,41,0.0001,60,5.76199975070393e-05,0.00900953953005186,10.3200544534141,1
123,19,41,0.0001,120,0.036603061592235,0.157084466009521,70.0789037415827,1
123,19,61,0.0001,30,1.53988404555734,0.812609529341084,1.68021537013102,1
123,19,61,0.0001,60,9.53579887156178,6.33095978041427,10.3200544534141,1
123,19,61,0.0001,120,5.1150791086232,7.09351679436272,70.0789037415827,1
123,20,41,1e-08,30,0.00172339976703505,0.0020586524120831,0.000511393838153745,1
123,20,41,1e-08,60,0.393925971487325,0.627227861021083,0.00188882742211014,0
123,20,41,1e-08,120,1.04022818217052,1.79337417425674,0.00965274561946435,0
123,20,61,1e-08,30,2.36059954864236,0.0281041755710023,0.000511393838153745,0
123,20,61,1e-08,60,7.32145998348989,0.0688163830273957,0.00188882742211014,0
123,20,61,1e-08,120,1.82537561905932,0.115063819936118,0.00965274561946435,0
123,20,41,1e-06,30,9.35366478265998e-05,0.0020586524120831,0.0175581569974071,1
123,20,41,1e-06,60,0.46526941929767,0.627227861021083,0.105439709753164,0
123,20,41,1e-06,120,1.25360512284857,1.79337417425674,0.70847130360818,1
123,20,61,1e-06,30,0.694854047336679,0.0281041755710023,0.0175581569974071,0
123,20,61,1e-06,60,2.5916097738103,0.0688163830273957,0.105439709753164,0
123,20,61,1e-06,120,9.30186198475936,0.115063819936118,0.70847130360818,0
123,20,41,0.0001,30,7.12124179457865e-05,0.0020586524120831,1.68021537013102,1
123,20,41,0.0001,60,0.468344801573061,0.627227861021083,10.3200544534141,1
123,20,41,0.0001,120,1.26322212907224,1.79337417425674,70.0789037415827,1
123,20,61,0.0001,30,0.824223211028484,0.0281041755710023,1.68021537013102,1
123,20,61,0.0001,60,3.03783487257108,0.0688163830273957,10.3200544534141,1
123,20,61,0.0001,120,8.89586758068291,0.115063819936118,70.0789037415827,1
124,1,41,1e-08,30,0.0645321141253342,0.11194663679364,0.000511393838153745,0
124,1,41,1e-08,60,0.0175603391043977,0.0928420330665673,0.00188882742211014,0
124,1,41,1e-08,120,0.148811254987346,0.000918835517069082,0.00965274561946435,0
124,1,61,1e-08,30,0.00203951671022991,0.00145586148647554,0.000511393838153745,0
124,1,61,1e-08,60,0.00749405539667514,0.00741529345776076,0.00188882742211014,0
124,1,61,1e-08,120,6.45380303146849,6.38972967363432,0.00965274561946435,0
124,1,41,1e-06,30,0.0459241172570307,0.11194663679364,0.0175581569974071,1
124,1,41,1e-06,60,0.00408359961436201,0.0928420330665673,0.105439709753164,1
124,1,41,1e-06,120,0.262279784949924,0.000918835517069082,0.70847130360818,1
124,1,61,1e-06,30,4.81753327781618e-06,0.00145586148647554,0.0175581569974071,1
124,1,61,1e-06,60,2.572829901599e-05,0.00741529345776076,0.105439709753164,1
124,1,61,1e-06,120,7.23722743964302,6.38972967363432,0.70847130360818,0
124,1,41,0.0001,30,0.0454578502553284,0.11194663679364,1.68021537013102,1
124,1,41,0.0001,60,0.00383730117623491,0.0928420330665673,10.3200544534141,1
124,1,41,0.0001,120,0.266072895498158,0.000918835517069082,70.0789037415827,1
124,1,61,0.0001,30,1.6073288249626e-05,0.00145586148647554,1.68021537013102,1
124,1,61,0.0001,60,3.16408019809025e-06,0.00741529345776076,10.3200544534141,1
124,1,61,0.0001,120,7.270905110071,6.38972967363432,70.0789037415827,1
124,2,41,1e-08,30,0.00706856303332869,0.00228013517405461,0.000511393838153745,0
124,2,41,1e-08,60,0.0409503107736095,0.00263159771652605,0.00188882742211014,0
124,2,41,1e-08,120,0.183746069958701,0.00471634618616138,0.00965274561946435,0
124,2,61,1e-08,30,0.000613963676589173,0.000634337082984725,0.000511393838153745,1
124,2,61,1e-08,60,0.00600063796621713,0.000481808167587766,0.00188882742211014,1
124,2,61,1e-08,120,0.0421357672363155,4.83987900790273e-05,0.00965274561946435,0
124,2,41,1e-06,30,0.000486566381073421,0.00228013517405461,0.0175581569974071,1
124,2,41,1e-06,60,0.00782390481197011,0.00263159771652605,0.105439709753164,1
124,2,41,1e-06,120,0.0445050242224829,0.00471634618616138,0.70847130360818,1
124,2,61,1e-06,30,0.000381518445030322,0.000634337082984725,0.0175581569974071,1
124,2,61,1e-06,60,0.00459137141861294,0.000481808167587766,0.105439709753164,1
124,2,61,1e-06,120,0.034837922304753,4.83987900790273e-05,0.70847130360818,1
124,2,41,0.0001,30,0.000264044247605416,0.00228013517405461,1.68021537013102,1
124,2,41,0.0001,60,0.00588309267027275,0.00263159771652605,10.3200544534141,1
124,2,41,0.0001,120,0.0350907332161863,0.00471634618616138,70.0789037415827,1
124,2,61,0.0001,30,0.000496443469804529,0.000634337082984725,1.68021537013102,1
124,2,61,0.0001,60,0.00532711188922466,0.000481808167587766,10.3200544534141,1
124,2,61,0.0001,120,0.0387437768450035,4.83987900790273e-05,70.0789037415827,1
124,3,41,1e-08,30,9.1102206486425e-05,0.00814925993330499,0.000511393838153745,1
124,3,41,1e-08,60,0.000233821290675696,0.0236142496155226,0.00188882742211014,1
124,3,41,1e-08,120,0.0109282233627949,0.0580262369942703,0.00965274561946435,1
124,3,61,1e-08,30,0.0743934848514801,0.0218224680885229,0.000511393838153745,0
124,3,61,1e-08,60,0.0144259265573532,0.000799965650122408,0.00188882742211014,0
124,3,61,1e-08,120,4.75761608397921e-05,0.00104430479478535,0.00965274561946435,1
124,3,41,1e-06,30,0.00212149161900255,0.00814925993330499,0.0175581569974071,1
124,3,41,1e-06,60,0.00421081205528391,0.0236142496155226,0.105439709753164,1
124,3,41,1e-06,120,0.00396622915783906,0.0580262369942703,0.70847130360818,1
124,3,61,1e-06,30,0.0005390578079298,0.0218224680885229,0.0175581569974071,1
124,3,61,1e-06,60,0.0482140421067799,0.000799965650122408,0.105439709753164,1
124,3,61,1e-06,120,0.277606985559454,0.00104430479478535,0.70847130360818,1
124,3,41,0.0001,30,0.00346630152281378,0.00814925993330499,1.68021537013102,1
124,3,41,0.0001,60,0.00825794818604119,0.0236142496155226,10.3200544534141,1
124,3,41,0.0001,120,0.0132927412481396,0.0580262369942703,70.0789037415827,1
124,3,61,0.0001,30,0.0033438127273721,0.0218224680885229,1.68021537013102,1
124,3,61,0.0001,60,0.0229514876365576,0.000799965650122408,10.3200544534141,1
124,3,61,0.0001,120,0.153555806377274,0.00104430479478535,70.0789037415827,1
124,4,41,1e-08,30,1.0179819618955e-06,0.00563648221063223,0.000511393838153745,1
124,4,41,1e-08,60,0.000123727757802505,0.017627246832399,0.00188882742211014,1
124,4,41,1e-08,120,0.034348433292088,0.00964410441820556,0.00965274561946435,1
124,4,61,1e-08,30,0.141700244765614,0.00010221597157536,0.000511393838153745,0
124,4,61,1e-08,60,5.55306103064432,9.52992504428376,0.00188882742211014,0
124,4,61,1e-08,120,2.31381209867541,8.64202787895548,0.00965274561946435,0
124,4,41,1e-06,30,0.00067648427305133,0.00563648221063223,0.0175581569974071,1
124,4,41,1e-06,60,0.0012123417764701,0.017627246832399,0.105439709753164,1
124,4,41,1e-06,120,0.00950781670453012,0.00964410441820556,0.70847130360818,1
124,4,61,1e-06,30,0.0114004956406064,0.00010221597157536,0.0175581569974071,1
124,4,61,1e-06,60,8.15391077768192,9.52992504428376,0.105439709753164,0
124,4,61,1e-06,120,6.14465886670264,8.64202787895548,0.70847130360818,0
124,4,41,0.0001,30,0.000771711074523623,0.00563648221063223,1.68021537013102,1
124,4,41,0.0001,60,0.00145741070648239,0.017627246832399,10.3200544534141,1
124,4,41,0.0001,120,0.00827676671803837,0.00964410441820556,70.0789037415827,1
124,4,61,0.0001,30,0.00847754970553287,0.00010221597157536,1.68021537013102,1
124,4,61,0.0001,60,8.31003579094359,9.52992504428376,10.3200544534141,1
124,4,61,0.0001,120,6.40630029627934,8.64202787895548,70.0789037415827,1
124,5,41,1e-08,30,0.00166945614206366,0.00202165899347692,0.000511393838153745,1
124,5,41,1e-08,60,0.00858966001099092,0.00761533071803454,0.00188882742211014,0
124,5,41,1e-08,120,0.0428355242361233,0.0259943755799457,0.00965274561946435,0
124,5,61,1e-08,30,8.29895410782048,9.16371707068566,0.000511393838153745,0
124,5,61,1e-08,60,5.64198155794178,8.75852489823948,0.00188882742211014,0
124,5,61,1e-08,120,3.50642011653504,8.26370136144424,0.00965274561946435,0
124,5,41,1e-06,30,0.000739315776752882,0.00202165899347692,0.0175581569974071,1
124,5,41,1e-06,60,0.00331946345095468,0.00761533071803454,0.105439709753164,1
124,5,41,1e-06,120,0.0166688188449742,0.0259943755799457,0.70847130360818,1
124,5,61,1e-06,30,9.86078663618025,9.16371707068566,0.0175581569974071,0
124,5,61,1e-06,60,7.45973649367866,8.75852489823948,0.105439709753164,0
124,5,61,1e-06,120,5.83720503026914,8.26370136144424,0.70847130360818,0
124,5,41,0.0001,30,0.00157314115631815,0.00202165899347692,1.68021537013102,1
124,5,41,0.0001,60,0.0067229021763656,0.00761533071803454,10.3200544534141,1
124,5,41,0.0001,120,0.0314347150584703,0.0259943755799457,70.0789037415827,1
124,5,61,0.0001,30,9.51341356133876,9.16371707068566,1.68021537013102,0
124,5,61,0.0001,60,6.84435041116324,8.75852489823948,10.3200544534141,1
124,5,61,0.0001,120,4.78741636151002,8.26370136144424,70.0789037415827,1
124,6,41,1e-08,30,0.00103064632657346,0.0919380342181143,0.000511393838153745,1
124,6,41,1e-08,60,1.30108118799037,0.241309392704408,0.00188882742211014,0
124,6,41,1e-08,120,7.37377018553993,1.7146232299808,0.00965274561946435,0
124,6,61,1e-08,30,1.02390902328544,0.133640615237003,0.000511393838153745,0
124,6,61,1e-08,60,7.98058591384246,0.137043520509059,0.00188882742211014,0
124,6,61,1e-08,120,0.0140272640484697,0.184069567241241,0.00965274561946435,1
124,6,41,1e-06,30,0.185317969741838,0.0919380342181143,0.0175581569974071,0
124,6,41,1e-06,60,3.84943765534884,0.241309392704408,0.105439709753164,0
124,6,41,1e-06,120,4.11622698245316,1.7146232299808,0.70847130360818,0
124,6,61,1e-06,30,8.64279165731626,0.133640615237003,0.0175581569974071,0
124,6,61,1e-06,60,0.000769238647143622,0.137043520509059,0.105439709753164,1
124,6,61,1e-06,120,0.0732597658099401,0.184069567241241,0.70847130360818,1
124,6,41,0.0001,30,0.202739091514239,0.0919380342181143,1.68021537013102,1
124,6,41,0.0001,60,3.99290080377458,0.241309392704408,10.3200544534141,1
124,6,41,0.0001,120,3.84054276565187,1.7146232299808,70.0789037415827,1
124,6,61,0.0001,30,9.20599193633691,0.133640615237003,1.68021537013102,0
124,6,61,0.0001,60,0.0213712941437985,0.137043520509059,10.3200544534141,1
124,6,61,0.0001,120,0.364680863400524,0.184069567241241,70.0789037415827,1
124,7,41,1e-08,30,0.00652002405384674,0.0132322660942275,0.000511393838153745,0
124,7,41,1e-08,60,0.0453780931868122,0.0712887252269855,0.00188882742211014,0
124,7,41,1e-08,120,8.23241002436717,7.70536036390568,0.00965274561946435,0
124,7,61,1e-08,30,0.00209068202084803,0.000379933036836383,0.000511393838153745,0
124,7,61,1e-08,60,0.00679770296621365,0.00313736295011495,0.00188882742211014,1
124,7,61,1e-08,120,9.65340675683023,7.96393145006259,0.00965274561946435,0
124,7,41,1e-06,30,0.00979776030421973,0.0132322660942275,0.0175581569974071,1
124,7,41,1e-06,60,0.0552435848372561,0.0712887252269855,0.105439709753164,1
124,7,41,1e-06,120,8.06353843730334,7.70536036390568,0.70847130360818,0
124,7,61,1e-06,30,0.00723687128719976,0.000379933036836383,0.0175581569974071,1
124,7,61,1e-06,60,0.0235418247896411,0.00313736295011495,0.105439709753164,1
124,7,61,1e-06,120,9.25332562863893,7.96393145006259,0.70847130360818,0
124,7,41,0.0001,30,0.00981224059104785,0.0132322660942275,1.68021537013102,1
124,7,41,0.0001,60,0.0552490328697026,0.0712887252269855,10.3200544534141,1
124,7,41,0.0001,120,8.06417150548126,7.70536036390568,70.0789037415827,1
124,7,61,0.0001,30,0.00761169532661543,0.000379933036836383,1.68021537013102,1
124,7,61,0.0001,60,0.0247952351645631,0.00313736295011495,10.3200544534141,1
124,7,61,0.0001,120,9.20627059525701,7.96393145006259,70.0789037415827,1
124,8,41,1e-08,30,8.90938772313741,9.15846267771843,0.000511393838153745,0
124,8,41,1e-08,60,8.892610250222,9.37211638596232,0.00188882742211014,0
124,8,41,1e-08,120,8.82826393566723,7.93031002174726,0.00965274561946435,0
124,8,61,1e-08,30,1.17719202916225,0.000206134020025933,0.000511393838153745,0
124,8,61,1e-08,60,6.41103832034102,0.001600273166789,0.00188882742211014,0
124,8,61,1e-08,120,0.800766026981843,0.0166421306220387,0.00965274561946435,0
124,8,41,1e-06,30,8.96920155543528,9.15846267771843,0.0175581569974071,0
124,8,41,1e-06,60,8.99176432478467,9.37211638596232,0.105439709753164,0
124,8,41,1e-06,120,8.65246804582364,7.93031002174726,0.70847130360818,0
124,8,61,1e-06,30,7.56370281497921,0.000206134020025933,0.0175581569974071,0
124,8,61,1e-06,60,0.610272637268946,0.001600273166789,0.105439709753164,0
124,8,61,1e-06,120,2.55539214415434,0.0166421306220387,0.70847130360818,1
124,8,41,0.0001,30,8.97332304665797,9.15846267771843,1.68021537013102,0
124,8,41,0.0001,60,8.99941787947659,9.37211638596232,10.3200544534141,1
124,8,41,0.0001,120,8.63805074940807,7.93031002174726,70.0789037415827,1
124,8,61,0.0001,30,8.02358851538485,0.000206134020025933,1.68021537013102,0
124,8,61,0.0001,60,0.395831354679283,0.001600273166789,10.3200544534141,1
124,8,61,0.0001,120,1.70868130422274,0.0166421306220387,70.0789037415827,1
124,9,41,1e-08,30,8.9016465338827,9.05796458401236,0.000511393838153745,0
124,9,41,1e-08,60,8.98336630908971,9.28668190868298,0.00188882742211014,0
124,9,41,1e-08,120,8.6710227827661,8.10135037129193,0.00965274561946435,0
124,9,61,1e-08,30,5.74734873961688,5.46810635875722,0.000511393838153745,0
124,9,61,1e-08,60,6.10605965102234,5.5540136111171,0.00188882742211014,0
124,9,61,1e-08,120,7.0829942585786,5.9354237603264,0.00965274561946435,0
124,9,41,1e-06,30,8.86349118115699,9.05796458401236,0.0175581569974071,0
124,9,41,1e-06,60,8.89464288691022,9.28668190868298,0.105439709753164,0
124,9,41,1e-06,120,8.85878274463589,8.10135037129193,0.70847130360818,0
124,9,61,1e-06,30,5.62814292884772,5.46810635875722,0.0175581569974071,0
124,9,61,1e-06,60,5.87816835563572,5.5540136111171,0.105439709753164,0
124,9,61,1e-06,120,6.61375063568782,5.9354237603264,0.70847130360818,0
124,9,41,0.0001,30,8.86008168151649,9.05796458401236,1.68021537013102,0
124,9,41,0.0001,60,8.88810528295878,9.28668190868298,10.3200544534141,1
124,9,41,0.0001,120,8.87154632893995,8.10135037129193,70.0789037415827,1
124,9,61,0.0001,30,5.62597347504604,5.46810635875722,1.68021537013102,1
124,9,61,0.0001,60,5.87444030984023,5.5540136111171,10.3200544534141,1
124,9,61,0.0001,120,6.6065913558117,5.9354237603264,70.0789037415827,1
124,10,41,1e-08,30,0.00200273218734391,0.0049219609322551,0.000511393838153745,0
124,10,41,1e-08,60,0.0175733931143753,0.0124281525013148,0.00188882742211014,0
124,10,41,1e-08,120,7.59900201654991,5.0819001045491,0.00965274561946435,0
124,10,61,1e-08,30,1.72480668425522,1.25120457012509,0.000511393838153745,0
124,10,61,1e-08,60,2.68422960082776,1.83268670271062,0.00188882742211014,0
124,10,61,1e-08,120,2.58506929795573,1.30764955781492,0.00965274561946435,0
124,10,41,1e-06,30,0.000561911378891898,0.0049219609322551,0.0175581569974071,1
124,10,41,1e-06,60,0.00587814245145166,0.0124281525013148,0.105439709753164,1
124,10,41,1e-06,120,6.92235202337147,5.0819001045491,0.70847130360818,0
124,10,61,1e-06,30,0.633893870332074,1.25120457012509,0.0175581569974071,0
124,10,61,1e-06,60,0.496897138968132,1.83268670271062,0.105439709753164,0
124,10,61,1e-06,120,0.0250442391886858,1.30764955781492,0.70847130360818,1
124,10,41,0.0001,30,0.000466741560877055,0.0049219609322551,1.68021537013102,1
124,10,41,0.0001,60,0.00519027918488658,0.0124281525013148,10.3200544534141,1
124,10,41,0.0001,120,6.87153285959219,5.0819001045491,70.0789037415827,1
124,10,61,0.0001,30,0.592198684715325,1.25120457012509,1.68021537013102,1
124,10,61,0.0001,60,0.429901482994654,1.83268670271062,10.3200544534141,1
124,10,61,0.0001,120,0.0638650496654467,1.30764955781492,70.0789037415827,1
124,11,41,1e-08,30,0.0111495000676912,0.00322500373622897,0.000511393838153745,0
124,11,41,1e-08,60,0.00077432783699606,0.0481472351578477,0.00188882742211014,1
124,11,41,1e-08,120,8.07852018542152,9.14407745857895,0.00965274561946435,0
124,11,61,1e-08,30,0.00131773363107829,0.0058731480839464,0.000511393838153745,1
124,11,61,1e-08,60,0.00388588716895438,0.0268710741851063,0.00188882742211014,1
124,11,61,1e-08,120,0.0560655059910914,0.046710848583681,0.00965274561946435,0
124,11,41,1e-06,30,0.000184694994794793,0.00322500373622897,0.0175581569974071,1
124,11,41,1e-06,60,0.00602609690256675,0.0481472351578477,0.105439709753164,1
124,11,41,1e-06,120,8.84845902639873,9.14407745857895,0.70847130360818,0
124,11,61,1e-06,30,0.00045780231810201,0.0058731480839464,0.0175581569974071,1
124,11,61,1e-06,60,0.00101925596813037,0.0268710741851063,0.105439709753164,1
124,11,61,1e-06,120,0.0307500214363221,0.046710848583681,0.70847130360818,1
124,11,41,0.0001,30,0.00126978971703255,0.00322500373622897,1.68021537013102,1
124,11,41,0.0001,60,0.00119473404685762,0.0481472351578477,10.3200544534141,1
124,11,41,0.0001,120,8.34941030575431,9.14407745857895,70.0789037415827,1
124,11,61,0.0001,30,0.000352998697465467,0.0058731480839464,1.68021537013102,1
124,11,61,0.0001,60,0.000724848530881262,0.0268710741851063,10.3200544534141,1
124,11,61,0.0001,120,0.0274116435274088,0.046710848583681,70.0789037415827,1
124,12,41,1e-08,30,0.00419278711626241,0.00311665791646844,0.000511393838153745,0
124,12,41,1e-08,60,0.0222080132092004,0.0128259579581231,0.00188882742211014,0
124,12,41,1e-08,120,0.12277485465854,0.0381326635104591,0.00965274561946435,0
124,12,61,1e-08,30,0.00624266773236231,0.0321800319541125,0.000511393838153745,0
124,12,61,1e-08,60,0.0450359682049147,0.182047830580651,0.00188882742211014,0
124,12,61,1e-08,120,0.289317760629235,0.961359498556031,0.00965274561946435,0
124,12,41,1e-06,30,0.00310935757316746,0.00311665791646844,0.0175581569974071,1
124,12,41,1e-06,60,0.012144888389281,0.0128259579581231,0.105439709753164,1
124,12,41,1e-06,120,0.0634604726435191,0.0381326635104591,0.70847130360818,1
124,12,61,1e-06,30,0.000285054775472929,0.0321800319541125,0.0175581569974071,1
124,12,61,1e-06,60,0.0011375478173994,0.182047830580651,0.105439709753164,1
124,12,61,1e-06,120,0.0377148737577761,0.961359498556031,0.70847130360818,1
124,12,41,0.0001,30,0.0025188042069589,0.00311665791646844,1.68021537013102,1
124,12,41,0.0001,60,0.00975732237330283,0.0128259579581231,10.3200544534141,1
124,12,41,0.0001,120,0.0523436746183301,0.0381326635104591,70.0789037415827,1
124,12,61,0.0001,30,0.000799781370110909,0.0321800319541125,1.68021537013102,1
124,12,61,0.0001,60,0.000128321849861411,0.182047830580651,10.3200544534141,1
124,12,61,0.0001,120,0.0224394318817057,0.961359498556031,70.0789037415827,1
124,13,41,1e-08,30,0.0056558613684063,0.00020244435054688,0.000511393838153745,0
124,13,41,1e-08,60,8.63918983201181,7.90141054894284,0.00188882742211014,0
124,13,41,1e-08,120,9.71227126797434,8.14240948373717,0.00965274561946435,0
124,13,61,1e-08,30,9.8309469304435,9.32102285804095,0.000511393838153745,0
124,13,61,1e-08,60,8.78671277074706,9.77904529123063,0.00188882742211014,0
124,13,61,1e-08,120,6.21336320763052,7.9331584336216,0.00965274561946435,0
124,13,41,1e-06,30,0.00182828584467016,0.00020244435054688,0.0175581569974071,1
124,13,41,1e-06,60,8.22829471289221,7.90141054894284,0.105439709753164,0
124,13,41,1e-06,120,8.81553922363107,8.14240948373717,0.70847130360818,0
124,13,61,1e-06,30,9.79560649102725,9.32102285804095,0.0175581569974071,0
124,13,61,1e-06,60,8.84253354507605,9.77904529123063,0.105439709753164,0
124,13,61,1e-06,120,6.29800582480105,7.9331584336216,0.70847130360818,0
124,13,41,0.0001,30,0.00320313171994867,0.00020244435054688,1.68021537013102,1
124,13,41,0.0001,60,8.38500830916795,7.90141054894284,10.3200544534141,1
124,13,41,0.0001,120,9.13843358610464,8.14240948373717,70.0789037415827,1
124,13,61,0.0001,30,9.79820168484333,9.32102285804095,1.68021537013102,0
124,13,61,0.0001,60,8.83754413596724,9.77904529123063,10.3200544534141,1
124,13,61,0.0001,120,6.28953612656832,7.9331584336216,70.0789037415827,1
124,14,41,1e-08,30,0.000425551015164284,0.020979870795014,0.000511393838153745,1
124,14,41,1e-08,60,0.0028059966257001,0.0360220691990544,0.00188882742211014,1
124,14,41,1e-08,120,0.308593771911241,0.00572195292138603,0.00965274561946435,0
124,14,61,1e-08,30,1.78273917113673,0.00231988631748749,0.000511393838153745,0
124,14,61,1e-08,60,9.81738469864024,0.0148064008050141,0.00188882742211014,0
124,14,61,1e-08,120,0.0150300000590626,0.35088890439697,0.00965274561946435,1
124,14,41,1e-06,30,0.0034788075044144,0.020979870795014,0.0175581569974071,1
124,14,41,1e-06,60,0.000333786046523474,0.0360220691990544,0.105439709753164,1
124,14,41,1e-06,120,0.175136236061468,0.00572195292138603,0.70847130360818,1
124,14,61,1e-06,30,7.72200342023261,0.00231988631748749,0.0175581569974071,0
124,14,61,1e-06,60,0.514026475068792,0.0148064008050141,0.105439709753164,0
124,14,61,1e-06,120,1.21382658616947,0.35088890439697,0.70847130360818,1
124,14,41,0.0001,30,0.00371865472679745,0.020979870795014,1.68021537013102,1
124,14,41,0.0001,60,0.000487083872724502,0.0360220691990544,10.3200544534141,1
124,14,41,0.0001,120,0.168995839545722,0.00572195292138603,70.0789037415827,1
124,14,61,0.0001,30,7.13108521120785,0.00231988631748749,1.68021537013102,0
124,14,61,0.0001,60,0.841242034470972,0.0148064008050141,10.3200544534141,1
124,14,61,0.0001,120,2.20690630629211,0.35088890439697,70.0789037415827,1
124,15,41,1e-08,30,0.000803427471796672,0.000586637194187306,0.000511393838153745,1
124,15,41,1e-08,60,0.00219637287906759,0.00126739903571787,0.00188882742211014,1
124,15,41,1e-08,120,0.0240110725439453,0.0167466078293137,0.00965274561946435,1
124,15,61,1e-08,30,6.67899413592993e-05,0.000404465748378295,0.000511393838153745,1
124,15,61,1e-08,60,2.99768077138176e-05,0.00237821017052779,0.00188882742211014,1
124,15,61,1e-08,120,0.00151392596082817,0.0210445865147199,0.00965274561946435,1
124,15,41,1e-06,30,0.00164870026921098,0.000586637194187306,0.0175581569974071,1
124,15,41,1e-06,60,0.00468276245413683,0.00126739903571787,0.105439709753164,1
124,15,41,1e-06,120,0.038076492429128,0.0167466078293137,0.70847130360818,1
124,15,61,1e-06,30,1.28814659339815e-07,0.000404465748378295,0.0175581569974071,1
124,15,61,1e-06,60,8.67610092392635e-05,0.00237821017052779,0.105439709753164,1
124,15,61,1e-06,120,0.00438447451803032,0.0210445865147199,0.70847130360818,1
124,15,41,0.0001,30,0.00168566217587028,0.000586637194187306,1.68021537013102,1
124,15,41,0.0001,60,0.00479884161095529,0.00126739903571787,10.3200544534141,1
124,15,41,0.0001,120,0.0387127708739489,0.0167466078293137,70.0789037415827,1
124,15,61,0.0001,30,1.24248197132065e-08,0.000404465748378295,1.68021537013102,1
124,15,61,0.0001,60,6.9250749470942e-05,0.00237821017052779,10.3200544534141,1
124,15,61,0.0001,120,0.00411875751080296,0.0210445865147199,70.0789037415827,1
124,16,41,1e-08,30,0.000312314637394512,0.000403376254333171,0.000511393838153745,1
124,16,41,1e-08,60,0.000651225250340562,0.000503952948819977,0.00188882742211014,1
124,16,41,1e-08,120,0.031918994894183,0.03037066994093,0.00965274561946435,1
124,16,61,1e-08,30,0.0130910009516319,0.00104806370922566,0.000511393838153745,0
124,16,61,1e-08,60,0.0619814172285879,0.00668754322578051,0.00188882742211014,0
124,16,61,1e-08,120,0.144486154201928,0.101455902135119,0.00965274561946435,0
124,16,41,1e-06,30,0.000385924902261595,0.000403376254333171,0.0175581569974071,1
124,16,41,1e-06,60,0.00054429709512104,0.000503952948819977,0.105439709753164,1
124,16,41,1e-06,120,0.0309890783008555,0.03037066994093,0.70847130360818,1
124,16,61,1e-06,30,0.0088989282530423,0.00104806370922566,0.0175581569974071,1
124,16,61,1e-06,60,0.0296230300272465,0.00668754322578051,0.105439709753164,1
124,16,61,1e-06,120,0.0359994272001424,0.101455902135119,0.70847130360818,1
124,16,41,0.0001,30,0.000385115534068181,0.000403376254333171,1.68021537013102,1
124,16,41,0.0001,60,0.0005460938555085,0.000503952948819977,10.3200544534141,1
124,16,41,0.0001,120,0.0310152095128053,0.03037066994093,70.0789037415827,1
124,16,61,0.0001,30,0.0142640839747459,0.00104806370922566,1.68021537013102,1
124,16,61,0.0001,60,0.0492147890977831,0.00668754322578051,10.3200544534141,1
124,16,61,0.0001,120,0.083365393632067,0.101455902135119,70.0789037415827,1
124,17,41,1e-08,30,0.00334322774320606,0.00403371084314114,0.000511393838153745,0
124,17,41,1e-08,60,0.00259131028184012,0.00487933392358844,0.00188882742211014,1
124,17,41,1e-08,120,0.000178623132120931,0.00103010497179553,0.00965274561946435,1
124,17,61,1e-08,30,0.00296025157199675,0.00109901827702535,0.000511393838153745,0
124,17,61,1e-08,60,0.0159235676225305,0.00519725401262364,0.00188882742211014,0
124,17,61,1e-08,120,0.0591606539345831,0.0311497428593055,0.00965274561946435,0
124,17,41,1e-06,30,0.00624628691652265,0.00403371084314114,0.0175581569974071,1
124,17,41,1e-06,60,0.0101440642077571,0.00487933392358844,0.105439709753164,1
124,17,41,1e-06,120,0.00876992750371147,0.00103010497179553,0.70847130360818,1
124,17,61,1e-06,30,0.000157999106217649,0.00109901827702535,0.0175581569974071,1
124,17,61,1e-06,60,0.000942282577970864,0.00519725401262364,0.105439709753164,1
124,17,61,1e-06,120,0.00873667143859604,0.0311497428593055,0.70847130360818,1
124,17,41,0.0001,30,0.0072756049243055,0.00403371084314114,1.68021537013102,1
124,17,41,0.0001,60,0.0128648041621923,0.00487933392358844,10.3200544534141,1
124,17,41,0.0001,120,0.0142173694302276,0.00103010497179553,70.0789037415827,1
124,17,61,0.0001,30,0.000152999511088785,0.00109901827702535,1.68021537013102,1
124,17,61,0.0001,60,0.000359342317571865,0.00519725401262364,10.3200544534141,1
124,17,61,0.0001,120,3.14782478092959e-05,0.0311497428593055,70.0789037415827,1
124,18,41,1e-08,30,0.0358263546920722,0.0358772882284973,0.000511393838153745,0
124,18,41,1e-08,60,0.124788720321008,0.137210171682596,0.00188882742211014,0
124,18,41,1e-08,120,0.136708167083631,0.177211539943425,0.00965274561946435,0
124,18,61,1e-08,30,1.87237158156483,0.00366662611488411,0.000511393838153745,0
124,18,61,1e-08,60,6.19622826740271,0.0120437171998089,0.00188882742211014,0
124,18,61,1e-08,120,1.73968777052576,0.000630618616293141,0.00965274561946435,0
124,18,41,1e-06,30,0.0160923808452201,0.0358772882284973,0.0175581569974071,1
124,18,41,1e-06,60,0.0599670217729785,0.137210171682596,0.105439709753164,1
124,18,41,1e-06,120,0.0287193140544472,0.177211539943425,0.70847130360818,1
124,18,61,1e-06,30,0.460877842688778,0.00366662611488411,0.0175581569974071,0
124,18,61,1e-06,60,1.9138803064876,0.0120437171998089,0.105439709753164,0
124,18,61,1e-06,120,9.15528765918258,0.000630618616293141,0.70847130360818,0
124,18,41,0.0001,30,0.0156066276166662,0.0358772882284973,1.68021537013102,1
124,18,41,0.0001,60,0.0582940451880506,0.137210171682596,10.3200544534141,1
124,18,41,0.0001,120,0.0265709900372195,0.177211539943425,70.0789037415827,1
124,18,61,0.0001,30,0.52777421057641,0.00366662611488411,1.68021537013102,1
124,18,61,0.0001,60,2.14466331383431,0.0120437171998089,10.3200544534141,1
124,18,61,0.0001,120,9.66903757278245,0.000630618616293141,70.0789037415827,1
124,19,41,1e-08,30,6.20055621478179,7.46770797246916,0.000511393838153745,0
124,19,41,1e-08,60,6.32649896913412,9.31951255653691,0.00188882742211014,0
124,19,41,1e-08,120,4.14698546286691,9.73069058394266,0.00965274561946435,0
124,19,61,1e-08,30,0.000337720463974779,0.000281240343346392,0.000511393838153745,1
124,19,61,1e-08,60,0.000587127213279527,0.00123961906620973,0.00188882742211014,1
124,19,61,1e-08,120,0.00118689107464317,0.00541265133119172,0.00965274561946435,1
124,19,41,1e-06,30,5.27678219097216,7.46770797246916,0.0175581569974071,0
124,19,41,1e-06,60,4.75409960184505,9.31951255653691,0.105439709753164,0
124,19,41,1e-06,120,2.0100380315895,9.73069058394266,0.70847130360818,1
124,19,61,1e-06,30,6.48245226641224e-05,0.000281240343346392,0.0175581569974071,1
124,19,61,1e-06,60,0.000320171739091033,0.00123961906620973,0.105439709753164,1
124,19,61,1e-06,120,0.00152597958974071,0.00541265133119172,0.70847130360818,1
124,19,41,0.0001,30,5.23334761026162,7.46770797246916,1.68021537013102,1
124,19,41,0.0001,60,4.67707742511945,9.31951255653691,10.3200544534141,1
124,19,41,0.0001,120,1.91407667915042,9.73069058394266,70.0789037415827,1
124,19,61,0.0001,30,6.12008867491773e-05,0.000281240343346392,1.68021537013102,1
124,19,61,0.0001,60,0.000299811803769277,0.00123961906620973,10.3200544534141,1
124,19,61,0.0001,120,0.00142774538687545,0.00541265133119172,70.0789037415827,1
124,20,41,1e-08,30,0.00726160768341071,0.000872883687143892,0.000511393838153745,0
124,20,41,1e-08,60,0.0444025650989596,0.000252485850642537,0.00188882742211014,0
124,20,41,1e-08,120,0.202173832885231,4.49040050691703e-07,0.00965274561946435,0
124,20,61,1e-08,30,0.154932185854778,0.000169036447099203,0.000511393838153745,0
124,20,61,1e-08,60,0.349288428621512,0.000341710876214442,0.00188882742211014,0
124,20,61,1e-08,120,1.0386292892918,1.51152574462857e-05,0.00965274561946435,0
124,20,41,1e-06,30,0.00773226283655346,0.000872883687143892,0.0175581569974071,1
124,20,41,1e-06,60,0.0480179354023196,0.000252485850642537,0.105439709753164,1
124,20,41,1e-06,120,0.220367694265007,4.49040050691703e-07,0.70847130360818,1
124,20,61,1e-06,30,0.0144583190564207,0.000169036447099203,0.0175581569974071,1
124,20,61,1e-06,60,0.056049453126733,0.000341710876214442,0.105439709753164,1
124,20,61,1e-06,120,0.190459072585687,1.51152574462857e-05,0.70847130360818,1
124,20,41,0.0001,30,0.00791254937822481,0.000872883687143892,1.68021537013102,1
124,20,41,0.0001,60,0.0488875042816031,0.000252485850642537,10.3200544534141,1
124,20,41,0.0001,120,0.224032424876592,4.49040050691703e-07,70.0789037415827,1
124,20,61,0.0001,30,0.0307046215576394,0.000169036447099203,1.68021537013102,1
124,20,61,0.0001,60,0.117635567839795,0.000341710876214442,10.3200544534141,1
124,20,61,0.0001,120,0.416212420698541,1.51152574462857e-05,70.0789037415827,1
125,1,41,1e-08,30,0.34805569843209,0.0950938134314564,0.000511393838153745,0
125,1,41,1e-08,60,1.69933775513307,0.191457362423876,0.00188882742211014,0
125,1,41,1e-08,120,9.34819101078747,0.136369905207717,0.00965274561946435,0
125,1,61,1e-08,30,0.0127532822864795,0.003667247638437,0.000511393838153745,0
125,1,61,1e-08,60,0.049608508640649,0.0107518605608334,0.00188882742211014,0
125,1,61,1e-08,120,6.93209191593118,9.10840005421676,0.00965274561946435,0
125,1,41,1e-06,30,0.530422028499073,0.0950938134314564,0.0175581569974071,0
125,1,41,1e-06,60,2.67924186099591,0.191457362423876,0.105439709753164,0
125,1,41,1e-06,120,6.2631235980625,0.136369905207717,0.70847130360818,0
125,1,61,1e-06,30,0.00268671161213385,0.003667247638437,0.0175581569974071,1
125,1,61,1e-06,60,0.0145752764585307,0.0107518605608334,0.105439709753164,1
125,1,61,1e-06,120,7.93378451279056,9.10840005421676,0.70847130360818,0
125,1,41,0.0001,30,0.491456472699174,0.0950938134314564,1.68021537013102,1
125,1,41,0.0001,60,2.50042576867511,0.191457362423876,10.3200544534141,1
125,1,41,0.0001,120,6.83716581997504,0.136369905207717,70.0789037415827,1
125,1,61,0.0001,30,0.00255219007806734,0.003667247638437,1.68021537013102,1
125,1,61,0.0001,60,0.0140325728664271,0.0107518605608334,10.3200544534141,1
125,1,61,0.0001,120,7.95733974576211,9.10840005421676,70.0789037415827,1
125,2,41,1e-08,30,1.99152796458505,0.218964469631363,0.000511393838153745,0
125,2,41,1e-08,60,5.6289205767897,0.486683859348902,0.00188882742211014,0
125,2,41,1e-08,120,5.17017911570331,0.759020612539864,0.00965274561946435,0
125,2,61,1e-08,30,0.00452923508009328,0.00587150673539645,0.000511393838153745,0
125,2,61,1e-08,60,0.00172703019375279,0.00242619368197446,0.00188882742211014,1
125,2,61,1e-08,120,0.00230766739824915,0.00275440438051932,0.00965274561946435,1
125,2,41,1e-06,30,0.000491878185739448,0.218964469631363,0.0175581569974071,1
125,2,41,1e-06,60,0.0424269617355497,0.486683859348902,0.105439709753164,1
125,2,41,1e-06,120,0.898859627372603,0.759020612539864,0.70847130360818,1
125,2,61,1e-06,30,0.0127278196425227,0.00587150673539645,0.0175581569974071,1
125,2,61,1e-06,60,0.0148716794584532,0.00242619368197446,0.105439709753164,1
125,2,61,1e-06,120,0.0392744884795752,0.00275440438051932,0.70847130360818,1
125,2,41,0.0001,30,0.00439564484275379,0.218964469631363,1.68021537013102,1
125,2,41,0.0001,60,0.137620961115498,0.486683859348902,10.3200544534141,1
125,2,41,0.0001,120,1.6030368086637,0.759020612539864,70.0789037415827,1
125,2,61,0.0001,30,0.0130848094445697,0.00587150673539645,1.68021537013102,1
125,2,61,0.0001,60,0.0155714900944894,0.00242619368197446,10.3200544534141,1
125,2,61,0.0001,120,0.0414302979584304,0.00275440438051932,70.0789037415827,1
125,3,41,1e-08,30,9.23397061292876,3.60076451943303,0.000511393838153745,0
125,3,41,1e-08,60,1.21921811167011,6.81070187719388,0.00188882742211014,0
125,3,41,1e-08,120,2.0669666953953,7.32682981525039,0.00965274561946435,0
125,3,61,1e-08,30,0.000649799148266009,0.00681249138417075,0.000511393838153745,1
125,3,61,1e-08,60,0.00185825487736265,0.00412107054961779,0.00188882742211014,1
125,3,61,1e-08,120,0.0102026087231205,0.0114079175076625,0.00965274561946435,1
125,3,41,1e-06,30,4.39163161960599,3.60076451943303,0.0175581569974071,0
125,3,41,1e-06,60,8.95476376087618,6.81070187719388,0.105439709753164,0
125,3,41,1e-06,120,7.97680906777658,7.32682981525039,0.70847130360818,0
125,3,61,1e-06,30,0.00186345487667046,0.00681249138417075,0.0175581569974071,1
125,3,61,1e-06,60,0.000212060815381259,0.00412107054961779,0.105439709753164,1
125,3,61,1e-06,120,0.00257309006659106,0.0114079175076625,0.70847130360818,1
125,3,41,0.0001,30,3.82751847679724,3.60076451943303,1.68021537013102,1
125,3,41,0.0001,60,7.43792609157647,6.81070187719388,10.3200544534141,1
125,3,41,0.0001,120,8.65366301423895,7.32682981525039,70.0789037415827,1
125,3,61,0.0001,30,0.00169343654065621,0.00681249138417075,1.68021537013102,1
125,3,61,0.0001,60,0.000345134494323234,0.00412107054961779,10.3200544534141,1
125,3,61,0.0001,120,0.00345031289515678,0.0114079175076625,70.0789037415827,1
125,4,41,1e-08,30,0.0726821916137828,0.103769977698797,0.000511393838153745,0
125,4,41,1e-08,60,0.311986675053555,0.475935587309696,0.00188882742211014,0
125,4,41,1e-08,120,0.867169983859917,1.48868035203776,0.00965274561946435,0
125,4,61,1e-08,30,0.0135645528519922,0.00129112095027389,0.000511393838153745,0
125,4,61,1e-08,60,0.0183018396218407,0.00126935219528785,0.00188882742211014,0
125,4,61,1e-08,120,0.0419492412932515,0.0215655294188759,0.00965274561946435,0
125,4,41,1e-06,30,0.0163549867443939,0.103769977698797,0.0175581569974071,1
125,4,41,1e-06,60,0.0901599551259958,0.475935587309696,0.105439709753164,1
125,4,41,1e-06,120,0.193393682642813,1.48868035203776,0.70847130360818,1
125,4,61,1e-06,30,0.0266854278446308,0.00129112095027389,0.0175581569974071,1
125,4,61,1e-06,60,0.0482125061902286,0.00126935219528785,0.105439709753164,1
125,4,61,1e-06,120,0.132425449204167,0.0215655294188759,0.70847130360818,1
125,4,41,0.0001,30,0.0144758317327406,0.103769977698797,1.68021537013102,1
125,4,41,0.0001,60,0.0819294385916714,0.475935587309696,10.3200544534141,1
125,4,41,0.0001,120,0.170410250925056,1.48868035203776,70.0789037415827,1
125,4,61,0.0001,30,0.0274557774209975,0.00129112095027389,1.68021537013102,1
125,4,61,0.0001,60,0.0501343928205275,0.00126935219528785,10.3200544534141,1
125,4,61,0.0001,120,0.138549074057844,0.0215655294188759,70.0789037415827,1
125,5,41,1e-08,30,0.0228613979569322,0.0146305544924385,0.000511393838153745,0
125,5,41,1e-08,60,0.275177348372063,0.202652256494755,0.00188882742211014,0
125,5,41,1e-08,120,4.80863726382616,4.1214421713885,0.00965274561946435,0
125,5,61,1e-08,30,1.87969665005037,4.88128083028161,0.000511393838153745,0
125,5,61,1e-08,60,1.27318645495758,0.342680857560038,0.00188882742211014,0
125,5,61,1e-08,120,1.03389713060977,0.0704840530897449,0.00965274561946435,0
125,5,41,1e-06,30,0.038459864802324,0.0146305544924385,0.0175581569974071,1
125,5,41,1e-06,60,0.360966398740727,0.202652256494755,0.105439709753164,1
125,5,41,1e-06,120,5.43696669849866,4.1214421713885,0.70847130360818,0
125,5,61,1e-06,30,0.441751695232317,4.88128083028161,0.0175581569974071,0
125,5,61,1e-06,60,0.00224642924525349,0.342680857560038,0.105439709753164,1
125,5,61,1e-06,120,0.661485443040718,0.0704840530897449,0.70847130360818,1
125,5,41,0.0001,30,0.0391061942829278,0.0146305544924385,1.68021537013102,1
125,5,41,0.0001,60,0.364531637249324,0.202652256494755,10.3200544534141,1
125,5,41,0.0001,120,5.46310081153866,4.1214421713885,70.0789037415827,1
125,5,61,0.0001,30,0.446360759490626,4.88128083028161,1.68021537013102,1
125,5,61,0.0001,60,0.00326109974814389,0.342680857560038,10.3200544534141,1
125,5,61,0.0001,120,0.62584808447648,0.0704840530897449,70.0789037415827,1
125,6,41,1e-08,30,0.368624302802886,0.254266771819882,0.000511393838153745,0
125,6,41,1e-08,60,8.77485097802281,7.4518673869673,0.00188882742211014,0
125,6,41,1e-08,120,7.67555911675689,9.1277510489752,0.00965274561946435,0
125,6,61,1e-08,30,4.33612574576681,7.47083736474223,0.000511393838153745,0
125,6,61,1e-08,60,8.2545529090556,0.313651747011205,0.00188882742211014,0
125,6,61,1e-08,120,3.53263208180165,8.7649953371682,0.00965274561946435,0
125,6,41,1e-06,30,0.463114377298813,0.254266771819882,0.0175581569974071,0
125,6,41,1e-06,60,9.50437655022182,7.4518673869673,0.105439709753164,0
125,6,41,1e-06,120,6.52906309176075,9.1277510489752,0.70847130360818,0
125,6,61,1e-06,30,0.0907978305005047,7.47083736474223,0.0175581569974071,0
125,6,61,1e-06,60,0.11054650273127,0.313651747011205,0.105439709753164,1
125,6,61,1e-06,120,6.20934697540601,8.7649953371682,0.70847130360818,0
125,6,41,0.0001,30,0.466541256835662,0.254266771819882,1.68021537013102,1
125,6,41,0.0001,60,9.53201156344378,7.4518673869673,10.3200544534141,1
125,6,41,0.0001,120,6.4861565373325,9.1277510489752,70.0789037415827,1
125,6,61,0.0001,30,0.0461775266420833,7.47083736474223,1.68021537013102,1
125,6,61,0.0001,60,0.0299509623939874,0.313651747011205,10.3200544534141,1
125,6,61,0.0001,120,4.78062886746614,8.7649953371682,70.0789037415827,1
125,7,41,1e-08,30,0.108562760073211,0.145446625117759,0.000511393838153745,0
125,7,41,1e-08,60,0.704047622666862,0.806553488517246,0.00188882742211014,0
125,7,41,1e-08,120,9.0923850369681,8.65599306740124,0.00965274561946435,0
125,7,61,1e-08,30,6.01016168284085,2.86518038003734,0.000511393838153745,0
125,7,61,1e-08,60,2.45274010847375,0.614706760633489,0.00188882742211014,0
125,7,61,1e-08,120,0.262172231096301,3.06270128440331,0.00965274561946435,0
125,7,41,1e-06,30,0.200031192574618,0.145446625117759,0.0175581569974071,0
125,7,41,1e-06,60,1.06103776012247,0.806553488517246,0.105439709753164,0
125,7,41,1e-06,120,7.17116779045432,8.65599306740124,0.70847130360818,0
125,7,61,1e-06,30,7.65732377539029,2.86518038003734,0.0175581569974071,0
125,7,61,1e-06,60,8.55548078690724,0.614706760633489,0.105439709753164,0
125,7,61,1e-06,120,6.36939584958481,3.06270128440331,0.70847130360818,0
125,7,41,0.0001,30,0.199157632588599,0.145446625117759,1.68021537013102,1
125,7,41,0.0001,60,1.05653272537907,0.806553488517246,10.3200544534141,1
125,7,41,0.0001,120,7.1958898205017,8.65599306740124,70.0789037415827,1
125,7,61,0.0001,30,7.37132624864499,2.86518038003734,1.68021537013102,0
125,7,61,0.0001,60,8.00106697715889,0.614706760633489,10.3200544534141,1
125,7,61,0.0001,120,5.47103341271062,3.06270128440331,70.0789037415827,1
125,8,41,1e-08,30,1.54633857891434,0.0959564261023831,0.000511393838153745,0
125,8,41,1e-08,60,7.21291721149334,0.13876361550707,0.00188882742211014,0
125,8,41,1e-08,120,0.226670971850952,0.0680858134784956,0.00965274561946435,0
125,8,61,1e-08,30,9.3494488615885,6.54612739874386,0.000511393838153745,0
125,8,61,1e-08,60,6.44583899053618,3.11085241975721,0.00188882742211014,0
125,8,61,1e-08,120,0.144685043708152,0.896138765906602,0.00965274561946435,0
125,8,41,1e-06,30,0.00527947676664048,0.0959564261023831,0.0175581569974071,1
125,8,41,1e-06,60,0.143416699694862,0.13876361550707,0.105439709753164,1
125,8,41,1e-06,120,1.50762125823766,0.0680858134784956,0.70847130360818,1
125,8,61,1e-06,30,6.37748676226948,6.54612739874386,0.0175581569974071,0
125,8,61,1e-06,60,2.87720590628176,3.11085241975721,0.105439709753164,0
125,8,61,1e-06,120,1.17264470096728,0.896138765906602,0.70847130360818,1
125,8,41,0.0001,30,0.00344807918275975,0.0959564261023831,1.68021537013102,1
125,8,41,0.0001,60,0.016753858016974,0.13876361550707,10.3200544534141,1
125,8,41,0.0001,120,0.551768433533654,0.0680858134784956,70.0789037415827,1
125,8,61,0.0001,30,6.49715329808142,6.54612739874386,1.68021537013102,0
125,8,61,0.0001,60,3.0435444175211,3.11085241975721,10.3200544534141,1
125,8,61,0.0001,120,0.970272644919712,0.896138765906602,70.0789037415827,1
125,9,41,1e-08,30,0.60941754328234,0.0140690249107742,0.000511393838153745,0
125,9,41,1e-08,60,2.25145272958411,0.0287310256040937,0.00188882742211014,0
125,9,41,1e-08,120,9.00621195889375,0.0442657918973478,0.00965274561946435,0
125,9,61,1e-08,30,0.942487075883207,5.50314177234258,0.000511393838153745,0
125,9,61,1e-08,60,3.26264327838747,3.16400683668446,0.00188882742211014,0
125,9,61,1e-08,120,0.814331725050765,3.39033266619054,0.00965274561946435,0
125,9,41,1e-06,30,0.0952144357751136,0.0140690249107742,0.0175581569974071,0
125,9,41,1e-06,60,0.313852431344556,0.0287310256040937,0.105439709753164,1
125,9,41,1e-06,120,1.00531231513263,0.0442657918973478,0.70847130360818,1
125,9,61,1e-06,30,1.93493607464103,5.50314177234258,0.0175581569974071,0
125,9,61,1e-06,60,6.76428149860178,3.16400683668446,0.105439709753164,0
125,9,61,1e-06,120,0.410657618715653,3.39033266619054,0.70847130360818,1
125,9,41,0.0001,30,0.159853507188043,0.0140690249107742,1.68021537013102,1
125,9,41,0.0001,60,0.535863214638751,0.0287310256040937,10.3200544534141,1
125,9,41,0.0001,120,1.78372057210052,0.0442657918973478,70.0789037415827,1
125,9,61,0.0001,30,2.09749545584857,5.50314177234258,1.68021537013102,1
125,9,61,0.0001,60,7.34018672964702,3.16400683668446,10.3200544534141,1
125,9,61,0.0001,120,0.725363560276779,3.39033266619054,70.0789037415827,1
125,10,41,1e-08,30,1.14914660978462,0.00418879935347975,0.000511393838153745,0
125,10,41,1e-08,60,4.78975701468208,0.00730381038588785,0.00188882742211014,0
125,10,41,1e-08,120,3.37535894833063,0.0105398460922248,0.00965274561946435,0
125,10,61,1e-08,30,0.0489878831935981,0.021428806047677,0.000511393838153745,0
125,10,61,1e-08,60,0.523993798966569,0.0493251861814854,0.00188882742211014,0
125,10,61,1e-08,120,4.8025715548104,0.00792314960455024,0.00965274561946435,0
125,10,41,1e-06,30,0.0400119736796143,0.00418879935347975,0.0175581569974071,1
125,10,41,1e-06,60,0.187138787283333,0.00730381038588785,0.105439709753164,1
125,10,41,1e-06,120,0.850098270731544,0.0105398460922248,0.70847130360818,1
125,10,61,1e-06,30,0.836422541666316,0.021428806047677,0.0175581569974071,0
125,10,61,1e-06,60,3.62627136359044,0.0493251861814854,0.105439709753164,0
125,10,61,1e-06,120,3.75180646623095,0.00792314960455024,0.70847130360818,0
125,10,41,0.0001,30,0.00676299768452563,0.00418879935347975,1.68021537013102,1
125,10,41,0.0001,60,0.0434005293886078,0.00730381038588785,10.3200544534141,1
125,10,41,0.0001,120,0.235021630547281,0.0105398460922248,70.0789037415827,1
125,10,61,0.0001,30,0.886384022619191,0.021428806047677,1.68021537013102,1
125,10,61,0.0001,60,3.81688656210989,0.0493251861814854,10.3200544534141,1
125,10,61,0.0001,120,3.39506379108275,0.00792314960455024,70.0789037415827,1
125,11,41,1e-08,30,1.21829890118286,0.00683117083316431,0.000511393838153745,0
125,11,41,1e-08,60,5.38107655804357,0.0188952553461646,0.00188882742211014,0
125,11,41,1e-08,120,2.62787217092941,0.113284044940183,0.00965274561946435,0
125,11,61,1e-08,30,0.120454338709786,0.367654754907616,0.000511393838153745,0
125,11,61,1e-08,60,0.0637554373664155,0.184048021471842,0.00188882742211014,0
125,11,61,1e-08,120,1.12722397939559,0.215529458700494,0.00965274561946435,0
125,11,41,1e-06,30,0.875507569994959,0.00683117083316431,0.0175581569974071,0
125,11,41,1e-06,60,3.59432504215247,0.0188952553461646,0.105439709753164,0
125,11,41,1e-06,120,6.53540425135297,0.113284044940183,0.70847130360818,0
125,11,61,1e-06,30,0.0180773950829748,0.367654754907616,0.0175581569974071,1
125,11,61,1e-06,60,1.1137498737137,0.184048021471842,0.105439709753164,0
125,11,61,1e-06,120,6.2860933582586,0.215529458700494,0.70847130360818,0
125,11,41,0.0001,30,0.805483585277675,0.00683117083316431,1.68021537013102,1
125,11,41,0.0001,60,3.32252443408638,0.0188952553461646,10.3200544534141,1
125,11,41,0.0001,120,7.28633285015848,0.113284044940183,70.0789037415827,1
125,11,61,0.0001,30,0.0217772292174915,0.367654754907616,1.68021537013102,1
125,11,61,0.0001,60,1.16392459344296,0.184048021471842,10.3200544534141,1
125,11,61,0.0001,120,6.51015296646016,0.215529458700494,70.0789037415827,1
125,12,41,1e-08,30,7.04292105006025,0.0587924757782685,0.000511393838153745,0
125,12,41,1e-08,60,0.711801113436431,0.105782442236487,0.00188882742211014,0
125,12,41,1e-08,120,2.83954082388917,0.130504326460737,0.00965274561946435,0
125,12,61,1e-08,30,0.939894491511001,0.797751908512771,0.000511393838153745,0
125,12,61,1e-08,60,1.14082686783711,1.09435504065687,0.00188882742211014,0
125,12,61,1e-08,120,0.300311730560964,0.402829946828927,0.00965274561946435,0
125,12,41,1e-06,30,9.78333386003442,0.0587924757782685,0.0175581569974071,0
125,12,41,1e-06,60,0.0351567293785826,0.105782442236487,0.105439709753164,1
125,12,41,1e-06,120,0.441576412030815,0.130504326460737,0.70847130360818,1
125,12,61,1e-06,30,0.130368790428639,0.797751908512771,0.0175581569974071,0
125,12,61,1e-06,60,0.000518613760975845,1.09435504065687,0.105439709753164,1
125,12,61,1e-06,120,2.27335950050822,0.402829946828927,0.70847130360818,1
125,12,41,0.0001,30,9.54414429197312,0.0587924757782685,1.68021537013102,0
125,12,41,0.0001,60,0.06978827950562,0.105782442236487,10.3200544534141,1
125,12,41,0.0001,120,0.668449978037958,0.130504326460737,70.0789037415827,1
125,12,61,0.0001,30,0.109951554932408,0.797751908512771,1.68021537013102,1
125,12,61,0.0001,60,0.00594364449266996,1.09435504065687,10.3200544534141,1
125,12,61,0.0001,120,2.59783065984628,0.402829946828927,70.0789037415827,1
125,13,41,1e-08,30,6.82032504582872,8.09390244876315,0.000511393838153745,0
125,13,41,1e-08,60,2.9452731102723,8.41084226363845,0.00188882742211014,0
125,13,41,1e-08,120,0.000894381460921759,8.4446122610507,0.00965274561946435,1
125,13,61,1e-08,30,1.73599405466443,1.18418220664628,0.000511393838153745,0
125,13,61,1e-08,60,2.78078487162928,1.54757306516668,0.00188882742211014,0
125,13,61,1e-08,120,1.88624648985617,0.315266245002756,0.00965274561946435,0
125,13,41,1e-06,30,9.5182170292124,8.09390244876315,0.0175581569974071,0
125,13,41,1e-06,60,7.20002119590408,8.41084226363845,0.105439709753164,0
125,13,41,1e-06,120,3.93646323554408,8.4446122610507,0.70847130360818,0
125,13,61,1e-06,30,1.43926119079963,1.18418220664628,0.0175581569974071,0
125,13,61,1e-06,60,2.15029334085609,1.54757306516668,0.105439709753164,0
125,13,61,1e-06,120,1.01127781811304,0.315266245002756,0.70847130360818,1
125,13,41,0.0001,30,9.80966274794309,8.09390244876315,1.68021537013102,0
125,13,41,0.0001,60,7.89042989589983,8.41084226363845,10.3200544534141,1
125,13,41,0.0001,120,4.96931275287675,8.4446122610507,70.0789037415827,1
125,13,61,0.0001,30,1.43814887805935,1.18418220664628,1.68021537013102,1
125,13,61,0.0001,60,2.14934143901218,1.54757306516668,10.3200544534141,1
125,13,61,0.0001,120,1.01118432849943,0.315266245002756,70.0789037415827,1
125,14,41,1e-08,30,0.635226573662262,0.00421753757012552,0.000511393838153745,0
125,14,41,1e-08,60,2.65111781431174,0.00248285395943477,0.00188882742211014,0
125,14,41,1e-08,120,9.13843549061689,0.00250528679504103,0.00965274561946435,0
125,14,61,1e-08,30,0.379420529091562,0.00544158617562952,0.000511393838153745,0
125,14,61,1e-08,60,1.03113020439282,0.00156683415430766,0.00188882742211014,0
125,14,61,1e-08,120,3.71764978415656,0.0232740114665059,0.00965274561946435,0
125,14,41,1e-06,30,0.0762395440248078,0.00421753757012552,0.0175581569974071,0
125,14,41,1e-06,60,0.393315595573997,0.00248285395943477,0.105439709753164,1
125,14,41,1e-06,120,1.68678510954819,0.00250528679504103,0.70847130360818,1
125,14,61,1e-06,30,0.185113003658815,0.00544158617562952,0.0175581569974071,0
125,14,61,1e-06,60,0.451532667306404,0.00156683415430766,0.105439709753164,0
125,14,61,1e-06,120,1.61065532039624,0.0232740114665059,0.70847130360818,1
125,14,41,0.0001,30,0.0541842978386528,0.00421753757012552,1.68021537013102,1
125,14,41,0.0001,60,0.297626996261045,0.00248285395943477,10.3200544534141,1
125,14,41,0.0001,120,1.30108781836318,0.00250528679504103,70.0789037415827,1
125,14,61,0.0001,30,0.177964344270097,0.00544158617562952,1.68021537013102,1
125,14,61,0.0001,60,0.43110288676795,0.00156683415430766,10.3200544534141,1
125,14,61,0.0001,120,1.53701012326551,0.0232740114665059,70.0789037415827,1
125,15,41,1e-08,30,0.733925499234987,0.016316804860768,0.000511393838153745,0
125,15,41,1e-08,60,2.32903831622273,0.0792276188840235,0.00188882742211014,0
125,15,41,1e-08,120,7.6677982850328,0.243107575230129,0.00965274561946435,0
125,15,61,1e-08,30,0.136187729138292,0.0139323683059148,0.000511393838153745,0
125,15,61,1e-08,60,0.584114252684028,0.0165834717332561,0.00188882742211014,0
125,15,61,1e-08,120,2.36516756648459,0.0279217574341122,0.00965274561946435,0
125,15,41,1e-06,30,0.000246578105781247,0.016316804860768,0.0175581569974071,1
125,15,41,1e-06,60,0.000114313400844952,0.0792276188840235,0.105439709753164,1
125,15,41,1e-06,120,0.00932339973046323,0.243107575230129,0.70847130360818,1
125,15,61,1e-06,30,0.0187400389343593,0.0139323683059148,0.0175581569974071,1
125,15,61,1e-06,60,0.029201698079649,0.0165834717332561,0.105439709753164,1
125,15,61,1e-06,120,0.0653850846996219,0.0279217574341122,0.70847130360818,1
125,15,41,0.0001,30,0.00110473785114905,0.016316804860768,1.68021537013102,1
125,15,41,0.0001,60,0.00164256033967443,0.0792276188840235,10.3200544534141,1
125,15,41,0.0001,120,0.0228005395250282,0.243107575230129,70.0789037415827,1
125,15,61,0.0001,30,0.0289633341657872,0.0139323683059148,1.68021537013102,1
125,15,61,0.0001,60,0.0543472939613028,0.0165834717332561,10.3200544534141,1
125,15,61,0.0001,120,0.14125668227777,0.0279217574341122,70.0789037415827,1
125,16,41,1e-08,30,2.91738736470702,1.32270125046961,0.000511393838153745,0
125,16,41,1e-08,60,3.9852948509238,1.38684298801968,0.00188882742211014,0
125,16,41,1e-08,120,5.25069225764845,0.904979481075186,0.00965274561946435,0
125,16,61,1e-08,30,0.664565068723715,0.737875636153284,0.000511393838153745,0
125,16,61,1e-08,60,3.04609565994422e-05,0.0931245478432988,0.00188882742211014,1
125,16,61,1e-08,120,6.38421405138683,2.94240765144066,0.00965274561946435,0
125,16,41,1e-06,30,0.46664706932823,1.32270125046961,0.0175581569974071,0
125,16,41,1e-06,60,0.0574171807618791,1.38684298801968,0.105439709753164,1
125,16,41,1e-06,120,0.862715496978212,0.904979481075186,0.70847130360818,1
125,16,61,1e-06,30,0.17998235413469,0.737875636153284,0.0175581569974071,0
125,16,61,1e-06,60,0.316980142894752,0.0931245478432988,0.105439709753164,1
125,16,61,1e-06,120,8.02491799088192,2.94240765144066,0.70847130360818,0
125,16,41,0.0001,30,0.489650029441718,1.32270125046961,1.68021537013102,1
125,16,41,0.0001,60,0.0766912957770197,1.38684298801968,10.3200544534141,1
125,16,41,0.0001,120,0.722761829193664,0.904979481075186,70.0789037415827,1
125,16,61,0.0001,30,0.230816922814703,0.737875636153284,1.68021537013102,1
125,16,61,0.0001,60,0.20425073424634,0.0931245478432988,10.3200544534141,1
125,16,61,0.0001,120,9.32479929702373,2.94240765144066,70.0789037415827,1
125,17,41,1e-08,30,1.29862930886535,3.17998952464538,0.000511393838153745,0
125,17,41,1e-08,60,1.01988054685265,5.79184537113416,0.00188882742211014,0
125,17,41,1e-08,120,0.0723707154063458,6.93704537604389,0.00965274561946435,0
125,17,61,1e-08,30,0.00261557263896719,0.0508518084045425,0.000511393838153745,0
125,17,61,1e-08,60,1.55124937067204,0.0479141910934746,0.00188882742211014,0
125,17,61,1e-08,120,3.2010451943021,0.543695039935641,0.00965274561946435,0
125,17,41,1e-06,30,0.56995133942039,3.17998952464538,0.0175581569974071,0
125,17,41,1e-06,60,0.120947907423984,5.79184537113416,0.105439709753164,1
125,17,41,1e-06,120,2.20855035140223,6.93704537604389,0.70847130360818,1
125,17,61,1e-06,30,4.78065657607198,0.0508518084045425,0.0175581569974071,0
125,17,61,1e-06,60,1.4993269695017,0.0479141910934746,0.105439709753164,0
125,17,61,1e-06,120,7.15549041849242,0.543695039935641,0.70847130360818,0
125,17,41,0.0001,30,0.557710270111008,3.17998952464538,1.68021537013102,1
125,17,41,0.0001,60,0.111354108000611,5.79184537113416,10.3200544534141,1
125,17,41,0.0001,120,2.28629796577565,6.93704537604389,70.0789037415827,1
125,17,61,0.0001,30,5.19908844498611,0.0508518084045425,1.68021537013102,1
125,17,61,0.0001,60,1.1084259985287,0.0479141910934746,10.3200544534141,1
125,17,61,0.0001,120,9.01543436122088,0.543695039935641,70.0789037415827,1
125,18,41,1e-08,30,1.85808327674255,0.115119440854755,0.000511393838153745,0
125,18,41,1e-08,60,9.23969934745196,0.206737844010156,0.00188882742211014,0
125,18,41,1e-08,120,0.378133703481769,4.08634731818239,0.00965274561946435,0
125,18,61,1e-08,30,2.21895775367166,0.269754467021487,0.000511393838153745,0
125,18,61,1e-08,60,0.00253745051494556,4.78109278651803,0.00188882742211014,1
125,18,61,1e-08,120,5.41154863637018,0.034777689501789,0.00965274561946435,0
125,18,41,1e-06,30,5.9226802264045,0.115119440854755,0.0175581569974071,0
125,18,41,1e-06,60,1.40357338014939,0.206737844010156,0.105439709753164,0
125,18,41,1e-06,120,7.88980905466931,4.08634731818239,0.70847130360818,0
125,18,61,1e-06,30,1.60156306844305,0.269754467021487,0.0175581569974071,0
125,18,61,1e-06,60,0.280806003961034,4.78109278651803,0.105439709753164,1
125,18,61,1e-06,120,1.06832071960507,0.034777689501789,0.70847130360818,1
125,18,41,0.0001,30,6.10503253002525,0.115119440854755,1.68021537013102,1
125,18,41,0.0001,60,1.24888868081941,0.206737844010156,10.3200544534141,1
125,18,41,0.0001,120,8.62058618466357,4.08634731818239,70.0789037415827,1
125,18,61,0.0001,30,1.62348590556932,0.269754467021487,1.68021537013102,1
125,18,61,0.0001,60,0.259655229815138,4.78109278651803,10.3200544534141,1
125,18,61,0.0001,120,1.16073578361912,0.034777689501789,70.0789037415827,1
125,19,41,1e-08,30,0.140239618492802,0.73156573597232,0.000511393838153745,0
125,19,41,1e-08,60,0.647532197918354,4.06898120191171,0.00188882742211014,0
125,19,41,1e-08,120,1.08059233824098,0.581135606155387,0.00965274561946435,0
125,19,61,1e-08,30,4.33263892224431,9.79960451213664,0.000511393838153745,0
125,19,61,1e-08,60,3.45982434179509,0.000490553349760099,0.00188882742211014,0
125,19,61,1e-08,120,5.83445896285669,0.204170982570495,0.00965274561946435,0
125,19,41,1e-06,30,1.79839139337901,0.73156573597232,0.0175581569974071,0
125,19,41,1e-06,60,5.67293399315194,4.06898120191171,0.105439709753164,0
125,19,41,1e-06,120,3.09291608298063,0.581135606155387,0.70847130360818,0
125,19,61,1e-06,30,6.87462094861701,9.79960451213664,0.0175581569974071,0
125,19,61,1e-06,60,1.11487174494946,0.000490553349760099,0.105439709753164,0
125,19,61,1e-06,120,2.96049932721587,0.204170982570495,0.70847130360818,0
125,19,41,0.0001,30,1.90977014666392,0.73156573597232,1.68021537013102,1
125,19,41,0.0001,60,6.03889358983486,4.06898120191171,10.3200544534141,1
125,19,41,0.0001,120,3.6242033806011,0.581135606155387,70.0789037415827,1
125,19,61,0.0001,30,6.09481231400084,9.79960451213664,1.68021537013102,1
125,19,61,0.0001,60,1.81172468760181,0.000490553349760099,10.3200544534141,1
125,19,61,0.0001,120,5.2195355516457,0.204170982570495,70.0789037415827,1
125,20,41,1e-08,30,1.12692092650682,0.380544796237585,0.000511393838153745,0
125,20,41,1e-08,60,8.93106604038334,0.466213417250178,0.00188882742211014,0
125,20,41,1e-08,120,4.99804781832177,7.14907089760767,0.00965274561946435,0
125,20,61,1e-08,30,2.06865492672808,0.0276652630887458,0.000511393838153745,0
125,20,61,1e-08,60,7.38962390992972,0.0123952961738159,0.00188882742211014,0
125,20,61,1e-08,120,1.9373135295482,0.0207702171910867,0.00965274561946435,0
125,20,41,1e-06,30,5.3718003331428,0.380544796237585,0.0175581569974071,0
125,20,41,1e-06,60,1.18388820482733,0.466213417250178,0.105439709753164,0
125,20,41,1e-06,120,3.50423665931635,7.14907089760767,0.70847130360818,0
125,20,61,1e-06,30,8.05205120100289,0.0276652630887458,0.0175581569974071,0
125,20,61,1e-06,60,0.713099306143591,0.0123952961738159,0.105439709753164,0
125,20,61,1e-06,120,3.17774967925023,0.0207702171910867,0.70847130360818,0
125,20,41,0.0001,30,5.58900055051425,0.380544796237585,1.68021537013102,1
125,20,41,0.0001,60,1.00784271876532,0.466213417250178,10.3200544534141,1
125,20,41,0.0001,120,4.12753609810755,7.14907089760767,70.0789037415827,1
125,20,61,0.0001,30,7.52308279966534,0.0276652630887458,1.68021537013102,0
125,20,61,0.0001,60,1.03840155720483,0.0123952961738159,10.3200544534141,1
125,20,61,0.0001,120,4.48062341911308,0.0207702171910867,70.0789037415827,1
126,1,41,1e-08,30,0.0047980107364305,0.220429652544087,0.000511393838153745,0
126,1,41,1e-08,60,1.9386808887763,0.252144425313852,0.00188882742211014,0
126,1,41,1e-08,120,5.93762462610744,5.07744706757436,0.00965274561946435,0
126,1,61,1e-08,30,4.81209459726624,2.60330507762727,0.000511393838153745,0
126,1,61,1e-08,60,0.861116270111212,0.0277385237813011,0.00188882742211014,0
126,1,61,1e-08,120,8.17938979643633,1.69007843281516,0.00965274561946435,0
126,1,41,1e-06,30,0.000169717899010293,0.220429652544087,0.0175581569974071,1
126,1,41,1e-06,60,2.00067956342996,0.252144425313852,0.105439709753164,0
126,1,41,1e-06,120,4.86585308224749,5.07744706757436,0.70847130360818,0
126,1,61,1e-06,30,1.47756020116487,2.60330507762727,0.0175581569974071,0
126,1,61,1e-06,60,0.9465527243112,0.0277385237813011,0.105439709753164,0
126,1,61,1e-06,120,0.104456942968726,1.69007843281516,0.70847130360818,1
126,1,41,0.0001,30,0.00287473284964862,0.220429652544087,1.68021537013102,1
126,1,41,0.0001,60,1.77927359124731,0.252144425313852,10.3200544534141,1
126,1,41,0.0001,120,5.59970198163748,5.07744706757436,70.0789037415827,1
126,1,61,0.0001,30,1.27318309063649,2.60330507762727,1.68021537013102,1
126,1,61,0.0001,60,1.29255390101467,0.0277385237813011,10.3200544534141,1
126,1,61,0.0001,120,0.410618992289776,1.69007843281516,70.0789037415827,1
126,2,41,1e-08,30,2.1386720965235e-06,1.79862054589174e-05,0.000511393838153745,1
126,2,41,1e-08,60,9.39450650526915e-05,3.15578894331128e-06,0.00188882742211014,1
126,2,41,1e-08,120,0.000727002568827522,3.55988681863843e-06,0.00965274561946435,1
126,2,61,1e-08,30,1.60365218498813,0.000118183715587945,0.000511393838153745,0
126,2,61,1e-08,60,5.23262402632651,0.000872260058972784,0.00188882742211014,0
126,2,61,1e-08,120,4.04731851313342,7.18944173331745e-05,0.00965274561946435,0
126,2,41,1e-06,30,0.000382255692893534,1.79862054589174e-05,0.0175581569974071,1
126,2,41,1e-06,60,0.00211332189282029,3.15578894331128e-06,0.105439709753164,1
126,2,41,1e-06,120,0.0087929045188512,3.55988681863843e-06,0.70847130360818,1
126,2,61,1e-06,30,0.31288309080177,0.000118183715587945,0.0175581569974071,0
126,2,61,1e-06,60,1.29846258802979,0.000872260058972784,0.105439709753164,0
126,2,61,1e-06,120,5.02388912137622,7.18944173331745e-05,0.70847130360818,0
126,2,41,0.0001,30,0.000441405520845224,1.79862054589174e-05,1.68021537013102,1
126,2,41,0.0001,60,0.0023742886676053,3.15578894331128e-06,10.3200544534141,1
126,2,41,0.0001,120,0.00982502807618073,3.55988681863843e-06,70.0789037415827,1
126,2,61,0.0001,30,0.36168594435092,0.000118183715587945,1.68021537013102,1
126,2,61,0.0001,60,1.46586524729875,0.000872260058972784,10.3200544534141,1
126,2,61,0.0001,120,5.62164297129021,7.18944173331745e-05,70.0789037415827,1
126,3,41,1e-08,30,0.00115130868792284,0.000738221518920486,0.000511393838153745,1
126,3,41,1e-08,60,0.00105779599986119,0.00012915421443677,0.00188882742211014,1
126,3,41,1e-08,120,0.00496085066973926,0.00041931592600988,0.00965274561946435,1
126,3,61,1e-08,30,0.000934108960578388,5.95430209151241e-05,0.000511393838153745,1
126,3,61,1e-08,60,0.00335448985149384,6.85334087350639e-05,0.00188882742211014,1
126,3,61,1e-08,120,0.0135455151570944,0.000173195272170122,0.00965274561946435,1
126,3,41,1e-06,30,0.00492263242226455,0.000738221518920486,0.0175581569974071,1
126,3,41,1e-06,60,0.00953984355379625,0.00012915421443677,0.105439709753164,1
126,3,41,1e-06,120,0.0374102438271028,0.00041931592600988,0.70847130360818,1
126,3,61,1e-06,30,0.00311296663499076,5.95430209151241e-05,0.0175581569974071,1
126,3,61,1e-06,60,0.01095888475011,6.85334087350639e-05,0.105439709753164,1
126,3,61,1e-06,120,0.0425282822701571,0.000173195272170122,0.70847130360818,1
126,3,41,0.0001,30,0.0053096892446107,0.000738221518920486,1.68021537013102,1
126,3,41,0.0001,60,0.0105602103350785,0.00012915421443677,10.3200544534141,1
126,3,41,0.0001,120,0.0413216533073174,0.00041931592600988,70.0789037415827,1
126,3,61,0.0001,30,0.00335006010680091,5.95430209151241e-05,1.68021537013102,1
126,3,61,0.0001,60,0.0117956496161533,6.85334087350639e-05,10.3200544534141,1
126,3,61,0.0001,120,0.0457196976083733,0.000173195272170122,70.0789037415827,1
126,4,41,1e-08,30,3.37964041137505,2.99787369379413,0.000511393838153745,0
126,4,41,1e-08,60,0.0458356976123747,1.50466066304886,0.00188882742211014,0
126,4,41,1e-08,120,2.38579814753483,0.40527111244242,0.00965274561946435,0
126,4,61,1e-08,30,2.69359441154958,1.37479440563646,0.000511393838153745,0
126,4,61,1e-08,60,0.684255657918366,2.32056946178807e-06,0.00188882742211014,0
126,4,61,1e-08,120,7.19872740615596,1.30741891975497,0.00965274561946435,0
126,4,41,1e-06,30,5.21366218672767,2.99787369379413,0.0175581569974071,0
126,4,41,1e-06,60,0.270975615843789,1.50466066304886,0.105439709753164,1
126,4,41,1e-06,120,8.17165846155786,0.40527111244242,0.70847130360818,0
126,4,61,1e-06,30,0.223866675956248,1.37479440563646,0.0175581569974071,0
126,4,61,1e-06,60,1.985573089445,2.32056946178807e-06,0.105439709753164,0
126,4,61,1e-06,120,2.85513759925594,1.30741891975497,0.70847130360818,0
126,4,41,0.0001,30,5.15546415020171,2.99787369379413,1.68021537013102,1
126,4,41,0.0001,60,0.244211879531426,1.50466066304886,10.3200544534141,1
126,4,41,0.0001,120,7.8682790215608,0.40527111244242,70.0789037415827,1
126,4,61,0.0001,30,0.141364580418401,1.37479440563646,1.68021537013102,1
126,4,61,0.0001,60,2.53340381126809,2.32056946178807e-06,10.3200544534141,1
126,4,61,0.0001,120,4.17419172735618,1.30741891975497,70.0789037415827,1
126,5,41,1e-08,30,0.00482802519166229,0.238767083384178,0.000511393838153745,0
126,5,41,1e-08,60,0.0277017814260049,0.579571149205098,0.00188882742211014,0
126,5,41,1e-08,120,0.662840318480152,0.727282605728463,0.00965274561946435,0
126,5,61,1e-08,30,2.52013993520227,1.28445452193676,0.000511393838153745,0
126,5,61,1e-08,60,2.08523558371156,0.420586542670334,0.00188882742211014,0
126,5,61,1e-08,120,7.67673604124092,1.67051069743439,0.00965274561946435,0
126,5,41,1e-06,30,0.00790440545150386,0.238767083384178,0.0175581569974071,1
126,5,41,1e-06,60,0.158013454112944,0.579571149205098,0.105439709753164,1
126,5,41,1e-06,120,2.15653988143434,0.727282605728463,0.70847130360818,1
126,5,61,1e-06,30,0.182154766251916,1.28445452193676,0.0175581569974071,0
126,5,61,1e-06,60,0.602788178163981,0.420586542670334,0.105439709753164,0
126,5,61,1e-06,120,2.46237695324556,1.67051069743439,0.70847130360818,1
126,5,41,0.0001,30,0.0230674176786844,0.238767083384178,1.68021537013102,1
126,5,41,0.0001,60,0.270175654916413,0.579571149205098,10.3200544534141,1
126,5,41,0.0001,120,2.92203456238788,0.727282605728463,70.0789037415827,1
126,5,61,0.0001,30,0.108059861103406,1.28445452193676,1.68021537013102,1
126,5,61,0.0001,60,0.923188676372962,0.420586542670334,10.3200544534141,1
126,5,61,0.0001,120,3.71083131556779,1.67051069743439,70.0789037415827,1
126,6,41,1e-08,30,0.00173016946334499,0.000164435143400426,0.000511393838153745,1
126,6,41,1e-08,60,0.008762340628505,0.00117760168409108,0.00188882742211014,0
126,6,41,1e-08,120,0.0145547854474675,9.85040207806459e-08,0.00965274561946435,1
126,6,61,1e-08,30,0.0139053097161404,0.0395079781484065,0.000511393838153745,0
126,6,61,1e-08,60,0.75041208626623,1.07679577254468,0.00188882742211014,0
126,6,61,1e-08,120,5.72064515034181,4.15835498417481,0.00965274561946435,0
126,6,41,1e-06,30,0.00268612280385975,0.000164435143400426,0.0175581569974071,1
126,6,41,1e-06,60,0.0126215594924348,0.00117760168409108,0.105439709753164,1
126,6,41,1e-06,120,0.0244588353073195,9.85040207806459e-08,0.70847130360818,1
126,6,61,1e-06,30,0.00699248335623016,0.0395079781484065,0.0175581569974071,1
126,6,61,1e-06,60,0.6514400913747,1.07679577254468,0.105439709753164,0
126,6,61,1e-06,120,6.25311194280021,4.15835498417481,0.70847130360818,0
126,6,41,0.0001,30,0.00260516822263564,0.000164435143400426,1.68021537013102,1
126,6,41,0.0001,60,0.0122658925263046,0.00117760168409108,10.3200544534141,1
126,6,41,0.0001,120,0.0234654834436452,9.85040207806459e-08,70.0789037415827,1
126,6,61,0.0001,30,0.00664387282480348,0.0395079781484065,1.68021537013102,1
126,6,61,0.0001,60,0.645085808576815,1.07679577254468,10.3200544534141,1
126,6,61,0.0001,120,6.29125898115185,4.15835498417481,70.0789037415827,1
126,7,41,1e-08,30,0.00118829279996187,0.00139883678251621,0.000511393838153745,1
126,7,41,1e-08,60,0.00183871657997876,0.00072168766441381,0.00188882742211014,1
126,7,41,1e-08,120,0.00132830968016077,3.29849297744734e-05,0.00965274561946435,1
126,7,61,1e-08,30,0.00646335455047115,0.023287548770388,0.000511393838153745,0
126,7,61,1e-08,60,0.703311585411492,0.972893319688653,0.00188882742211014,0
126,7,61,1e-08,120,5.08667484665758,3.82840315938841,0.00965274561946435,0
126,7,41,1e-06,30,6.75323105840688e-05,0.00139883678251621,0.0175581569974071,1
126,7,41,1e-06,60,0.00728704193959147,0.00072168766441381,0.105439709753164,1
126,7,41,1e-06,120,0.0124077515463127,3.29849297744734e-05,0.70847130360818,1
126,7,61,1e-06,30,0.0103202335403548,0.023287548770388,0.0175581569974071,1
126,7,61,1e-06,60,0.782785149116105,0.972893319688653,0.105439709753164,0
126,7,61,1e-06,120,4.66304615028392,3.82840315938841,0.70847130360818,0
126,7,41,0.0001,30,6.91588928086838e-05,0.00139883678251621,1.68021537013102,1
126,7,41,0.0001,60,0.00723098294814841,0.00072168766441381,10.3200544534141,1
126,7,41,0.0001,120,0.0122323347170156,3.29849297744734e-05,70.0789037415827,1
126,7,61,0.0001,30,0.0116078319469488,0.023287548770388,1.68021537013102,1
126,7,61,0.0001,60,0.803950183321035,0.972893319688653,10.3200544534141,1
126,7,61,0.0001,120,4.56278333313408,3.82840315938841,70.0789037415827,1
126,8,41,1e-08,30,0.310840874686371,0.263030311468348,0.000511393838153745,0
126,8,41,1e-08,60,0.248521395904068,3.86839896920665,0.00188882742211014,0
126,8,41,1e-08,120,4.01979216825019,0.954521746756881,0.00965274561946435,0
126,8,61,1e-08,30,6.61001955776371,2.74909692710855,0.000511393838153745,0
126,8,61,1e-08,60,1.66381428319858,0.0018117863106204,0.00188882742211014,0
126,8,61,1e-08,120,7.15163625282965,2.0663471763244,0.00965274561946435,0
126,8,41,1e-06,30,1.99029812299942,0.263030311468348,0.0175581569974071,0
126,8,41,1e-06,60,3.48091001871922,3.86839896920665,0.105439709753164,0
126,8,41,1e-06,120,0.152227286417585,0.954521746756881,0.70847130360818,1
126,8,61,1e-06,30,1.03137136762078,2.74909692710855,0.0175581569974071,0
126,8,61,1e-06,60,1.78820803616428,0.0018117863106204,0.105439709753164,0
126,8,61,1e-06,120,1.34929392508283,2.0663471763244,0.70847130360818,1
126,8,41,0.0001,30,1.78479074595956,0.263030311468348,1.68021537013102,1
126,8,41,0.0001,60,2.9952319530737,3.86839896920665,10.3200544534141,1
126,8,41,0.0001,120,0.0181340897891242,0.954521746756881,70.0789037415827,1
126,8,61,0.0001,30,0.957117032863796,2.74909692710855,1.68021537013102,1
126,8,61,0.0001,60,1.96587583068233,0.0018117863106204,10.3200544534141,1
126,8,61,0.0001,120,1.6427116022887,2.0663471763244,70.0789037415827,1
126,9,41,1e-08,30,1.83412547647778,1.5167036740538,0.000511393838153745,0
126,9,41,1e-08,60,0.0156179737291332,2.54868062894509,0.00188882742211014,0
126,9,41,1e-08,120,3.72064677090895,1.10528192697058,0.00965274561946435,0
126,9,61,1e-08,30,2.96915511237892,8.33269401405679,0.000511393838153745,0
126,9,61,1e-08,60,4.42632909495154,0.591820756751673,0.00188882742211014,0
126,9,61,1e-08,120,1.27004879601379,4.5686597343274,0.00965274561946435,0
126,9,41,1e-06,30,0.240391008565253,1.5167036740538,0.0175581569974071,0
126,9,41,1e-06,60,1.55965375016157,2.54868062894509,0.105439709753164,0
126,9,41,1e-06,120,0.215850136862344,1.10528192697058,0.70847130360818,1
126,9,61,1e-06,30,9.73914343219134,8.33269401405679,0.0175581569974071,0
126,9,61,1e-06,60,0.0421456184155211,0.591820756751673,0.105439709753164,1
126,9,61,1e-06,120,9.03181331060248,4.5686597343274,0.70847130360818,0
126,9,41,0.0001,30,0.189903857166963,1.5167036740538,1.68021537013102,1
126,9,41,0.0001,60,1.82828073636518,2.54868062894509,10.3200544534141,1
126,9,41,0.0001,120,0.442753483242248,1.10528192697058,70.0789037415827,1
126,9,61,0.0001,30,9.27490920210158,8.33269401405679,1.68021537013102,0
126,9,61,0.0001,60,0.00449248249736346,0.591820756751673,10.3200544534141,1
126,9,61,0.0001,120,7.51344598208256,4.5686597343274,70.0789037415827,1
126,10,41,1e-08,30,0.287914857161324,4.95562660544113,0.000511393838153745,0
126,10,41,1e-08,60,3.25074724538652,1.23015132174083,0.00188882742211014,0
126,10,41,1e-08,120,0.00914800859751719,1.04368633723042,0.00965274561946435,1
126,10,61,1e-08,30,1.2904644844775,0.210211151780349,0.000511393838153745,0
126,10,61,1e-08,60,2.47005255084533,1.31282006608491,0.00188882742211014,0
126,10,61,1e-08,120,0.120421152056891,2.77848829598878,0.00965274561946435,0
126,10,41,1e-06,30,4.13446753669735,4.95562660544113,0.0175581569974071,0
126,10,41,1e-06,60,0.533879602833349,1.23015132174083,0.105439709753164,0
126,10,41,1e-06,120,3.13783673344382,1.04368633723042,0.70847130360818,0
126,10,61,1e-06,30,0.0103908577142407,0.210211151780349,0.0175581569974071,1
126,10,61,1e-06,60,0.175373941335892,1.31282006608491,0.105439709753164,1
126,10,61,1e-06,120,9.82694456833571,2.77848829598878,0.70847130360818,0
126,10,41,0.0001,30,4.2194603535725,4.95562660544113,1.68021537013102,1
126,10,41,0.0001,60,0.585548617128145,1.23015132174083,10.3200544534141,1
126,10,41,0.0001,120,2.92190648269718,1.04368633723042,70.0789037415827,1
126,10,61,0.0001,30,0.000211910132245414,0.210211151780349,1.68021537013102,1
126,10,61,0.0001,60,0.0664483049890696,1.31282006608491,10.3200544534141,1
126,10,61,0.0001,120,8.06641383734615,2.77848829598878,70.0789037415827,1
126,11,41,1e-08,30,6.51441276762231e-05,5.21759122045175e-05,0.000511393838153745,1
126,11,41,1e-08,60,0.000441416368448337,0.000230592065796311,0.00188882742211014,1
126,11,41,1e-08,120,0.00107030835378158,0.00028687591454261,0.00965274561946435,1
126,11,61,1e-08,30,0.00151702606605856,9.42079034312861e-05,0.000511393838153745,1
126,11,61,1e-08,60,0.00283268305532229,0.0014869932597724,0.00188882742211014,1
126,11,61,1e-08,120,0.00695545151362696,0.00895748382089279,0.00965274561946435,1
126,11,41,1e-06,30,0.00240529009310503,5.21759122045175e-05,0.0175581569974071,1
126,11,41,1e-06,60,0.00984964056744409,0.000230592065796311,0.105439709753164,1
126,11,41,1e-06,120,0.0344016317054718,0.00028687591454261,0.70847130360818,1
126,11,61,1e-06,30,0.000720296861856797,9.42079034312861e-05,0.0175581569974071,1
126,11,61,1e-06,60,0.00118591997834329,0.0014869932597724,0.105439709753164,1
126,11,61,1e-06,120,0.00262793534733499,0.00895748382089279,0.70847130360818,1
126,11,41,0.0001,30,0.00274109565320657,5.21759122045175e-05,1.68021537013102,1
126,11,41,0.0001,60,0.0111205657710879,0.000230592065796311,10.3200544534141,1
126,11,41,0.0001,120,0.0389981718653128,0.00028687591454261,70.0789037415827,1
126,11,61,0.0001,30,0.000719423101696916,9.42079034312861e-05,1.68021537013102,1
126,11,61,0.0001,60,0.00118983043763872,0.0014869932597724,10.3200544534141,1
126,11,61,0.0001,120,0.00264876439646029,0.00895748382089279,70.0789037415827,1
126,12,41,1e-08,30,1.75518162863816e-05,2.15889355720235e-05,0.000511393838153745,1
126,12,41,1e-08,60,0.000227224469313986,2.06560191186404e-06,0.00188882742211014,1
126,12,41,1e-08,120,0.00175998349174839,0.000101815230800831,0.00965274561946435,1
126,12,61,1e-08,30,0.00152028955956171,9.37600084120714e-05,0.000511393838153745,1
126,12,61,1e-08,60,0.00273044223558397,0.00165750404809831,0.00188882742211014,1
126,12,61,1e-08,120,0.00701693311584195,0.00956159333758502,0.00965274561946435,1
126,12,41,1e-06,30,3.45813087154137e-05,2.15889355720235e-05,0.0175581569974071,1
126,12,41,1e-06,60,1.6204983992876e-05,2.06560191186404e-06,0.105439709753164,1
126,12,41,1e-06,120,2.29803789908855e-05,0.000101815230800831,0.70847130360818,1
126,12,61,1e-06,30,0.00152630330781532,9.37600084120714e-05,0.0175581569974071,1
126,12,61,1e-06,60,0.00323040412654906,0.00165750404809831,0.105439709753164,1
126,12,61,1e-06,120,0.00947937565912593,0.00956159333758502,0.70847130360818,1
126,12,41,0.0001,30,4.53456454179069e-05,2.15889355720235e-05,1.68021537013102,1
126,12,41,0.0001,60,3.15117562422187e-05,2.06560191186404e-06,10.3200544534141,1
126,12,41,0.0001,120,3.01532828517591e-06,0.000101815230800831,70.0789037415827,1
126,12,61,0.0001,30,0.00160967591266736,9.37600084120714e-05,1.68021537013102,1
126,12,61,0.0001,60,0.00346870092413266,0.00165750404809831,10.3200544534141,1
126,12,61,0.0001,120,0.0102887586393975,0.00956159333758502,70.0789037415827,1
126,13,41,1e-08,30,0.000856235218499107,1.90371821143446e-05,0.000511393838153745,1
126,13,41,1e-08,60,0.00245307165313122,4.84294095261196e-13,0.00188882742211014,1
126,13,41,1e-08,120,0.00817812400794922,6.98547681888006e-05,0.00965274561946435,1
126,13,61,1e-08,30,0.000116473577154021,1.53465328967086e-07,0.000511393838153745,1
126,13,61,1e-08,60,0.00130135674188306,6.41594607016212e-05,0.00188882742211014,1
126,13,61,1e-08,120,0.00915355358004862,0.00114576808791037,0.00965274561946435,1
126,13,41,1e-06,30,0.000975967688315549,1.90371821143446e-05,0.0175581569974071,1
126,13,41,1e-06,60,0.00289587146454331,4.84294095261196e-13,0.105439709753164,1
126,13,41,1e-06,120,0.00986633720976889,6.98547681888006e-05,0.70847130360818,1
126,13,61,1e-06,30,0.00313980537187696,1.53465328967086e-07,0.0175581569974071,1
126,13,61,1e-06,60,0.014727039738113,6.41594607016212e-05,0.105439709753164,1
126,13,61,1e-06,120,0.0681381938814408,0.00114576808791037,0.70847130360818,1
126,13,41,0.0001,30,0.00105330330793495,1.90371821143446e-05,1.68021537013102,1
126,13,41,0.0001,60,0.00315653143334006,4.84294095261196e-13,10.3200544534141,1
126,13,41,0.0001,120,0.0108181378884065,6.98547681888006e-05,70.0789037415827,1
126,13,61,0.0001,30,0.0036722485340696,1.53465328967086e-07,1.68021537013102,1
126,13,61,0.0001,60,0.0168992208874549,6.41594607016212e-05,10.3200544534141,1
126,13,61,0.0001,120,0.0771887712551694,0.00114576808791037,70.0789037415827,1
126,14,41,1e-08,30,0.000438095231248182,0.00194855633787906,0.000511393838153745,1
126,14,41,1e-08,60,0.000916422729838243,0.00573289761164325,0.00188882742211014,1
126,14,41,1e-08,120,0.00186769794025303,0.0177219162150071,0.00965274561946435,1
126,14,61,1e-08,30,2.74066923573641,0.00184865848860471,0.000511393838153745,0
126,14,61,1e-08,60,7.05769421791207,0.0108954808979661,0.00188882742211014,0
126,14,61,1e-08,120,2.24661639596108,0.0345013981764923,0.00965274561946435,0
126,14,41,1e-06,30,0.000997317215918124,0.00194855633787906,0.0175581569974071,1
126,14,41,1e-06,60,0.00256939723246618,0.00573289761164325,0.105439709753164,1
126,14,41,1e-06,120,0.006916900058789,0.0177219162150071,0.70847130360818,1
126,14,61,1e-06,30,5.55166612258014,0.00184865848860471,0.0175581569974071,0
126,14,61,1e-06,60,1.95448050399777,0.0108954808979661,0.105439709753164,0
126,14,61,1e-06,120,8.04676674670201,0.0345013981764923,0.70847130360818,0
126,14,41,0.0001,30,0.00107138682081768,0.00194855633787906,1.68021537013102,1
126,14,41,0.0001,60,0.00279800696344096,0.00573289761164325,10.3200544534141,1
126,14,41,0.0001,120,0.00765369093913815,0.0177219162150071,70.0789037415827,1
126,14,61,0.0001,30,5.02763134696364,0.00184865848860471,1.68021537013102,1
126,14,61,0.0001,60,2.58733923542903,0.0108954808979661,10.3200544534141,1
126,14,61,0.0001,120,9.25949178898582,0.0345013981764923,70.0789037415827,1
126,15,41,1e-08,30,0.0350149067595121,0.0209838242047238,0.000511393838153745,0
126,15,41,1e-08,60,0.143649855016663,0.0893609511555801,0.00188882742211014,0
126,15,41,1e-08,120,0.322885618679296,0.170175877045008,0.00965274561946435,0
126,15,61,1e-08,30,0.559865487384281,0.71406305320773,0.000511393838153745,0
126,15,61,1e-08,60,9.25678833680563,7.97458994080521,0.00188882742211014,0
126,15,61,1e-08,120,7.90023412622657,5.51592722808418,0.00965274561946435,0
126,15,41,1e-06,30,0.0307676332732266,0.0209838242047238,0.0175581569974071,1
126,15,41,1e-06,60,0.129669737994979,0.0893609511555801,0.105439709753164,1
126,15,41,1e-06,120,0.286136251840419,0.170175877045008,0.70847130360818,1
126,15,61,1e-06,30,0.424228798724145,0.71406305320773,0.0175581569974071,0
126,15,61,1e-06,60,9.43255665893101,7.97458994080521,0.105439709753164,0
126,15,61,1e-06,120,9.7670861084601,5.51592722808418,0.70847130360818,0
126,15,41,0.0001,30,0.0312033855995687,0.0209838242047238,1.68021537013102,1
126,15,41,0.0001,60,0.131411709550455,0.0893609511555801,10.3200544534141,1
126,15,41,0.0001,120,0.291247600616921,0.170175877045008,70.0789037415827,1
126,15,61,0.0001,30,0.41468764528288,0.71406305320773,1.68021537013102,1
126,15,61,0.0001,60,9.34602161347011,7.97458994080521,10.3200544534141,1
126,15,61,0.0001,120,9.7989184388495,5.51592722808418,70.0789037415827,1
126,16,41,1e-08,30,0.392272512406251,0.0371055129534657,0.000511393838153745,0
126,16,41,1e-08,60,8.23295396261516,1.40381212385653,0.00188882742211014,0
126,16,41,1e-08,120,1.16070922151175,3.205002905369,0.00965274561946435,0
126,16,61,1e-08,30,0.333478982746859,0.98951221774431,0.000511393838153745,0
126,16,61,1e-08,60,0.0363836516017681,7.08550147381018,0.00188882742211014,0
126,16,61,1e-08,120,8.93922383904928,4.51875687053474,0.00965274561946435,0
126,16,41,1e-06,30,0.40053423120111,0.0371055129534657,0.0175581569974071,0
126,16,41,1e-06,60,8.04084599186237,1.40381212385653,0.105439709753164,0
126,16,41,1e-06,120,1.41968678558004,3.205002905369,0.70847130360818,1
126,16,61,1e-06,30,3.69112575366181,0.98951221774431,0.0175581569974071,0
126,16,61,1e-06,60,4.92854066029031,7.08550147381018,0.105439709753164,0
126,16,61,1e-06,120,1.56622829251624,4.51875687053474,0.70847130360818,1
126,16,41,0.0001,30,0.390130173409669,0.0371055129534657,1.68021537013102,1
126,16,41,0.0001,60,7.94837619110793,1.40381212385653,10.3200544534141,1
126,16,41,0.0001,120,1.49821247052042,3.205002905369,70.0789037415827,1
126,16,61,0.0001,30,3.82480762525496,0.98951221774431,1.68021537013102,1
126,16,61,0.0001,60,5.19692735024394,7.08550147381018,10.3200544534141,1
126,16,61,0.0001,120,1.85358404415097,4.51875687053474,70.0789037415827,1
126,17,41,1e-08,30,7.04460749538705,1.70906626725514,0.000511393838153745,0
126,17,41,1e-08,60,0.300768271155826,8.46406815026081,0.00188882742211014,0
126,17,41,1e-08,120,5.57763369107903,8.19237946235441,0.00965274561946435,0
126,17,61,1e-08,30,7.58138900521805,2.7716251248633,0.000511393838153745,0
126,17,61,1e-08,60,8.40252514838944,0.861547651135515,0.00188882742211014,0
126,17,61,1e-08,120,5.11567043526242,1.36939163063454,0.00965274561946435,0
126,17,41,1e-06,30,6.05050348696704,1.70906626725514,0.0175581569974071,0
126,17,41,1e-06,60,2.78191416731319,8.46406815026081,0.105439709753164,0
126,17,41,1e-06,120,0.151342276690741,8.19237946235441,0.70847130360818,1
126,17,61,1e-06,30,7.73409155771805,2.7716251248633,0.0175581569974071,0
126,17,61,1e-06,60,2.80764137419057,0.861547651135515,0.105439709753164,0
126,17,61,1e-06,120,0.00808498748922178,1.36939163063454,0.70847130360818,1
126,17,41,0.0001,30,6.01901007629141,1.70906626725514,1.68021537013102,1
126,17,41,0.0001,60,2.79299326576999,8.46406815026081,10.3200544534141,1
126,17,41,0.0001,120,0.149120438098905,8.19237946235441,70.0789037415827,1
126,17,61,0.0001,30,7.7437578182109,2.7716251248633,1.68021537013102,0
126,17,61,0.0001,60,2.83496827698806,0.861547651135515,10.3200544534141,1
126,17,61,0.0001,120,0.0122867644199071,1.36939163063454,70.0789037415827,1
126,18,41,1e-08,30,0.558067196721306,0.323418826033167,0.000511393838153745,0
126,18,41,1e-08,60,0.00661912909837231,8.7003301388618,0.00188882742211014,1
126,18,41,1e-08,120,5.26661423665967,6.78472089296641,0.00965274561946435,0
126,18,61,1e-08,30,3.62464610014184,0.815020423807651,0.000511393838153745,0
126,18,61,1e-08,60,4.40304049005252,0.140868306988664,0.00188882742211014,0
126,18,61,1e-08,120,2.26014438575307,2.76738347409885,0.00965274561946435,0
126,18,41,1e-06,30,2.8409154871513,0.323418826033167,0.0175581569974071,0
126,18,41,1e-06,60,2.44188215590086,8.7003301388618,0.105439709753164,0
126,18,41,1e-06,120,0.870804500929039,6.78472089296641,0.70847130360818,1
126,18,61,1e-06,30,0.379634503937614,0.815020423807651,0.0175581569974071,0
126,18,61,1e-06,60,0.0429640061203676,0.140868306988664,0.105439709753164,1
126,18,61,1e-06,120,8.05464809553755,2.76738347409885,0.70847130360818,0
126,18,41,0.0001,30,2.80682581156977,0.323418826033167,1.68021537013102,1
126,18,41,0.0001,60,2.36703852485822,8.7003301388618,10.3200544534141,1
126,18,41,0.0001,120,0.970786064387529,6.78472089296641,70.0789037415827,1
126,18,61,0.0001,30,0.315803004790341,0.815020423807651,1.68021537013102,1
126,18,61,0.0001,60,0.0938902315920754,0.140868306988664,10.3200544534141,1
126,18,61,0.0001,120,9.16346196931258,2.76738347409885,70.0789037415827,1
126,19,41,1e-08,30,0.244307575044966,1.13170232185232,0.000511393838153745,0
126,19,41,1e-08,60,8.95582712862393,0.0181267407001094,0.00188882742211014,0
126,19,41,1e-08,120,0.0880687191708685,0.0779481860140848,0.00965274561946435,0
126,19,61,1e-08,30,4.91794674721072,2.75772687478517,0.000511393838153745,0
126,19,61,1e-08,60,4.10576190622682,7.08219565888371,0.00188882742211014,0
126,19,61,1e-08,120,3.15915490970092,6.59620550684223,0.00965274561946435,0
126,19,41,1e-06,30,0.201892112696776,1.13170232185232,0.0175581569974071,0
126,19,41,1e-06,60,1.16980699937733,0.0181267407001094,0.105439709753164,0
126,19,41,1e-06,120,4.58157491295692,0.0779481860140848,0.70847130360818,0
126,19,61,1e-06,30,0.117318355583971,2.75772687478517,0.0175581569974071,0
126,19,61,1e-06,60,0.942241363646417,7.08219565888371,0.105439709753164,0
126,19,61,1e-06,120,2.56845765477064,6.59620550684223,0.70847130360818,1
126,19,41,0.0001,30,0.329140868052714,1.13170232185232,1.68021537013102,1
126,19,41,0.0001,60,0.714766403501933,0.0181267407001094,10.3200544534141,1
126,19,41,0.0001,120,2.8251441693979,0.0779481860140848,70.0789037415827,1
126,19,61,0.0001,30,0.0649622513949137,2.75772687478517,1.68021537013102,1
126,19,61,0.0001,60,0.656525924235861,7.08219565888371,10.3200544534141,1
126,19,61,0.0001,120,3.64292297165458,6.59620550684223,70.0789037415827,1
126,20,41,1e-08,30,1.79881952623601,0.355270887347651,0.000511393838153745,0
126,20,41,1e-08,60,1.75639446146182,1.1565769616649,0.00188882742211014,0
126,20,41,1e-08,120,0.343426729984231,0.816586416299753,0.00965274561946435,0
126,20,61,1e-08,30,2.13047541477928,9.29622949733558,0.000511393838153745,0
126,20,61,1e-08,60,0.2885485684652,8.58459711937955,0.00188882742211014,0
126,20,61,1e-08,120,1.91516589445098,5.39791905112354,0.00965274561946435,0
126,20,41,1e-06,30,0.36580647325528,0.355270887347651,0.0175581569974071,0
126,20,41,1e-06,60,7.91855099628182,1.1565769616649,0.105439709753164,0
126,20,41,1e-06,120,5.79517026396415,0.816586416299753,0.70847130360818,0
126,20,61,1e-06,30,0.947990275364843,9.29622949733558,0.0175581569974071,0
126,20,61,1e-06,60,1.49407074192689,8.58459711937955,0.105439709753164,0
126,20,61,1e-06,120,0.0902190700344939,5.39791905112354,0.70847130360818,1
126,20,41,0.0001,30,0.284054099894259,0.355270887347651,1.68021537013102,1
126,20,41,0.0001,60,8.70133322624236,1.1565769616649,10.3200544534141,1
126,20,41,0.0001,120,7.13446780511791,0.816586416299753,70.0789037415827,1
126,20,61,0.0001,30,0.974379344673844,9.29622949733558,1.68021537013102,1
126,20,61,0.0001,60,1.42514937471096,8.58459711937955,10.3200544534141,1
126,20,61,0.0001,120,0.128898677971355,5.39791905112354,70.0789037415827,1
127,1,41,1e-08,30,8.62497698711183e-05,0.000465923047387568,0.000511393838153745,1
127,1,41,1e-08,60,0.000249007614031556,0.00185498532272434,0.00188882742211014,1
127,1,41,1e-08,120,5.36193000415572,5.0999722521908,0.00965274561946435,0
127,1,61,1e-08,30,9.06109422788482e-06,0.00108774355691511,0.000511393838153745,1
127,1,61,1e-08,60,3.12862501948484e-07,0.00412417426537821,0.00188882742211014,1
127,1,61,1e-08,120,0.00498825081318772,0.00406636948927809,0.00965274561946435,1
127,1,41,1e-06,30,8.3260399594303e-05,0.000465923047387568,0.0175581569974071,1
127,1,41,1e-06,60,0.000342654751982162,0.00185498532272434,0.105439709753164,1
127,1,41,1e-06,120,5.67217724992942,5.0999722521908,0.70847130360818,0
127,1,61,1e-06,30,8.9800426309542e-05,0.00108774355691511,0.0175581569974071,1
127,1,61,1e-06,60,0.000432774372085265,0.00412417426537821,0.105439709753164,1
127,1,61,1e-06,120,0.0113180381113603,0.00406636948927809,0.70847130360818,1
127,1,41,0.0001,30,0.000106193024155345,0.000465923047387568,1.68021537013102,1
127,1,41,0.0001,60,0.00042901446372655,0.00185498532272434,10.3200544534141,1
127,1,41,0.0001,120,5.69241348722448,5.0999722521908,70.0789037415827,1
127,1,61,0.0001,30,0.000102484474738408,0.00108774355691511,1.68021537013102,1
127,1,61,0.0001,60,0.000483570293732752,0.00412417426537821,10.3200544534141,1
127,1,61,0.0001,120,0.0118054675434463,0.00406636948927809,70.0789037415827,1
127,2,41,1e-08,30,0.0175504129619974,0.00144920908362697,0.000511393838153745,0
127,2,41,1e-08,60,0.153115934483444,0.00481119219142989,0.00188882742211014,0
127,2,41,1e-08,120,2.1792000479455,0.72503798039275,0.00965274561946435,0
127,2,61,1e-08,30,0.425363243302485,6.90273374516874,0.000511393838153745,0
127,2,61,1e-08,60,0.111304063514577,7.57612026235584,0.00188882742211014,0
127,2,61,1e-08,120,2.98432491722426,9.53030512461333,0.00965274561946435,0
127,2,41,1e-06,30,0.00120521431224321,0.00144920908362697,0.0175581569974071,1
127,2,41,1e-06,60,0.045996370506842,0.00481119219142989,0.105439709753164,1
127,2,41,1e-06,120,1.30242172847958,0.72503798039275,0.70847130360818,1
127,2,61,1e-06,30,2.87818358821951,6.90273374516874,0.0175581569974071,0
127,2,61,1e-06,60,2.82012650117903,7.57612026235584,0.105439709753164,0
127,2,61,1e-06,120,0.366596754659387,9.53030512461333,0.70847130360818,1
127,2,41,0.0001,30,0.00112569524997378,0.00144920908362697,1.68021537013102,1
127,2,41,0.0001,60,0.0451978663554799,0.00481119219142989,10.3200544534141,1
127,2,41,0.0001,120,1.2949468612935,0.72503798039275,70.0789037415827,1
127,2,61,0.0001,30,3.24094251959025,6.90273374516874,1.68021537013102,1
127,2,61,0.0001,60,3.52213723111763,7.57612026235584,10.3200544534141,1
127,2,61,0.0001,120,0.0487156325328322,9.53030512461333,70.0789037415827,1
127,3,41,1e-08,30,0.0162066288942445,0.000791222543075732,0.000511393838153745,0
127,3,41,1e-08,60,0.0536927807469205,0.00314945281172855,0.00188882742211014,0
127,3,41,1e-08,120,1.46057446623727,0.774583625022746,0.00965274561946435,0
127,3,61,1e-08,30,0.0566838611089573,3.46097531549801,0.000511393838153745,0
127,3,61,1e-08,60,0.747368593465137,2.30729807072826,0.00188882742211014,0
127,3,61,1e-08,120,2.18418272200825,7.27332116482354,0.00965274561946435,0
127,3,41,1e-06,30,0.00537672764274029,0.000791222543075732,0.0175581569974071,1
127,3,41,1e-06,60,0.021471421861046,0.00314945281172855,0.105439709753164,1
127,3,41,1e-06,120,1.12560064154848,0.774583625022746,0.70847130360818,1
127,3,61,1e-06,30,1.30451779494937,3.46097531549801,0.0175581569974071,0
127,3,61,1e-06,60,8.65436162458397,2.30729807072826,0.105439709753164,0
127,3,61,1e-06,120,0.0182822686418621,7.27332116482354,0.70847130360818,1
127,3,41,0.0001,30,0.00587588687476082,0.000791222543075732,1.68021537013102,1
127,3,41,0.0001,60,0.023461646773652,0.00314945281172855,10.3200544534141,1
127,3,41,0.0001,120,1.15392478842458,0.774583625022746,70.0789037415827,1
127,3,61,0.0001,30,1.60038093730573,3.46097531549801,1.68021537013102,1
127,3,61,0.0001,60,7.34110087721591,2.30729807072826,10.3200544534141,1
127,3,61,0.0001,120,0.0999341886606421,7.27332116482354,70.0789037415827,1
127,4,41,1e-08,30,3.57460579189395,2.56016488551883,0.000511393838153745,0
127,4,41,1e-08,60,1.17923811942224,0.308494606126817,0.00188882742211014,0
127,4,41,1e-08,120,0.128766932018378,1.56778188374142,0.00965274561946435,0
127,4,61,1e-08,30,1.11164793084273,7.98078650762773,0.000511393838153745,0
127,4,61,1e-08,60,0.543301193286712,4.89299872718226,0.00188882742211014,0
127,4,61,1e-08,120,7.28120395960071,6.35377218828743,0.00965274561946435,0
127,4,41,1e-06,30,1.45085067157719,2.56016488551883,0.0175581569974071,0
127,4,41,1e-06,60,0.015814957477734,0.308494606126817,0.105439709753164,1
127,4,41,1e-06,120,6.87276190595034,1.56778188374142,0.70847130360818,0
127,4,61,1e-06,30,1.48010636199594,7.98078650762773,0.0175581569974071,0
127,4,61,1e-06,60,0.729830344445108,4.89299872718226,0.105439709753164,0
127,4,61,1e-06,120,7.13549381821021,6.35377218828743,0.70847130360818,0
127,4,41,0.0001,30,1.28690024458533,2.56016488551883,1.68021537013102,1
127,4,41,0.0001,60,0.0670322584915266,0.308494606126817,10.3200544534141,1
127,4,41,0.0001,120,8.29928297714971,1.56778188374142,70.0789037415827,1
127,4,61,0.0001,30,1.4608774339006,7.98078650762773,1.68021537013102,1
127,4,61,0.0001,60,0.702999312696918,4.89299872718226,10.3200544534141,1
127,4,61,0.0001,120,7.30582493729832,6.35377218828743,70.0789037415827,1
127,5,41,1e-08,30,9.02126599174224,8.13904360553412,0.000511393838153745,0
127,5,41,1e-08,60,2.46164480997377,2.99916574484203,0.00188882742211014,0
127,5,41,1e-08,120,0.536966549654438,0.00325397386781675,0.00965274561946435,0
127,5,61,1e-08,30,9.6915560968828,4.49747857363046,0.000511393838153745,0
127,5,61,1e-08,60,3.71074114597988,3.71788577805492,0.00188882742211014,0
127,5,61,1e-08,120,7.42005178314682,2.65087486293576,0.00965274561946435,0
127,5,41,1e-06,30,0.917290046763163,8.13904360553412,0.0175581569974071,0
127,5,41,1e-06,60,4.30170158315694,2.99916574484203,0.105439709753164,0
127,5,41,1e-06,120,1.65654274193023,0.00325397386781675,0.70847130360818,1
127,5,61,1e-06,30,2.08286209288676,4.49747857363046,0.0175581569974071,0
127,5,61,1e-06,60,1.20205645620964,3.71788577805492,0.105439709753164,0
127,5,61,1e-06,120,9.02599933027062,2.65087486293576,0.70847130360818,0
127,5,41,0.0001,30,0.727126742108304,8.13904360553412,1.68021537013102,1
127,5,41,0.0001,60,5.14709843835771,2.99916574484203,10.3200544534141,1
127,5,41,0.0001,120,2.7589175883993,0.00325397386781675,70.0789037415827,1
127,5,61,0.0001,30,1.84778165631279,4.49747857363046,1.68021537013102,1
127,5,61,0.0001,60,1.56597181772131,3.71788577805492,10.3200544534141,1
127,5,61,0.0001,120,8.88995995512057,2.65087486293576,70.0789037415827,1
127,6,41,1e-08,30,3.48193992283542,1.77931315732827,0.000511393838153745,0
127,6,41,1e-08,60,0.0452908208019838,0.00441570637148631,0.00188882742211014,0
127,6,41,1e-08,120,1.64040153875747,0.91835572173524,0.00965274561946435,0
127,6,61,1e-08,30,0.259141829989048,6.53864250245855,0.000511393838153745,0
127,6,61,1e-08,60,6.72483646226523,6.12661550756007,0.00188882742211014,0
127,6,61,1e-08,120,9.49912071680096,8.28800570291345,0.00965274561946435,0
127,6,41,1e-06,30,1.53834544075851,1.77931315732827,0.0175581569974071,0
127,6,41,1e-06,60,1.15901431482441,0.00441570637148631,0.105439709753164,0
127,6,41,1e-06,120,1.78490431347838,0.91835572173524,0.70847130360818,1
127,6,61,1e-06,30,0.700174659582294,6.53864250245855,0.0175581569974071,0
127,6,61,1e-06,60,3.87262649076514,6.12661550756007,0.105439709753164,0
127,6,61,1e-06,120,3.46512184512546,8.28800570291345,0.70847130360818,0
127,6,41,0.0001,30,1.33533941215368,1.77931315732827,1.68021537013102,1
127,6,41,0.0001,60,1.53232195032924,0.00441570637148631,10.3200544534141,1
127,6,41,0.0001,120,2.72389845956249,0.91835572173524,70.0789037415827,1
127,6,61,0.0001,30,0.741011304634184,6.53864250245855,1.68021537013102,1
127,6,61,0.0001,60,3.69624040419086,6.12661550756007,10.3200544534141,1
127,6,61,0.0001,120,3.14558930216182,8.28800570291345,70.0789037415827,1
127,7,41,1e-08,30,1.51469383985992,0.80699730842096,0.000511393838153745,0
127,7,41,1e-08,60,2.30405438672811,5.00142996972196,0.00188882742211014,0
127,7,41,1e-08,120,6.11171121291785,9.54442287316061,0.00965274561946435,0
127,7,61,1e-08,30,9.03101753320378,6.75468150075043e-05,0.000511393838153745,0
127,7,61,1e-08,60,7.59450814789529,9.07851620650796,0.00188882742211014,0
127,7,61,1e-08,120,0.00114520220540727,0.231817032322744,0.00965274561946435,1
127,7,41,1e-06,30,0.165637978061666,0.80699730842096,0.0175581569974071,0
127,7,41,1e-06,60,0.152278590433639,5.00142996972196,0.105439709753164,1
127,7,41,1e-06,120,4.3074343235641,9.54442287316061,0.70847130360818,0
127,7,61,1e-06,30,8.91149100292641,6.75468150075043e-05,0.0175581569974071,0
127,7,61,1e-06,60,7.37311185852803,9.07851620650796,0.105439709753164,0
127,7,61,1e-06,120,0.0133016585630473,0.231817032322744,0.70847130360818,1
127,7,41,0.0001,30,0.228832150593434,0.80699730842096,1.68021537013102,1
127,7,41,0.0001,60,0.2674579115619,5.00142996972196,10.3200544534141,1
127,7,41,0.0001,120,5.3522086494308,9.54442287316061,70.0789037415827,1
127,7,61,0.0001,30,8.77536273222378,6.75468150075043e-05,1.68021537013102,0
127,7,61,0.0001,60,7.13392241625622,9.07851620650796,10.3200544534141,1
127,7,61,0.0001,120,0.0411188233654844,0.231817032322744,70.0789037415827,1
127,8,41,1e-08,30,6.34034350573852,1.88471405682689,0.000511393838153745,0
127,8,41,1e-08,60,2.23677687728925,0.531677167545777,0.00188882742211014,0
127,8,41,1e-08,120,1.88951436928823,9.05611053399125,0.00965274561946435,0
127,8,61,1e-08,30,0.968659559946668,0.321207163089288,0.000511393838153745,0
127,8,61,1e-08,60,0.0008384034978802,9.70749946360016,0.00188882742211014,1
127,8,61,1e-08,120,7.72498210664086,7.99877570356753,0.00965274561946435,0
127,8,41,1e-06,30,7.32398506761021,1.88471405682689,0.0175581569974071,0
127,8,41,1e-06,60,3.76160520467946,0.531677167545777,0.105439709753164,0
127,8,41,1e-06,120,5.42764854095661,9.05611053399125,0.70847130360818,0
127,8,61,1e-06,30,0.636232048918722,0.321207163089288,0.0175581569974071,0
127,8,61,1e-06,60,0.153486046627418,9.70749946360016,0.105439709753164,1
127,8,61,1e-06,120,6.83687897920545,7.99877570356753,0.70847130360818,0
127,8,41,0.0001,30,7.23741143769382,1.88471405682689,1.68021537013102,0
127,8,41,0.0001,60,3.63147596405066,0.531677167545777,10.3200544534141,1
127,8,41,0.0001,120,5.10890408225579,9.05611053399125,70.0789037415827,1
127,8,61,0.0001,30,0.525917730698485,0.321207163089288,1.68021537013102,1
127,8,61,0.0001,60,0.282850506575244,9.70749946360016,10.3200544534141,1
127,8,61,0.0001,120,5.4729333186852,7.99877570356753,70.0789037415827,1
127,9,41,1e-08,30,2.00785885191714,2.20574929198524,0.000511393838153745,0
127,9,41,1e-08,60,0.726154728608331,0.722086156521598,0.00188882742211014,0
127,9,41,1e-08,120,0.00207819026836611,0.0305514335391243,0.00965274561946435,1
127,9,61,1e-08,30,2.83444970729702,0.0656556396243207,0.000511393838153745,0
127,9,61,1e-08,60,1.29434844128668,9.30054600933652,0.00188882742211014,0
127,9,61,1e-08,120,0.0646448754839437,7.04137193433636,0.00965274561946435,0
127,9,41,1e-06,30,4.63047536665247,2.20574929198524,0.0175581569974071,0
127,9,41,1e-06,60,0.240572793144818,0.722086156521598,0.105439709753164,1
127,9,41,1e-06,120,6.31301643289786,0.0305514335391243,0.70847130360818,0
127,9,61,1e-06,30,7.60639939652603,0.0656556396243207,0.0175581569974071,0
127,9,61,1e-06,60,3.08083385268241,9.30054600933652,0.105439709753164,0
127,9,61,1e-06,120,0.00249228429762256,7.04137193433636,0.70847130360818,1
127,9,41,0.0001,30,4.8471519915628,2.20574929198524,1.68021537013102,1
127,9,41,0.0001,60,0.340137398584974,0.722086156521598,10.3200544534141,1
127,9,41,0.0001,120,7.24267703600895,0.0305514335391243,70.0789037415827,1
127,9,61,0.0001,30,7.24700339371453,0.0656556396243207,1.68021537013102,0
127,9,61,0.0001,60,2.68280628248029,9.30054600933652,10.3200544534141,1
127,9,61,0.0001,120,0.0289332126417435,7.04137193433636,70.0789037415827,1
127,10,41,1e-08,30,0.0833985104352504,0.282103650048888,0.000511393838153745,0
127,10,41,1e-08,60,0.104281449811497,0.935589801909236,0.00188882742211014,0
127,10,41,1e-08,120,1.42786942061905,0.0641963942714896,0.00965274561946435,0
127,10,61,1e-08,30,0.198931656327809,6.74929248015094,0.000511393838153745,0
127,10,61,1e-08,60,0.376989634814147,0.92908568375927,0.00188882742211014,0
127,10,61,1e-08,120,1.65619144033348,5.02628346070876,0.00965274561946435,0
127,10,41,1e-06,30,0.0293276738393603,0.282103650048888,0.0175581569974071,1
127,10,41,1e-06,60,0.193278579628931,0.935589801909236,0.105439709753164,1
127,10,41,1e-06,120,6.56658744387356,0.0641963942714896,0.70847130360818,0
127,10,61,1e-06,30,3.0914201046874,6.74929248015094,0.0175581569974071,0
127,10,61,1e-06,60,8.25416289690556,0.92908568375927,0.105439709753164,0
127,10,61,1e-06,120,7.11687051706911,5.02628346070876,0.70847130360818,0
127,10,41,0.0001,30,0.0283194976940322,0.282103650048888,1.68021537013102,1
127,10,41,0.0001,60,0.186276315046549,0.935589801909236,10.3200544534141,1
127,10,41,0.0001,120,6.47377946154009,0.0641963942714896,70.0789037415827,1
127,10,61,0.0001,30,3.3743499163226,6.74929248015094,1.68021537013102,1
127,10,61,0.0001,60,7.46678979903497,0.92908568375927,10.3200544534141,1
127,10,61,0.0001,120,8.5951113626927,5.02628346070876,70.0789037415827,1
127,11,41,1e-08,30,0.0103494781849212,0.00272020703279375,0.000511393838153745,0
127,11,41,1e-08,60,0.0642894997540614,0.00394346011885669,0.00188882742211014,0
127,11,41,1e-08,120,1.49945136617066,0.340174380294482,0.00965274561946435,0
127,11,61,1e-08,30,0.00116823943102523,5.26156879530776e-05,0.000511393838153745,1
127,11,61,1e-08,60,0.00941201552334993,0.000459311915289154,0.00188882742211014,0
127,11,61,1e-08,120,0.746166390590376,1.07476652358349,0.00965274561946435,0
127,11,41,1e-06,30,0.0150113302607811,0.00272020703279375,0.0175581569974071,1
127,11,41,1e-06,60,0.0822145905546307,0.00394346011885669,0.105439709753164,1
127,11,41,1e-06,120,1.64474354587138,0.340174380294482,0.70847130360818,1
127,11,61,1e-06,30,1.7262873178831e-05,5.26156879530776e-05,0.0175581569974071,1
127,11,61,1e-06,60,3.71554290872763e-06,0.000459311915289154,0.105439709753164,1
127,11,61,1e-06,120,1.17499058301205,1.07476652358349,0.70847130360818,1
127,11,41,0.0001,30,0.0154460092574489,0.00272020703279375,1.68021537013102,1
127,11,41,0.0001,60,0.0841464967022714,0.00394346011885669,10.3200544534141,1
127,11,41,0.0001,120,1.66152341214862,0.340174380294482,70.0789037415827,1
127,11,61,0.0001,30,3.56381080057813e-05,5.26156879530776e-05,1.68021537013102,1
127,11,61,0.0001,60,2.52053133817133e-05,0.000459311915289154,10.3200544534141,1
127,11,61,0.0001,120,1.18726904464691,1.07476652358349,70.0789037415827,1
127,12,41,1e-08,30,0.00491845334176218,0.00432896896670025,0.000511393838153745,0
127,12,41,1e-08,60,0.0450793926946542,0.00302593551228544,0.00188882742211014,0
127,12,41,1e-08,120,1.1761945711166,0.307354324064832,0.00965274561946435,0
127,12,61,1e-08,30,0.00505004494973785,0.0015665211897409,0.000511393838153745,0
127,12,61,1e-08,60,0.0141980188388443,0.00131622766966552,0.00188882742211014,0
127,12,61,1e-08,120,0.758524250748184,1.11638455990762,0.00965274561946435,0
127,12,41,1e-06,30,0.00293240129094972,0.00432896896670025,0.0175581569974071,1
127,12,41,1e-06,60,0.0342004417050198,0.00302593551228544,0.105439709753164,1
127,12,41,1e-06,120,1.06983588011598,0.307354324064832,0.70847130360818,1
127,12,61,1e-06,30,0.00351197399794335,0.0015665211897409,0.0175581569974071,1
127,12,61,1e-06,60,0.00571218769583926,0.00131622766966552,0.105439709753164,1
127,12,61,1e-06,120,0.956598882688763,1.11638455990762,0.70847130360818,1
127,12,41,0.0001,30,0.00320480346222275,0.00432896896670025,1.68021537013102,1
127,12,41,0.0001,60,0.0360256123889376,0.00302593551228544,10.3200544534141,1
127,12,41,0.0001,120,1.08998115981064,0.307354324064832,70.0789037415827,1
127,12,61,0.0001,30,0.00405567516892567,0.0015665211897409,1.68021537013102,1
127,12,61,0.0001,60,0.00713854790008513,0.00131622766966552,10.3200544534141,1
127,12,61,0.0001,120,0.921927471156816,1.11638455990762,70.0789037415827,1
127,13,41,1e-08,30,0.0416764149220036,0.00146503060555552,0.000511393838153745,0
127,13,41,1e-08,60,0.10748821051203,0.000802439275396761,0.00188882742211014,0
127,13,41,1e-08,120,0.61554798982686,0.0403496516951864,0.00965274561946435,0
127,13,61,1e-08,30,0.00359753887119499,0.0784917773431077,0.000511393838153745,0
127,13,61,1e-08,60,0.00753826392040294,0.287003164713271,0.00188882742211014,0
127,13,61,1e-08,120,0.0385803228258788,0.503991107597078,0.00965274561946435,0
127,13,41,1e-06,30,0.00394265163953484,0.00146503060555552,0.0175581569974071,1
127,13,41,1e-06,60,0.0302503697462031,0.000802439275396761,0.105439709753164,1
127,13,41,1e-06,120,0.366631213173241,0.0403496516951864,0.70847130360818,1
127,13,61,1e-06,30,0.00174454207955393,0.0784917773431077,0.0175581569974071,1
127,13,61,1e-06,60,0.00345058704486017,0.287003164713271,0.105439709753164,1
127,13,61,1e-06,120,0.0596529999991504,0.503991107597078,0.70847130360818,1
127,13,41,0.0001,30,0.00344259865374922,0.00146503060555552,1.68021537013102,1
127,13,41,0.0001,60,0.0274137720168242,0.000802439275396761,10.3200544534141,1
127,13,41,0.0001,120,0.346530824544728,0.0403496516951864,70.0789037415827,1
127,13,61,0.0001,30,0.00166967727526563,0.0784917773431077,1.68021537013102,1
127,13,61,0.0001,60,0.00326274531993358,0.287003164713271,10.3200544534141,1
127,13,61,0.0001,120,0.0611530019431748,0.503991107597078,70.0789037415827,1
127,14,41,1e-08,30,0.00457336451945574,0.0001174414157636,0.000511393838153745,0
127,14,41,1e-08,60,0.0215593496592932,8.93702671811169e-05,0.00188882742211014,0
127,14,41,1e-08,120,0.0934987652726385,3.78318513378887e-05,0.00965274561946435,0
127,14,61,1e-08,30,2.32972244424122e-07,0.00243651198267649,0.000511393838153745,1
127,14,61,1e-08,60,2.12422281103158e-05,0.00770630612301132,0.00188882742211014,1
127,14,61,1e-08,120,0.000988823245387824,0.0218984368105841,0.00965274561946435,1
127,14,41,1e-06,30,0.000693716573435214,0.0001174414157636,0.0175581569974071,1
127,14,41,1e-06,60,0.00424203156309771,8.93702671811169e-05,0.105439709753164,1
127,14,41,1e-06,120,0.0205210086979982,3.78318513378887e-05,0.70847130360818,1
127,14,61,1e-06,30,0.000388539032103277,0.00243651198267649,0.0175581569974071,1
127,14,61,1e-06,60,0.000830579724199871,0.00770630612301132,0.105439709753164,1
127,14,61,1e-06,120,0.000923134272404071,0.0218984368105841,0.70847130360818,1
127,14,41,0.0001,30,0.00114413003339729,0.0001174414157636,1.68021537013102,1
127,14,41,0.0001,60,0.00637984305619937,8.93702671811169e-05,10.3200544534141,1
127,14,41,0.0001,120,0.0297589041560702,3.78318513378887e-05,70.0789037415827,1
127,14,61,0.0001,30,0.000516065177075303,0.00243651198267649,1.68021537013102,1
127,14,61,0.0001,60,0.00119033835889335,0.00770630612301132,10.3200544534141,1
127,14,61,0.0001,120,0.00171530801217216,0.0218984368105841,70.0789037415827,1
127,15,41,1e-08,30,0.00693662815339179,0.000124512065731453,0.000511393838153745,0
127,15,41,1e-08,60,0.0265884772289884,0.000339715430834735,0.00188882742211014,0
127,15,41,1e-08,120,3.82271920575096,2.77405112309265,0.00965274561946435,0
127,15,61,1e-08,30,0.000167314837723259,0.000293472523298039,0.000511393838153745,1
127,15,61,1e-08,60,0.000503205838019452,0.00109503703123737,0.00188882742211014,1
127,15,61,1e-08,120,0.000185598792821128,9.92371493998107e-05,0.00965274561946435,1
127,15,41,1e-06,30,0.000297241276202494,0.000124512065731453,0.0175581569974071,1
127,15,41,1e-06,60,0.000944388513819932,0.000339715430834735,0.105439709753164,1
127,15,41,1e-06,120,2.85705499322233,2.77405112309265,0.70847130360818,0
127,15,61,1e-06,30,9.40564468462382e-07,0.000293472523298039,0.0175581569974071,1
127,15,61,1e-06,60,1.16864845862536e-05,0.00109503703123737,0.105439709753164,1
127,15,61,1e-06,120,0.00401527066829503,9.92371493998107e-05,0.70847130360818,1
127,15,41,0.0001,30,0.000679307365070479,0.000124512065731453,1.68021537013102,1
127,15,41,0.0001,60,0.00232752487156207,0.000339715430834735,10.3200544534141,1
127,15,41,0.0001,120,2.9762371012411,2.77405112309265,70.0789037415827,1
127,15,61,0.0001,30,1.37301454982501e-05,0.000293472523298039,1.68021537013102,1
127,15,61,0.0001,60,7.370107466398e-05,0.00109503703123737,10.3200544534141,1
127,15,61,0.0001,120,0.00538669745218105,9.92371493998107e-05,70.0789037415827,1
127,16,41,1e-08,30,0.00106026788443097,0.0369860665478987,0.000511393838153745,1
127,16,41,1e-08,60,0.498913604561395,0.0342687389328926,0.00188882742211014,0
127,16,41,1e-08,120,0.0775165732772561,0.698032244473749,0.00965274561946435,0
127,16,61,1e-08,30,3.07248948419638,0.00696589299323203,0.000511393838153745,0
127,16,61,1e-08,60,0.310685541778268,8.95194747342515,0.00188882742211014,0
127,16,61,1e-08,120,4.83925398216017,4.66357161394556,0.00965274561946435,0
127,16,41,1e-06,30,0.662947977639985,0.0369860665478987,0.0175581569974071,0
127,16,41,1e-06,60,4.87145074797846,0.0342687389328926,0.105439709753164,0
127,16,41,1e-06,120,9.3984042284161,0.698032244473749,0.70847130360818,0
127,16,61,1e-06,30,8.46255426816342,0.00696589299323203,0.0175581569974071,0
127,16,61,1e-06,60,5.49963703534125,8.95194747342515,0.105439709753164,0
127,16,61,1e-06,120,0.724193404385713,4.66357161394556,0.70847130360818,1
127,16,41,0.0001,30,0.803811849881015,0.0369860665478987,1.68021537013102,1
127,16,41,0.0001,60,5.58358991579927,0.0342687389328926,10.3200544534141,1
127,16,41,0.0001,120,7.63352295866219,0.698032244473749,70.0789037415827,1
127,16,61,0.0001,30,7.90019332084403,0.00696589299323203,1.68021537013102,0
127,16,61,0.0001,60,4.67931043335716,8.95194747342515,10.3200544534141,1
127,16,61,0.0001,120,0.251758715367715,4.66357161394556,70.0789037415827,1
127,17,41,1e-08,30,5.30435756911054e-06,7.1825151933628e-05,0.000511393838153745,1
127,17,41,1e-08,60,4.09212262192579e-05,1.3450436652227e-05,0.00188882742211014,1
127,17,41,1e-08,120,0.040917324306431,0.0340146668280442,0.00965274561946435,0
127,17,61,1e-08,30,0.000353608114621985,0.0836578504421652,0.000511393838153745,1
127,17,61,1e-08,60,0.000857323538172854,0.26721013033579,0.00188882742211014,1
127,17,61,1e-08,120,0.191001437912153,0.436537583672836,0.00965274561946435,0
127,17,41,1e-06,30,0.000307869756472027,7.1825151933628e-05,0.0175581569974071,1
127,17,41,1e-06,60,0.000481270078529259,1.3450436652227e-05,0.105439709753164,1
127,17,41,1e-06,120,0.021833606411762,0.0340146668280442,0.70847130360818,1
127,17,61,1e-06,30,9.38800839478171e-05,0.0836578504421652,0.0175581569974071,1
127,17,61,1e-06,60,0.00181222124091943,0.26721013033579,0.105439709753164,1
127,17,61,1e-06,120,0.210384435466064,0.436537583672836,0.70847130360818,1
127,17,41,0.0001,30,0.000341815371504919,7.1825151933628e-05,1.68021537013102,1
127,17,41,0.0001,60,0.000561471880768024,1.3450436652227e-05,10.3200544534141,1
127,17,41,0.0001,120,0.0208436983323958,0.0340146668280442,70.0789037415827,1
127,17,61,0.0001,30,3.51927806126857e-05,0.0836578504421652,1.68021537013102,1
127,17,61,0.0001,60,0.00246903399820911,0.26721013033579,10.3200544534141,1
127,17,61,0.0001,120,0.223275844354093,0.436537583672836,70.0789037415827,1
127,18,41,1e-08,30,0.000114561369448908,8.38638279095695e-07,0.000511393838153745,1
127,18,41,1e-08,60,0.000698248756988728,6.04652355329214e-05,0.00188882742211014,1
127,18,41,1e-08,120,0.0426058226018216,0.0289141225645786,0.00965274561946435,0
127,18,61,1e-08,30,9.50346808436908e-05,0.0696027580681655,0.000511393838153745,1
127,18,61,1e-08,60,0.00219747551785476,0.252626811533968,0.00188882742211014,1
127,18,61,1e-08,120,0.207784725464708,0.416687834660795,0.00965274561946435,0
127,18,41,1e-06,30,1.03917042187336e-05,8.38638279095695e-07,0.0175581569974071,1
127,18,41,1e-06,60,0.000151934692098047,6.04652355329214e-05,0.105439709753164,1
127,18,41,1e-06,120,0.0320684148253649,0.0289141225645786,0.70847130360818,1
127,18,61,1e-06,30,3.38138251827792e-06,0.0696027580681655,0.0175581569974071,1
127,18,61,1e-06,60,0.000839059698728058,0.252626811533968,0.105439709753164,1
127,18,61,1e-06,120,0.174658299264026,0.416687834660795,0.70847130360818,1
127,18,41,0.0001,30,7.20795009662145e-06,8.38638279095695e-07,1.68021537013102,1
127,18,41,0.0001,60,0.000127988898863252,6.04652355329214e-05,10.3200544534141,1
127,18,41,0.0001,120,0.0313698598548849,0.0289141225645786,70.0789037415827,1
127,18,61,0.0001,30,2.41471726889122e-05,0.0696027580681655,1.68021537013102,1
127,18,61,0.0001,60,0.00121506364812759,0.252626811533968,10.3200544534141,1
127,18,61,0.0001,120,0.184422890776626,0.416687834660795,70.0789037415827,1
127,19,41,1e-08,30,0.00534408964088867,0.00115863820172288,0.000511393838153745,0
127,19,41,1e-08,60,0.0162853435492117,0.00183203679435675,0.00188882742211014,0
127,19,41,1e-08,120,0.231841350764487,0.093142675887748,0.00965274561946435,0
127,19,61,1e-08,30,0.000242635229926019,0.0995410837513753,0.000511393838153745,1
127,19,61,1e-08,60,0.499369645915655,0.00504098889801601,0.00188882742211014,0
127,19,61,1e-08,120,1.98344087180654,0.0688954869807597,0.00965274561946435,0
127,19,41,1e-06,30,0.011288926929297,0.00115863820172288,0.0175581569974071,1
127,19,41,1e-06,60,0.0351714314552021,0.00183203679435675,0.105439709753164,1
127,19,41,1e-06,120,0.354008599553927,0.093142675887748,0.70847130360818,1
127,19,61,1e-06,30,0.0446993286272611,0.0995410837513753,0.0175581569974071,1
127,19,61,1e-06,60,0.965421380187694,0.00504098889801601,0.105439709753164,0
127,19,61,1e-06,120,3.40162351380248,0.0688954869807597,0.70847130360818,0
127,19,41,0.0001,30,0.0118625280305025,0.00115863820172288,1.68021537013102,1
127,19,41,0.0001,60,0.0370788323255884,0.00183203679435675,10.3200544534141,1
127,19,41,0.0001,120,0.365672946091207,0.093142675887748,70.0789037415827,1
127,19,61,0.0001,30,0.03736117997857,0.0995410837513753,1.68021537013102,1
127,19,61,0.0001,60,0.896010257210701,0.00504098889801601,10.3200544534141,1
127,19,61,0.0001,120,3.14236377977355,0.0688954869807597,70.0789037415827,1
127,20,41,1e-08,30,0.000408330049058306,7.47642435416319e-05,0.000511393838153745,1
127,20,41,1e-08,60,0.000884174613679318,0.000775725643530988,0.00188882742211014,1
127,20,41,1e-08,120,7.68346152898244,7.05886574468285,0.00965274561946435,0
127,20,61,1e-08,30,0.000269637261342178,0.00330605351706295,0.000511393838153745,1
127,20,61,1e-08,60,0.0111083151810639,0.00388349745639463,0.00188882742211014,0
127,20,61,1e-08,120,0.082610753438859,0.00460802026214149,0.00965274561946435,0
127,20,41,1e-06,30,4.1820716314142e-05,7.47642435416319e-05,0.0175581569974071,1
127,20,41,1e-06,60,4.75019164047846e-06,0.000775725643530988,0.105439709753164,1
127,20,41,1e-06,120,7.38056530401125,7.05886574468285,0.70847130360818,0
127,20,61,1e-06,30,0.00359711803534572,0.00330605351706295,0.0175581569974071,1
127,20,61,1e-06,60,0.0298548352700346,0.00388349745639463,0.105439709753164,1
127,20,61,1e-06,120,0.161989148295939,0.00460802026214149,0.70847130360818,1
127,20,41,0.0001,30,1.88901817629992e-05,7.47642435416319e-05,1.68021537013102,1
127,20,41,0.0001,60,3.49017878182509e-06,0.000775725643530988,10.3200544534141,1
127,20,41,0.0001,120,7.33769343540462,7.05886574468285,70.0789037415827,1
127,20,61,0.0001,30,0.003511554342711,0.00330605351706295,1.68021537013102,1
127,20,61,0.0001,60,0.0293084100205,0.00388349745639463,10.3200544534141,1
127,20,61,0.0001,120,0.159319441367402,0.00460802026214149,70.0789037415827,1
128,1,41,1e-08,30,0.204048908847869,0.316799861103597,0.000511393838153745,0
128,1,41,1e-08,60,1.41177489168939,2.03612392174281,0.00188882742211014,0
128,1,41,1e-08,120,1.60821105996107,3.10509845687441,0.00965274561946435,0
128,1,61,1e-08,30,0.00395080830802151,0.401293239002421,0.000511393838153745,0
128,1,61,1e-08,60,0.417178841484405,3.28529739001139,0.00188882742211014,0
128,1,61,1e-08,120,5.89003419554288,2.24266805881191,0.00965274561946435,0
128,1,41,1e-06,30,0.140052590909786,0.316799861103597,0.0175581569974071,0
128,1,41,1e-06,60,1.10071937935486,2.03612392174281,0.105439709753164,0
128,1,41,1e-06,120,1.01209087832605,3.10509845687441,0.70847130360818,1
128,1,61,1e-06,30,0.0421157865514731,0.401293239002421,0.0175581569974071,1
128,1,61,1e-06,60,0.917086625867022,3.28529739001139,0.105439709753164,0
128,1,61,1e-06,120,9.47079240923299,2.24266805881191,0.70847130360818,0
128,1,41,0.0001,30,0.137659059139724,0.316799861103597,1.68021537013102,1
128,1,41,0.0001,60,1.08841556005078,2.03612392174281,10.3200544534141,1
128,1,41,0.0001,120,0.989647111670276,3.10509845687441,70.0789037415827,1
128,1,61,0.0001,30,0.049737907693249,0.401293239002421,1.68021537013102,1
128,1,61,0.0001,60,0.983355320250743,3.28529739001139,10.3200544534141,1
128,1,61,0.0001,120,9.85538251179001,2.24266805881191,70.0789037415827,1
128,2,41,1e-08,30,0.0179302158155403,0.0157474735806124,0.000511393838153745,0
128,2,41,1e-08,60,0.0598756149692272,0.10129365788701,0.00188882742211014,0
128,2,41,1e-08,120,0.16121823764314,0.590714399467722,0.00965274561946435,0
128,2,61,1e-08,30,3.66805959796594,0.824272144210035,0.000511393838153745,0
128,2,61,1e-08,60,4.09880657222901,4.52700811725578,0.00188882742211014,0
128,2,61,1e-08,120,7.63783681737444,0.737372933653476,0.00965274561946435,0
128,2,41,1e-06,30,0.0946341031736519,0.0157474735806124,0.0175581569974071,0
128,2,41,1e-06,60,0.301658265950973,0.10129365788701,0.105439709753164,1
128,2,41,1e-06,120,0.9364282452515,0.590714399467722,0.70847130360818,1
128,2,61,1e-06,30,3.69344624790666,0.824272144210035,0.0175581569974071,0
128,2,61,1e-06,60,4.53556970289386,4.52700811725578,0.105439709753164,0
128,2,61,1e-06,120,9.56235804243248,0.737372933653476,0.70847130360818,0
128,2,41,0.0001,30,0.0992976670277996,0.0157474735806124,1.68021537013102,1
128,2,41,0.0001,60,0.316918472832669,0.10129365788701,10.3200544534141,1
128,2,41,0.0001,120,0.987792129985102,0.590714399467722,70.0789037415827,1
128,2,61,0.0001,30,3.58988958940412,0.824272144210035,1.68021537013102,1
128,2,61,0.0001,60,4.7607735896236,4.52700811725578,10.3200544534141,1
128,2,61,0.0001,120,9.53852595043621,0.737372933653476,70.0789037415827,1
128,3,41,1e-08,30,8.44254929191437,1.57851284748813,0.000511393838153745,0
128,3,41,1e-08,60,1.06025554148572e-05,6.16792045511213,0.00188882742211014,1
128,3,41,1e-08,120,0.30425730942851,1.57749068521611,0.00965274561946435,0
128,3,61,1e-08,30,8.67866906857638,8.69190841818525,0.000511393838153745,0
128,3,61,1e-08,60,6.60228355586581,8.75472442674766,0.00188882742211014,0
128,3,61,1e-08,120,0.0167047481966865,2.610709665469,0.00965274561946435,1
128,3,41,1e-06,30,1.3986588578268,1.57851284748813,0.0175581569974071,0
128,3,41,1e-06,60,5.65278914305393,6.16792045511213,0.105439709753164,0
128,3,41,1e-06,120,2.57665566042143,1.57749068521611,0.70847130360818,1
128,3,61,1e-06,30,7.56972898775598,8.69190841818525,0.0175581569974071,0
128,3,61,1e-06,60,6.55039031685149,8.75472442674766,0.105439709753164,0
128,3,61,1e-06,120,5.858261587323,2.610709665469,0.70847130360818,0
128,3,41,0.0001,30,1.15174814800701,1.57851284748813,1.68021537013102,1
128,3,41,0.0001,60,4.7326259599633,6.16792045511213,10.3200544534141,1
128,3,41,0.0001,120,3.97040508377991,1.57749068521611,70.0789037415827,1
128,3,61,0.0001,30,7.27232495076335,8.69190841818525,1.68021537013102,0
128,3,61,0.0001,60,6.0310375999888,8.75472442674766,10.3200544534141,1
128,3,61,0.0001,120,6.87422340887078,2.610709665469,70.0789037415827,1
128,4,41,1e-08,30,4.70499454225896,0.428803581097607,0.000511393838153745,0
128,4,41,1e-08,60,3.15732177912657,1.19493187714568,0.00188882742211014,0
128,4,41,1e-08,120,0.468788135793731,4.41262784956471,0.00965274561946435,0
128,4,61,1e-08,30,9.59857043548813,8.30468799136781,0.000511393838153745,0
128,4,61,1e-08,60,9.14691902914349,8.21480639929122,0.00188882742211014,0
128,4,61,1e-08,120,0.81215714603276,2.71065105011005,0.00965274561946435,0
128,4,41,1e-06,30,4.69558975421264,0.428803581097607,0.0175581569974071,0
128,4,41,1e-06,60,2.98999000052255,1.19493187714568,0.105439709753164,0
128,4,41,1e-06,120,0.692555172572619,4.41262784956471,0.70847130360818,1
128,4,61,1e-06,30,6.79893442150079,8.30468799136781,0.0175581569974071,0
128,4,61,1e-06,60,5.34177516581217,8.21480639929122,0.105439709753164,0
128,4,61,1e-06,120,7.63167440348992,2.71065105011005,0.70847130360818,0
128,4,41,0.0001,30,4.98137159695266,0.428803581097607,1.68021537013102,1
128,4,41,0.0001,60,2.56900169678759,1.19493187714568,10.3200544534141,1
128,4,41,0.0001,120,1.16922737623949,4.41262784956471,70.0789037415827,1
128,4,61,0.0001,30,6.39063136146543,8.30468799136781,1.68021537013102,1
128,4,61,0.0001,60,4.65888200961542,8.21480639929122,10.3200544534141,1
128,4,61,0.0001,120,9.37514601260444,2.71065105011005,70.0789037415827,1
128,5,41,1e-08,30,7.43999072502634,0.125216286996163,0.000511393838153745,0
128,5,41,1e-08,60,0.209978634035813,0.290012122523703,0.00188882742211014,0
128,5,41,1e-08,120,0.457022632079755,1.0756027282791,0.00965274561946435,0
128,5,61,1e-08,30,2.81156402640044e-05,0.000175712403407855,0.000511393838153745,1
128,5,61,1e-08,60,4.10775198629143,4.29582937212503,0.00188882742211014,0
128,5,61,1e-08,120,3.11932142159613,3.48450080898715,0.00965274561946435,0
128,5,41,1e-06,30,9.34308642224466,0.125216286996163,0.0175581569974071,0
128,5,41,1e-06,60,0.000328225597864003,0.290012122523703,0.105439709753164,1
128,5,41,1e-06,120,0.000187853748696877,1.0756027282791,0.70847130360818,1
128,5,61,1e-06,30,0.00013502860239625,0.000175712403407855,0.0175581569974071,1
128,5,61,1e-06,60,4.09256574580553,4.29582937212503,0.105439709753164,0
128,5,61,1e-06,120,3.1242184797433,3.48450080898715,0.70847130360818,0
128,5,41,0.0001,30,4.21303828306106,0.125216286996163,1.68021537013102,1
128,5,41,0.0001,60,5.50999428171329,0.290012122523703,10.3200544534141,1
128,5,41,0.0001,120,2.39775269344955,1.0756027282791,70.0789037415827,1
128,5,61,0.0001,30,6.98131570335887e-05,0.000175712403407855,1.68021537013102,1
128,5,61,0.0001,60,4.11853674691375,4.29582937212503,10.3200544534141,1
128,5,61,0.0001,120,3.16926386180014,3.48450080898715,70.0789037415827,1
128,6,41,1e-08,30,0.722376422324591,1.46013614829209,0.000511393838153745,0
128,6,41,1e-08,60,0.0736586278963513,0.0514112549585452,0.00188882742211014,0
128,6,41,1e-08,120,0.199812566773006,0.109265910473944,0.00965274561946435,0
128,6,61,1e-08,30,1.03146458729308e-05,0.000144046735610281,0.000511393838153745,1
128,6,61,1e-08,60,4.26830082920231,4.3666283488114,0.00188882742211014,0
128,6,61,1e-08,120,3.24819784288154,3.4435441373643,0.00965274561946435,0
128,6,41,1e-06,30,2.80394285906495,1.46013614829209,0.0175581569974071,0
128,6,41,1e-06,60,1.36022642762367,0.0514112549585452,0.105439709753164,0
128,6,41,1e-06,120,4.9147391137029,0.109265910473944,0.70847130360818,0
128,6,61,1e-06,30,0.000599480233330339,0.000144046735610281,0.0175581569974071,1
128,6,61,1e-06,60,4.06570483204198,4.3666283488114,0.105439709753164,0
128,6,61,1e-06,120,2.91994807526225,3.4435441373643,0.70847130360818,0
128,6,41,0.0001,30,2.97415321628765,1.46013614829209,1.68021537013102,1
128,6,41,0.0001,60,1.58569069922006,0.0514112549585452,10.3200544534141,1
128,6,41,0.0001,120,5.73906208259462,0.109265910473944,70.0789037415827,1
128,6,61,0.0001,30,0.000740961025406371,0.000144046735610281,1.68021537013102,1
128,6,61,0.0001,60,4.0449231867902,4.3666283488114,10.3200544534141,1
128,6,61,0.0001,120,2.88584872805203,3.4435441373643,70.0789037415827,1
128,7,41,1e-08,30,1.54939806545974,8.90069612299133,0.000511393838153745,0
128,7,41,1e-08,60,3.88948628160812,0.450919282859113,0.00188882742211014,0
128,7,41,1e-08,120,1.6196125820885,5.90806058079952,0.00965274561946435,0
128,7,61,1e-08,30,2.86306701916095,0.00378640733616424,0.000511393838153745,0
128,7,61,1e-08,60,8.41646178984891,0.0344243749903953,0.00188882742211014,0
128,7,61,1e-08,120,1.12423976641241,1.59030903357133,0.00965274561946435,0
128,7,41,1e-06,30,0.208364211969819,8.90069612299133,0.0175581569974071,0
128,7,41,1e-06,60,1.65255978155719,0.450919282859113,0.105439709753164,0
128,7,41,1e-06,120,1.40462393697524,5.90806058079952,0.70847130360818,1
128,7,61,1e-06,30,0.0395199001251045,0.00378640733616424,0.0175581569974071,1
128,7,61,1e-06,60,0.48551359287995,0.0344243749903953,0.105439709753164,0
128,7,61,1e-06,120,5.17182498078113,1.59030903357133,0.70847130360818,0
128,7,41,0.0001,30,1.12043292652116,8.90069612299133,1.68021537013102,1
128,7,41,0.0001,60,3.10487586943592,0.450919282859113,10.3200544534141,1
128,7,41,0.0001,120,1.02979778596074,5.90806058079952,70.0789037415827,1
128,7,61,0.0001,30,0.0262428904823632,0.00378640733616424,1.68021537013102,1
128,7,61,0.0001,60,0.400061402702195,0.0344243749903953,10.3200544534141,1
128,7,61,0.0001,120,4.64364502500879,1.59030903357133,70.0789037415827,1
128,8,41,1e-08,30,0.127073832406346,0.0408363329927353,0.000511393838153745,0
128,8,41,1e-08,60,8.15998136549558,9.79582704563478,0.00188882742211014,0
128,8,41,1e-08,120,5.91904634114028,9.08712902215926,0.00965274561946435,0
128,8,61,1e-08,30,1.1485111448714,3.56896718473709,0.000511393838153745,0
128,8,61,1e-08,60,0.176981250150114,2.86767100583991,0.00188882742211014,0
128,8,61,1e-08,120,1.99759802065679,8.93522860925617,0.00965274561946435,0
128,8,41,1e-06,30,0.560176654257494,0.0408363329927353,0.0175581569974071,0
128,8,41,1e-06,60,4.21899415986784,9.79582704563478,0.105439709753164,0
128,8,41,1e-06,120,0.654824776735118,9.08712902215926,0.70847130360818,1
128,8,61,1e-06,30,0.472608563836986,3.56896718473709,0.0175581569974071,0
128,8,61,1e-06,60,7.90924630734136,2.86767100583991,0.105439709753164,0
128,8,61,1e-06,120,0.581166762629233,8.93522860925617,0.70847130360818,1
128,8,41,0.0001,30,0.66128687708083,0.0408363329927353,1.68021537013102,1
128,8,41,0.0001,60,3.72896805342888,9.79582704563478,10.3200544534141,1
128,8,41,0.0001,120,0.32468132324345,9.08712902215926,70.0789037415827,1
128,8,61,0.0001,30,0.535886504350591,3.56896718473709,1.68021537013102,1
128,8,61,0.0001,60,7.47511824894354,2.86767100583991,10.3200544534141,1
128,8,61,0.0001,120,0.824471504709403,8.93522860925617,70.0789037415827,1
128,9,41,1e-08,30,0.178543335052798,0.031809310424255,0.000511393838153745,0
128,9,41,1e-08,60,8.06999290618254,8.673648351391,0.00188882742211014,0
128,9,41,1e-08,120,4.11160313600056,9.18843360659415,0.00965274561946435,0
128,9,61,1e-08,30,3.80625113164798,0.0143595196260409,0.000511393838153745,0
128,9,61,1e-08,60,2.56568650268135,0.498728793131854,0.00188882742211014,0
128,9,61,1e-08,120,4.02929465846769,5.27030862265609,0.00965274561946435,0
128,9,41,1e-06,30,0.137401069751415,0.031809310424255,0.0175581569974071,0
128,9,41,1e-06,60,8.7249357552896,8.673648351391,0.105439709753164,0
128,9,41,1e-06,120,5.12141730320723,9.18843360659415,0.70847130360818,0
128,9,61,1e-06,30,9.65535195821899,0.0143595196260409,0.0175581569974071,0
128,9,61,1e-06,60,0.16525523312503,0.498728793131854,0.105439709753164,1
128,9,61,1e-06,120,2.90660381420273,5.27030862265609,0.70847130360818,0
128,9,41,0.0001,30,0.136128272688888,0.031809310424255,1.68021537013102,1
128,9,41,0.0001,60,8.74311069787605,8.673648351391,10.3200544534141,1
128,9,41,0.0001,120,5.14762570211214,9.18843360659415,70.0789037415827,1
128,9,61,0.0001,30,9.77010796412065,0.0143595196260409,1.68021537013102,0
128,9,61,0.0001,60,0.248387475413593,0.498728793131854,10.3200544534141,1
128,9,61,0.0001,120,3.53499932240241,5.27030862265609,70.0789037415827,1
128,10,41,1e-08,30,0.774862716246048,0.0257646309980554,0.000511393838153745,0
128,10,41,1e-08,60,4.05743710780117,0.0502390615645006,0.00188882742211014,0
128,10,41,1e-08,120,5.78173356640973,0.570223839385046,0.00965274561946435,0
128,10,61,1e-08,30,1.82024240545166,0.000470376821392624,0.000511393838153745,0
128,10,61,1e-08,60,7.85003938076584,0.133430698952339,0.00188882742211014,0
128,10,61,1e-08,120,1.8902400823797,3.75563238128026,0.00965274561946435,0
128,10,41,1e-06,30,1.56071136064337,0.0257646309980554,0.0175581569974071,0
128,10,41,1e-06,60,6.74024021902571,0.0502390615645006,0.105439709753164,0
128,10,41,1e-06,120,1.95132685175286,0.570223839385046,0.70847130360818,1
128,10,61,1e-06,30,5.18869740598475,0.000470376821392624,0.0175581569974071,0
128,10,61,1e-06,60,4.63289928011493,0.133430698952339,0.105439709753164,0
128,10,61,1e-06,120,0.569500916060983,3.75563238128026,0.70847130360818,1
128,10,41,0.0001,30,1.52394449399269,0.0257646309980554,1.68021537013102,1
128,10,41,0.0001,60,6.58360921756173,0.0502390615645006,10.3200544534141,1
128,10,41,0.0001,120,2.12670191791535,0.570223839385046,70.0789037415827,1
128,10,61,0.0001,30,4.78524968011138,0.000470376821392624,1.68021537013102,1
128,10,61,0.0001,60,5.36834766304754,0.133430698952339,10.3200544534141,1
128,10,61,0.0001,120,0.195094790228196,3.75563238128026,70.0789037415827,1
128,11,41,1e-08,30,1.7062740723441,0.0155864139072579,0.000511393838153745,0
128,11,41,1e-08,60,4.26813169703045,0.0279837327851955,0.00188882742211014,0
128,11,41,1e-08,120,4.8986103889704,0.542749402921514,0.00965274561946435,0
128,11,61,1e-08,30,0.554283353373127,2.75831016197283,0.000511393838153745,0
128,11,61,1e-08,60,0.00715972236355826,2.48968063782829,0.00188882742211014,1
128,11,61,1e-08,120,1.53601553858183,4.14774830707688,0.00965274561946435,0
128,11,41,1e-06,30,0.0225786085629651,0.0155864139072579,0.0175581569974071,1
128,11,41,1e-06,60,0.140584859784901,0.0279837327851955,0.105439709753164,1
128,11,41,1e-06,120,0.115436585516573,0.542749402921514,0.70847130360818,1
128,11,61,1e-06,30,1.32427082467128,2.75831016197283,0.0175581569974071,0
128,11,61,1e-06,60,0.849636427831575,2.48968063782829,0.105439709753164,0
128,11,61,1e-06,120,8.63332538842153,4.14774830707688,0.70847130360818,0
128,11,41,0.0001,30,0.0172765018895701,0.0155864139072579,1.68021537013102,1
128,11,41,0.0001,60,0.119168511881578,0.0279837327851955,10.3200544534141,1
128,11,41,0.0001,120,0.0830519392341459,0.542749402921514,70.0789037415827,1
128,11,61,0.0001,30,1.41381008234033,2.75831016197283,1.68021537013102,1
128,11,61,0.0001,60,0.98890440127211,2.48968063782829,10.3200544534141,1
128,11,61,0.0001,120,9.48489046617072,4.14774830707688,70.0789037415827,1
128,12,41,1e-08,30,0.151723083911421,0.0208280224471094,0.000511393838153745,0
128,12,41,1e-08,60,0.369345916257431,0.0130250250420781,0.00188882742211014,0
128,12,41,1e-08,120,2.14715650237724,0.225510165773502,0.00965274561946435,0
128,12,61,1e-08,30,1.52914561583108e-06,0.000535663300661589,0.000511393838153745,1
128,12,61,1e-08,60,0.000903210420643953,0.00662055340406231,0.00188882742211014,1
128,12,61,1e-08,120,0.05462665262473,0.114854192818231,0.00965274561946435,0
128,12,41,1e-06,30,0.0522689460244406,0.0208280224471094,0.0175581569974071,1
128,12,41,1e-06,60,0.0792428444762919,0.0130250250420781,0.105439709753164,1
128,12,41,1e-06,120,0.653495783789261,0.225510165773502,0.70847130360818,1
128,12,61,1e-06,30,3.91789856067852e-07,0.000535663300661589,0.0175581569974071,1
128,12,61,1e-06,60,0.00114450674508277,0.00662055340406231,0.105439709753164,1
128,12,61,1e-06,120,0.0594547479311898,0.114854192818231,0.70847130360818,1
128,12,41,0.0001,30,0.0492550120073325,0.0208280224471094,1.68021537013102,1
128,12,41,0.0001,60,0.072547105877706,0.0130250250420781,10.3200544534141,1
128,12,41,0.0001,120,0.616701497349315,0.225510165773502,70.0789037415827,1
128,12,61,0.0001,30,6.27200810898466e-07,0.000535663300661589,1.68021537013102,1
128,12,61,0.0001,60,0.0011218518905807,0.00662055340406231,10.3200544534141,1
128,12,61,0.0001,120,0.0591248381258745,0.114854192818231,70.0789037415827,1
128,13,41,1e-08,30,0.0264991868275641,0.000958740382735084,0.000511393838153745,0
128,13,41,1e-08,60,0.249607045861702,0.01293055253029,0.00188882742211014,0
128,13,41,1e-08,120,1.30637749334138,0.13896812711411,0.00965274561946435,0
128,13,61,1e-08,30,0.00872620793785131,0.00912196056367183,0.000511393838153745,0
128,13,61,1e-08,60,0.00951259827538665,0.0114876506082142,0.00188882742211014,0
128,13,61,1e-08,120,0.125164105983504,0.143292196879151,0.00965274561946435,0
128,13,41,1e-06,30,0.0219683751897845,0.000958740382735084,0.0175581569974071,1
128,13,41,1e-06,60,0.222726794520006,0.01293055253029,0.105439709753164,1
128,13,41,1e-06,120,1.18614535509897,0.13896812711411,0.70847130360818,1
128,13,61,1e-06,30,0.00508811799317563,0.00912196056367183,0.0175581569974071,1
128,13,61,1e-06,60,0.00343958336031716,0.0114876506082142,0.105439709753164,1
128,13,61,1e-06,120,0.0791285017261305,0.143292196879151,0.70847130360818,1
128,13,41,0.0001,30,0.0214981455416272,0.000958740382735084,1.68021537013102,1
128,13,41,0.0001,60,0.21985129445684,0.01293055253029,10.3200544534141,1
128,13,41,0.0001,120,1.17315679608044,0.13896812711411,70.0789037415827,1
128,13,61,0.0001,30,0.00489089140679187,0.00912196056367183,1.68021537013102,1
128,13,61,0.0001,60,0.00313941184852799,0.0114876506082142,10.3200544534141,1
128,13,61,0.0001,120,0.0763072345864934,0.143292196879151,70.0789037415827,1
128,14,41,1e-08,30,7.86640578616194,7.02734655432002,0.000511393838153745,0
128,14,41,1e-08,60,2.71758029411826,8.61416730180778,0.00188882742211014,0
128,14,41,1e-08,120,1.69081828685329,4.59513188453084,0.00965274561946435,0
128,14,61,1e-08,30,0.0881898860454951,9.63552015796216,0.000511393838153745,0
128,14,61,1e-08,60,1.38044710530295,0.00234679107048245,0.00188882742211014,0
128,14,61,1e-08,120,0.367745030353624,8.79844763743825,0.00965274561946435,0
128,14,41,1e-06,30,8.92866297455931,7.02734655432002,0.0175581569974071,0
128,14,41,1e-06,60,4.25741994297345,8.61416730180778,0.105439709753164,0
128,14,41,1e-06,120,0.178536918975977,4.59513188453084,0.70847130360818,1
128,14,61,1e-06,30,4.8038501786883,9.63552015796216,0.0175581569974071,0
128,14,61,1e-06,60,3.0974900692456,0.00234679107048245,0.105439709753164,0
128,14,61,1e-06,120,0.402374878260368,8.79844763743825,0.70847130360818,1
128,14,41,0.0001,30,9.1958932459223,7.02734655432002,1.68021537013102,0
128,14,41,0.0001,60,4.61665189875505,8.61416730180778,10.3200544534141,1
128,14,41,0.0001,120,0.0652522012857943,4.59513188453084,70.0789037415827,1
128,14,61,0.0001,30,5.34739432759428,9.63552015796216,1.68021537013102,1
128,14,61,0.0001,60,2.35537403167827,0.00234679107048245,10.3200544534141,1
128,14,61,0.0001,120,0.039976635488862,8.79844763743825,70.0789037415827,1
128,15,41,1e-08,30,4.832081541967,6.93820774140064,0.000511393838153745,0
128,15,41,1e-08,60,8.82584229294931,0.825689474259546,0.00188882742211014,0
128,15,41,1e-08,120,1.50246849312271,9.50740751081495,0.00965274561946435,0
128,15,61,1e-08,30,0.584399825760266,0.609119418976744,0.000511393838153745,0
128,15,61,1e-08,60,5.67828877478254,0.984847377299064,0.00188882742211014,0
128,15,61,1e-08,120,0.583954303484899,0.000126899733506366,0.00965274561946435,0
128,15,41,1e-06,30,8.85671647306526,6.93820774140064,0.0175581569974071,0
128,15,41,1e-06,60,5.16181457979026,0.825689474259546,0.105439709753164,0
128,15,41,1e-06,120,0.115444895174989,9.50740751081495,0.70847130360818,1
128,15,61,1e-06,30,1.99561866750846,0.609119418976744,0.0175581569974071,0
128,15,61,1e-06,60,8.42830622503091,0.984847377299064,0.105439709753164,0
128,15,61,1e-06,120,6.04720671323089,0.000126899733506366,0.70847130360818,0
128,15,41,0.0001,30,8.22462256851406,6.93820774140064,1.68021537013102,0
128,15,41,0.0001,60,6.10785889682425,0.825689474259546,10.3200544534141,1
128,15,41,0.0001,120,0.00178406760853203,9.50740751081495,70.0789037415827,1
128,15,61,0.0001,30,1.84695309914105,0.609119418976744,1.68021537013102,1
128,15,61,0.0001,60,8.98048552789246,0.984847377299064,10.3200544534141,1
128,15,61,0.0001,120,5.22400081200407,0.000126899733506366,70.0789037415827,1
128,16,41,1e-08,30,6.84158925332488,6.72742230189757,0.000511393838153745,0
128,16,41,1e-08,60,2.11327236820754,0.127621902719537,0.00188882742211014,0
128,16,41,1e-08,120,0.029731777912736,9.68950832535745,0.00965274561946435,1
128,16,61,1e-08,30,0.00189747022824664,0.639891226569199,0.000511393838153745,1
128,16,61,1e-08,60,0.0234212247758588,1.59532668167469,0.00188882742211014,0
128,16,61,1e-08,120,0.000646913413017692,7.34479650519827,0.00965274561946435,1
128,16,41,1e-06,30,7.40187565802687,6.72742230189757,0.0175581569974071,0
128,16,41,1e-06,60,0.00821302324241045,0.127621902719537,0.105439709753164,1
128,16,41,1e-06,120,6.58831413092881,9.68950832535745,0.70847130360818,0
128,16,61,1e-06,30,0.0550328411846877,0.639891226569199,0.0175581569974071,1
128,16,61,1e-06,60,0.65587944867678,1.59532668167469,0.105439709753164,0
128,16,61,1e-06,120,2.07246163990721,7.34479650519827,0.70847130360818,1
128,16,41,0.0001,30,7.64921787486649,6.72742230189757,1.68021537013102,0
128,16,41,0.0001,60,0.00017223911886195,0.127621902719537,10.3200544534141,1
128,16,41,0.0001,120,5.87787124166191,9.68950832535745,70.0789037415827,1
128,16,61,0.0001,30,0.0713793974515536,0.639891226569199,1.68021537013102,1
128,16,61,0.0001,60,0.758956420573976,1.59532668167469,10.3200544534141,1
128,16,61,0.0001,120,2.42860876057347,7.34479650519827,70.0789037415827,1
128,17,41,1e-08,30,0.895690994267898,0.000207197628498597,0.000511393838153745,0
128,17,41,1e-08,60,0.98781374690065,6.75008552473721,0.00188882742211014,0
128,17,41,1e-08,120,0.41563013358199,7.54867840195947,0.00965274561946435,0
128,17,61,1e-08,30,0.340202457552653,0.284688874235187,0.000511393838153745,0
128,17,61,1e-08,60,3.29735024418418,0.103588557457961,0.00188882742211014,0
128,17,61,1e-08,120,2.64886293974219,6.51240967379374,0.00965274561946435,0
128,17,41,1e-06,30,8.73657383790279e-05,0.000207197628498597,0.0175581569974071,1
128,17,41,1e-06,60,6.44466732530281,6.75008552473721,0.105439709753164,0
128,17,41,1e-06,120,8.28505066525226,7.54867840195947,0.70847130360818,0
128,17,61,1e-06,30,0.497500972815416,0.284688874235187,0.0175581569974071,0
128,17,61,1e-06,60,4.65508325084136,0.103588557457961,0.105439709753164,0
128,17,61,1e-06,120,5.80089964141601,6.51240967379374,0.70847130360818,0
128,17,41,0.0001,30,0.00161189017420084,0.000207197628498597,1.68021537013102,1
128,17,41,0.0001,60,6.19456373244712,6.75008552473721,10.3200544534141,1
128,17,41,0.0001,120,8.79724061521062,7.54867840195947,70.0789037415827,1
128,17,61,0.0001,30,0.49907554474249,0.284688874235187,1.68021537013102,1
128,17,61,0.0001,60,4.65779835748259,0.103588557457961,10.3200544534141,1
128,17,61,0.0001,120,5.79924627697499,6.51240967379374,70.0789037415827,1
128,18,41,1e-08,30,3.28982643905996,0.835197023032656,0.000511393838153745,0
128,18,41,1e-08,60,0.92574525460321,6.27161715101108,0.00188882742211014,0
128,18,41,1e-08,120,5.6105583301963,1.18336897826179,0.00965274561946435,0
128,18,61,1e-08,30,3.63563752134664,1.45286094239353,0.000511393838153745,0
128,18,61,1e-08,60,8.86988766679037,7.07682545273419,0.00188882742211014,0
128,18,61,1e-08,120,0.03559377534529,1.17431245714753,0.00965274561946435,1
128,18,41,1e-06,30,1.02889256847609,0.835197023032656,0.0175581569974071,0
128,18,41,1e-06,60,5.31329987579664,6.27161715101108,0.105439709753164,0
128,18,41,1e-06,120,2.20434393053842,1.18336897826179,0.70847130360818,1
128,18,61,1e-06,30,1.62703006137384,1.45286094239353,0.0175581569974071,0
128,18,61,1e-06,60,5.28165241976477,7.07682545273419,0.105439709753164,0
128,18,61,1e-06,120,2.46259025179007,1.17431245714753,0.70847130360818,1
128,18,41,0.0001,30,1.11526409783884,0.835197023032656,1.68021537013102,1
128,18,41,0.0001,60,4.92835366251853,6.27161715101108,10.3200544534141,1
128,18,41,0.0001,120,2.74392278468384,1.18336897826179,70.0789037415827,1
128,18,61,0.0001,30,1.61620904905029,1.45286094239353,1.68021537013102,1
128,18,61,0.0001,60,5.25800533316176,7.07682545273419,10.3200544534141,1
128,18,61,0.0001,120,2.48446379245402,1.17431245714753,70.0789037415827,1
128,19,41,1e-08,30,4.67695318687477,1.70102611715629,0.000511393838153745,0
128,19,41,1e-08,60,1.53221976068307,6.87802427237957,0.00188882742211014,0
128,19,41,1e-08,120,9.21540233973955,0.357798785175126,0.00965274561946435,0
128,19,61,1e-08,30,0.632848628305542,0.524178989168588,0.000511393838153745,0
128,19,61,1e-08,60,3.72851149183015,3.08359590330694,0.00188882742211014,0
128,19,61,1e-08,120,1.35972677501951,2.39567460375195,0.00965274561946435,0
128,19,41,1e-06,30,0.695506219448026,1.70102611715629,0.0175581569974071,0
128,19,41,1e-06,60,7.36139033226579,6.87802427237957,0.105439709753164,0
128,19,41,1e-06,120,1.69912422351865,0.357798785175126,0.70847130360818,1
128,19,61,1e-06,30,0.343233871483764,0.524178989168588,0.0175581569974071,0
128,19,61,1e-06,60,2.17576271524632,3.08359590330694,0.105439709753164,0
128,19,61,1e-06,120,4.4708014746261,2.39567460375195,0.70847130360818,0
128,19,41,0.0001,30,0.691529427295747,1.70102611715629,1.68021537013102,1
128,19,41,0.0001,60,7.37241102922545,6.87802427237957,10.3200544534141,1
128,19,41,0.0001,120,1.67091475773934,0.357798785175126,70.0789037415827,1
128,19,61,0.0001,30,0.283431111195426,0.524178989168588,1.68021537013102,1
128,19,61,0.0001,60,1.88437508031475,3.08359590330694,10.3200544534141,1
128,19,61,0.0001,120,5.35659754005,2.39567460375195,70.0789037415827,1
128,20,41,1e-08,30,2.68200810310786,4.00847243610971,0.000511393838153745,0
128,20,41,1e-08,60,2.10604868633252,5.55072013596668,0.00188882742211014,0
128,20,41,1e-08,120,0.420425553350995,6.93719872981046,0.00965274561946435,0
128,20,61,1e-08,30,0.217531869130457,0.302617624484431,0.000511393838153745,0
128,20,61,1e-08,60,1.18401528778315,1.84397909751968,0.00188882742211014,0
128,20,61,1e-08,120,6.41936861925571,3.57827593238055,0.00965274561946435,0
128,20,41,1e-06,30,0.940812914530996,4.00847243610971,0.0175581569974071,0
128,20,41,1e-06,60,0.0813301072454457,5.55072013596668,0.105439709753164,1
128,20,41,1e-06,120,2.29297389100621,6.93719872981046,0.70847130360818,1
128,20,61,1e-06,30,0.000577619993354537,0.302617624484431,0.0175581569974071,1
128,20,61,1e-06,60,0.0424780099100696,1.84397909751968,0.105439709753164,1
128,20,61,1e-06,120,4.34448793534495,3.57827593238055,0.70847130360818,0
128,20,41,0.0001,30,0.857228713413596,4.00847243610971,1.68021537013102,1
128,20,41,0.0001,60,0.0413827188310019,5.55072013596668,10.3200544534141,1
128,20,41,0.0001,120,2.79341189702935,6.93719872981046,70.0789037415827,1
128,20,61,0.0001,30,0.00224252592431913,0.302617624484431,1.68021537013102,1
128,20,61,0.0001,60,0.0265592217173386,1.84397909751968,10.3200544534141,1
128,20,61,0.0001,120,4.00636609523805,3.57827593238055,70.0789037415827,1
129,1,41,1e-08,30,3.53644703106403,8.43892955270368,0.000511393838153745,0
129,1,41,1e-08,60,0.671501281911548,6.03696766824966,0.00188882742211014,0
129,1,41,1e-08,120,9.43200364021319,0.0429808314283385,0.00965274561946435,0
129,1,61,1e-08,30,0.13258674990063,0.366970969734902,0.000511393838153745,0
129,1,61,1e-08,60,5.05913072106657,6.29151253584275,0.00188882742211014,0
129,1,61,1e-08,120,8.38302715819839,6.76804275180352,0.00965274561946435,0
129,1,41,1e-06,30,8.3028452961361,8.43892955270368,0.0175581569974071,0
129,1,41,1e-06,60,5.7493704593202,6.03696766824966,0.105439709753164,0
129,1,41,1e-06,120,0.114245129600776,0.0429808314283385,0.70847130360818,1
129,1,61,1e-06,30,0.446356230597228,0.366970969734902,0.0175581569974071,0
129,1,61,1e-06,60,6.94765581222451,6.29151253584275,0.105439709753164,0
129,1,61,1e-06,120,5.49211410703339,6.76804275180352,0.70847130360818,0
129,1,41,0.0001,30,8.04637566032724,8.43892955270368,1.68021537013102,0
129,1,41,0.0001,60,5.38314439467918,6.03696766824966,10.3200544534141,1
129,1,41,0.0001,120,0.23152365155941,0.0429808314283385,70.0789037415827,1
129,1,61,0.0001,30,0.533299008169442,0.366970969734902,1.68021537013102,1
129,1,61,0.0001,60,7.60275393224719,6.29151253584275,10.3200544534141,1
129,1,61,0.0001,120,4.42458132737809,6.76804275180352,70.0789037415827,1
129,2,41,1e-08,30,4.379200024384,0.566842421299673,0.000511393838153745,0
129,2,41,1e-08,60,0.280746586641776,0.743466345674555,0.00188882742211014,0
129,2,41,1e-08,120,8.91759431101304,8.36297562977671,0.00965274561946435,0
129,2,61,1e-08,30,2.52446101837379,9.47786102234133,0.000511393838153745,0
129,2,61,1e-08,60,2.36447306477505,4.01385854333566,0.00188882742211014,0
129,2,61,1e-08,120,4.34314998433831,8.47195543061284,0.00965274561946435,0
129,2,41,1e-06,30,6.77439691899078,0.566842421299673,0.0175581569974071,0
129,2,41,1e-06,60,1.6615575333043,0.743466345674555,0.105439709753164,0
129,2,41,1e-06,120,4.16038055794634,8.36297562977671,0.70847130360818,0
129,2,61,1e-06,30,6.94782478435028,9.47786102234133,0.0175581569974071,0
129,2,61,1e-06,60,9.77023782814284,4.01385854333566,0.105439709753164,0
129,2,61,1e-06,120,0.343517358152178,8.47195543061284,0.70847130360818,1
129,2,41,0.0001,30,6.49599228621605,0.566842421299673,1.68021537013102,0
129,2,41,0.0001,60,1.39775029665761,0.743466345674555,10.3200544534141,1
129,2,41,0.0001,120,5.07088197151849,8.36297562977671,70.0789037415827,1
129,2,61,0.0001,30,6.48427873049938,9.47786102234133,1.68021537013102,0
129,2,61,0.0001,60,8.78090245558063,4.01385854333566,10.3200544534141,1
129,2,61,0.0001,120,0.077040596887014,8.47195543061284,70.0789037415827,1
129,3,41,1e-08,30,0.000578126124856424,8.61920889294111,0.000511393838153745,1
129,3,41,1e-08,60,0.00803978415847551,0.0402087264915917,0.00188882742211014,0
129,3,41,1e-08,120,0.00246711090684174,0.000354943540199026,0.00965274561946435,1
129,3,61,1e-08,30,6.81342913833982,0.462038633705673,0.000511393838153745,0
129,3,61,1e-08,60,3.90683885760316,0.609616854887154,0.00188882742211014,0
129,3,61,1e-08,120,6.59181589445538,9.00436021242762,0.00965274561946435,0
129,3,41,1e-06,30,0.295362613603133,8.61920889294111,0.0175581569974071,0
129,3,41,1e-06,60,0.773053080420743,0.0402087264915917,0.105439709753164,0
129,3,41,1e-06,120,1.90307996072094,0.000354943540199026,0.70847130360818,1
129,3,61,1e-06,30,0.764176788024658,0.462038633705673,0.0175581569974071,0
129,3,61,1e-06,60,1.33805828625005,0.609616854887154,0.105439709753164,0
129,3,61,1e-06,120,5.1153190598589,9.00436021242762,0.70847130360818,0
129,3,41,0.0001,30,0.322481660205829,8.61920889294111,1.68021537013102,1
129,3,41,0.0001,60,0.85528983011445,0.0402087264915917,10.3200544534141,1
129,3,41,0.0001,120,2.15347128425169,0.000354943540199026,70.0789037415827,1
129,3,61,0.0001,30,0.656023872628922,0.462038633705673,1.68021537013102,1
129,3,61,0.0001,60,1.08385855981869,0.609616854887154,10.3200544534141,1
129,3,61,0.0001,120,6.15162641637803,9.00436021242762,70.0789037415827,1
129,4,41,1e-08,30,1.80840330784195,1.40016498440662,0.000511393838153745,0
129,4,41,1e-08,60,3.64931445426739,2.72799176944977,0.00188882742211014,0
129,4,41,1e-08,120,5.43286810694788,7.74981335256993,0.00965274561946435,0
129,4,61,1e-08,30,0.108805420174716,0.078834219492533,0.000511393838153745,0
129,4,61,1e-08,60,1.44918471233893,1.43344464123646,0.00188882742211014,0
129,4,61,1e-08,120,1.41161082934198,1.60430291693844,0.00965274561946435,0
129,4,41,1e-06,30,1.22521963303093,1.40016498440662,0.0175581569974071,0
129,4,41,1e-06,60,2.24605158781427,2.72799176944977,0.105439709753164,0
129,4,41,1e-06,120,9.54816336849884,7.74981335256993,0.70847130360818,0
129,4,61,1e-06,30,0.0396544055825046,0.078834219492533,0.0175581569974071,1
129,4,61,1e-06,60,1.07079903263628,1.43344464123646,0.105439709753164,0
129,4,61,1e-06,120,0.88826346586378,1.60430291693844,0.70847130360818,1
129,4,41,0.0001,30,1.25837431729018,1.40016498440662,1.68021537013102,1
129,4,41,0.0001,60,2.3367347955349,2.72799176944977,10.3200544534141,1
129,4,41,0.0001,120,9.18028405791485,7.74981335256993,70.0789037415827,1
129,4,61,0.0001,30,0.0487165843180702,0.078834219492533,1.68021537013102,1
129,4,61,0.0001,60,1.16028313142352,1.43344464123646,10.3200544534141,1
129,4,61,0.0001,120,1.05353697926392,1.60430291693844,70.0789037415827,1
129,5,41,1e-08,30,1.44156030638854,1.19298650200052,0.000511393838153745,0
129,5,41,1e-08,60,3.09537025226096,2.65324177194169,0.00188882742211014,0
129,5,41,1e-08,120,7.70429601533944,8.70431035120704,0.00965274561946435,0
129,5,61,1e-08,30,0.2609919673976,0.205111112739147,0.000511393838153745,0
129,5,61,1e-08,60,1.56354300929726,1.49800463879042,0.00188882742211014,0
129,5,61,1e-08,120,1.81508794155719,1.91477556901198,0.00965274561946435,0
129,5,41,1e-06,30,0.757543703114803,1.19298650200052,0.0175581569974071,0
129,5,41,1e-06,60,1.40197526022192,2.65324177194169,0.105439709753164,0
129,5,41,1e-06,120,5.96402773243616,8.70431035120704,0.70847130360818,0
129,5,61,1e-06,30,0.154243278477197,0.205111112739147,0.0175581569974071,0
129,5,61,1e-06,60,1.22003731765818,1.49800463879042,0.105439709753164,0
129,5,61,1e-06,120,1.31315711219293,1.91477556901198,0.70847130360818,1
129,5,41,0.0001,30,0.782022062010156,1.19298650200052,1.68021537013102,1
129,5,41,0.0001,60,1.47144512035938,2.65324177194169,10.3200544534141,1
129,5,41,0.0001,120,6.25589360939359,8.70431035120704,70.0789037415827,1
129,5,61,0.0001,30,0.172397838940725,0.205111112739147,1.68021537013102,1
129,5,61,0.0001,60,1.31922372306482,1.49800463879042,10.3200544534141,1
129,5,61,0.0001,120,1.52042616986223,1.91477556901198,70.0789037415827,1
129,6,41,1e-08,30,1.32553399882983e-05,7.60432676241284e-05,0.000511393838153745,1
129,6,41,1e-08,60,0.000156687853047139,0.000357905374587461,0.00188882742211014,1
129,6,41,1e-08,120,0.000108277944348087,0.000378276959455141,0.00965274561946435,1
129,6,61,1e-08,30,7.34891174696497e-06,0.00157823242301411,0.000511393838153745,1
129,6,61,1e-08,60,0.000157913559791721,0.00597997057190143,0.00188882742211014,1
129,6,61,1e-08,120,0.00271508809022506,0.0176113276767811,0.00965274561946435,1
129,6,41,1e-06,30,0.000853310338690117,7.60432676241284e-05,0.0175581569974071,1
129,6,41,1e-06,60,0.00361848274243449,0.000357905374587461,0.105439709753164,1
129,6,41,1e-06,120,0.0104393760206837,0.000378276959455141,0.70847130360818,1
129,6,61,1e-06,30,0.000435824776857803,0.00157823242301411,0.0175581569974071,1
129,6,61,1e-06,60,0.00193619573192713,0.00597997057190143,0.105439709753164,1
129,6,61,1e-06,120,0.012118271905665,0.0176113276767811,0.70847130360818,1
129,6,41,0.0001,30,0.000996614445588025,7.60432676241284e-05,1.68021537013102,1
129,6,41,0.0001,60,0.00417561565044926,0.000357905374587461,10.3200544534141,1
129,6,41,0.0001,120,0.0122884651076356,0.000378276959455141,70.0789037415827,1
129,6,61,0.0001,30,0.000460437809769817,0.00157823242301411,1.68021537013102,1
129,6,61,0.0001,60,0.00202865502790846,0.00597997057190143,10.3200544534141,1
129,6,61,0.0001,120,0.0125519160258997,0.0176113276767811,70.0789037415827,1
129,7,41,1e-08,30,0.000163155244419623,5.11507356896858e-05,0.000511393838153745,1
129,7,41,1e-08,60,0.00170570677891014,0.000786723962716967,0.00188882742211014,1
129,7,41,1e-08,120,0.00224958843072805,0.000357872410711876,0.00965274561946435,1
129,7,61,1e-08,30,0.000204580227059105,0.00255165664259207,0.000511393838153745,1
129,7,61,1e-08,60,0.000127021570967577,0.00765267738621273,0.00188882742211014,1
129,7,61,1e-08,120,0.000157708022093093,0.0206347096782235,0.00965274561946435,1
129,7,41,1e-06,30,0.000101478085435404,5.11507356896858e-05,0.0175581569974071,1
129,7,41,1e-06,60,0.00114351231512671,0.000786723962716967,0.105439709753164,1
129,7,41,1e-06,120,0.000922699849123263,0.000357872410711876,0.70847130360818,1
129,7,61,1e-06,30,5.59010719540588e-05,0.00255165664259207,0.0175581569974071,1
129,7,61,1e-06,60,0.000826143496786789,0.00765267738621273,0.105439709753164,1
129,7,61,1e-06,120,0.00792772322847873,0.0206347096782235,0.70847130360818,1
129,7,41,0.0001,30,8.97482556398078e-05,5.11507356896858e-05,1.68021537013102,1
129,7,41,0.0001,60,0.00106869973304883,0.000786723962716967,10.3200544534141,1
129,7,41,0.0001,120,0.000795323081728417,0.000357872410711876,70.0789037415827,1
129,7,61,0.0001,30,9.81200238269428e-05,0.00255165664259207,1.68021537013102,1
129,7,61,0.0001,60,0.00111302645009746,0.00765267738621273,10.3200544534141,1
129,7,61,0.0001,120,0.00961146383061201,0.0206347096782235,70.0789037415827,1
129,8,41,1e-08,30,0.0061912859388185,0.699779261771964,0.000511393838153745,0
129,8,41,1e-08,60,5.95380762871839,0.652619247810929,0.00188882742211014,0
129,8,41,1e-08,120,0.0015877823117329,9.64725703076714,0.00965274561946435,1
129,8,61,1e-08,30,2.28704222588171,6.49060526836544,0.000511393838153745,0
129,8,61,1e-08,60,0.0776267059651459,3.05711862262215,0.00188882742211014,0
129,8,61,1e-08,120,8.85703846325696,0.539213081778452,0.00965274561946435,0
129,8,41,1e-06,30,1.94150700897311,0.699779261771964,0.0175581569974071,0
129,8,41,1e-06,60,0.103714400425017,0.652619247810929,0.105439709753164,1
129,8,41,1e-06,120,0.812157726360593,9.64725703076714,0.70847130360818,1
129,8,61,1e-06,30,0.293751868310466,6.49060526836544,0.0175581569974071,0
129,8,61,1e-06,60,5.04727853622464,3.05711862262215,0.105439709753164,0
129,8,61,1e-06,120,5.88062705520554,0.539213081778452,0.70847130360818,0
129,8,41,0.0001,30,1.23274783591033,0.699779261771964,1.68021537013102,1
129,8,41,0.0001,60,0.0677254446251843,0.652619247810929,10.3200544534141,1
129,8,41,0.0001,120,4.33425378948952,9.64725703076714,70.0789037415827,1
129,8,61,0.0001,30,0.380875958093292,6.49060526836544,1.68021537013102,1
129,8,61,0.0001,60,4.46223739854858,3.05711862262215,10.3200544534141,1
129,8,61,0.0001,120,4.72055422969271,0.539213081778452,70.0789037415827,1
129,9,41,1e-08,30,0.000101560445876382,3.45040582428121e-06,0.000511393838153745,1
129,9,41,1e-08,60,0.000337495111214191,2.06647994993666e-07,0.00188882742211014,1
129,9,41,1e-08,120,0.000508204459832382,0.000218022528274998,0.00965274561946435,1
129,9,61,1e-08,30,2.30799963065161,0.00276832272354334,0.000511393838153745,0
129,9,61,1e-08,60,8.35608831502112,0.00347073948550871,0.00188882742211014,0
129,9,61,1e-08,120,0.29323389879086,0.00133341068225165,0.00965274561946435,0
129,9,41,1e-06,30,0.000383840684694021,3.45040582428121e-06,0.0175581569974071,1
129,9,41,1e-06,60,0.00129671690575204,2.06647994993666e-07,0.105439709753164,1
129,9,41,1e-06,120,0.00318455629359715,0.000218022528274998,0.70847130360818,1
129,9,61,1e-06,30,0.032948782946951,0.00276832272354334,0.0175581569974071,1
129,9,61,1e-06,60,0.111331653096195,0.00347073948550871,0.105439709753164,1
129,9,61,1e-06,120,0.280826670458561,0.00133341068225165,0.70847130360818,1
129,9,41,0.0001,30,0.000411952548827534,3.45040582428121e-06,1.68021537013102,1
129,9,41,0.0001,60,0.00139380477178201,2.06647994993666e-07,10.3200544534141,1
129,9,41,0.0001,120,0.00348024097519799,0.000218022528274998,70.0789037415827,1
129,9,61,0.0001,30,0.106742993976233,0.00276832272354334,1.68021537013102,1
129,9,61,0.0001,60,0.368809877123528,0.00347073948550871,10.3200544534141,1
129,9,61,0.0001,120,1.1245234620254,0.00133341068225165,70.0789037415827,1
129,10,41,1e-08,30,4.68930063462804e-06,2.26370844169021e-05,0.000511393838153745,1
129,10,41,1e-08,60,0.000140396132635402,1.52951381122951e-05,0.00188882742211014,1
129,10,41,1e-08,120,0.000131138155383474,0.000483171280325579,0.00965274561946435,1
129,10,61,1e-08,30,2.25785554074922,0.0043623582425479,0.000511393838153745,0
129,10,61,1e-08,60,8.23267196880902,0.00522947379798657,0.00188882742211014,0
129,10,61,1e-08,120,0.32208584474063,0.000798218041428021,0.00965274561946435,0
129,10,41,1e-06,30,6.50766182030904e-05,2.26370844169021e-05,0.0175581569974071,1
129,10,41,1e-06,60,0.000473228000242997,1.52951381122951e-05,0.105439709753164,1
129,10,41,1e-06,120,0.000862200456885945,0.000483171280325579,0.70847130360818,1
129,10,61,1e-06,30,0.0446597739282037,0.0043623582425479,0.0175581569974071,1
129,10,61,1e-06,60,0.144373809035662,0.00522947379798657,0.105439709753164,1
129,10,61,1e-06,120,0.364982326838848,0.000798218041428021,0.70847130360818,1
129,10,41,0.0001,30,5.90737485732104e-05,2.26370844169021e-05,1.68021537013102,1
129,10,41,0.0001,60,0.000440024291430225,1.52951381122951e-05,10.3200544534141,1
129,10,41,0.0001,120,0.000772519305088393,0.000483171280325579,70.0789037415827,1
129,10,61,0.0001,30,0.128303247845069,0.0043623582425479,1.68021537013102,1
129,10,61,0.0001,60,0.43137610698441,0.00522947379798657,10.3200544534141,1
129,10,61,0.0001,120,1.30162143543544,0.000798218041428021,70.0789037415827,1
129,11,41,1e-08,30,9.09084661076073,9.55989145956591,0.000511393838153745,0
129,11,41,1e-08,60,4.70450266875901,4.51512544518898,0.00188882742211014,0
129,11,41,1e-08,120,3.05680535067962,4.13834864785534,0.00965274561946435,0
129,11,61,1e-08,30,8.07624970157031,0.0720217180354638,0.000511393838153745,0
129,11,61,1e-08,60,6.06668968318484,6.34142425206872,0.00188882742211014,0
129,11,61,1e-08,120,8.86608983165377,8.26468946408293,0.00965274561946435,0
129,11,41,1e-06,30,4.68172096724151,9.55989145956591,0.0175581569974071,0
129,11,41,1e-06,60,4.38220342066956,4.51512544518898,0.105439709753164,0
129,11,41,1e-06,120,4.43272042697323,4.13834864785534,0.70847130360818,0
129,11,61,1e-06,30,8.07742616458578,0.0720217180354638,0.0175581569974071,0
129,11,61,1e-06,60,6.02875587628036,6.34142425206872,0.105439709753164,0
129,11,61,1e-06,120,9.00689993026912,8.26468946408293,0.70847130360818,0
129,11,41,0.0001,30,4.38368911000809,9.55989145956591,1.68021537013102,1
129,11,41,0.0001,60,3.85374221413117,4.51512544518898,10.3200544534141,1
129,11,41,0.0001,120,5.55180425018365,4.13834864785534,70.0789037415827,1
129,11,61,0.0001,30,7.98042909365274,0.0720217180354638,1.68021537013102,0
129,11,61,0.0001,60,5.86459537659359,6.34142425206872,10.3200544534141,1
129,11,61,0.0001,120,9.41199375787458,8.26468946408293,70.0789037415827,1
129,12,41,1e-08,30,4.71795868636971,6.76369659437524,0.000511393838153745,0
129,12,41,1e-08,60,0.737942944977106,3.34730765914885,0.00188882742211014,0
129,12,41,1e-08,120,2.34225270984296,7.28139438659973,0.00965274561946435,0
129,12,61,1e-08,30,1.69284563256549,0.0100934565785754,0.000511393838153745,0
129,12,61,1e-08,60,0.669228481109378,4.92123474483675,0.00188882742211014,0
129,12,61,1e-08,120,7.98046459953754,7.86416543713533,0.00965274561946435,0
129,12,41,1e-06,30,2.26323290134568,6.76369659437524,0.0175581569974071,0
129,12,41,1e-06,60,0.136127966695219,3.34730765914885,0.105439709753164,1
129,12,41,1e-06,120,0.669399491551835,7.28139438659973,0.70847130360818,1
129,12,61,1e-06,30,5.36211997268507,0.0100934565785754,0.0175581569974071,0
129,12,61,1e-06,60,0.565336445194062,4.92123474483675,0.105439709753164,0
129,12,61,1e-06,120,0.0207868924441216,7.86416543713533,0.70847130360818,1
129,12,41,0.0001,30,2.11285224500183,6.76369659437524,1.68021537013102,1
129,12,41,0.0001,60,0.216029612304088,3.34730765914885,10.3200544534141,1
129,12,41,0.0001,120,1.0080038556559,7.28139438659973,70.0789037415827,1
129,12,61,0.0001,30,4.95147580841066,0.0100934565785754,1.68021537013102,1
129,12,61,0.0001,60,0.343810117859263,4.92123474483675,10.3200544534141,1
129,12,61,0.0001,120,0.211521493796032,7.86416543713533,70.0789037415827,1
129,13,41,1e-08,30,4.01248700042177,1.51281577908506,0.000511393838153745,0
129,13,41,1e-08,60,3.11307124557507,0.0945382827817787,0.00188882742211014,0
129,13,41,1e-08,120,0.485954274377101,4.52559943723801,0.00965274561946435,0
129,13,61,1e-08,30,0.599708161026388,4.2342563900391,0.000511393838153745,0
129,13,61,1e-08,60,1.76798267874483,1.3736656564977,0.00188882742211014,0
129,13,61,1e-08,120,0.373105333185105,0.538663896050012,0.00965274561946435,0
129,13,41,1e-06,30,5.08091119640965,1.51281577908506,0.0175581569974071,0
129,13,41,1e-06,60,5.57187987809544,0.0945382827817787,0.105439709753164,0
129,13,41,1e-06,120,3.93406256957155,4.52559943723801,0.70847130360818,0
129,13,61,1e-06,30,1.38015889066018,4.2342563900391,0.0175581569974071,0
129,13,61,1e-06,60,0.349946532867321,1.3736656564977,0.105439709753164,1
129,13,61,1e-06,120,4.09784582387216,0.538663896050012,0.70847130360818,0
129,13,41,0.0001,30,5.37510962245261,1.51281577908506,1.68021537013102,1
129,13,41,0.0001,60,6.17249536485498,0.0945382827817787,10.3200544534141,1
129,13,41,0.0001,120,4.95805556491739,4.52559943723801,70.0789037415827,1
129,13,61,0.0001,30,1.38911519878999,4.2342563900391,1.68021537013102,1
129,13,61,0.0001,60,0.343619406319304,1.3736656564977,10.3200544534141,1
129,13,61,0.0001,120,4.13235275440613,0.538663896050012,70.0789037415827,1
129,14,41,1e-08,30,9.3297854795332,0.0684074401434332,0.000511393838153745,0
129,14,41,1e-08,60,9.85928460590926,6.91189990548182,0.00188882742211014,0
129,14,41,1e-08,120,3.48591926657523,9.36831307786199,0.00965274561946435,0
129,14,61,1e-08,30,1.37566336734415,4.51794082976297,0.000511393838153745,0
129,14,61,1e-08,60,0.488367431460099,1.7254614270351,0.00188882742211014,0
129,14,61,1e-08,120,1.43552775443129,0.908519682862229,0.00965274561946435,0
129,14,41,1e-06,30,3.91337317283414,0.0684074401434332,0.0175581569974071,0
129,14,41,1e-06,60,0.626615173793856,6.91189990548182,0.105439709753164,0
129,14,41,1e-06,120,7.16651757763542,9.36831307786199,0.70847130360818,0
129,14,61,1e-06,30,1.89938740961819,4.51794082976297,0.0175581569974071,0
129,14,61,1e-06,60,0.0323754705378459,1.7254614270351,0.105439709753164,1
129,14,61,1e-06,120,5.49549176831599,0.908519682862229,0.70847130360818,0
129,14,41,0.0001,30,3.51570600967792,0.0684074401434332,1.68021537013102,1
129,14,41,0.0001,60,0.357318512506086,6.91189990548182,10.3200544534141,1
129,14,41,0.0001,120,9.31541216333103,9.36831307786199,70.0789037415827,1
129,14,61,0.0001,30,1.81728926179054,4.51794082976297,1.68021537013102,1
129,14,61,0.0001,60,0.0582625923082846,1.7254614270351,10.3200544534141,1
129,14,61,0.0001,120,4.92902418159727,0.908519682862229,70.0789037415827,1
129,15,41,1e-08,30,0.00245806361083423,9.63404374402433,0.000511393838153745,0
129,15,41,1e-08,60,0.0948824867973426,0.4329090708102,0.00188882742211014,0
129,15,41,1e-08,120,2.90561463930669,7.71781028559403,0.00965274561946435,0
129,15,61,1e-08,30,2.6682218502619,0.00707589539509114,0.000511393838153745,0
129,15,61,1e-08,60,0.11915978183658,8.80392488733855,0.00188882742211014,0
129,15,61,1e-08,120,0.398325117269433,0.722122529384366,0.00965274561946435,0
129,15,41,1e-06,30,2.52160853728446,9.63404374402433,0.0175581569974071,0
129,15,41,1e-06,60,6.78755287387498,0.4329090708102,0.105439709753164,0
129,15,41,1e-06,120,6.36489487701451,7.71781028559403,0.70847130360818,0
129,15,61,1e-06,30,1.93541836782255,0.00707589539509114,0.0175581569974071,0
129,15,61,1e-06,60,0.000308898816843273,8.80392488733855,0.105439709753164,1
129,15,61,1e-06,120,1.52495375945792,0.722122529384366,0.70847130360818,1
129,15,41,0.0001,30,2.76197452976598,9.63404374402433,1.68021537013102,1
129,15,41,0.0001,60,7.51548344974317,0.4329090708102,10.3200544534141,1
129,15,41,0.0001,120,5.11828450211369,7.71781028559403,70.0789037415827,1
129,15,61,0.0001,30,1.91601581442949,0.00707589539509114,1.68021537013102,1
129,15,61,0.0001,60,0.000930937885594317,8.80392488733855,10.3200544534141,1
129,15,61,0.0001,120,1.58688344964733,0.722122529384366,70.0789037415827,1
129,16,41,1e-08,30,0.255584604201266,1.13788146355316,0.000511393838153745,0
129,16,41,1e-08,60,6.62637963954881,0.0582717531782825,0.00188882742211014,0
129,16,41,1e-08,120,2.22332612099357,0.266217307345021,0.00965274561946435,0
129,16,61,1e-08,30,2.18584461078804,0.0853796336652702,0.000511393838153745,0
129,16,61,1e-08,60,1.12059442369103,9.84379343641494,0.00188882742211014,0
129,16,61,1e-08,120,1.08472854626923,8.10733536659849,0.00965274561946435,0
129,16,41,1e-06,30,2.61297647302688,1.13788146355316,0.0175581569974071,0
129,16,41,1e-06,60,0.445781127585195,0.0582717531782825,0.105439709753164,0
129,16,41,1e-06,120,1.6755102953248,0.266217307345021,0.70847130360818,1
129,16,61,1e-06,30,0.155500955075166,0.0853796336652702,0.0175581569974071,0
129,16,61,1e-06,60,3.05642432051245,9.84379343641494,0.105439709753164,0
129,16,61,1e-06,120,0.411212715127321,8.10733536659849,0.70847130360818,1
129,16,41,0.0001,30,2.77672392119083,1.13788146355316,1.68021537013102,1
129,16,41,0.0001,60,0.331288425785018,0.0582717531782825,10.3200544534141,1
129,16,41,0.0001,120,1.24969991558805,0.266217307345021,70.0789037415827,1
129,16,61,0.0001,30,0.244152736275548,0.0853796336652702,1.68021537013102,1
129,16,61,0.0001,60,2.44822983721237,9.84379343641494,10.3200544534141,1
129,16,61,0.0001,120,0.084145925744456,8.10733536659849,70.0789037415827,1
129,17,41,1e-08,30,8.84548442225708,8.87331172624515,0.000511393838153745,0
129,17,41,1e-08,60,1.45136676993264,0.680678947354559,0.00188882742211014,0
129,17,41,1e-08,120,3.57335220604318,9.12079022305714,0.00965274561946435,0
129,17,61,1e-08,30,0.904909217204798,7.49263203886175,0.000511393838153745,0
129,17,61,1e-08,60,0.25323397632751,7.31278806325208,0.00188882742211014,0
129,17,61,1e-08,120,5.7361458520964,4.67493866411454,0.00965274561946435,0
129,17,41,1e-06,30,4.95758747777981,8.87331172624515,0.0175581569974071,0
129,17,41,1e-06,60,5.34749090123248,0.680678947354559,0.105439709753164,0
129,17,41,1e-06,120,0.00387665000870158,9.12079022305714,0.70847130360818,1
129,17,61,1e-06,30,7.25213577151516,7.49263203886175,0.0175581569974071,0
129,17,61,1e-06,60,6.90655615041679,7.31278806325208,0.105439709753164,0
129,17,61,1e-06,120,4.08923342618107,4.67493866411454,0.70847130360818,0
129,17,41,0.0001,30,5.40312668646586,8.87331172624515,1.68021537013102,1
129,17,41,0.0001,60,4.55203632673774,0.680678947354559,10.3200544534141,1
129,17,41,0.0001,120,0.162576496273079,9.12079022305714,70.0789037415827,1
129,17,61,0.0001,30,7.7181010441731,7.49263203886175,1.68021537013102,0
129,17,61,0.0001,60,7.7623965582857,7.31278806325208,10.3200544534141,1
129,17,61,0.0001,120,5.41062136385943,4.67493866411454,70.0789037415827,1
129,18,41,1e-08,30,0.00101704018230975,0.00183442965945802,0.000511393838153745,1
129,18,41,1e-08,60,0.000217117082627704,0.000936334836473724,0.00188882742211014,1
129,18,41,1e-08,120,0.0179650545643528,0.0255199084971606,0.00965274561946435,1
129,18,61,1e-08,30,0.466011956987408,0.0311063729882187,0.000511393838153745,0
129,18,61,1e-08,60,1.87101146706553,0.0601023631044991,0.00188882742211014,0
129,18,61,1e-08,120,8.22522038748878,0.0640167350788979,0.00965274561946435,0
129,18,41,1e-06,30,0.0140852636277562,0.00183442965945802,0.0175581569974071,1
129,18,41,1e-06,60,0.0335499682182145,0.000936334836473724,0.105439709753164,1
129,18,41,1e-06,120,0.216921238430871,0.0255199084971606,0.70847130360818,1
129,18,61,1e-06,30,0.0135902280249984,0.0311063729882187,0.0175581569974071,1
129,18,61,1e-06,60,0.113249144452037,0.0601023631044991,0.105439709753164,1
129,18,61,1e-06,120,0.82108838589398,0.0640167350788979,0.70847130360818,1
129,18,41,0.0001,30,0.0160958090106371,0.00183442965945802,1.68021537013102,1
129,18,41,0.0001,60,0.0394765936037789,0.000936334836473724,10.3200544534141,1
129,18,41,0.0001,120,0.245950773251701,0.0255199084971606,70.0789037415827,1
129,18,61,0.0001,30,0.00842960624484234,0.0311063729882187,1.68021537013102,1
129,18,61,0.0001,60,0.0847765870872688,0.0601023631044991,10.3200544534141,1
129,18,61,0.0001,120,0.671719635771257,0.0640167350788979,70.0789037415827,1
129,19,41,1e-08,30,0.00272135765817464,0.000849024107782276,0.000511393838153745,0
129,19,41,1e-08,60,0.00776505097085086,0.000359309902566943,0.00188882742211014,0
129,19,41,1e-08,120,0.00514248274246261,0.00805036537558819,0.00965274561946435,1
129,19,61,1e-08,30,0.473961906908377,0.0291618493356413,0.000511393838153745,0
129,19,61,1e-08,60,1.88756995444498,0.0565899331732298,0.00188882742211014,0
129,19,61,1e-08,120,8.26142269118317,0.0588651056937608,0.00965274561946435,0
129,19,41,1e-06,30,0.0271366117395047,0.000849024107782276,0.0175581569974071,1
129,19,41,1e-06,60,0.0846587152940714,0.000359309902566943,0.105439709753164,1
129,19,41,1e-06,120,0.207122416195661,0.00805036537558819,0.70847130360818,1
129,19,61,1e-06,30,0.0144950061291581,0.0291618493356413,0.0175581569974071,1
129,19,61,1e-06,60,0.115770225924627,0.0565899331732298,0.105439709753164,1
129,19,61,1e-06,120,0.827119905436299,0.0588651056937608,0.70847130360818,1
129,19,41,0.0001,30,0.0286558587197486,0.000849024107782276,1.68021537013102,1
129,19,41,0.0001,60,0.0895497878912196,0.000359309902566943,10.3200544534141,1
129,19,41,0.0001,120,0.221719575627662,0.00805036537558819,70.0789037415827,1
129,19,61,0.0001,30,0.00919123416585184,0.0291618493356413,1.68021537013102,1
129,19,61,0.0001,60,0.0872308981125261,0.0565899331732298,10.3200544534141,1
129,19,61,0.0001,120,0.67865549324695,0.0588651056937608,70.0789037415827,1
129,20,41,1e-08,30,5.62901308940479,1.1711826335257,0.000511393838153745,0
129,20,41,1e-08,60,0.111507694391241,0.555695730815749,0.00188882742211014,0
129,20,41,1e-08,120,3.17910404556645,1.38011739966905,0.00965274561946435,0
129,20,61,1e-08,30,7.66762843220424,1.23416673440851,0.000511393838153745,0
129,20,61,1e-08,60,2.91516642064006,1.96553140992944,0.00188882742211014,0
129,20,61,1e-08,120,2.91007243347723,3.18207848019739,0.00965274561946435,0
129,20,41,1e-06,30,5.14974033836329,1.1711826335257,0.0175581569974071,0
129,20,41,1e-06,60,0.104212509138282,0.555695730815749,0.105439709753164,1
129,20,41,1e-06,120,4.09183625354411,1.38011739966905,0.70847130360818,0
129,20,61,1e-06,30,2.91841360650476,1.23416673440851,0.0175581569974071,0
129,20,61,1e-06,60,6.70186613724955,1.96553140992944,0.105439709753164,0
129,20,61,1e-06,120,4.55264393071443,3.18207848019739,0.70847130360818,0
129,20,41,0.0001,30,5.3864593713182,1.1711826335257,1.68021537013102,1
129,20,41,0.0001,60,0.0494743902272861,0.555695730815749,10.3200544534141,1
129,20,41,0.0001,120,4.93222327158574,1.38011739966905,70.0789037415827,1
129,20,61,0.0001,30,2.85769533753412,1.23416673440851,1.68021537013102,1
129,20,61,0.0001,60,6.55860240653296,1.96553140992944,10.3200544534141,1
129,20,61,0.0001,120,4.75860056486187,3.18207848019739,70.0789037415827,1
130,1,41,1e-08,30,0.00171827561537656,0.00170380016569325,0.000511393838153745,1
130,1,41,1e-08,60,8.8863921231116,8.91713877838395,0.00188882742211014,0
130,1,41,1e-08,120,9.33249709096815,9.42933035734002,0.00965274561946435,0
130,1,61,1e-08,30,1.06365818321116,5.90522654455379,0.000511393838153745,0
130,1,61,1e-08,60,0.264261101696317,6.88892778452826,0.00188882742211014,0
130,1,61,1e-08,120,6.5117420820446,8.33700963510888,0.00965274561946435,0
130,1,41,1e-06,30,0.000218472721137142,0.00170380016569325,0.0175581569974071,1
130,1,41,1e-06,60,8.60221890417241,8.91713877838395,0.105439709753164,0
130,1,41,1e-06,120,8.78590264728791,9.42933035734002,0.70847130360818,0
130,1,61,1e-06,30,0.200202679108262,5.90522654455379,0.0175581569974071,0
130,1,61,1e-06,60,1.75253087411491,6.88892778452826,0.105439709753164,0
130,1,61,1e-06,120,1.6648783764588,8.33700963510888,0.70847130360818,1
130,1,41,0.0001,30,0.00018562627797704,0.00170380016569325,1.68021537013102,1
130,1,41,0.0001,60,8.58988410086378,8.91713877838395,10.3200544534141,1
130,1,41,0.0001,120,8.76221796335578,9.42933035734002,70.0789037415827,1
130,1,61,0.0001,30,0.287879903857795,5.90522654455379,1.68021537013102,1
130,1,61,0.0001,60,1.35069754142982,6.88892778452826,10.3200544534141,1
130,1,61,0.0001,120,2.55041978134369,8.33700963510888,70.0789037415827,1
130,2,41,1e-08,30,0.00984613640788606,0.0965739461497069,0.000511393838153745,0
130,2,41,1e-08,60,0.000207980166392011,0.145764393059202,0.00188882742211014,1
130,2,41,1e-08,120,7.26346357907004,7.96672000391024,0.00965274561946435,0
130,2,61,1e-08,30,2.84236648734667,5.5703812574134,0.000511393838153745,0
130,2,61,1e-08,60,1.64111212894211,7.37084271958859,0.00188882742211014,0
130,2,61,1e-08,120,0.126743575397773,8.11459533394394,0.00965274561946435,0
130,2,41,1e-06,30,0.0416517083659915,0.0965739461497069,0.0175581569974071,1
130,2,41,1e-06,60,0.0286161282018026,0.145764393059202,0.105439709753164,1
130,2,41,1e-06,120,9.21799662523214,7.96672000391024,0.70847130360818,0
130,2,61,1e-06,30,0.0784561620331787,5.5703812574134,0.0175581569974071,0
130,2,61,1e-06,60,2.03951303623749,7.37084271958859,0.105439709753164,0
130,2,61,1e-06,120,0.744413948915743,8.11459533394394,0.70847130360818,1
130,2,41,0.0001,30,0.0431474491095266,0.0965739461497069,1.68021537013102,1
130,2,41,0.0001,60,0.0308742771771862,0.145764393059202,10.3200544534141,1
130,2,41,0.0001,120,9.29331792239693,7.96672000391024,70.0789037415827,1
130,2,61,0.0001,30,0.16338929916021,5.5703812574134,1.68021537013102,1
130,2,61,0.0001,60,1.43230863026444,7.37084271958859,10.3200544534141,1
130,2,61,0.0001,120,1.71227343292326,8.11459533394394,70.0789037415827,1
130,3,41,1e-08,30,7.62582155741693,8.22257921430828,0.000511393838153745,0
130,3,41,1e-08,60,8.70917314021216,9.55920714069565,0.00188882742211014,0
130,3,41,1e-08,120,0.237341190553643,0.000465112167051111,0.00965274561946435,0
130,3,61,1e-08,30,0.487930578368655,1.07135436644215,0.000511393838153745,0
130,3,61,1e-08,60,7.17850134199844,8.21376248548824,0.00188882742211014,0
130,3,61,1e-08,120,0.03862711042471,1.80692026384265,0.00965274561946435,0
130,3,41,1e-06,30,6.99040964941935,8.22257921430828,0.0175581569974071,0
130,3,41,1e-06,60,7.52613447850832,9.55920714069565,0.105439709753164,0
130,3,41,1e-06,120,0.766198083997866,0.000465112167051111,0.70847130360818,1
130,3,61,1e-06,30,0.375018774758733,1.07135436644215,0.0175581569974071,0
130,3,61,1e-06,60,0.0113726361178025,8.21376248548824,0.105439709753164,1
130,3,61,1e-06,120,0.981236159320998,1.80692026384265,0.70847130360818,1
130,3,41,0.0001,30,6.96001064830021,8.22257921430828,1.68021537013102,0
130,3,41,0.0001,60,7.46785546177457,9.55920714069565,10.3200544534141,1
130,3,41,0.0001,120,0.802358130590725,0.000465112167051111,70.0789037415827,1
130,3,61,0.0001,30,0.56673837742731,1.07135436644215,1.68021537013102,1
130,3,61,0.0001,60,0.0251908243318289,8.21376248548824,10.3200544534141,1
130,3,61,0.0001,120,0.225969480488684,1.80692026384265,70.0789037415827,1
130,4,41,1e-08,30,7.74552709834669,8.3504332239093,0.000511393838153745,0
130,4,41,1e-08,60,8.81456179130229,9.43315261441457,0.00188882742211014,0
130,4,41,1e-08,120,0.605961048332609,0.0691556096053449,0.00965274561946435,0
130,4,61,1e-08,30,0.184989411375347,0.582918395760345,0.000511393838153745,0
130,4,61,1e-08,60,5.36574273566875,8.65543924364218,0.00188882742211014,0
130,4,61,1e-08,120,0.0111311153697639,5.29928521206699,0.00965274561946435,1
130,4,41,1e-06,30,7.03858199538881,8.3504332239093,0.0175581569974071,0
130,4,41,1e-06,60,7.4937745309683,9.43315261441457,0.105439709753164,0
130,4,41,1e-06,120,1.47067348405654,0.0691556096053449,0.70847130360818,1
130,4,61,1e-06,30,0.277020621229998,0.582918395760345,0.0175581569974071,0
130,4,61,1e-06,60,0.603218610813066,8.65543924364218,0.105439709753164,0
130,4,61,1e-06,120,7.90649260899833,5.29928521206699,0.70847130360818,0
130,4,41,0.0001,30,7.0024708353367,8.3504332239093,1.68021537013102,0
130,4,41,0.0001,60,7.42477526562197,9.43315261441457,10.3200544534141,1
130,4,41,0.0001,120,1.53011970900482,0.0691556096053449,70.0789037415827,1
130,4,61,0.0001,30,0.171230546730896,0.582918395760345,1.68021537013102,1
130,4,61,0.0001,60,0.973676945222914,8.65543924364218,10.3200544534141,1
130,4,61,0.0001,120,5.79203981397392,5.29928521206699,70.0789037415827,1
130,5,41,1e-08,30,0.219346728413515,1.89929593388069,0.000511393838153745,0
130,5,41,1e-08,60,0.0133214309838226,3.62551967822431,0.00188882742211014,0
130,5,41,1e-08,120,0.12731130940054,2.84763275362634,0.00965274561946435,0
130,5,61,1e-08,30,0.994693709879679,2.5102998989695,0.000511393838153745,0
130,5,61,1e-08,60,2.73056574445322,9.32126105202445,0.00188882742211014,0
130,5,61,1e-08,120,2.36049583621931,4.31352509561415,0.00965274561946435,0
130,5,41,1e-06,30,0.090328003105889,1.89929593388069,0.0175581569974071,0
130,5,41,1e-06,60,2.1280552477456,3.62551967822431,0.105439709753164,0
130,5,41,1e-06,120,4.56041284732017,2.84763275362634,0.70847130360818,0
130,5,61,1e-06,30,0.341730619089439,2.5102998989695,0.0175581569974071,0
130,5,61,1e-06,60,1.13482557718732,9.32126105202445,0.105439709753164,0
130,5,61,1e-06,120,0.0588241029676896,4.31352509561415,0.70847130360818,1
130,5,41,0.0001,30,0.109758482738716,1.89929593388069,1.68021537013102,1
130,5,41,0.0001,60,2.29483831279108,3.62551967822431,10.3200544534141,1
130,5,41,0.0001,120,5.02776945054633,2.84763275362634,70.0789037415827,1
130,5,61,0.0001,30,0.410253926908915,2.5102998989695,1.68021537013102,1
130,5,61,0.0001,60,1.35822977328412,9.32126105202445,10.3200544534141,1
130,5,61,0.0001,120,0.185862507363649,4.31352509561415,70.0789037415827,1
130,6,41,1e-08,30,0.252654680287752,0.797402889158515,0.000511393838153745,0
130,6,41,1e-08,60,1.19489727261603,4.10938435771277,0.00188882742211014,0
130,6,41,1e-08,120,1.88011521385273,8.35511251250078,0.00965274561946435,0
130,6,61,1e-08,30,8.41888291046441,0.0124379711098283,0.000511393838153745,0
130,6,61,1e-08,60,2.69494808532217,1.2193886501222,0.00188882742211014,0
130,6,61,1e-08,120,0.095143092384061,2.76720612372569,0.00965274561946435,0
130,6,41,1e-06,30,0.00580611998477339,0.797402889158515,0.0175581569974071,1
130,6,41,1e-06,60,0.00720131175881343,4.10938435771277,0.105439709753164,1
130,6,41,1e-06,120,0.24591185196967,8.35511251250078,0.70847130360818,1
130,6,61,1e-06,30,5.13490925448951,0.0124379711098283,0.0175581569974071,0
130,6,61,1e-06,60,6.94903580130246,1.2193886501222,0.105439709753164,0
130,6,61,1e-06,120,1.97113367218711,2.76720612372569,0.70847130360818,1
130,6,41,0.0001,30,0.00931483627507819,0.797402889158515,1.68021537013102,1
130,6,41,0.0001,60,0.0023180056972924,4.10938435771277,10.3200544534141,1
130,6,41,0.0001,120,0.319686903503695,8.35511251250078,70.0789037415827,1
130,6,61,0.0001,30,4.92147644188758,0.0124379711098283,1.68021537013102,1
130,6,61,0.0001,60,7.4395578922402,1.2193886501222,10.3200544534141,1
130,6,61,0.0001,120,2.50633845300314,2.76720612372569,70.0789037415827,1
130,7,41,1e-08,30,0.023000180312547,0.00646151308554654,0.000511393838153745,0
130,7,41,1e-08,60,5.95758254044946,5.32930380911985,0.00188882742211014,0
130,7,41,1e-08,120,9.78269502598777,8.41662511656842,0.00965274561946435,0
130,7,61,1e-08,30,8.20658078704509,0.0375887305037123,0.000511393838153745,0
130,7,61,1e-08,60,0.0185034040229503,0.125558139771992,0.00188882742211014,0
130,7,61,1e-08,120,8.77064906096023,5.91431507645342,0.00965274561946435,0
130,7,41,1e-06,30,0.00721166783447802,0.00646151308554654,0.0175581569974071,1
130,7,41,1e-06,60,5.36829475426067,5.32930380911985,0.105439709753164,0
130,7,41,1e-06,120,8.51095900689908,8.41662511656842,0.70847130360818,0
130,7,61,1e-06,30,5.67107805574231,0.0375887305037123,0.0175581569974071,0
130,7,61,1e-06,60,2.22135175387924,0.125558139771992,0.105439709753164,0
130,7,61,1e-06,120,0.0244378158081183,5.91431507645342,0.70847130360818,1
130,7,41,0.0001,30,0.00626718049401211,0.00646151308554654,1.68021537013102,1
130,7,41,0.0001,60,5.31803002608427,5.32930380911985,10.3200544534141,1
130,7,41,0.0001,120,8.38825755613197,8.41662511656842,70.0789037415827,1
130,7,61,0.0001,30,5.78766371088639,0.0375887305037123,1.68021537013102,1
130,7,61,0.0001,60,2.06867150989536,0.125558139771992,10.3200544534141,1
130,7,61,0.0001,120,0.0697040295624003,5.91431507645342,70.0789037415827,1
130,8,41,1e-08,30,0.000355956165854649,0.0155076672287109,0.000511393838153745,1
130,8,41,1e-08,60,6.3073602404649,5.20602844757852,0.00188882742211014,0
130,8,41,1e-08,120,5.76242790046355,3.69604878696303,0.00965274561946435,0
130,8,61,1e-08,30,9.25102716452778,8.24861849117129,0.000511393838153745,0
130,8,61,1e-08,60,6.11896908885318,7.89194896688663,0.00188882742211014,0
130,8,61,1e-08,120,0.35047930966288,2.78758219622238,0.00965274561946435,0
130,8,41,1e-06,30,0.00326141300881401,0.0155076672287109,0.0175581569974071,1
130,8,41,1e-06,60,6.99852894237077,5.20602844757852,0.105439709753164,0
130,8,41,1e-06,120,7.02587614438372,3.69604878696303,0.70847130360818,0
130,8,61,1e-06,30,4.17549710028371,8.24861849117129,0.0175581569974071,0
130,8,61,1e-06,60,0.537472129816605,7.89194896688663,0.105439709753164,0
130,8,61,1e-06,120,6.08054299300496,2.78758219622238,0.70847130360818,0
130,8,41,0.0001,30,0.00355859143369087,0.0155076672287109,1.68021537013102,1
130,8,41,0.0001,60,7.02273895537428,5.20602844757852,10.3200544534141,1
130,8,41,0.0001,120,7.07167445732867,3.69604878696303,70.0789037415827,1
130,8,61,0.0001,30,4.1485037875163,8.24861849117129,1.68021537013102,1
130,8,61,0.0001,60,0.525855709245352,7.89194896688663,10.3200544534141,1
130,8,61,0.0001,120,6.02805445963696,2.78758219622238,70.0789037415827,1
130,9,41,1e-08,30,1.44987436900701,0.00453780316561161,0.000511393838153745,0
130,9,41,1e-08,60,4.57517368874434,0.00107534677722429,0.00188882742211014,0
130,9,41,1e-08,120,3.76100144124187,0.0104181142134043,0.00965274561946435,0
130,9,61,1e-08,30,6.2753446809697,8.27455564208263,0.000511393838153745,0
130,9,61,1e-08,60,0.750711514959968,9.54035616506116,0.00188882742211014,0
130,9,61,1e-08,120,6.90078742509767,1.45816238530788,0.00965274561946435,0
130,9,41,1e-06,30,0.00182430915623508,0.00453780316561161,0.0175581569974071,1
130,9,41,1e-06,60,0.00894195297583703,0.00107534677722429,0.105439709753164,1
130,9,41,1e-06,120,0.00115168762308225,0.0104181142134043,0.70847130360818,1
130,9,61,1e-06,30,0.269320075460907,8.27455564208263,0.0175581569974071,0
130,9,61,1e-06,60,7.31291256451241,9.54035616506116,0.105439709753164,0
130,9,61,1e-06,120,4.71019883356413,1.45816238530788,0.70847130360818,0
130,9,41,0.0001,30,0.00508325942968027,0.00453780316561161,1.68021537013102,1
130,9,41,0.0001,60,0.0962541932940744,0.00107534677722429,10.3200544534141,1
130,9,41,0.0001,120,0.205189788511661,0.0104181142134043,70.0789037415827,1
130,9,61,0.0001,30,0.162820163741667,8.27455564208263,1.68021537013102,1
130,9,61,0.0001,60,8.51287750020297,9.54035616506116,10.3200544534141,1
130,9,61,0.0001,120,3.10066049374113,1.45816238530788,70.0789037415827,1
130,10,41,1e-08,30,0.0032692037376925,0.00305886403592872,0.000511393838153745,0
130,10,41,1e-08,60,0.73079098091277,0.707229626916799,0.00188882742211014,0
130,10,41,1e-08,120,9.7439085261059,9.50847979364685,0.00965274561946435,0
130,10,61,1e-08,30,0.0629295263443266,8.33268699573339,0.000511393838153745,0
130,10,61,1e-08,60,0.0499251807227315,0.0187155327068916,0.00188882742211014,0
130,10,61,1e-08,120,0.347449504072431,0.114065403206184,0.00965274561946435,0
130,10,41,1e-06,30,0.00934583764754719,0.00305886403592872,0.0175581569974071,1
130,10,41,1e-06,60,0.853779165686038,0.707229626916799,0.105439709753164,0
130,10,41,1e-06,120,9.2005448255249,9.50847979364685,0.70847130360818,0
130,10,61,1e-06,30,0.581019668370443,8.33268699573339,0.0175581569974071,0
130,10,61,1e-06,60,4.75554043614788,0.0187155327068916,0.105439709753164,0
130,10,61,1e-06,120,3.41548369457234,0.114065403206184,0.70847130360818,0
130,10,41,0.0001,30,0.00976006527564834,0.00305886403592872,1.68021537013102,1
130,10,41,0.0001,60,0.861081415649272,0.707229626916799,10.3200544534141,1
130,10,41,0.0001,120,9.15455361052177,9.50847979364685,70.0789037415827,1
130,10,61,0.0001,30,0.673330679516583,8.33268699573339,1.68021537013102,1
130,10,61,0.0001,60,5.23468879196754,0.0187155327068916,10.3200544534141,1
130,10,61,0.0001,120,2.69968624199224,0.114065403206184,70.0789037415827,1
130,11,41,1e-08,30,0.00233585822437862,0.00166243615278523,0.000511393838153745,0
130,11,41,1e-08,60,0.00856574786076285,0.00626511615603149,0.00188882742211014,0
130,11,41,1e-08,120,0.0497537143059138,0.0391938464460359,0.00965274561946435,0
130,11,61,1e-08,30,0.0121383514654429,9.71010124597313,0.000511393838153745,0
130,11,61,1e-08,60,2.31785137268143,0.58517941181141,0.00188882742211014,0
130,11,61,1e-08,120,8.97292686840068,0.988780095492404,0.00965274561946435,0
130,11,41,1e-06,30,0.00171881211157121,0.00166243615278523,0.0175581569974071,1
130,11,41,1e-06,60,0.0064842041051595,0.00626511615603149,0.105439709753164,1
130,11,41,1e-06,120,0.0402882831199293,0.0391938464460359,0.70847130360818,1
130,11,61,1e-06,30,2.31876699081196,9.71010124597313,0.0175581569974071,0
130,11,61,1e-06,60,5.93356834439023,0.58517941181141,0.105439709753164,0
130,11,61,1e-06,120,0.742494638608599,0.988780095492404,0.70847130360818,1
130,11,41,0.0001,30,0.00174879296482026,0.00166243615278523,1.68021537013102,1
130,11,41,0.0001,60,0.00660054327838315,0.00626511615603149,10.3200544534141,1
130,11,41,0.0001,120,0.0408674134132889,0.0391938464460359,70.0789037415827,1
130,11,61,0.0001,30,1.9227574415722,9.71010124597313,1.68021537013102,1
130,11,61,0.0001,60,7.25829002462904,0.58517941181141,10.3200544534141,1
130,11,61,0.0001,120,0.129039909339622,0.988780095492404,70.0789037415827,1
130,12,41,1e-08,30,0.118572587454429,0.00111675488099007,0.000511393838153745,0
130,12,41,1e-08,60,0.201333442742529,0.00431513874457309,0.00188882742211014,0
130,12,41,1e-08,120,0.52699515697006,0.0038078167194156,0.00965274561946435,0
130,12,61,1e-08,30,0.00289489689863503,0.000125820533331783,0.000511393838153745,0
130,12,61,1e-08,60,0.00248235754232095,0.00041498483197647,0.00188882742211014,1
130,12,61,1e-08,120,0.0328702923217858,0.0940712928142302,0.00965274561946435,1
130,12,41,1e-06,30,0.0217433342220059,0.00111675488099007,0.0175581569974071,1
130,12,41,1e-06,60,0.0879582092200281,0.00431513874457309,0.105439709753164,1
130,12,41,1e-06,120,0.276985567736891,0.0038078167194156,0.70847130360818,1
130,12,61,1e-06,30,0.0274523832678813,0.000125820533331783,0.0175581569974071,1
130,12,61,1e-06,60,0.141886111956636,0.00041498483197647,0.105439709753164,1
130,12,61,1e-06,120,1.04411801684083,0.0940712928142302,0.70847130360818,1
130,12,41,0.0001,30,0.0349591776407682,0.00111675488099007,1.68021537013102,1
130,12,41,0.0001,60,0.139004591279371,0.00431513874457309,10.3200544534141,1
130,12,41,0.0001,120,0.457011480334035,0.0038078167194156,70.0789037415827,1
130,12,61,0.0001,30,0.0355829857462362,0.000125820533331783,1.68021537013102,1
130,12,61,0.0001,60,0.176485341205796,0.00041498483197647,10.3200544534141,1
130,12,61,0.0001,120,1.22367545795921,0.0940712928142302,70.0789037415827,1
130,13,41,1e-08,30,8.97617434389971,8.95426372989145,0.000511393838153745,0
130,13,41,1e-08,60,9.23147674511224,9.0273529128097,0.00188882742211014,0
130,13,41,1e-08,120,9.60761608992003,9.03360517434455,0.00965274561946435,0
130,13,61,1e-08,30,0.136639119307456,0.000502299671645871,0.000511393838153745,0
130,13,61,1e-08,60,1.47082511242527,0.0363143018573146,0.00188882742211014,0
130,13,61,1e-08,120,8.21726287153646,0.341123176878354,0.00965274561946435,0
130,13,41,1e-06,30,9.37826439471709,8.95426372989145,0.0175581569974071,0
130,13,41,1e-06,60,9.84911736649475,9.0273529128097,0.105439709753164,0
130,13,41,1e-06,120,8.9804872818371,9.03360517434455,0.70847130360818,0
130,13,61,1e-06,30,1.7033240158816,0.000502299671645871,0.0175581569974071,0
130,13,61,1e-06,60,8.13389605331643,0.0363143018573146,0.105439709753164,0
130,13,61,1e-06,120,0.136807171881596,0.341123176878354,0.70847130360818,1
130,13,41,0.0001,30,9.37526489753658,8.95426372989145,1.68021537013102,0
130,13,41,0.0001,60,9.8567864345676,9.0273529128097,10.3200544534141,1
130,13,41,0.0001,120,8.99658860067575,9.03360517434455,70.0789037415827,1
130,13,61,0.0001,30,1.80364921829308,0.000502299671645871,1.68021537013102,1
130,13,61,0.0001,60,8.53489430329381,0.0363143018573146,10.3200544534141,1
130,13,61,0.0001,120,0.056301310415969,0.341123176878354,70.0789037415827,1
130,14,41,1e-08,30,6.30565672307221,6.35331116320846,0.000511393838153745,0
130,14,41,1e-08,60,8.63186115930813,8.59404901374129,0.00188882742211014,0
130,14,41,1e-08,120,9.58415428197042,9.82256078881245,0.00965274561946435,0
130,14,61,1e-08,30,0.0177522884142202,0.00231560864217614,0.000511393838153745,0
130,14,61,1e-08,60,0.125371008887669,7.31252311622055e-05,0.00188882742211014,0
130,14,61,1e-08,120,8.91813513944229,5.34748319747201,0.00965274561946435,0
130,14,41,1e-06,30,6.62710310647252,6.35331116320846,0.0175581569974071,0
130,14,41,1e-06,60,9.23747079652666,8.59404901374129,0.105439709753164,0
130,14,41,1e-06,120,8.51643812040521,9.82256078881245,0.70847130360818,0
130,14,61,1e-06,30,0.00179893412680441,0.00231560864217614,0.0175581569974071,1
130,14,61,1e-06,60,0.0356412374803338,7.31252311622055e-05,0.105439709753164,1
130,14,61,1e-06,120,7.14015034527535,5.34748319747201,0.70847130360818,0
130,14,41,0.0001,30,6.62949072884105,6.35331116320846,1.68021537013102,0
130,14,41,0.0001,60,9.24140577395196,8.59404901374129,10.3200544534141,1
130,14,41,0.0001,120,8.51051832249407,9.82256078881245,70.0789037415827,1
130,14,61,0.0001,30,0.00139002342817735,0.00231560864217614,1.68021537013102,1
130,14,61,0.0001,60,0.0321665233790473,7.31252311622055e-05,10.3200544534141,1
130,14,61,0.0001,120,7.04399127697234,5.34748319747201,70.0789037415827,1
130,15,41,1e-08,30,3.65228070930219,4.58129072250322,0.000511393838153745,0
130,15,41,1e-08,60,5.49263926649736,8.23001224205827,0.00188882742211014,0
130,15,41,1e-08,120,3.68451395307769,9.21967803045359,0.00965274561946435,0
130,15,61,1e-08,30,0.0039711369041051,0.000567761116517308,0.000511393838153745,0
130,15,61,1e-08,60,0.358883815710842,0.266675130340264,0.00188882742211014,0
130,15,61,1e-08,120,1.9230475830814,1.48140275848815,0.00965274561946435,0
130,15,41,1e-06,30,2.64762893344021,4.58129072250322,0.0175581569974071,0
130,15,41,1e-06,60,3.38621705136074,8.23001224205827,0.105439709753164,0
130,15,41,1e-06,120,0.954487247949539,9.21967803045359,0.70847130360818,1
130,15,61,1e-06,30,0.000300250876862103,0.000567761116517308,0.0175581569974071,1
130,15,61,1e-06,60,0.253474920806157,0.266675130340264,0.105439709753164,1
130,15,61,1e-06,120,1.41919507698909,1.48140275848815,0.70847130360818,1
130,15,41,0.0001,30,2.6046420137304,4.58129072250322,1.68021537013102,1
130,15,41,0.0001,60,3.29701337949775,8.23001224205827,10.3200544534141,1
130,15,41,0.0001,120,0.865469571969392,9.21967803045359,70.0789037415827,1
130,15,61,0.0001,30,0.000109511879555676,0.000567761116517308,1.68021537013102,1
130,15,61,0.0001,60,0.239785699463859,0.266675130340264,10.3200544534141,1
130,15,61,0.0001,120,1.35413813038522,1.48140275848815,70.0789037415827,1
130,16,41,1e-08,30,9.39282985629205e-05,0.0463864855577415,0.000511393838153745,1
130,16,41,1e-08,60,0.0102907514748604,0.291151609617212,0.00188882742211014,0
130,16,41,1e-08,120,0.99080529084332,3.4584180104468,0.00965274561946435,0
130,16,61,1e-08,30,8.19316535450592e-05,0.000507340224346092,0.000511393838153745,1
130,16,61,1e-08,60,0.00963857276757308,0.00250661153189831,0.00188882742211014,0
130,16,61,1e-08,120,0.00326091043444945,0.0191222481328963,0.00965274561946435,1
130,16,41,1e-06,30,0.0015731364150673,0.0463864855577415,0.0175581569974071,1
130,16,41,1e-06,60,0.0355139317612382,0.291151609617212,0.105439709753164,1
130,16,41,1e-06,120,1.3402862567242,3.4584180104468,0.70847130360818,1
130,16,61,1e-06,30,0.00420079543955315,0.000507340224346092,0.0175581569974071,1
130,16,61,1e-06,60,0.00123591630897139,0.00250661153189831,0.105439709753164,1
130,16,61,1e-06,120,0.0957095353794286,0.0191222481328963,0.70847130360818,1
130,16,41,0.0001,30,0.00168206966628665,0.0463864855577415,1.68021537013102,1
130,16,41,0.0001,60,0.0364287947087579,0.291151609617212,10.3200544534141,1
130,16,41,0.0001,120,1.3508075387884,3.4584180104468,70.0789037415827,1
130,16,61,0.0001,30,0.00517574962566728,0.000507340224346092,1.68021537013102,1
130,16,61,0.0001,60,0.00237930930556435,0.00250661153189831,10.3200544534141,1
130,16,61,0.0001,120,0.112881879908901,0.0191222481328963,70.0789037415827,1
130,17,41,1e-08,30,0.16656189218701,0.00285252244231144,0.000511393838153745,0
130,17,41,1e-08,60,0.18267787774523,0.102546316896899,0.00188882742211014,0
130,17,41,1e-08,120,0.0308639245987547,1.30912810564158,0.00965274561946435,1
130,17,61,1e-08,30,6.24654222665986,8.21460757725008,0.000511393838153745,0
130,17,61,1e-08,60,0.604237150320759,3.9163552025448,0.00188882742211014,0
130,17,61,1e-08,120,0.726303696758,6.55158916771638,0.00965274561946435,0
130,17,41,1e-06,30,0.00534682050585558,0.00285252244231144,0.0175581569974071,1
130,17,41,1e-06,60,0.132172827776761,0.102546316896899,0.105439709753164,1
130,17,41,1e-06,120,1.52455147726259,1.30912810564158,0.70847130360818,1
130,17,61,1e-06,30,3.38213837827822,8.21460757725008,0.0175581569974071,0
130,17,61,1e-06,60,0.00341200602535258,3.9163552025448,0.105439709753164,1
130,17,61,1e-06,120,0.11188014018104,6.55158916771638,0.70847130360818,1
130,17,41,0.0001,30,0.0173534453423642,0.00285252244231144,1.68021537013102,1
130,17,41,0.0001,60,0.227452888468142,0.102546316896899,10.3200544534141,1
130,17,41,0.0001,120,2.12459615908145,1.30912810564158,70.0789037415827,1
130,17,61,0.0001,30,3.68652568288912,8.21460757725008,1.68021537013102,1
130,17,61,0.0001,60,0.00756684434765874,3.9163552025448,10.3200544534141,1
130,17,61,0.0001,120,0.00362791506557648,6.55158916771638,70.0789037415827,1
130,18,41,1e-08,30,4.43576439598555,0.485811013178179,0.000511393838153745,0
130,18,41,1e-08,60,2.5346137275392,2.33111473968598,0.00188882742211014,0
130,18,41,1e-08,120,2.8560271828012,1.68582562994491,0.00965274561946435,0
130,18,61,1e-08,30,5.89863633459261,8.24027827186224,0.000511393838153745,0
130,18,61,1e-08,60,2.941173757123,7.86426692980096,0.00188882742211014,0
130,18,61,1e-08,120,1.36417535222495,3.20899733957559,0.00965274561946435,0
130,18,41,1e-06,30,7.73873486768942,0.485811013178179,0.0175581569974071,0
130,18,41,1e-06,60,0.743770405319698,2.33111473968598,0.105439709753164,0
130,18,41,1e-06,120,0.000408259226519452,1.68582562994491,0.70847130360818,1
130,18,61,1e-06,30,7.1140696182686,8.24027827186224,0.0175581569974071,0
130,18,61,1e-06,60,5.69088317407224,7.86426692980096,0.105439709753164,0
130,18,61,1e-06,120,0.886955755115055,3.20899733957559,0.70847130360818,1
130,18,41,0.0001,30,7.41322863857876,0.485811013178179,1.68021537013102,0
130,18,41,0.0001,60,0.942138317489382,2.33111473968598,10.3200544534141,1
130,18,41,0.0001,120,0.0346621624608886,1.68582562994491,70.0789037415827,1
130,18,61,0.0001,30,6.58513303232832,8.24027827186224,1.68021537013102,0
130,18,61,0.0001,60,4.81945617828456,7.86426692980096,10.3200544534141,1
130,18,61,0.0001,120,0.328592030274087,3.20899733957559,70.0789037415827,1
130,19,41,1e-08,30,6.93778736834823,7.98835338313602,0.000511393838153745,0
130,19,41,1e-08,60,0.785515248352752,1.86976458741146,0.00188882742211014,0
130,19,41,1e-08,120,0.408030740614783,0.176172611271936,0.00965274561946435,0
130,19,61,1e-08,30,0.347575765941401,8.44451431950534,0.000511393838153745,0
130,19,61,1e-08,60,5.18145092548261,9.03045296367232,0.00188882742211014,0
130,19,61,1e-08,120,2.06350173545782,8.49750299709924,0.00965274561946435,0
130,19,41,1e-06,30,4.95471830969966,7.98835338313602,0.0175581569974071,0
130,19,41,1e-06,60,0.0267342073855254,1.86976458741146,0.105439709753164,1
130,19,41,1e-06,120,3.96422895946722,0.176172611271936,0.70847130360818,0
130,19,61,1e-06,30,0.025567608070208,8.44451431950534,0.0175581569974071,1
130,19,61,1e-06,60,9.74286340220911,9.03045296367232,0.105439709753164,0
130,19,61,1e-06,120,9.29860800873076,8.49750299709924,0.70847130360818,0
130,19,41,0.0001,30,4.87635688244319,7.98835338313602,1.68021537013102,1
130,19,41,0.0001,60,0.0171929966278059,1.86976458741146,10.3200544534141,1
130,19,41,0.0001,120,4.2141706995965,0.176172611271936,70.0789037415827,1
130,19,61,0.0001,30,0.00993391151748596,8.44451431950534,1.68021537013102,1
130,19,61,0.0001,60,9.03661984024052,9.03045296367232,10.3200544534141,1
130,19,61,0.0001,120,7.97522814015936,8.49750299709924,70.0789037415827,1
130,20,41,1e-08,30,0.0209949775944803,0.00530901756098614,0.000511393838153745,0
130,20,41,1e-08,60,7.74210498793431,7.19011707150504,0.00188882742211014,0
130,20,41,1e-08,120,6.95488342640838,7.8188342005192,0.00965274561946435,0
130,20,61,1e-08,30,0.168440256654068,1.64111426290514,0.000511393838153745,0
130,20,61,1e-08,60,0.787538154674712,7.88579918427044,0.00188882742211014,0
130,20,61,1e-08,120,2.65957279289772,9.31156187054306,0.00965274561946435,0
130,20,41,1e-06,30,0.00626225898580652,0.00530901756098614,0.0175581569974071,1
130,20,41,1e-06,60,7.25802972066214,7.19011707150504,0.105439709753164,0
130,20,41,1e-06,120,7.67766280627913,7.8188342005192,0.70847130360818,0
130,20,61,1e-06,30,2.68937766904744,1.64111426290514,0.0175581569974071,0
130,20,61,1e-06,60,9.25470790264286,7.88579918427044,0.105439709753164,0
130,20,61,1e-06,120,5.63734989809775,9.31156187054306,0.70847130360818,0
130,20,41,0.0001,30,0.00711799281676778,0.00530901756098614,1.68021537013102,1
130,20,41,0.0001,60,7.31405686997364,7.19011707150504,10.3200544534141,1
130,20,41,0.0001,120,7.56355823928423,7.8188342005192,70.0789037415827,1
130,20,61,0.0001,30,2.79159958124885,1.64111426290514,1.68021537013102,1
130,20,61,0.0001,60,9.58306668333456,7.88579918427044,10.3200544534141,1
130,20,61,0.0001,120,6.11598566169377,9.31156187054306,70.0789037415827,1
