seed,hiddenCount,hiddenFraction,T,durationSteps,mode,checkpointGO,eventGOLoss,eventGODeviation,postGOLoss,postGODeviation,eventGOPreservation,eventMinGO,eventPairDistanceIncrease,eventPairDistanceDeviation,postPairDistanceIncrease,postPairDistanceDeviation,eventInputMass,eventActiveNeighbors,eventFreshNeighbors,eventInputConcentration,meanPredictionError,p90PredictionError,predictionErrorCount,recoveryTime
201,7,0.466666666666667,3,10,hold,0.255017339343908,9.57012156564685e-06,0.000247610003552309,0.0002272064684923,0.000323440242656424,0.999944609983537,0.171477931401742,-9.4845422748957e-08,1.59232847107837e-07,7.57766700878015e-06,7.77133982125977e-06,0.180477235773431,15,8,0.467216098194296,0.0200893556721714,0.0347891921265454,1400,1.2
202,7,0.466666666666667,3,10,hold,0.265746187490233,3.75652429101703e-05,0.000186935823597428,0.000247071916643014,0.000750409984267881,0.999857312276203,0.25863357095732,4.49020805443068e-07,4.49020805443068e-07,2.59218007467404e-05,2.59218007467404e-05,0.180477235773431,15,8,0.343811066220199,0.0332337867735182,0.0329877451081133,1400,1.2
203,7,0.466666666666667,3,10,hold,0.210691349248003,0.000240025778961014,0.000245182229967147,0.000291442860965861,0.000294068691334317,0.998902886159406,0.21486291795527,2.22039321384759e-07,2.23255189879534e-07,4.68722957091688e-06,4.68722957091688e-06,0.180477235773431,15,8,0.405814283943533,0.0146593856942284,0.0338436252583874,1400,1.2
204,7,0.466666666666667,3,10,hold,0.359495153802557,-0.00144804105447226,0.00146067434279331,-7.33027916311213e-05,0.000449466401496327,1.00645680487107,0.222869337300938,1.41894181814872e-06,1.42832160757722e-06,1.45536497553071e-05,1.45536497553071e-05,0.180477235773431,15,8,0.577417021765836,0.0322678386194876,0.0659984915647582,1400,1.2
205,7,0.466666666666667,3,10,hold,0.70015870254017,0.000403747115303255,0.000433073472990142,-0.000282738201214994,0.000427615825183063,0.999393553754023,0.662948881525099,3.8231986238535e-07,3.87705902188396e-07,2.25706898889144e-05,2.25706898889144e-05,0.180477235773431,15,8,0.464104486992623,0.0212780227264795,0.0318613956277909,1400,1.2
206,7,0.466666666666667,3,10,hold,0.704274218716452,0.000337666034232875,0.000345846028422481,0.000166267615052812,0.000266085931785637,0.999473270545108,0.63808125472824,3.98578344390499e-07,3.98588838296243e-07,1.7990748547359e-05,1.7990748547359e-05,0.180477235773431,15,8,0.438589171908813,0.0278591582699674,0.0438283029031048,1400,1.2
207,7,0.466666666666667,3,10,hold,0.38959595460555,-1.31736272957539e-05,2.53493531124749e-05,-5.13833307589751e-06,1.745259800573e-05,1.00003611189841,0.362728108635698,2.02169290752785e-08,2.05126606922512e-08,-2.2093082356317e-07,2.37565020927699e-07,0.180477235773431,15,8,0.434478187785686,0.0153504833142608,0.0372516504163714,1400,1.2
208,7,0.466666666666667,3,10,hold,0.521825513218961,-2.77810157902514e-05,0.000147625767075532,0.000619752442958536,0.00080753410215025,1.00005000241996,0.552856264293386,6.149916696091e-07,6.149916696091e-07,3.30655983504421e-05,3.30655983504421e-05,0.180477235773431,15,8,0.457248061485365,0.0182698102780997,0.0381714369308339,1400,1.2
209,7,0.466666666666667,3,10,hold,0.757883941146569,0.00190947389663415,0.00190947389663415,-0.00182809001227052,0.00243900914183907,0.997634382305065,0.803685801473826,6.39691933461695e-06,6.39691933461695e-06,9.10566125474849e-05,9.10566125474849e-05,0.180477235773431,15,8,0.551186911274851,0.0441634401953062,0.0513947361719813,1400,1.2
210,7,0.466666666666667,3,10,hold,0.698492318522336,3.11824463193555e-05,0.000473361336404288,-0.000214347009609578,0.00054240916710745,0.999951286382177,0.634911495756983,1.64195100177261e-06,1.64195100177261e-06,2.22191153088547e-05,2.22191153088547e-05,0.180477235773431,15,8,0.557476607083376,0.0234622411796465,0.048569461330962,1400,1.2
211,7,0.466666666666667,3,10,hold,0.256447192560495,0.000132545081535174,0.000205184800623759,9.81969114526748e-05,0.000139031841264899,0.999572176898065,0.306151307366552,1.23656212469569e-07,1.355176074469e-07,2.58545889777528e-06,2.58545889777528e-06,0.180477235773431,15,8,0.311663733780624,0.0289760228054641,0.0247927171314792,1400,1.2
212,7,0.466666666666667,3,10,hold,0.249945913385791,0.00018124119032773,0.000198493948445144,-2.58417789026244e-06,0.000128747884734207,0.999433477018697,0.314863335275774,7.21067585621182e-07,7.2181247664227e-07,6.19761781293276e-06,6.19761781293276e-06,0.180477235773431,15,8,0.518641510990392,0.0283602039640376,0.0301854134686002,1400,1.2
213,7,0.466666666666667,3,10,hold,0.674500413219376,-9.03705219545969e-07,2.07793311815196e-05,5.85457968785952e-06,6.91902667742439e-06,1.00000135060342,0.66863734751703,-6.03191565029526e-09,6.38053282986384e-09,1.04418181998134e-07,1.06367223186576e-07,0.180477235773431,15,8,0.380255559108386,0.0126587615334026,0.0229653935269061,1400,1.2
214,7,0.466666666666667,3,10,hold,0.467051609443533,0.000264809711345165,0.000644768763987419,0.000519376580979583,0.0018170353075573,0.999449482718479,0.478885277505957,-5.33872284930181e-07,6.07112598688397e-07,-4.49197086155578e-05,4.49197086155578e-05,0.180477235773431,15,8,0.399238275822661,0.032343650746919,0.0609762470578348,1400,1.2
215,7,0.466666666666667,3,10,hold,0.445369691392905,0.000480033589584661,0.000554257350027254,0.00022177297633934,0.000588327974409617,0.998590461206057,0.33534099912945,6.82956345343655e-07,7.22977519829193e-07,3.1816265378401e-05,3.1816265378401e-05,0.180477235773431,15,8,0.525095840972299,0.0311846693944036,0.0337746959749023,1400,1.2
216,7,0.466666666666667,3,10,hold,0.847435176278389,-1.20809800725707e-05,1.32793645612361e-05,9.04842787255555e-06,1.6292878948001e-05,1.00001332266829,0.905592524972861,-6.08246925298817e-08,6.08246925298817e-08,8.46763346207535e-07,8.51439625645101e-07,0.180477235773431,15,8,0.494405861378097,0.0112649546558423,0.0228616361477219,1400,1.2
217,7,0.466666666666667,3,10,hold,0.358935008707022,5.37280562075526e-05,0.000250011089597563,-1.73685759145192e-05,0.000254954035352292,0.999886771505891,0.470520055166774,2.99376063106482e-08,8.84614484053525e-08,1.60353836486604e-06,1.60353836486604e-06,0.180477235773431,15,8,0.527503061792859,0.037151419067724,0.0345293372295583,1400,1.2
218,7,0.466666666666667,3,10,hold,0.349844227102502,0.000320607205457318,0.000582084152017409,-7.61638221389199e-05,7.85943283200502e-05,0.999057767980875,0.336490622932167,1.33521442823858e-06,1.33524505138705e-06,6.1594518742536e-06,6.1594518742536e-06,0.180477235773431,15,8,0.356477845088928,0.020490187368433,0.0235963683712304,1400,1.2
219,7,0.466666666666667,3,10,hold,0.496912445828087,-0.00045585545710084,0.00053296212728623,-0.000834280273974098,0.000895150149904035,1.0008093470379,0.561117019646111,9.80668409755747e-08,1.70050554498813e-07,-2.02399907162443e-05,2.02399907162443e-05,0.180477235773431,15,8,0.396460667983896,0.0349594004652268,0.0290385970295279,1400,1.2
220,7,0.466666666666667,3,10,hold,0.27818400380262,-8.49779056924016e-05,9.96349057408363e-05,-0.000119264658553336,0.000141627603728216,1.00030981140196,0.273980502686957,4.0540412181711e-07,4.18226192666626e-07,5.6484092492276e-06,5.6484092492276e-06,0.180477235773431,15,8,0.463986335011436,0.0121943492172695,0.0238540105146843,1400,1.2
221,7,0.466666666666667,3,10,hold,0.681133075162703,7.44653467646739e-05,7.4648993270765e-05,0.000320400371716911,0.000388061763463883,0.999898054143598,0.727958220668201,2.22330798615999e-07,2.22330798615999e-07,2.28922063901738e-05,2.28922063901738e-05,0.180477235773431,15,8,0.510957682089759,0.0136612015986654,0.0245383100623306,1400,1.2
222,7,0.466666666666667,3,10,hold,0.857428496491087,0.000188752164652795,0.000188752164652795,4.1859055857465e-05,4.23004562724505e-05,0.999772356178955,0.827738381734977,-4.49258572085554e-07,4.49297729512854e-07,-7.49611213576862e-08,4.52986520730059e-07,0.180477235773431,15,8,0.53845800885968,0.0231054785939406,0.0502538417555289,1400,1.2
223,7,0.466666666666667,3,10,hold,0.700443572975692,2.55930927094195e-05,2.55930927094195e-05,8.890416564866e-05,9.00188206522001e-05,0.99996677070864,0.768180727814524,1.73489192689669e-07,1.73489192689669e-07,2.22136033860842e-06,2.22136033860842e-06,0.180477235773431,15,8,0.436408726596551,0.0106520839577412,0.0237223425746853,1400,1.2
224,7,0.466666666666667,3,10,hold,0.421163045800885,-0.000789064474040613,0.000800004487316808,-0.000220371645103833,0.000239040059539736,1.00227554948891,0.343961881417027,6.29183805325728e-07,6.29220078626758e-07,7.16492724791573e-07,2.36542120079508e-06,0.180477235773431,15,8,0.515968028439096,0.0400075388410583,0.0756984278759383,1400,1.2
225,7,0.466666666666667,3,10,hold,0.373507593299514,3.10230509641962e-06,1.17265765252339e-05,6.77392394743626e-05,7.93332688239345e-05,0.999992963879414,0.440413962471378,8.97658443133054e-08,8.97660100696029e-08,2.4001260433143e-06,2.4001260433143e-06,0.180477235773431,15,8,0.363825405631075,0.0302523506461848,0.0276174457191575,1400,1.2
226,7,0.466666666666667,3,10,hold,0.583349788947039,0.000112346867670743,0.000350818025255339,0.000857083254414115,0.000860525888739354,0.999794923039952,0.538352733338904,3.37872802483319e-07,3.60102127186512e-07,3.11360690041321e-05,3.11360690041321e-05,0.180477235773431,15,8,0.482718250472829,0.0164158783853104,0.0290205769262064,1400,1.2
227,7,0.466666666666667,3,10,hold,0.918427650421985,0.000493370016052963,0.000522228710462414,0.000764991865974525,0.00113579960388935,0.999443881797996,0.885540855433861,9.79748159130045e-08,2.37936418953644e-07,5.06138672167891e-05,5.06262859335058e-05,0.180477235773431,15,8,0.53321116176891,0.0237779680685834,0.0490427893368302,1400,1.2
228,7,0.466666666666667,3,10,hold,0.882977028523904,2.80874261353814e-05,8.03345690959745e-05,-3.97798916155845e-05,0.000140228748831229,0.999968733019054,0.897661018632544,-1.85091355626998e-07,2.454643293473e-07,1.53074641028489e-05,1.53074641028489e-05,0.180477235773431,15,8,0.565320402755003,0.0167070367419106,0.0343740912522568,1400,1.2
229,7,0.466666666666667,3,10,hold,0.337913240441904,3.8109196689895e-06,9.56199256417767e-06,-4.37029244349768e-05,0.000107738671197379,0.999990125462278,0.382927126438598,9.19494670958976e-09,9.19494670958976e-09,2.63708355165704e-06,2.64035239729565e-06,0.180477235773431,15,8,0.383437058010684,0.0123554624031379,0.0247152435724107,1400,1.2
230,7,0.466666666666667,3,10,hold,0.335910998664979,-0.000358890144387414,0.000359781595853592,-0.000846021960689617,0.000846023650156553,1.00095606871901,0.375223704555308,1.25689138152918e-07,1.25689138152918e-07,-5.01035689891016e-07,1.1833397132649e-06,0.180477235773431,15,8,0.38218528715715,0.01234894474113,0.0237608694762574,1400,1.2
201,7,0.466666666666667,3,10,kalman,0.255017339343908,-2.19841413144545e-05,2.19841413144545e-05,0.000116828998067974,0.000175328369957585,1.0001272399667,0.172131918484698,-1.8150461955635e-08,1.81766702467279e-08,-5.54829567848386e-06,5.54829567848386e-06,0.180477235773431,15,8,0.465423738777597,0.0165118110501282,0.0273095631487945,1400,1.2
202,7,0.466666666666667,3,10,kalman,0.265746187490233,-0.000162017830304007,0.000192116694767586,-0.00203570236644437,0.00209384152075,1.00061540811744,0.258743575930781,-9.83521948105803e-08,1.61368506890192e-07,6.37899689364918e-05,6.37899689364918e-05,0.180477235773431,15,8,0.33910070748386,0.0436273023947587,0.0244606819179891,1400,1.2
203,7,0.466666666666667,3,10,kalman,0.210691349248003,0.000523445270542372,0.000523445270542372,0.00020000343503928,0.000202329613769085,0.997607427612186,0.214632103420389,-3.21295426677914e-06,3.21295426677914e-06,-1.03009533734261e-05,1.03009533734261e-05,0.180477235773431,15,8,0.403934816499286,0.0164864659359354,0.0252975238418833,1400,1.2
204,7,0.466666666666667,3,10,kalman,0.359495153802557,-0.000319614833690529,0.000349576501877769,3.93272061947295e-05,4.9681326098974e-05,1.00142516029409,0.21967361408827,1.89090227892263e-08,2.96692293538792e-08,1.74043787496692e-06,1.74071175513435e-06,0.180477235773431,15,8,0.578075006119529,0.0132647765919224,0.0263859572644101,1400,1.2
205,7,0.466666666666667,3,10,kalman,0.70015870254017,-0.000397162880033985,0.000397162880033985,-0.00372114529952526,0.00372114529952526,1.00059655642978,0.66536739139279,3.31764288687975e-06,3.31764288687975e-06,0.000179920053807509,0.000179920053807509,0.180477235773431,15,8,0.468664139264092,0.0427279577556389,0.0283102783070666,1400,1.2
206,7,0.466666666666667,3,10,kalman,0.704274218716452,-6.73805110224857e-05,6.73806031133983e-05,-3.78099358594119e-05,4.81675451290431e-05,1.00010510769886,0.639662022589474,-3.7945724379318e-08,8.91318957918497e-08,-1.2062508406796e-07,5.99489587997937e-07,0.180477235773431,15,8,0.439025152658504,0.0161336426193191,0.0245175232247089,1400,1.2
207,7,0.466666666666667,3,10,kalman,0.38959595460555,-6.57543036495789e-06,2.11241086259528e-05,1.00077957776762e-05,1.45972299172598e-05,1.00001802474505,0.362691232538844,-1.2699273005401e-08,2.46001641557303e-08,-1.18071427341049e-07,1.58624215866043e-07,0.180477235773431,15,8,0.434546753769694,0.0115598063129877,0.024273331166476,1400,1.2
208,7,0.466666666666667,3,10,kalman,0.521825513218961,-0.000151208744108677,0.00016914522054301,3.22938612032508e-05,0.000293194265783164,1.00027215718754,0.55286300218482,3.01446976810893e-07,3.01545919126345e-07,6.73120278050776e-06,6.73120278050776e-06,0.180477235773431,15,8,0.45414653103337,0.0263248474181622,0.0279534095395083,1400,1.2
209,7,0.466666666666667,3,10,kalman,0.757883941146569,0.00205047245935488,0.00205047245935488,-0.00202251446080284,0.00274021651304908,0.997459701365189,0.803685728564474,6.62284623231812e-06,6.62284623231812e-06,0.000105153602779987,0.000105153602779987,0.180477235773431,15,8,0.551305075635462,0.0325801468665464,0.026975504062869,1400,1.2
210,7,0.466666666666667,3,10,kalman,0.698492318522336,-5.37843795047621e-05,0.00039598640407843,0.000635772557941943,0.000646949272364814,1.00008402264791,0.635131768944645,9.85810955118904e-07,9.85810955118904e-07,-3.35063525635254e-06,3.51210352064119e-06,0.180477235773431,15,8,0.558054400961911,0.0129282927330707,0.0262035396480624,1400,1.2
211,7,0.466666666666667,3,10,kalman,0.256447192560495,0.00084684349119401,0.000847773772548649,0.00261170964050602,0.00261170964050602,0.997266596353033,0.306150675903799,6.93120697325966e-07,6.93141640961681e-07,4.17397490156435e-05,4.17397490156435e-05,0.180477235773431,15,8,0.30659596540122,0.0488401970631821,0.0267718660182221,1400,1.2
212,7,0.466666666666667,3,10,kalman,0.249945913385791,3.99620073820106e-05,0.000129306222295311,2.67178338748725e-05,0.000100211926252829,0.999875086918597,0.314863346052509,2.84626034283142e-07,2.85052883122749e-07,1.53340494313259e-08,1.66041382581028e-07,0.180477235773431,15,8,0.517712653739814,0.0229384950005195,0.0222173761802253,1400,1.2
213,7,0.466666666666667,3,10,kalman,0.674500413219376,-4.07631560002675e-05,4.13064547315378e-05,-7.33887441961678e-06,9.61650708273365e-06,1.00006092125676,0.668637346802457,1.84939285774455e-08,1.84939285774455e-08,-4.60382941835924e-08,5.82456615383364e-08,0.180477235773431,15,8,0.379817861142803,0.0214065976823863,0.0256688525436206,1400,1.2
214,7,0.466666666666667,3,10,kalman,0.467051609443533,6.26141124206947e-05,0.000171198763701624,4.62031512070793e-05,8.63014064727186e-05,0.999869830487789,0.478780687517602,-6.11713905085409e-08,1.60023006645638e-07,-1.6842188212568e-06,1.6842188212568e-06,0.180477235773431,15,8,0.400292916304706,0.0178438779343456,0.0295817798733022,1400,1.2
215,7,0.466666666666667,3,10,kalman,0.445369691392905,-0.000495061781079781,0.000631123393983918,-0.000354577862749525,0.00152686795665135,1.0014536665787,0.338360745748887,1.06709509959946e-06,1.06954331539622e-06,4.71792765797857e-05,4.71792765797857e-05,0.180477235773431,15,8,0.523912922097114,0.0271905256077654,0.0281921215791969,1400,1.2
216,7,0.466666666666667,3,10,kalman,0.847435176278389,-3.17928797055833e-05,3.28474709835547e-05,5.68486596541184e-06,2.31300390970679e-05,1.00003506056528,0.905596952467906,-2.78112718593571e-07,2.78112718593571e-07,-7.95978534761654e-07,7.95978534761654e-07,0.180477235773431,15,8,0.495310903290604,0.0219628411972636,0.0225773632036077,1400,1.2
217,7,0.466666666666667,3,10,kalman,0.358935008707022,-0.000166240388351396,0.000166462798403227,3.46728460398626e-08,0.00019762829557029,1.00035034114691,0.470517536692095,-1.33353532955072e-07,1.33353532955072e-07,-3.91172573616094e-07,6.70816122760876e-07,0.180477235773431,15,8,0.52704574657389,0.0336159453035287,0.0251443869604748,1400,1.2
218,7,0.466666666666667,3,10,kalman,0.349844227102502,0.000157390411723446,0.000279290550646205,-2.16239093564291e-05,3.93875409592187e-05,0.999537445562967,0.336292000193013,7.23916613620812e-07,7.24040812816185e-07,3.42684913260227e-06,3.42684913260227e-06,0.180477235773431,15,8,0.352264392566802,0.0348135056314626,0.0244646834404225,1400,1.2
219,7,0.466666666666667,3,10,kalman,0.496912445828087,-0.000629355846795876,0.000656808679693255,-0.000799989932439956,0.000866391122728002,1.00111738772116,0.561117021732675,-3.50086178896314e-07,4.12567366264716e-07,-2.32238006515717e-05,2.32238006515717e-05,0.180477235773431,15,8,0.399743456009965,0.0425240263078033,0.0279326291385158,1400,1.2
220,7,0.466666666666667,3,10,kalman,0.27818400380262,-5.00148958572644e-06,1.71558686769713e-05,5.18978416995422e-05,0.000103052258778599,1.00001823436913,0.273287911852252,-8.68513836571605e-08,8.68531701392339e-08,-3.43901419660592e-06,3.43901419660592e-06,0.180477235773431,15,8,0.463895731062371,0.0107003816714299,0.0236214031379762,1400,1.2
221,7,0.466666666666667,3,10,kalman,0.681133075162703,-1.17840993820839e-05,3.62696159012299e-05,2.05040981541416e-05,0.000121183894263466,1.00001613287463,0.728019751012292,-2.16641827505137e-08,2.23219439515754e-08,6.41706261286651e-06,6.41706261286651e-06,0.180477235773431,15,8,0.511444147591258,0.0112242301755225,0.024473199918291,1400,1.2
222,7,0.466666666666667,3,10,kalman,0.857428496491087,-0.000150365787723372,0.000186731490592329,4.21646823080435e-06,0.000105952307526656,1.00018134807903,0.827850656033443,-7.70831809659978e-07,7.70865663912712e-07,-8.14531673276331e-06,8.14531673276331e-06,0.180477235773431,15,8,0.541101573984083,0.0157395962069586,0.0299621898136998,1400,1.2
223,7,0.466666666666667,3,10,kalman,0.700443572975692,1.75976900128161e-05,1.77504973703613e-05,4.11391962265806e-06,6.63155000963811e-06,0.999977151695759,0.768182998337262,1.32855196988135e-07,1.32987689183128e-07,8.51763410437134e-07,8.51763410437134e-07,0.180477235773431,15,8,0.435852384339575,0.0113869901393433,0.0252561162176246,1400,1.2
224,7,0.466666666666667,3,10,kalman,0.421163045800885,-0.000494819326541024,0.000495148566856346,-0.000104199684671658,0.000107478934071611,1.00142698841813,0.343954998610229,4.99951150823019e-07,4.99958425448366e-07,2.91026978715941e-06,2.91026978715941e-06,0.180477235773431,15,8,0.512363012865481,0.0329654423769355,0.0260968130756645,1400,1.2
225,7,0.466666666666667,3,10,kalman,0.373507593299514,-3.81555162739522e-06,5.74763571844494e-06,4.51045374504022e-06,2.45936544945469e-05,1.00000865378501,0.440412092242054,2.54758444395709e-08,2.54762905826933e-08,-8.28930898761349e-07,8.29664507318584e-07,0.180477235773431,15,8,0.363756601348942,0.0290223092394916,0.0263940873743795,1400,1.2
226,7,0.466666666666667,3,10,kalman,0.583349788947039,0.000540493485132454,0.000540493574848644,0.000199243557828135,0.000214166517636813,0.999013388061861,0.53790595752746,-5.5095874704203e-07,5.5095874704203e-07,3.36268158861536e-06,4.29932571450103e-06,0.180477235773431,15,8,0.483130494995614,0.0119044863410115,0.024409827592752,1400,1.2
227,7,0.466666666666667,3,10,kalman,0.918427650421985,5.4469830104964e-05,0.000253160985986944,0.000813656185973387,0.00110088232873112,0.999938602543739,0.885540862785293,-5.21876599540727e-07,5.71398857668326e-07,8.66788122057233e-06,1.71159909252414e-05,0.180477235773431,15,8,0.536782725267765,0.0283117845258114,0.0293602664205863,1400,1.2
228,7,0.466666666666667,3,10,kalman,0.882977028523904,7.02689055507855e-05,7.02689055507855e-05,-7.29367280672899e-05,0.00013020521015376,0.999921776508806,0.897666996608111,-4.44241580535576e-07,4.60818878550429e-07,1.6301812435667e-05,1.66754344414088e-05,0.180477235773431,15,8,0.565009085852938,0.0213937072473302,0.0313799577108638,1400,1.2
229,7,0.466666666666667,3,10,kalman,0.337913240441904,3.66365690658288e-06,5.82889782125839e-06,-4.7882735440874e-06,2.29415202235839e-05,0.999990507037285,0.382944455676584,1.59682179368126e-08,1.59682179368126e-08,-4.71414608486098e-07,4.78166067401364e-07,0.180477235773431,15,8,0.383670226522841,0.0117960838017632,0.0243859248778951,1400,1.2
230,7,0.466666666666667,3,10,kalman,0.335910998664979,2.40427605951443e-06,2.53792564658961e-06,1.72043389861432e-06,5.83606464374498e-06,0.999993595106557,0.374112891518901,3.12437901162088e-08,3.12437901162088e-08,1.49960386469639e-07,1.61525822504061e-07,0.180477235773431,15,8,0.381941910474478,0.0109090594527742,0.0232817952395483,1400,1.2
201,7,0.466666666666667,3,10,kalman-gm,0.255017339343908,-4.03132499407488e-06,4.0746635963651e-06,-2.34411487480352e-05,8.46780612259468e-05,1.00002333253097,0.172130612806692,-2.45663289155651e-09,2.47565518640691e-09,1.20918727914199e-06,1.30679059726857e-06,0.180477235773431,15,8,0.466277089603657,0.00833856941827246,0.0160757533301576,1400,1.2
202,7,0.466666666666667,3,10,kalman-gm,0.265746187490233,-4.18367860967606e-06,0.000209744194384448,-0.001775012437352,0.00181559228417862,1.00001589127427,0.258725714533903,3.26777265818867e-07,3.38280104211774e-07,5.44163010243953e-05,5.44163010243953e-05,0.180477235773431,15,8,0.341276209992043,0.0335045137664673,0.0166180428463123,1400,1.2
203,7,0.466666666666667,3,10,kalman-gm,0.210691349248003,0.000345501546874494,0.000345918030036946,0.000128623179376295,0.000129171230411481,0.998420775757239,0.214987570882886,-1.53765620041213e-06,1.54319901300992e-06,-8.39607959691319e-06,8.39607959691319e-06,0.180477235773431,15,8,0.403567740924003,0.0167079821259289,0.0156908514897731,1400,1.2
204,7,0.466666666666667,3,10,kalman-gm,0.359495153802557,-0.00123472558156926,0.00124705946045616,5.65149169990356e-05,0.000261114436432824,1.00550563267864,0.222776558865318,7.15767833753267e-07,7.15767833753267e-07,7.0642892511559e-06,7.0642892511559e-06,0.180477235773431,15,8,0.578628915802016,0.0165005019299095,0.0234337020122806,1400,1.2
205,7,0.466666666666667,3,10,kalman-gm,0.70015870254017,9.90208108657575e-05,9.91330720397809e-05,0.00155650402333395,0.0015614326068427,0.999851266308174,0.664304695097048,-1.35031872562918e-06,1.35041205837072e-06,-7.28964640253921e-05,7.28964640253921e-05,0.180477235773431,15,8,0.464495996690595,0.0335784987300336,0.0194827968009479,1400,1.2
206,7,0.466666666666667,3,10,kalman-gm,0.704274218716452,8.6128312617495e-05,9.40929968004767e-05,-3.10664823972162e-05,7.30807807545031e-05,0.999865647371792,0.638965602485118,1.86942992841388e-07,1.86953531744471e-07,3.93843554349516e-06,3.93843554349516e-06,0.180477235773431,15,8,0.43871703142279,0.0170043732611331,0.0235965003674732,1400,1.2
207,7,0.466666666666667,3,10,kalman-gm,0.38959595460555,1.31540406099195e-06,1.13050445913532e-05,-5.67056689451839e-06,2.15099900906418e-05,0.999996394179313,0.3626601070999,-1.39948181460126e-08,1.76767805309952e-08,-1.42985024431275e-06,1.42985024431275e-06,0.180477235773431,15,8,0.433720756435211,0.0144422161196507,0.0172941089809209,1400,1.2
208,7,0.466666666666667,3,10,kalman-gm,0.521825513218961,-2.44991889751467e-05,0.00011978983012092,0.000316451921004495,0.000401071695797826,1.00004409553434,0.552863052098155,7.91985886189339e-07,7.92063973575896e-07,2.14577042905637e-05,2.14577042905637e-05,0.180477235773431,15,8,0.455056157229934,0.0200630123519316,0.0175597419299712,1400,1.2
209,7,0.466666666666667,3,10,kalman-gm,0.757883941146569,0.00195656776612034,0.00195656776612034,-0.00183106549525064,0.00253044996502744,0.99757603843811,0.803685916397872,6.42154795583161e-06,6.42154795583161e-06,9.22608573081174e-05,9.22608573081174e-05,0.180477235773431,15,8,0.551834180613761,0.0337323381093838,0.0192701046143924,1400,1.2
210,7,0.466666666666667,3,10,kalman-gm,0.698492318522336,1.77115368504399e-05,0.000470428998940919,0.000123968658670562,0.00022802339092404,0.99997233080983,0.635043401481623,1.34186421749671e-06,1.34186421749671e-06,1.70427029341083e-05,1.70427029341083e-05,0.180477235773431,15,8,0.557757387351986,0.011195979942635,0.0208487266236803,1400,1.2
211,7,0.466666666666667,3,10,kalman-gm,0.256447192560495,4.44766533500895e-05,0.000104445886552862,2.61314285716641e-05,5.45109378043784e-05,0.999856440242222,0.306149563286322,1.6352673593012e-08,4.77895568007369e-08,9.67755686677174e-07,9.67755686677174e-07,0.180477235773431,15,8,0.310068806046936,0.0371944496148526,0.0150435987209026,1400,1.2
212,7,0.466666666666667,3,10,kalman-gm,0.249945913385791,9.96496077177722e-05,0.000117121628224243,-2.83779622470021e-05,6.78488458235788e-05,0.999688515658345,0.314863332348834,4.40745007948551e-07,4.40745007948551e-07,2.60509540800868e-06,2.60509540800868e-06,0.180477235773431,15,8,0.518033235510581,0.0208065309773083,0.0153636533364843,1400,1.2
213,7,0.466666666666667,3,10,kalman-gm,0.674500413219376,-1.60103173529436e-05,2.31187778497288e-05,2.65880375370231e-06,3.73866624505115e-06,1.00002392770212,0.668637346994193,1.19609373905316e-08,1.19609373905316e-08,6.10364307412903e-08,6.10364307412903e-08,0.180477235773431,15,8,0.381063592676895,0.0197561382991616,0.0133510080069699,1400,1.2
214,7,0.466666666666667,3,10,kalman-gm,0.467051609443533,-0.00148788477678382,0.00148788477678382,-0.000909970740924695,0.000922487197437862,1.00309318823079,0.480303643131915,1.9020314436069e-06,1.9020314436069e-06,1.47192619472369e-05,1.47192619472369e-05,0.180477235773431,15,8,0.398157392112187,0.0325980896098872,0.0380015518228962,1400,1.2
215,7,0.466666666666667,3,10,kalman-gm,0.445369691392905,9.34242453435152e-05,0.000101939226058673,-0.000129973722424765,0.000194999961243224,0.999725675242392,0.335899546792663,4.16090813937231e-07,4.24749543714853e-07,1.54116508058505e-05,1.54116508058505e-05,0.180477235773431,15,8,0.524572188598761,0.0217411732342813,0.0173255165894686,1400,1.2
216,7,0.466666666666667,3,10,kalman-gm,0.847435176278389,-2.10044963983358e-05,2.16754467585401e-05,4.94436909309726e-06,1.20301536563827e-05,1.00002316334739,0.905592291041151,-1.76878198079877e-07,1.76878198079877e-07,-1.85713938164467e-07,2.60322825509918e-07,0.180477235773431,15,8,0.496240405856724,0.0096803368980387,0.0128433219467663,1400,1.2
217,7,0.466666666666667,3,10,kalman-gm,0.358935008707022,-1.04033579756468e-05,5.50353975583617e-05,2.67336933366447e-05,9.06231917528344e-05,1.00002192442162,0.470512154555259,-1.68309932768729e-08,1.82226733480562e-08,5.14026048005767e-07,5.37265713030366e-07,0.180477235773431,15,8,0.527330797439239,0.0289362914623966,0.0142682762684285,1400,1.2
218,7,0.466666666666667,3,10,kalman-gm,0.349844227102502,1.07530492251595e-05,0.000301206504959722,-0.000113724175918694,0.00012387463240456,0.999968397880301,0.337468545501936,4.97499621304742e-07,4.97602108345818e-07,6.20954664475981e-06,6.20954664475981e-06,0.180477235773431,15,8,0.349125065459062,0.0385754291457361,0.0148365566165483,1400,1.2
219,7,0.466666666666667,3,10,kalman-gm,0.496912445828087,-0.000583283568752191,0.00058641834469797,-0.000810723281512381,0.000877423491186821,1.00103558885008,0.561117020186205,-3.84800534719565e-07,3.91919797976259e-07,-2.20296953273569e-05,2.20296953273569e-05,0.180477235773431,15,8,0.397348728667531,0.036667279661868,0.0167092837983356,1400,1.2
220,7,0.466666666666667,3,10,kalman-gm,0.27818400380262,-1.39514716460121e-05,3.49397832664078e-05,-7.28884522156795e-05,7.58347186967587e-05,1.0000508641035,0.273325440876608,1.79282007217729e-07,1.81927043219066e-07,4.23013454234622e-06,4.23013454234622e-06,0.180477235773431,15,8,0.463944874125912,0.00625040945919356,0.01176473704771,1400,1.2
221,7,0.466666666666667,3,10,kalman-gm,0.681133075162703,2.92075446724605e-05,2.92975786491123e-05,0.000129884805492898,0.000163975328015992,0.999960013774401,0.727977863942341,8.75154050589133e-08,8.75154050589133e-08,1.16708865377976e-05,1.16708865377976e-05,0.180477235773431,15,8,0.511212650196372,0.00622225299527658,0.0128718212348078,1400,1.2
222,7,0.466666666666667,3,10,kalman-gm,0.857428496491087,-0.000182489861961743,0.000218209593853125,-6.05534195666779e-07,0.000108929780149437,1.00022009119501,0.827792983021388,-8.43806753048071e-07,8.43836570080247e-07,-7.9904463648725e-06,7.9904463648725e-06,0.180477235773431,15,8,0.541081147328635,0.0167252065138682,0.026756583345052,1400,1.2
223,7,0.466666666666667,3,10,kalman-gm,0.700443572975692,1.51988290867489e-05,1.56970951997404e-05,-2.03153350107144e-05,2.55914605915897e-05,0.999980266303655,0.768182958224681,1.58623156726323e-07,1.58623156726323e-07,4.40339007297119e-07,4.40339007297119e-07,0.180477235773431,15,8,0.436120129987727,0.00611335634881773,0.0123783028572664,1400,1.2
224,7,0.466666666666667,3,10,kalman-gm,0.421163045800885,-0.000623065298574754,0.000623246580405545,-0.000129244243589071,0.000144923443159395,1.00179683152439,0.343955989944563,6.74437603764844e-07,6.75929103094441e-07,4.94597616746417e-06,4.94597616746417e-06,0.180477235773431,15,8,0.515374226943162,0.0268670746259494,0.0368565718861413,1400,1.2
225,7,0.466666666666667,3,10,kalman-gm,0.373507593299514,-8.09901883714881e-06,1.03716977142509e-05,3.11968742039842e-05,3.98994700316052e-05,1.00001836881654,0.440414749352262,-4.10074317114262e-08,5.51640888246663e-08,8.26046658448654e-07,8.28547473091801e-07,0.180477235773431,15,8,0.363723108941182,0.0244972812622128,0.0138759473253032,1400,1.2
226,7,0.466666666666667,3,10,kalman-gm,0.583349788947039,0.000223141737293253,0.00029840810042987,0.00061900504672219,0.000626751341229421,0.999592679083159,0.537654400193466,1.80251954010058e-07,1.90361214177925e-07,2.18620111027015e-05,2.18620111027015e-05,0.180477235773431,15,8,0.482827445662868,0.00980827529166979,0.0149416648958511,1400,1.2
227,7,0.466666666666667,3,10,kalman-gm,0.918427650421985,0.000227983947522792,0.000290624665933303,0.000792289667024467,0.00110858422645277,0.999743020412962,0.885540861607558,-6.87489473030767e-07,7.49217590609308e-07,7.31137124532127e-06,1.7294453173641e-05,0.180477235773431,15,8,0.534917833096736,0.0199414545472044,0.024121067307691,1400,1.2
228,7,0.466666666666667,3,10,kalman-gm,0.882977028523904,-1.07364213519645e-07,3.5268099914032e-05,3.54659536472401e-05,6.12417797470566e-05,1.00000011951806,0.897714620857614,-3.51883276045184e-07,3.51883276045184e-07,-3.8835695160401e-06,3.8835695160401e-06,0.180477235773431,15,8,0.565445523059789,0.0173801868020199,0.0176552227254034,1400,1.2
229,7,0.466666666666667,3,10,kalman-gm,0.337913240441904,8.97673902766627e-07,3.1686731955749e-06,-3.46326008424402e-05,4.28415835268658e-05,0.99999767402213,0.382971916038146,7.51340035742842e-09,7.51340035742842e-09,-8.32834247828651e-07,8.32834247828651e-07,0.180477235773431,15,8,0.382946646748264,0.00921123247242681,0.0137654286961197,1400,1.2
230,7,0.466666666666667,3,10,kalman-gm,0.335910998664979,1.99859538204672e-06,2.4767502451617e-06,-2.13292864995163e-06,2.39463373386539e-06,0.99999467582335,0.374114805443245,3.22664719720756e-08,3.22664719720756e-08,4.42550364719851e-07,4.42550364719851e-07,0.180477235773431,15,8,0.381027265791912,0.0130251114441637,0.0136889163293619,1400,1.2
201,7,0.466666666666667,3,10,mean,0.255017339343908,-1.48642631530638e-05,1.48847713404121e-05,9.78134050654938e-05,0.000150023572892205,1.00008603148613,0.17213192622437,-1.16088050894358e-08,1.16166661012773e-08,-4.53628167777581e-06,4.53628167777581e-06,0.180477235773431,15,8,0.465506604881018,0.0165118179537109,0.0273095660671583,1400,1.2
202,7,0.466666666666667,3,10,mean,0.265746187490233,-0.000163333506893648,0.000191157283265087,-0.0020344752791388,0.00209799158521489,1.00062040558008,0.25874746475442,-9.46269642587705e-08,1.5877313476742e-07,6.46390608733688e-05,6.46390608733688e-05,0.180477235773431,15,8,0.339154399942107,0.0436272781064315,0.0244606821688569,1400,1.2
203,7,0.466666666666667,3,10,mean,0.210691349248003,0.000505087648992922,0.000505087648992922,0.000190059588507507,0.000192085466346058,0.997691336935466,0.214788709615158,-3.22498839421259e-06,3.22498839421259e-06,-1.06055855108284e-05,1.06055855108284e-05,0.180477235773431,15,8,0.404006028015466,0.016486475449946,0.0252975238417696,1400,1.2
204,7,0.466666666666667,3,10,mean,0.359495153802557,-0.000321602608060867,0.000348472084219498,3.85775906889241e-05,4.79689442352754e-05,1.00143402376601,0.219672744067112,2.55349372341174e-08,3.41685227028821e-08,1.82733974300298e-06,1.82733974300298e-06,0.180477235773431,15,8,0.578174174700939,0.0132648125485956,0.0263859572644101,1400,1.2
205,7,0.466666666666667,3,10,mean,0.70015870254017,-0.00037660843501891,0.00037660843501891,-0.00371891467430896,0.00371891467430896,1.00056568273299,0.665367271011902,3.36467697827081e-06,3.36467697827081e-06,0.000180129488664672,0.000180129488664672,0.180477235773431,15,8,0.468757375240877,0.0427279516589015,0.028310292758845,1400,1.2
206,7,0.466666666666667,3,10,mean,0.704274218716452,-6.68933489571533e-05,6.68935451819896e-05,-3.63617546776451e-05,4.67685081969371e-05,1.00010434776868,0.639662011544707,-4.02645604580254e-08,9.08008001065941e-08,-1.68050144097043e-07,5.81268695744042e-07,0.180477235773431,15,8,0.439103724888225,0.0161336470854604,0.0245175232247089,1400,1.2
207,7,0.466666666666667,3,10,mean,0.38959595460555,-2.80315350272842e-06,1.84056649757847e-05,8.50327518826854e-06,1.17679067386445e-05,1.00000768407913,0.362679948339269,-1.43479928216284e-08,2.37746800302308e-08,-3.80393026764847e-07,3.80393026764847e-07,0.180477235773431,15,8,0.434629429981946,0.011559813854368,0.0242733027650031,1400,1.2
208,7,0.466666666666667,3,10,mean,0.521825513218961,-0.000154143400575102,0.000171644900323831,2.61441872008494e-05,0.000301265550500516,1.00027743920912,0.552863100475195,3.57846725015931e-07,3.57952060389688e-07,9.09558534562288e-06,9.09558534562288e-06,0.180477235773431,15,8,0.454225957476952,0.0263248777658863,0.0279534653706593,1400,1.2
209,7,0.466666666666667,3,10,mean,0.757883941146569,0.00204714163508334,0.00204714163508334,-0.00230395612744312,0.00293429993968157,0.997463827871893,0.803685728579181,6.64382219930648e-06,6.64382219930648e-06,0.000121793237746721,0.000121793237746721,0.180477235773431,15,8,0.551397603200865,0.0325801604249733,0.026975504342003,1400,1.2
210,7,0.466666666666667,3,10,mean,0.698492318522336,-7.08564848241333e-05,0.00037824112669721,0.000619717561938669,0.000632777042295229,1.00011069290994,0.635138306642216,9.73416752059198e-07,9.73416752059198e-07,-1.91229192281206e-06,2.62511285495842e-06,0.180477235773431,15,8,0.558154558267212,0.0129282830591957,0.0262035396617053,1400,1.2
211,7,0.466666666666667,3,10,mean,0.256447192560495,0.000850650653171858,0.000851133665575399,0.00261418188826778,0.00261418188826778,0.997254307765422,0.306150676216952,6.96026089780366e-07,6.96047518838894e-07,4.17384501307572e-05,4.17384501307572e-05,0.180477235773431,15,8,0.306643252004039,0.0488401961081012,0.0267718724570871,1400,1.2
212,7,0.466666666666667,3,10,mean,0.249945913385791,4.41040366287393e-05,0.000126442959340317,2.44701984089052e-05,9.67567774760486e-05,0.999862139780294,0.314863348525021,3.0770726930085e-07,3.0813359307158e-07,1.89253547374091e-07,1.96319037920056e-07,0.180477235773431,15,8,0.517803856735679,0.0229384974556266,0.0222173770074553,1400,1.2
213,7,0.466666666666667,3,10,mean,0.674500413219376,-4.05615538818349e-05,4.11013053825515e-05,-5.79885852282191e-06,7.89860886399985e-06,1.00006061995884,0.668637346764887,1.76901862047885e-08,1.76901862047885e-08,-1.23629886750187e-08,3.91143751909961e-08,0.180477235773431,15,8,0.379887230907309,0.0214066048166339,0.0256688525436206,1400,1.2
214,7,0.466666666666667,3,10,mean,0.467051609443533,6.18120587531412e-05,0.000167320087621903,4.9751119107676e-05,8.61835874829586e-05,0.999871497890402,0.478780781154094,-1.09741092901849e-07,2.05911501949263e-07,-2.25744043695297e-06,2.25744043695297e-06,0.180477235773431,15,8,0.400355533786999,0.0178438454264829,0.0295785340003158,1400,1.2
215,7,0.466666666666667,3,10,mean,0.445369691392905,-0.000473282780910511,0.00061030225417773,-0.000335681116794725,0.00152179421926657,1.0013897161671,0.338297304184666,1.12852550691045e-06,1.13112130253334e-06,4.72269657745861e-05,4.72269657745861e-05,0.180477235773431,15,8,0.524008780020714,0.0271907433069647,0.0281921187610163,1400,1.2
216,7,0.466666666666667,3,10,mean,0.847435176278389,-3.14767155651041e-05,3.25258755487057e-05,6.83692179069828e-06,2.43394474799374e-05,1.00003471190565,0.905597132210453,-2.78870507317008e-07,2.78870507317008e-07,-7.83741322071541e-07,7.83741322071541e-07,0.180477235773431,15,8,0.495399650846477,0.0219628414552234,0.0225773632657162,1400,1.2
217,7,0.466666666666667,3,10,mean,0.358935008707022,-0.000182365987457728,0.000182602875835908,9.09921360974952e-06,0.000211790556982055,1.00038432483127,0.4705174528011,-1.4394845888055e-07,1.4394845888055e-07,-1.49912177978551e-07,6.87863314719483e-07,0.180477235773431,15,8,0.527140166277172,0.03361597210833,0.0251443856508629,1400,1.2
218,7,0.466666666666667,3,10,mean,0.349844227102502,0.000143272243885295,0.000284397499310562,-2.11869258390524e-05,3.74592477755858e-05,0.999578937424541,0.336289219978484,7.19071439225782e-07,7.19191521025841e-07,3.28870044782603e-06,3.28870044782603e-06,0.180477235773431,15,8,0.352331328373595,0.0348134325496257,0.0244648929815305,1400,1.2
219,7,0.466666666666667,3,10,mean,0.496912445828087,-0.000621944474226632,0.000647405708560056,-0.000781368915550683,0.00084936439662555,1.00110422922466,0.561117021671093,-3.45572000082228e-07,4.03529942738512e-07,-2.32882043336863e-05,2.32882043336863e-05,0.180477235773431,15,8,0.399820086542993,0.0425239153961119,0.0279326291385191,1400,1.2
220,7,0.466666666666667,3,10,mean,0.27818400380262,-2.34320273089228e-06,1.47104663971609e-05,5.86627498495307e-05,9.70014089196702e-05,1.00000854281966,0.273287987541136,-7.92430847995629e-08,7.9243879885782e-08,-3.41874102765205e-06,3.41874102765205e-06,0.180477235773431,15,8,0.463984349434831,0.0107003836780319,0.0236213943742829,1400,1.2
221,7,0.466666666666667,3,10,mean,0.681133075162703,-1.20196813813811e-05,3.54848795797169e-05,4.24649024421642e-05,0.000139066365680479,1.00001645539523,0.728020144003412,-2.25924147279066e-08,2.31678160489412e-08,6.93384015943876e-06,6.93384015943876e-06,0.180477235773431,15,8,0.511540327616737,0.011224208553253,0.0244731999182866,1400,1.2
222,7,0.466666666666667,3,10,mean,0.857428496491087,-0.000149830086307878,0.00018704236869721,4.23745303449463e-06,0.000105364649438118,1.0001807019984,0.82784614691212,-7.72361981332681e-07,7.72395636705614e-07,-8.13292564609769e-06,8.13292564609769e-06,0.180477235773431,15,8,0.541187425797798,0.015739625524144,0.0299621114223709,1400,1.2
223,7,0.466666666666667,3,10,mean,0.700443572975692,1.75220845332502e-05,1.76651678273521e-05,6.0526350079626e-06,8.62385696855705e-06,0.999977249859608,0.768182994437393,1.27011254807963e-07,1.27219362816566e-07,8.60462722959698e-07,8.60462722959698e-07,0.180477235773431,15,8,0.435924223537199,0.0113869934425164,0.0252563864845916,1400,1.2
224,7,0.466666666666667,3,10,mean,0.421163045800885,-0.000483876524851939,0.000484225165695035,-0.000107349106829485,0.000110887241499362,1.00139543093758,0.343954930035133,5.10111652962664e-07,5.10118390140146e-07,3.97037564953101e-06,3.97037564953101e-06,0.180477235773431,15,8,0.512451429395753,0.0329653456098991,0.0260968130244073,1400,1.2
225,7,0.466666666666667,3,10,mean,0.373507593299514,-3.1665596920083e-06,5.69739125561575e-06,1.03498863410167e-05,2.72293884106967e-05,1.00000718185193,0.440410821095933,2.60690032172217e-08,2.60694440312736e-08,-9.63374946448825e-07,9.63374946448825e-07,0.180477235773431,15,8,0.363814448371196,0.0290223078037272,0.026394087393748,1400,1.2
226,7,0.466666666666667,3,10,mean,0.583349788947039,0.000533122526162322,0.000533122644372208,0.000201429275259473,0.000216376519455852,0.999026842943955,0.537916783647027,-5.40047673291966e-07,5.40047673291966e-07,3.17034517581194e-06,4.1476479853747e-06,0.180477235773431,15,8,0.483202522315404,0.0119044494443703,0.0244098275927529,1400,1.2
227,7,0.466666666666667,3,10,mean,0.918427650421985,6.89657655149833e-05,0.000259219861779902,0.000817948284714634,0.00110411592215784,0.999922262974502,0.885540862717132,-4.9437819694409e-07,5.43624658247421e-07,9.80566750637291e-06,1.72328726279686e-05,0.180477235773431,15,8,0.536885529931352,0.0283116724606709,0.0293600717744384,1400,1.2
228,7,0.466666666666667,3,10,mean,0.882977028523904,6.97476656454144e-05,6.97476656454144e-05,-7.03086484487458e-05,0.000127274386957233,0.999922356754148,0.897666803481452,-4.36661272887329e-07,4.53237503333925e-07,1.50361465923868e-05,1.54298009356479e-05,0.180477235773431,15,8,0.565117917467051,0.0213937585138296,0.0313799577108638,1400,1.2
229,7,0.466666666666667,3,10,mean,0.337913240441904,3.72322497568245e-06,5.94420179507171e-06,-7.25903656700222e-06,2.31561871292374e-05,0.999990352689465,0.382943678158682,1.63191413493635e-08,1.63191413493635e-08,4.54754309048289e-07,4.54754309048289e-07,0.180477235773431,15,8,0.383736176876882,0.0117960830186784,0.0243859248778951,1400,1.2
230,7,0.466666666666667,3,10,mean,0.335910998664979,1.83909831640294e-06,1.95773186187909e-06,1.81926245331088e-06,5.13101644257663e-06,0.999995100717033,0.374116216872601,2.3571511464926e-08,2.35917790858409e-08,8.61835870447081e-08,1.06641243922123e-07,0.180477235773431,15,8,0.382008578234526,0.0109090754247155,0.0232818017045262,1400,1.2
201,7,0.466666666666667,3,10,none,0.255017339343908,0.00042909231298579,0.000958045635058502,0.00881892254737408,0.00881892254737408,0.997516496512856,0.170085481615982,-8.10867899689316e-06,8.10867899689316e-06,-0.000155102506120003,0.000155102506120003,0.09625452574583,8,8,0.498041880801772,NaN,NaN,0,1.2
202,7,0.466666666666667,3,10,none,0.265746187490233,0.00328963492897915,0.00328963492897915,5.68990334443759e-05,0.00203969856070657,0.987504658993887,0.258472539132861,4.63074706576472e-06,4.63074706576472e-06,0.000119273443177774,0.000119273443177774,0.09625452574583,8,8,0.399172501824992,NaN,NaN,0,1.2
203,7,0.466666666666667,3,10,none,0.210691349248003,-0.00421543222684216,0.00421543222684216,-0.0120472386720642,0.0120472386720642,1.01926796804983,0.221676061644215,1.85024818933732e-05,1.85024818933732e-05,0.000293266248335715,0.000293266248335715,0.09625452574583,8,8,0.434513589800144,NaN,NaN,0,1.2
204,7,0.466666666666667,3,10,none,0.359495153802557,-0.000253975685133889,0.00140438488506838,0.00897491037647894,0.00931111804376842,1.00113247579262,0.222740358183353,1.88688165436324e-05,1.88688165436324e-05,0.000665899357131608,0.000665899357131608,0.09625452574583,8,8,0.623651415421072,NaN,NaN,0,1.2
205,7,0.466666666666667,3,10,none,0.70015870254017,-0.000826388877279505,0.000849270100650434,-0.0037472264802151,0.0039941617388659,1.00124127309731,0.666101655195597,1.7670015107385e-06,1.80115383573987e-06,0.000110440876238984,0.000110440876238984,0.09625452574583,8,8,0.446191070138136,NaN,NaN,0,1.2
206,7,0.466666666666667,3,10,none,0.704274218716452,0.000165825662546404,0.000562081964589789,-0.000600775201907516,0.000981594999405987,0.999741326482427,0.64013073636291,2.30728715694961e-06,2.30940375058331e-06,-1.14029398799731e-05,1.81149840022599e-05,0.09625452574583,8,8,0.449710823817683,NaN,NaN,0,1.2
207,7,0.466666666666667,3,10,none,0.38959595460555,-0.00530476162295002,0.00530476162295002,-0.00319399153198052,0.00344460788905969,1.01454155401024,0.369229774163933,9.87188877409062e-06,9.87188877409062e-06,2.81762188626364e-05,2.81762188626364e-05,0.09625452574583,8,8,0.436132753610056,NaN,NaN,0,1.2
208,7,0.466666666666667,3,10,none,0.521825513218961,0.00259116040086583,0.00259116040086583,0.00687172388747484,0.00795611823926621,0.995336229188861,0.552263359620065,9.32056913635349e-06,9.32056913635349e-06,0.000346717693838259,0.000346717693838259,0.09625452574583,8,8,0.531882745035038,NaN,NaN,0,1.2
209,7,0.466666666666667,3,10,none,0.757883941146569,0.00156407142572524,0.00156407142572524,-0.00782113628941226,0.00782113628941226,0.998062296087231,0.803355124441623,3.57731907470571e-05,3.57731907470571e-05,0.000512461205614436,0.000512461205614436,0.09625452574583,8,8,0.600304374283755,NaN,NaN,0,1.2
210,7,0.466666666666667,3,10,none,0.698492318522336,-0.00356974172896433,0.00358267700349854,-0.00607640257744497,0.00607640257744497,1.00557669634159,0.642678436047099,1.20568735057267e-05,1.21851382632779e-05,7.22354981416834e-05,8.39352534621954e-05,0.09625452574583,8,8,0.572679547723558,NaN,NaN,0,1.2
211,7,0.466666666666667,3,10,none,0.256447192560495,0.00172779180333178,0.00203620626833413,0.0116042080222831,0.0116042080222831,0.994423110686289,0.306435071370999,-2.05867607983024e-06,2.05867607983024e-06,2.54928047676117e-05,2.91850639722124e-05,0.09625452574583,8,8,0.391309893509464,NaN,NaN,0,1.2
212,7,0.466666666666667,3,10,none,0.249945913385791,0.00242508068504418,0.00357581914326818,0.00495528518101198,0.00495528518101198,0.992419692581427,0.316426638228064,1.05444420394923e-05,1.05444420394923e-05,0.000103279985693597,0.000103279985693597,0.09625452574583,8,8,0.541028217426012,NaN,NaN,0,1.2
213,7,0.466666666666667,3,10,none,0.674500413219376,-0.00365676240280447,0.00365676240280447,-0.00576189804449498,0.00576189804449498,1.00546509601132,0.67004749100485,-1.83099970851308e-06,1.83099970851308e-06,-9.05505784228083e-05,9.05505784228083e-05,0.09625452574583,8,8,0.406785604450122,NaN,NaN,0,1.2
214,7,0.466666666666667,3,10,none,0.467051609443533,-0.00087819568701506,0.00150992591107142,-0.00235879742925141,0.00373784961045045,1.00182569551473,0.479854885550945,1.07361749379642e-05,1.07435648534326e-05,0.000225575964135817,0.000225575964135817,0.09625452574583,8,8,0.49744919274664,NaN,NaN,0,1.2
215,7,0.466666666666667,3,10,none,0.445369691392905,0.000574918380416489,0.00108784568022716,-0.00274041406794696,0.00324303398900874,0.998311847799549,0.33706513467367,1.01584040305969e-05,1.01584040305969e-05,0.00012252081620424,0.00012252081620424,0.09625452574583,8,8,0.534476842176913,NaN,NaN,0,1.2
216,7,0.466666666666667,3,10,none,0.847435176278389,0.000966476276068851,0.000966476276068851,0.00123044255950228,0.00133803037262436,0.998934188885079,0.904781214523652,8.02219786998903e-06,8.16802332282984e-06,0.000237750076111372,0.000237750076111372,0.09625452574583,8,8,0.55721515002555,NaN,NaN,0,1.2
217,7,0.466666666666667,3,10,none,0.358935008707022,0.00552858119213295,0.00552858119213295,0.00199571050338393,0.00592906302199667,0.988348863384821,0.467114464504113,3.92989831705104e-06,3.92989831705104e-06,9.71081002399271e-05,9.71081002399271e-05,0.09625452574583,8,8,0.548463457465669,NaN,NaN,0,1.2
218,7,0.466666666666667,3,10,none,0.349844227102502,-0.00267720987764082,0.00267720987764082,-0.00398518082702948,0.00398779944443866,1.00786804795929,0.341192622212309,6.85733978925129e-06,6.85733978925129e-06,9.94770899647102e-05,9.94770899647102e-05,0.09625452574583,8,8,0.361608732637765,NaN,NaN,0,1.2
219,7,0.466666666666667,3,10,none,0.496912445828087,0.00181246334958687,0.00181246334958687,-0.0024789737976709,0.00292716108638918,0.996782068042771,0.56042145752695,4.22025588093788e-06,4.22025588093788e-06,0.000129745772523119,0.000129745772523119,0.09625452574583,8,8,0.415608495627765,NaN,NaN,0,1.2
220,7,0.466666666666667,3,10,none,0.27818400380262,0.000954927028919489,0.00120869211413796,0.000345661189602213,0.00118976926000506,0.996518538799088,0.27194196430013,1.92749912908408e-06,1.92749912908408e-06,7.39084849169e-05,7.39084849169e-05,0.09625452574583,8,8,0.462458839567745,NaN,NaN,0,1.2
221,7,0.466666666666667,3,10,none,0.681133075162703,0.00160368550417623,0.00174370112633023,-0.0011651339556807,0.00233620281976761,0.997804494315456,0.728580082880467,1.26601399137394e-05,1.27005788184087e-05,0.000241915560760651,0.000241915560760651,0.09625452574583,8,8,0.521088798727004,NaN,NaN,0,1.2
222,7,0.466666666666667,3,10,none,0.857428496491087,0.000286111892794827,0.000740470611812361,0.00525717619028558,0.00618095780105741,0.999654935853891,0.827056432588911,-2.73548165306836e-06,2.73548165306836e-06,-0.000488136244527097,0.000488136244527097,0.09625452574583,8,8,0.64810900498862,NaN,NaN,0,1.2
223,7,0.466666666666667,3,10,none,0.700443572975692,1.73026580924329e-05,0.000544295369024184,-0.00236547674886058,0.00263103516567375,0.99997753475621,0.767637098334377,-8.34206279937133e-07,1.55170976249841e-06,4.32713821320663e-05,5.0377356591651e-05,0.09625452574583,8,8,0.497377876322432,NaN,NaN,0,1.2
224,7,0.466666666666667,3,10,none,0.421163045800885,0.000248723221930319,0.000849230019178265,-0.000566277890730233,0.00308046106184455,0.999282717674964,0.344551142042906,1.7012851048237e-05,1.72149539264643e-05,0.000511718846404968,0.000511718846404968,0.09625452574583,8,8,0.535040961656006,NaN,NaN,0,1.2
225,7,0.466666666666667,3,10,none,0.373507593299514,0.00283121495162464,0.00283121495162464,0.00401459309330477,0.00401459309330477,0.99357871995691,0.436406217377513,5.38629893479525e-06,5.38629893479525e-06,-1.89254289126645e-05,2.50975720033836e-05,0.09625452574583,8,8,0.421038400643335,NaN,NaN,0,1.2
226,7,0.466666666666667,3,10,none,0.583349788947039,-0.00459308806815106,0.00459308806815106,-0.00902408831496204,0.00902408831496204,1.00838418157779,0.550027456748153,1.38196405933239e-05,1.38196405933239e-05,1.54138924894928e-05,6.7298356149397e-05,0.09625452574583,8,8,0.605951605404587,NaN,NaN,0,1.2
227,7,0.466666666666667,3,10,none,0.918427650421985,0.00156753900331528,0.00156753900331528,-0.000855916395801923,0.00132976620682054,0.998233096978474,0.885173679494021,1.10205981135564e-05,1.10205981135564e-05,0.000195718806341811,0.000195718806341811,0.09625452574583,8,8,0.5148049924026,NaN,NaN,0,1.2
228,7,0.466666666666667,3,10,none,0.882977028523904,0.00132675923732454,0.00132675923732454,0.00141686525352115,0.00148072341989386,0.99852304886914,0.896042508825949,6.95730060319977e-06,6.96426859156107e-06,0.000192390701990232,0.000192390701990232,0.09625452574583,8,8,0.534055379800088,NaN,NaN,0,1.2
229,7,0.466666666666667,3,10,none,0.337913240441904,0.000830519125135787,0.000962149305755466,0.000340447357352009,0.00247751351777097,0.997848027997774,0.383466083399507,2.07308452120913e-06,2.10475069934435e-06,8.96042755103132e-06,1.16369308051245e-05,0.09625452574583,8,8,0.454533850782355,NaN,NaN,0,1.2
230,7,0.466666666666667,3,10,none,0.335910998664979,-0.00184538726109257,0.00184538726109257,-0.00772899572944201,0.00772899572944201,1.00491603645957,0.37688317651065,1.48710508146577e-06,1.52373291205654e-06,-0.000291799800621129,0.000291846172811466,0.09625452574583,8,8,0.409021707021319,NaN,NaN,0,1.2
201,7,0.466666666666667,6,20,hold,0.255017339343908,0.000145909779383543,0.000425579457512235,-0.000446199037533555,0.00171053485018001,0.999158446603258,0.171477931401742,1.50802997418431e-06,2.39427337831999e-06,4.10197179767866e-05,4.10197179767866e-05,0.180477235773431,15,8,0.467361390846104,0.0316448348712458,0.0593001655418301,2800,1.2
202,7,0.466666666666667,6,20,hold,0.265746187490233,0.00040512501990182,0.000914936774611419,0.00135043738225081,0.0014889653887852,0.998460643891768,0.25863357095732,3.77629854166894e-06,3.77629854166894e-06,5.94932549827382e-05,5.94932549827382e-05,0.180477235773431,15,8,0.342650614727757,0.0438137127080683,0.0581333791788383,2800,1.2
203,7,0.466666666666667,6,20,hold,0.210691349248003,0.000622406743055208,0.000669170542886539,0.00309645252765765,0.00309986553183692,0.997115939323038,0.206706237624474,8.29964053519761e-07,8.30571987767148e-07,-1.94771048450859e-05,1.96377797537045e-05,0.180477235773431,15,8,0.40568086294532,0.024712768297507,0.0609631342907724,2800,1.2
204,7,0.466666666666667,6,20,hold,0.359495153802557,-0.00233707956885991,0.00234339621302044,0.000293927163061954,0.00148286695224624,1.0105467819976,0.220869028928912,6.89576140645853e-06,6.90045130117278e-06,9.20618671808379e-05,9.20618671808379e-05,0.180477235773431,15,8,0.576983434428756,0.05604773993276,0.123936218052946,2800,1.2
205,7,0.466666666666667,6,20,hold,0.70015870254017,0.000350685754605096,0.000489763876718463,-0.00053464482606152,0.000687413773738504,0.999472426071341,0.66185204735407,2.91478890112884e-06,2.91748192103036e-06,4.50253210351503e-05,4.50253210351503e-05,0.180477235773431,15,8,0.463893886173228,0.03588459394682,0.0555442425604427,2800,1.2
206,7,0.466666666666667,6,20,hold,0.704274218716452,0.000356902336904436,0.000492721748346919,9.59179176960845e-05,0.000461471043460919,0.999441559273238,0.635084744698749,3.87428022514402e-06,3.87428547209689e-06,5.80023225476362e-05,5.80023225476362e-05,0.180477235773431,15,8,0.43589229564216,0.0541148628245147,0.0840499182010128,2800,1.2
207,7,0.466666666666667,6,20,hold,0.38959595460555,-0.000118505539550132,0.000332639942311888,-0.000159099481873151,0.000276666440707691,1.00032752673866,0.357393282173777,-3.97928864837027e-07,4.18293659720792e-07,-1.41357755275598e-05,1.41357755275598e-05,0.180477235773431,15,8,0.433801116242585,0.0301267137042947,0.0680697891684664,2800,1.2
208,7,0.466666666666667,6,20,hold,0.521825513218961,0.000643028813142304,0.000730732204575196,0.00171307750027094,0.00177499500813586,0.998853873969328,0.552856264293386,4.20327409466625e-06,4.20327409466625e-06,9.7833620451995e-05,9.7833620451995e-05,0.180477235773431,15,8,0.46168397985135,0.0410841121015662,0.0741086353573324,2800,1.2
209,7,0.466666666666667,6,20,hold,0.757883941146569,0.0025864575048732,0.0025864575048732,-0.00217937136381542,0.00276105313074756,0.996797784888192,0.803598892688987,2.09390022421208e-05,2.09390022421208e-05,0.000168494103181162,0.000168494103181162,0.180477235773431,15,8,0.551041843845392,0.0637968038775339,0.098328657747325,2800,1.2
210,7,0.466666666666667,6,20,hold,0.698492318522336,0.000752898785287215,0.00114164597241593,-0.000429528855581924,0.00100133099824582,0.99881845114211,0.629835040280697,6.10262420243576e-06,6.10262420243576e-06,0.000112576518751549,0.000112576518751549,0.180477235773431,15,8,0.557209474594302,0.0437727093270611,0.100299605968301,2800,1.2
211,7,0.466666666666667,6,20,hold,0.256447192560495,0.000125705354491265,0.000162708479200172,0.000250912699200154,0.000375897604993426,0.999599766688331,0.306151307366552,4.29319796788064e-07,4.35250494276729e-07,9.20357998893284e-06,9.20357998893284e-06,0.180477235773431,15,8,0.311865642790613,0.0346130032481389,0.0355803064864171,2800,1.2
212,7,0.466666666666667,6,20,hold,0.249945913385791,0.000438369143666287,0.000479790838630542,0.000454124690790131,0.000793864550704959,0.998644108567775,0.314863335275774,2.80487151626541e-06,2.80524396177595e-06,3.57245690915819e-05,3.57245690915819e-05,0.180477235773431,15,8,0.521671175438867,0.0519513403436819,0.0599534161869872,2800,1.2
213,7,0.466666666666667,6,20,hold,0.674500413219376,0.000263810644121609,0.000324526428113381,7.20528666794174e-05,9.76040258592326e-05,0.999605277903002,0.665747731872512,-7.10322169888977e-08,8.15553146432668e-08,3.6462509979468e-06,3.6462509979468e-06,0.180477235773431,15,8,0.380531713632547,0.018535452451963,0.0338943968957897,2800,1.2
214,7,0.466666666666667,6,20,hold,0.467051609443533,0.00218043821567413,0.00237041774199525,0.00354465354013119,0.00356648318329848,0.995501583822306,0.478885277505957,-4.27644301003172e-06,4.31306316691082e-06,-7.04408034309245e-05,7.04408034309245e-05,0.180477235773431,15,8,0.400014068017369,0.0663701250661458,0.121829004833351,2800,1.2
215,7,0.466666666666667,6,20,hold,0.445369691392905,0.000609396905353773,0.000782696374265698,0.00132702896797782,0.0015807476577475,0.998180891461342,0.324780364089671,4.02777981713953e-06,4.0477904043823e-06,0.000113530485381227,0.000113530485381227,0.180477235773431,15,8,0.525589094022061,0.0406085372508587,0.0566467751025295,2800,1.2
216,7,0.466666666666667,6,20,hold,0.847435176278389,6.84023396262112e-05,9.1074595554691e-05,-1.30872387484349e-05,0.000180840306683874,0.999924617713553,0.905592524972861,2.372475294804e-07,3.20903406161865e-07,1.76843937517185e-05,1.76843937517185e-05,0.180477235773431,15,8,0.494673669724201,0.0154452433172656,0.0311801158080379,2800,1.2
217,7,0.466666666666667,6,20,hold,0.358935008707022,0.000192277767708057,0.000381188730337365,2.27913759040221e-05,0.000448562736626045,0.999600049038471,0.470520055166774,3.10910880160775e-07,3.40172801208127e-07,8.43647356624733e-06,8.43647356624733e-06,0.180477235773431,15,8,0.525245822698567,0.0578060519696144,0.0637444888555949,2800,1.2
218,7,0.466666666666667,6,20,hold,0.349844227102502,-0.000308293900646497,0.000759639579383861,-0.000515629466204065,0.00055257308139204,1.00091877411218,0.327822778620095,2.94243748170664e-06,2.94245279328087e-06,2.61193679412874e-05,2.61193679412874e-05,0.180477235773431,15,8,0.362678185584789,0.0352194389618992,0.0334573375067089,2800,1.2
219,7,0.466666666666667,6,20,hold,0.496912445828087,-0.00203112918365246,0.00206968251874515,-0.000674546703562726,0.000756639617384385,1.00360067627907,0.561117019646111,-2.25730946453728e-06,2.39136816227448e-06,-1.37955242167598e-05,1.37955242167598e-05,0.180477235773431,15,8,0.395778840125553,0.0477870453402747,0.0503037303196434,2800,1.2
220,7,0.466666666666667,6,20,hold,0.27818400380262,-0.000588348309107009,0.000595676809131226,-0.0010535260299966,0.00106488177333241,1.00215237513692,0.272617652491986,1.69115907900919e-06,1.69757011443394e-06,4.2488464353084e-05,4.2488464353084e-05,0.180477235773431,15,8,0.467551917497166,0.0194020190858834,0.04092263858322,2800,1.2
221,7,0.466666666666667,6,20,hold,0.681133075162703,0.0011992286844439,0.00119932050769695,0.000858354355406311,0.00103038319678977,0.998363249114608,0.727958220668201,3.80055014934794e-06,3.80055014934794e-06,7.26483332896829e-05,7.26483332896829e-05,0.180477235773431,15,8,0.507591385802604,0.0202252455766819,0.039710926305677,2800,1.2
222,7,0.466666666666667,6,20,hold,0.857428496491087,0.000274354205139948,0.000344013625331752,-0.000242108639679489,0.000455934596846833,0.999668825344271,0.826723340478206,-3.87816207556013e-07,4.89379753382257e-07,2.86900773573034e-05,2.86900773573034e-05,0.180477235773431,15,8,0.537694141123416,0.0402433720312015,0.0956996651435107,2800,1.2
223,7,0.466666666666667,6,20,hold,0.700443572975692,4.51056525288485e-05,4.51056525288485e-05,0.000249743437283935,0.00025332989548552,0.999941619808377,0.768180727814524,3.17110524125641e-07,3.17110524125641e-07,8.20755100605974e-06,8.20755100605974e-06,0.180477235773431,15,8,0.436688301744673,0.0146773563322011,0.0321485877731365,2800,1.2
224,7,0.466666666666667,6,20,hold,0.421163045800885,-0.00143490281568527,0.00144037282232337,-0.00288228426430768,0.00288228426430768,1.00416293330281,0.343326402837419,3.20841845623948e-06,3.20843659289e-06,-2.29040985892381e-07,1.89978616966041e-05,0.180477235773431,15,8,0.514191441261381,0.0707734362685103,0.148631072086864,2800,1.2
225,7,0.466666666666667,6,20,hold,0.373507593299514,0.00139001257243848,0.00139432470815288,8.50011869633022e-05,0.000208593517775142,0.996860170789081,0.440413962471378,1.87466107193779e-06,1.87466115481594e-06,2.02512988382242e-05,2.02512988382242e-05,0.180477235773431,15,8,0.363500430670275,0.0369658136599777,0.04361732498892,2800,1.2
226,7,0.466666666666667,6,20,hold,0.583349788947039,0.00136038646422034,0.00147962204301264,0.00266245320376028,0.00266245320376028,0.997481488264511,0.525343059632402,3.11822206900264e-06,3.12933673135424e-06,0.000115795037988446,0.000115795037988446,0.180477235773431,15,8,0.486935602570107,0.0279551389403884,0.0500371101784958,2800,1.2
227,7,0.466666666666667,6,20,hold,0.918427650421985,0.000576800227353819,0.00104199197491264,0.000835489815795952,0.00133541995831702,0.999350807609484,0.885540855433861,3.59032468375542e-06,3.72039313235595e-06,0.000121284604536922,0.000121284604536922,0.180477235773431,15,8,0.532171327133401,0.0438436378184944,0.0858241890361251,2800,1.2
228,7,0.466666666666667,6,20,hold,0.882977028523904,-6.36676795414848e-05,0.000137728677150634,-0.000169518280417724,0.000330404583773467,1.00007089039451,0.897365784593767,2.14426254027678e-07,4.468507616609e-07,4.40812193667534e-05,4.40812193667534e-05,0.180477235773431,15,8,0.566321210094956,0.0263517777935278,0.0623367827418431,2800,1.2
229,7,0.466666666666667,6,20,hold,0.337913240441904,9.66639325788221e-05,0.000236330677217295,-0.000401048209984614,0.000473294676924926,0.99975162379746,0.382927126438598,9.78052360778303e-07,1.00768513637828e-06,1.93647634529281e-06,5.60996986783191e-06,0.180477235773431,15,8,0.382684554712749,0.0217806870805928,0.0353757914640582,2800,1.2
230,7,0.466666666666667,6,20,hold,0.335910998664979,-0.000849487715609237,0.000849933441342326,-0.000777501736341704,0.000784347096684505,1.00226869916504,0.374076353612391,6.60398311239097e-07,6.60398311239097e-07,3.4138513005838e-06,3.50826638681079e-06,0.180477235773431,15,8,0.382479904390424,0.018861902395654,0.0371181843687629,2800,1.2
201,7,0.466666666666667,6,20,kalman,0.255017339343908,0.000440154028660351,0.000638404261287782,0.014289424813288,0.014289424813288,0.997461355095775,0.171874088020929,-2.26405670134267e-06,2.26406980548821e-06,-4.59142838964774e-05,4.59142838964774e-05,0.180477235773431,15,8,0.465305186076571,0.0288822857265732,0.0453932741000127,2800,1.2
202,7,0.466666666666667,6,20,kalman,0.265746187490233,-0.00144361547782014,0.00145866491005193,-0.000445211399002767,0.00111212580273066,1.00548531488936,0.258743575930781,4.87320735249597e-06,5.00306770334635e-06,0.000116492375289634,0.000116492375289634,0.180477235773431,15,8,0.337684322470125,0.0503817432995567,0.0398882806824075,2800,1.2
203,7,0.466666666666667,6,20,kalman,0.210691349248003,0.000398483114750768,0.000452231619208772,0.00040677084526391,0.000431607041618523,0.998153539474774,0.209687304153892,-4.31166591933346e-06,4.31166591933346e-06,5.84953957313145e-06,6.22247957572625e-06,0.180477235773431,15,8,0.400953083386251,0.029102576114122,0.041289309285552,2800,1.2
204,7,0.466666666666667,6,20,kalman,0.359495153802557,-0.000151639343368312,0.000217297804309391,0.000273409154758675,0.000827894382436601,1.00068431863342,0.217374473470732,6.25580230770306e-08,1.39106393391708e-07,-1.05631031774185e-05,1.39809907328563e-05,0.180477235773431,15,8,0.579249570579847,0.0234206562967865,0.0461153080757142,2800,1.2
205,7,0.466666666666667,6,20,kalman,0.70015870254017,-0.000433011507633874,0.000433011507633874,-0.00429176905784588,0.00429176905784588,1.00065142532663,0.663128433281291,1.05541298115477e-05,1.05541298115477e-05,0.000197662108165164,0.000197662108165164,0.180477235773431,15,8,0.467307953217193,0.0457555204867267,0.0489668549955766,2800,1.2
206,7,0.466666666666667,6,20,kalman,0.704274218716452,0.000127208420941244,0.000246701028718127,-0.000496103735056341,0.000529258499286267,0.999800958537686,0.632858419225833,-6.34578152608478e-08,1.70531702523014e-07,-3.4565058364317e-05,3.45691421063637e-05,0.180477235773431,15,8,0.436525373344888,0.0356954563159708,0.0444546631261424,2800,1.2
207,7,0.466666666666667,6,20,kalman,0.38959595460555,-9.56026185157527e-05,0.000201778864712673,-6.8539556787835e-05,0.000270700375251782,1.00026422742741,0.356013704000241,-4.29269205486083e-07,4.35219651061247e-07,-2.22170811342473e-05,2.22170811342473e-05,0.180477235773431,15,8,0.433604976611248,0.0229861025921916,0.0411006684220719,2800,1.2
208,7,0.466666666666667,6,20,kalman,0.521825513218961,-0.000204390067525223,0.00033159533796327,-0.000256194190318791,0.000546638699431446,1.00036430214636,0.55286300218482,8.52198178613595e-07,8.52247649771321e-07,1.39117586687998e-07,1.67260400203012e-06,0.180477235773431,15,8,0.459439032651927,0.0440054469371585,0.0469958824517767,2800,1.2
209,7,0.466666666666667,6,20,kalman,0.757883941146569,0.00252045961833375,0.00252045961833375,-0.00407578456720988,0.00440254514001614,0.996879494883127,0.803685728564474,1.96168089139082e-05,1.96168089139082e-05,0.000175300474647977,0.000175300474647977,0.180477235773431,15,8,0.550858465698376,0.0408599007952461,0.0460917302194526,2800,1.2
210,7,0.466666666666667,6,20,kalman,0.698492318522336,4.38516174957715e-05,0.000587081552729118,0.00164171923089378,0.00173903549548345,0.999931182212561,0.632714628396866,5.39943543068772e-07,8.34545580711416e-07,-1.31274195236952e-06,4.22518743830758e-06,0.180477235773431,15,8,0.557966312759645,0.0240789377929,0.0481044865600495,2800,1.2
211,7,0.466666666666667,6,20,kalman,0.256447192560495,0.00155072393685089,0.00155118907752821,0.00229384756750244,0.00229384756750244,0.99506264964414,0.306150675903799,4.78130845737446e-06,4.78131892919231e-06,4.72632266421724e-05,4.72632266421724e-05,0.180477235773431,15,8,0.308932604858592,0.0607899168299465,0.0444434509028864,2800,1.2
212,7,0.466666666666667,6,20,kalman,0.249945913385791,2.23449020758409e-05,0.000445024888036563,0.000308911846623061,0.000484110108170286,0.999930886419092,0.314863346052509,2.36416150387053e-07,3.47982840517846e-07,-1.34456940299055e-05,1.34456940299055e-05,0.180477235773431,15,8,0.519952978438165,0.0404171107122423,0.0367609176529955,2800,1.2
213,7,0.466666666666667,6,20,kalman,0.674500413219376,-0.000487360913816381,0.000487632563182017,-0.00533212052599481,0.00533212052599481,1.00072920530761,0.667182200502042,-1.65248401598483e-07,2.37450699905328e-07,-8.86207025903191e-05,8.86207025903191e-05,0.180477235773431,15,8,0.383053059570251,0.0384016204182168,0.0424803532987084,2800,1.2
214,7,0.466666666666667,6,20,kalman,0.467051609443533,-5.25395898382797e-05,0.000169523436059338,-0.00207062773029741,0.00207942358642921,1.00010839332167,0.478780687517602,3.01379413289449e-07,4.74013745907498e-07,2.4696692042937e-05,2.4696692042937e-05,0.180477235773431,15,8,0.399915704386704,0.044750098500103,0.0531741268531123,2800,1.2
215,7,0.466666666666667,6,20,kalman,0.445369691392905,-0.00136759299634691,0.00143562380279898,0.000462648885417909,0.00191497795025321,1.00408239699809,0.327307429632709,5.03059450037147e-06,5.03181860826984e-06,8.60697399667751e-05,8.60697399667751e-05,0.180477235773431,15,8,0.522819490540764,0.0356970425573732,0.0461594663790388,2800,1.2
216,7,0.466666666666667,6,20,kalman,0.847435176278389,3.63024010677337e-05,0.000116548398155081,9.14119457052487e-05,0.000131717877355901,0.999959993210598,0.905596952467906,-4.49959966376812e-07,4.53865501660877e-07,6.04492000123441e-06,6.08686408628684e-06,0.180477235773431,15,8,0.495749209241415,0.025543483567908,0.0370763011381507,2800,1.2
217,7,0.466666666666667,6,20,kalman,0.358935008707022,-0.000236035632046799,0.000290180655063954,-0.000147778093087466,0.000389286654936188,1.00049097032443,0.470517536692095,-5.56406938220788e-07,5.56406938220788e-07,-7.34370678482144e-06,7.34370678482144e-06,0.180477235773431,15,8,0.524103297510364,0.0531554269470567,0.0432530617164577,2800,1.2
218,7,0.466666666666667,6,20,kalman,0.349844227102502,1.94278822374216e-05,0.000263696901815558,1.89779686906921e-06,0.000153387079734941,0.999942101237758,0.326448348843488,1.15284835111862e-06,1.1529104507163e-06,1.06439941411929e-05,1.06439941411929e-05,0.180477235773431,15,8,0.35747242651413,0.0529840866276073,0.0425218667073723,2800,1.2
219,7,0.466666666666667,6,20,kalman,0.496912445828087,-0.00138395023751901,0.00139767665396769,0.00181684031947265,0.00230688080310377,1.00245339234538,0.561117021732675,-4.14020272798687e-06,4.17144332167108e-06,-0.000102740139460482,0.000102740139460482,0.180477235773431,15,8,0.400508931638358,0.0593612611132535,0.0463761850557017,2800,1.2
220,7,0.466666666666667,6,20,kalman,0.27818400380262,0.000596278823254381,0.000664612685118543,0.000515249666774771,0.00075181784856862,0.997818612386614,0.269278723085866,-2.09157037753815e-06,2.09157127077919e-06,-2.58301458006288e-05,2.58301458006288e-05,0.180477235773431,15,8,0.467262449793307,0.0167277162142671,0.0389093667651073,2800,1.2
221,7,0.466666666666667,6,20,kalman,0.681133075162703,0.000135182787524346,0.000224175070335786,-4.19328133610175e-05,0.000276039734153456,0.999815497619395,0.728019751012292,8.21212558856088e-07,8.43205622207133e-07,1.53131443786284e-05,1.53131443786284e-05,0.180477235773431,15,8,0.508442586089053,0.0176148809568268,0.0406237509158833,2800,1.2
222,7,0.466666666666667,6,20,kalman,0.857428496491087,-0.000155051533321282,0.000190718240679699,-0.000250062339685541,0.000386875164888493,1.00018716366364,0.827304873094273,-2.01442096774002e-06,2.01443789486638e-06,1.65142738101373e-05,1.87090928105502e-05,0.180477235773431,15,8,0.541728340506787,0.0279844982747759,0.0531667843124382,2800,1.2
223,7,0.466666666666667,6,20,kalman,0.700443572975692,-6.2203480091505e-06,5.52560867749519e-05,-0.000217900842587468,0.000364048223179243,1.00000805098892,0.768182998337262,2.00090964816435e-07,2.00157210913932e-07,-9.90298060629835e-06,9.90298060629835e-06,0.180477235773431,15,8,0.435465439172266,0.0177578158735048,0.0405741241166204,2800,1.2
224,7,0.466666666666667,6,20,kalman,0.421163045800885,0.00011503951511867,0.000678471551459858,0.00166382758255444,0.00167904826679066,0.999666247899585,0.340550273755645,-4.77000537457695e-08,1.25955904255459e-06,-7.97619470942507e-05,7.97619470942507e-05,0.180477235773431,15,8,0.511158590110681,0.046428168012393,0.0487629154586229,2800,1.2
225,7,0.466666666666667,6,20,kalman,0.373507593299514,0.000270468641625871,0.000459264033843299,0.00131815733908751,0.00145513840080543,0.999389052042799,0.440412092242054,-7.23153868192883e-07,7.50749987338262e-07,-4.46890953231938e-05,4.46890953231938e-05,0.180477235773431,15,8,0.363341349342965,0.0355349384222992,0.0425018199191602,2800,1.2
226,7,0.466666666666667,6,20,kalman,0.583349788947039,0.000450583708863167,0.000450583753721262,0.00014972263535296,0.000178490738302761,0.999165825014848,0.527717012812842,-1.51744692435535e-06,1.51744692435535e-06,5.88484958120028e-06,6.26772549903565e-06,0.180477235773431,15,8,0.487575036923885,0.0189806777970136,0.0397013673129099,2800,1.2
227,7,0.466666666666667,6,20,kalman,0.918427650421985,0.000442264925295605,0.000672731187366854,0.000650358304372782,0.00107847198449385,0.999502227963032,0.885540862785293,-3.915473953707e-06,3.9402350827708e-06,-2.47379493446101e-05,2.49847937975448e-05,0.180477235773431,15,8,0.532848613359817,0.0519029988754618,0.0546972930173704,2800,1.2
228,7,0.466666666666667,6,20,kalman,0.882977028523904,0.000109298544462277,0.000118646372881093,-0.000339044483466986,0.000466199138228056,0.999878302193631,0.896986242174494,-9.40110315486575e-07,9.48398964494002e-07,6.34753407778464e-05,6.37822454350366e-05,0.180477235773431,15,8,0.563148714329923,0.035334249839288,0.053398026908732,2800,1.2
229,7,0.466666666666667,6,20,kalman,0.337913240441904,6.20059619800661e-05,9.8830438311448e-05,-7.27443054888421e-06,8.93661524925798e-05,0.9998406768175,0.382944455676584,-5.85604984504329e-08,7.84605602099919e-08,4.5715931905943e-07,5.29695227341476e-07,0.180477235773431,15,8,0.382894976209332,0.0225551645026912,0.0401539118127603,2800,1.2
230,7,0.466666666666667,6,20,kalman,0.335910998664979,-0.000140912423744063,0.000163888452710728,-0.000707269457039645,0.000722706630538993,1.00037633021905,0.372651651649025,-3.23275062596995e-07,4.87268646909289e-07,-7.48339872825521e-06,7.48339872825521e-06,0.180477235773431,15,8,0.381695002270232,0.0174756851373431,0.0384342432430644,2800,1.2
201,7,0.466666666666667,6,20,kalman-gm,0.255017339343908,-0.000151283672119294,0.000233252828373427,-0.000190004136248254,0.000297413124238075,1.00087254801345,0.172130612806692,5.05645886481054e-07,9.96087922269795e-07,1.73153463921688e-05,1.73153463921688e-05,0.180477235773431,15,8,0.46567663767668,0.0142529250359769,0.0262732721667949,2800,1.2
202,7,0.466666666666667,6,20,kalman-gm,0.265746187490233,-0.0016430256381672,0.00174580589605459,-0.00163495928127608,0.00190918133283717,1.00624301494069,0.258725714533903,4.42345625003004e-06,4.4292076692265e-06,0.000115384338679994,0.000115384338679994,0.180477235773431,15,8,0.338441380287446,0.0445431237200103,0.0292950723020184,2800,1.2
203,7,0.466666666666667,6,20,kalman-gm,0.210691349248003,0.000447889285449354,0.00044809752703058,0.000864717440981478,0.000873273236717567,0.997924604946507,0.209521892590575,-4.11777100339794e-06,4.12054240969684e-06,-6.78313106836814e-05,6.78313106836814e-05,0.180477235773431,15,8,0.403812980315061,0.0187490862716921,0.0275511089212137,2800,1.2
204,7,0.466666666666667,6,20,kalman-gm,0.359495153802557,-0.00130989058601038,0.00135822354750862,-0.000164898141420551,0.000767198430861095,1.00591127945982,0.218471525865883,3.38888443642688e-06,3.38888443642688e-06,3.22973121238646e-05,3.22973121238646e-05,0.180477235773431,15,8,0.578606862744599,0.0260088866312384,0.0510258304708362,2800,1.2
205,7,0.466666666666667,6,20,kalman-gm,0.70015870254017,0.000173409145540487,0.00017993806977657,0.00162085747588342,0.00165203589508463,0.999739122154302,0.661523427059749,-5.54976951192138e-06,5.54981617829214e-06,-7.8034873379984e-05,7.8034873379984e-05,0.180477235773431,15,8,0.465918923123885,0.0519546411118929,0.0329832424409862,2800,1.2
206,7,0.466666666666667,6,20,kalman-gm,0.704274218716452,-5.46557384439428e-05,0.000214352872001244,-7.47350241368994e-05,0.000210870478563042,1.00008551916629,0.63584839541448,1.06616126382963e-06,1.06616653328118e-06,1.7919152765758e-05,1.7919152765758e-05,0.180477235773431,15,8,0.436557851281656,0.0351679896904389,0.0430854091250179,2800,1.2
207,7,0.466666666666667,6,20,kalman-gm,0.38959595460555,0.000131767978416264,0.000160414209939058,-4.36198626188156e-06,3.00260758777837e-05,0.999635818406515,0.356405169603052,-3.96623791112938e-07,3.98464772305429e-07,-1.29712415922106e-06,1.29712415922106e-06,0.180477235773431,15,8,0.431999344360983,0.0262758863627585,0.0303396653373618,2800,1.2
208,7,0.466666666666667,6,20,kalman-gm,0.521825513218961,0.000222164271003922,0.000294308780551955,0.00117272779681371,0.00120533791252737,0.999604017349023,0.552863052098155,4.07924521395875e-06,4.07928425765203e-06,6.48884965043378e-05,6.48884965043378e-05,0.180477235773431,15,8,0.457920451252548,0.0400322801154326,0.0306628124617573,2800,1.2
209,7,0.466666666666667,6,20,kalman-gm,0.757883941146569,0.00277727181062851,0.00277727181062851,-0.00216176818816394,0.0028207219270978,0.996561543445103,0.803685916397872,1.96633782467343e-05,1.96633782467343e-05,0.000183371061978886,0.000183371061978886,0.180477235773431,15,8,0.551877053005946,0.0438353820113509,0.0379841452242289,2800,1.2
210,7,0.466666666666667,6,20,kalman-gm,0.698492318522336,0.000394707338962785,0.00062974266342577,0.00073746676609588,0.000865531611005417,0.999380572774634,0.631178160423008,3.47716269151963e-06,3.47716269151963e-06,4.74015331965161e-05,4.74015331965161e-05,0.180477235773431,15,8,0.557797374605837,0.022077928275967,0.0399389396401952,2800,1.2
211,7,0.466666666666667,6,20,kalman-gm,0.256447192560495,3.97624694248561e-05,7.03524761408642e-05,0.000242828020678796,0.000457891561646441,0.999873400263,0.306149563286322,1.05227970106925e-07,1.20946411710787e-07,9.97721469668422e-06,9.97721469668422e-06,0.180477235773431,15,8,0.310386615345708,0.0498355560571935,0.0220777273177468,2800,1.2
212,7,0.466666666666667,6,20,kalman-gm,0.249945913385791,0.000118095161342224,0.000233945299085159,-3.81686067015524e-05,0.000323665949562659,0.999634727444291,0.314863332348834,1.20781917594404e-06,1.20781917594404e-06,8.20999811188078e-06,8.20999811188078e-06,0.180477235773431,15,8,0.520786302807356,0.0378112951570732,0.0271665117625486,2800,1.2
213,7,0.466666666666667,6,20,kalman-gm,0.674500413219376,0.000186130973946913,0.000254354936944362,2.16728283906509e-05,3.56177239843358e-05,0.999721504761124,0.665747730503199,-1.64006730335453e-08,5.20000316167613e-08,1.35308579683469e-06,1.35308579683469e-06,0.180477235773431,15,8,0.381337085968569,0.0253789654748633,0.0196333610560497,2800,1.2
214,7,0.466666666666667,6,20,kalman-gm,0.467051609443533,-0.000447612005003847,0.00126967482843482,-0.000482392048655405,0.000948683302957864,1.00092345890389,0.480303643131915,3.25196413867301e-06,3.25196413867301e-06,-2.62693702594319e-05,2.79425761482388e-05,0.180477235773431,15,8,0.398941356072554,0.059302768716138,0.0764040685341936,2800,1.2
215,7,0.466666666666667,6,20,kalman-gm,0.445369691392905,-3.76753235799637e-05,0.000303392595624383,0.000643846396494546,0.00104285914569503,1.00011246447466,0.324920019267072,1.63146246414392e-06,1.63579182903273e-06,6.60788885064953e-05,6.60788885064953e-05,0.180477235773431,15,8,0.524357084281807,0.0265964585105127,0.0267395264527854,2800,1.2
216,7,0.466666666666667,6,20,kalman-gm,0.847435176278389,1.66096621331491e-05,5.86253647900103e-05,2.21085164657975e-05,7.71077534087361e-05,0.999981695446157,0.905592291041151,-2.25482823805467e-07,2.47416533245837e-07,2.92456533400043e-07,6.28107798713029e-07,0.180477235773431,15,8,0.495267798753004,0.0124681721151619,0.0183768704957421,2800,1.2
217,7,0.466666666666667,6,20,kalman-gm,0.358935008707022,-2.67856788868842e-05,0.00012456105774957,-8.76855341631105e-05,0.000225148733284149,1.00005571605159,0.470512154555259,-1.28643507632531e-07,1.31435291481075e-07,-1.88864322882953e-06,1.88864322882953e-06,0.180477235773431,15,8,0.524978357938653,0.0455211373802066,0.0244399907954915,2800,1.2
218,7,0.466666666666667,6,20,kalman-gm,0.349844227102502,-0.00025745701548088,0.000417083296286883,-0.000162271214050834,0.000176689714039721,1.0007672705828,0.326537589795132,1.55732825661559e-06,1.55737950013612e-06,1.16763926778507e-05,1.16763926778507e-05,0.180477235773431,15,8,0.351562111849358,0.0642750713799747,0.0232881815718144,2800,1.2
219,7,0.466666666666667,6,20,kalman-gm,0.496912445828087,-0.00214145109206291,0.0021430184800358,-0.000600318093421115,0.000680015909800245,1.0037962490087,0.561117020186205,-3.15477098906947e-06,3.15833062069781e-06,-2.1241929664676e-05,2.1241929664676e-05,0.180477235773431,15,8,0.398433532400978,0.0510378038526109,0.0274918848126946,2800,1.2
220,7,0.466666666666667,6,20,kalman-gm,0.27818400380262,-0.000452407690499251,0.000469529591389511,-0.000354681009147369,0.000361967931393806,1.00165505883115,0.272367636103273,8.58548674587123e-07,8.59871192587791e-07,1.85851758381067e-05,1.85851758381067e-05,0.180477235773431,15,8,0.467629098224045,0.00954052369290002,0.0183369569478069,2800,1.2
221,7,0.466666666666667,6,20,kalman-gm,0.681133075162703,0.000322639411895442,0.000322684428883768,0.000103259050875174,0.000233341020559391,0.999559650006765,0.727977863942341,1.16453458864629e-06,1.16453458864629e-06,1.92348357716154e-05,1.92348357716154e-05,0.180477235773431,15,8,0.508245053656203,0.00944791547638667,0.0199998521036178,2800,1.2
222,7,0.466666666666667,6,20,kalman-gm,0.857428496491087,-0.00020399816229455,0.00022265324965407,-0.000269637895565811,0.000407734755303351,1.00024624744182,0.827305493248192,-1.8719002749093e-06,1.87191518342539e-06,1.72298725458653e-05,1.79437808705618e-05,0.180477235773431,15,8,0.541353334736505,0.0287800261623503,0.0508993524702004,2800,1.2
223,7,0.466666666666667,6,20,kalman-gm,0.700443572975692,4.09772619891502e-06,2.45045619294837e-05,-3.08890855940525e-05,4.84770216384667e-05,0.999994696317927,0.768182958224681,2.39955325628816e-07,2.39955325628816e-07,1.48379661867148e-06,1.48379661867148e-06,0.180477235773431,15,8,0.436103576152107,0.00854587450588185,0.018196693374528,2800,1.2
224,7,0.466666666666667,6,20,kalman-gm,0.421163045800885,-0.000638329737614771,0.000683034243189182,-0.000232286146957089,0.000278305062557801,1.00185191923372,0.342177316205763,3.01389894221543e-06,3.01464469188023e-06,1.27594295548972e-05,1.27594295548972e-05,0.180477235773431,15,8,0.512216716528217,0.0487540727701453,0.0732628244497877,2800,1.2
225,7,0.466666666666667,6,20,kalman-gm,0.373507593299514,0.00036890232454839,0.000378540854650047,3.9476141407796e-05,0.000114687794331219,0.999166705166874,0.440414749352262,5.85590472465536e-07,6.46320556188518e-07,4.9126757946133e-06,4.9126757946133e-06,0.180477235773431,15,8,0.363425470560099,0.0278820245795715,0.0219250535065401,2800,1.2
226,7,0.466666666666667,6,20,kalman-gm,0.583349788947039,0.000954280840673938,0.000991914022242246,0.000999556359039191,0.00102178717855798,0.998233320045884,0.527711185329477,2.30805384727473e-06,2.31310847735866e-06,5.16755731435925e-05,5.16755731435925e-05,0.180477235773431,15,8,0.487279029261485,0.0159526354620286,0.0241643258075719,2800,1.2
227,7,0.466666666666667,6,20,kalman-gm,0.918427650421985,0.00043442715338925,0.000591432700161465,0.000622635265104214,0.00110026628303983,0.99951104942606,0.885540861607558,-4.24015792261645e-06,4.27102198140572e-06,-5.61856188502363e-05,5.61856188502363e-05,0.180477235773431,15,8,0.534287335360982,0.0426663127890891,0.0472122122308507,2800,1.2
228,7,0.466666666666667,6,20,kalman-gm,0.882977028523904,-1.94675736007399e-05,6.2246323167614e-05,1.07344195638126e-05,0.000176590300121803,1.00002167605263,0.897015589214228,-1.21609030156664e-06,1.21609030156664e-06,4.076365164251e-06,6.38570612961478e-06,0.180477235773431,15,8,0.564121561882101,0.0270167002233914,0.0264564305767616,2800,1.2
229,7,0.466666666666667,6,20,kalman-gm,0.337913240441904,-3.91332317642878e-05,0.000106011181047222,-3.63116514262757e-05,7.65577175284354e-05,1.00010055212156,0.382971916038146,-1.95591533605488e-07,2.03104933962917e-07,2.07676422668834e-06,2.0767684212275e-06,0.180477235773431,15,8,0.381986490326461,0.0171798025072571,0.0208930722909502,2800,1.2
230,7,0.466666666666667,6,20,kalman-gm,0.335910998664979,-0.000474405183444013,0.000476642856257617,-0.000741781992611773,0.000746004239305185,1.0012669784669,0.374068329875189,2.29734075202215e-07,2.29734075202215e-07,-5.45221881095292e-07,1.28211259416089e-06,0.180477235773431,15,8,0.380407818205477,0.0185773598722781,0.0214379083259226,2800,1.2
201,7,0.466666666666667,6,20,mean,0.255017339343908,0.000275675551391683,0.000503573995192869,0.0140760752731479,0.0140760752731479,0.998410005842977,0.170990766776745,-1.7934272599579e-06,1.79343119046382e-06,-3.97852965223944e-05,3.97852965223944e-05,0.180477235773431,15,8,0.46567889981799,0.0288826884351982,0.0453636040520822,2800,1.2
202,7,0.466666666666667,6,20,mean,0.265746187490233,-0.00165675691538895,0.00167066880357467,-0.000483561517265437,0.00113494074010207,1.00629518976186,0.25874746475442,5.18499639458048e-06,5.31169644409357e-06,0.000119996942383372,0.000119996942383372,0.180477235773431,15,8,0.337924174829925,0.0503795531876466,0.039890070137079,2800,1.2
203,7,0.466666666666667,6,20,mean,0.210691349248003,0.000401808467105368,0.000460293124218723,0.000338877864959221,0.000388548184143817,0.998138130711823,0.20985912945398,-4.40313234770368e-06,4.40313234770368e-06,4.81509148394454e-06,5.34554637198925e-06,0.180477235773431,15,8,0.401269224879479,0.0291027457465589,0.0412880750511688,2800,1.2
204,7,0.466666666666667,6,20,mean,0.359495153802557,-0.000152985631482389,0.000257498394334452,0.000268814429466639,0.00081930148761043,1.00069039416779,0.21737769054267,1.86826131992612e-07,2.12304757771231e-07,-6.72824255832594e-06,1.48902432306117e-05,0.180477235773431,15,8,0.579702521138192,0.0234205280845501,0.0461153080757142,2800,1.2
205,7,0.466666666666667,6,20,mean,0.70015870254017,-0.000420723764402953,0.000420723764402953,-0.0042132694154705,0.0042132694154705,1.00063293956584,0.663073085109521,1.06154635785283e-05,1.06154635785283e-05,0.000198088072833131,0.000198088072833131,0.180477235773431,15,8,0.467718454836961,0.0457555711954083,0.0489668549955766,2800,1.2
206,7,0.466666666666667,6,20,mean,0.704274218716452,0.000144133281998693,0.000260161026039385,-0.000464725291802726,0.000499473319614516,0.999774476414338,0.632855820313086,-1.02831627421529e-07,1.96778827424304e-07,-3.22193593851083e-05,3.22306081667234e-05,0.180477235773431,15,8,0.436876521789882,0.0356955169833195,0.0444546631261424,2800,1.2
207,7,0.466666666666667,6,20,mean,0.38959595460555,-1.42296059814861e-05,0.000152856138727736,0.000101966723674467,0.000144033936513295,1.00003932792051,0.355904317852603,-2.87663966745677e-07,2.92377310349978e-07,-6.69185471662309e-06,6.69185471662309e-06,0.180477235773431,15,8,0.433977190083499,0.0229863851671159,0.0411006684220724,2800,1.2
208,7,0.466666666666667,6,20,mean,0.521825513218961,-0.000168700256439003,0.000341832043589974,-0.000328700120958326,0.000574361602914778,1.00030068910029,0.552863100475195,1.21284077606587e-06,1.21289344375275e-06,8.26648350660014e-06,8.26648350660014e-06,0.180477235773431,15,8,0.459790931621748,0.0440042415945453,0.0469973137912086,2800,1.2
209,7,0.466666666666667,6,20,mean,0.757883941146569,0.00251222740921985,0.00251222740921985,-0.00391417156573976,0.00432930452891822,0.996889686933211,0.803685728579181,1.97039875897767e-05,1.97039875897767e-05,0.000188588092020645,0.000188588092020645,0.180477235773431,15,8,0.551279298463348,0.0408582577438106,0.0460917302194642,2800,1.2
210,7,0.466666666666667,6,20,mean,0.698492318522336,-3.23980625713594e-05,0.000588531081184862,0.00154498391906137,0.00171397665556923,1.00005084334651,0.632711795426127,8.85204362335856e-07,9.40497380372274e-07,1.90352659400317e-06,4.69478682620955e-06,0.180477235773431,15,8,0.558417783153675,0.0240812779616992,0.048106211229543,2800,1.2
211,7,0.466666666666667,6,20,mean,0.256447192560495,0.00157596062025772,0.00157620212645949,0.00242766323201027,0.00242766323201027,0.994982298561115,0.306150676216952,4.80573491850877e-06,4.80574563303804e-06,4.52810553716004e-05,4.52810553716004e-05,0.180477235773431,15,8,0.309156811410151,0.060789973837211,0.0444434509310687,2800,1.2
212,7,0.466666666666667,6,20,mean,0.249945913385791,4.00859277996657e-05,0.000427763002711562,0.000250304704745413,0.000439006393399494,0.99987601279232,0.314863348525021,2.91689091801162e-07,3.7424603882702e-07,-8.16116314805077e-06,8.16116314805077e-06,0.180477235773431,15,8,0.520362435455055,0.0404171425164622,0.0367607927308224,2800,1.2
213,7,0.466666666666667,6,20,mean,0.674500413219376,-0.000402179494234051,0.000402449371525088,-0.00530584617994075,0.00530584617994075,1.00060175408715,0.667182601578115,-1.3229037755802e-07,1.96971661220458e-07,-8.6665906938555e-05,8.6665906938555e-05,0.180477235773431,15,8,0.383377831289008,0.0384017131016042,0.0424803532987084,2800,1.2
214,7,0.466666666666667,6,20,mean,0.467051609443533,-2.20035797690032e-05,0.000136569652956525,-0.00193253489502072,0.00193836128607508,1.00004539512218,0.478780781154094,7.96337012720638e-08,3.42875409387045e-07,1.91958991595009e-05,1.91958991595009e-05,0.180477235773431,15,8,0.400194654019137,0.04475015372825,0.0531720026550548,2800,1.2
215,7,0.466666666666667,6,20,mean,0.445369691392905,-0.00134341784051301,0.00141192757714662,0.00107306246557187,0.00219274349119338,1.00401023182624,0.327391420020311,5.09039427213087e-06,5.09169216994232e-06,8.85975410286424e-05,8.85975410286424e-05,0.180477235773431,15,8,0.523248281607254,0.0357006166860278,0.0461594663790388,2800,1.2
216,7,0.466666666666667,6,20,mean,0.847435176278389,3.48017727397343e-05,0.000115079515583205,0.000159332930122469,0.000167487128844757,0.999961646966816,0.905597132210453,-4.77679627547412e-07,4.81528194287706e-07,6.00956961639476e-06,6.07241069375153e-06,0.180477235773431,15,8,0.496147774835221,0.0255430994190911,0.0370738795429837,2800,1.2
217,7,0.466666666666667,6,20,mean,0.358935008707022,-0.000205505127827327,0.000312545888751498,-0.000276329283497334,0.000488134981205985,1.00042746477897,0.4705174528011,-5.32919028464751e-07,5.32919028464751e-07,-1.03655156463117e-05,1.03655156463117e-05,0.180477235773431,15,8,0.524527939380974,0.0531555279206478,0.0432530617164497,2800,1.2
218,7,0.466666666666667,6,20,mean,0.349844227102502,0.000106965427435396,0.000266261751676761,3.70294905531959e-05,0.000110047893667453,0.999681222802592,0.325826300777824,9.34222420384545e-07,9.34282461284575e-07,7.70842454841492e-06,7.70842454841492e-06,0.180477235773431,15,8,0.357774696292512,0.0529841266186544,0.0425217837280534,2800,1.2
219,7,0.466666666666667,6,20,mean,0.496912445828087,-0.0013095143362008,0.00132224495336751,0.00198241333335082,0.00219580932831884,1.00232143639381,0.561117021671093,-3.96327339803049e-06,3.99225236935863e-06,-0.000100978673435361,0.000100978673435361,0.180477235773431,15,8,0.40085840533452,0.0593607202726614,0.0463764752124067,2800,1.2
220,7,0.466666666666667,6,20,mean,0.27818400380262,0.000618035650730095,0.000668065256517689,5.48860531795536e-06,0.000168495432089811,0.997739018625925,0.269277268547162,-1.88822362899299e-06,1.8882240265361e-06,-1.12082272172864e-05,1.12082272172864e-05,0.180477235773431,15,8,0.467661919518203,0.0167285417458988,0.0389095828087516,2800,1.2
221,7,0.466666666666667,6,20,mean,0.681133075162703,0.000169558632439687,0.000245499345493444,-2.15812050519226e-05,0.000288522291856709,0.999768580217125,0.728020144003412,7.666954221483e-07,7.89575537536724e-07,1.43211254744607e-05,1.43211254744607e-05,0.180477235773431,15,8,0.508878994066399,0.0176152992618784,0.0406237515317844,2800,1.2
222,7,0.466666666666667,6,20,mean,0.857428496491087,-0.000163565699550899,0.000188583825164906,-0.000250807055705103,0.000378487587172697,1.00019744116628,0.827305291266097,-1.9969362782285e-06,1.99695310591497e-06,1.57804574560977e-05,1.80966038648506e-05,0.180477235773431,15,8,0.542121644271757,0.0279846059892319,0.0531670549310599,2800,1.2
223,7,0.466666666666667,6,20,mean,0.700443572975692,-2.81996965267206e-05,7.80899070833119e-05,-0.000223090173999729,0.000367872463572967,1.00003649883318,0.768182994437393,1.68577376485901e-07,1.83372520518033e-07,-1.04427214363845e-05,1.04427214363845e-05,0.180477235773431,15,8,0.435788745400817,0.0177577342869156,0.0405771436311859,2800,1.2
224,7,0.466666666666667,6,20,mean,0.421163045800885,0.000117004969581241,0.000656435438534364,0.00167461907086599,0.0016869927473507,0.999660545732339,0.340549427768305,4.7132625944496e-07,1.24162952147427e-06,-7.74399914985865e-05,7.74399914985865e-05,0.180477235773431,15,8,0.511558181190482,0.046429672337019,0.0487492856325131,2800,1.2
225,7,0.466666666666667,6,20,mean,0.373507593299514,0.000251474619890177,0.000299751230957265,0.00129675087326188,0.00143344526149472,0.999431956679391,0.440410821095933,-4.68035880177298e-07,4.94105103801545e-07,-4.35724817309524e-05,4.35724817309524e-05,0.180477235773431,15,8,0.363601958192211,0.0355351570639392,0.0425018224739855,2800,1.2
226,7,0.466666666666667,6,20,mean,0.583349788947039,0.000453977786436061,0.000453977845541004,0.000134747168840442,0.000168463723641296,0.999159541488495,0.527717727594374,-1.55049566787219e-06,1.55049566787219e-06,5.62557346170778e-06,6.03845337583897e-06,0.180477235773431,15,8,0.487900884987019,0.0189806124857584,0.0397013673141942,2800,1.2
227,7,0.466666666666667,6,20,mean,0.918427650421985,0.000395827195193554,0.000632277995135522,0.000637332128209447,0.00106985599555817,0.999554493928934,0.885540862717132,-3.72429302054611e-06,3.74891625119778e-06,-2.43389516220013e-05,2.47566179506911e-05,0.180477235773431,15,8,0.533299643241444,0.0519006821344978,0.0547211224152623,2800,1.2
228,7,0.466666666666667,6,20,mean,0.882977028523904,0.000110095992758924,0.000116949566357988,-0.000251676511466787,0.000389781020761049,0.999877414279625,0.89693009142941,-9.68846840652959e-07,9.77134955876258e-07,5.36049893109042e-05,5.40108816986981e-05,0.180477235773431,15,8,0.563631835012507,0.0353344912497759,0.0533982880546093,2800,1.2
229,7,0.466666666666667,6,20,mean,0.337913240441904,3.05830217203817e-05,0.000100110919847729,-1.36434105481176e-05,8.80711262885325e-05,0.999921417486394,0.382943678158682,2.76009508914932e-07,2.78999215574949e-07,3.156320598241e-06,3.156320598241e-06,0.180477235773431,15,8,0.383192392630481,0.0225560452156986,0.0401539119190237,2800,1.2
230,7,0.466666666666667,6,20,mean,0.335910998664979,-0.00020023217853907,0.000215681670737208,-0.000709592773116811,0.00072298416255742,1.00053475355549,0.372652226785912,-2.4337177345346e-07,3.85848475395467e-07,-6.93516530368754e-06,6.93516530368754e-06,0.180477235773431,15,8,0.381995306440289,0.0174760261807279,0.0384342432430644,2800,1.2
201,7,0.466666666666667,6,20,none,0.255017339343908,0.00373855659343926,0.00400303325447562,0.0144743955825157,0.0144743955825157,0.978437394577576,0.16388106137319,-1.59335430784113e-05,1.59335430784113e-05,-0.000210525642026505,0.000210525642026505,0.09625452574583,8,8,0.499750463929893,NaN,NaN,0,1.2
202,7,0.466666666666667,6,20,none,0.265746187490233,0.00516486562301899,0.00516486562301899,0.00693277446085188,0.00693277446085188,0.980375027326334,0.253171386585738,2.34993887557711e-05,2.34993887557711e-05,0.000328742559886362,0.000328742559886362,0.09625452574583,8,8,0.398072510475361,NaN,NaN,0,1.2
203,7,0.466666666666667,6,20,none,0.210691349248003,-0.00603559196381609,0.00603559196381609,-0.0151986245292994,0.0151986245292994,1.02796726359291,0.22028677665332,5.9217483623146e-05,5.9217483623146e-05,0.000616742012661205,0.000616742012661205,0.09625452574583,8,8,0.434118344679765,NaN,NaN,0,1.2
204,7,0.466666666666667,6,20,none,0.359495153802557,-0.00189196367462639,0.00246716827459364,0.0139179034394369,0.0143298202292293,1.00853806121518,0.221676295403476,7.09235705895428e-05,7.09235705895428e-05,0.00139257148455272,0.00139257148455272,0.09625452574583,8,8,0.625426814649031,NaN,NaN,0,1.2
205,7,0.466666666666667,6,20,none,0.70015870254017,-0.00189913230221592,0.00191057291390139,-0.0159246001176136,0.0159246001176136,1.00285706697967,0.666070059277611,1.4928953817403e-05,1.49460299799037e-05,0.000309997799742595,0.000309997799742595,0.09625452574583,8,8,0.44690832495759,NaN,NaN,0,1.2
206,7,0.466666666666667,6,20,none,0.704274218716452,-0.0011027057479061,0.00146665956147419,-0.00569945967569149,0.00569945967569149,1.00172539021349,0.638941547757284,1.29280954157152e-05,1.2929153712532e-05,-6.11902867755643e-06,7.18884395684033e-05,0.09625452574583,8,8,0.447376144742216,NaN,NaN,0,1.2
207,7,0.466666666666667,6,20,none,0.38959595460555,-0.00919818226980506,0.00919818226980506,-0.00738479158794061,0.00738479158794061,1.02542202374542,0.369229774163933,2.98950442830626e-05,2.98950442830626e-05,3.79562254348528e-05,9.07590583611764e-05,0.09625452574583,8,8,0.435210543123477,NaN,NaN,0,1.2
208,7,0.466666666666667,6,20,none,0.521825513218961,0.00661257861550414,0.00661257861550414,0.0107547557256481,0.0166664807869501,0.988213827551431,0.552263359620065,4.59322817782298e-05,4.59322817782298e-05,0.00121389200160146,0.00121389200160146,0.09625452574583,8,8,0.543724667099983,NaN,NaN,0,1.2
209,7,0.466666666666667,6,20,none,0.757883941146569,-0.000553861658268862,0.00211793308399411,-0.0164586409360852,0.0164586409360852,1.00068571943232,0.803355124441623,0.000123634495273586,0.000123634495273586,0.0011068283826239,0.0011068283826239,0.09625452574583,8,8,0.598853748898745,NaN,NaN,0,1.2
210,7,0.466666666666667,6,20,none,0.698492318522336,-0.00706698721129446,0.00707345484856157,-0.022352884749455,0.022352884749455,1.01109045575767,0.642678436047099,4.6153298609973e-05,4.62174309887486e-05,0.000285874672035858,0.00028814888045497,0.09625452574583,8,8,0.572414047382206,NaN,NaN,0,1.2
211,7,0.466666666666667,6,20,none,0.256447192560495,0.00411281181052192,0.00426701904302309,0.0073340804368487,0.00735920996772143,0.986905217380276,0.306435071370999,2.88565734189172e-06,4.94433342172196e-06,3.18786081431188e-05,3.18786081431188e-05,0.09625452574583,8,8,0.391535092822074,NaN,NaN,0,1.2
212,7,0.466666666666667,6,20,none,0.249945913385791,0.00539752347354377,0.00597289270265577,0.00649041047105071,0.00649041047105071,0.983305266945102,0.316426638228064,2.9969851624112e-05,2.9969851624112e-05,0.000226303775109731,0.000226303775109731,0.09625452574583,8,8,0.546741860514719,NaN,NaN,0,1.2
213,7,0.466666666666667,6,20,none,0.674500413219376,-0.00580077443698594,0.00580077443698594,-0.00639859771242252,0.00639859771242252,1.00867930806054,0.67004749100485,-7.05117860411442e-06,7.05117860411442e-06,-8.34248820345151e-05,8.34248820345151e-05,0.09625452574583,8,8,0.406743177093722,NaN,NaN,0,1.2
214,7,0.466666666666667,6,20,none,0.467051609443533,0.000311466474821781,0.00150552727386502,-0.00568608628851017,0.00713361274284188,0.999357420073141,0.479854885550945,4.977005839569e-05,4.97737533534243e-05,0.000460675078598545,0.000460675078598545,0.09625452574583,8,8,0.494816659712498,NaN,NaN,0,1.2
215,7,0.466666666666667,6,20,none,0.445369691392905,-0.00288021651424669,0.00371159854456852,-0.00642196440915798,0.00642196440915798,1.00859772409118,0.334175553526308,4.03633718476432e-05,4.03633718476432e-05,0.000512425674198345,0.000512425674198345,0.09625452574583,8,8,0.535051010038925,NaN,NaN,0,1.2
216,7,0.466666666666667,6,20,none,0.847435176278389,0.000709751164127165,0.000715467054538993,-0.000657686778940284,0.00127605533370082,0.999217824041502,0.904781214523652,4.37423356142747e-05,4.38152483406951e-05,0.000583404080512212,0.000583404080512212,0.09625452574583,8,8,0.557463709671215,NaN,NaN,0,1.2
217,7,0.466666666666667,6,20,none,0.358935008707022,0.0117345385084752,0.0117345385084752,0.00845605971750264,0.0085365215421465,0.975591354031673,0.467114464504113,1.53855652618884e-05,1.53855652618884e-05,0.00027530518242092,0.00027530518242092,0.09625452574583,8,8,0.544562753618683,NaN,NaN,0,1.2
218,7,0.466666666666667,6,20,none,0.349844227102502,-0.00793478703943235,0.00793478703943235,-0.0120981212811362,0.0120981212811362,1.02364716558526,0.341192622212309,3.67737828175896e-05,3.67737828175896e-05,0.000253999152740671,0.000253999152740671,0.09625452574583,8,8,0.37039759727834,NaN,NaN,0,1.2
219,7,0.466666666666667,6,20,none,0.496912445828087,0.00128308762310493,0.0015011320144022,-0.00285269452039162,0.00322169180627992,0.997725411457988,0.56042145752695,1.76017752434698e-05,1.76017752434698e-05,0.000243368877069236,0.000243368877069236,0.09625452574583,8,8,0.413919118161445,NaN,NaN,0,1.2
220,7,0.466666666666667,6,20,none,0.27818400380262,0.000636218215191159,0.00139400372467308,-0.00376325259457248,0.00382345438410615,0.997672500716269,0.27108069819283,1.57107477866542e-05,1.57107477866542e-05,0.000351397845504217,0.000351397845504217,0.09625452574583,8,8,0.46847467624416,NaN,NaN,0,1.2
221,7,0.466666666666667,6,20,none,0.681133075162703,0.00417409706782051,0.00424410487889751,-0.000295046969146781,0.00339856850372971,0.994303040645967,0.727532745182468,5.04000612114891e-05,5.04202806638238e-05,0.000559475944659197,0.000559475944659197,0.09625452574583,8,8,0.516165732119006,NaN,NaN,0,1.2
222,7,0.466666666666667,6,20,none,0.857428496491087,-0.000186274376077217,0.000826382121789665,0.00157647115638827,0.00349112028340247,1.00022485294999,0.827056432588911,-8.00211872115236e-06,8.00211872115236e-06,-0.000411113222117553,0.000411113222117553,0.09625452574583,8,8,0.650350283649812,NaN,NaN,0,1.2
223,7,0.466666666666667,6,20,none,0.700443572975692,0.00135070863155951,0.00161420498702539,-0.00118554066386907,0.00250132908347658,0.998251779448545,0.767637098334377,1.05901567664018e-05,1.17831147876196e-05,0.000278130601887631,0.000278130601887631,0.09625452574583,8,8,0.498890240850677,NaN,NaN,0,1.2
224,7,0.466666666666667,6,20,none,0.421163045800885,-0.000485405540273973,0.00129234795938006,-0.00855136656142297,0.0106768474585675,1.00140825627135,0.34179541416235,8.16367840909701e-05,8.17378355300838e-05,0.00104293818443726,0.00104293818443726,0.09625452574583,8,8,0.532933891341786,NaN,NaN,0,1.2
225,7,0.466666666666667,6,20,none,0.373507593299514,0.0050613152876849,0.0050613152876849,0.00378244408911342,0.00399776280916791,0.988567250468776,0.435309309126843,1.33522326132784e-05,1.33522326132784e-05,-7.77718906372882e-05,9.80486452747009e-05,0.09625452574583,8,8,0.420717799390132,NaN,NaN,0,1.2
226,7,0.466666666666667,6,20,none,0.583349788947039,-0.00850423778286553,0.00850423778286553,-0.00837327049696392,0.00837327049696392,1.01574407215953,0.541649435134915,4.37659664695639e-05,4.37659664695639e-05,0.000112393570560515,0.000119963700446666,0.09625452574583,8,8,0.613081638992772,NaN,NaN,0,1.2
227,7,0.466666666666667,6,20,none,0.918427650421985,0.00236746789136034,0.00236746789136034,-0.00257477604574122,0.0038523015899775,0.997335399559546,0.885173679494021,4.839417981366e-05,4.839417981366e-05,0.000517187291256051,0.000517187291256051,0.09625452574583,8,8,0.5122106881725,NaN,NaN,0,1.2
228,7,0.466666666666667,6,20,none,0.882977028523904,0.00171183624044164,0.00171183624044164,-9.53959253044256e-05,0.0010798666397586,0.998093966243098,0.895500033945811,3.13168542740896e-05,3.13203382682703e-05,0.000384284284623488,0.000384284284623488,0.09625452574583,8,8,0.536115647611908,NaN,NaN,0,1.2
229,7,0.466666666666667,6,20,none,0.337913240441904,0.00182278974965433,0.00188860483996417,0.00706809501201364,0.00709664028394017,0.995316375157003,0.383466083399507,5.07487349479252e-06,5.09070658386013e-06,0.000165358974491472,0.000165358974491472,0.09625452574583,8,8,0.453584421432978,NaN,NaN,0,1.2
230,7,0.466666666666667,6,20,none,0.335910998664979,-0.00217298730129357,0.00217298730129357,-0.00611817835584799,0.00611817835584799,1.00580332638778,0.374570035210525,4.79852740961628e-07,1.63601919709044e-06,-0.000281222484514281,0.000281222484514281,0.09625452574583,8,8,0.40937864434759,NaN,NaN,0,1.2
201,7,0.466666666666667,10.2,34,hold,0.255017339343908,-0.00206475096833594,0.0024009211076864,0.000145426132093883,0.0032513094979341,1.01194016847231,0.171477931401742,1.74530513470596e-05,1.79743709965511e-05,0.000157944339440904,0.000157944339440904,0.180477235773431,15,8,0.467049563144112,0.053057809820162,0.0976335771692272,4760,1.2
202,7,0.466666666666667,10.2,34,hold,0.265746187490233,0.00128186957326288,0.00158175884073912,0.00416032865727891,0.00418418096838501,0.995142762264521,0.25863357095732,1.33666269502564e-05,1.33666269502564e-05,0.00013029268877565,0.00013029268877565,0.180477235773431,15,8,0.340951558512758,0.0663132914395931,0.0958901727669666,4760,1.2
203,7,0.466666666666667,10.2,34,hold,0.210691349248003,0.00214685404487628,0.00217436216242412,0.00383475236864897,0.00383782061328196,0.989853775611739,0.196068009148759,7.85468076691664e-07,8.39791939815224e-07,-1.61648137294423e-05,1.61648137294423e-05,0.180477235773431,15,8,0.405630910612714,0.0398093217832426,0.100016362915314,4760,1.2
204,7,0.466666666666667,10.2,34,hold,0.359495153802557,-0.0042210248325673,0.00422474050560291,0.00308811460852931,0.00388837245546609,1.01918936795681,0.220869028928912,3.19085269089213e-05,3.19112856705179e-05,0.00031052474399929,0.00031052474399929,0.180477235773431,15,8,0.576130928690059,0.0905100537470173,0.215674322700572,4760,1.2
205,7,0.466666666666667,10.2,34,hold,0.70015870254017,0.000917085379430595,0.0010103588679572,0.00027690829260262,0.00119911405954563,0.998616768725369,0.654624063608409,7.77533737028765e-06,7.77692149964149e-06,0.000119679849069726,0.000119679849069726,0.180477235773431,15,8,0.463228291287179,0.0553303229805679,0.0923047941245043,4760,1.2
206,7,0.466666666666667,10.2,34,hold,0.704274218716452,-0.000331932693418727,0.000908702802775366,-0.00010815021880383,0.00117357010238829,1.00052240488144,0.626568846911459,1.78671247532043e-05,1.78671278396472e-05,0.000168252734657266,0.000168252734657266,0.180477235773431,15,8,0.435071312824094,0.0864784910733935,0.148745781899487,4760,1.2
207,7,0.466666666666667,10.2,34,hold,0.38959595460555,-0.000445650899581578,0.000704583474997491,0.000242291516531674,0.000316467590044335,1.00124011368546,0.355305455987454,-3.5523217605053e-06,3.5643010516134e-06,1.99978342883575e-05,2.03018715365386e-05,0.180477235773431,15,8,0.432735361678571,0.0619077449788922,0.11611477548448,4760,1.2
208,7,0.466666666666667,10.2,34,hold,0.521825513218961,0.00256732754402797,0.00261891777428261,0.00356498780247156,0.00467469205837767,0.995493725559087,0.552856264293386,2.07952388374783e-05,2.07952388374783e-05,0.000323860943147551,0.000323860943147551,0.180477235773431,15,8,0.465860236999056,0.0709368031438308,0.132615908058048,4760,1.2
209,7,0.466666666666667,10.2,34,hold,0.757883941146569,0.00355969076957096,0.00355969076957096,-0.000106835815104582,0.0017428698665587,0.995580393993987,0.792060380395451,5.66073106743892e-05,5.66073106743892e-05,0.000485061004904566,0.000485061004904566,0.180477235773431,15,8,0.551332855503905,0.0924224678624662,0.168122670496748,4760,1.2
210,7,0.466666666666667,10.2,34,hold,0.698492318522336,0.000907359783577023,0.00125227720222376,0.000159056337611317,0.00168247103185207,0.99856840714036,0.625585853116987,2.82163680666401e-05,2.82163680666401e-05,0.000336279724920341,0.000336279724920341,0.180477235773431,15,8,0.553700474146919,0.0844911197298616,0.180266327910984,4760,1.2
211,7,0.466666666666667,10.2,34,hold,0.256447192560495,-7.20957667410799e-05,0.000513134542323226,0.000208884610831365,0.000552957251107059,1.0002258405619,0.306151307366552,2.48643361997578e-06,2.48992226555735e-06,3.15704182178705e-05,3.15704182178705e-05,0.180477235773431,15,8,0.312240011631068,0.044063567185462,0.0552860301358522,4760,1.2
212,7,0.466666666666667,10.2,34,hold,0.249945913385791,0.00121494129815816,0.00142026315929389,0.000743198143932055,0.00138145685496753,0.996296563790532,0.314863335275774,1.10751808225327e-05,1.10753999081271e-05,0.000115946279775921,0.000115946279775921,0.180477235773431,15,8,0.523393198728655,0.0765575226868833,0.105128533717667,4760,1.2
213,7,0.466666666666667,10.2,34,hold,0.674500413219376,0.000531225584759673,0.000566940943838523,0.000207582840845018,0.000261427534913317,0.999205518786962,0.665747731872512,1.15905832274754e-06,1.24881569429587e-06,2.19688232640375e-05,2.19688232640375e-05,0.180477235773431,15,8,0.380907743806143,0.0291371885414366,0.0516077032335307,4760,1.2
214,7,0.466666666666667,10.2,34,hold,0.467051609443533,0.00578494242989389,0.00589669509243573,0.00751937314973285,0.00751937314973285,0.988164067794092,0.478885277505957,-1.67487373762298e-05,1.67702786449822e-05,-0.00011803597809527,0.00011803597809527,0.180477235773431,15,8,0.396343214755306,0.111863737335252,0.218217393927022,4760,1.2
215,7,0.466666666666667,10.2,34,hold,0.445369691392905,0.000842987724281735,0.00120656738315411,0.00459347519959634,0.00461468366344499,0.997429924655024,0.309574512085425,2.02425809603603e-05,2.02543518940325e-05,0.000242941689386429,0.000242941689386429,0.180477235773431,15,8,0.5259080206227,0.0545206112891887,0.0893066564097733,4760,1.2
216,7,0.466666666666667,10.2,34,hold,0.847435176278389,0.000109803974328291,0.000273809412653148,-2.81048077103885e-05,0.000131084572605754,0.999879065048571,0.905592524972861,1.75542475635625e-06,1.80463409558064e-06,2.198373912604e-05,2.198373912604e-05,0.180477235773431,15,8,0.495104752750473,0.0221881163040711,0.0473557059118719,4760,1.2
217,7,0.466666666666667,10.2,34,hold,0.358935008707022,0.000493290886337676,0.000847348749560331,-0.00155102994765629,0.00248519747101985,0.998987519940485,0.470520055166774,2.21032190740682e-06,2.22753480214055e-06,4.00080591944163e-05,4.00080591944163e-05,0.180477235773431,15,8,0.523469633240373,0.0890701910382007,0.106668705484483,4760,1.2
218,7,0.466666666666667,10.2,34,hold,0.349844227102502,-0.00120098248123469,0.00146647993931549,-0.000449624188745793,0.000736766245017563,1.00365941804434,0.314897601099203,1.03607409071038e-05,1.03607499139121e-05,5.91368069587128e-05,5.91368069587128e-05,0.180477235773431,15,8,0.365067984021289,0.0507051239676576,0.0523573588443194,4760,1.2
219,7,0.466666666666667,10.2,34,hold,0.496912445828087,-0.00400761493339807,0.00403029336580554,-0.00122768389325353,0.00140971001222258,1.00711337711402,0.561117019646111,-4.13562247812285e-06,4.21448053561532e-06,-3.77651336779583e-05,3.77651336779583e-05,0.180477235773431,15,8,0.392218851289245,0.0770236904194168,0.0874256654699519,4760,1.2
220,7,0.466666666666667,10.2,34,hold,0.27818400380262,-0.00189749952506319,0.00190181040743038,-0.00406901862788311,0.00406901862788311,1.00701473537076,0.267125965112903,1.34331643946276e-05,1.34369355919363e-05,0.000168571016717322,0.000168571016717322,0.180477235773431,15,8,0.468630148012528,0.0307303348466363,0.0676825646191497,4760,1.2
221,7,0.466666666666667,10.2,34,hold,0.681133075162703,0.00228036586284634,0.0022804198765246,0.0011910221344655,0.00153658001783043,0.996895378470322,0.727958220668201,1.53210075841991e-05,1.53210075841991e-05,0.000158167439647716,0.000158167439647716,0.180477235773431,15,8,0.50625635469055,0.0302629226390765,0.0636786603394906,4760,1.2
222,7,0.466666666666667,10.2,34,hold,0.857428496491087,5.61123300110384e-05,0.000446359360767955,-0.00383772836902971,0.00387660047784196,0.999932210548556,0.826122616485108,2.92291714407226e-06,3.4389147681536e-06,0.000174839872629192,0.000174839872629192,0.180477235773431,15,8,0.537794407086104,0.068324458703886,0.159367785031874,4760,1.2
223,7,0.466666666666667,10.2,34,hold,0.700443572975692,-0.000324344189467699,0.00049161844012975,0.000333904220351721,0.00033890769277754,1.0004184107764,0.768180727814524,2.04415398820297e-06,2.04415398820297e-06,3.50212099614544e-05,3.50212099614544e-05,0.180477235773431,15,8,0.438920898597745,0.0273320217385158,0.0500405102870389,4760,1.2
224,7,0.466666666666667,10.2,34,hold,0.421163045800885,-0.00256308159090518,0.00256629924186877,-0.00476070737039177,0.00476070737039177,1.00744491685557,0.343326402837419,1.03365584098981e-05,1.0336569078516e-05,4.05423191232951e-05,4.20732464497953e-05,0.180477235773431,15,8,0.511893485760964,0.113605621558365,0.261237225237748,4760,1.2
225,7,0.466666666666667,10.2,34,hold,0.373507593299514,0.00133065669272575,0.00133319324314599,0.000348478717125002,0.000784526089141168,0.997001734399531,0.440413962471378,5.50774540487118e-06,5.50774545362303e-06,0.000103188755167607,0.000103188755167607,0.180477235773431,15,8,0.36309112099744,0.0544350638785399,0.0707170852958896,4760,1.2
226,7,0.466666666666667,10.2,34,hold,0.583349788947039,0.00258321409882027,0.00265335267458044,0.00462374236328472,0.00462374236328472,0.995154781962664,0.513726107410811,1.30884179660492e-05,1.30949560027266e-05,0.000259365086622848,0.000259365086622848,0.180477235773431,15,8,0.484729182950003,0.0466506319110621,0.0810867750633931,4760,1.2
227,7,0.466666666666667,10.2,34,hold,0.918427650421985,0.00168481744982861,0.00195845965427498,0.000765887547533755,0.0014649627982856,0.998109076942276,0.885540855433861,2.02840218413109e-05,2.03605326934289e-05,0.000237185048565869,0.000237185048565869,0.180477235773431,15,8,0.534265114626353,0.082681311443541,0.145910820343892,4760,1.2
228,7,0.466666666666667,10.2,34,hold,0.882977028523904,-0.000179084008228708,0.000235492357563215,-0.000516091644150211,0.00111602367445704,1.00019959104023,0.895402771935882,2.23995171851147e-06,2.37667201711925e-06,0.000105592691750477,0.000105592691750477,0.180477235773431,15,8,0.568031023789925,0.0432982623259205,0.101492442272455,4760,1.2
229,7,0.466666666666667,10.2,34,hold,0.337913240441904,-0.00013505979580778,0.000502172521184261,-0.00224825331451789,0.00228536584407635,1.00034348108718,0.382927126438598,3.60458387384162e-06,3.62201491831219e-06,-3.36582620439507e-05,3.85721774413061e-05,0.180477235773431,15,8,0.376950513220032,0.0364967907776811,0.0548749386494549,4760,1.2
230,7,0.466666666666667,10.2,34,hold,0.335910998664979,-0.00138695059652317,0.00138721278813087,-0.000594804002066289,0.00061194204342314,1.00372075786485,0.370964035738983,4.57313605272582e-06,4.57313605272582e-06,9.96940038344274e-06,9.96940038344274e-06,0.180477235773431,15,8,0.385197107256248,0.0288269714178026,0.0615848624186137,4760,1.2
201,7,0.466666666666667,10.2,34,kalman,0.255017339343908,0.00189664849808203,0.00201326628198052,0.0228329116601163,0.0228329116601163,0.989031944797634,0.166002348196516,-7.72599974825405e-06,7.72600745657496e-06,-0.00014689755383732,0.00014689755383732,0.180477235773431,15,8,0.46506255631198,0.0524372687271607,0.0731031354464173,4760,1.2
202,7,0.466666666666667,10.2,34,kalman,0.265746187490233,-0.000289107736112071,0.0015084024387849,0.00681208666022088,0.00681208666022088,1.00109548197005,0.258743575930781,1.75537255103497e-05,1.76301139520264e-05,0.000249838387745451,0.000249838387745451,0.180477235773431,15,8,0.333403077574376,0.0736533014905562,0.0631226040307766,4760,1.2
203,7,0.466666666666667,10.2,34,kalman,0.210691349248003,0.000383344791427777,0.000525429809266988,0.000557109894388553,0.000621566273294952,0.998188278201222,0.201051751024205,-2.23768409174374e-06,3.79431634070177e-06,1.54560079882643e-05,1.54560079882643e-05,0.180477235773431,15,8,0.400150967651549,0.0372192437526056,0.0641060191541332,4760,1.2
204,7,0.466666666666667,10.2,34,kalman,0.359495153802557,0.000156211072599961,0.000410541724871359,0.000892089295580588,0.00125827131585444,0.999289842663819,0.21539186163176,-1.41078274052996e-06,1.52940886786452e-06,-1.19431275782486e-05,1.59576333312245e-05,0.180477235773431,15,8,0.579490814363595,0.043996529858547,0.0820204450010849,4760,1.2
205,7,0.466666666666667,10.2,34,kalman,0.70015870254017,-0.00153085861232379,0.00153085861232379,-0.00831093147528125,0.00831093147528125,1.00230897968401,0.662093710903581,2.81786997223761e-05,2.81786997223761e-05,0.000382611179871806,0.000382611179871806,0.180477235773431,15,8,0.465060681557943,0.0650359354529846,0.0818894267940204,4760,1.2
206,7,0.466666666666667,10.2,34,kalman,0.704274218716452,0.000107773379991823,0.000306325695021951,1.17039288028042e-05,0.000606615177748366,0.999830383264701,0.625867868948898,1.0567338830745e-06,1.21884091387992e-06,-2.51289008909766e-05,3.04790504754066e-05,0.180477235773431,15,8,0.434561504148065,0.0628124553271328,0.0773931150075375,4760,1.2
207,7,0.466666666666667,10.2,34,kalman,0.38959595460555,-0.000324419464444402,0.000417516043919025,0.000394068137359788,0.000437156748998999,1.00090276271867,0.354845916017043,-5.51061476963739e-06,5.51411503174043e-06,-1.32928255746381e-05,1.32928255746381e-05,0.180477235773431,15,8,0.431670664398897,0.0498764754942906,0.069591824956249,4760,1.2
208,7,0.466666666666667,10.2,34,kalman,0.521825513218961,-0.000514144066308136,0.000608432760969593,0.000544520481185774,0.00134299861403279,1.00090244591904,0.55286300218482,3.78418069188153e-07,9.0627701235981e-07,-2.60083312143147e-05,2.61040081022554e-05,0.180477235773431,15,8,0.463419405993017,0.0712364338200016,0.0788600377126043,4760,1.2
209,7,0.466666666666667,10.2,34,kalman,0.757883941146569,0.00277636329224372,0.00277636329224372,0.00239373365519355,0.00245087422078485,0.996552950052245,0.793254138773151,4.68450283066532e-05,4.68450283066532e-05,0.000225029190178162,0.000225029190178162,0.180477235773431,15,8,0.550398926186993,0.0575838286088549,0.0809829284016974,4760,1.2
210,7,0.466666666666667,10.2,34,kalman,0.698492318522336,-0.000344107435247712,0.000824470428716163,0.00165913073354101,0.00186691128053026,1.00054291776665,0.626210842814494,2.59341978138865e-06,2.77423909606925e-06,1.36229778547187e-07,1.24783626132184e-05,0.180477235773431,15,8,0.55390646974156,0.0536436193202276,0.0867276421144836,4760,1.2
211,7,0.466666666666667,10.2,34,kalman,0.256447192560495,0.00142668011223987,0.001426953724403,0.00215986296759059,0.00215986296759059,0.995530913217681,0.306150675903799,1.13963143196929e-05,1.13963204795858e-05,0.000101665207556544,0.000101665207556544,0.180477235773431,15,8,0.310184635502343,0.0757068432362371,0.0702511619044897,4760,1.2
212,7,0.466666666666667,10.2,34,kalman,0.249945913385791,0.00199985673164735,0.0022484920175066,0.000239518985329157,0.000662543803747485,0.993903950878154,0.314863346052509,-4.6039813579476e-06,4.9477454702446e-06,-3.62241938866389e-05,3.62241938866389e-05,0.180477235773431,15,8,0.519844265163329,0.0562103361907448,0.0582897068415971,4760,1.2
213,7,0.466666666666667,10.2,34,kalman,0.674500413219376,-0.00170718054654593,0.00170734034029042,-0.00579517993041004,0.00579517993041004,1.00255319568636,0.667182200502042,-4.26880665908438e-06,4.31127859926488e-06,-0.0001381820801808,0.0001381820801808,0.180477235773431,15,8,0.384339934845474,0.0521977858182981,0.0665929887222942,4760,1.2
214,7,0.466666666666667,10.2,34,kalman,0.467051609443533,-4.76776980007855e-05,0.000403336295451169,-0.00123609852144207,0.00142800752722554,1.00009754807556,0.478780687517602,3.68661448446279e-06,3.78816409188517e-06,9.88754873112496e-05,9.88754873112496e-05,0.180477235773431,15,8,0.394416644312695,0.0852495096124583,0.0923217310967486,4760,1.2
215,7,0.466666666666667,10.2,34,kalman,0.445369691392905,-0.00283579734595354,0.00292079957206588,-0.00206488223911375,0.00314735369263447,1.00864569273342,0.316932585690714,2.00397094483084e-05,2.0040429511778e-05,0.000112137395489885,0.000112137395489885,0.180477235773431,15,8,0.52077858279323,0.0489852113534821,0.0722456024906948,4760,1.2
216,7,0.466666666666667,10.2,34,kalman,0.847435176278389,5.53935934724264e-05,0.000231622203211389,0.000160728455746179,0.000210456144631993,0.999938991083182,0.905596952467906,-3.55063234161457e-07,4.76665571710562e-07,-1.10620816745213e-05,1.10620816745213e-05,0.180477235773431,15,8,0.495597263812362,0.0345901593973934,0.0584106343055515,4760,1.2
217,7,0.466666666666667,10.2,34,kalman,0.358935008707022,-0.000829124376216925,0.000860974389756428,-0.00115696914051104,0.00120895664278272,1.00170177864831,0.470517536692095,-3.18867083228062e-06,3.18867083228062e-06,-5.10031865150984e-05,5.10031865150984e-05,0.180477235773431,15,8,0.520863183890589,0.0825090669786074,0.0714025724802583,4760,1.2
218,7,0.466666666666667,10.2,34,kalman,0.349844227102502,-0.000113156736283931,0.000475960755091511,-0.00278655359000743,0.00278655359000743,1.00034479087669,0.313564889466516,3.3579882529774e-06,3.35802478215251e-06,-3.23755018670413e-05,3.34433810104395e-05,0.180477235773431,15,8,0.359152561471152,0.0693678881354216,0.068791590587022,4760,1.2
219,7,0.466666666666667,10.2,34,kalman,0.496912445828087,-0.0036054498539193,0.00361352421653618,-0.0030152594477855,0.00334261828146211,1.00639954808604,0.561117021732675,-1.80182492096843e-05,1.80366260294985e-05,-0.000168995028505134,0.000168995028505134,0.180477235773431,15,8,0.394899074549177,0.0835802608330494,0.0761788456445178,4760,1.2
220,7,0.466666666666667,10.2,34,kalman,0.27818400380262,0.000131308336768409,0.000746939160922387,0.000477514766753858,0.00104665478305833,0.999514575249037,0.260835322729631,-5.83476904190727e-06,5.83476956734317e-06,-2.94025350023278e-05,2.94025350023278e-05,0.180477235773431,15,8,0.467335895450013,0.0257789076884916,0.0617451727738699,4760,1.2
221,7,0.466666666666667,10.2,34,kalman,0.681133075162703,0.000395151534345527,0.000506197711855975,0.00270912693090214,0.00270912693090214,0.999462017923964,0.728019751012292,1.51797356744143e-06,1.8041959247583e-06,-4.45920779131945e-05,4.45920779131945e-05,0.180477235773431,15,8,0.506842510911504,0.0269474395207875,0.0631420337831239,4760,1.2
222,7,0.466666666666667,10.2,34,kalman,0.857428496491087,-3.31250766215456e-06,0.000488751498361296,0.00142198055044503,0.00178226142036774,1.0000040018491,0.825395977014426,-3.67988274654161e-06,3.67989270367477e-06,-0.000214932131775257,0.000214932131775257,0.180477235773431,15,8,0.54186966386664,0.0501911441072338,0.0868754616249192,4760,1.2
223,7,0.466666666666667,10.2,34,kalman,0.700443572975692,-0.00151355303940795,0.00154239759162313,0.000133325217291445,0.000357892562054227,1.00195251502235,0.768182998337262,-2.69500693139527e-06,2.93044703476607e-06,7.18909996191952e-06,7.56857585061277e-06,0.180477235773431,15,8,0.436194658288929,0.0328846304135279,0.0623249372233898,4760,1.2
224,7,0.466666666666667,10.2,34,kalman,0.421163045800885,0.00054181436296011,0.000985831669057505,0.0012085822221345,0.0012476388135148,0.998426205822825,0.340304477896114,-5.81681427077253e-06,6.5296724994836e-06,-0.00011862331296612,0.00011862331296612,0.180477235773431,15,8,0.508762572830764,0.0709324984439512,0.0899094774471125,4760,1.2
225,7,0.466666666666667,10.2,34,kalman,0.373507593299514,0.00019692027656181,0.00107307813184212,0.000575757487470571,0.00191853696498766,0.99955629480205,0.440412092242054,-7.09603553681261e-06,7.1122685480746e-06,-0.000206384782150469,0.000206384782150469,0.180477235773431,15,8,0.362403714279071,0.0521038928777247,0.0661276925959839,4760,1.2
226,7,0.466666666666667,10.2,34,kalman,0.583349788947039,0.000223005668073272,0.000444450683986993,-0.000305599290349098,0.000339101230460169,0.999581718338456,0.520506802966097,-1.60707318506817e-06,1.60707318506817e-06,-1.79350793503277e-05,1.79350793503277e-05,0.180477235773431,15,8,0.484906848683346,0.0330875517975413,0.0617301324791457,4760,1.2
227,7,0.466666666666667,10.2,34,kalman,0.918427650421985,0.000940610140928366,0.00115245510443932,0.00629261197247837,0.00629261197247837,0.998944323965786,0.885540862785293,-1.15791840280862e-05,1.15937493981237e-05,9.90404051756316e-05,0.00011097009558298,0.180477235773431,15,8,0.531748422743018,0.0982451499195738,0.0975372834847874,4760,1.2
228,7,0.466666666666667,10.2,34,kalman,0.882977028523904,-1.0332618741883e-05,0.000264052671707136,-0.026081297460004,0.026081297460004,1.00001151581397,0.895603407794174,-4.21036988184206e-07,1.61111811460328e-06,-0.000513799680036693,0.000514011141321369,0.180477235773431,15,8,0.560179658444566,0.0543082945195151,0.089486885266584,4760,1.2
229,7,0.466666666666667,10.2,34,kalman,0.337913240441904,0.000132377384509911,0.000347708567105417,-0.00161754833638872,0.00162804941940984,0.999663340761934,0.382944455676584,1.18402970444363e-06,1.29763985006813e-06,-5.07083600486996e-05,5.08049994095999e-05,0.180477235773431,15,8,0.376466859376887,0.0389541185531645,0.0629859659549019,4760,1.2
230,7,0.466666666666667,10.2,34,kalman,0.335910998664979,-0.000364332697861403,0.000470481925749787,0.000929473758326941,0.00102797788422678,1.00097739151949,0.368259281624945,-2.8021188726824e-06,2.89858568698375e-06,-6.99074511580461e-05,6.99074511580461e-05,0.180477235773431,15,8,0.383074265940199,0.0270570325401532,0.060448788983461,4760,1.2
201,7,0.466666666666667,10.2,34,kalman-gm,0.255017339343908,1.53958378832299e-06,0.000670868839874503,0.0111888299656702,0.0112441104965853,0.99999109680049,0.169927362146126,5.10737814819179e-06,5.39587346336164e-06,3.28216328255104e-05,3.28216328255104e-05,0.180477235773431,15,8,0.464947576611321,0.0302602294542643,0.0466060050117143,4760,1.2
202,7,0.466666666666667,10.2,34,kalman-gm,0.265746187490233,-0.00184401455825879,0.00190447353348667,-0.000324159095995058,0.00115799533178523,1.00698730766684,0.258725714533903,1.79229902447917e-05,1.79263734325543e-05,0.000272435827408123,0.000272435827408123,0.180477235773431,15,8,0.337306408424873,0.0613877121873753,0.0547490759415208,4760,1.2
203,7,0.466666666666667,10.2,34,kalman-gm,0.210691349248003,0.000701041643861105,0.000701164138908885,0.00104774386529311,0.00105964785187773,0.996686814438501,0.199765688073444,-7.56826859912525e-06,7.5698988381246e-06,-7.62850051750433e-05,7.62850051750433e-05,0.180477235773431,15,8,0.403964501486513,0.0240515114752832,0.0495622407043732,4760,1.2
204,7,0.466666666666667,10.2,34,kalman-gm,0.359495153802557,-0.00145132199915457,0.00158163388757885,0.00160036165289921,0.00201332513570715,1.00659791234837,0.216930220920785,1.06116179868286e-05,1.06116179868286e-05,0.000101316939180442,0.000101316939180442,0.180477235773431,15,8,0.578705948002979,0.0440072502762378,0.107687740346208,4760,1.2
205,7,0.466666666666667,10.2,34,kalman-gm,0.70015870254017,0.000710703687270948,0.000714544230939232,0.00163778823033103,0.00170171777534103,0.99892805229559,0.657567054813656,-1.22444637531293e-05,1.22444912039357e-05,-6.81184178132466e-05,6.81184178132466e-05,0.180477235773431,15,8,0.464360614544228,0.0609318405432909,0.0570643993929245,4760,1.2
206,7,0.466666666666667,10.2,34,kalman-gm,0.704274218716452,-8.01818063236739e-05,0.000362242439135202,5.88281900017285e-05,0.000365577936877005,1.00012619235121,0.626937666046931,6.22543679682116e-06,6.22543989649854e-06,5.59951171665657e-05,5.59951171665657e-05,0.180477235773431,15,8,0.436278606583842,0.0587787060719417,0.077551329324059,4760,1.2
207,7,0.466666666666667,10.2,34,kalman-gm,0.38959595460555,0.000338803668787016,0.000377894529297114,0.000186868619683974,0.000217368337845897,0.999057210325975,0.353789362762293,-4.40340081448541e-08,1.05529823857988e-06,2.23102957269306e-05,2.23102957269306e-05,0.180477235773431,15,8,0.42974527501992,0.0543298980648568,0.0570137086763078,4760,1.2
208,7,0.466666666666667,10.2,34,kalman-gm,0.521825513218961,0.00119114414998927,0.00123358209678223,0.00260539294127032,0.00269869518770691,0.997909256864779,0.552863052098155,1.68952931696654e-05,1.68953161365438e-05,0.000194412579452318,0.000194412579452318,0.180477235773431,15,8,0.460949352324798,0.0684057712065482,0.0540854568259642,4760,1.2
209,7,0.466666666666667,10.2,34,kalman-gm,0.757883941146569,0.00410282808187513,0.00410282808187513,0.00269078359381701,0.00280778984901985,0.994906050888661,0.788922881197421,5.16085822351624e-05,5.16085822351624e-05,0.000408966385982349,0.000408966385982349,0.180477235773431,15,8,0.552361402636646,0.0616100402045652,0.0749152361052463,4760,1.2
210,7,0.466666666666667,10.2,34,kalman-gm,0.698492318522336,0.000197400141205323,0.000657393393188952,0.00288240183556068,0.00295662911329875,0.999688550630349,0.625288184852615,1.37611700994319e-05,1.37611700994319e-05,0.000161063838896587,0.000161063838896587,0.180477235773431,15,8,0.554632658543257,0.0518448678427958,0.079491157920232,4760,1.2
211,7,0.466666666666667,10.2,34,kalman-gm,0.256447192560495,0.000804386281685807,0.000822380403283459,0.00493152540897736,0.00493152540897736,0.997480253584164,0.306149563286322,3.2762807221022e-06,3.28552686422211e-06,0.000101394296999751,0.000101394296999751,0.180477235773431,15,8,0.311636267678671,0.066540820178515,0.0339936340714765,4760,1.2
212,7,0.466666666666667,10.2,34,kalman-gm,0.249945913385791,0.000263841240187997,0.00123882291271288,0.000502935376563391,0.000976277957485472,0.999195747807779,0.314863332348834,3.92721569561167e-06,3.92721569561167e-06,5.53902329678424e-05,5.53902329678424e-05,0.180477235773431,15,8,0.522186301711154,0.0545142503086518,0.0508193440924423,4760,1.2
213,7,0.466666666666667,10.2,34,kalman-gm,0.674500413219376,0.000326936708533614,0.000367068535051297,0.000103588887537593,0.000134883958195353,0.999511045626878,0.665747730503199,7.17549009654483e-07,7.57784718272311e-07,1.30882540450833e-05,1.30882540450833e-05,0.180477235773431,15,8,0.382510987772095,0.0357021434176797,0.0295376651875037,4760,1.2
214,7,0.466666666666667,10.2,34,kalman-gm,0.467051609443533,-0.000160301483752505,0.00113273273163977,-0.003211865307199,0.00326280914314511,1.00032797517299,0.480303643131915,5.18744548547984e-06,5.18744548547984e-06,2.2739779313441e-06,1.37304966058771e-05,0.180477235773431,15,8,0.395548793685012,0.0958790204326436,0.162864535917392,4760,1.2
215,7,0.466666666666667,10.2,34,kalman-gm,0.445369691392905,-0.000576265711078945,0.00120176239872219,0.000703831881524865,0.00145533445143753,1.0017569013801,0.310292437212239,1.21027163970976e-05,1.21052630823263e-05,0.000170292388171994,0.000170292388171994,0.180477235773431,15,8,0.52389909689352,0.0354919386849269,0.0450978877940553,4760,1.2
216,7,0.466666666666667,10.2,34,kalman-gm,0.847435176278389,-7.94339416647442e-06,9.38011148240665e-05,8.25696603787884e-05,9.60240649934363e-05,1.00000874862676,0.905592291041151,-5.90136788202973e-07,6.03038970226719e-07,-9.91153643671305e-07,1.82880075477287e-06,0.180477235773431,15,8,0.495279011117904,0.0195777108445953,0.0273511074367159,4760,1.2
217,7,0.466666666666667,10.2,34,kalman-gm,0.358935008707022,-0.000205716116820148,0.000342166030711241,-0.000361412539862069,0.000614346161240431,1.00042223254467,0.470512154555259,-6.17325025648694e-07,6.18967251441955e-07,-9.58343923693483e-06,9.58343923693483e-06,0.180477235773431,15,8,0.523093131014796,0.0713605892834973,0.0448971357184198,4760,1.2
218,7,0.466666666666667,10.2,34,kalman-gm,0.349844227102502,-0.000714832211613993,0.000808730023852818,9.10919553531397e-06,0.000469680166501641,1.00217810828612,0.314695577917109,4.59890574250332e-06,4.5989358857507e-06,2.84888102509262e-05,2.84888102509262e-05,0.180477235773431,15,8,0.351184910838549,0.0888943681222315,0.0389114163803983,4760,1.2
219,7,0.466666666666667,10.2,34,kalman-gm,0.496912445828087,-0.00385803598498057,0.0038589579779058,0.000835096203792106,0.00157399096746201,1.00684787968323,0.561117020186205,-9.03492975713166e-06,9.03702365808951e-06,-0.000109352621405744,0.000109352621405744,0.180477235773431,15,8,0.395754203121448,0.080941396299556,0.0520374165112198,4760,1.2
220,7,0.466666666666667,10.2,34,kalman-gm,0.27818400380262,-0.00106332299909521,0.00107339470550124,-0.00187758033216806,0.00188945888380726,1.00393092559644,0.264160052526326,7.82052869720518e-06,7.82130664897028e-06,7.4927585258564e-05,7.4927585258564e-05,0.180477235773431,15,8,0.468804234380452,0.0156807989155702,0.031163642724132,4760,1.2
221,7,0.466666666666667,10.2,34,kalman-gm,0.681133075162703,0.000422718910835069,0.000422746030636559,0.000306812767570964,0.000579707512291491,0.999424486108583,0.727977863942341,3.36690682004854e-06,3.36690682004854e-06,4.49160614306804e-05,4.49160614306804e-05,0.180477235773431,15,8,0.507345925047294,0.0151424845873219,0.0318531066150349,4760,1.2
222,7,0.466666666666667,10.2,34,kalman-gm,0.857428496491087,-0.000451905744025149,0.00048209759508464,-0.00402878624446799,0.00402878624446799,1.00054594850162,0.826863702132055,-1.45981633843172e-06,1.65850014664466e-06,9.65792581403671e-05,9.65792581403671e-05,0.180477235773431,15,8,0.54193077155207,0.0509983985507784,0.09597855103325,4760,1.2
223,7,0.466666666666667,10.2,34,kalman-gm,0.700443572975692,-0.000446901142898983,0.00047359801502458,-7.16021051006055e-05,0.000152406628821642,1.0005765118052,0.768182958224681,1.67357561278235e-06,1.67357561278235e-06,1.87297129146874e-05,1.87297129146874e-05,0.180477235773431,15,8,0.437944220503655,0.0186961036182286,0.026835604977629,4760,1.2
224,7,0.466666666666667,10.2,34,kalman-gm,0.421163045800885,-0.00129108469806104,0.00131738146604599,-0.000321791867365577,0.000467033394697661,1.00375018035503,0.342177316205763,7.39158895302889e-06,7.3920276293023e-06,3.91115783445398e-05,3.91115783445398e-05,0.180477235773431,15,8,0.508661311356397,0.0827226322230808,0.146198443296072,4760,1.2
225,7,0.466666666666667,10.2,34,kalman-gm,0.373507593299514,0.000894424830809042,0.000900852786504345,0.000992225627953109,0.00126235856511679,0.99798466184623,0.440414749352262,1.20504791379633e-06,1.24077149245691e-06,-1.84530130954708e-06,4.15215550323145e-06,0.180477235773431,15,8,0.363055229345414,0.0408569208524974,0.0372329434655043,4760,1.2
226,7,0.466666666666667,10.2,34,kalman-gm,0.583349788947039,0.0010450826199007,0.00111772085332707,0.000894249253524191,0.000950285639132282,0.998039785721686,0.518375600941027,6.83260424863634e-06,6.83557756045042e-06,7.30392665106569e-05,7.30392665106569e-05,0.180477235773431,15,8,0.485369748736375,0.0276073819198069,0.0400256737146947,4760,1.2
227,7,0.466666666666667,10.2,34,kalman-gm,0.918427650421985,0.000379840816224491,0.000621909551682728,0.00274095870565268,0.00274095870565268,0.999573692830795,0.885540861607558,-1.26323430509677e-05,1.26504983796673e-05,9.41596673842604e-05,0.00010489464153425,0.180477235773431,15,8,0.534423077172299,0.0874756653827546,0.0870131789255328,4760,1.2
228,7,0.466666666666667,10.2,34,kalman-gm,0.882977028523904,4.59177263736866e-05,0.000119568964790791,-6.26833953672212e-05,0.000671177577019794,0.999948824203442,0.89445764816344,-2.4917339286163e-06,2.4917339286163e-06,2.8454242392188e-05,3.07197580100285e-05,0.180477235773431,15,8,0.563619165125695,0.038140227045781,0.044825216837525,4760,1.2
229,7,0.466666666666667,10.2,34,kalman-gm,0.337913240441904,-2.69803872894342e-05,0.000285938625005698,-0.000891359208936584,0.000920902551013742,1.00006861592455,0.382971916038146,1.50753778793536e-06,1.74207830029338e-06,-1.53916475944582e-05,1.71376633321174e-05,0.180477235773431,15,8,0.375902626836316,0.0298455289579825,0.0330281386022744,4760,1.2
230,7,0.466666666666667,10.2,34,kalman-gm,0.335910998664979,-0.000877260792703967,0.000878577070829616,-0.000580957138163798,0.000594734804066457,1.0023534183569,0.37095497312271,9.83525365822893e-07,9.83525365822893e-07,2.62168061906376e-07,1.7802671490863e-06,0.180477235773431,15,8,0.38204251939577,0.0269954882132919,0.0346911760324176,4760,1.2
201,7,0.466666666666667,10.2,34,mean,0.255017339343908,0.00151617937597978,0.00165023728409813,0.0166574787577973,0.0166574787577973,0.991232144960307,0.167427250973005,-5.83898267551841e-06,5.83898498758072e-06,-6.41273091877143e-06,6.7346069109589e-06,0.180477235773431,15,8,0.466478140770974,0.0524443577661384,0.0731031305569578,4760,1.2
202,7,0.466666666666667,10.2,34,mean,0.265746187490233,-0.0012018438735679,0.00129380450339128,0.00303720273943595,0.00313810689574437,1.00455400575582,0.25874746475442,2.15077634656704e-05,2.15822929065605e-05,0.00034249077357889,0.00034249077357889,0.180477235773431,15,8,0.334267474362096,0.0736553110452561,0.0631221710911414,4760,1.2
203,7,0.466666666666667,10.2,34,mean,0.210691349248003,0.000322323396293461,0.000620385270089799,0.000593600221643422,0.000691842322516671,0.998476670776859,0.201131485731756,-2.61867792021096e-06,3.61740351600888e-06,1.35698815407023e-05,1.35698815407023e-05,0.180477235773431,15,8,0.401359696185,0.0372219815831344,0.0641078799071204,4760,1.2
204,7,0.466666666666667,10.2,34,mean,0.359495153802557,0.000140224337744822,0.000400777081883649,0.00104205982066532,0.00138145678053416,0.99936252059151,0.215298158285211,6.8213194007591e-07,7.12567552402069e-07,3.02798961378506e-05,3.02798961378506e-05,0.180477235773431,15,8,0.581211739513585,0.0439946793095993,0.0820082483049076,4760,1.2
205,7,0.466666666666667,10.2,34,mean,0.70015870254017,-0.00130491912150958,0.00130491912150958,-0.00954036810143266,0.00954036810143266,1.00196819726955,0.661888645046098,2.98979885756741e-05,2.98979885756741e-05,0.000475167158663431,0.000475167158663431,0.180477235773431,15,8,0.466609683100406,0.0650394108797507,0.0818926460626459,4760,1.2
206,7,0.466666666666667,10.2,34,mean,0.704274218716452,0.000291565974854426,0.000377591092969456,0.000116973576650464,0.000585987090446595,0.999541125380099,0.626584013344657,1.38726888423326e-06,1.60865097606488e-06,4.16662028447717e-05,4.16662028447717e-05,0.180477235773431,15,8,0.435866651413249,0.0628472628997247,0.0773931150075375,4760,1.2
207,7,0.466666666666667,10.2,34,mean,0.38959595460555,6.05855903624487e-05,0.000276728538615207,0.000125229158008537,0.000184639024546271,0.999831408351648,0.354289617814519,-2.05466906125708e-06,2.05744161631843e-06,-1.01351109274364e-05,1.01351109274364e-05,0.180477235773431,15,8,0.433069502513365,0.0498738691801167,0.0693141068444838,4760,1.2
208,7,0.466666666666667,10.2,34,mean,0.521825513218961,-0.000646025836744642,0.000766548332439799,-0.002022898723379,0.0021317152523075,1.00113392999778,0.552863100475195,1.61539382002862e-06,1.6154248010209e-06,-7.7657680460827e-06,1.5776156333023e-05,0.180477235773431,15,8,0.464746854941375,0.0712102302272947,0.0789014342483538,4760,1.2
209,7,0.466666666666667,10.2,34,mean,0.757883941146569,0.00317741321580674,0.00317741321580674,0.0022238353126259,0.00228716968538821,0.996055018415586,0.792699233896886,5.00864558466128e-05,5.00864558466128e-05,0.000324793220534038,0.000324793220534038,0.180477235773431,15,8,0.552033874740812,0.0576104092402141,0.0809318153102012,4760,1.2
210,7,0.466666666666667,10.2,34,mean,0.698492318522336,-0.000646685174857445,0.00100555298317381,0.0032222181015897,0.00322228137605657,1.00102031178317,0.627652143061452,3.20959810542949e-06,3.2421234101568e-06,3.96661731376952e-05,3.96661731376952e-05,0.180477235773431,15,8,0.555605387137842,0.0536592577744581,0.0867193872862377,4760,1.2
211,7,0.466666666666667,10.2,34,mean,0.256447192560495,0.00235357622397567,0.0023537182864473,0.00309208941639931,0.00309208941639931,0.992627403786238,0.306150676216952,1.06970854683324e-05,1.06970917709967e-05,6.75531861714807e-05,6.75531861714807e-05,0.180477235773431,15,8,0.311029842503636,0.0757125037223094,0.0702513890059757,4760,1.2
212,7,0.466666666666667,10.2,34,mean,0.249945913385791,0.00194968917605759,0.00218883776438836,0.000372452964966758,0.000635078866780686,0.994056873774259,0.314863348525021,-3.0555087453728e-06,3.45182409199308e-06,-6.39188673466684e-06,6.39258448690894e-06,0.180477235773431,15,8,0.521385768324427,0.0562274036982657,0.0583767920630605,4760,1.2
213,7,0.466666666666667,10.2,34,mean,0.674500413219376,-0.00145783403193251,0.00145799278328018,-0.00565073827134427,0.00565073827134427,1.00218028231946,0.667182601578115,-3.47199038881343e-06,3.51003820273251e-06,-0.000127119048245239,0.000127119048245239,0.180477235773431,15,8,0.385570471949269,0.0521980301433596,0.0665897162405091,4760,1.2
214,7,0.466666666666667,10.2,34,mean,0.467051609443533,-0.000179328162102215,0.000312290397548954,-0.0018165908396964,0.00186722725837993,1.00036690355954,0.478780781154094,1.44904336334047e-06,1.60389142693752e-06,4.65821525077403e-05,4.65821525077403e-05,0.180477235773431,15,8,0.395452864200096,0.0852497241915894,0.0922661327086649,4760,1.2
215,7,0.466666666666667,10.2,34,mean,0.445369691392905,-0.00185836486626559,0.00204205405798641,0.000904596308267773,0.0029035464888053,1.0056657263056,0.313159390704644,2.03531088628868e-05,2.03538723321876e-05,8.93391543706806e-05,8.93391543706806e-05,0.180477235773431,15,8,0.522392935943828,0.0490067559454696,0.0722491024161718,4760,1.2
216,7,0.466666666666667,10.2,34,mean,0.847435176278389,0.000191488077911123,0.000262479611038434,0.000261134405204094,0.000261777151929256,0.999789100517143,0.905597132210453,-4.88211917042207e-07,4.90475779830615e-07,4.71600288359825e-06,4.88787825701803e-06,0.180477235773431,15,8,0.497109017840413,0.0345870882006011,0.0584106343055515,4760,1.2
217,7,0.466666666666667,10.2,34,mean,0.358935008707022,-0.000943968039357363,0.00100693319284217,-0.00109335991244045,0.00120178625774154,1.00193749538688,0.4705174528011,-3.32154296785099e-06,3.32154296785099e-06,-5.20803146086346e-05,5.20803146086346e-05,0.180477235773431,15,8,0.522456187399153,0.0825119320176935,0.071369806946463,4760,1.2
218,7,0.466666666666667,10.2,34,mean,0.349844227102502,0.000179635501563563,0.000367309237594727,0.000467959942067553,0.000528593791335508,0.999452646973542,0.311129458310223,2.31314187827109e-06,2.31317719644758e-06,1.14425130624296e-05,1.14425130624296e-05,0.180477235773431,15,8,0.360288830641605,0.0693693045083384,0.0687635438092285,4760,1.2
219,7,0.466666666666667,10.2,34,mean,0.496912445828087,-0.00242966650543767,0.00243715510377103,0.000856910019558996,0.00160015259034484,1.00431257353855,0.561117021671093,-1.76348167446066e-05,1.76518631983291e-05,-0.000135650775305257,0.000135650775305257,0.180477235773431,15,8,0.396217642573231,0.0835886488096344,0.0762201315202042,4760,1.2
220,7,0.466666666666667,10.2,34,mean,0.27818400380262,0.000383506721013351,0.000775306031182398,0.000622065550878616,0.00099639319844417,0.998582240403603,0.260074498133583,-5.24209081012257e-06,5.24209104397146e-06,-2.57089234678121e-05,2.57089234678121e-05,0.180477235773431,15,8,0.468843229846484,0.0257869717178807,0.0617518773114924,4760,1.2
221,7,0.466666666666667,10.2,34,mean,0.681133075162703,0.000590419539834055,0.000658315729258759,0.00193504591341906,0.00193504591341906,0.999196168805726,0.728020144003412,-5.57621264309491e-07,1.89462075249009e-06,-4.76475693884787e-05,4.76475693884787e-05,0.180477235773431,15,8,0.508502376268322,0.0269525263985862,0.0631537358925209,4760,1.2
222,7,0.466666666666667,10.2,34,mean,0.857428496491087,1.99445629862757e-05,0.000351156329600941,-0.000189830619518297,0.000805940408125551,0.999975904921719,0.82559349202411,-2.18339496827986e-06,2.18340486691896e-06,3.07155960907374e-05,3.13072832998845e-05,0.180477235773431,15,8,0.543378972408287,0.0501754808155419,0.086938100095665,4760,1.2
223,7,0.466666666666667,10.2,34,mean,0.700443572975692,-0.0015055889892825,0.00153493617196285,0.000146548023347676,0.000321906237212112,1.00194224123141,0.768182994437393,-2.8417948123109e-06,3.04882416348968e-06,4.38369306918152e-06,4.85733217275908e-06,0.180477235773431,15,8,0.437405617504783,0.0328845840034377,0.062323153045182,4760,1.2
224,7,0.466666666666667,10.2,34,mean,0.421163045800885,0.000604078321685255,0.00102263651882269,0.00318690825081846,0.00318690825081846,0.998245349311097,0.339803523403288,-4.31365523789179e-06,5.32127628549134e-06,-7.72749504892434e-05,7.72749504892434e-05,0.180477235773431,15,8,0.510280464302986,0.0709437974304608,0.0899117417998907,4760,1.2
225,7,0.466666666666667,10.2,34,mean,0.373507593299514,0.00106090070384741,0.00108929871035746,-0.00114779542662451,0.00223308301037759,0.997609554663312,0.440410821095933,-4.50779098042821e-06,4.52312581785424e-06,-0.000106022815414932,0.000106022815414932,0.180477235773431,15,8,0.363386154453528,0.0521064751699916,0.0662017108727255,4760,1.2
226,7,0.466666666666667,10.2,34,mean,0.583349788947039,0.000166766105098304,0.000499241557262968,-0.000319720486021902,0.000352412538220794,0.999687204347171,0.52050683398713,-1.37738694136795e-06,1.37738694136795e-06,-1.46147935616348e-05,1.46147935616348e-05,0.180477235773431,15,8,0.486138359428616,0.0330876426651652,0.0617620897981581,4760,1.2
227,7,0.466666666666667,10.2,34,mean,0.918427650421985,0.00085696584041544,0.001045623684123,0.00526316269052659,0.00526316269052659,0.999038200567374,0.885540862717132,-1.05477131513791e-05,1.05621974047036e-05,0.000146640139154136,0.000153041168644471,0.180477235773431,15,8,0.533437214990284,0.0982488913188825,0.0978892287762268,4760,1.2
228,7,0.466666666666667,10.2,34,mean,0.882977028523904,0.00015327508429376,0.000160597155024145,0.000501750037853291,0.000755999632208802,0.999829173281198,0.8950907512454,-8.01151567463674e-07,1.64229653798108e-06,1.16894083217685e-05,1.49242952835359e-05,0.180477235773431,15,8,0.561961559386222,0.0543220172522592,0.089486907127416,4760,1.2
229,7,0.466666666666667,10.2,34,mean,0.337913240441904,8.66697323984719e-05,0.000316724518956528,-0.00111968996921436,0.00116328433795794,0.99977958345241,0.382943678158682,2.1823905731205e-06,2.18414922409698e-06,-7.38861408356384e-06,1.51861779183687e-05,0.180477235773431,15,8,0.377589928090914,0.0389522881275415,0.0629859658920247,4760,1.2
230,7,0.466666666666667,10.2,34,mean,0.335910998664979,-0.000481138295901225,0.000495144398729482,0.000935185792836949,0.00103563136689244,1.00129074467616,0.369470781429964,-2.49514636382897e-06,2.57895618850074e-06,-6.90521508397435e-05,6.90521508397435e-05,0.180477235773431,15,8,0.384209013045883,0.0270552918885018,0.0605266965715362,4760,1.2
201,7,0.466666666666667,10.2,34,none,0.255017339343908,0.00665436452127017,0.00680993902776214,0.01915426821447,0.01915426821447,0.961518732922961,0.157896805069272,-9.63109241910682e-06,1.40519901548799e-05,-0.000110488012122423,0.000117669712335226,0.09625452574583,8,8,0.500996823760044,NaN,NaN,0,1.2
202,7,0.466666666666667,10.2,34,none,0.265746187490233,0.00875949091965552,0.00875949091965552,0.0134100878624614,0.0134100878624614,0.966808690426877,0.248989015735747,7.57829287388715e-05,7.57829287388715e-05,0.00073417450277769,0.00073417450277769,0.09625452574583,8,8,0.396096261351353,NaN,NaN,0,1.2
203,7,0.466666666666667,10.2,34,none,0.210691349248003,-0.00872437160831433,0.00872437160831433,-0.0153568674587647,0.0153568674587647,1.04123216116894,0.216412090579268,0.000155904676102988,0.000155904676102988,0.00118835613960555,0.00118835613960555,0.09625452574583,8,8,0.434673826150942,NaN,NaN,0,1.2
204,7,0.466666666666667,10.2,34,none,0.359495153802557,-0.00240884197353767,0.00274719762057723,0.0204028767862228,0.0204028767862228,1.01095093177926,0.218890526387683,0.000217371426907051,0.000217371426907051,0.00248007244340752,0.00248007244340752,0.09625452574583,8,8,0.628442914472515,NaN,NaN,0,1.2
205,7,0.466666666666667,10.2,34,none,0.70015870254017,-0.00339782108498185,0.00340455085656153,-0.0342715883072281,0.0342715883072281,1.00512490166757,0.665605935904122,5.37904232535421e-05,5.38004680550131e-05,0.000875805506441546,0.000875805506441546,0.09625452574583,8,8,0.44765126407793,NaN,NaN,0,1.2
206,7,0.466666666666667,10.2,34,none,0.704274218716452,-0.00350677311297411,0.00372086359154358,-0.0084528223819265,0.0084528223819265,1.00551905681073,0.635933023090719,4.07784729591501e-05,4.07790954866894e-05,3.28834021617858e-05,8.52526124957526e-05,0.09625452574583,8,8,0.448712556845626,NaN,NaN,0,1.2
207,7,0.466666666666667,10.2,34,none,0.38959595460555,-0.012076265227279,0.012076265227279,-0.00636606473726528,0.00639440728046844,1.03360464837298,0.369229774163933,7.75131848271287e-05,7.75131848271287e-05,0.000270881847402044,0.000270881847402044,0.09625452574583,8,8,0.433906733047519,NaN,NaN,0,1.2
208,7,0.466666666666667,10.2,34,none,0.521825513218961,0.0139711782605457,0.0139711782605457,0.0212007612085865,0.0307706788163899,0.97547723754556,0.552263359620065,0.000163691274801356,0.000163691274801356,0.00256086625814039,0.00256086625814039,0.09625452574583,8,8,0.555004881394006,NaN,NaN,0,1.2
209,7,0.466666666666667,10.2,34,none,0.757883941146569,-0.00558614262870892,0.00650618464384142,-0.0191093091566815,0.0191093091566815,1.00693558826046,0.803355124441623,0.000330898761329364,0.000330898761329364,0.00189236898452983,0.00189236898452983,0.09625452574583,8,8,0.598328178442185,NaN,NaN,0,1.2
210,7,0.466666666666667,10.2,34,none,0.698492318522336,-0.0117806692385969,0.011784473731107,-0.0279009874071948,0.0279009874071948,1.01858702828691,0.642678436047099,0.000135136909353286,0.000135174634281978,0.000725817435660509,0.000725817435660509,0.09625452574583,8,8,0.567443531804965,NaN,NaN,0,1.2
211,7,0.466666666666667,10.2,34,none,0.256447192560495,0.00638411881124018,0.00647482894800557,0.0111433835237728,0.0111433835237728,0.980001697120966,0.306435071370999,1.68218877647067e-05,1.80328736940186e-05,0.000129225075224031,0.000129225075224031,0.09625452574583,8,8,0.391971910186262,NaN,NaN,0,1.2
212,7,0.466666666666667,10.2,34,none,0.249945913385791,0.00975055109598434,0.0100890035836973,0.0131482203321071,0.0131482203321071,0.970277951662454,0.316426638228064,7.58983455673965e-05,7.58983455673965e-05,0.000493366095145856,0.000493366095145856,0.09625452574583,8,8,0.549452519939633,NaN,NaN,0,1.2
213,7,0.466666666666667,10.2,34,none,0.674500413219376,-0.00768773541596435,0.00768773541596435,-0.0348251803860723,0.0348251803860723,1.01149749096056,0.67004749100485,-1.73896401113038e-05,1.73896401113038e-05,-0.000367512416880004,0.000367512416880004,0.09625452574583,8,8,0.406629171916534,NaN,NaN,0,1.2
214,7,0.466666666666667,10.2,34,none,0.467051609443533,0.000121758002585035,0.00156339223317794,-0.0143377569368328,0.0143377569368328,0.999750884389674,0.479854885550945,0.000142208377320039,0.000142210550824589,0.00083502018750192,0.00083502018750192,0.09625452574583,8,8,0.485340255937439,NaN,NaN,0,1.2
215,7,0.466666666666667,10.2,34,none,0.445369691392905,-0.00690293158196522,0.0073919798350957,-0.0112263872690777,0.0112263872690777,1.0210454479417,0.328562943652508,0.000118930459661184,0.000118930459661184,0.00114288811216359,0.00114288811216359,0.09625452574583,8,8,0.534744234722493,NaN,NaN,0,1.2
216,7,0.466666666666667,10.2,34,none,0.847435176278389,0.00077539895497999,0.00083126012204864,-0.00239278289125012,0.00269085491229637,0.999145997806245,0.904781214523652,0.000137589606657051,0.000137632496496122,0.00117063889518687,0.00117063889518687,0.09625452574583,8,8,0.55818728641897,NaN,NaN,0,1.2
217,7,0.466666666666667,10.2,34,none,0.358935008707022,0.0182116393968333,0.0182116393968333,0.0135475121015543,0.0135475121015543,0.962620591113564,0.467114464504113,4.72443674927717e-05,4.72443674927717e-05,0.000538541267959933,0.000538541267959933,0.09625452574583,8,8,0.541774770005786,NaN,NaN,0,1.2
218,7,0.466666666666667,10.2,34,none,0.349844227102502,-0.0161933366081337,0.0161933366081337,-0.0260029788164806,0.0260029788164806,1.04934142596402,0.341192622212309,0.00010901360549306,0.00010901360549306,0.000406541774229066,0.000406541774229066,0.09625452574583,8,8,0.372432410911199,NaN,NaN,0,1.2
219,7,0.466666666666667,10.2,34,none,0.496912445828087,0.000928578244469425,0.00119622248898283,-0.00498649791944682,0.00532118711480058,0.998351805913852,0.56042145752695,6.31010001762006e-05,6.31010001762006e-05,0.000450773510856369,0.000450773510856369,0.09625452574583,8,8,0.406416286196726,NaN,NaN,0,1.2
220,7,0.466666666666667,10.2,34,none,0.27818400380262,-0.0019844369951944,0.00317868519511454,-0.0108818642125576,0.0108818642125576,1.00733612851933,0.27108069819283,7.28780190612722e-05,7.28780190612722e-05,0.000885206426181779,0.000885206426181779,0.09625452574583,8,8,0.470382149274466,NaN,NaN,0,1.2
221,7,0.466666666666667,10.2,34,none,0.681133075162703,0.00731249460304392,0.00735367566838333,0.000830130446963435,0.00581516047995873,0.990044348343329,0.722970286432434,0.000142253250386506,0.000142265144181996,0.0010872840885197,0.0010872840885197,0.09625452574583,8,8,0.513955323179744,NaN,NaN,0,1.2
222,7,0.466666666666667,10.2,34,none,0.857428496491087,-0.000712769903041268,0.00108930387110741,0.00375618340516707,0.00443014525455346,1.00086109916882,0.827056432588911,-1.68220395223287e-05,1.68220395223287e-05,-0.000324029321847854,0.000324029321847854,0.09625452574583,8,8,0.651237447774539,NaN,NaN,0,1.2
223,7,0.466666666666667,10.2,34,none,0.700443572975692,0.002600261682875,0.0027552595390314,0.00951342691054364,0.00952640344343741,0.996645608138156,0.767637098334377,4.93308842604959e-05,5.0032624272977e-05,0.000725877961550839,0.000725877961550839,0.09625452574583,8,8,0.504103090995901,NaN,NaN,0,1.2
224,7,0.466666666666667,10.2,34,none,0.421163045800885,0.00038951466914652,0.0016324224127196,-0.0201322157430827,0.0214267554846259,0.998868586807338,0.340477503912025,0.000258923220198102,0.00025898266222111,0.00186502054587549,0.00186502054587549,0.09625452574583,8,8,0.530088265080845,NaN,NaN,0,1.2
225,7,0.466666666666667,10.2,34,none,0.373507593299514,0.00814018164153821,0.00814018164153821,0.0203056530180708,0.0203056530180708,0.981658359567261,0.430213481966202,2.860689880487e-05,2.860689880487e-05,-0.000150258780453917,0.00018072897699169,0.09625452574583,8,8,0.420402868155676,NaN,NaN,0,1.2
226,7,0.466666666666667,10.2,34,none,0.583349788947039,-0.00990548314784685,0.00990548314784685,-0.00237393560321431,0.00261998944372162,1.01857926744763,0.530514018623268,0.000101551755812977,0.000101551755812977,0.000280302516303927,0.000280302516303927,0.09625452574583,8,8,0.606912280254368,NaN,NaN,0,1.2
227,7,0.466666666666667,10.2,34,none,0.918427650421985,0.00393771521634095,0.00393771521634095,-0.00645021662472817,0.00742486109747909,0.995580579665717,0.885173679494021,0.000141776098896203,0.000141776098896203,0.00098824728497547,0.00098824728497547,0.09625452574583,8,8,0.516077354129618,NaN,NaN,0,1.2
228,7,0.466666666666667,10.2,34,none,0.882977028523904,0.0011513718430233,0.00137577276463062,-0.00548444134162073,0.00548444134162073,0.998716783781453,0.895162261164417,9.68084111776753e-05,9.68104605860169e-05,0.000503964856388476,0.000503964856388476,0.09625452574583,8,8,0.539988179541574,NaN,NaN,0,1.2
229,7,0.466666666666667,10.2,34,none,0.337913240441904,0.0030663304386106,0.00310504519761639,0.014386802211477,0.014386802211477,0.992201776210152,0.383466083399507,2.34545175497363e-05,2.34638311315408e-05,0.000433283241854993,0.000433283241854993,0.09625452574583,8,8,0.443290881347225,NaN,NaN,0,1.2
230,7,0.466666666666667,10.2,34,none,0.335910998664979,-0.00240810378987381,0.00240810378987381,-0.00417361599671411,0.004216936134624,1.00646019486059,0.371840007461265,7.06283283820249e-07,1.58559928992e-06,-0.000356576419831395,0.000357120286140525,0.09625452574583,8,8,0.413531256295673,NaN,NaN,0,1.2
201,7,0.466666666666667,18,60,hold,0.255017339343908,-0.00292806255057032,0.00311855896286891,0.00299938806445638,0.00343685202019604,1.01687080690339,0.171477931401742,7.04903826368295e-05,7.07857971048748e-05,0.00058814585108379,0.00058814585108379,0.180477235773431,15,8,0.469610567362414,0.0987777401525473,0.176882235696918,8400,1.2
202,7,0.466666666666667,18,60,hold,0.265746187490233,0.00446640784788585,0.00463634509945571,0.00967696109292593,0.00967696109292593,0.983222607559633,0.257722399901496,6.86065499427337e-05,6.86065499427337e-05,0.000567005652879485,0.000567005652879485,0.180477235773431,15,8,0.339710304818423,0.107955685342463,0.176462025792185,8400,1.2
203,7,0.466666666666667,18,60,hold,0.210691349248003,0.00458979116465428,0.00460537909793139,0.00959980007895213,0.00959980007895213,0.977402674422407,0.170448811928302,-5.61957313820656e-07,1.48293798984123e-06,0.000150375746154541,0.000150416302973016,0.180477235773431,15,8,0.406420687804291,0.0693402584384108,0.175360340980106,8400,1.2
204,7,0.466666666666667,18,60,hold,0.359495153802557,-0.00392222653343919,0.0041379713864918,0.0229558343094238,0.0229762092522188,1.01738329682924,0.220869028928912,0.000168801770811268,0.000168803334109506,0.00109775814669227,0.00109775814669227,0.180477235773431,15,8,0.572954495650814,0.169779991179152,0.426492834885992,8400,1.2
205,7,0.466666666666667,18,60,hold,0.70015870254017,0.00325362003172426,0.003306475008556,0.00621722119059455,0.00627546728362358,0.995060942729994,0.63588527535714,4.63502550818747e-05,4.63511527551752e-05,0.000393159990240554,0.000393159990240554,0.180477235773431,15,8,0.461733948465059,0.0886539601888392,0.160965157008103,8400,1.2
206,7,0.466666666666667,18,60,hold,0.704274218716452,0.000512503261809468,0.00121553004298612,-0.00726775074586535,0.00772763014620996,0.99918802760285,0.622784924845533,6.44474087645397e-05,6.4447410513524e-05,0.000233410517390292,0.000233896549197978,0.180477235773431,15,8,0.43625395699985,0.142809494983261,0.293765399009135,8400,1.2
207,7,0.466666666666667,18,60,hold,0.38959595460555,0.00162210012437105,0.00227389960329919,0.0042399717513915,0.0042399717513915,0.995480198333517,0.351308774112869,1.41217588856606e-05,1.85051020430709e-05,0.000156888654236107,0.000156888654236107,0.180477235773431,15,8,0.42999811362159,0.106389397750458,0.205655846946072,8400,1.2
208,7,0.466666666666667,18,60,hold,0.521825513218961,0.00684748725490679,0.00687672171871775,-0.00493811032910661,0.01348383110654,0.98837400659054,0.552856264293386,0.000104318101344393,0.000104318101344393,0.00110945034256108,0.00110945034256108,0.180477235773431,15,8,0.467070398460244,0.117674106185815,0.24845602772024,8400,1.2
209,7,0.466666666666667,18,60,hold,0.757883941146569,0.0063228039253567,0.0063228039253567,0.00919129059525582,0.00919129059525582,0.992084405760804,0.771517739390544,0.000195038640418504,0.000195038640418504,0.00154529810508292,0.00154529810508292,0.180477235773431,15,8,0.552864557443833,0.149538393503196,0.319085489420112,8400,1.2
210,7,0.466666666666667,18,60,hold,0.698492318522336,0.00425046256847888,0.0044459157723787,0.00148949525253328,0.00339236755573897,0.993242482621653,0.605400912030101,0.00013501189138765,0.00013501189138765,0.00123418465672321,0.00123418465672321,0.180477235773431,15,8,0.549491924061278,0.157842638320538,0.345681905892349,8400,1.2
211,7,0.466666666666667,18,60,hold,0.256447192560495,0.00171468242466328,0.0020792902051066,0.00519607035971346,0.00519607035971346,0.99475732169414,0.306151307366552,1.95039300011376e-05,1.95059069003004e-05,0.000203638788753329,0.000203638788753329,0.180477235773431,15,8,0.308209729418203,0.0823595916104973,0.097648803098485,8400,1.2
212,7,0.466666666666667,18,60,hold,0.249945913385791,0.00137802697429111,0.00235804242500851,0.00868960451857335,0.00868960451857335,0.995886681683594,0.314863335275774,6.17854554804171e-05,6.17855796289206e-05,0.000538432775606624,0.000538432775606624,0.180477235773431,15,8,0.52537545727633,0.124388593105286,0.198852898513389,8400,1.2
213,7,0.466666666666667,18,60,hold,0.674500413219376,0.00105549303958076,0.00135685857603629,-0.00193008361953906,0.00195552612424473,0.998426777580143,0.665747731872512,1.26377834851939e-05,1.2688645995738e-05,8.04946069408502e-05,8.04946069408502e-05,0.180477235773431,15,8,0.382500376937846,0.0512803963790573,0.0867990601112503,8400,1.2
214,7,0.466666666666667,18,60,hold,0.467051609443533,0.00847667335814733,0.00853999986692104,0.0104173511339611,0.0104173511339611,0.982720814644507,0.478587497973878,-3.78940918678896e-05,3.79062985868493e-05,-4.71709600830816e-05,6.31058897877335e-05,0.180477235773431,15,8,0.390653036990004,0.167065549450685,0.391949527492662,8400,1.2
215,7,0.466666666666667,18,60,hold,0.445369691392905,0.00182740545505808,0.00206912256515213,0.00430972889490111,0.00437026240344167,0.994219130163324,0.289473143970847,8.16558776195427e-05,8.16625478152903e-05,0.000641728076916744,0.000641728076916744,0.180477235773431,15,8,0.527027143822637,0.0868893643161884,0.156091102295068,8400,1.2
216,7,0.466666666666667,18,60,hold,0.847435176278389,0.000141519484057293,0.000311450460158152,1.29774003438499e-06,0.000233753518804878,0.999844201141167,0.905592524972861,7.6016744302812e-06,7.62955972250836e-06,5.09016378939159e-05,5.09016378939159e-05,0.180477235773431,15,8,0.495905161021763,0.0355679096171141,0.0769211905765763,8400,1.2
217,7,0.466666666666667,18,60,hold,0.358935008707022,0.000898002278677075,0.00146142070028098,-0.00263265250969181,0.00269008457746183,0.99819477884219,0.470520055166774,1.26783960516408e-05,1.26881500253232e-05,7.68868858563954e-05,7.68868858563954e-05,0.180477235773431,15,8,0.518367836940567,0.142393121688747,0.197390401532871,8400,1.2
218,7,0.466666666666667,18,60,hold,0.349844227102502,-0.00205203544993152,0.00220248400951064,0.000384499295274031,0.00126348469823913,1.00646127398177,0.30150316533203,3.3103174432574e-05,3.31031795364321e-05,0.000147199870027641,0.000147199870027641,0.180477235773431,15,8,0.366488275111463,0.0806036373430089,0.0922682787984965,8400,1.2
219,7,0.466666666666667,18,60,hold,0.496912445828087,-0.00647239428160629,0.00648524539330385,-0.0103301483329087,0.0103301483329087,1.01151288617236,0.561117019646111,-9.62165151787338e-06,9.66633775045245e-06,5.16875081309276e-05,5.39120772785939e-05,0.180477235773431,15,8,0.385202567082202,0.150029242090192,0.189083692011704,8400,1.2
220,7,0.466666666666667,18,60,hold,0.27818400380262,-0.00524282290830148,0.00524526574164289,-0.0120952345270821,0.0120952345270821,1.01996867543811,0.257256148463527,6.60448558917485e-05,6.60469929035568e-05,0.000573809066467266,0.000573809066467266,0.180477235773431,15,8,0.468585552357824,0.0542447469933788,0.118957779710146,8400,1.2
221,7,0.466666666666667,18,60,hold,0.681133075162703,0.00434384577879212,0.00434387638654314,0.00139105242791312,0.00170726745067172,0.994111444931013,0.727958220668201,5.6355307151835e-05,5.6355307151835e-05,0.000362595986360838,0.000362595986360838,0.180477235773431,15,8,0.505464780611652,0.049893283305127,0.111841097130951,8400,1.2
222,7,0.466666666666667,18,60,hold,0.857428496491087,0.00120064624781942,0.001421786231915,-0.00797635240892556,0.00870270419385745,0.998551252437732,0.826122616485108,2.97508631328436e-05,3.00432617864897e-05,0.000979344317402782,0.000979344317402782,0.180477235773431,15,8,0.53697869273277,0.130911261886421,0.278868376474212,8400,1.2
223,7,0.466666666666667,18,60,hold,0.700443572975692,0.000248826049235547,0.000711204872674102,0.00302445325128404,0.00302973347370167,0.999681117750209,0.768180727814524,2.16665548131776e-05,2.16665548131776e-05,0.000157958123806551,0.000157958123806551,0.180477235773431,15,8,0.439484227613548,0.0442282460239949,0.0850298602425188,8400,1.2
224,7,0.466666666666667,18,60,hold,0.421163045800885,-0.00164840623450997,0.00241509752739655,0.00718019018022052,0.00718901817710089,1.0047407101501,0.343326402837419,3.22809778035583e-05,3.22809838491085e-05,5.26187396854233e-05,5.26187396854233e-05,0.180477235773431,15,8,0.506047918583836,0.199721197874285,0.524865720314141,8400,1.2
225,7,0.466666666666667,18,60,hold,0.373507593299514,0.00265723613661577,0.00265867351518723,-0.000196594932799591,0.0013904733032692,0.9940621199399,0.440413962471378,3.85894902268443e-05,3.85894902544703e-05,0.000370482007256132,0.000370482007256132,0.180477235773431,15,8,0.362797195727282,0.0869719446159299,0.124940711079397,8400,1.2
226,7,0.466666666666667,18,60,hold,0.583349788947039,0.00561864890441969,0.00565839409735046,0.00700680210593023,0.00726734571395471,0.989324521437137,0.503716180250645,4.95068640288536e-05,4.95105689163042e-05,0.0006584623215751,0.0006584623215751,0.180477235773431,15,8,0.479547767888238,0.0772049125132872,0.142540391276159,8400,1.2
227,7,0.466666666666667,18,60,hold,0.918427650421985,0.00187193462016213,0.00202699853601507,0.00156420381682149,0.00176325560697483,0.99790563798725,0.885540855433861,9.26607975407094e-05,9.27041536902429e-05,0.000452341003651447,0.000452341003651447,0.180477235773431,15,8,0.535483023117245,0.135887041009788,0.241491705976499,8400,1.2
228,7,0.466666666666667,18,60,hold,0.882977028523904,0.000596295796467289,0.000872770583432523,-0.00316451245140279,0.00648241310491492,0.999334566549945,0.890623578351004,1.40902124142438e-05,1.41676872501215e-05,0.000520923595312615,0.000520923595312615,0.180477235773431,15,8,0.568916403332884,0.0871901547694537,0.178570045794506,8400,1.2
229,7,0.466666666666667,18,60,hold,0.337913240441904,-0.00126747844285883,0.00147550898723884,-0.00272956530311318,0.00277831829001356,1.0031598748209,0.382927126438598,1.01054193704856e-05,1.01152969623523e-05,1.25434153418336e-05,1.28664457596861e-05,0.180477235773431,15,8,0.373606568099599,0.0673856970337329,0.0953141289838309,8400,1.2
230,7,0.466666666666667,18,60,hold,0.335910998664979,-0.00118964853653055,0.00147163680263787,-0.00488540317185627,0.00492296873200608,1.00319719636485,0.370656363589304,9.52525327172956e-06,9.52525327172956e-06,-0.000200637790010334,0.000213450168522765,0.180477235773431,15,8,0.389679215136549,0.0641731155290549,0.115244990616032,8400,1.2
201,7,0.466666666666667,18,60,kalman,0.255017339343908,0.00835049782410532,0.00841658123498113,0.0137345238896422,0.0138886681744353,0.951886397949313,0.150296737068563,-2.68410770485552e-05,2.68410814166037e-05,-0.000199792185312226,0.000199792185312226,0.180477235773431,15,8,0.461342336660666,0.0914873406470467,0.129159085410961,8400,1.2
202,7,0.466666666666667,18,60,kalman,0.265746187490233,0.00380606648626629,0.00482465558537458,0.0145921436100936,0.0145921436100936,0.985703081028651,0.25518238122292,7.04596621494737e-05,7.05029489330905e-05,0.000339466147386471,0.000339466147386471,0.180477235773431,15,8,0.331645901661316,0.102545709093446,0.110873432101712,8400,1.2
203,7,0.466666666666667,18,60,kalman,0.210691349248003,0.000382708539164883,0.000735923903797213,0.00290784066976266,0.00309853962572524,0.998115777134386,0.182054112618098,-1.11796648321246e-06,4.72914518818701e-06,-9.18314147183533e-05,9.18314147183533e-05,0.180477235773431,15,8,0.396921438600578,0.0587392121919397,0.110129365342373,8400,1.2
204,7,0.466666666666667,18,60,kalman,0.359495153802557,0.00102831294711476,0.00120799647452109,0.00630733764066663,0.00632618914415242,0.995442519946094,0.21539186163176,-4.05918220482184e-06,4.12640367697809e-06,-0.000191439134458995,0.000191439134458995,0.180477235773431,15,8,0.571798522998767,0.0947365983626311,0.178387753390043,8400,1.2
205,7,0.466666666666667,18,60,kalman,0.70015870254017,-0.0050971240609924,0.0050971240609924,-0.0121072774960652,0.0121072774960652,1.00773753155073,0.660879603094664,8.79856221779362e-05,8.79856221779362e-05,0.000211016889263886,0.000211016889263886,0.180477235773431,15,8,0.455489657618892,0.0982266929882914,0.147573137847232,8400,1.2
206,7,0.466666666666667,18,60,kalman,0.704274218716452,0.00135583346379046,0.0014725934751157,-0.00411937873163851,0.00490653787557099,0.997851917383231,0.619044258575385,-1.51105167875383e-05,1.64088280743676e-05,-0.000425541392502486,0.000425541392502486,0.180477235773431,15,8,0.429025911374701,0.117261748649668,0.149164972855474,8400,1.2
207,7,0.466666666666667,18,60,kalman,0.38959595460555,0.00122270953680626,0.00164313965821221,0.0107333947278247,0.0107333947278247,0.996593055805218,0.351402350861082,-1.91413912214602e-05,1.91433747033185e-05,-0.000339742551296119,0.000339742551296119,0.180477235773431,15,8,0.424765041842341,0.0847660096831613,0.125855951848174,8400,1.2
208,7,0.466666666666667,18,60,kalman,0.521825513218961,-0.000938981768642995,0.00109447635986435,0.010884005652217,0.010884005652217,1.00159424843705,0.55286300218482,-1.40257511467258e-05,1.47537450262696e-05,-0.000416639826609684,0.000416639826609684,0.180477235773431,15,8,0.462150238954782,0.116149817176557,0.146896162631908,8400,1.2
209,7,0.466666666666667,18,60,kalman,0.757883941146569,0.00375321961505268,0.00375321961505268,0.0103622172159581,0.0103622172159581,0.995301299247284,0.776343500456446,9.47161933795339e-05,9.47161933795339e-05,0.000122962360123384,0.000261622574116463,0.180477235773431,15,8,0.549023847014336,0.100055145150617,0.176429175085203,8400,1.2
210,7,0.466666666666667,18,60,kalman,0.698492318522336,0.00265302841176246,0.00331522253467532,0.00993502932690763,0.00994106942950398,0.995782133048133,0.610436871212286,-6.91692015730716e-06,1.11794972054269e-05,-0.000312812356491294,0.000312812356491294,0.180477235773431,15,8,0.544746797409776,0.111264591596382,0.178376508629282,8400,1.2
211,7,0.466666666666667,18,60,kalman,0.256447192560495,0.0013454660588005,0.00160054575969155,-0.000966509453216745,0.00221201783384153,0.995886208655151,0.306150675903799,4.35386583205022e-05,4.35386618111081e-05,0.00049483601234476,0.00049483601234476,0.180477235773431,15,8,0.303065303902185,0.11584706352652,0.125029100112155,8400,1.2
212,7,0.466666666666667,18,60,kalman,0.249945913385791,0.00260624213952326,0.00280782354652377,0.00257636039735402,0.00273884847377569,0.992220541593531,0.314863346052509,-1.95167010056096e-05,1.97115006692445e-05,-5.80687908823327e-05,5.80687908823327e-05,0.180477235773431,15,8,0.515480704496346,0.0889236045813035,0.104325283485303,8400,1.2
213,7,0.466666666666667,18,60,kalman,0.674500413219376,-0.00435252022874049,0.00435261077852903,-0.00787803100414808,0.00787803100414808,1.00648747282072,0.667182200502042,-2.55884337026742e-05,2.56125011354432e-05,-0.000351736971076728,0.000351736971076728,0.180477235773431,15,8,0.382437368792527,0.0749599988314078,0.113186681939453,8400,1.2
214,7,0.466666666666667,18,60,kalman,0.467051609443533,-0.00088365917980667,0.00113904939616743,0.000674093865107292,0.00239683009312734,1.00180128573013,0.478780687517602,2.06195204454057e-05,2.06770652229451e-05,1.01386346985471e-05,3.49428279559766e-05,0.180477235773431,15,8,0.388952275344074,0.127447903362304,0.168625957362692,8400,1.2
215,7,0.466666666666667,18,60,kalman,0.445369691392905,-0.00486264456701604,0.00491081249514636,-0.00217716794369741,0.00276760630986692,1.01538263729384,0.30094924341054,6.15896259458607e-05,6.15900339818269e-05,0.000272873876704727,0.000272873876704727,0.180477235773431,15,8,0.516001244073632,0.0800000750218231,0.121143455145099,8400,1.2
216,7,0.466666666666667,18,60,kalman,0.847435176278389,-0.000293741046276439,0.000502262918608992,-0.00010189596136057,0.000210717247432517,1.00032337963996,0.905596952467906,-1.61384594213517e-06,1.68965870753028e-06,2.2160011172471e-05,2.21844019062337e-05,0.180477235773431,15,8,0.491686262859134,0.0517391744593487,0.100465338616142,8400,1.2
217,7,0.466666666666667,18,60,kalman,0.358935008707022,-0.00290225567110329,0.00292030401210901,-0.00388868179649737,0.00388868179649737,1.00583429849484,0.470517536692095,-1.90846418435003e-05,1.90846418435003e-05,-0.000231138441693863,0.000231138441693863,0.180477235773431,15,8,0.510263349671222,0.13346385535522,0.132155503395188,8400,1.2
218,7,0.466666666666667,18,60,kalman,0.349844227102502,-0.000991213903679003,0.00122662965270291,-0.0143126756260666,0.0143126756260666,1.00312104969065,0.299912501219743,1.17305004027068e-06,4.9390984340499e-06,-0.000288986590127375,0.000288986590127375,0.180477235773431,15,8,0.355317579968381,0.103547518257492,0.117543404632633,8400,1.2
219,7,0.466666666666667,18,60,kalman,0.496912445828087,-0.00775347641305801,0.00775805188520757,-0.0147918139548157,0.0147918139548157,1.01379163374477,0.561117021732675,-6.27831728964671e-05,6.27935864276952e-05,-0.000494623929953115,0.000494623929953115,0.180477235773431,15,8,0.383629786276147,0.153823974801841,0.149391680285613,8400,1.2
220,7,0.466666666666667,18,60,kalman,0.27818400380262,-0.00135928795509827,0.00185696153712305,0.00191542416947249,0.00285494825295339,1.00517720710332,0.248094296966556,-1.66664393810902e-05,1.66664396788372e-05,-0.000360947808697019,0.000360947808697019,0.180477235773431,15,8,0.4620057174181,0.0446613169884735,0.105619367439037,8400,1.2
221,7,0.466666666666667,18,60,kalman,0.681133075162703,0.00196908895790085,0.00203201512515677,0.00381727841095289,0.00381727841095289,0.997330685904885,0.728019751012292,-6.19435881572446e-06,8.07692152797098e-06,-3.55588153163544e-05,3.55588153163544e-05,0.180477235773431,15,8,0.501680025935382,0.0455059454777854,0.108361911838022,8400,1.2
222,7,0.466666666666667,18,60,kalman,0.857428496491087,0.000957335061845294,0.00124348299647327,0.0101700147753588,0.0101700147753588,0.998844841401337,0.825395977014426,-3.01083651623406e-05,3.01083708047161e-05,-0.000739562156931017,0.000739562156931017,0.180477235773431,15,8,0.534966665372303,0.108738884942176,0.172125569205045,8400,1.2
223,7,0.466666666666667,18,60,kalman,0.700443572975692,-0.00232032670732385,0.00233667195357911,0.00431464479768044,0.00594122921788535,1.00297360747781,0.768182998337262,1.2248152025098e-06,5.05716261990826e-06,-0.000192543346087668,0.000193501599332377,0.180477235773431,15,8,0.431441267168858,0.0541518738196379,0.103846723205081,8400,1.2
224,7,0.466666666666667,18,60,kalman,0.421163045800885,0.00616369258917633,0.00641530239596485,0.017526680675209,0.017526680675209,0.982273617141301,0.334429260991977,-4.63681880664678e-05,4.67721410627374e-05,-0.000484099412768332,0.000484099412768332,0.180477235773431,15,8,0.499049831460781,0.129192750171241,0.213471546782773,8400,1.2
225,7,0.466666666666667,18,60,kalman,0.373507593299514,-0.00109321475158668,0.0018616493705713,0.00395749224241359,0.00495038446293182,1.00244290598995,0.440412092242054,-4.16088017915132e-05,4.1618000497895e-05,-0.00034730128303651,0.00034730128303651,0.180477235773431,15,8,0.359111999618228,0.0830657893937194,0.112749495830038,8400,1.2
226,7,0.466666666666667,18,60,kalman,0.583349788947039,0.000621759094469289,0.00108875049677412,0.000693254144558315,0.00166775561841096,0.998818652669497,0.511797647283246,-1.35706865327869e-05,1.35706865327869e-05,-0.000354565609054014,0.000354565609054014,0.180477235773431,15,8,0.474585087369395,0.0594990337618495,0.107277399718446,8400,1.2
227,7,0.466666666666667,18,60,kalman,0.918427650421985,0.00350322876350797,0.00362327424283085,0.0075614301444744,0.0075614301444744,0.996080509882536,0.884706594134432,-1.30492859128362e-06,1.97116010027966e-05,0.000256156836907511,0.000256156836907511,0.180477235773431,15,8,0.522774948085589,0.176537008087314,0.238368523611838,8400,1.2
228,7,0.466666666666667,18,60,kalman,0.882977028523904,-0.00179621812819688,0.00193999282487719,-0.0483224450931228,0.0483224450931228,1.00200448105316,0.89558855599402,-9.32414440355638e-06,1.03307358404911e-05,-0.00202198325678711,0.00202198325678711,0.180477235773431,15,8,0.552613069514037,0.0995989137401136,0.169355809908218,8400,1.2
229,7,0.466666666666667,18,60,kalman,0.337913240441904,-0.00135736829150603,0.00162941699742138,-0.00265527072889983,0.00271113755489506,1.00338397383496,0.382944455676584,-9.35179456292753e-06,1.0894961846535e-05,-0.000145549375908899,0.000145549375908899,0.180477235773431,15,8,0.369506752395701,0.0734162151735227,0.10911800592361,8400,1.2
230,7,0.466666666666667,18,60,kalman,0.335910998664979,0.0023836838670226,0.00285674548706894,0.00565430330281683,0.00567889208487065,0.993593817702822,0.363421127244387,-1.78613985069631e-05,1.79160630350672e-05,-1.45725903625604e-05,3.26532463284379e-05,0.180477235773431,15,8,0.382475921572308,0.062240585256819,0.109834153334688,8400,1.2
201,7,0.466666666666667,18,60,kalman-gm,0.255017339343908,0.00178828845248671,0.00220128539457137,0.0143927109143012,0.0143927109143012,0.98969630305077,0.16470454402874,2.98873691699295e-05,3.00508498485258e-05,0.000367826994772466,0.000367826994772466,0.180477235773431,15,8,0.46756065678375,0.0701522245973911,0.0973125805347661,8400,1.2
202,7,0.466666666666667,18,60,kalman-gm,0.265746187490233,-0.00159300514325437,0.00239040470102509,0.00293616452815094,0.00312362984716242,1.005983885341,0.258725714533903,8.73300185032159e-05,8.73319356429481e-05,0.000725242149796405,0.000725242149796405,0.180477235773431,15,8,0.336798704496582,0.0922002046795204,0.115154616960245,8400,1.2
203,7,0.466666666666667,18,60,kalman-gm,0.210691349248003,0.0017431161724722,0.00174318558633261,0.00665857642968182,0.00665857642968182,0.991417961677154,0.179077922458234,-1.70429292570213e-05,1.70438530591209e-05,4.22856375287298e-05,6.22769187116076e-05,0.180477235773431,15,8,0.404880451177257,0.0427449475098704,0.103053857653062,8400,1.2
204,7,0.466666666666667,18,60,kalman-gm,0.359495153802557,-0.00108565906202932,0.00162332225172077,0.0217383346659383,0.0217383346659383,1.00481163787194,0.216930220920785,5.70778270403858e-05,5.70778270403858e-05,0.000621239618567359,0.000621239618567359,0.180477235773431,15,8,0.577898731685345,0.102048624019326,0.255475597181879,8400,1.2
205,7,0.466666666666667,18,60,kalman-gm,0.70015870254017,0.00148673409820237,0.00148891040628107,0.00367809964039174,0.00371454719616357,0.997743109279911,0.644376441122698,-1.82224193014155e-05,1.82224348568724e-05,1.6574451603191e-05,1.7188866215441e-05,0.180477235773431,15,8,0.460020544719772,0.0756173333323619,0.105913306337537,8400,1.2
206,7,0.466666666666667,18,60,kalman-gm,0.704274218716452,0.00057704164674825,0.000840315172832686,-0.00191324656827494,0.00250687837334479,0.999085777742152,0.619068392891032,2.38551044076588e-05,2.38551061641427e-05,3.05826738770165e-05,8.16891533421049e-05,0.180477235773431,15,8,0.438186886433545,0.104146202289065,0.156029477790941,8400,1.2
207,7,0.466666666666667,18,60,kalman-gm,0.38959595460555,0.00138175783741925,0.00140390932504164,0.000909960134363456,0.00093147065011405,0.996149885397077,0.353789362762293,1.41702778022492e-05,1.47932327420599e-05,0.000162973932068071,0.000162973932068071,0.180477235773431,15,8,0.426002856500328,0.0925155949705977,0.122824002155728,8400,1.2
208,7,0.466666666666667,18,60,kalman-gm,0.521825513218961,0.00318822345518135,0.0032122716250307,0.0015146232467957,0.00409171597201289,0.9945868807786,0.552863052098155,7.08648726118759e-05,7.08648856264404e-05,0.000467943366607815,0.000467943366607815,0.180477235773431,15,8,0.463290463651261,0.108499929921177,0.118282564628307,8400,1.2
209,7,0.466666666666667,18,60,kalman-gm,0.757883941146569,0.00728013544711867,0.00728013544711867,0.0100461829639815,0.0100461829639815,0.990885910920838,0.76676995055579,0.000168593300874325,0.000168593300874325,0.0013712843721906,0.0013712843721906,0.180477235773431,15,8,0.554382188925153,0.104449881224111,0.180031243827553,8400,1.2
210,7,0.466666666666667,18,60,kalman-gm,0.698492318522336,0.00406912787881649,0.00432979072160721,0.00440409951152108,0.00442284867448447,0.993530774142152,0.606395072142391,6.79449690424438e-05,6.79449690424438e-05,0.000772274438716553,0.000772274438716553,0.180477235773431,15,8,0.550783239000013,0.111513751750413,0.197864627570255,8400,1.2
211,7,0.466666666666667,18,60,kalman-gm,0.256447192560495,0.0049111688309956,0.00492136549990093,0.0106219488672948,0.0106219488672948,0.984983995918818,0.306149563286322,2.83401979708238e-05,2.83454374513585e-05,0.00026917623799956,0.00026917623799956,0.180477235773431,15,8,0.308782816697219,0.108573226804975,0.067920508487333,8400,1.2
212,7,0.466666666666667,18,60,kalman-gm,0.249945913385791,0.00155540822266562,0.00283031540667316,0.00611791411619474,0.00611791411619474,0.995357210525527,0.314863332348834,2.98140272589444e-05,2.98140272589444e-05,0.000332576970807409,0.000332576970807409,0.180477235773431,15,8,0.523695560930692,0.0918579894788547,0.115022612195909,8400,1.2
213,7,0.466666666666667,18,60,kalman-gm,0.674500413219376,0.000259244026666516,0.000711703200919711,-0.00210966479126208,0.0021246776649209,0.999613594311216,0.665747730503199,5.70763124005576e-06,5.7304314749392e-06,4.40909060563288e-05,4.40909060563288e-05,0.180477235773431,15,8,0.385473296235122,0.0568677144629111,0.0551553985468494,8400,1.2
214,7,0.466666666666667,18,60,kalman-gm,0.467051609443533,-0.00312526258887627,0.00370600713187595,-0.0120557864606416,0.0120557864606416,1.00637065854447,0.480303643131915,1.86577549182554e-05,1.86577549182554e-05,0.000180343524582582,0.000180343524582582,0.180477235773431,15,8,0.391332288668102,0.138471079729231,0.308168330915263,8400,1.2
215,7,0.466666666666667,18,60,kalman-gm,0.445369691392905,-0.00122127531779128,0.00160179041385633,-0.00380389964065297,0.00391288562351461,1.0038634193782,0.296619999048647,6.09110638942321e-05,6.09125070158617e-05,0.000546992981969058,0.000546992981969058,0.180477235773431,15,8,0.523950383032532,0.0619020766429922,0.0947409425736518,8400,1.2
216,7,0.466666666666667,18,60,kalman-gm,0.847435176278389,0.000168944975102629,0.000226600196863935,5.55386277440062e-05,0.000183483349502561,0.999814008406673,0.905592291041151,-1.3129344027261e-06,1.37127403420737e-06,1.59997255832683e-05,1.59997255832683e-05,0.180477235773431,15,8,0.496853666487377,0.0339590834707164,0.0497459788027688,8400,1.2
217,7,0.466666666666667,18,60,kalman-gm,0.358935008707022,-0.00100818645835975,0.00114246895762101,-0.00412449203080588,0.00412449203080588,1.00202672038687,0.470512154555259,-3.77834583789223e-06,3.77927643250842e-06,-7.99603590532405e-05,7.99603590532405e-05,0.180477235773431,15,8,0.517833506511606,0.116802427531533,0.0999769364539151,8400,1.2
218,7,0.466666666666667,18,60,kalman-gm,0.349844227102502,-0.000849839017849787,0.00092011002327787,0.00150046266073881,0.00164952776675457,1.00267590052351,0.299246086853858,1.29686913131227e-05,1.29687083942962e-05,4.76142295009246e-05,4.76142295009246e-05,0.180477235773431,15,8,0.352137571556455,0.120008168911255,0.0842770195574722,8400,1.2
219,7,0.466666666666667,18,60,kalman-gm,0.496912445828087,-0.00448524827484285,0.00448577073750048,-0.00621677926521075,0.00621835440429291,1.00797821495359,0.561117020186205,-3.7125518560166e-05,3.71267051040421e-05,-0.000128337638951283,0.000128337638951283,0.180477235773431,15,8,0.388157638865901,0.14906974440211,0.140183391434514,8400,1.2
220,7,0.466666666666667,18,60,kalman-gm,0.27818400380262,-0.00327985119978853,0.00328555850008529,-0.00765953711747634,0.00765953711747634,1.0124921793544,0.252501381654697,2.99600200834443e-05,2.99604609227779e-05,0.00033609666838539,0.00033609666838539,0.180477235773431,15,8,0.468780592085748,0.0318160234545171,0.0653883715470975,8400,1.2
221,7,0.466666666666667,18,60,kalman-gm,0.681133075162703,0.0017052294313955,0.00170524479928301,0.00038805075664608,0.000808467035875134,0.997688376170937,0.727977863942341,1.90785131073535e-05,1.90785131073535e-05,0.000128786028767677,0.000128786028767677,0.180477235773431,15,8,0.507031359525369,0.028408375527908,0.0635286364035279,8400,1.2
222,7,0.466666666666667,18,60,kalman-gm,0.857428496491087,0.00163440628714871,0.00216494706393219,-0.00269616144700712,0.00547678949492533,0.998027860305597,0.823619753045278,1.46825718237408e-05,1.64496178319507e-05,0.00104553450900803,0.00104553450900803,0.180477235773431,15,8,0.54085129714205,0.106347731298414,0.210197664453315,8400,1.2
223,7,0.466666666666667,18,60,kalman-gm,0.700443572975692,-0.00130661513106514,0.00132174335860298,0.000139523794764512,0.000469353897663677,1.00167448855891,0.768182958224681,1.05623067952023e-05,1.05623067952023e-05,5.11145282640341e-05,5.11145282640341e-05,0.180477235773431,15,8,0.437860508943713,0.0314485464952653,0.0482264394520264,8400,1.2
224,7,0.466666666666667,18,60,kalman-gm,0.421163045800885,0.000118549665311703,0.00185662926615941,0.00544542368749288,0.00544542368749288,0.999659058798816,0.342177316205763,2.36910469354206e-05,2.36912955186422e-05,7.95305880317293e-05,7.95305880317293e-05,0.180477235773431,15,8,0.50370878337443,0.152210663047117,0.324024322463414,8400,1.2
225,7,0.466666666666667,18,60,kalman-gm,0.373507593299514,0.0024495061435647,0.00245314865179204,-0.000537026919863722,0.00141757045497252,0.994526314960668,0.440414749352262,8.68390974249529e-06,8.70415310373629e-06,0.000176687918668366,0.000176687918668366,0.180477235773431,15,8,0.362831931070956,0.0670825458876751,0.0734469289773534,8400,1.2
226,7,0.466666666666667,18,60,kalman-gm,0.583349788947039,0.00171011435551124,0.00175127602111952,0.000843385743947119,0.00122654695319312,0.996750768831997,0.512620540833213,1.68038270405087e-05,1.68055119172034e-05,0.00010530263629867,0.00010530263629867,0.180477235773431,15,8,0.480497437842303,0.0482662806464871,0.0793800303937995,8400,1.2
227,7,0.466666666666667,18,60,kalman-gm,0.918427650421985,0.0027534475478898,0.00289061983131613,0.00556455173144442,0.00556547018194218,0.99691938175282,0.884978006223395,-2.68865528622875e-07,2.22090350531339e-05,0.00055680606630185,0.00055680606630185,0.180477235773431,15,8,0.531428100052266,0.146569368224802,0.197139249025439,8400,1.2
228,7,0.466666666666667,18,60,kalman-gm,0.882977028523904,0.000858519800719607,0.000916053609528652,-3.99731423197958e-05,0.0038471822896199,0.999041938923068,0.889403347373211,-2.54939466194e-06,3.5319583898528e-06,0.000266021899953012,0.000266021899953012,0.180477235773431,15,8,0.56408159840734,0.0705584969516123,0.0906976322447968,8400,1.2
229,7,0.466666666666667,18,60,kalman-gm,0.337913240441904,-0.000509618632450877,0.000713599782450614,-0.00197479806787658,0.00199354867852475,1.00127049978168,0.382971916038146,2.93590807511808e-06,3.06881436545429e-06,-2.59189117386205e-06,8.90853402277236e-06,0.180477235773431,15,8,0.372059080174215,0.057986671644465,0.0636239883259262,8400,1.2
230,7,0.466666666666667,18,60,kalman-gm,0.335910998664979,0.000141775597651135,0.0015949269272608,0.00262283145798174,0.00265811675589153,0.999618976183709,0.368730350510307,2.38387178796059e-06,2.38387178796059e-06,0.000110614605476487,0.000110614605476487,0.180477235773431,15,8,0.384963628754673,0.0602381524699603,0.0691525788913658,8400,1.2
201,7,0.466666666666667,18,60,mean,0.255017339343908,0.00401279143271745,0.00408875758065117,0.00880264488812199,0.00880264488812199,0.976879240714387,0.165407581274647,-7.21313974946884e-06,8.19966284461663e-06,5.40907647785149e-05,5.40907647785149e-05,0.180477235773431,15,8,0.467402681419509,0.0914744461266394,0.129090781726987,8400,1.2
202,7,0.466666666666667,18,60,mean,0.265746187490233,-0.00179966691236688,0.00226593905595421,0.00117372878699684,0.00262941592793487,1.00676017933853,0.25874746475442,0.000103186972335727,0.000103229205685565,0.000802393710738435,0.000802393710738435,0.180477235773431,15,8,0.335763476359598,0.102269904637228,0.110808566722864,8400,1.2
203,7,0.466666666666667,18,60,mean,0.210691349248003,-0.000361770485917977,0.000976887223028026,0.00231388805325444,0.00282347027062556,1.00178113669258,0.184021111370275,2.37667438952501e-06,5.91045387004959e-06,2.75368965347847e-05,2.84715492003937e-05,0.180477235773431,15,8,0.402437445945743,0.058761997602887,0.10993911534449,8400,1.2
204,7,0.466666666666667,18,60,mean,0.359495153802557,0.000597079322345891,0.000830458441578632,0.00653965627916938,0.0067554397728446,0.997353746143306,0.215298158285211,1.32479475475999e-05,1.32651943945847e-05,1.85480879921143e-05,3.5518591357114e-05,0.180477235773431,15,8,0.579413977963589,0.0946612340385104,0.178473082220518,8400,1.2
205,7,0.466666666666667,18,60,mean,0.70015870254017,-0.00469291055779035,0.00469291055779035,-0.0146966316447191,0.0146966316447191,1.00712392774262,0.660282429742855,0.000112280447690007,0.000112280447690007,0.000708117014187302,0.000708117014187302,0.180477235773431,15,8,0.462222666290012,0.098287230055297,0.147860455051405,8400,1.2
206,7,0.466666666666667,18,60,mean,0.704274218716452,0.00120065546302664,0.00124940302995849,-0.00280904658872301,0.0035512537222384,0.998097769971213,0.621376844489605,8.41122180384365e-06,8.53667165588157e-06,-0.000111870614020408,0.000131108700971491,0.180477235773431,15,8,0.434578051869585,0.117381488350557,0.150208444185541,8400,1.2
207,7,0.466666666666667,18,60,mean,0.38959595460555,0.00103146166934711,0.00116218794524851,0.01132458683828,0.01132458683828,0.997125946726725,0.353307873621399,-7.68261315399893e-06,7.6841842685337e-06,-0.000200792760643926,0.000200792760643926,0.180477235773431,15,8,0.431077237416802,0.0847109728115973,0.125252240493634,8400,1.2
208,7,0.466666666666667,18,60,mean,0.521825513218961,-0.00245962884524922,0.00255025100328849,-0.00163450767745478,0.00219522107138782,1.00417607622768,0.552863100475195,-1.55580642398655e-05,1.73888614584602e-05,-0.000121671883326551,0.00012209623661893,0.180477235773431,15,8,0.468150000608131,0.115974138043371,0.145787108846259,8400,1.2
209,7,0.466666666666667,18,60,mean,0.757883941146569,0.00435849147833174,0.00435849147833174,0.00833140036148744,0.00836420373014366,0.994543552125805,0.778504316116703,0.00012397491275593,0.00012397491275593,0.000528851746391893,0.000528851746391893,0.180477235773431,15,8,0.556571728078595,0.100046682925858,0.17560156370268,8400,1.2
210,7,0.466666666666667,18,60,mean,0.698492318522336,0.00282882439747535,0.0037650926870264,0.0104410339955559,0.0104410339955559,0.995502647131163,0.605572956002174,1.21703571216804e-05,1.21887881276925e-05,0.000294533942095486,0.000294533942095486,0.180477235773431,15,8,0.552336406831417,0.111674501662001,0.179404653041541,8400,1.2
211,7,0.466666666666667,18,60,mean,0.256447192560495,0.00509859798517424,0.00509867848724149,0.0123126234465718,0.0123126234465718,0.984410927258193,0.306150676216952,2.96871379728197e-05,2.96871415443295e-05,0.000307956931030738,0.000307956931030738,0.180477235773431,15,8,0.306814611810129,0.115909135431412,0.124783890824425,8400,1.2
212,7,0.466666666666667,18,60,mean,0.249945913385791,0.00250694299430696,0.00278753449030509,0.00391498553234805,0.00391498553234805,0.992516942898035,0.314863348525021,-7.54859914992995e-06,7.7731778463481e-06,3.08110666402672e-05,3.14696978530909e-05,0.180477235773431,15,8,0.522429856794936,0.0890137167172934,0.104242329617802,8400,1.2
213,7,0.466666666666667,18,60,mean,0.674500413219376,-0.00344971594774597,0.00344980590684299,-0.00960353094494944,0.00960353094494944,1.00514183444856,0.667182601578115,-1.64795441389578e-05,1.65011045668452e-05,-0.000272620269315518,0.000272620269315518,0.180477235773431,15,8,0.387979012496805,0.0749637389712081,0.113208224645561,8400,1.2
214,7,0.466666666666667,18,60,mean,0.467051609443533,-0.000700245653224722,0.00083357904259432,-0.000762458307120116,0.0017896262531408,1.00142740836236,0.478780781154094,1.05867227772014e-05,1.06744700132398e-05,5.1346129891463e-05,5.1346129891463e-05,0.180477235773431,15,8,0.393892943729903,0.127493248930394,0.168551908611352,8400,1.2
215,7,0.466666666666667,18,60,mean,0.445369691392905,-0.0019309779848347,0.00219769809475226,0.00121405523073656,0.00310078771206462,1.00610851431844,0.292493581307496,5.88423417744483e-05,5.88427744070521e-05,0.000166032965770009,0.000166032965770009,0.180477235773431,15,8,0.523425183910515,0.0799673191306073,0.121143691465546,8400,1.2
216,7,0.466666666666667,18,60,mean,0.847435176278389,0.000343761109778975,0.000424665750128097,7.7356924187828e-05,0.000269601090784692,0.999621553251331,0.905597132210453,-1.11701882605462e-06,1.11830168163472e-06,2.69227837525363e-05,2.69429422068415e-05,0.180477235773431,15,8,0.498547334514693,0.0517354012582891,0.100393242975088,8400,1.2
217,7,0.466666666666667,18,60,mean,0.358935008707022,-0.0028009017869501,0.00283658204059149,-0.00247540320067619,0.00255816808623323,1.00563055048613,0.4705174528011,-1.91893752117626e-05,1.91893752117626e-05,-0.000168785936279603,0.000168785936279603,0.180477235773431,15,8,0.517420826609822,0.133521771410588,0.13227826967853,8400,1.2
218,7,0.466666666666667,18,60,mean,0.349844227102502,0.00176809352533568,0.0019153804785337,0.0048771853487786,0.0048771853487786,0.994432778101872,0.292611855173192,-1.01948764103891e-06,5.18300378528624e-06,-9.38372656806169e-05,9.38372656806169e-05,0.180477235773431,15,8,0.360319684698237,0.103623013056984,0.117499354821684,8400,1.2
219,7,0.466666666666667,18,60,mean,0.496912445828087,-0.004880498729606,0.00488474226866157,-0.0102457072998573,0.0102457072998573,1.00868127371319,0.561117021671093,-5.29939772714649e-05,5.30036369285743e-05,-0.000250133022908706,0.000250133022908706,0.180477235773431,15,8,0.389772368975621,0.153956323955426,0.150037002048172,8400,1.2
220,7,0.466666666666667,18,60,mean,0.27818400380262,-0.000679744686290346,0.00133640524586794,0.000309519316338259,0.00118372338867558,1.00258898712749,0.244685285831823,-3.99914489210655e-06,5.05182231705555e-06,2.07000948449323e-05,2.07000948449323e-05,0.180477235773431,15,8,0.468806434267206,0.0447723066199242,0.10553894269444,8400,1.2
221,7,0.466666666666667,18,60,mean,0.681133075162703,0.00271172879509496,0.00275020330243563,0.00460576153980328,0.00460576153980328,0.99632395689091,0.728020144003412,-1.08323812697805e-05,1.15900143130829e-05,-0.000117948643636143,0.000117948643636143,0.180477235773431,15,8,0.509248525407869,0.0455274084945063,0.108275634136837,8400,1.2
222,7,0.466666666666667,18,60,mean,0.857428496491087,0.00117894136264094,0.00136662803038925,0.00166281773334607,0.001736430323232,0.998577442416295,0.82559349202411,-1.82987648437068e-06,2.3856285372631e-06,0.000174088696750274,0.000174088696750274,0.180477235773431,15,8,0.541784518777646,0.108649104715239,0.172376595868757,8400,1.2
223,7,0.466666666666667,18,60,mean,0.700443572975692,-0.00182894517986103,0.00184557525004656,-0.000279452231648528,0.000656258999848626,1.00234387900901,0.768182994437393,1.58214948726513e-06,5.68730465112706e-06,3.40342501090196e-05,3.40342501090196e-05,0.180477235773431,15,8,0.436789955078593,0.0541641398638463,0.104534596366353,8400,1.2
224,7,0.466666666666667,18,60,mean,0.421163045800885,0.00350314270275983,0.00374032568113771,0.0128252195034564,0.0128252195034564,0.989925187238114,0.339803523403288,-1.95783423384541e-05,2.01493275987605e-05,-0.000172255751532417,0.000172255751532417,0.180477235773431,15,8,0.505751514853368,0.129323237406631,0.212903813878439,8400,1.2
225,7,0.466666666666667,18,60,mean,0.373507593299514,0.00152242086668066,0.00154965662621383,0.00457864518064285,0.00459078011875677,0.996597986764226,0.440410821095933,-1.88920052750137e-05,1.89006950162218e-05,-0.000209570964247363,0.000209570964247363,0.180477235773431,15,8,0.363624778949153,0.0831189348200821,0.112810340935862,8400,1.2
226,7,0.466666666666667,18,60,mean,0.583349788947039,-5.07933711059376e-05,0.000828751999129224,-0.000853091843485504,0.00109070928905283,1.00009650781773,0.515122960076293,-7.03407902226024e-06,7.03407902226024e-06,-0.000128699189705904,0.000128699189705904,0.180477235773431,15,8,0.480107683111194,0.0594870102868766,0.107285015878332,8400,1.2
227,7,0.466666666666667,18,60,mean,0.918427650421985,0.00361398191240389,0.00372088802383818,0.00687998371843245,0.00687998371843245,0.995956596800668,0.885533517006124,8.29916303947548e-06,2.46989857763405e-05,0.000541462888394502,0.000541462888394502,0.180477235773431,15,8,0.530171769651716,0.176973187630969,0.23971434101871,8400,1.2
228,7,0.466666666666667,18,60,mean,0.882977028523904,0.00111685991683453,0.00112100909024841,-0.0256382206405181,0.0262652273238539,0.998753645502634,0.890775909793494,-1.80613075035895e-06,3.06510961669074e-06,-0.000569214644220344,0.000569214644220344,0.180477235773431,15,8,0.560546195604948,0.100090841986021,0.169437985935917,8400,1.2
229,7,0.466666666666667,18,60,mean,0.337913240441904,-0.000764409022649511,0.00100193594371627,-0.00358411823992148,0.00362946836576821,1.00190570248918,0.382943678158682,1.04786021745268e-05,1.04795987434135e-05,-3.61662034771798e-05,4.40664992334855e-05,0.180477235773431,15,8,0.374517071830535,0.0728507856196292,0.108610470387005,8400,1.2
230,7,0.466666666666667,18,60,mean,0.335910998664979,0.00244814664261818,0.00300137350290891,0.00573611541607662,0.00576210804125074,0.993420573130604,0.363368036601605,-1.80928403327646e-05,1.81403325667453e-05,-1.44902907286365e-05,3.36990317691738e-05,0.180477235773431,15,8,0.387598333035338,0.0622325349858766,0.109905628272638,8400,1.2
201,7,0.466666666666667,18,60,none,0.255017339343908,0.012175810197458,0.0122639690844701,0.0185095772998501,0.0185095772998501,0.92984584885537,0.151604365795175,3.51380837583094e-05,4.85584972169018e-05,0.000439295611531514,0.000439295611531514,0.09625452574583,8,8,0.510171929188541,NaN,NaN,0,1.2
202,7,0.466666666666667,18,60,none,0.265746187490233,0.0147573835880511,0.0147573835880511,0.0240269660027011,0.0240269660027011,0.944566097794458,0.243825439310126,0.000271810604419225,0.000271810604419225,0.00177392467171602,0.00177392467171602,0.09625452574583,8,8,0.395627877274649,NaN,NaN,0,1.2
203,7,0.466666666666667,18,60,none,0.210691349248003,-0.0137946256152354,0.0137946256152354,0.0116132045654551,0.0221272508501009,1.06791630273922,0.208915545333096,0.000449456660604749,0.000449456660604749,0.0027896595201619,0.0027896595201619,0.09625452574583,8,8,0.435185864470359,NaN,NaN,0,1.2
204,7,0.466666666666667,18,60,none,0.359495153802557,0.00463175275122748,0.007569673027445,0.0495332536732569,0.0495332536732569,0.979472084993608,0.217901090554602,0.000792990721508842,0.000792990721508842,0.00577650185981633,0.00577650185981633,0.09625452574583,8,8,0.634238085817372,NaN,NaN,0,1.2
205,7,0.466666666666667,18,60,none,0.70015870254017,-0.00796737510047263,0.00797118863770112,-0.072220442727061,0.072220442727061,1.01209462737786,0.665605935904122,0.000223805377801992,0.000223811069856159,0.00249255391072011,0.00249255391072011,0.09625452574583,8,8,0.449467325796346,NaN,NaN,0,1.2
206,7,0.466666666666667,18,60,none,0.704274218716452,-0.00463367507462403,0.00475499301248006,-0.00448581704772575,0.00448581704772575,1.00734125329207,0.629190838168772,8.06497802342136e-05,8.06501329998192e-05,-0.000263147573573934,0.000309300677708865,0.09625452574583,8,8,0.458934805021499,NaN,NaN,0,1.2
207,7,0.466666666666667,18,60,none,0.38959595460555,-0.012765062535626,0.012765062535626,-0.00376854614197256,0.00447674645008473,1.03556842765403,0.369229774163933,0.000222632256691047,0.000222632256691047,0.0008911341251189,0.0008911341251189,0.09625452574583,8,8,0.431290890975004,NaN,NaN,0,1.2
208,7,0.466666666666667,18,60,none,0.521825513218961,0.0315090268704651,0.0315090268704651,0.0540531895955257,0.0541699001647296,0.946502457748714,0.552263359620065,0.000599356988320841,0.000599356988320841,0.00627543208508981,0.00627543208508981,0.09625452574583,8,8,0.562192110571182,NaN,NaN,0,19.8
209,7,0.466666666666667,18,60,none,0.757883941146569,-0.0125388837078217,0.0130602408497301,-0.00341559976248379,0.0210146349667097,1.015697579241,0.803355124441623,0.000922129013250659,0.000922129013250659,0.00382345286897064,0.00382345286897064,0.09625452574583,8,8,0.600343455114394,NaN,NaN,0,1.2
210,7,0.466666666666667,18,60,none,0.698492318522336,-0.0194294761098111,0.0194316319889001,-0.0358450191594629,0.0358450191594629,1.03088958445086,0.642678436047099,0.000436936403131638,0.000436957780591229,0.00188019579696213,0.00188019579696213,0.09625452574583,8,8,0.564705281867393,NaN,NaN,0,1.2
211,7,0.466666666666667,18,60,none,0.256447192560495,0.0131458985093911,0.0131973009202248,0.0245024511115681,0.0245024511115681,0.959806133232075,0.306435071370999,7.50838271781157e-05,7.57700525380591e-05,0.000534839491570068,0.000534839491570068,0.09625452574583,8,8,0.382882624141021,NaN,NaN,0,1.2
212,7,0.466666666666667,18,60,none,0.249945913385791,0.0165927459726403,0.0167845357156777,0.0270983337713776,0.0270983337713776,0.950471763469041,0.316426638228064,0.000223401109891561,0.000223401109891561,0.0012313119299137,0.0012313119299137,0.09625452574583,8,8,0.553929551013944,NaN,NaN,0,1.2
213,7,0.466666666666667,18,60,none,0.674500413219376,-0.00894008806070071,0.00894008806070071,-0.0520703634526684,0.0520703634526684,1.01332528633081,0.67004749100485,-3.28253810830394e-05,3.28253810830394e-05,-0.00048768154718318,0.00048768154718318,0.09625452574583,8,8,0.408437512632948,NaN,NaN,0,1.2
214,7,0.466666666666667,18,60,none,0.467051609443533,-0.0045900795397662,0.00554499800669856,-0.0250432867165506,0.0250432867165506,1.0093565992003,0.479854885550945,0.000384848014207229,0.000384849245859808,0.00176961051143151,0.00176961051143151,0.09625452574583,8,8,0.472085702817529,NaN,NaN,0,1.2
215,7,0.466666666666667,18,60,none,0.445369691392905,-0.0133978470248667,0.0136749743683073,-0.0208490473217365,0.0208490473217365,1.04238315559805,0.317959253778565,0.000388206354880894,0.000388206354880894,0.00286384923583838,0.00286384923583838,0.09625452574583,8,8,0.535487633678366,NaN,NaN,0,1.2
216,7,0.466666666666667,18,60,none,0.847435176278389,0.00140082359924545,0.00143247826058436,-0.00424280197740951,0.00509262883929037,0.99845783271722,0.904781214523652,0.00042702355970522,0.00042704786394736,0.00246584245503942,0.00246584245503942,0.09625452574583,8,8,0.560108765154549,NaN,NaN,0,1.2
217,7,0.466666666666667,18,60,none,0.358935008707022,0.0284358598529745,0.0284358598529745,0.0260336324611392,0.0260336324611392,0.94283643030092,0.466898822436689,0.000168986407786568,0.000168986407786568,0.00133689429084135,0.00133689429084135,0.09625452574583,8,8,0.533606026327134,NaN,NaN,0,1.2
218,7,0.466666666666667,18,60,none,0.349844227102502,-0.028854228827093,0.028854228827093,-0.0473057490253833,0.0473057490253833,1.09085373159165,0.341192622212309,0.000300246517195122,0.000300246517195122,0.000839673158902747,0.000839673158902747,0.09625452574583,8,8,0.375142378130496,NaN,NaN,0,1.2
219,7,0.466666666666667,18,60,none,0.496912445828087,0.00154534687306587,0.00169737848040675,-0.00882603364760771,0.00882603364760771,0.997251186829426,0.554527291829954,0.000203503877843505,0.000203503877843505,0.00110673884033469,0.00110673884033469,0.09625452574583,8,8,0.389768089748079,NaN,NaN,0,1.2
220,7,0.466666666666667,18,60,none,0.27818400380262,-0.0089405521237608,0.00961729277038222,-0.0251812730349715,0.0251812730349715,1.03405245355784,0.269101003593042,0.000293724687195059,0.000293724687195059,0.00233328425643361,0.00233328425643361,0.09625452574583,8,8,0.470498848820156,NaN,NaN,0,1.2
221,7,0.466666666666667,18,60,none,0.681133075162703,0.0127306023688594,0.0127539383058851,0.000119081302658119,0.00888848002409182,0.982742284848967,0.71964756379487,0.000398704341348271,0.000398711081165716,0.00210018719497247,0.00210018719497247,0.09625452574583,8,8,0.512572292031005,NaN,NaN,0,1.2
222,7,0.466666666666667,18,60,none,0.857428496491087,7.43035010368024e-07,0.0015591696026982,-0.01217719650494,0.0127634557234862,0.999999103424375,0.827056432588911,-1.69809708052054e-05,2.02088539736476e-05,0.00124224883381717,0.00124224883381717,0.09625452574583,8,8,0.643091860495015,NaN,NaN,0,1.2
223,7,0.466666666666667,18,60,none,0.700443572975692,0.00592449785970667,0.00601232997819529,0.0223563138291584,0.0223563138291584,0.992407478187323,0.767637098334377,0.000221706054050022,0.000222103706723761,0.00174762367992765,0.00174762367992765,0.09625452574583,8,8,0.509788580014754,NaN,NaN,0,1.2
224,7,0.466666666666667,18,60,none,0.421163045800885,0.00399064463340483,0.00469495902142958,-0.0298574963048111,0.0300764234515886,0.988523163087503,0.340477503912025,0.000819219948079637,0.000819253631892675,0.00313824880282603,0.00313824880282603,0.09625452574583,8,8,0.524766143491438,NaN,NaN,0,1.2
225,7,0.466666666666667,18,60,none,0.373507593299514,0.0165373194848271,0.0165373194848271,0.0462295163755352,0.0462295163755352,0.963045580231526,0.420184635241651,6.53794354566121e-05,6.53794354566121e-05,-0.000172029435121971,0.000243040301080477,0.09625452574583,8,8,0.41951633968496,NaN,NaN,0,1.2
226,7,0.466666666666667,18,60,none,0.583349788947039,-0.00860690536348049,0.00860690536348049,0.00176239668140562,0.00254240545870007,1.01635319011091,0.520522010946085,0.000213485479144337,0.000213485479144337,0.000571035053101957,0.000571035053101957,0.09625452574583,8,8,0.593782725193175,NaN,NaN,0,1.2
227,7,0.466666666666667,18,60,none,0.918427650421985,0.00428671385816261,0.00450908284123215,-0.0178250055814022,0.0178250055814022,0.99520392936411,0.885173679494021,0.000466903561444376,0.000466903561444376,0.00221726599743761,0.00221726599743761,0.09625452574583,8,8,0.522935893684124,NaN,NaN,0,1.2
228,7,0.466666666666667,18,60,none,0.882977028523904,-9.78656182170875e-05,0.00152991422922098,-0.0106822366687376,0.0106822366687376,1.00010921266988,0.895162261164417,0.000299762726873012,0.000299763888204405,0.00161810934902642,0.00161810934902642,0.09625452574583,8,8,0.542277225688915,NaN,NaN,0,1.2
229,7,0.466666666666667,18,60,none,0.337913240441904,0.00640101867213029,0.00642295703556691,0.024598097618943,0.024598097618943,0.984042002572817,0.383466083399507,0.000113232722654482,0.000113238000350838,0.0011410434142064,0.0011410434142064,0.09625452574583,8,8,0.435801564489329,NaN,NaN,0,1.2
230,7,0.466666666666667,18,60,none,0.335910998664979,-0.00123093192452577,0.00236954267540572,0.00312438729258535,0.0040439356427832,1.00330814602264,0.36917644116105,-5.92263145889616e-06,8.56523311597857e-06,-0.000611821378486161,0.000611821378486161,0.09625452574583,8,8,0.420542835430103,NaN,NaN,0,1.2
201,7,0.466666666666667,30,100,hold,0.255017339343908,-0.00156243829844732,0.002734535137939,0.00986223809248687,0.00986874132106684,1.00894753020979,0.171477931401742,0.000289566029176659,0.000289743277857486,0.00203156031535173,0.00203156031535173,0.180477235773431,15,8,0.473474228229044,0.165040717946179,0.314354810939012,14000,1.2
202,7,0.466666666666667,30,100,hold,0.265746187490233,0.0087664660632164,0.00886842841415832,0.00385399055282987,0.0043953209769715,0.967384030156568,0.254909865499776,0.000304783960599644,0.000304783960599644,0.0015868707200425,0.0015868707200425,0.180477235773431,15,8,0.338559765443502,0.173005514544272,0.335423989007654,14000,1.2
203,7,0.466666666666667,30,100,hold,0.210691349248003,0.0127244409264931,0.0127337936864593,0.0538806975200919,0.0538806975200919,0.934576514662928,0.147288586037934,4.54948250382781e-05,4.67536665484858e-05,0.00189820535983738,0.00189820535983738,0.180477235773431,15,8,0.405825507559836,0.141518767346227,0.317237048849969,14000,1.2
204,7,0.466666666666667,30,100,hold,0.359495153802557,-6.98773859886148e-05,0.00480598149061524,0.00571146987318578,0.00670730296362079,1.00029296017848,0.220869028928912,0.000575375650627597,0.00057537658860654,0.00224858174925887,0.00224858174925887,0.180477235773431,15,8,0.5594182827615,0.304805825066606,0.862934707893573,14000,1.2
205,7,0.466666666666667,30,100,hold,0.70015870254017,0.0100202507969617,0.0100519637830607,0.0153453752196031,0.0153453752196031,0.984483467994102,0.574589616037995,0.000194156771543905,0.000194157310147886,0.00140517789558201,0.00140517789558201,0.180477235773431,15,8,0.460327778970062,0.141745785007181,0.274199811227845,14000,1.2
206,7,0.466666666666667,30,100,hold,0.704274218716452,-0.000852667214809618,0.00199257917389368,-0.0106560206479338,0.0106560206479338,1.00136137376839,0.619447529453249,0.00017147494267006,0.000171474943719451,0.000449589877701894,0.000449589877701894,0.180477235773431,15,8,0.432755939672622,0.212028810682135,0.614403872732506,14000,1.2
207,7,0.466666666666667,30,100,hold,0.38959595460555,0.00842908081310069,0.00882016050045757,0.0326114596829296,0.0326114596829296,0.976644877641645,0.337512210376948,9.23948852991821e-05,9.50248911936283e-05,0.000239742031052982,0.000254827215924125,0.180477235773431,15,8,0.426604844477736,0.172456687739752,0.354419806199743,14000,1.2
208,7,0.466666666666667,30,100,hold,0.521825513218961,0.0104173983466588,0.0104349390249454,-0.0241291971294014,0.0277715976350838,0.983062090762528,0.552856264293386,0.000384614966874353,0.000384614966874353,0.00317441652672588,0.00317441652672588,0.180477235773431,15,8,0.466947432349975,0.176100662160187,0.406235846437147,14000,1.2
209,7,0.466666666666667,30,100,hold,0.757883941146569,0.0129403906134542,0.0129403906134542,0.0180161048255328,0.0181726579925644,0.983653482832617,0.744218465145315,0.000700483497875334,0.000700483497875334,0.00482316734430188,0.00482316734430188,0.180477235773431,15,8,0.548130815922599,0.267909899185463,0.695339445224999,14000,1.2
210,7,0.466666666666667,30,100,hold,0.698492318522336,0.00821351504263907,0.00833078696497895,-0.0107508904033131,0.0170685424567124,0.986782529714736,0.588486056968958,0.000551538891528016,0.000551538891528016,0.00346529040335957,0.00346529040335957,0.180477235773431,15,8,0.542057883619224,0.255502553737202,0.660019120533902,14000,1.2
211,7,0.466666666666667,30,100,hold,0.256447192560495,0.00700725144115227,0.00722601610941827,0.0172213463028357,0.0172213463028357,0.978943146699116,0.306151307366552,7.9499713253719e-05,7.95008993932167e-05,0.000466241276538596,0.000466241276538596,0.180477235773431,15,8,0.30243031707227,0.144110303909189,0.175592344697012,14000,1.2
212,7,0.466666666666667,30,100,hold,0.249945913385791,0.00471407195274679,0.00530208122317723,0.00188173795208833,0.00560961804017896,0.986471341345231,0.314863335275774,0.000246380720654927,0.000246380795144029,0.00132921074068104,0.00132921074068104,0.180477235773431,15,8,0.523803960678401,0.192137339244131,0.367141971688217,14000,1.2
213,7,0.466666666666667,30,100,hold,0.674500413219376,1.0669772910159e-05,0.00172504221723917,-0.0034227336277711,0.00373240861219266,0.999984154956045,0.665747731872512,5.25620226083018e-05,5.25925401146282e-05,0.000330010407832846,0.000330010407832846,0.180477235773431,15,8,0.384724980446299,0.0829773705082527,0.14269936065566,14000,1.2
214,7,0.466666666666667,30,100,hold,0.467051609443533,0.00695278486827397,0.00718595578757142,0.0048045700078159,0.00668540741098888,0.98568776158453,0.46541074810295,3.5029310881407e-05,8.29586424609263e-05,0.000620265773203307,0.000620265773203307,0.180477235773431,15,8,0.388386454613899,0.243016363097964,0.716682339098506,14000,1.2
215,7,0.466666666666667,30,100,hold,0.445369691392905,0.00130877216938774,0.00198506850476557,-0.00114571594578489,0.00421245183158379,0.995634022113296,0.259613602669623,0.000279939458169433,0.000279943460286881,0.00141461319756851,0.00141461319756851,0.180477235773431,15,8,0.527971764029786,0.134243180379356,0.265876039395034,14000,1.2
216,7,0.466666666666667,30,100,hold,0.847435176278389,0.000548708899867681,0.000664788754310336,-0.00315268278800158,0.00392132363902864,0.999394930229063,0.898443414868215,2.62500095316492e-05,2.62667407069855e-05,0.000268073226193348,0.000268073226193348,0.180477235773431,15,8,0.501539872007265,0.0565578176001028,0.122092700099791,14000,1.2
217,7,0.466666666666667,30,100,hold,0.358935008707022,0.00134333131937945,0.00201998679393463,0.00284787041370159,0.00616028199000805,0.997378710850537,0.470520055166774,4.3483174745661e-05,4.34890271298705e-05,0.000475166964203604,0.000475166964203604,0.180477235773431,15,8,0.510821355770635,0.204357018840318,0.374662754076554,14000,1.2
218,7,0.466666666666667,30,100,hold,0.349844227102502,-0.00163027274372221,0.00190863180675686,-0.0019964020623244,0.00207339903215059,1.00532717704433,0.280040950146311,8.58760872284914e-05,8.58760902908062e-05,0.00056108349790404,0.00056108349790404,0.180477235773431,15,8,0.363454624261145,0.131726807494991,0.163556458432421,14000,1.2
219,7,0.466666666666667,30,100,hold,0.496912445828087,-0.0154078221523599,0.0154155328193784,-0.0223539288211197,0.0223539288211197,1.02782671392794,0.561117019646111,1.91188530077679e-05,3.07069855597386e-05,0.000394924074210281,0.000394924074210281,0.180477235773431,15,8,0.379791084270002,0.228876143821361,0.386707732694576,14000,1.2
220,7,0.466666666666667,30,100,hold,0.27818400380262,-0.00914237804170159,0.00914384374170643,-0.0106735599107662,0.0106735599107662,1.03683723195062,0.222905983358771,0.000211591128510293,0.000211592410717378,0.00116783025696737,0.00116783025696737,0.180477235773431,15,8,0.469272853829962,0.097765364056432,0.211496075761512,14000,1.2
221,7,0.466666666666667,30,100,hold,0.681133075162703,0.0061508121010646,0.00615083046571521,0.00495850654114533,0.00497372955663838,0.991697593740132,0.727958220668201,0.000176911765553054,0.000176911765553054,0.000819453715695781,0.000819453715695781,0.180477235773431,15,8,0.504687419796489,0.0809422853713976,0.187179249668951,14000,1.2
222,7,0.466666666666667,30,100,hold,0.857428496491087,0.00085293668539644,0.00259288073363712,-0.00259248156051286,0.00667088985290953,0.998962740106022,0.793724747667092,0.000271646703057467,0.000271822142249654,0.0025465596878133,0.0025465596878133,0.180477235773431,15,8,0.527893726906694,0.235446981726209,0.550742793724375,14000,1.2
223,7,0.466666666666667,30,100,hold,0.700443572975692,0.00131139062502645,0.00158881791908958,-0.000104422708731742,0.0039581374057713,0.99833471993583,0.768180727814524,7.55708488105578e-05,7.55708488105578e-05,0.000619965463345901,0.000619965463345901,0.180477235773431,15,8,0.439690137690319,0.07429597488973,0.141680776944288,14000,1.2
224,7,0.466666666666667,30,100,hold,0.421163045800885,0.000407236486647748,0.00285486845637799,0.0144144960435202,0.0144144960435202,0.998827626423499,0.334383433099708,0.00010780822677007,0.0001078082303974,0.000559993939443796,0.000559993939443796,0.180477235773431,15,8,0.498240389892332,0.314981113141733,0.944233902095427,14000,1.2
225,7,0.466666666666667,30,100,hold,0.373507593299514,0.00521029787549362,0.0052111603026365,0.00625810049176814,0.00625810049176814,0.98849231973461,0.440413962471378,0.000158968810872363,0.000158968810888939,0.000966871864064008,0.000966871864064008,0.180477235773431,15,8,0.360459168444516,0.153672913740157,0.221029944990532,14000,1.2
226,7,0.466666666666667,30,100,hold,0.583349788947039,0.0108802749420976,0.010904122057856,0.00663455832179573,0.0090557469985521,0.979209203527483,0.497883298482696,0.000171709639398719,0.000171711862331189,0.00160157667298765,0.00160157667298765,0.180477235773431,15,8,0.476166192813651,0.123080517960575,0.241925502988329,14000,1.2
227,7,0.466666666666667,30,100,hold,0.918427650421985,0.00390913145234074,0.00400373222955258,-0.000723184145761429,0.00596054338214247,0.995596246003688,0.84683913618585,0.000306811009433348,0.000306837023123068,0.00165311096193692,0.00165311096193692,0.180477235773431,15,8,0.536280580975691,0.206525771150501,0.411440431381036,14000,1.2
228,7,0.466666666666667,30,100,hold,0.882977028523904,0.00566508619083289,0.00583097106301203,-0.0198308557861638,0.0236753078837306,0.993696697793334,0.886958184806795,0.000158816223790486,0.000158862708692013,0.00216163263012736,0.00216163263012736,0.180477235773431,15,8,0.567509239565664,0.144266743402251,0.28663722898343,14000,1.2
229,7,0.466666666666667,30,100,hold,0.337913240441904,-0.00329781574274257,0.00342263406937057,-0.00319406877897634,0.00321068728226331,1.00785965450559,0.382927126438598,4.13879842557635e-05,4.13939108108835e-05,0.000389458403353904,0.000389458403353904,0.180477235773431,15,8,0.372182683839872,0.11872330526967,0.165926022284978,14000,1.2
230,7,0.466666666666667,30,100,hold,0.335910998664979,9.29262447115942e-05,0.00177294361769396,-0.000951294235966148,0.00134537716198802,0.999752725296002,0.370656363589304,2.73852994273888e-05,2.73852994273888e-05,-0.000201822211194332,0.000210867631195759,0.180477235773431,15,8,0.39278240708952,0.113886047400818,0.202879783340631,14000,1.2
201,7,0.466666666666667,30,100,kalman,0.255017339343908,0.019878923419841,0.0199185734663665,0.0187015133690976,0.0187015133690976,0.886160453175076,0.130840902524181,-3.24744836724622e-05,3.88941422055911e-05,0.000318397261039928,0.000318397261039928,0.180477235773431,15,8,0.450372303200802,0.148349735167558,0.220453402005936,14000,1.2
202,7,0.466666666666667,30,100,kalman,0.265746187490233,0.0109455338378466,0.0115566872973116,0.0120515845993367,0.0120819757412798,0.959276725763713,0.244449859378078,0.000217259571583401,0.000217285543653571,0.000962570038616262,0.000962570038616262,0.180477235773431,15,8,0.320566383833222,0.154216133125484,0.198380342113495,14000,1.2
203,7,0.466666666666667,30,100,kalman,0.210691349248003,0.00206328853465413,0.00242766161081345,0.0121132639728138,0.0121132639728138,0.9893914767672,0.172638502650153,-6.9144021898529e-06,1.40793510433571e-05,0.000557429142699449,0.000557429142699449,0.180477235773431,15,8,0.383226436146216,0.119513787415695,0.198327985170514,14000,1.2
204,7,0.466666666666667,30,100,kalman,0.359495153802557,0.00144676846036847,0.00177152526533556,-0.0143603278211842,0.0143674484096942,0.993934439012348,0.21539186163176,-4.51880398442456e-05,4.52283727275393e-05,-0.000155355793505815,0.000155355793505815,0.180477235773431,15,8,0.541823108930818,0.19905399121933,0.436321901004385,14000,1.2
205,7,0.466666666666667,30,100,kalman,0.70015870254017,-0.0105326058431042,0.0105326058431042,-0.00328959068334795,0.005574111681342,1.01630992267375,0.620328889028699,0.00021527174746054,0.00021527174746054,0.000534825589215741,0.000534825589215741,0.180477235773431,15,8,0.434828449146015,0.161713497756994,0.261104038191355,14000,1.2
206,7,0.466666666666667,30,100,kalman,0.704274218716452,0.00332430334518741,0.00339435935198255,0.0107122369991426,0.0107122369991426,0.994692396642312,0.604277594546733,-0.000103717618685018,0.000104496605457116,-0.000731736863254917,0.000731736863254917,0.180477235773431,15,8,0.40950920245269,0.183488275585696,0.312406323611241,14000,1.2
207,7,0.466666666666667,30,100,kalman,0.38959595460555,0.00663660992591,0.00688886799875357,0.0348840246711954,0.0348840246711954,0.981611418812903,0.344504719622144,-0.000100323157701855,0.00010032434779097,-0.000872838896452457,0.000872838896452457,0.180477235773431,15,8,0.406997976118699,0.135510057180894,0.227348237166516,14000,1.2
208,7,0.466666666666667,30,100,kalman,0.521825513218961,0.00199586045979949,0.0032159353369039,0.0234749650697468,0.0234749650697468,0.996754880422751,0.55286300218482,-9.04745532215151e-05,9.09113495492414e-05,-0.000865628194581602,0.000865628194581602,0.180477235773431,15,8,0.448352159459449,0.184967746592889,0.296914263824387,14000,1.2
209,7,0.466666666666667,30,100,kalman,0.757883941146569,0.00610889043866639,0.00610889043866639,0.0192677338534016,0.0192677338534016,0.992283147749381,0.765204084512177,0.000188146773099083,0.000188146773099083,3.22904028932791e-05,0.000603750666904576,0.180477235773431,15,8,0.526115895893134,0.209541376651885,0.466760613034998,14000,1.2
210,7,0.466666666666667,30,100,kalman,0.698492318522336,0.00474699156390848,0.0051443080376562,0.0102723851569521,0.0102723851569521,0.992360978263918,0.598165179586779,-4.99933631076088e-05,5.25509093364807e-05,1.76302074249966e-05,6.09630080956187e-05,0.180477235773431,15,8,0.518905280018244,0.195929933955413,0.38029439546265,14000,1.2
211,7,0.466666666666667,30,100,kalman,0.256447192560495,6.6791128158335e-05,0.00187715905635644,-0.00425947367084076,0.00463281264851262,0.999799292062053,0.306150675903799,0.000141047426291256,0.000141047428385619,0.000907127543493717,0.000907127543493717,0.180477235773431,15,8,0.287990718764888,0.186687097615045,0.221242360709935,14000,1.2
212,7,0.466666666666667,30,100,kalman,0.249945913385791,0.00710204733527374,0.00722299617947405,0.00910842691131427,0.00910842691131427,0.97961822069921,0.314863346052509,-1.69774595832362e-05,2.49199534741185e-05,0.000160452344968225,0.000160452344968225,0.180477235773431,15,8,0.493987994509069,0.137993995685371,0.190717396094966,14000,1.2
213,7,0.466666666666667,30,100,kalman,0.674500413219376,-0.0123536858325847,0.0123537401624578,-0.0565137370429941,0.0565137370429941,1.01834572269416,0.667182200502042,-0.00012138366863833,0.000121398109097991,-0.00124371114552743,0.00124371114552743,0.180477235773431,15,8,0.369690014075891,0.115610326191718,0.190760540594121,14000,1.2
214,7,0.466666666666667,30,100,kalman,0.467051609443533,-0.00693416802713058,0.00708740215694703,0.0086840964555813,0.0162524184703492,1.01427391583336,0.478780687517602,4.75381051511459e-05,4.75726320176695e-05,-5.54023214778832e-05,0.000136379389117149,0.180477235773431,15,8,0.381009839529845,0.199465801587324,0.312335095794026,14000,1.2
215,7,0.466666666666667,30,100,kalman,0.445369691392905,-0.00872612031521497,0.00875502107209316,-0.0108844589193683,0.0108844589193683,1.02910976350511,0.27368907284463,0.000187190672225725,0.000187190917047305,0.00143620980161462,0.00143620980161462,0.180477235773431,15,8,0.49572950556826,0.116971208921986,0.204238221047935,14000,1.2
216,7,0.466666666666667,30,100,kalman,0.847435176278389,-0.00151929021429884,0.00169399942404777,-0.00754475188541556,0.00754475188541556,1.00167534476327,0.905596952467906,1.51280580142724e-05,1.71370286519698e-05,0.000250919725452435,0.000250919725452435,0.180477235773431,15,8,0.478569251935286,0.0774920137221318,0.169235863422711,14000,1.2
217,7,0.466666666666667,30,100,kalman,0.358935008707022,-0.00522355250892202,0.00523438151352545,0.00214052402980757,0.00260353741578301,1.01019289978262,0.470517536692095,-8.76980631565777e-05,8.76980631565777e-05,-0.000549564152831976,0.000549564152831976,0.180477235773431,15,8,0.483104937656974,0.197942848990595,0.250847511706896,14000,1.2
218,7,0.466666666666667,30,100,kalman,0.349844227102502,-0.00651869083633599,0.00665994028575034,-0.0423624928621967,0.0423624928621967,1.02130086534057,0.299912501219743,-1.31132761747293e-05,1.68263978968247e-05,-0.000220611793008445,0.000221586357671588,0.180477235773431,15,8,0.336654979184661,0.158258155948578,0.217825718042762,14000,1.2
219,7,0.466666666666667,30,100,kalman,0.496912445828087,-0.0182324642345724,0.0182352095178621,-0.0346294049428578,0.0346294049428578,1.03292805183237,0.561117021732675,-0.000186464995082893,0.00018647124320163,-0.000758208435216443,0.000758208435216443,0.180477235773431,15,8,0.361000375590202,0.227650693741768,0.343279605417438,14000,6.6
220,7,0.466666666666667,30,100,kalman,0.27818400380262,-0.00277961275209495,0.00307821690130982,-0.00101854802739225,0.00403594123830812,1.01119984748112,0.217671947075241,-0.000102554782941658,0.000102554783120306,-0.000554473219908025,0.000554473219908025,0.180477235773431,15,8,0.443685605701244,0.0817506138760273,0.178378767813729,14000,1.2
221,7,0.466666666666667,30,100,kalman,0.681133075162703,0.00501924697681674,0.00505700267717029,0.00702441025012232,0.00702441025012232,0.993224987719437,0.728019751012292,-2.42178046083563e-06,1.44396850009648e-05,0.000246182915989404,0.000246182915989404,0.180477235773431,15,8,0.481341412560693,0.0784536357007937,0.189252581100001,14000,1.2
222,7,0.466666666666667,30,100,kalman,0.857428496491087,0.0051074029768737,0.00527909173765049,0.0314677740904642,0.0314677740904642,0.993788865737634,0.768856253162725,-0.000149849318366589,0.000149849321752014,-0.0001395639056971,0.000284030114520889,0.180477235773431,15,8,0.503271965326709,0.215312283742806,0.427356377004374,14000,1.2
223,7,0.466666666666667,30,100,kalman,0.700443572975692,-0.00230271151841272,0.00245314952203719,0.00544419202676372,0.00544419202676372,1.00292411697321,0.768182998337262,-3.61050287891296e-06,8.52543132162043e-06,-6.8896202824838e-05,6.8896202824838e-05,0.180477235773431,15,8,0.414832843583295,0.0910498251782287,0.17602084421988,14000,1.2
224,7,0.466666666666667,30,100,kalman,0.421163045800885,0.0143682365769382,0.0145192024610113,0.0221651131029395,0.0221651131029395,0.958635973307832,0.311643401390386,-0.000191880318949165,0.000192122690746927,-0.000743609187623024,0.000743609187623024,0.180477235773431,15,8,0.479110402827154,0.204660189861419,0.4708428282203,14000,1.2
225,7,0.466666666666667,30,100,kalman,0.373507593299514,-0.00428426218194421,0.00474532295333499,0.00740433539388724,0.00988581510708334,1.00946239937544,0.440412092242054,-0.000155298783486649,0.000155304302710478,-0.000845791939337627,0.000845791939337627,0.180477235773431,15,8,0.345094737410284,0.148173955848231,0.194663574117627,14000,1.2
226,7,0.466666666666667,30,100,kalman,0.583349788947039,0.00298725327413238,0.00326744811551529,0.00379058284989638,0.00487879591238952,0.994291745827668,0.51133272708117,-6.91396344627007e-05,6.91396344627007e-05,-0.000458350934286174,0.000458350934286174,0.180477235773431,15,8,0.453945262372893,0.0995859852886999,0.183682296995754,14000,1.2
227,7,0.466666666666667,30,100,kalman,0.918427650421985,0.00523440321806484,0.00530643050565856,0.0095329695366516,0.0141113017474396,0.994103287553542,0.858176236771164,0.000134501217248312,0.00014711113500476,6.9469781641737e-05,0.000876123595711322,0.180477235773431,15,8,0.501803974467508,0.260027751565204,0.569001969098053,14000,1.2
228,7,0.466666666666667,30,100,kalman,0.882977028523904,-0.0114680703029485,0.0115543351209567,-0.0549683788168696,0.0549683788168696,1.01276003760786,0.89558855599402,-0.000173210363985437,0.000173814318847597,-0.00474266612940779,0.00474266612940779,0.180477235773431,15,8,0.524955411400978,0.171883595842012,0.32070641828857,14000,1.2
229,7,0.466666666666667,30,100,kalman,0.337913240441904,-0.00535862194890663,0.00552185117245584,-0.0176140883196752,0.0176140883196752,1.0127711553434,0.382944455676584,-4.47067706491089e-05,4.56326710192734e-05,-1.77541193618308e-05,5.69459674694756e-05,0.180477235773431,15,8,0.354211129638489,0.129264181135425,0.187681688280437,14000,1.2
230,7,0.466666666666667,30,100,kalman,0.335910998664979,0.006928443245737,0.0072122802177648,0.0063676401778916,0.00654253974928468,0.981563564113937,0.363421127244387,-2.30742712080834e-05,2.34703168954686e-05,0.000111429927065068,0.000111429927065068,0.180477235773431,15,8,0.369749164723874,0.11452897554083,0.197868536645005,14000,1.2
201,7,0.466666666666667,30,100,kalman-gm,0.255017339343908,0.00619430624312219,0.00644210440837298,0.0113437139416156,0.0113437139416156,0.964527404189906,0.158411480216996,0.00018750242675651,0.000187600515163668,0.00145548585052693,0.00145548585052693,0.180477235773431,15,8,0.471550546758105,0.13096684462312,0.203026467537568,14000,1.2
202,7,0.466666666666667,30,100,kalman-gm,0.265746187490233,-0.000555462492120411,0.00215425739017955,0.00159151015789967,0.00259739971323418,1.00206661929237,0.258725714533903,0.000358180892433587,0.000358182042717426,0.00173912634798035,0.00173912634798035,0.180477235773431,15,8,0.334017213271682,0.152330659769434,0.245707974436048,14000,1.2
203,7,0.466666666666667,30,100,kalman-gm,0.210691349248003,0.00887698124827785,0.00887702289659409,0.0504299540580757,0.0504299540580757,0.954358462121115,0.150939024637948,3.43882720476557e-06,3.26782611832308e-05,0.00155601701979048,0.00155601701979048,0.180477235773431,15,8,0.404323145591752,0.10687796093575,0.214746175129432,14000,1.2
204,7,0.466666666666667,30,100,kalman-gm,0.359495153802557,0.00285849784794588,0.00448388663619593,0.0121607427116907,0.0121607427116907,0.988015778955141,0.216930220920785,0.000266347978063822,0.000266347978063822,0.00159089576495804,0.00159089576495804,0.180477235773431,15,8,0.56635470049409,0.220242223467225,0.551385634778606,14000,1.2
205,7,0.466666666666667,30,100,kalman-gm,0.70015870254017,0.00343364874334079,0.003434954528188,0.00972532227776996,0.00972532227776996,0.994682935417224,0.588301209087318,2.1835153791265e-05,4.4025182566875e-05,0.000525361283861995,0.000525361283861995,0.180477235773431,15,8,0.457070991504844,0.11949575340774,0.209291299743021,14000,1.2
206,7,0.466666666666667,30,100,kalman-gm,0.704274218716452,-8.6763360829395e-05,0.00143184680723662,-0.00195711031241253,0.00337772475303323,1.00013852692051,0.616373169312128,5.36149970358335e-05,5.36149980897238e-05,-4.85541172475662e-05,0.000144893174838783,0.180477235773431,15,8,0.43523912408085,0.16384069016312,0.311987562747422,14000,1.2
207,7,0.466666666666667,30,100,kalman-gm,0.38959595460555,0.00607377712358303,0.00608706801615646,0.0252952822165515,0.0252952822165515,0.983170904272481,0.344708788209449,7.53066537789704e-05,7.56804267428568e-05,0.000222923773470076,0.000242930608203439,0.180477235773431,15,8,0.42271048551066,0.149464473130419,0.261153551951328,14000,1.2
208,7,0.466666666666667,30,100,kalman-gm,0.521825513218961,0.00597382099424568,0.00598824989615529,0.00392661215311917,0.00450204273607978,0.99028701462358,0.552863052098155,0.000203020953473746,0.000203020961282484,0.00107317815325932,0.00107317815325932,0.180477235773431,15,8,0.465712226847301,0.158038341453789,0.245347916610107,14000,1.2
209,7,0.466666666666667,30,100,kalman-gm,0.757883941146569,0.017643355173139,0.017643355173139,0.0210301901539654,0.0210301901539654,0.977712619592171,0.728905756628225,0.000588626082779795,0.000588626082779795,0.00425275243349052,0.00425275243349052,0.180477235773431,15,8,0.550423933270498,0.214332449533401,0.527473953953555,14000,1.2
210,7,0.466666666666667,30,100,kalman-gm,0.698492318522336,0.00626706362822514,0.00642346133389958,-0.00818826303847517,0.0106956350998511,0.989914826130846,0.596167927458683,0.000351395334300747,0.000351395334300747,0.00245889803520408,0.00245889803520408,0.180477235773431,15,8,0.543893368419446,0.197377707909675,0.474483567593684,14000,1.2
211,7,0.466666666666667,30,100,kalman-gm,0.256447192560495,0.0120360766697876,0.0120421946711308,0.0173576408163586,0.0173576408163586,0.963831481875262,0.306149563286322,0.000103508478121979,0.000103511621810299,0.000533829648676858,0.000533829648676858,0.180477235773431,15,8,0.304146470293952,0.168249284024777,0.147314295070067,14000,1.2
212,7,0.466666666666667,30,100,kalman-gm,0.249945913385791,0.00426110285908317,0.00502604716948769,0.00332089362140529,0.00411837417778437,0.987771292705915,0.314863332348834,0.000137766453692858,0.000137766453692858,0.000794505820985644,0.000794505820985644,0.180477235773431,15,8,0.5215580888855,0.150407748441208,0.243783469459116,14000,1.2
213,7,0.466666666666667,30,100,kalman-gm,0.674500413219376,-0.00105236084603337,0.00172365618682932,-0.00390495138946081,0.00400465060246638,1.00156279838399,0.665747730503199,3.0872674304534e-05,3.08863544454641e-05,0.000234339132267458,0.000234339132267458,0.180477235773431,15,8,0.38876485566134,0.0852789459746292,0.102697424322796,14000,1.2
214,7,0.466666666666667,30,100,kalman-gm,0.467051609443533,-0.0117341428739293,0.0120825895997291,-0.0265298712134503,0.0265298712134503,1.02415461625732,0.480303643131915,0.000104892938307786,0.000104892938307786,0.000498056236834717,0.000498056236834717,0.180477235773431,15,8,0.391316957081203,0.203322999218475,0.59515187380967,14000,1.2
215,7,0.466666666666667,30,100,kalman-gm,0.445369691392905,-0.0047033395355725,0.00493164859321153,-0.015494047977571,0.015494047977571,1.01569003137924,0.275474756640148,0.000227529971168182,0.000227530837041159,0.00143371286024994,0.00143371286024994,0.180477235773431,15,8,0.522468011149403,0.107674307314444,0.182046663798355,14000,1.2
216,7,0.466666666666667,30,100,kalman-gm,0.847435176278389,-0.000140352570477448,0.000477908928301139,-0.00363004380684755,0.003912328436288,1.00015476894523,0.900579495115425,9.0687678882817e-08,1.7012127410429e-06,8.94157816772848e-05,8.94157816772848e-05,0.180477235773431,15,8,0.503520454984948,0.0554138255490872,0.0951662290829187,14000,1.2
217,7,0.466666666666667,30,100,kalman-gm,0.358935008707022,-0.0041257609750946,0.00420633047465135,-0.0124990068635551,0.0124990068635551,1.00805074096113,0.470512154555259,-2.54733912101335e-05,2.54739495669032e-05,-0.000113633052073962,0.000113633052073962,0.180477235773431,15,8,0.510187217440055,0.171212513292378,0.225190793324994,14000,1.2
218,7,0.466666666666667,30,100,kalman-gm,0.349844227102502,-0.00114284690863753,0.00146821336623347,-0.00588351787786755,0.00588351787786755,1.0037344351369,0.284169016539992,4.02586569840663e-05,4.02586672327704e-05,0.00054180313568778,0.00054180313568778,0.180477235773431,15,8,0.350850881132433,0.167071819711413,0.185287565522747,14000,1.2
219,7,0.466666666666667,30,100,kalman-gm,0.496912445828087,-0.0122277383893638,0.0122280518669584,-0.0217672043359228,0.0217672043359228,1.02208344403134,0.561117020186205,-6.13078310533965e-05,6.13085429797222e-05,-9.40202917282518e-05,0.000126638914318723,0.180477235773431,15,8,0.381258892408949,0.2208568640043,0.406878876627562,14000,1.2
220,7,0.466666666666667,30,100,kalman-gm,0.27818400380262,-0.00603984211564793,0.00604326649582599,-0.00731058664835832,0.00731058664835832,1.02433623548976,0.218456696366917,0.000120615175002527,0.000120615439506127,0.000839867035586946,0.000839867035586946,0.180477235773431,15,8,0.469265037227375,0.0687651922937054,0.137642979478995,14000,1.2
221,7,0.466666666666667,30,100,kalman-gm,0.681133075162703,0.00304200138835858,0.00304201060909109,0.00283977315075207,0.00292189082683378,0.995893886700772,0.727977863942341,7.16314922507941e-05,7.16314922507941e-05,0.000394102642670899,0.000394102642670899,0.180477235773431,15,8,0.506398770803081,0.0530382448958369,0.128266311368747,14000,1.2
222,7,0.466666666666667,30,100,kalman-gm,0.857428496491087,0.0029956356099286,0.00356435317223246,-0.00685023179660604,0.00990131007394343,0.996356994923126,0.787892831487695,0.000250731572406517,0.000251791800011443,0.0029374407237642,0.0029374407237642,0.180477235773431,15,8,0.530508562971242,0.207304794646845,0.526294338991911,14000,1.2
223,7,0.466666666666667,30,100,kalman-gm,0.700443572975692,-0.00115131238168812,0.00129433228012227,-0.00215127585730499,0.00272976432060189,1.00146200340331,0.768182958224681,3.24315531511626e-05,3.24315531511626e-05,0.000446742506171375,0.000446742506171375,0.180477235773431,15,8,0.437364829816691,0.0575358235429727,0.0958240836739772,14000,1.2
224,7,0.466666666666667,30,100,kalman-gm,0.421163045800885,0.00267188877362698,0.0037147365341356,0.0128218723008892,0.0128218723008892,0.992308027644241,0.330285809209818,8.13274477473003e-05,8.13275968972332e-05,0.000302694875822945,0.000302694875822945,0.180477235773431,15,8,0.498687413549725,0.248324823857437,0.727787464041279,14000,1.2
225,7,0.466666666666667,30,100,kalman-gm,0.373507593299514,0.00342588257465474,0.00342806807959114,0.00241853923147912,0.00280919151029107,0.992433453472723,0.440414749352262,7.19601949745285e-05,7.19723409912731e-05,0.000550171884914909,0.000550171884914909,0.180477235773431,15,8,0.360509840207911,0.128553360919484,0.151498879714765,14000,1.2
226,7,0.466666666666667,30,100,kalman-gm,0.583349788947039,0.00383745811042524,0.0038621551097902,0.00589305993259177,0.00589305993259177,0.992667114482837,0.50912136113343,4.24754105749958e-05,4.24764215010126e-05,0.000305566525882802,0.000305566525882802,0.180477235773431,15,8,0.477218085793725,0.0845876837347717,0.159113310337878,14000,1.2
227,7,0.466666666666667,30,100,kalman-gm,0.918427650421985,0.00740121626113244,0.00748351963118824,-6.67078854360004e-05,0.00494091247667037,0.991662307577809,0.842253575940831,0.000209338577140965,0.000222825317490019,0.00192895254342991,0.00192895254342991,0.180477235773431,15,8,0.527039818202289,0.225290745967405,0.429276727359192,14000,1.2
228,7,0.466666666666667,30,100,kalman-gm,0.882977028523904,0.00561168317556761,0.00564620346085304,-0.00518653766295806,0.00888230496826691,0.993756117073576,0.886862553652877,7.81170552197062e-05,8.17658670507819e-05,0.00127902838915475,0.00127902838915475,0.180477235773431,15,8,0.562654588559749,0.118282652455802,0.184357038365757,14000,1.2
229,7,0.466666666666667,30,100,kalman-gm,0.337913240441904,-0.00200046530537639,0.00212285399537623,-0.00276884894439574,0.00285906461350052,1.00476769091338,0.382971916038146,2.08825533694273e-05,2.09622971436291e-05,0.00021406747264732,0.00021406747264732,0.180477235773431,15,8,0.370097880765003,0.106103140819414,0.125039766095457,14000,1.2
230,7,0.466666666666667,30,100,kalman-gm,0.335910998664979,0.00440158935226167,0.00527348015002747,0.00189651108081945,0.00241227900669769,0.988287467038186,0.367758710503135,4.30683922909603e-05,4.30683922909603e-05,8.84547663598567e-05,0.000103626834906637,0.180477235773431,15,8,0.386463314862481,0.107859738614443,0.148134424505071,14000,1.2
201,7,0.466666666666667,30,100,mean,0.255017339343908,0.00715789462294701,0.00720347431170725,0.00355893182807127,0.00462895177291955,0.95900927515604,0.160192352636498,2.63663320304874e-05,3.56140135869387e-05,0.000276031852949104,0.000276031852949104,0.180477235773431,15,8,0.473334934626575,0.147864649547629,0.220168115844284,14000,1.2
202,7,0.466666666666667,30,100,mean,0.265746187490233,-0.00306794782874439,0.0034033959117178,5.04193098244513e-05,0.00219693624914909,1.0114144163842,0.25874746475442,0.000369869386310143,0.000369894726320046,0.00139973812924432,0.00139973812924432,0.180477235773431,15,8,0.336107037777302,0.154106753493253,0.200000767618287,14000,1.2
203,7,0.466666666666667,30,100,mean,0.210691349248003,0.00369033916671738,0.004585626430625,0.0120612164507393,0.0120612164507393,0.981025897188152,0.163015174568829,1.59081934982264e-05,1.80284611865411e-05,0.000342588491865642,0.000342588491865642,0.180477235773431,15,8,0.404910923005053,0.119596527360049,0.198675176612265,14000,1.2
204,7,0.466666666666667,30,100,mean,0.359495153802557,0.000344005994831335,0.00169314037309293,-0.0299275220125365,0.0299275220125365,0.998557758619347,0.215298158285211,2.24294339278068e-05,2.47300648928232e-05,-0.000370293670749649,0.000370293670749649,0.180477235773431,15,8,0.568857286725088,0.198468594002188,0.434488763334378,14000,1.2
205,7,0.466666666666667,30,100,mean,0.70015870254017,-0.0112855816212559,0.0112855816212559,-0.00435604737904563,0.00675228949133343,1.01747591871498,0.61815459801183,0.000337649664640618,0.000337649664640618,0.000993553575716217,0.000993553575716217,0.180477235773431,15,8,0.458875692551952,0.161408822646004,0.259821174826054,14000,1.2
206,7,0.466666666666667,30,100,mean,0.704274218716452,0.000809915668960365,0.00131313143119221,-0.00689857283927763,0.00690292708708736,0.998706883615107,0.616476164049234,1.88483932973943e-05,1.8923663208617e-05,-0.00028360322901427,0.000292184054875148,0.180477235773431,15,8,0.430069232359326,0.183670293357146,0.317190008448345,14000,1.2
207,7,0.466666666666667,30,100,mean,0.38959595460555,0.00668110064975021,0.00675953641529104,0.0462786542595657,0.0462786542595657,0.981488144837705,0.341773355678345,-6.67835343675996e-05,6.67844770363205e-05,-0.000893642945122934,0.000893642945122934,0.180477235773431,15,8,0.430820752286041,0.135141176649428,0.222609134266662,14000,1.2
208,7,0.466666666666667,30,100,mean,0.521825513218961,-0.0043806594102003,0.00443503270502386,0.000174554010353941,0.00352497961764881,1.00712262400084,0.552863100475195,-7.29780530275426e-05,7.40765313586994e-05,-9.45486485337543e-08,0.000126746442272081,0.180477235773431,15,8,0.470435242206423,0.185170338441421,0.293746758875352,14000,1.2
209,7,0.466666666666667,30,100,mean,0.757883941146569,0.00764170149122703,0.00764170149122703,0.0135757894340247,0.0135757894340247,0.990346875272491,0.755824981229302,0.000251736061217014,0.000251736061217014,0.000635329678676568,0.000635329678676568,0.180477235773431,15,8,0.554267483435134,0.209231413713915,0.468511306670894,14000,1.2
210,7,0.466666666666667,30,100,mean,0.698492318522336,0.0065298937690612,0.00709165474279182,0.0114799624820572,0.0115234003075455,0.989491870848177,0.588781215610978,7.74072532633419e-05,7.74183118669491e-05,0.000993823468612247,0.000993823468612247,0.180477235773431,15,8,0.54742046213836,0.198105315891502,0.386484367085641,14000,1.2
211,7,0.466666666666667,30,100,mean,0.256447192560495,0.00769057050380701,0.00769061880504736,0.00617544707948643,0.00625969671745562,0.976889766799614,0.306150676216952,8.83284798691264e-05,8.83284820120323e-05,0.000538001629680593,0.000538001629680593,0.180477235773431,15,8,0.302507457341771,0.187912084213508,0.221814677082888,14000,1.2
212,7,0.466666666666667,30,100,mean,0.249945913385791,0.0068849419325852,0.00705329683018408,0.00831755022199361,0.00831755022199361,0.980241279683995,0.314863348525021,1.25164347541468e-05,2.20877689447796e-05,0.000178677626906104,0.000178677626906104,0.180477235773431,15,8,0.520610945009391,0.137795304874305,0.189998932217701,14000,1.2
213,7,0.466666666666667,30,100,mean,0.674500413219376,-0.00948203917844158,0.00948209315389979,-0.0140784236298537,0.0140784236298537,1.01408121136479,0.667182601578115,-6.03901908183574e-05,6.04031270750899e-05,-0.000670355697981791,0.000670355697981791,0.180477235773431,15,8,0.390873380613508,0.115656719332578,0.190549062063104,14000,1.2
214,7,0.466666666666667,30,100,mean,0.467051609443533,3.80452678072107e-05,0.00143803376368931,-0.00597866018733524,0.00597866018733524,0.999921684195074,0.466737497375194,1.59566033375663e-05,1.60092516791893e-05,1.67924664878821e-05,1.67924664878821e-05,0.180477235773431,15,8,0.400855512312811,0.201343843208751,0.317791095218949,14000,1.2
215,7,0.466666666666667,30,100,mean,0.445369691392905,-0.00222985744127175,0.00261719059484805,-0.00194622321972803,0.00377602427499624,1.00743865777926,0.263073776692602,0.000139802568483554,0.000139802828063116,0.000569963187687748,0.000569963187687748,0.180477235773431,15,8,0.523893801620131,0.116627954197983,0.205669887258721,14000,1.2
216,7,0.466666666666667,30,100,mean,0.847435176278389,8.99314466936363e-05,0.000591578036803719,-0.00558938808449739,0.00559902918061536,0.999900831206011,0.900677723813802,1.2203085123812e-05,1.35644517887606e-05,0.000248863151210565,0.000248863151210565,0.180477235773431,15,8,0.504495807089016,0.0776299189924298,0.169153878772215,14000,1.2
217,7,0.466666666666667,30,100,mean,0.358935008707022,-0.00699308247131784,0.00701449062350267,-0.00580789691747457,0.00580789691747457,1.01364584517528,0.4705174528011,-8.98368657864174e-05,8.98368657864174e-05,-0.000583924316955458,0.000583924316955458,0.180477235773431,15,8,0.51027221768819,0.197849340009805,0.250556695715162,14000,1.2
218,7,0.466666666666667,30,100,mean,0.349844227102502,0.00418517430468042,0.00427354647659923,0.00907227477562277,0.00907227477562277,0.986324273304408,0.269814369475615,-2.78197678401076e-05,3.0317877526656e-05,-0.000259730635664844,0.000259730635664844,0.180477235773431,15,8,0.354997756142443,0.158886009409008,0.217645948610633,14000,1.2
219,7,0.466666666666667,30,100,mean,0.496912445828087,-0.0142492101271836,0.0142517562506169,-0.0199247168562885,0.0199247168562885,1.02573424653967,0.561117021671093,-0.000108364776916898,0.000108370572711164,-0.000642072807391862,0.000642072807391862,0.180477235773431,15,8,0.383357234789235,0.228427303327487,0.351300014181467,14000,1.2
220,7,0.466666666666667,30,100,mean,0.27818400380262,-0.00123689024911834,0.00164142027600742,-0.00109756190096358,0.00132146132975234,1.0049837813309,0.210617954978374,1.51273018485498e-05,2.05578821740471e-05,0.000208544695486794,0.000208544695486794,0.180477235773431,15,8,0.469075979869064,0.0817170644238793,0.178562970147406,14000,1.2
221,7,0.466666666666667,30,100,mean,0.681133075162703,0.00381406746683374,0.00383715217123814,0.00853229126605687,0.00853229126605687,0.994851746876365,0.728020144003412,-4.34777689366489e-05,4.39323487626303e-05,-0.000279541818743683,0.000279541818743683,0.180477235773431,15,8,0.509965808618023,0.0788108834327826,0.190266008868548,14000,1.2
222,7,0.466666666666667,30,100,mean,0.857428496491087,0.00235054302048107,0.00258550866180692,0.0150222979795675,0.0151086346965721,0.997141494736996,0.770959591589207,3.4683988280462e-05,3.72132912934423e-05,0.00136552546616735,0.00136552546616735,0.180477235773431,15,8,0.527085386798156,0.214790407522784,0.430192427232231,14000,1.2
223,7,0.466666666666667,30,100,mean,0.700443572975692,-0.00240925462011747,0.00241923266222879,-0.00253328655225525,0.00255627886650335,1.00305941159852,0.768182994437393,1.91154652529013e-05,2.15785583512185e-05,0.000359675760064366,0.000359675760064366,0.180477235773431,15,8,0.434909105425946,0.0913044778102539,0.176329034972846,14000,1.2
224,7,0.466666666666667,30,100,mean,0.421163045800885,0.0102985458546928,0.0104408556417195,0.0219837860736087,0.0219837860736087,0.970352010607359,0.312016193779947,-7.91877825495318e-05,7.95303737057157e-05,-0.000695305065360349,0.000695305065360349,0.180477235773431,15,8,0.504681521920531,0.20543622983071,0.471170368778609,14000,1.2
225,7,0.466666666666667,30,100,mean,0.373507593299514,0.00257535735743334,0.002749761912062,0.0151022406481544,0.0151022406481544,0.994311958788795,0.440410821095933,-6.64051673587079e-05,6.64103812034328e-05,-0.000445716962763747,0.000445716962763747,0.180477235773431,15,8,0.362382177159577,0.148967145257232,0.194822221377948,14000,1.2
226,7,0.466666666666667,30,100,mean,0.583349788947039,0.00150976743037229,0.00209704943405661,0.00186235609381478,0.00229514734954128,0.997115029947979,0.513638602089649,-1.03570263828329e-05,1.05915094417403e-05,-0.00010907034600998,0.000109590250034047,0.180477235773431,15,8,0.473528309253582,0.0995179732518564,0.183484139303903,14000,1.2
227,7,0.466666666666667,30,100,mean,0.918427650421985,0.00802424517340331,0.00808838884026388,0.00148773778561857,0.00500653938465716,0.990960446794748,0.844007081474585,0.000221241436804315,0.000231081330446434,0.00157613409345225,0.00157613409345225,0.180477235773431,15,8,0.530137972752919,0.261888919333946,0.58532147615686,14000,1.2
228,7,0.466666666666667,30,100,mean,0.882977028523904,0.00411312262390654,0.00413465163211058,-0.0566770740432602,0.0566770740432602,0.995423502125438,0.888672191367793,2.30082052808232e-05,2.81660906193031e-05,-0.0019849579225034,0.00200051717012481,0.180477235773431,15,8,0.554460465912324,0.174651990310317,0.320893886923039,14000,1.2
229,7,0.466666666666667,30,100,mean,0.337913240441904,-0.00499274662887559,0.00513526278151564,-0.00441472887341158,0.00455218437457272,1.01189916799423,0.382943678158682,1.52821319197732e-05,1.55185710427436e-05,4.41390389061269e-06,2.74209301168499e-05,0.180477235773431,15,8,0.373411459404443,0.128897996777445,0.186800290468338,14000,1.2
230,7,0.466666666666667,30,100,mean,0.335910998664979,0.00746213652864582,0.00779407264482026,0.00662409202276535,0.0066325574192372,0.980143417965057,0.36288992578513,-2.54949786220354e-05,2.55234739624238e-05,-0.000184108667088287,0.000184108667088287,0.180477235773431,15,8,0.388905469150304,0.114632337418906,0.197928298331468,14000,1.2
201,7,0.466666666666667,30,100,none,0.255017339343908,0.0186081188800261,0.0186610142122333,0.0154696506063856,0.0154696506063856,0.893437900241007,0.146212017886525,0.000266069931041452,0.000274122179116607,0.0019855132823201,0.0019855132823201,0.09625452574583,8,8,0.522906853057242,NaN,NaN,0,1.2
202,7,0.466666666666667,30,100,none,0.265746187490233,0.0214785145423717,0.0214785145423717,0.0262724393986127,0.0262724393986127,0.920088371124239,0.236966171269923,0.000830387793361785,0.000830387793361785,0.0035247742519779,0.0035247742519779,0.09625452574583,8,8,0.395228118725664,NaN,NaN,0,1.2
203,7,0.466666666666667,30,100,none,0.210691349248003,-0.0159448470628125,0.0159448470628125,0.0660783922142968,0.0661407252358627,1.08198139895041,0.18967938493006,0.00115189763304302,0.00115189763304302,0.00642661757402443,0.00642661757402443,0.09625452574583,8,8,0.436066284992927,NaN,NaN,0,1.2
204,7,0.466666666666667,30,100,none,0.359495153802557,0.0182096047484562,0.0199723569141867,0.0589047700780752,0.0589047700780752,0.923656430736221,0.217329872520896,0.0024835398161196,0.0024835398161196,0.0111828558498431,0.0111828558498431,0.09625452574583,8,8,0.633475766062447,NaN,NaN,0,1.2
205,7,0.466666666666667,30,100,none,0.70015870254017,-0.0217335558825327,0.0217358440048698,-0.105927963295309,0.105927963295309,1.03365478791764,0.665605935904122,0.000838154862810904,0.000838158278043404,0.00589098395273339,0.00589098395273339,0.09625452574583,8,8,0.454486507836951,NaN,NaN,0,NaN
206,7,0.466666666666667,30,100,none,0.704274218716452,-0.00482016484734049,0.00489295561005411,-0.000944883143872707,0.0019945439533578,1.0076959051181,0.618327524375626,8.34193363667912e-05,8.34195480261546e-05,1.3884161136567e-05,4.73930261286604e-05,0.09625452574583,8,8,0.465818267802039,NaN,NaN,0,1.2
207,7,0.466666666666667,30,100,none,0.38959595460555,-0.0111760353892994,0.0111760353892994,-0.00395870495031417,0.00446123784277746,1.03096632714598,0.369229774163933,0.000580063684956203,0.000580063684956203,0.00235166359870575,0.00235166359870575,0.09625452574583,8,8,0.432130087112306,NaN,NaN,0,1.2
208,7,0.466666666666667,30,100,none,0.521825513218961,0.055506434553548,0.055506434553548,0.0291490398012094,0.0321945141631722,0.909750695972454,0.552263359620065,0.00187501583865444,0.00187501583865444,0.0136081420406087,0.0136081420406087,0.09625452574583,8,8,0.568082152163077,NaN,NaN,0,10.8
209,7,0.466666666666667,30,100,none,0.757883941146569,-0.0157411355608011,0.0160539498459461,0.0213835143736439,0.0417639486888949,1.01988446487938,0.797532645572331,0.00221852929398671,0.00221852929398671,0.00776865605198136,0.00776865605198136,0.09625452574583,8,8,0.600268985693342,NaN,NaN,0,1.2
210,7,0.466666666666667,30,100,none,0.698492318522336,-0.0331755171177678,0.0331768106452212,-0.0689767334190412,0.0689767334190412,1.05338718069255,0.642678436047099,0.00127890713972654,0.00127891996620229,0.00466263262413619,0.00466263262413619,0.09625452574583,8,8,0.563852096365746,NaN,NaN,0,NaN
211,7,0.466666666666667,30,100,none,0.256447192560495,0.0205614422942473,0.0205922837407476,0.0291468313718673,0.0291468313718673,0.938212681865265,0.303972500557334,0.000224534252939947,0.000224945988155913,0.000999483844989108,0.000999483844989108,0.09625452574583,8,8,0.367236785628121,NaN,NaN,0,1.2
212,7,0.466666666666667,30,100,none,0.249945913385791,0.0294575241368956,0.029572597982718,0.0406425048965557,0.0406425048965557,0.915461453949497,0.316426638228064,0.000586896575269386,0.000586896575269386,0.00278738795297028,0.00278738795297028,0.09625452574583,8,8,0.554110454712937,NaN,NaN,0,7.5
213,7,0.466666666666667,30,100,none,0.674500413219376,-0.0140517574452862,0.0140517574452862,-0.0558660498034676,0.0558660498034676,1.02086742766089,0.67004749100485,-4.50728033582859e-05,4.50728033582859e-05,-0.000301091955055707,0.000301091955055707,0.09625452574583,8,8,0.411861695980609,NaN,NaN,0,1.2
214,7,0.466666666666667,30,100,none,0.467051609443533,-0.0172927932559064,0.0178657443360658,-0.0298151566614943,0.033376354589691,1.03559704271555,0.479854885550945,0.000924868978679285,0.000924869717670832,0.00307488051486069,0.00307488051486069,0.09625452574583,8,8,0.462181616266145,NaN,NaN,0,11.4
215,7,0.466666666666667,30,100,none,0.445369691392905,-0.0212978441611101,0.0214641205671745,-0.033887808647812,0.033887808647812,1.07104820748548,0.296558394168578,0.00119220571347631,0.00119220571347631,0.00661738023206857,0.00661738023206857,0.09625452574583,8,8,0.538861758198574,NaN,NaN,0,1.2
216,7,0.466666666666667,30,100,none,0.847435176278389,0.000358066024056825,0.00234408555287622,-0.0134354670104485,0.0134354670104485,0.999605155070004,0.904781214523652,0.00114373141542848,0.00114374599797376,0.00452087083706438,0.00452087083706438,0.09625452574583,8,8,0.565027671673181,NaN,NaN,0,1.2
217,7,0.466666666666667,30,100,none,0.358935008707022,0.0414993382595808,0.0414993382595808,0.0406673720373856,0.0406673720373856,0.919020897138039,0.466898822436689,0.000526969865179125,0.000526969865179125,0.0034428824235443,0.0034428824235443,0.09625452574583,8,8,0.519053415334949,NaN,NaN,0,13.2
218,7,0.466666666666667,30,100,none,0.349844227102502,-0.0434513396029224,0.0434513396029224,-0.0731816525960416,0.0731816525960416,1.14198420464887,0.341192622212309,0.000661663340400298,0.000661663340400298,0.00188587149624914,0.00188587149624914,0.09625452574583,8,8,0.372626283401405,NaN,NaN,0,NaN
219,7,0.466666666666667,30,100,none,0.496912445828087,-0.00363593823614028,0.00558157344822385,-0.0227269241428687,0.0227269241428687,1.00656654861124,0.550667157177785,0.000525846420168691,0.000525846420168691,0.00264519473934189,0.00264519473934189,0.09625452574583,8,8,0.379472093321981,NaN,NaN,0,1.2
220,7,0.466666666666667,30,100,none,0.27818400380262,-0.0221675069986609,0.0225735513866338,-0.0330289433080994,0.0330350798076376,1.0893191676555,0.267182614756123,0.000924138113558666,0.000924138113558666,0.00540084675004801,0.00540084675004801,0.09625452574583,8,8,0.471273530953932,NaN,NaN,0,11.7
221,7,0.466666666666667,30,100,none,0.681133075162703,0.0176168740627717,0.0176308756249871,-0.00307241975509364,0.00870557758571014,0.976220628578013,0.718563227801742,0.00097420959596922,0.000974213639859687,0.00395217306195941,0.00395217306195941,0.09625452574583,8,8,0.511765250056837,NaN,NaN,0,1.2
222,7,0.466666666666667,30,100,none,0.857428496491087,-0.00570707957167381,0.00747370501314842,-0.0124864415897627,0.0213914041661475,1.00694040349394,0.825270155885444,0.000368855194750779,0.000391169089618091,0.00624864198501689,0.00624864198501689,0.09625452574583,8,8,0.623928695640359,NaN,NaN,0,1.2
223,7,0.466666666666667,30,100,none,0.700443572975692,0.0112345196329346,0.0112872189040278,0.0165629236195312,0.0165629236195312,0.98573375375863,0.767637098334377,0.000679545686026963,0.000679784277631207,0.00402438084701366,0.00402438084701366,0.09625452574583,8,8,0.511452908985651,NaN,NaN,0,1.2
224,7,0.466666666666667,30,100,none,0.421163045800885,-0.00321676190800591,0.00867345833970211,-0.0402628434674797,0.0402628434674797,1.00926058147168,0.340477503912025,0.00188711472196629,0.00188713493225412,0.00457173054682475,0.00457173054682475,0.09625452574583,8,8,0.525263767736678,NaN,NaN,0,1.2
225,7,0.466666666666667,30,100,none,0.373507593299514,0.0290907249620868,0.0290907249620868,0.0705470720794864,0.0705470720794864,0.935749016744963,0.406186016156943,0.000136867048027408,0.000136867048027408,-6.34463374228078e-05,0.000472327294020357,0.09625452574583,8,8,0.41573334525562,NaN,NaN,0,NaN
226,7,0.466666666666667,30,100,none,0.583349788947039,-0.00459643590889986,0.00676426808674073,0.00388672115564037,0.00416496286839643,1.00878319380617,0.515787363380142,0.000395529235221454,0.000395529235221454,0.0014344441219197,0.0014344441219197,0.09625452574583,8,8,0.583110901370504,NaN,NaN,0,1.2
227,7,0.466666666666667,30,100,none,0.918427650421985,-0.00456733716861894,0.0098448151882558,-0.032147179889437,0.0325057755782345,1.00514524250566,0.885173679494021,0.00120788026451092,0.00120788026451092,0.0037487047180853,0.0037487047180853,0.09625452574583,8,8,0.529806021401584,NaN,NaN,0,1.2
228,7,0.466666666666667,30,100,none,0.882977028523904,0.00165205722864796,0.00275028485237022,-0.031199895187019,0.0316510575716238,0.99816182567677,0.895162261164417,0.000834550182809647,0.000834550879608484,0.00413785387244457,0.00413785387244457,0.09625452574583,8,8,0.542531059922058,NaN,NaN,0,1.2
229,7,0.466666666666667,30,100,none,0.337913240441904,0.0162657326804577,0.0162788956985197,0.0282367503271677,0.0284331542639294,0.961234026057986,0.383466083399507,0.000449717462925894,0.000449720629543707,0.00255752889912499,0.00255752889912499,0.09625452574583,8,8,0.432617666573344,NaN,NaN,0,3.3
230,7,0.466666666666667,30,100,none,0.335910998664979,0.00329234948965069,0.00545263424960958,0.00871977645447391,0.00871977645447391,0.991239130042985,0.368682753809905,-1.84122881337917e-05,1.99978491280411e-05,-0.000322775924702435,0.000322775924702435,0.09625452574583,8,8,0.424542907166245,NaN,NaN,0,1.2
201,7,0.466666666666667,60,200,hold,0.255017339343908,-0.00893595794478649,0.00958910998834857,-0.0176206036512593,0.0176206036512593,1.05062839043768,0.171477931401742,0.00187578629324984,0.00187587491759026,0.00867838916907903,0.00867838916907903,0.180477235773431,15,8,0.469914765774467,0.30117462900756,0.68957662851944,28000,1.2
202,7,0.466666666666667,60,200,hold,0.265746187490233,0.0135946592906924,0.0136456404661634,0.0123452258726199,0.0123452258726199,0.948122012968831,0.225031557814935,0.00142731902435874,0.00142731902435874,0.00587105418058661,0.00587105418058661,0.180477235773431,15,8,0.32984464659567,0.315319576644033,0.792821559004472,28000,1.2
203,7,0.466666666666667,60,200,hold,0.210691349248003,0.0340106256332004,0.0340153020131836,0.021461895383216,0.021461895383216,0.836539933993474,0.145377058299662,0.00132650906661324,0.00132713848736834,0.0104532943488418,0.0104532943488418,0.180477235773431,15,8,0.405419832223458,0.347508242642706,0.858041280519817,28000,1.5
204,7,0.466666666666667,60,200,hold,0.359495153802557,0.00394597225336683,0.00740046052136495,0.0640220465977661,0.0640220465977661,0.985245871715239,0.220869028928912,0.00227034173081291,0.00227034219980238,0.0106254396661813,0.0106254396661813,0.180477235773431,15,8,0.50866548968896,0.64679770159859,2.22095077096611,28000,1.2
205,7,0.466666666666667,60,200,hold,0.70015870254017,0.00422287701597439,0.0137195814528205,-0.0522810909204023,0.0522810909204023,0.99295292432729,0.542174414266251,0.0014016860911324,0.00140168636043439,0.0100878760884178,0.0100878760884178,0.180477235773431,15,8,0.455960940670967,0.287769717206759,0.624868712382378,28000,1.2
206,7,0.466666666666667,60,200,hold,0.704274218716452,-0.0023008268754161,0.00424071199587309,-0.0469091575721312,0.0482864815404371,1.00370277246475,0.614256746161674,0.00058554475928786,0.000585544759812555,0.0033824164150596,0.0033824164150596,0.180477235773431,15,8,0.416576026533439,0.35934362913422,1.4523796238535,28000,1.2
207,7,0.466666666666667,60,200,hold,0.38959595460555,0.0407129796170048,0.0409085194606832,0.114261499814408,0.114261499814408,0.891463529059937,0.298342101794001,0.000689580737859385,0.000690895740806609,0.00347185024928427,0.00347185024928427,0.180477235773431,15,8,0.421573189334592,0.346470093131391,0.888060569157774,28000,NaN
208,7,0.466666666666667,60,200,hold,0.521825513218961,-0.00556119848362396,0.019653004794763,-0.0132503165673171,0.0145033668783462,1.0091600092043,0.552856264293386,0.00239869640107559,0.00239869640107559,0.0112850674548693,0.0112850674548693,0.180477235773431,15,8,0.469564466916377,0.299110613619255,0.830980494177919,28000,1.2
209,7,0.466666666666667,60,200,hold,0.757883941146569,0.0399320065235801,0.0399320065235801,0.089901840054245,0.089901840054245,0.94952953436384,0.699819600964459,0.00405475177766631,0.00405475177766631,0.0213890830100789,0.0213890830100789,0.180477235773431,15,8,0.50309809483125,0.54413111001001,2.26940933775857,28000,NaN
210,7,0.466666666666667,60,200,hold,0.698492318522336,0.0129625036848443,0.0145519659869607,-0.0909859335140344,0.0909859335140344,0.978499617112101,0.543369606192715,0.00318028073353716,0.00318028073353716,0.0151763253047987,0.0151763253047987,0.180477235773431,15,8,0.512607567320047,0.533475550879498,1.73591692548024,28000,1.2
211,7,0.466666666666667,60,200,hold,0.256447192560495,0.0173626462342733,0.0174720285684063,0.0181379844104385,0.0181379844104385,0.948225609762261,0.300576674687616,0.000379721940729746,0.000379722533799494,0.00114206849415936,0.00114206849415936,0.180477235773431,15,8,0.291891021151814,0.296040399117889,0.551973553981099,28000,1.2
212,7,0.466666666666667,60,200,hold,0.249945913385791,0.00115691259293683,0.00695990388759138,-0.0647263773144931,0.0647263773144931,0.996925605835624,0.314863335275774,0.000950633097703377,0.000950633134947928,0.00147807405694629,0.00154680257111348,0.180477235773431,15,8,0.510405652668958,0.381158412438655,0.925083949277317,28000,1.2
213,7,0.466666666666667,60,200,hold,0.674500413219376,0.00624695507041369,0.00710414129257819,-0.0109568370758993,0.0142763935259435,0.990956105303247,0.665747731872512,0.000346649768199678,0.000346665026952841,0.00240093766472436,0.00240093766472436,0.180477235773431,15,8,0.38007551339923,0.166672482948612,0.292288132787394,28000,1.2
214,7,0.466666666666667,60,200,hold,0.467051609443533,-0.0109186633051531,0.0179880336330758,-0.0529818443411688,0.0529818443411688,1.02359663884432,0.462806827566251,0.000665788396802303,0.000689753062592063,0.00161422652898901,0.00161422652898901,0.180477235773431,15,8,0.379089525073289,0.400672689661147,1.52039480034832,28000,NaN
215,7,0.466666666666667,60,200,hold,0.445369691392905,-0.00010823297588443,0.00464595671563753,-0.035520260064611,0.0367087579316825,1.00042038414262,0.188203078701482,0.00127156479101572,0.00127156679207445,0.00757999654122246,0.00757999654122246,0.180477235773431,15,8,0.524608415093112,0.248910655302683,0.587716698274124,28000,1.2
216,7,0.466666666666667,60,200,hold,0.847435176278389,-0.000890021033887822,0.00390119153403328,-0.0228449495779665,0.0228449495779665,1.00099946090754,0.826928528741208,0.000335755282690448,0.000335763648278116,0.00317682774992333,0.00317682774992333,0.180477235773431,15,8,0.510061795442141,0.119371509729046,0.269852000527288,28000,1.2
217,7,0.466666666666667,60,200,hold,0.358935008707022,0.0168837826179496,0.0172221103552272,-0.0302890351567451,0.036314510680536,0.969418998067985,0.470520055166774,0.000655556313954301,0.000655559240146406,0.00522811603327654,0.00522811603327654,0.180477235773431,15,8,0.496283655633127,0.331254854523125,0.999767958145941,28000,1.2
218,7,0.466666666666667,60,200,hold,0.349844227102502,-0.00412469300165436,0.00429104045180169,-0.0150575454343775,0.0150575454343775,1.01471226298568,0.25019378606767,0.000495519731125363,0.000495519732656521,0.00228601764852394,0.00228601764852394,0.180477235773431,15,8,0.363738969204747,0.278044437170524,0.598187274971044,28000,1.2
219,7,0.466666666666667,60,200,hold,0.496912445828087,-0.0282319178792261,0.0282357732127353,-0.0295821174693411,0.0295821174693411,1.05256909851747,0.555806351348875,0.000392878836757405,0.000398672903033391,0.000685650676801307,0.000774455031832738,0.180477235773431,15,8,0.373080071381599,0.393470964949292,1.59877692076545,28000,1.2
220,7,0.466666666666667,60,200,hold,0.27818400380262,-0.0140973585650403,0.0140980914150427,-0.0360599998357541,0.0360599998357541,1.0662789161102,0.184188698443843,0.00111378922061869,0.00111378986172224,0.00638080394011642,0.00638080394011642,0.180477235773431,15,8,0.470703188711033,0.257068021078523,0.567708679019369,28000,1.2
221,7,0.466666666666667,60,200,hold,0.681133075162703,0.00975522239138395,0.00975523157370925,0.00871084585496098,0.0101758859921967,0.986932861072082,0.727958220668201,0.000787438474951699,0.000787438474951699,0.00276318189404355,0.00276318189404355,0.180477235773431,15,8,0.501162746158592,0.172263365370719,0.435942341593439,28000,1.2
222,7,0.466666666666667,60,200,hold,0.857428496491087,0.00532107057812197,0.00781950902428153,-0.00420640455274687,0.00657428567510337,0.993337354532293,0.739751172623404,0.00199492119690146,0.00199500891649756,0.0112430334046721,0.0112430334046721,0.180477235773431,15,8,0.499228144817594,0.455723795488263,1.55039334839295,28000,1.2
223,7,0.466666666666667,60,200,hold,0.700443572975692,0.00426225349505474,0.00475380576986912,-0.00501040668513419,0.00751576280175943,0.994590432568572,0.756167684328681,0.000619114233571312,0.000619114233571312,0.00435869460683053,0.00435869460683053,0.180477235773431,15,8,0.434232554304194,0.166836810806498,0.316586770037647,28000,1.2
224,7,0.466666666666667,60,200,hold,0.421163045800885,0.00175937470549079,0.0034289835014681,0.0322359160234661,0.0322359160234661,0.994766419784109,0.318129355048651,0.000588944463202321,0.000588944465015986,0.00302355885261154,0.00302355885261154,0.180477235773431,15,8,0.471721149336203,0.535358984972158,1.92082219038105,28000,1.2
225,7,0.466666666666667,60,200,hold,0.373507593299514,0.0156375761171957,0.0156380073307671,0.0125400806837794,0.0125400806837794,0.966488472445676,0.440413962471378,0.00100969443471327,0.00100969443472156,0.00437382757090058,0.00437382757090058,0.180477235773431,15,8,0.352934128693843,0.301281160683125,0.569064331894131,28000,1.2
226,7,0.466666666666667,60,200,hold,0.583349788947039,0.0180567964181872,0.0180687199760664,0.0127788792648714,0.0127788792648714,0.965403048323401,0.490186251793795,0.0011802195129198,0.00118022062438604,0.00671172886060213,0.00671172886060213,0.180477235773431,15,8,0.466694100342073,0.23409654557523,0.530583290782728,28000,1.2
227,7,0.466666666666667,60,200,hold,0.918427650421985,0.00391878754948296,0.00492015417364198,0.026873060127979,0.026873060127979,0.995421303856712,0.812732483176923,0.00220284676141716,0.00220285976826202,0.00699860864241452,0.00699860864241452,0.180477235773431,15,8,0.518629132442011,0.399196617566893,1.44918952466613,28000,1.2
228,7,0.466666666666667,60,200,hold,0.882977028523904,-0.00807596879728884,0.0166931882149319,-0.0144734399752161,0.0227713241831897,1.00912600400904,0.866193589004535,0.00170153683659401,0.00170156007904477,0.00300188749286486,0.00304239093636204,0.180477235773431,15,8,0.556931361387573,0.264645181707207,0.555185098308489,28000,1.2
229,7,0.466666666666667,60,200,hold,0.337913240441904,-0.00603419016951929,0.00609659933283329,-0.0190241446579044,0.0190241446579044,1.0130714341997,0.382927126438598,0.000435911978861341,0.000435914942138901,0.00319112930169003,0.00319112930169003,0.180477235773431,15,8,0.371846228774471,0.236412207096957,0.405643468970945,28000,1.2
230,7,0.466666666666667,60,200,hold,0.335910998664979,0.00534420160006506,0.00618454918042672,-0.00410604637363698,0.00714269755039384,0.986326314576924,0.370656363589304,3.53532333442588e-05,7.4889863305542e-05,0.0010498427105888,0.0010498427105888,0.180477235773431,15,8,0.389892469860398,0.243998826491205,0.514976959546636,28000,1.2
201,7,0.466666666666667,60,200,kalman,0.255017339343908,0.0284339855815193,0.0284538106047821,0.00560233009878734,0.0115758117896891,0.838901779460558,0.130780019091541,0.00065508589797618,0.000690770210915207,0.00476274121402607,0.00476274121402607,0.138365880759631,11.5,8,0.492162962716961,0.148349735167558,0.220453402005936,14000,1.2
202,7,0.466666666666667,60,200,kalman,0.265746187490233,0.0120921831591425,0.012397759888875,-0.01535098229183,0.0205949767362024,0.953855546675009,0.234262683045022,0.00115281948342344,0.00115283246945853,0.00580995248120522,0.00580995248120522,0.138365880759631,11.5,8,0.354513361969541,0.154216133125484,0.198380342113495,14000,1.2
203,7,0.466666666666667,60,200,kalman,0.210691349248003,0.0208992387772658,0.0210814253153455,0.00171221887584146,0.0182033874792964,0.899555186462574,0.17084038652621,0.000954912660445938,0.000965409537062543,0.00990657333314224,0.00990657333314224,0.138365880759631,11.5,8,0.423827590070539,0.119513787415695,0.198327985170514,14000,1.2
204,7,0.466666666666667,60,200,kalman,0.359495153802557,-0.0065162418754823,0.00849276006023461,0.0378249933122489,0.0378249933122489,1.02436445630943,0.21539186163176,0.000434563531957384,0.000507109429223611,0.00596331108693305,0.00596331108693305,0.138365880759631,11.5,8,0.570031267105767,0.19905399121933,0.436321901004385,14000,1.2
205,7,0.466666666666667,60,200,kalman,0.70015870254017,-0.0350101813314124,0.0350101813314124,-0.0947381501882647,0.0947381501882647,1.05842448080407,0.604083353042114,0.00114638004616645,0.00114638004616645,0.00984681963002611,0.00984681963002611,0.138365880759631,11.5,8,0.455925355083553,0.161713497756994,0.261104038191355,14000,NaN
206,7,0.466666666666667,60,200,kalman,0.704274218716452,0.00533419911561119,0.00536922711900876,-0.0138301792625851,0.0199340834266531,0.991415553330923,0.601803030598626,-0.000150535383816024,0.000231531337196393,0.00114529571149996,0.00114529571149996,0.138365880759631,11.5,8,0.425700598745925,0.183488275585696,0.312406323611241,14000,1.2
207,7,0.466666666666667,60,200,kalman,0.38959595460555,0.0220062258071683,0.0221323548435901,0.0643799191433079,0.0643799191433079,0.941333743924196,0.344504719622144,1.11785666093546e-05,0.00031399806518349,0.00298454452138016,0.00298454452138016,0.138365880759631,11.5,8,0.448726043201444,0.135510057180894,0.227348237166516,14000,NaN
208,7,0.466666666666667,60,200,kalman,0.521825513218961,-0.00618056377815701,0.0130444508232436,-0.00202365730428584,0.00758855860146672,1.01018018350943,0.55286300218482,0.000457390234442091,0.000661719524933217,0.00535612648030476,0.00535612648030476,0.138365880759631,11.5,8,0.529671354152034,0.184967746592889,0.296914263824387,14000,1.2
209,7,0.466666666666667,60,200,kalman,0.757883941146569,0.0188593907213117,0.0188593907213117,0.0182126840377636,0.0187637025788889,0.976163425928602,0.755740401165216,0.00159774217576094,0.00159774217576094,0.0123092366195077,0.0123092366195077,0.138365880759631,11.5,8,0.539143333321449,0.209541376651885,0.466760613034998,14000,1.2
210,7,0.466666666666667,60,200,kalman,0.698492318522336,-0.00658444194903694,0.0151643610011958,-0.141533026402548,0.141533026402548,1.01092134871853,0.597184219211572,0.000945065864980531,0.00100053711771684,0.00820200930239204,0.00820200930239204,0.138365880759631,11.5,8,0.53831003946881,0.195929933955413,0.38029439546265,14000,NaN
211,7,0.466666666666667,60,200,kalman,0.256447192560495,0.000658168278800554,0.00312543472539002,-0.00195740484145197,0.00376213474691322,0.998037380889472,0.306150675903799,0.000620392469965473,0.000620392471012654,0.00217907498413518,0.00217907498413518,0.138365880759631,11.5,8,0.304942631617744,0.186687097615045,0.221242360709935,14000,1.2
212,7,0.466666666666667,60,200,kalman,0.249945913385791,0.0190005505017844,0.0190610249238845,0.0243871107726588,0.0243871107726588,0.949507696658118,0.314863346052509,0.000369345729515129,0.000390294436043806,0.00230851192753923,0.00230851192753923,0.138365880759631,11.5,8,0.513084511538392,0.137993995685371,0.190717396094966,14000,1.2
213,7,0.466666666666667,60,200,kalman,0.674500413219376,-0.0274895024564775,0.0274895296214141,-0.0647535726576421,0.0647535726576421,1.03979733529059,0.667182200502042,-0.000528761940254157,0.000528769160483988,-6.85960592297879e-05,0.000366597617980619,0.138365880759631,11.5,8,0.39185646794228,0.115610326191718,0.190760540594121,14000,NaN
214,7,0.466666666666667,60,200,kalman,0.467051609443533,-0.0151198138962557,0.015196430961164,0.0122458981541954,0.0150357275319029,1.03267586681007,0.440089672081479,0.000256572854962669,0.000256590118395931,0.000986540812302795,0.000986540812302795,0.138365880759631,11.5,8,0.434527496667469,0.199465801587324,0.312335095794026,14000,1.2
215,7,0.466666666666667,60,200,kalman,0.445369691392905,-0.0246993062203076,0.0247137565987467,-0.0720201041458595,0.0720201041458595,1.09593376310527,0.238206620922449,0.00172305064457729,0.00172305076698808,0.0123698864496894,0.0123698864496894,0.138365880759631,11.5,8,0.514835927661025,0.116971208921986,0.204238221047935,14000,26.4
216,7,0.466666666666667,60,200,kalman,0.847435176278389,-0.0190373656406556,0.01912472024553,-0.0936125584497442,0.0936125584497442,1.02137826187914,0.905596952467906,0.000585726277757089,0.000586730763075937,0.00596583470365589,0.00596583470365589,0.138365880759631,11.5,8,0.536884759966427,0.0774920137221318,0.169235863422711,14000,NaN
217,7,0.466666666666667,60,200,kalman,0.358935008707022,0.0103120977660953,0.015604438836555,-0.0433391932841842,0.046668001087466,0.981322059822494,0.470517536692095,0.000176462990265562,0.000421082358620236,0.00493919661659909,0.00493919661659909,0.138365880759631,11.5,8,0.476667034079259,0.197942848990595,0.250847511706896,14000,1.2
218,7,0.466666666666667,60,200,kalman,0.349844227102502,-0.0302069790984322,0.0302776038231394,-0.0730004032082353,0.0730004032082353,1.10774450857816,0.299912501219743,0.000139092741535296,0.000154686689501064,0.00114458827358501,0.00114458827358501,0.138365880759631,11.5,8,0.365907450957593,0.158258155948578,0.217825718042762,14000,27
219,7,0.466666666666667,60,200,kalman,0.496912445828087,-0.0348279009826303,0.0348292736242752,-0.056199205428571,0.056199205428571,1.06485111517201,0.561117021732675,-0.000311984115887287,0.000311987239946656,0.000391409545979803,0.000392804949524119,0.138365880759631,11.5,8,0.377905578914227,0.227650693741768,0.343279605417438,14000,2.7
220,7,0.466666666666667,60,200,kalman,0.27818400380262,-0.00918103299966852,0.00933033507427596,-0.0114196614820682,0.0177255598442703,1.04316474701148,0.176125442919621,5.17497323854134e-05,0.000298140778439066,0.00338319262677286,0.00338319262677286,0.138365880759631,11.5,8,0.475080478429899,0.0817506138760273,0.178378767813729,14000,1.2
221,7,0.466666666666667,60,200,kalman,0.681133075162703,0.00854744021528009,0.00856631806545686,0.0103295353212609,0.0103295353212609,0.988550687591726,0.728019751012292,0.000379765413274659,0.00038819614600556,0.00195590015601482,0.00195590015601482,0.138365880759631,11.5,8,0.497820184986378,0.0784536357007937,0.189252581100001,14000,1.2
222,7,0.466666666666667,60,200,kalman,0.857428496491087,0.0154228562304992,0.015535068262721,0.00791202624557177,0.0117599482031164,0.980688656229118,0.742505093407447,0.000688893704324608,0.000913957015487938,0.00873279209766679,0.00873279209766679,0.138365880759631,11.5,8,0.534231284923169,0.215312283742806,0.427356377004374,14000,1.2
223,7,0.466666666666667,60,200,kalman,0.700443572975692,-0.00807373355100602,0.0092159043718586,-0.0286219015419899,0.0286219015419899,1.01024702217224,0.768182998337262,0.000414902144908091,0.000422400570830717,0.00407443914983242,0.00407443914983242,0.138365880759631,11.5,8,0.457614500737584,0.0910498251782287,0.17602084421988,14000,1.2
224,7,0.466666666666667,60,200,kalman,0.421163045800885,0.0153332065912376,0.0154086895332742,0.0270838723813084,0.0270838723813084,0.954388586802099,0.307163347569699,-0.000326420729887086,0.000326541915785967,0.00074036289738892,0.00074141230878755,0.138365880759631,11.5,8,0.519483604928228,0.204660189861419,0.4708428282203,14000,1.2
225,7,0.466666666666667,60,200,kalman,0.373507593299514,0.00961770230022259,0.0150193548946746,0.0639461464452567,0.0639461464452567,0.979389139772833,0.440216940677792,-0.000403864590698909,0.000403867350310824,-0.00119251270281703,0.00119251270281703,0.138365880759631,11.5,8,0.367963964319603,0.148173955848231,0.194663574117627,14000,NaN
226,7,0.466666666666667,60,200,kalman,0.583349788947039,0.00691859158064067,0.00705868900133212,0.00877695391843778,0.00877695391843778,0.986743928820925,0.502063372770406,0.0001003878532295,0.000228869818243193,0.0020214978955823,0.0020214978955823,0.138365880759631,11.5,8,0.498826539753028,0.0995859852886999,0.183682296995754,14000,1.2
227,7,0.466666666666667,60,200,kalman,0.918427650421985,-0.00553106046237956,0.0109491780132839,0.0403386114765132,0.0403386114765132,1.00646246954896,0.827192054549703,0.00089880407781866,0.000905109036696884,0.000570879558748522,0.00057234416471079,0.138365880759631,11.5,8,0.519092247854016,0.260027751565204,0.569001969098053,14000,1.2
228,7,0.466666666666667,60,200,kalman,0.882977028523904,-0.0477040658637148,0.0477471982727189,-0.0947793634288306,0.0947793634288306,1.05390653520922,0.89558855599402,-0.00162067662246297,0.00162097859989405,-0.0110808865367808,0.0110808865367808,0.138365880759631,11.5,8,0.529109590947696,0.171883595842012,0.32070641828857,14000,27.3
229,7,0.466666666666667,60,200,kalman,0.337913240441904,-0.00261828999567796,0.00526975072002364,-0.0469763647806073,0.0469763647806073,1.0056718141843,0.382944455676584,0.000271898632286668,0.000330920376389705,0.00261249073132836,0.00261249073132836,0.138365880759631,11.5,8,0.401879295221481,0.129264181135425,0.187681688280437,14000,1.2
230,7,0.466666666666667,60,200,kalman,0.335910998664979,0.0200859797269854,0.0202278982129993,0.011082430620868,0.0115923508282535,0.948607970141369,0.363421127244387,0.00026398914746372,0.000287261441515496,0.00326913918653433,0.00326913918653433,0.138365880759631,11.5,8,0.395491797306057,0.11452897554083,0.197868536645005,14000,1.2
201,7,0.466666666666667,60,200,kalman-gm,0.255017339343908,0.00716413725658596,0.00728803633921136,0.0118053341198167,0.0118053341198167,0.959410200851813,0.157376964687231,0.00129869189948615,0.00129874094368972,0.00526500759350646,0.00526500759350646,0.180477235773431,15,8,0.467099820242161,0.262070297070668,0.544670890814177,28000,1.2
202,7,0.466666666666667,60,200,kalman-gm,0.265746187490233,0.00472590852590898,0.00610680616786732,0.00865878439473648,0.00885145349579667,0.981965666371245,0.232779816165421,0.00152324503854563,0.00152324561368755,0.00572615909305905,0.00572615909305905,0.180477235773431,15,8,0.323940565874272,0.291985300109494,0.679572416927358,28000,1.2
203,7,0.466666666666667,60,200,kalman-gm,0.210691349248003,0.0312020968859306,0.0312021177100888,0.0457742138522073,0.0457742138522073,0.850038135977791,0.147450594987103,0.000995775328120988,0.00101039504511022,0.00833428598653411,0.00833428598653411,0.180477235773431,15,8,0.40435233149525,0.306873545184528,0.757125428552791,28000,1.2
204,7,0.466666666666667,60,200,kalman-gm,0.359495153802557,0.00977602289328953,0.0107565416199578,0.0562568510193519,0.0562568510193519,0.963447108438412,0.216930220920785,0.00166771802372556,0.00166771802372556,0.0095176587972297,0.0095176587972297,0.180477235773431,15,8,0.514487251985011,0.552056135895927,2.08768725254933,28000,NaN
205,7,0.466666666666667,60,200,kalman-gm,0.70015870254017,-0.00355123694604052,0.0101948611130389,-0.0418349620122912,0.0418349620122912,1.00592625250411,0.553546192755499,0.000736704564196262,0.000747799578584067,0.00720782492942418,0.00720782492942418,0.180477235773431,15,8,0.451635725650293,0.255565054652877,0.584902211285303,28000,8.7
206,7,0.466666666666667,60,200,kalman-gm,0.704274218716452,0.00126630322228746,0.00411249550096223,-0.0284269758585196,0.0336225622858329,0.997962109729501,0.607807162234495,0.000159879854971284,0.000159879855498229,0.00239499251835998,0.00239499251835998,0.180477235773431,15,8,0.418343105783747,0.303765833164438,1.16953983232904,28000,1.2
207,7,0.466666666666667,60,200,kalman-gm,0.38959595460555,0.0370948283910043,0.037101473837291,0.123818038238527,0.123818038238527,0.901109135180928,0.293120021194319,0.000510943513459921,0.000511130399941864,0.00219166675538338,0.00219166675538338,0.180477235773431,15,8,0.419948955039027,0.310570218413861,0.820668674067015,28000,NaN
208,7,0.466666666666667,60,200,kalman-gm,0.521825513218961,0.00991799029443813,0.00992520474539293,0.00154726800215897,0.00234096028673056,0.983663794296736,0.543090799074911,0.000969182908018064,0.000969182911922433,0.00443918484148441,0.00443918484148441,0.180477235773431,15,8,0.46967519894826,0.268558519293546,0.666180116127599,28000,1.2
209,7,0.466666666666667,60,200,kalman-gm,0.757883941146569,0.046183182042042,0.046183182042042,0.0965528734704833,0.0965528734704833,0.94162861060225,0.705184668983796,0.00369815367567954,0.00369815367567954,0.0185372366465841,0.0185372366465841,0.180477235773431,15,8,0.506777322211322,0.493995319259013,2.09676378108629,28000,NaN
210,7,0.466666666666667,60,200,kalman-gm,0.698492318522336,0.00146930856268429,0.00912643848557767,-0.103875497281917,0.103875497281917,0.997562917053199,0.56338979366787,0.00239476915473012,0.00239476915473012,0.0117895586657343,0.0117895586657343,0.180477235773431,15,8,0.515954729422482,0.462276161502905,1.48174734154965,28000,NaN
211,7,0.466666666666667,60,200,kalman-gm,0.256447192560495,0.0211172257387047,0.0211202847393763,0.0165504083393812,0.0165504083393812,0.937029674429701,0.302466105942789,0.000432587718392709,0.000432589290236869,0.00124298571112971,0.00124298571112971,0.180477235773431,15,8,0.293804570128525,0.314801614151136,0.9213929309125,28000,1.2
212,7,0.466666666666667,60,200,kalman-gm,0.249945913385791,0.00563022669144171,0.00601269884664397,-0.00507937360825868,0.00609953286217523,0.985038164343652,0.314863332348834,0.000665107756488208,0.000665107756488208,0.00205096875995192,0.00205096875995192,0.180477235773431,15,8,0.507309329820705,0.329684568913891,0.745984966317169,28000,1.2
213,7,0.466666666666667,60,200,kalman-gm,0.674500413219376,0.00199319196221882,0.00358781121519984,-0.0181676631387686,0.0181676631387686,0.99711439925315,0.665747730503199,0.000251445239485124,0.000251452079555589,0.00132896365537195,0.00132896365537195,0.180477235773431,15,8,0.384518902722043,0.161016026649351,0.249619988643399,28000,1.2
214,7,0.466666666666667,60,200,kalman-gm,0.467051609443533,-0.0314508372773153,0.0316250606402152,-0.0917145261175347,0.0917145261175347,1.06796931344462,0.480303643131915,0.00041300322389667,0.00041300322389667,4.05257707345968e-05,0.000561308177448646,0.180477235773431,15,8,0.386171077147504,0.353293996456089,1.28186516698687,28000,NaN
215,7,0.466666666666667,60,200,kalman-gm,0.445369691392905,-0.0201529982063493,0.0202671527351688,-0.0866461165983741,0.0866461165983741,1.07827559764409,0.23425455753579,0.00135877620027343,0.00135877663320991,0.00868925222755659,0.00868925222755659,0.180477235773431,15,8,0.516608704387018,0.217688863014318,0.503431424550275,28000,NaN
216,7,0.466666666666667,60,200,kalman-gm,0.847435176278389,-0.00316397411795847,0.00452429193278623,-0.0231953047416367,0.0231953047416367,1.00355302663978,0.83159819388137,0.000240857171116281,0.000241662433647361,0.00243156346230851,0.00243156346230851,0.180477235773431,15,8,0.512252209200284,0.115470815173494,0.246766055984936,28000,1.2
217,7,0.466666666666667,60,200,kalman-gm,0.358935008707022,-0.00327800213025995,0.00727854115237062,-0.0816400152315906,0.0816400152315906,1.00593733002533,0.470512154555259,0.0001556470567028,0.000200817511898073,0.00120955810289456,0.00120955810289456,0.180477235773431,15,8,0.495190379857687,0.290964040447536,0.830563503282359,28000,1.2
218,7,0.466666666666667,60,200,kalman-gm,0.349844227102502,-0.0132099696621534,0.0133726528909513,-0.0331556712488591,0.0331556712488591,1.04711830616836,0.276320552151419,0.000363371015777653,0.000363371020902005,0.00123025040555846,0.00123025040555846,0.180477235773431,15,8,0.350950438577038,0.304014076103527,0.907214269994297,28000,1.2
219,7,0.466666666666667,60,200,kalman-gm,0.496912445828087,-0.0254942591784573,0.0254944159172546,-0.0234992823927565,0.0234992823927565,1.04747145511387,0.546360661457391,5.05375317768594e-05,0.00011233986518858,-0.000828015952534937,0.000844115818868894,0.180477235773431,15,8,0.374032293065144,0.379821970795818,1.62222286869349,28000,1.2
220,7,0.466666666666667,60,200,kalman-gm,0.27818400380262,-0.0112761898240946,0.0112779020141836,-0.0314901542435513,0.0314901542435513,1.05301515428906,0.18212402385874,0.000879987702659496,0.000879987834911296,0.0057080489504419,0.0057080489504419,0.180477235773431,15,8,0.469585223983953,0.222804445670723,0.475428971117782,28000,1.2
221,7,0.466666666666667,60,200,kalman-gm,0.681133075162703,0.00739287249132661,0.00739287710169287,0.00693194762452874,0.00869999999993637,0.99009723325161,0.727977863942341,0.000406389139455754,0.000406389139455754,0.00160622821860134,0.00160622821860134,0.180477235773431,15,8,0.501790697840179,0.137605816726603,0.345650297443242,28000,1.2
222,7,0.466666666666667,60,200,kalman-gm,0.857428496491087,0.00749935422946298,0.00858584526503119,-0.00934857476299576,0.0151917318738317,0.990609871127607,0.750678784873578,0.00227798373280722,0.00227851384660968,0.0134983413040324,0.0134983413040324,0.180477235773431,15,8,0.500065574760866,0.425723594804164,1.55056072567945,28000,1.2
223,7,0.466666666666667,60,200,kalman-gm,0.700443572975692,-6.02457626039088e-05,0.00270530609858,-0.00195871230410522,0.0075250253439267,1.00007646272462,0.761914768927454,0.000450565588977437,0.000450565588977437,0.00332428133946686,0.00332428133946686,0.180477235773431,15,8,0.43064229832346,0.145987448173757,0.262631655155817,28000,1.2
224,7,0.466666666666667,60,200,kalman-gm,0.421163045800885,0.00284953107819464,0.00359071558661411,0.021159992838387,0.021159992838387,0.99152355127713,0.31927384956202,0.000391625608313301,0.000391625682888267,0.00198898705265051,0.00198898705265051,0.180477235773431,15,8,0.476760004593043,0.444754819982384,1.59952858669042,28000,1.2
225,7,0.466666666666667,60,200,kalman-gm,0.373507593299514,0.00962173379855909,0.00962282655102729,0.00585004549977635,0.00690041755586414,0.979380500219838,0.440414749352262,0.000622476534364938,0.00062248260737331,0.00303007262347638,0.00303007262347638,0.180477235773431,15,8,0.352971483147198,0.269416874524247,0.470878791614912,28000,1.2
226,7,0.466666666666667,60,200,kalman-gm,0.583349788947039,0.00694130393592331,0.00695365243560579,0.0175527081860459,0.0175527081860459,0.986700411785014,0.496407599941602,0.000256991722649089,0.000256992228112098,0.00109039220434734,0.00109039220434734,0.180477235773431,15,8,0.467172492048067,0.186046647357158,0.415928181387816,28000,1.2
227,7,0.466666666666667,60,200,kalman-gm,0.918427650421985,0.00739945959113704,0.00788402603603535,0.0281755450251121,0.0281755450251121,0.99135450017013,0.810011028485055,0.00234124776969066,0.00234799113986519,0.00756161167842157,0.00756161167842157,0.180477235773431,15,8,0.510447800252852,0.416056193230745,1.82972150787898,28000,1.2
228,7,0.466666666666667,60,200,kalman-gm,0.882977028523904,-0.00332641046133725,0.0124005496174174,-0.0536089157400813,0.0536089157400813,1.00375890942224,0.855407246339936,0.00113703196208861,0.00113885636800415,-0.000341118657929284,0.00261646649728127,0.180477235773431,15,8,0.550172642246602,0.244336827527996,0.448433485011723,28000,1.2
229,7,0.466666666666667,60,200,kalman-gm,0.337913240441904,-0.00614495915613442,0.00620615350113434,-0.0176623703285644,0.0176623703285644,1.01331138512588,0.382971916038146,0.000286387279975137,0.000286427151862238,0.00246034679963474,0.00246034679963474,0.180477235773431,15,8,0.368953561215172,0.22076431229548,0.348031677092205,28000,1.2
230,7,0.466666666666667,60,200,kalman-gm,0.335910998664979,0.00747110190701971,0.00790704730590261,-0.00227179538829346,0.00363373095227871,0.980884422990501,0.367758710503135,0.00020532870171626,0.00020532870171626,0.00109739713289956,0.00109739713289956,0.180477235773431,15,8,0.381702521207301,0.235994905392216,0.484137807395737,28000,1.2
201,7,0.466666666666667,60,200,mean,0.255017339343908,0.00905211241723574,0.00907490226161586,0.00593879875165632,0.00672477748872284,0.948713514032044,0.159745456133056,0.000625500837534615,0.000630124678312841,0.00424361155127719,0.00424361155127719,0.138365880759631,11.5,8,0.503195523757045,0.147864649547629,0.220168115844284,14000,1.2
202,7,0.466666666666667,60,200,mean,0.265746187490233,0.00312815082643236,0.00641151378822087,-0.0118439064629333,0.0174516558141025,0.988062799917589,0.228779555370264,0.00146025286422879,0.00146026553423374,0.00615556587718239,0.00615556587718239,0.138365880759631,11.5,8,0.362117686835401,0.154106753493253,0.200000767618287,14000,1.2
203,7,0.466666666666667,60,200,mean,0.210691349248003,0.0269421470663983,0.0273897906983521,0.0204734100314804,0.0205597995701226,0.870512080979423,0.160547196892582,0.000815864948942145,0.000816925082786302,0.00919418610550469,0.00919418610550469,0.138365880759631,11.5,8,0.435092624221605,0.119596527360049,0.198675176612265,14000,4.8
204,7,0.466666666666667,60,200,mean,0.359495153802557,-0.00632419528050513,0.00786972236715903,0.0347798294267442,0.0347798294267442,1.02364638737306,0.215298158285211,0.000461107820097377,0.000472895211465135,0.00586631761365345,0.00586631761365345,0.138365880759631,11.5,8,0.583903466154245,0.198468594002188,0.434488763334378,14000,1.2
205,7,0.466666666666667,60,200,mean,0.70015870254017,-0.0328859455242625,0.0328859455242625,-0.0844305503412334,0.0844305503412334,1.05487958702122,0.600317676555731,0.00135366732486123,0.00135366732486123,0.010179410676985,0.010179410676985,0.138365880759631,11.5,8,0.46783140988362,0.161408822646004,0.259821174826054,14000,NaN
206,7,0.466666666666667,60,200,mean,0.704274218716452,-0.000283957435395143,0.00262062060193509,-0.00982781773185896,0.0161978612668814,1.00045697909051,0.614713641235246,0.000164241193212366,0.000164278828167977,0.00144443546111908,0.00144443546111908,0.138365880759631,11.5,8,0.437090080708899,0.183670293357146,0.317190008448345,14000,1.2
207,7,0.466666666666667,60,200,mean,0.38959595460555,0.0246024580646321,0.0246416759474025,0.0642099758415906,0.0642099758415906,0.934412465019614,0.341773355678345,4.66730981207139e-05,0.000312569278347825,0.0034506195055905,0.0034506195055905,0.138365880759631,11.5,8,0.459926678287461,0.135141176649428,0.222609134266662,14000,NaN
208,7,0.466666666666667,60,200,mean,0.521825513218961,-0.0193150401120915,0.0193422267595032,0.00814050774902584,0.011168209712122,1.03181435543599,0.552863100475195,0.000702720508859402,0.000800131925712917,0.00495058955704551,0.00495058955704551,0.138365880759631,11.5,8,0.541578723262913,0.185170338441421,0.293746758875352,14000,1.2
209,7,0.466666666666667,60,200,mean,0.757883941146569,0.0233796961231493,0.0233796961231493,0.00901378936957671,0.0138985216232829,0.970450166357894,0.747427788174313,0.00167401073726622,0.00167401073726622,0.0133244213700165,0.0133244213700165,0.138365880759631,11.5,8,0.551486152794378,0.209231413713915,0.468511306670894,14000,1.5
210,7,0.466666666666667,60,200,mean,0.698492318522336,-0.00156861582378307,0.0163244082175644,-0.135064887753574,0.135064887753574,1.00260179990188,0.584538845733827,0.00160795780216778,0.00160796333146959,0.0103018185735473,0.0103018185735473,0.138365880759631,11.5,8,0.554209275221118,0.198105315891502,0.386484367085641,14000,NaN
211,7,0.466666666666667,60,200,mean,0.256447192560495,0.0144211527010308,0.014421176851651,0.0256585835137131,0.0256585835137131,0.956996970533942,0.298979230135434,0.000384994518207331,0.000384994519278784,0.00149996963852415,0.00149996963852415,0.138365880759631,11.5,8,0.311719113591158,0.187912084213508,0.221814677082888,14000,1.2
212,7,0.466666666666667,60,200,mean,0.249945913385791,0.0168810663733108,0.0169652438221103,0.0125910022533635,0.0125910022533635,0.955140040601686,0.314863348525021,0.000346460339483613,0.000351246006578929,0.00194329508716769,0.00194329508716769,0.138365880759631,11.5,8,0.525378161805684,0.137795304874305,0.189998932217701,14000,1.2
213,7,0.466666666666667,60,200,mean,0.674500413219376,-0.00944848596044209,0.00947726764098562,-0.0224403214729328,0.0224403214729328,1.01367884210896,0.667182601578115,-0.000237772763161225,0.000237779231289591,0.000229511152098609,0.000268395340549402,0.138365880759631,11.5,8,0.400478829940064,0.115656719332578,0.190549062063104,14000,1.2
214,7,0.466666666666667,60,200,mean,0.467051609443533,-0.00438526313903845,0.00512330265478671,0.00590789756146297,0.00741544902674414,1.0094771189144,0.436339504137681,0.000219033690318397,0.000219060014489209,0.00124757429458421,0.00124757429458421,0.138365880759631,11.5,8,0.44285425258927,0.201343843208751,0.317791095218949,14000,1.2
215,7,0.466666666666667,60,200,mean,0.445369691392905,-0.0129528431321211,0.0131695434137315,-0.0628737649310407,0.0628737649310407,1.05030971208232,0.213812039799872,0.00120209427776691,0.00120209440755669,0.0105605836582135,0.0105605836582135,0.138365880759631,11.5,8,0.528796916399392,0.116627954197983,0.205669887258721,14000,26.7
216,7,0.466666666666667,60,200,mean,0.847435176278389,-0.0175851825551099,0.0179259372968585,-0.0952680912991951,0.0952680912991951,1.01974751365035,0.900677723813802,0.000544837232285903,0.000545517915618378,0.00581617506438991,0.00581617506438991,0.138365880759631,11.5,8,0.549615962445625,0.0776299189924298,0.169153878772215,14000,NaN
217,7,0.466666666666667,60,200,mean,0.358935008707022,0.00376419133717021,0.0119356446128289,-0.0496871211036744,0.0506120135907494,0.993182052555445,0.4705174528011,0.00011842844383419,0.000384607915937659,0.0042941238419921,0.0042941238419921,0.138365880759631,11.5,8,0.490906968240536,0.197849340009805,0.250556695715162,14000,1.2
218,7,0.466666666666667,60,200,mean,0.349844227102502,-0.00723991295983311,0.0125596489079961,-0.0506779573688856,0.0506779573688856,1.02582386214338,0.266177430167301,-8.44214692994089e-06,9.33149366018185e-05,0.0006756394641985,0.0006756394641985,0.138365880759631,11.5,8,0.37432092880465,0.158886009409008,0.217645948610633,14000,21.3
219,7,0.466666666666667,60,200,mean,0.496912445828087,-0.0286206132751504,0.0286218863368671,-0.0418769555215407,0.0418769555215407,1.05329286679453,0.561117021671093,-5.15684836522826e-05,0.000169795948771411,0.000559401126866996,0.0005896857601629,0.138365880759631,11.5,8,0.387345337411176,0.228427303327487,0.351300014181467,14000,1.2
220,7,0.466666666666667,60,200,mean,0.27818400380262,-0.00694831514473865,0.00715058015818319,-0.0177843254146623,0.0177843254146623,1.03266759474555,0.176177619029016,0.000478864918454919,0.000481580208617667,0.00420331618420612,0.00420331618420612,0.138365880759631,11.5,8,0.486091905587351,0.0817170644238793,0.178562970147406,14000,1.2
221,7,0.466666666666667,60,200,mean,0.681133075162703,0.00643072538116831,0.00644226773337051,0.0123224283758054,0.0123224283758054,0.99138603113372,0.728020144003412,-2.34411245770073e-05,8.94850719838762e-05,0.000419470540227919,0.000419470540227919,0.138365880759631,11.5,8,0.509108916049971,0.0788108834327826,0.190266008868548,14000,1.2
222,7,0.466666666666667,60,200,mean,0.857428496491087,0.00978558403131148,0.0115924200954416,-0.00932473010602217,0.0148332317779146,0.987747225649824,0.750888355422017,0.00147302687233042,0.00147429152383691,0.010830199215793,0.010830199215793,0.138365880759631,11.5,8,0.546919710273006,0.214790407522784,0.430192427232231,14000,1.2
223,7,0.466666666666667,60,200,mean,0.700443572975692,-0.0115898990121714,0.0115948880332271,-0.0385301687178158,0.0385301687178158,1.01470966949819,0.768182994437393,0.000531332198931005,0.000532563745480163,0.00483208876268995,0.00483208876268995,0.138365880759631,11.5,8,0.467448605254942,0.0913044778102539,0.176329034972846,14000,9.9
224,7,0.466666666666667,60,200,mean,0.421163045800885,0.0156411234507647,0.0157122783442781,0.0380370976680694,0.0380370976680694,0.953472632071631,0.301300246407318,-3.68840936267417e-05,0.000169865409629545,0.00138141873447613,0.00138141873447613,0.138365880759631,11.5,8,0.533150376845792,0.20543622983071,0.471170368778609,14000,1.2
225,7,0.466666666666667,60,200,mean,0.373507593299514,0.0204605840280983,0.0205477863054127,0.0695194175249076,0.0695194175249076,0.956152704210904,0.425628467546261,-0.000156312560113921,0.000156315167036283,-0.000671343639034875,0.000674871839202533,0.138365880759631,11.5,8,0.377508206015753,0.148967145257232,0.194822221377948,14000,NaN
226,7,0.466666666666667,60,200,mean,0.583349788947039,0.00351895780622442,0.00381259880806658,0.00622488530272763,0.00632580271375028,0.993257651559315,0.507184241000178,0.000211391454574547,0.000221865722486833,0.0019451917370194,0.0019451917370194,0.138365880759631,11.5,8,0.50736195139258,0.0995179732518564,0.183484139303903,14000,1.2
227,7,0.466666666666667,60,200,mean,0.918427650421985,-0.00183519312490163,0.0114561312598718,0.033541758844235,0.033541758844235,1.00214423251505,0.82658577397174,0.00167484193176486,0.00167976187858592,0.00347006636767205,0.00347006636767205,0.138365880759631,11.5,8,0.533772274964373,0.261888919333946,0.58532147615686,14000,1.2
228,7,0.466666666666667,60,200,mean,0.882977028523904,-0.0313810180451396,0.0355049051731481,-0.0882782934336472,0.0882782934336472,1.03546116926353,0.888672191367793,3.47453011225837e-06,9.57181702823472e-05,-0.00642005354144261,0.00642005354144261,0.138365880759631,11.5,8,0.543742160727386,0.174651990310317,0.320893886923039,14000,26.1
229,7,0.466666666666667,60,200,mean,0.337913240441904,-0.00319587020639309,0.00513773028306223,-0.0396369601269305,0.0396369601269305,1.00692298484802,0.382943678158682,0.000211697824903244,0.000213412897066241,0.00165625864827195,0.00165625864827195,0.138365880759631,11.5,8,0.409930123791105,0.128897996777445,0.186800290468338,14000,1.2
230,7,0.466666666666667,60,200,mean,0.335910998664979,0.0195643628519938,0.019730330910081,0.0126160299757763,0.0137105356833127,0.949942580171783,0.36288992578513,0.000156034594698304,0.000193606642856823,0.00286389567978898,0.00286389567978898,0.138365880759631,11.5,8,0.4039427973536,0.114632337418906,0.197928298331468,14000,1.2
201,7,0.466666666666667,60,200,none,0.255017339343908,0.0198145757361999,0.0198410234023035,0.00125291798216575,0.00838336871799678,0.887736705686433,0.146212017886525,0.00193499371666937,0.00193901984070695,0.00889427591005987,0.00889427591005987,0.09625452574583,8,8,0.5273919207745,NaN,NaN,0,1.2
202,7,0.466666666666667,60,200,none,0.265746187490233,0.0155403095931524,0.017403282705586,-0.0318032953013659,0.0318032953013659,0.940697301617123,0.236966171269923,0.00298309703807005,0.00298309703807005,0.00989120613221389,0.00989120613221389,0.09625452574583,8,8,0.392633112893897,NaN,NaN,0,1.2
203,7,0.466666666666667,60,200,none,0.210691349248003,0.0149033601281448,0.030876276442299,0.0403412953059243,0.0403412953059243,0.928372260582954,0.165749904948987,0.00451533841720175,0.00451533841720175,0.0219723613463602,0.0219723613463602,0.09625452574583,8,8,0.450812436835455,NaN,NaN,0,11.1
204,7,0.466666666666667,60,200,none,0.359495153802557,0.0364996135329268,0.0373809896157921,0.118932468462879,0.118932468462879,0.863526668250262,0.217329872520896,0.00778627004966239,0.00778627004966239,0.0233294650104185,0.0233294650104185,0.09625452574583,8,8,0.613026870214756,NaN,NaN,0,NaN
205,7,0.466666666666667,60,200,none,0.70015870254017,-0.0729359305231717,0.0729370745843402,-0.209079438426134,0.209079438426134,1.12171441879836,0.665605935904122,0.00415175295112145,0.0041517546587377,0.0220682482685474,0.0220682482685474,0.09625452574583,8,8,0.459544102299192,NaN,NaN,0,NaN
206,7,0.466666666666667,60,200,none,0.704274218716452,-0.00176501575684146,0.00451379956634534,-0.0205405925242386,0.02467855559511,1.00284047957459,0.612520900020074,0.000398393078655472,0.000398393184485153,0.00336002063218,0.00336002063218,0.09625452574583,8,8,0.457372989809508,NaN,NaN,0,1.2
207,7,0.466666666666667,60,200,none,0.38959595460555,-0.00488248024264832,0.00750198578833476,0.0148500837541327,0.0148500837541327,1.01301617272813,0.369229774163933,0.00246909735019861,0.00246909735019861,0.00969890640038575,0.00969890640038575,0.09625452574583,8,8,0.457172697374559,NaN,NaN,0,1.2
208,7,0.466666666666667,60,200,none,0.521825513218961,0.040171893644867,0.0484075923824403,-0.0476691502987357,0.0476691502987357,0.933831724110456,0.552263359620065,0.00861593577010638,0.00861593577010638,0.0353142771829227,0.0353142771829227,0.09625452574583,8,8,0.572855520148397,NaN,NaN,0,1.2
209,7,0.466666666666667,60,200,none,0.757883941146569,-0.0125093850922997,0.0173221972974094,0.0447156659710595,0.0447156659710595,1.01581073793669,0.796209288155207,0.00651718130824696,0.00651718130824696,0.0202909383716617,0.0202909383716617,0.09625452574583,8,8,0.579815300759734,NaN,NaN,0,1.2
210,7,0.466666666666667,60,200,none,0.698492318522336,-0.0631256598961167,0.0631263066598434,-0.173801644067294,0.173801644067294,1.10470399012535,0.642678436047099,0.00442425983353704,0.00442426624677492,0.010854366026848,0.010854366026848,0.09625452574583,8,8,0.561520039526198,NaN,NaN,0,NaN
211,7,0.466666666666667,60,200,none,0.256447192560495,0.0345754049413397,0.0345908256645899,0.0477435350325645,0.0477435350325645,0.89689817531805,0.28033493618053,0.000784631485571556,0.000784837353179539,0.00282360982587469,0.00282360982587469,0.09625452574583,8,8,0.341644704916088,NaN,NaN,0,1.2
212,7,0.466666666666667,60,200,none,0.249945913385791,0.0458594669086267,0.0459170038315379,0.0286204338098616,0.0286204338098616,0.878132472318109,0.316426638228064,0.00215591929711468,0.00215591929711468,0.00690223473828866,0.00690223473828866,0.09625452574583,8,8,0.541230325368191,NaN,NaN,0,4.5
213,7,0.466666666666667,60,200,none,0.674500413219376,-0.0214517197325847,0.0214517197325847,-0.0655202342194343,0.0655202342194343,1.03105626535471,0.67004749100485,6.32267385840885e-05,0.00014791751861254,0.00249458600374476,0.00249458600374476,0.09625452574583,8,8,0.414888892055318,NaN,NaN,0,1.2
214,7,0.466666666666667,60,200,none,0.467051609443533,-0.0484656572880476,0.0487521328281273,-0.0676441128308058,0.0676441128308058,1.10474053273891,0.479854885550945,0.00251405353684015,0.00251405390633592,0.00643837640169685,0.00643837640169685,0.09625452574583,8,8,0.46280188173569,NaN,NaN,0,25.2
215,7,0.466666666666667,60,200,none,0.445369691392905,-0.0429173862293977,0.0430005244324299,-0.125992433922412,0.125992433922412,1.16669400860512,0.264855334372364,0.00532523996753802,0.00532523996753802,0.0243291613615293,0.0243291613615293,0.09625452574583,8,8,0.541116716925982,NaN,NaN,0,NaN
216,7,0.466666666666667,60,200,none,0.847435176278389,-0.0135416126675116,0.0148926884559781,-0.0890231136938634,0.0890231136938634,1.01520673329159,0.898002121727854,0.00388664338792353,0.00388665067919618,0.0143148082707645,0.0143148082707645,0.09625452574583,8,8,0.578526219073671,NaN,NaN,0,NaN
217,7,0.466666666666667,60,200,none,0.358935008707022,0.0730209366483287,0.0730209366483287,0.0109565684354416,0.0400221899057158,0.867739744389624,0.466898822436689,0.00260254407282537,0.00260254407282537,0.014238480314756,0.014238480314756,0.09625452574583,8,8,0.4951322127614,NaN,NaN,0,9
218,7,0.466666666666667,60,200,none,0.349844227102502,-0.0729852226791333,0.0729852226791333,-0.0886529233814006,0.0886529233814006,1.26032914199749,0.341192622212309,0.00192185970059639,0.00192185970059639,0.0057608157433005,0.0057608157433005,0.09625452574583,8,8,0.385778266999958,NaN,NaN,0,26.4
219,7,0.466666666666667,60,200,none,0.496912445828087,-0.0172082923749942,0.018181109981036,-0.0415446692104305,0.0415446692104305,1.03204261294073,0.549032353148414,0.0020995507940926,0.0020995507940926,0.00784572715507458,0.00784572715507458,0.09625452574583,8,8,0.379469629381361,NaN,NaN,0,1.2
220,7,0.466666666666667,60,200,none,0.27818400380262,-0.0457950816174241,0.0459981038114105,-0.04565321591509,0.04565321591509,1.2153061765988,0.213526250189353,0.00408748689112246,0.00408748689112246,0.0149758469870644,0.0149758469870644,0.09625452574583,8,8,0.482905542987573,NaN,NaN,0,17.7
221,7,0.466666666666667,60,200,none,0.681133075162703,0.0221579421885192,0.0221649429696269,-0.00069575800274693,0.00629001009656294,0.970319394338986,0.718563227801742,0.00314426967742453,0.00314427169936976,0.0096697135557875,0.0096697135557875,0.09625452574583,8,8,0.515035760468503,NaN,NaN,0,1.2
222,7,0.466666666666667,60,200,none,0.857428496491087,-0.0183292212649391,0.0192125339856764,-0.0151915888420222,0.0387752017977341,1.02295047607329,0.794128415414373,0.00456890462306623,0.00458006157049989,0.0228857974049101,0.0228857974049101,0.09625452574583,8,8,0.591680536808816,NaN,NaN,0,10.8
223,7,0.466666666666667,60,200,none,0.700443572975692,0.0077480794220643,0.0139696382449498,-0.0424680511622456,0.0424680511622456,0.99016629157643,0.767637098334377,0.00286515325427324,0.00286527255007536,0.0132100192106827,0.0132100192106827,0.09625452574583,8,8,0.502136171380351,NaN,NaN,0,1.2
224,7,0.466666666666667,60,200,none,0.421163045800885,-0.030063197729883,0.0327915459457311,-0.0266929961167231,0.0276507373225082,1.08942845226461,0.340477503912025,0.00389995760954225,0.00389996771468616,0.0070408086786279,0.0070408086786279,0.09625452574583,8,8,0.534482847829533,NaN,NaN,0,6.3
225,7,0.466666666666667,60,200,none,0.373507593299514,0.0522329806099632,0.0522329806099632,0.098314707008959,0.098314707008959,0.888064048044475,0.401244756933091,0.000652281816508175,0.000652281816508175,0.00137865728059736,0.00137865728059736,0.09625452574583,8,8,0.402441472276293,NaN,NaN,0,NaN
226,7,0.466666666666667,60,200,none,0.583349788947039,0.00162854503955003,0.00730889703737033,0.0110754311261538,0.0110754311261538,0.996879696003012,0.504468987718439,0.00135870485499394,0.00135870485499394,0.00516430862361267,0.00516430862361267,0.09625452574583,8,8,0.557354039238507,NaN,NaN,0,1.2
227,7,0.466666666666667,60,200,none,0.918427650421985,-0.0349295092489677,0.0375682482587862,-0.00864697297112568,0.0132134675986644,1.04081150286044,0.885173679494021,0.00355422734348293,0.00355422734348293,0.00536421791272295,0.00536421791272295,0.09625452574583,8,8,0.534759611628364,NaN,NaN,0,1.8
228,7,0.466666666666667,60,200,none,0.882977028523904,-0.0240513726076379,0.0267495156662001,-0.0415016380370851,0.0506140414745705,1.02717852536947,0.895162261164417,0.00348675259588008,0.00348675294427949,0.00483273156914342,0.00493774321024934,0.09625452574583,8,8,0.547252012483176,NaN,NaN,0,15.6
229,7,0.466666666666667,60,200,none,0.337913240441904,0.031480187828721,0.031486769337752,-0.0446957814913865,0.0466012682210756,0.931806722652524,0.383466083399507,0.00223436399805479,0.00223436558136369,0.00866115221847054,0.00866115221847054,0.09625452574583,8,8,0.438470337479013,NaN,NaN,0,1.2
230,7,0.466666666666667,60,200,none,0.335910998664979,0.0136127735559034,0.0146929159358828,0.00631600635976414,0.00759662544538229,0.96517032902787,0.368682753809905,0.000228767462719634,0.000260493764714005,0.00361078408664728,0.00361078408664728,0.09625452574583,8,8,0.422610077494487,NaN,NaN,0,1.2
201,11,0.733333333333333,3,10,hold,0.255017339343908,3.33187548442332e-05,0.000264010460762357,0.000240341191037343,0.000322662881614576,0.999807157477916,0.171470545704654,-7.42581244217444e-08,1.3613614789354e-07,7.81729230998313e-06,7.9952468195002e-06,0.180477235773431,15,4,0.467662588879982,0.0196800189034286,0.0340385403063372,2200,1.2
202,11,0.733333333333333,3,10,hold,0.265746187490233,6.49839908794525e-06,0.000331789891004358,-4.8420659512276e-05,0.000966234961300289,0.999975316497316,0.25867572035931,7.54002297576051e-07,7.54002297576051e-07,4.14671292072005e-05,4.14671292072005e-05,0.180477235773431,15,4,0.344294020185515,0.0282055178444583,0.0352611143539665,2200,1.2
203,11,0.733333333333333,3,10,hold,0.210691349248003,0.000367633328335715,0.000368777157805733,0.00273817977454498,0.00274191290388971,0.99831961544078,0.214772969023555,3.43417817205705e-07,3.93458386160894e-07,-2.23915195677954e-05,2.37057140857494e-05,0.180477235773431,15,4,0.405731587974192,0.0143682309031465,0.0348392481939839,2200,1.2
204,11,0.733333333333333,3,10,hold,0.359495153802557,-0.00159336775924082,0.00160612211974586,-0.000545330068678879,0.000838470389397103,1.00710481562487,0.223092915872852,2.09468885503106e-06,2.10735813701013e-06,1.71486699530046e-05,1.71486699530046e-05,0.180477235773431,15,4,0.577593927007591,0.0298077031861611,0.0659443088098294,2200,1.2
205,11,0.733333333333333,3,10,hold,0.70015870254017,0.000603825573816219,0.000607739477995661,-0.000266030329050386,0.000640449949283009,0.999093026950321,0.663103206113288,8.692663394122e-07,8.692663394122e-07,3.43799371244832e-05,3.43799371244832e-05,0.180477235773431,15,4,0.464497890543508,0.0189919764196927,0.0315482328561982,2200,1.2
206,11,0.733333333333333,3,10,hold,0.704274218716452,0.000324837481076512,0.00033624728832472,0.000241158530768568,0.000343901556556334,0.99949328196505,0.638081306888701,5.13134577545538e-07,5.1314833652838e-07,2.32855925099634e-05,2.32855925099634e-05,0.180477235773431,15,4,0.43882314492761,0.029370775540563,0.0496777037307741,2200,1.2
207,11,0.733333333333333,3,10,hold,0.38959595460555,-8.30662802771165e-05,9.79332312074643e-05,-1.53762609212144e-05,5.32841160614789e-05,1.00022770350243,0.36308390947754,2.7289467668945e-07,2.8357597605666e-07,8.59025091487636e-06,8.59025091487636e-06,0.180477235773431,15,4,0.434751415632252,0.0188267536220422,0.0428298950719199,2200,1.2
208,11,0.733333333333333,3,10,hold,0.521825513218961,4.44832798017769e-05,0.000233351488165257,0.000635378266995796,0.000998222127021875,0.999919935554027,0.552835099501913,8.12235715691445e-07,8.12235715691445e-07,4.20890552432252e-05,4.20890552432252e-05,0.180477235773431,15,4,0.457251012072578,0.0220527869612202,0.0384228471030945,2200,1.2
209,11,0.733333333333333,3,10,hold,0.757883941146569,0.00197742416099489,0.00197742416099489,-0.00214432162400916,0.00274989789884979,0.997550199772887,0.803685790325825,7.28296669895156e-06,7.28296669895156e-06,0.00015399208985314,0.00015399208985314,0.180477235773431,15,4,0.551096905797766,0.0378496974536078,0.0540964869514559,2200,1.2
210,11,0.733333333333333,3,10,hold,0.698492318522336,-0.000874506565103639,0.00141112404578978,-0.00067837276957089,0.000924326116540839,1.00136616537906,0.634710549748814,3.4665437512349e-06,3.4665437512349e-06,5.08725541340099e-05,5.08725541340099e-05,0.180477235773431,15,4,0.557041447312289,0.0227753214470092,0.0496139523256431,2200,1.2
211,11,0.733333333333333,3,10,hold,0.256447192560495,0.00010773883350455,0.000109307412474341,5.22837938136134e-05,0.000101459450479598,0.999652245398963,0.306151372936052,1.54352586601014e-07,1.54483856051879e-07,2.0422949206067e-06,2.0422949206067e-06,0.180477235773431,15,4,0.311554855520355,0.0213955132989953,0.0221985600283912,2200,1.2
212,11,0.733333333333333,3,10,hold,0.249945913385791,0.000205139109586316,0.000208049536334942,4.02080351410367e-05,0.000141676452600616,0.999358776999121,0.314869112257945,6.31762930469737e-07,6.33676020100893e-07,6.27501407700376e-06,6.27501407700376e-06,0.180477235773431,15,4,0.519067368707415,0.0236376665540159,0.0322434466548249,2200,1.2
213,11,0.733333333333333,3,10,hold,0.674500413219376,-1.48953375437855e-05,1.54135242175113e-05,6.70375385897759e-06,1.30383800153788e-05,1.0000222613451,0.668637347416979,5.18086691991826e-08,5.18086691991826e-08,3.55590525696337e-07,3.55590525696337e-07,0.180477235773431,15,4,0.380075321996217,0.0118817515568636,0.0220375127706296,2200,1.2
214,11,0.733333333333333,3,10,hold,0.467051609443533,0.000410918670503418,0.000684222486525615,0.00162583946391584,0.00180183284035794,0.999145734390696,0.478892580694494,-9.65065431024481e-07,1.04226968737908e-06,-2.76023379918083e-05,2.76023379918083e-05,0.180477235773431,15,4,0.398430028698576,0.0298800961712242,0.0436060915583986,2200,1.2
215,11,0.733333333333333,3,10,hold,0.445369691392905,0.000988707489550089,0.000988707489550089,0.000317512055238294,0.000672632198014175,0.997096824904298,0.335115493333418,1.54429362779762e-06,1.58253231060668e-06,4.11431688770905e-05,4.11431688770905e-05,0.180477235773431,15,4,0.525332021842852,0.0267708993304499,0.0340805856130866,2200,1.2
216,11,0.733333333333333,3,10,hold,0.847435176278389,8.567793023051e-06,2.0176859124077e-05,1.92084005235871e-05,2.02936312886282e-05,0.9999905516056,0.905592313362548,7.94926782732297e-10,3.61208270266422e-08,1.35690679281542e-06,1.35690679281542e-06,0.180477235773431,15,4,0.494401473151831,0.0113538902754042,0.0236884163010438,2200,1.2
217,11,0.733333333333333,3,10,hold,0.358935008707022,0.000205060446477845,0.000438510570290862,4.76226632141141e-06,0.000109415724369393,0.999567848025876,0.470518818677224,2.28489757514438e-07,2.4822632095356e-07,2.8307458138388e-06,2.8307458138388e-06,0.180477235773431,15,4,0.527598329242327,0.0289191854540579,0.0328977701206341,2200,1.2
218,11,0.733333333333333,3,10,hold,0.349844227102502,0.00044606783311158,0.000596548528941337,0.000304185566890476,0.00047087096591663,0.998689051936746,0.335137144433259,1.69093345507854e-06,1.69253154875815e-06,4.11075072295891e-05,4.11075072295891e-05,0.180477235773431,15,4,0.346491777215737,0.0647149910268389,0.0253456017529154,2200,1.2
219,11,0.733333333333333,3,10,hold,0.496912445828087,-0.000299641706384002,0.000376892138188822,-0.000821691532455237,0.000888389768006609,1.00053199785966,0.561117024980072,1.47793276145114e-07,1.70519499892441e-07,-1.43649637314147e-05,1.43649637314147e-05,0.180477235773431,15,4,0.396212924101376,0.0270201215472484,0.0285032661447819,2200,1.2
220,11,0.733333333333333,3,10,hold,0.27818400380262,6.08927901557976e-05,0.000309778114965364,3.84599531463387e-05,0.000270508421399977,0.999777997815621,0.274041573025107,1.16509649590868e-06,1.17837858812364e-06,3.20323553726665e-05,3.20323553726665e-05,0.180477235773431,15,4,0.45867545570587,0.0267078566286797,0.0241153304012336,2200,1.2
221,11,0.733333333333333,3,10,hold,0.681133075162703,9.18132031098584e-05,9.19605456027095e-05,0.000330507849239862,0.000396767865392965,0.999874304276731,0.727926470049191,2.69223472290636e-07,2.69223472290636e-07,2.47931238557547e-05,2.47931238557547e-05,0.180477235773431,15,4,0.515352155928629,0.023537415279756,0.0257032376650734,2200,1.2
222,11,0.733333333333333,3,10,hold,0.857428496491087,0.000157093222008953,0.000227847496196187,1.76837297234567e-05,3.04332077624658e-05,0.99981053832477,0.827867156190908,-2.18371742721768e-07,2.18410680746794e-07,1.08248127413668e-07,4.40033977252841e-07,0.180477235773431,15,4,0.535418340573479,0.0288327329850268,0.050366534781114,2200,1.2
223,11,0.733333333333333,3,10,hold,0.700443572975692,7.90233474400992e-05,8.52785061706829e-05,0.000243483161322745,0.000244831026170319,0.999897398494736,0.768181400927941,1.7080242954437e-07,1.70878772043359e-07,4.89230441565014e-06,4.89230441565014e-06,0.180477235773431,15,4,0.436037773336458,0.0109357193322885,0.0231835047488014,2200,1.2
224,11,0.733333333333333,3,10,hold,0.421163045800885,-0.000700636822020739,0.000739404319364145,-0.000315722359867586,0.000340153765684475,1.00202053674283,0.343961601206604,6.16038006570618e-07,6.16079506773892e-07,-3.75608881383399e-05,3.76015814244734e-05,0.180477235773431,15,4,0.5168809081684,0.0359960552951025,0.066609732512922,2200,1.2
225,11,0.733333333333333,3,10,hold,0.373507593299514,1.30067630789155e-06,1.7447271679305e-05,7.71870148235831e-05,9.19565749182527e-05,0.999997050027299,0.440445349263445,1.10766473060409e-07,1.10766863348211e-07,3.08245670452179e-06,3.08245670452179e-06,0.180477235773431,15,4,0.363988555471131,0.0236967359502474,0.0269984758668825,2200,1.2
226,11,0.733333333333333,3,10,hold,0.583349788947039,-0.000689063887278429,0.000692088248023559,-0.000212004927812177,0.000237130797716101,1.00125781101166,0.541818090434249,5.45261752835091e-07,5.48805198088975e-07,4.83612341387329e-07,1.87028937271877e-06,0.180477235773431,15,4,0.480921156903262,0.0197008835812132,0.0279665710080872,2200,1.2
227,11,0.733333333333333,3,10,hold,0.918427650421985,0.000939783335183542,0.000952565745890421,0.000690583888352028,0.00125522638958832,0.998940692377667,0.885541925690913,2.05084419870327e-06,2.09775175555871e-06,9.57508861078985e-05,9.57508861078985e-05,0.180477235773431,15,4,0.532102721204478,0.0272021152634467,0.051340809685525,2200,1.2
228,11,0.733333333333333,3,10,hold,0.882977028523904,0.000228438053498681,0.000228438053498681,0.000635645642537902,0.00112211051682404,0.999745702285724,0.897550775772559,-4.0889735600097e-07,4.29472654796259e-07,3.35071437558869e-05,3.35691183960578e-05,0.180477235773431,15,4,0.564900266142302,0.0173795365792651,0.0371818442718856,2200,1.2
229,11,0.733333333333333,3,10,hold,0.337913240441904,1.95348563630349e-05,2.53498609259828e-05,3.19631438080731e-05,9.15685710448538e-05,0.9999493829068,0.382768598510434,5.71712788999257e-08,5.71712788999257e-08,6.66481586708567e-06,6.66481586708567e-06,0.180477235773431,15,4,0.383500620399268,0.012558023019017,0.0250907577721904,2200,1.2
230,11,0.733333333333333,3,10,hold,0.335910998664979,6.34748232176685e-06,1.19315378763862e-05,-8.62411231541793e-06,9.91393330260382e-06,0.99998309056577,0.374080246324693,1.06558895651698e-07,1.07059808251986e-07,1.89282636885946e-06,1.89282636885946e-06,0.180477235773431,15,4,0.382127861682126,0.0127976171939601,0.0250631189650253,2200,1.2
201,11,0.733333333333333,3,10,kalman,0.255017339343908,-1.61364850057605e-05,1.69054064754343e-05,0.000941741329766367,0.000982171290773459,1.00009339486066,0.172131687151444,-1.34479877622606e-08,1.3714996688341e-08,-2.42015724978437e-05,2.42015724978437e-05,0.180477235773431,15,4,0.465971787445407,0.0156119521644727,0.026504055171487,2200,1.2
202,11,0.733333333333333,3,10,kalman,0.265746187490233,-0.000130768126142644,0.00013355449766761,-0.00202514556673223,0.00213716687849542,1.00049670932008,0.258862366771544,2.94159479441447e-08,7.03581224503758e-08,6.49851468107093e-05,6.49851468107093e-05,0.180477235773431,15,4,0.338819276285518,0.0333707964420169,0.0261066236752143,2200,1.2
203,11,0.733333333333333,3,10,kalman,0.210691349248003,0.000466224145478486,0.000466224145478486,0.00251883661628226,0.00253000080677995,0.997868974886623,0.214945706788803,-3.15621223121454e-06,3.15621223121454e-06,-4.51334831600717e-05,4.51334831600717e-05,0.180477235773431,15,4,0.403817045398374,0.0139109384479224,0.0240422706424832,2200,1.2
204,11,0.733333333333333,3,10,kalman,0.359495153802557,-0.000301245328660632,0.00033081793114037,2.93226297219909e-05,3.49440530932729e-05,1.00134325080044,0.219639453859909,-1.14180915550266e-07,1.14180915550266e-07,8.80470133587524e-07,8.86515721681552e-07,0.180477235773431,15,4,0.577867543068682,0.0121203341019285,0.0250254286160931,2200,1.2
205,11,0.733333333333333,3,10,kalman,0.70015870254017,-0.000513632945072917,0.000513635768036025,-0.00372912179780107,0.00372912179780107,1.0007714996827,0.665366799750322,3.06677877624506e-06,3.06677877624506e-06,0.000178925529521637,0.000178925529521637,0.180477235773431,15,4,0.468697516683169,0.0307721672976278,0.0248205933363017,2200,1.2
206,11,0.733333333333333,3,10,kalman,0.704274218716452,5.15335111041071e-05,6.17990832384563e-05,-2.03496594495156e-05,5.37797450789757e-05,0.999919612233803,0.639112096528289,1.21730618873883e-07,1.21743945269426e-07,1.609306851586e-06,1.609306851586e-06,0.180477235773431,15,4,0.439036398962992,0.0155685213291692,0.0252016344792009,2200,1.2
207,11,0.733333333333333,3,10,kalman,0.38959595460555,3.75966776657022e-05,5.8038689514478e-05,3.68759543145253e-05,5.66409638622939e-05,0.999896938984682,0.362695793648991,-4.55770265633815e-07,4.56898888950841e-07,-4.98362518123519e-06,4.98362518123519e-06,0.180477235773431,15,4,0.434729649529731,0.011827688523958,0.0247467335360101,2200,1.2
208,11,0.733333333333333,3,10,kalman,0.521825513218961,-0.000162833003740526,0.000181363285279923,9.93672431468828e-05,0.000337302450398916,1.00029307942869,0.552859636197613,3.74435688457742e-07,3.74435688457742e-07,1.06734246271625e-05,1.06734246271625e-05,0.180477235773431,15,4,0.447113337685733,0.0413829081609624,0.0274200954130344,2200,1.2
209,11,0.733333333333333,3,10,kalman,0.757883941146569,0.00206100183950331,0.00206100183950331,-0.00198554027798457,0.00272809373098236,0.99744665667888,0.803685845553545,6.67719325689042e-06,6.67719325689042e-06,0.000115017858788834,0.000115017858788834,0.180477235773431,15,4,0.551176085739864,0.0261674801651212,0.0263497481102135,2200,1.2
210,11,0.733333333333333,3,10,kalman,0.698492318522336,-0.000446363935997152,0.000688208164024928,0.000547272142450563,0.000624592309854355,1.00069731546927,0.635062543137535,1.46037708463054e-06,1.46037708463054e-06,1.7770234265034e-06,2.98723261302605e-06,0.180477235773431,15,4,0.557985110048696,0.012634354755548,0.0265900314051758,2200,1.2
211,11,0.733333333333333,3,10,kalman,0.256447192560495,0.000799238384291878,0.000799281993504186,0.00256235963070315,0.00256235963070315,0.997420253993641,0.30615100967483,6.64432207331256e-07,6.64489481538855e-07,4.09193893852949e-05,4.09193893852949e-05,0.180477235773431,15,4,0.30676660335537,0.034918531304359,0.0249573063930404,2200,1.2
212,11,0.733333333333333,3,10,kalman,0.249945913385791,9.79871871076843e-06,0.000101317476622126,7.36289048320904e-05,0.000105722348092243,0.999969371204598,0.314867923856407,-1.20684848284314e-07,1.69682222009304e-07,-1.39275992565052e-06,1.39275992565052e-06,0.180477235773431,15,4,0.518473474737437,0.0188043984878715,0.0222169241770178,2200,1.2
213,11,0.733333333333333,3,10,kalman,0.674500413219376,-5.70200627783568e-05,5.78612655895427e-05,-1.66585340913206e-05,2.00100786816604e-05,1.00008521749114,0.668637346727529,1.8580561211845e-08,1.8580561211845e-08,-3.16412787250142e-07,3.26496330129711e-07,0.180477235773431,15,4,0.379810690120469,0.0178665435233728,0.0246480918944121,2200,1.2
214,11,0.733333333333333,3,10,kalman,0.467051609443533,0.000336162856262573,0.000460154995496281,0.000182207784132788,0.000207789356275324,0.999301145487309,0.478783862683169,-1.30882977349978e-06,1.37846601351854e-06,-5.35517098893712e-06,5.35517098893712e-06,0.180477235773431,15,4,0.401195032999341,0.0404774680307953,0.028641279072156,2200,1.2
215,11,0.733333333333333,3,10,kalman,0.445369691392905,-0.000463333894397155,0.000685093875071363,-0.0006693053178257,0.00155552572662238,1.00136050291661,0.338383525943565,1.26333268114509e-06,1.26718086158606e-06,4.10406099509833e-05,4.10406099509833e-05,0.180477235773431,15,4,0.524022896663607,0.0220142650842642,0.0266286167563117,2200,1.2
216,11,0.733333333333333,3,10,kalman,0.847435176278389,-2.3438400196496e-05,2.59914424226793e-05,1.52900399997269e-06,1.15853972436353e-05,1.00002584740884,0.905596850592014,-2.69738719910206e-07,2.69738719910206e-07,-1.0341152490817e-06,1.0341152490817e-06,0.180477235773431,15,4,0.495436935236485,0.018660047677027,0.0238853572599786,2200,1.2
217,11,0.733333333333333,3,10,kalman,0.358935008707022,-0.000185273214825787,0.000185590240728306,3.98726922487508e-05,0.000183536116790914,1.00039045162982,0.470517272301333,-1.42603232827776e-07,1.42603232827776e-07,1.9930105659538e-07,7.76160277917159e-07,0.180477235773431,15,4,0.52713025687622,0.0252902368080047,0.0241719172990627,2200,1.2
218,11,0.733333333333333,3,10,kalman,0.349844227102502,0.000456641739895736,0.000530742040590437,0.000384093742831754,0.000449854507952529,0.99865797629849,0.334922423215319,1.01688684302492e-06,1.01960687428071e-06,3.54972627481476e-05,3.54972627481476e-05,0.180477235773431,15,4,0.342732592321496,0.0865818533926229,0.0301767854574363,2200,1.2
219,11,0.733333333333333,3,10,kalman,0.496912445828087,-0.000641269032766867,0.000676710791650525,-0.00080515437488001,0.000870406043932463,1.00113853894711,0.561117024532083,-3.88637064246966e-07,4.69399708385998e-07,-2.36560912992806e-05,2.36560912992806e-05,0.180477235773431,15,4,0.39952140833648,0.0313398925626057,0.0265194243101057,2200,1.2
220,11,0.733333333333333,3,10,kalman,0.27818400380262,0.000197918509023759,0.000204736522615651,0.000180804862131474,0.000212063413082967,0.999278431137416,0.27330031851697,4.67799038983419e-07,6.14187394831767e-07,2.10621770759889e-05,2.10621770759889e-05,0.180477235773431,15,4,0.458509417519555,0.0256994657018019,0.0246799793551347,2200,1.2
221,11,0.733333333333333,3,10,kalman,0.681133075162703,3.37945303209852e-05,3.38678227762679e-05,3.19068225544761e-05,0.000109338447240351,0.999953734018776,0.728001212408129,9.95285723309758e-08,9.95285723309758e-08,7.31181413667514e-06,7.31181413667514e-06,0.180477235773431,15,4,0.515673116616001,0.021306921933179,0.0241989519159587,2200,1.2
222,11,0.733333333333333,3,10,kalman,0.857428496491087,-0.000184013111637871,0.000197134826146894,-1.51636545731604e-05,0.000118731362609668,1.00022192830441,0.828078006858003,-7.12082857490248e-07,7.12116892609416e-07,-8.41855221354854e-06,8.41855221354854e-06,0.180477235773431,15,4,0.538448975513858,0.020946443607492,0.0304611331927975,2200,1.2
223,11,0.733333333333333,3,10,kalman,0.700443572975692,7.67507948780111e-06,1.0489540731129e-05,-1.27978196791045e-05,2.20654838123036e-05,0.99999003491077,0.768183542766562,1.14823332442171e-07,1.15646550491455e-07,6.64786810026241e-07,6.64786810026241e-07,0.180477235773431,15,4,0.435628980279188,0.0113666408385689,0.0248105491778295,2200,1.2
224,11,0.733333333333333,3,10,kalman,0.421163045800885,-0.000356743589452602,0.000357162730646543,-9.92673332526733e-05,0.000110394514614067,1.00102879767035,0.343948720737984,5.32718185933256e-07,5.32729304705826e-07,2.05359730806515e-06,2.05359730806515e-06,0.180477235773431,15,4,0.512371019341924,0.0254107243616021,0.0258270533476512,2200,1.2
225,11,0.733333333333333,3,10,kalman,0.373507593299514,-5.58645954503723e-06,1.43912823871273e-05,3.55467090460532e-05,4.71526355737811e-05,1.00001267025705,0.440437449252694,3.72142997917546e-08,3.72147867355732e-08,9.42143049834643e-07,9.42143049834643e-07,0.180477235773431,15,4,0.363819977591975,0.0225240173216679,0.0253124573552959,2200,1.2
226,11,0.733333333333333,3,10,kalman,0.583349788947039,0.000511293563854942,0.00064598738204914,0.000247999266071992,0.000351148903734346,0.999066689335081,0.537876765040582,-4.89490993654806e-07,6.18245353589675e-07,1.52384715866383e-05,1.52436281225771e-05,0.180477235773431,15,4,0.481208832672264,0.016310291959412,0.0239755839753837,2200,1.2
227,11,0.733333333333333,3,10,kalman,0.918427650421985,0.000701434278623958,0.000701711049866505,0.000722691879323113,0.00125012503391384,0.999209355337455,0.88549428320778,2.23121809811433e-06,2.23121809811433e-06,7.13672033601914e-05,7.13672033601914e-05,0.180477235773431,15,4,0.536493893887671,0.0346793932361171,0.0309562882519816,2200,1.2
228,11,0.733333333333333,3,10,kalman,0.882977028523904,6.74850719208142e-05,6.74850719208142e-05,-6.81365063819883e-05,0.000135452743383826,0.999924875478168,0.897662877373535,-3.77587628129505e-07,3.97197833519602e-07,1.6443877473063e-05,1.68107564661077e-05,0.180477235773431,15,4,0.564876402174424,0.0173843381337443,0.0284907206301297,2200,1.2
229,11,0.733333333333333,3,10,kalman,0.337913240441904,1.56385128334879e-05,1.95771399924383e-05,8.09409793067412e-05,0.000134548140845552,0.999959478787717,0.382820574143784,4.77815070898391e-08,4.77815070898391e-08,-5.37504737508354e-07,1.30676334696822e-06,0.180477235773431,15,4,0.383821007911942,0.011419411968858,0.0238999281858523,2200,1.2
230,11,0.733333333333333,3,10,kalman,0.335910998664979,-0.000249727074064504,0.0002503988763847,-0.000839617559669588,0.000839617559669588,1.00066526274833,0.375223372782326,7.59756432211489e-09,1.94261623120973e-08,-2.07134288547239e-06,2.17688080360823e-06,0.180477235773431,15,4,0.381690113606939,0.010877347424606,0.0230019593516602,2200,1.2
201,11,0.733333333333333,3,10,kalman-gm,0.255017339343908,-3.40325611956904e-06,3.5552436152303e-06,6.98374194695617e-05,0.000153762058853504,1.00001969738955,0.172130629929312,-2.53313197084992e-09,2.53313197084992e-09,3.50841022664916e-07,8.96256580745769e-07,0.180477235773431,15,4,0.466871187804703,0.00903985005304345,0.0165177310363918,2200,1.2
202,11,0.733333333333333,3,10,kalman-gm,0.265746187490233,-6.23703500232553e-05,0.000255485792601895,-0.0018547445496319,0.00195087238586627,1.00023690738001,0.258850414124259,5.44909732308474e-07,5.44909732308474e-07,6.08998524361154e-05,6.08998524361154e-05,0.180477235773431,15,4,0.3395783085122,0.0312147091742877,0.0194324341197989,2200,1.2
203,11,0.733333333333333,3,10,kalman-gm,0.210691349248003,0.000287952967506958,0.000292660343111154,0.00256811780912301,0.00258534493427954,0.998683819765279,0.214993464367506,-1.48567037728808e-06,1.51492147597576e-06,-4.46283707529946e-05,4.46283707529946e-05,0.180477235773431,15,4,0.403445574874741,0.0133760580364763,0.0156359588850941,2200,1.2
204,11,0.733333333333333,3,10,kalman-gm,0.359495153802557,-0.00127189187069313,0.00127950864097388,-9.42736588901927e-06,0.000281194295459169,1.00567135690028,0.222823872443817,9.05823055907806e-07,9.06022108909665e-07,5.93987417545114e-06,5.93987417545114e-06,0.180477235773431,15,4,0.578500139381321,0.0144573245922345,0.0232334734319444,2200,1.2
205,11,0.733333333333333,3,10,kalman-gm,0.70015870254017,8.81913967130221e-05,8.82044610302946e-05,0.00155435181969691,0.00155946051602915,0.999867532573146,0.664304301688588,-1.46784174806236e-06,1.46792168929377e-06,-7.31567849216266e-05,7.31567849216266e-05,0.180477235773431,15,4,0.464737362913889,0.0243195980149084,0.0168780023214197,2200,1.2
206,11,0.733333333333333,3,10,kalman-gm,0.704274218716452,0.000335445087284714,0.000344309585917069,0.000165695543331832,0.000266492369671536,0.999476735027931,0.638081205163484,4.45251149333581e-07,4.45264149168123e-07,1.78099089715072e-05,1.78099089715072e-05,0.180477235773431,15,4,0.439216899414653,0.0199946386687442,0.0268803868718228,2200,1.2
207,11,0.733333333333333,3,10,kalman-gm,0.38959595460555,-1.74428536048155e-05,3.13076902652643e-05,-7.28035189771492e-06,2.32923158260767e-05,1.00004781481541,0.362691741558505,7.05001715090026e-08,9.11385986318569e-08,-3.49302539306429e-07,3.74781183223316e-07,0.180477235773431,15,4,0.433940275442956,0.0132154534626405,0.0183301265669457,2200,1.2
208,11,0.733333333333333,3,10,kalman-gm,0.521825513218961,5.50544132220665e-06,0.000138279913713713,0.000494875223008562,0.000553919652315591,0.999990090881085,0.552843432648937,7.90050880911108e-07,7.90050880911108e-07,2.29668405841105e-05,2.29668405841105e-05,0.180477235773431,15,4,0.450691503613359,0.0282298383180069,0.0181764799823898,2200,1.2
209,11,0.733333333333333,3,10,kalman-gm,0.757883941146569,0.00203617114795677,0.00203617114795677,-0.0023038499100575,0.00309024672994547,0.997477419038818,0.803685839945122,6.6235884592758e-06,6.6235884592758e-06,0.000138807629699512,0.000138807629699512,0.180477235773431,15,4,0.551644308066252,0.0269920586334314,0.0215001095536832,2200,1.2
210,11,0.733333333333333,3,10,kalman-gm,0.698492318522336,-0.000408064563984845,0.000732601984055037,-0.000266445776965931,0.000498749459061722,1.00063748369879,0.635040292813029,2.11310990858443e-06,2.11310990858443e-06,2.59354010622229e-05,2.59354010622229e-05,0.180477235773431,15,4,0.557663253021287,0.0102871021157207,0.0203089292154814,2200,1.2
211,11,0.733333333333333,3,10,kalman-gm,0.256447192560495,5.77582322550341e-05,6.6197469208229e-05,1.06705606128887e-05,6.1837222133545e-05,0.999813570554264,0.30614998252026,6.03781730501574e-08,6.03781730501574e-08,8.77464808734518e-07,8.77464808734518e-07,0.180477235773431,15,4,0.310165432895364,0.0257214752069105,0.0140716253818844,2200,1.2
212,11,0.733333333333333,3,10,kalman-gm,0.249945913385791,0.000409086839728512,0.00041079184977052,0.00010903628371589,0.000186534420948181,0.998721278007301,0.314867251652989,9.24979395702796e-07,9.2511059013034e-07,1.46414319834895e-05,1.46414319834895e-05,0.180477235773431,15,4,0.514445320428036,0.0223354060280196,0.0155329147525416,2200,1.2
213,11,0.733333333333333,3,10,kalman-gm,0.674500413219376,-3.26083458662252e-05,3.77432232790298e-05,3.45381504645803e-06,6.98065951707183e-06,1.00004873374896,0.668637346776364,2.11499747604371e-08,2.11499747604371e-08,1.54302383119642e-07,1.54302383119642e-07,0.180477235773431,15,4,0.381018017556875,0.0149451346350941,0.013260723908032,2200,1.2
214,11,0.733333333333333,3,10,kalman-gm,0.467051609443533,-0.00111091026186612,0.00111091026186612,-0.000257751555436105,0.000590940272909614,1.00230948968703,0.480303538774314,4.66188988562655e-07,4.72485548203005e-07,4.11172967742179e-06,4.15840090188135e-06,0.180477235773431,15,4,0.397804425609114,0.0413138940105266,0.0240237223004556,2200,1.2
215,11,0.733333333333333,3,10,kalman-gm,0.445369691392905,0.000302551307939036,0.000307185154036027,-0.000138647405627159,0.000212700868029272,0.999111608406263,0.335892539476709,9.19013251937661e-07,9.28865505883669e-07,1.68073017812273e-05,1.68073017812273e-05,0.180477235773431,15,4,0.524727129438844,0.0177458720858749,0.0173256203562486,2200,1.2
216,11,0.733333333333333,3,10,kalman-gm,0.847435176278389,-1.61697448603393e-05,2.01805691029344e-05,1.10591473517962e-05,1.33897379667303e-05,1.00001783167805,0.905592151809639,-2.33872398691659e-07,2.33872398691659e-07,-2.11271833705506e-07,2.31917381148805e-07,0.180477235773431,15,4,0.496237438157133,0.00895628006083953,0.0137631661078988,2200,1.2
217,11,0.733333333333333,3,10,kalman-gm,0.358935008707022,1.32642042162401e-05,8.77467717752378e-05,-2.15660418607877e-05,4.69986341830719e-05,0.999972046525131,0.470512402888413,4.27060308783034e-09,2.37876398301307e-08,-1.31846630211929e-07,1.44758261214073e-07,0.180477235773431,15,4,0.527439419364013,0.0207836370933313,0.0142682786459294,2200,1.2
218,11,0.733333333333333,3,10,kalman-gm,0.349844227102502,0.000188991164036573,0.000432517625536816,0.000215117878256842,0.000455653471520453,0.99944457416098,0.336129247263674,1.15959958881806e-06,1.16167608987805e-06,4.34953936979388e-05,4.34953936979388e-05,0.180477235773431,15,4,0.339010324869479,0.0948154746433326,0.023404930634746,2200,1.2
219,11,0.733333333333333,3,10,kalman-gm,0.496912445828087,-0.00052609759895279,0.000530935642478969,-0.000825561314855179,0.000892652351129677,1.00093405821236,0.561117026626383,-3.46369453779749e-07,3.60701740359515e-07,-2.12341958088347e-05,2.12341958088347e-05,0.180477235773431,15,4,0.397262574497232,0.0258920808842588,0.0158412637832277,2200,1.2
220,11,0.733333333333333,3,10,kalman-gm,0.27818400380262,0.000107813541950424,0.000249579831850771,1.6899121565081e-05,0.000212589931305242,0.999606934716616,0.273799997254191,9.52840496365459e-07,9.56948902869348e-07,3.07556895880878e-05,3.07556895880878e-05,0.180477235773431,15,4,0.458694959235042,0.0207249721373006,0.0125086632922446,2200,1.2
221,11,0.733333333333333,3,10,kalman-gm,0.681133075162703,4.56661339506947e-05,4.56812691914443e-05,0.000172452961847117,0.000222447221793066,0.999937481347547,0.727967163985764,1.29160137965489e-07,1.29160137965489e-07,1.43231255240606e-05,1.43231255240606e-05,0.180477235773431,15,4,0.515619839788853,0.0166559134688659,0.0129873342689786,2200,1.2
222,11,0.733333333333333,3,10,kalman-gm,0.857428496491087,-0.000195158984547061,0.000209804026878058,-1.12097247847265e-05,0.000115882031083778,1.0002353707415,0.827893869090922,-8.20846565663391e-07,8.20876402940485e-07,-8.12470373088403e-06,8.12470373088403e-06,0.180477235773431,15,4,0.538177589325207,0.0214153447101649,0.0266804921801627,2200,1.2
223,11,0.733333333333333,3,10,kalman-gm,0.700443572975692,9.41706268798859e-06,1.12779329428103e-05,-9.39093267622759e-06,1.54255290670124e-05,0.999987773172888,0.768183710026748,1.41745123594106e-07,1.41895602101538e-07,6.82658794452506e-07,6.82658794452506e-07,0.180477235773431,15,4,0.436066814505106,0.00613478031974422,0.0125129917330864,2200,1.2
224,11,0.733333333333333,3,10,kalman-gm,0.421163045800885,-0.000547719226875237,0.000551676891648706,-0.000107907517378025,0.000148123007918776,1.00157954419162,0.343956158998582,7.88922593591979e-07,7.90461129568376e-07,1.13364029028792e-05,1.13364029028792e-05,0.180477235773431,15,4,0.515594447588927,0.0221984106227217,0.0317591978766991,2200,1.2
225,11,0.733333333333333,3,10,kalman-gm,0.373507593299514,-9.8770335224041e-06,1.72313312083172e-05,4.84963363723634e-05,6.04383104255557e-05,1.00002240140693,0.440433982995156,-3.30217918398379e-08,7.75758479620858e-08,1.94437545907977e-06,1.94437545907977e-06,0.180477235773431,15,4,0.363820518628373,0.017996759077065,0.0138124937932194,2200,1.2
226,11,0.733333333333333,3,10,kalman-gm,0.583349788947039,5.30010247457025e-05,0.000271828804715901,0.000547384689155988,0.000557794699915015,0.999903252406947,0.538249320785415,3.69001702413274e-07,3.90451829543337e-07,2.32495985549069e-05,2.32495985549069e-05,0.180477235773431,15,4,0.480885838517188,0.0134761277822786,0.0145076131924426,2200,1.2
227,11,0.733333333333333,3,10,kalman-gm,0.918427650421985,0.000683981923329247,0.000702886968491556,0.000712629807810293,0.00114831870093979,0.99922902733237,0.884862969225516,1.65514367676534e-06,1.65514367676534e-06,4.78703485642165e-05,4.78703485642165e-05,0.180477235773431,15,4,0.530402659214075,0.0281985504618454,0.0303475083359697,2200,1.2
228,11,0.733333333333333,3,10,kalman-gm,0.882977028523904,6.41003556146602e-06,3.9712370031364e-05,3.90669411732825e-05,6.27122768653576e-05,0.999992864335137,0.897711051820119,-3.81072615704414e-07,3.81072615704414e-07,-3.37491436540938e-06,3.37491436540938e-06,0.180477235773431,15,4,0.565216520408127,0.0144025414712448,0.0180660932242063,2200,1.2
229,11,0.733333333333333,3,10,kalman-gm,0.337913240441904,9.35063255113055e-06,1.25263942251541e-05,3.2809378806864e-06,7.44055299280078e-05,0.999975771419533,0.382881122071103,2.98591646241686e-08,2.98591646241686e-08,8.65613206353366e-07,9.18201793074225e-07,0.180477235773431,15,4,0.382898845847188,0.00848725685933504,0.0139665154962909,2200,1.2
230,11,0.733333333333333,3,10,kalman-gm,0.335910998664979,-2.09520810129371e-07,2.0376707339842e-06,-2.95827407759741e-06,3.23414005168388e-06,1.0000005581549,0.374121720482503,8.82635852184066e-09,1.57753040630482e-08,3.85858769834657e-07,3.85858769834657e-07,0.180477235773431,15,4,0.380905377658708,0.0106156325307627,0.013349517261195,2200,1.2
201,11,0.733333333333333,3,10,mean,0.255017339343908,-7.36632409024107e-06,8.08351545201758e-06,0.000644547706293019,0.000670757089406711,1.00004263486204,0.172131700884148,-5.2786986337594e-09,5.51199857978801e-09,-1.62669602287188e-05,1.62669602287188e-05,0.180477235773431,15,4,0.466097196321721,0.0156119586029677,0.0265040551714923,2200,1.2
202,11,0.733333333333333,3,10,mean,0.265746187490233,-0.000135375127463716,0.000137162647552608,-0.00204030080886346,0.00216654724522831,1.00051420854226,0.258867349515969,3.53364096372655e-08,7.49854321802079e-08,6.63936815007432e-05,6.63936815007432e-05,0.180477235773431,15,4,0.338911577362639,0.0333707895551423,0.0261067534496724,2200,1.2
203,11,0.733333333333333,3,10,mean,0.210691349248003,0.000458817315120638,0.000458817315120638,0.00252265581617516,0.00253456957814538,0.997902830150569,0.214944857959397,-3.16780622289237e-06,3.16780622289237e-06,-4.55125728225855e-05,4.55125728225855e-05,0.180477235773431,15,4,0.403930917107715,0.0139109593685565,0.024042201112727,2200,1.2
204,11,0.733333333333333,3,10,mean,0.359495153802557,-0.000305771061334684,0.000335210556156593,2.8963107758683e-05,3.41923706232358e-05,1.00136343101058,0.219640112507604,-1.04827466387847e-07,1.04827466387847e-07,1.03684823808917e-06,1.04222585094751e-06,0.180477235773431,15,4,0.578033514139952,0.0121203280037501,0.0250254286177607,2200,1.2
205,11,0.733333333333333,3,10,mean,0.70015870254017,-0.000454708903833767,0.000454714546689194,-0.00372535390623384,0.00372535390623384,1.00068299313429,0.665366633920992,3.19699414899899e-06,3.19699414899899e-06,0.000179485613859139,0.000179485613859139,0.180477235773431,15,4,0.468834743147475,0.0307721878867287,0.024820540156024,2200,1.2
206,11,0.733333333333333,3,10,mean,0.704274218716452,5.5648555897081e-05,6.47774378520705e-05,-1.65678040546924e-05,5.06295171306315e-05,0.999913193124148,0.639093725940922,1.22538696573082e-07,1.22552104547813e-07,1.55260984446126e-06,1.55260984446126e-06,0.180477235773431,15,4,0.439156759958213,0.0155685265643703,0.025201634479141,2200,1.2
207,11,0.733333333333333,3,10,mean,0.38959595460555,4.99432185123549e-05,6.51393329548611e-05,5.32794132884434e-05,7.8785065407862e-05,0.999863094317697,0.362683899501748,-5.16812717996085e-07,5.17992003576384e-07,-6.46965660212329e-06,6.46965660212329e-06,0.180477235773431,15,4,0.43485908621071,0.0118278082377501,0.0247467335388889,2200,1.2
208,11,0.733333333333333,3,10,mean,0.521825513218961,-0.000170880236340221,0.000189170879652067,5.92576171693204e-05,0.000324748616967939,1.00030756346005,0.552859680883672,4.43567431882008e-07,4.43567431882008e-07,1.16212792332074e-05,1.16212792332074e-05,0.180477235773431,15,4,0.447247181642618,0.0413828172589108,0.0274202258238969,2200,1.2
209,11,0.733333333333333,3,10,mean,0.757883941146569,0.00205431346857371,0.00205431346857371,-0.00198732337137363,0.00272417557811861,0.99745494279824,0.803685847740157,6.68703869488307e-06,6.68703869488307e-06,0.00011332374924033,0.00011332374924033,0.180477235773431,15,4,0.551327820332684,0.0261673701827103,0.0263498210379387,2200,1.2
210,11,0.733333333333333,3,10,mean,0.698492318522336,-0.000450801873293027,0.000691812991838581,0.000501864449980477,0.000630660109614348,1.00070424847186,0.635067074531299,1.45212995941446e-06,1.45212995941446e-06,7.60252592339819e-06,7.60252592339819e-06,0.180477235773431,15,4,0.558140039106659,0.0126344230498993,0.0265896961564267,2200,1.2
211,11,0.733333333333333,3,10,mean,0.256447192560495,0.000803505423158024,0.000803550346981174,0.00256462096917895,0.00256462096917895,0.997406481035922,0.306151016247885,6.67696294087694e-07,6.67754477390314e-07,4.09344005320583e-05,4.09344005320583e-05,0.180477235773431,15,4,0.306857234398175,0.0349185322971618,0.0249573063930404,2200,1.2
212,11,0.733333333333333,3,10,mean,0.249945913385791,1.27635317306529e-05,0.000100484580713378,7.61232038130544e-05,0.000105591437474086,0.999960103804025,0.314868010952861,-1.03806935808359e-07,1.56499147035971e-07,-1.19889367371034e-06,1.19889367371034e-06,0.180477235773431,15,4,0.51861236945368,0.0188043747804483,0.0222169233125209,2200,1.2
213,11,0.733333333333333,3,10,mean,0.674500413219376,-5.72814149795042e-05,5.8107417809572e-05,-1.49812451476194e-05,1.82332681094943e-05,1.00008560808662,0.668637346694385,1.83918701324171e-08,1.83918701324171e-08,-2.61348422444518e-07,2.71467623012001e-07,0.180477235773431,15,4,0.379909290211148,0.0178665423756287,0.0246480918944121,2200,1.2
214,11,0.733333333333333,3,10,mean,0.467051609443533,0.000333556492102627,0.000456000692257941,0.000180023267771775,0.000202273393723996,0.999306563900798,0.478784039865728,-1.34496923667737e-06,1.41435915820831e-06,-6.09652413568529e-06,6.09652413568529e-06,0.180477235773431,15,4,0.401313903310986,0.0404773964059819,0.02864108927748,2200,1.2
215,11,0.733333333333333,3,10,mean,0.445369691392905,-0.000386907370555534,0.000675028565997693,-0.000635739233795742,0.00154422851599699,1.00113608914104,0.338361264590242,1.41464642579581e-06,1.41869280053108e-06,4.20152050815936e-05,4.20152050815936e-05,0.180477235773431,15,4,0.5241656999987,0.0220145731160853,0.0266286227029617,2200,1.2
216,11,0.733333333333333,3,10,mean,0.847435176278389,-2.3869987162406e-05,2.65893305903098e-05,4.64360079143411e-06,1.5109449250692e-05,1.0000263233545,0.905597032009408,-2.77571809548238e-07,2.77571809548238e-07,-9.71500893892085e-07,9.71500893892085e-07,0.180477235773431,15,4,0.495579060232104,0.0186600692364558,0.0238853572185542,2200,1.2
217,11,0.733333333333333,3,10,mean,0.358935008707022,-0.000204952781557866,0.000205116088780322,5.57530755036922e-05,0.000205176908573609,1.00043192507709,0.470517195633872,-1.54669136265273e-07,1.54669136265273e-07,4.19361049446287e-07,8.95880623852374e-07,0.180477235773431,15,4,0.527282053318362,0.0252902527569871,0.0241719172261332,2200,1.2
218,11,0.733333333333333,3,10,mean,0.349844227102502,0.000440754643826297,0.000514349502606831,0.000380148965285863,0.000443896204459335,0.9987046668605,0.334920566877086,1.03534213636292e-06,1.03795101670801e-06,3.57494804440001e-05,3.57494804440001e-05,0.180477235773431,15,4,0.342828083000063,0.0865818668255622,0.0301765128204416,2200,1.2
219,11,0.733333333333333,3,10,mean,0.496912445828087,-0.000634977582270735,0.00066727849076067,-0.000791699882826024,0.000858072638712021,1.00112736881249,0.561117024511977,-4.07543508584851e-07,4.81173957900261e-07,-2.34803690188379e-05,2.34803690188379e-05,0.180477235773431,15,4,0.399637702050497,0.0313399199379521,0.0265194243101212,2200,1.2
220,11,0.733333333333333,3,10,mean,0.27818400380262,0.000199356371359277,0.000206343559903338,0.000186976288162528,0.000210585265861244,0.999273188996622,0.273301203261927,4.66619798661361e-07,6.13087553075209e-07,2.1136339631396e-05,2.1136339631396e-05,0.180477235773431,15,4,0.458636845498624,0.0256994661039772,0.0246799793551347,2200,1.2
221,11,0.733333333333333,3,10,mean,0.681133075162703,3.3438542141484e-05,3.35065288013192e-05,6.00594688425038e-05,0.000130572054337366,0.999954221379963,0.728001854118742,9.81892352369673e-08,9.81892352369673e-08,8.43407685980485e-06,8.43407685980485e-06,0.180477235773431,15,4,0.515821040800197,0.0213069144351002,0.0241989519159587,2200,1.2
222,11,0.733333333333333,3,10,mean,0.857428496491087,-0.000183832493131086,0.000196249286955996,-1.55424378795543e-05,0.00011875563381168,1.00022171047016,0.828068878318361,-7.11519181950671e-07,7.11553014581812e-07,-8.39492504410899e-06,8.39492504410899e-06,0.180477235773431,15,4,0.538590016650592,0.0209465175900852,0.0304611331853706,2200,1.2
223,11,0.733333333333333,3,10,mean,0.700443572975692,7.35271007969995e-06,9.89287712445108e-06,-1.35538815566993e-05,2.23689497881308e-05,0.999990453465382,0.768183543233055,1.06740527167082e-07,1.07648122632531e-07,6.24496183684875e-07,6.24496183684875e-07,0.180477235773431,15,4,0.435742710668384,0.0113666451244663,0.0248105491778295,2200,1.2
224,11,0.733333333333333,3,10,mean,0.421163045800885,-0.000342993983883139,0.000343438984628969,-0.000102897399682076,0.000115634007244054,1.00098914576743,0.343948362423585,5.48914542794487e-07,5.48925374474485e-07,3.75037646952125e-06,3.75037646952125e-06,0.180477235773431,15,4,0.512505235836252,0.0254100937712784,0.0258270533473466,2200,1.2
225,11,0.733333333333333,3,10,mean,0.373507593299514,-5.62183631693802e-06,1.4137113589352e-05,4.99390818999879e-05,6.24731110594556e-05,1.00001275049262,0.440437564464165,3.49014079081833e-08,3.49018830059222e-08,1.19890098803754e-06,1.19890098803754e-06,0.180477235773431,15,4,0.363915505827347,0.0225240136725374,0.0253126327099102,2200,1.2
226,11,0.733333333333333,3,10,mean,0.583349788947039,0.000471794624004906,0.00059018609216539,0.000247372238664376,0.000347664727928789,0.999138790344015,0.537954528847489,-4.17143943701181e-07,5.30466572570831e-07,1.52087000761572e-05,1.52089472991521e-05,0.180477235773431,15,4,0.481337681646166,0.0163102358837815,0.0239755839753837,2200,1.2
227,11,0.733333333333333,3,10,mean,0.918427650421985,0.000702722003352663,0.000702989087334638,0.00071718643914593,0.00124492516196415,0.999207903836274,0.885494380772693,2.24037243017894e-06,2.24037243017894e-06,7.18561597341272e-05,7.18561597341272e-05,0.180477235773431,15,4,0.536644659648991,0.0346794130005721,0.0309562882519816,2200,1.2
228,11,0.733333333333333,3,10,mean,0.882977028523904,6.54962839750084e-05,6.54962839750084e-05,-6.42525956766571e-05,0.000133140237060165,0.999927089401029,0.897662556666215,-3.40334548246113e-07,3.59936549837458e-07,1.52162627983171e-05,1.5522499566015e-05,0.180477235773431,15,4,0.565039954430504,0.0173845072479584,0.0284908425913904,2200,1.2
229,11,0.733333333333333,3,10,mean,0.337913240441904,1.57052253921652e-05,1.9632907488526e-05,8.20278784282374e-05,0.000133707148361941,0.99995930592769,0.38281943862463,4.83629998715429e-08,4.83629998715429e-08,7.24408533933629e-07,1.05319149242444e-06,0.180477235773431,15,4,0.383918030277556,0.0114194110028927,0.023899928186415,2200,1.2
230,11,0.733333333333333,3,10,mean,0.335910998664979,-0.0002453465019569,0.000245528331013445,-0.000839698892902006,0.000839698892902006,1.00065359308275,0.375223255259981,2.96196679405725e-09,1.67110045579122e-08,-2.10496826966389e-06,2.20642063139542e-06,0.180477235773431,15,4,0.381801986483522,0.0108773425147098,0.0230019593516602,2200,1.2
201,11,0.733333333333333,3,10,none,0.255017339343908,0.00132471949932486,0.00160258961634914,0.0246436162789427,0.0246436162789427,0.992332779226063,0.168580695901216,-1.48553082432001e-05,1.48553082432001e-05,-0.000260838055537057,0.000260838055537057,0.048127262872915,4,4,0.650297456246351,NaN,NaN,0,1.2
202,11,0.733333333333333,3,10,none,0.265746187490233,0.00277797475885794,0.00320300984432024,-0.000986947375947149,0.00225210119995333,0.989448147691854,0.258109907879039,3.38679201056236e-06,3.55579541608808e-06,9.69794539926522e-05,9.69794539926522e-05,0.048127262872915,4,4,0.472503329081157,NaN,NaN,0,1.2
203,11,0.733333333333333,3,10,none,0.210691349248003,-0.00543405974935518,0.00543405974935518,-0.0150021049971201,0.0150021049971201,1.02483809108939,0.222094581987883,1.98636642887828e-05,1.98636642887828e-05,0.000328386410307779,0.000328386410307779,0.048127262872915,4,4,0.437631171845131,NaN,NaN,0,1.2
204,11,0.733333333333333,3,10,none,0.359495153802557,-0.000625340906598337,0.00165879453794419,0.00937839187154719,0.00971539058489657,1.00278839070159,0.22367456547451,2.44320395661496e-05,2.44320395661496e-05,0.000797874445823286,0.000797874445823286,0.048127262872915,4,4,0.675102901639796,NaN,NaN,0,1.2
205,11,0.733333333333333,3,10,none,0.70015870254017,-0.00186386834758334,0.00189740696603418,-0.00520631523670733,0.00520631523670733,1.00279961371746,0.666224832698608,-4.89100438025303e-07,4.89100438025303e-07,3.39187155653628e-05,3.48620177506162e-05,0.048127262872915,4,4,0.514134448644235,NaN,NaN,0,1.2
206,11,0.733333333333333,3,10,none,0.704274218716452,0.000302924207958943,0.000615221096067775,0.00363605412284636,0.00363605412284636,0.999527464752876,0.638701019996268,2.33660051144891e-06,2.67387070988501e-06,6.41413197528412e-05,6.41413197528412e-05,0.048127262872915,4,4,0.511395673030113,NaN,NaN,0,1.2
207,11,0.733333333333333,3,10,none,0.38959595460555,-0.00276528989368324,0.00276528989368324,0.0030798934026825,0.00450583625567518,1.00758028639195,0.365664350608041,1.71737467993371e-05,1.71737467993371e-05,0.000143140697994476,0.000143140697994476,0.048127262872915,4,4,0.580140163334224,NaN,NaN,0,1.2
208,11,0.733333333333333,3,10,none,0.521825513218961,0.00266070155830553,0.0026948757940148,0.00679784490456883,0.00866571035307848,0.9952110636375,0.552317281325733,7.38802831207197e-06,7.39781882080348e-06,0.000419333243636174,0.000419333243636174,0.048127262872915,4,4,0.542458048925159,NaN,NaN,0,1.2
209,11,0.733333333333333,3,10,none,0.757883941146569,0.00115702169786379,0.00132900060838034,-0.0102462118730446,0.0102462118730446,0.998566583703126,0.803318918441605,3.69972540799207e-05,3.69972540799207e-05,0.000595606049472572,0.000595606049472572,0.048127262872915,4,4,0.641322048411864,NaN,NaN,0,1.2
210,11,0.733333333333333,3,10,none,0.698492318522336,-0.00293218090857705,0.00295272347270557,-0.00424399728309012,0.00460173837849664,1.00458069064579,0.641294605758603,9.27442729165562e-06,9.40743099053787e-06,-5.0332174040693e-05,0.000117853462412146,0.048127262872915,4,4,0.619575371103134,NaN,NaN,0,1.2
211,11,0.733333333333333,3,10,none,0.256447192560495,0.00209920275598643,0.00223023472413681,0.00934572866446086,0.00934572866446086,0.993224286980295,0.306310539473288,-2.49886242903452e-06,2.49886242903452e-06,2.24714802234471e-05,2.28157896365411e-05,0.048127262872915,4,4,0.420627597542302,NaN,NaN,0,1.2
212,11,0.733333333333333,3,10,none,0.249945913385791,0.00104717247077457,0.00271267708864431,0.00614206485922421,0.00614206485922421,0.996726752516858,0.317839734264661,1.0456268189532e-05,1.0456268189532e-05,7.99870209012654e-05,7.99870209012654e-05,0.048127262872915,4,4,0.643520917884143,NaN,NaN,0,1.2
213,11,0.733333333333333,3,10,none,0.674500413219376,-0.00189253406849444,0.00251016112230075,-0.0106572677718594,0.0106572677718594,1.00282842559885,0.668316722183181,-5.85203593500561e-07,1.79985269377902e-06,-0.000291023428174145,0.000291023428174145,0.048127262872915,4,4,0.527398262533991,NaN,NaN,0,1.2
214,11,0.733333333333333,3,10,none,0.467051609443533,0.00493000246278186,0.00502133014659446,0.0025900059853859,0.00522096353911089,0.989750936474657,0.473816823981393,2.18489732128069e-05,2.18489732128069e-05,0.000346001428923748,0.000346001428923748,0.048127262872915,4,4,0.498391112711481,NaN,NaN,0,1.2
215,11,0.733333333333333,3,10,none,0.445369691392905,0.000627413304786073,0.00158409934068902,0.00194697800417797,0.00245667602099837,0.998157705185387,0.335898725327928,6.92876685816635e-06,6.92876685816635e-06,-2.46858064059846e-05,4.78784699181617e-05,0.048127262872915,4,4,0.61372695548946,NaN,NaN,0,1.2
216,11,0.733333333333333,3,10,none,0.847435176278389,0.000865198410419987,0.000865198410419987,0.00197578983406274,0.00346608120111319,0.99904587613243,0.904771055201652,8.03175911782972e-06,8.12091172878449e-06,2.36929289745003e-07,0.00016766909443051,0.048127262872915,4,4,0.607343181415173,NaN,NaN,0,1.2
217,11,0.733333333333333,3,10,none,0.358935008707022,0.00536631681159109,0.00536631681159109,0.00273067718472561,0.00605830748565367,0.988690825345723,0.467142049345119,5.23857459285848e-06,5.23857459285848e-06,0.000162892112761992,0.000162892112761992,0.048127262872915,4,4,0.579587430533933,NaN,NaN,0,1.2
218,11,0.733333333333333,3,10,none,0.349844227102502,-0.00318058468083869,0.00318058468083869,-0.0091556855092699,0.0091556855092699,1.00934741538809,0.342544969853448,3.00523481837622e-06,4.17378039270222e-06,3.19899859452322e-05,4.75064601697572e-05,0.048127262872915,4,4,0.490155128975358,NaN,NaN,0,1.2
219,11,0.733333333333333,3,10,none,0.496912445828087,0.00436712565514981,0.00436712565514981,0.00346983078278884,0.00346983078278884,0.992246401445776,0.557401717084902,8.28113378605888e-06,8.28113378605888e-06,0.000116060864179219,0.000116060864179219,0.048127262872915,4,4,0.483431894881023,NaN,NaN,0,1.2
220,11,0.733333333333333,3,10,none,0.27818400380262,0.0016841501747061,0.00191134600447391,0.00138005622333477,0.00175213003974363,0.993859946035476,0.270863448305994,-1.66221842797798e-06,2.02741875774404e-06,0.000101962536670729,0.000101962536670729,0.048127262872915,4,4,0.538132724399583,NaN,NaN,0,1.2
221,11,0.733333333333333,3,10,none,0.681133075162703,0.00151547485954188,0.00166110898304183,-0.00312544265646795,0.00381414389749972,0.997925258000871,0.728603047594283,2.23683489256388e-05,2.23683489256388e-05,0.000360100467975534,0.000360100467975534,0.048127262872915,4,4,0.566640011852341,NaN,NaN,0,1.2
222,11,0.733333333333333,3,10,none,0.857428496491087,-0.000140417721765818,0.000722413638512076,0.00923672104206199,0.0119849232658395,1.0001693502524,0.828534433270365,-3.70489056351342e-06,3.70489056351342e-06,-0.000950841269895289,0.000950841269895289,0.048127262872915,4,4,0.769034081616352,NaN,NaN,0,1.2
223,11,0.733333333333333,3,10,none,0.700443572975692,0.00289072892686797,0.00289072892686797,-0.00319051059080663,0.00332013875533328,0.996246765686159,0.765148150711635,1.08217408984479e-06,1.08217408984479e-06,9.40035174631926e-06,3.53686959945077e-05,0.048127262872915,4,4,0.599787339539585,NaN,NaN,0,1.2
224,11,0.733333333333333,3,10,none,0.421163045800885,0.000475279351037577,0.00108279825589639,-0.000270862335424197,0.00330539445972759,0.998629362086466,0.344271433845531,1.5249845155263e-05,1.53536676495369e-05,0.000526167515621911,0.000526167515621911,0.048127262872915,4,4,0.655379414272678,NaN,NaN,0,1.2
225,11,0.733333333333333,3,10,none,0.373507593299514,0.00220388143192037,0.00220388143192037,0.00531897703846261,0.00534089897277873,0.995001531110166,0.437179897576281,1.43574416974768e-06,1.43574416974768e-06,-6.73882064638937e-05,6.74131711187526e-05,0.048127262872915,4,4,0.52646450674627,NaN,NaN,0,1.2
226,11,0.733333333333333,3,10,none,0.583349788947039,-0.0039330956014795,0.00429786698786727,-0.00813252409193809,0.00813252409193809,1.00717943727539,0.5499265711102,1.79556825172122e-05,1.79556825172122e-05,0.000133152630967882,0.000133152630967882,0.048127262872915,4,4,0.686291612706917,NaN,NaN,0,1.2
227,11,0.733333333333333,3,10,none,0.918427650421985,0.00301490210075638,0.00301490210075638,-0.00142288967377367,0.00412344741052884,0.996601654172454,0.883439683159376,2.0997338465259e-05,2.0997338465259e-05,0.000458931199656612,0.000458931199656612,0.048127262872915,4,4,0.587129378526032,NaN,NaN,0,1.2
228,11,0.733333333333333,3,10,none,0.882977028523904,-0.000524840471033206,0.000680567220089645,-0.00113332463829951,0.00118364948111376,1.00058425349936,0.897766054404246,3.48839085640984e-06,3.51001527978401e-06,4.96029438017899e-05,5.65015621631258e-05,0.048127262872915,4,4,0.567908550489062,NaN,NaN,0,1.2
229,11,0.733333333333333,3,10,none,0.337913240441904,-0.00280935573954825,0.00280935573954825,-0.00394196719877653,0.0042861358664536,1.00727936866573,0.384106213159189,3.89794878580263e-07,8.75639942027329e-07,2.29919237873594e-05,2.87331303824173e-05,0.048127262872915,4,4,0.558687923838052,NaN,NaN,0,1.2
230,11,0.733333333333333,3,10,none,0.335910998664979,-0.00291174917128175,0.00291174917128175,-0.0147543990946357,0.0147543990946357,1.00775678113149,0.377315497890569,5.75054634965877e-08,7.40953082983831e-07,-0.000458015991968798,0.000458015991968798,0.048127262872915,4,4,0.523133333458415,NaN,NaN,0,1.2
201,11,0.733333333333333,6,20,hold,0.255017339343908,0.00020179979396429,0.00046915746095184,-0.000406175979870883,0.00160980163533818,0.998836093764311,0.171470545704654,1.59340315483147e-06,2.41457628640251e-06,4.34116977547802e-05,4.34116977547802e-05,0.180477235773431,15,4,0.468162122529626,0.031509422246815,0.060482488335269,4400,1.2
202,11,0.733333333333333,6,20,hold,0.265746187490233,0.000379814445751375,0.00114981078811977,0.000753300195684977,0.0013080694900498,0.998556816640938,0.25867572035931,5.41669346898477e-06,5.41669346898477e-06,9.01004450065884e-05,9.01004450065884e-05,0.180477235773431,15,4,0.34333462300989,0.0393488738143237,0.059507389717594,4400,1.2
203,11,0.733333333333333,6,20,hold,0.210691349248003,0.00145384494859793,0.00145441686333293,0.00303302700485169,0.00306368232296266,0.99326328467126,0.205220251154716,2.21418738725471e-06,2.2392076717323e-06,3.14514993553644e-06,5.93342929125246e-06,0.180477235773431,15,4,0.405549244863944,0.0245678999250206,0.062996595796188,4400,1.2
204,11,0.733333333333333,6,20,hold,0.359495153802557,-0.00355345154576901,0.00355982872602153,-0.000985385711494126,0.00210299809137931,1.01603603030536,0.223092915872852,8.8901268670602e-06,8.89646150804974e-06,7.94111896680877e-05,7.94111896680877e-05,0.180477235773431,15,4,0.577407278745101,0.0522631561315989,0.123236660061554,4400,1.2
205,11,0.733333333333333,6,20,hold,0.70015870254017,0.00165434771974804,0.00165630467183776,-0.000592150731306867,0.00131518592228227,0.997511188537273,0.658978627786224,7.69788352184969e-06,7.69788352184969e-06,0.000108305164640271,0.000108305164640271,0.180477235773431,15,4,0.464868648254906,0.0316280380660697,0.0547459469374265,4400,1.2
206,11,0.733333333333333,6,20,hold,0.704274218716452,0.000798837724037771,0.000804542627661875,0.00056441669439834,0.000803438341083647,0.998750068371516,0.634002613396411,5.37429074549123e-06,5.37429762498265e-06,9.73415216215889e-05,9.73415216215889e-05,0.180477235773431,15,4,0.436777057440011,0.0540018526826326,0.0938201365760207,4400,1.2
207,11,0.733333333333333,6,20,hold,0.38959595460555,-0.00033810550800201,0.000516135444776758,-0.000277854658718457,0.00043945900611203,1.00093445922257,0.35806719448631,1.5560512886939e-06,1.56139193837751e-06,1.54846787169011e-05,1.54846787169011e-05,0.180477235773431,15,4,0.434309432355253,0.0351306523499678,0.0788167640095305,4400,1.2
208,11,0.733333333333333,6,20,hold,0.521825513218961,0.00123921999349287,0.00133365409767461,0.00197470504658948,0.00217538615689954,0.997791230714327,0.552835099501913,5.52827901827285e-06,5.52827901827285e-06,0.000125189794681616,0.000125189794681616,0.180477235773431,15,4,0.457059981040359,0.0551303258506751,0.0780415340585341,4400,1.2
209,11,0.733333333333333,6,20,hold,0.757883941146569,0.00315925374781769,0.00315925374781769,-0.00105391473913509,0.00265968149766612,0.996088623117048,0.800359962817089,2.90609399804687e-05,2.90609399804687e-05,0.000383368934557711,0.000383368934557711,0.180477235773431,15,4,0.55083022565758,0.0614254889311471,0.101551513138748,4400,1.2
210,11,0.733333333333333,6,20,hold,0.698492318522336,0.000117534702508049,0.00154931268797348,-0.00161979619305614,0.00194793394458923,0.999815548920752,0.630448098952665,1.23915677268854e-05,1.23915677268854e-05,0.000182225720652524,0.000182225720652524,0.180477235773431,15,4,0.55640059072692,0.0413905446842153,0.0985976181445301,4400,1.2
211,11,0.733333333333333,6,20,hold,0.256447192560495,0.000144791841661523,0.000146351385145199,0.00018870207884351,0.000363888548648546,0.999538997216742,0.306151372936052,5.40724373762624e-07,5.40790008488057e-07,9.61004087108641e-06,9.61004087108641e-06,0.180477235773431,15,4,0.311605311445219,0.025844383121462,0.0312397393867796,4400,1.2
212,11,0.733333333333333,6,20,hold,0.249945913385791,0.000489403892511434,0.000503874367352777,0.000590168876350891,0.000882890149688763,0.998486256265201,0.314869112257945,2.7960519175585e-06,2.79700846237407e-06,4.25009186010125e-05,4.25009186010125e-05,0.180477235773431,15,4,0.522015454640178,0.0422418974703368,0.0604803533438549,4400,1.2
213,11,0.733333333333333,6,20,hold,0.674500413219376,0.000207586452010294,0.000286321314613275,0.000142494060516675,0.000164896600045249,0.9996894023745,0.665747731428105,2.053624972298e-08,8.41762307635108e-08,6.04411840171182e-06,6.04411840171182e-06,0.180477235773431,15,4,0.380195751921124,0.017294711628596,0.0334282499847243,4400,1.2
214,11,0.733333333333333,6,20,hold,0.467051609443533,0.00264867318868739,0.00278532509669849,0.0045067740289595,0.0045067740289595,0.994535578107297,0.478892580694494,-4.07970244465372e-06,4.11830457283102e-06,-6.81342618834713e-05,6.81342618834713e-05,0.180477235773431,15,4,0.396822753237231,0.0627416636348994,0.0903343071618785,4400,1.2
215,11,0.733333333333333,6,20,hold,0.445369691392905,0.000934563775640293,0.000988515100456097,0.0016251920393329,0.00181590809111197,0.997210236991275,0.323449998085558,6.56294138850766e-06,6.58206072991219e-06,0.00014471705429518,0.00014471705429518,0.180477235773431,15,4,0.525960963943458,0.03903152675531,0.0581112138125102,4400,1.2
216,11,0.733333333333333,6,20,hold,0.847435176278389,0.000158277972886234,0.000164082505936747,0.000176769979666622,0.00027739573803728,0.999825570944567,0.905592313362548,4.5055301058361e-07,4.68215960705565e-07,2.68371647009105e-05,2.68371647009105e-05,0.180477235773431,15,4,0.494610376888953,0.0154741631641608,0.0325925875644506,4400,1.2
217,11,0.733333333333333,6,20,hold,0.358935008707022,0.000533294451406277,0.000742210637467297,0.000561480687795795,0.000737936318650576,0.998890710917021,0.470518818677224,1.05647015154475e-06,1.06633843326431e-06,2.45569441950388e-05,2.45569441950388e-05,0.180477235773431,15,4,0.525303472884744,0.0446018205239572,0.0557896874770583,4400,1.2
218,11,0.733333333333333,6,20,hold,0.349844227102502,0.000372344962075846,0.000832327927821661,-0.000697602741446861,0.000972081185199258,0.998890341614805,0.326786293065559,7.48102913559756e-06,7.48182818243737e-06,8.19407432573876e-05,8.19407432573876e-05,0.180477235773431,15,4,0.346998904789331,0.0925716113589508,0.0392389588345989,4400,1.2
219,11,0.733333333333333,6,20,hold,0.496912445828087,-0.00197979847510578,0.00201842369100819,-0.000699663191070135,0.000805021379927939,1.0035096799672,0.561117024980072,-1.15141123000762e-06,1.31056761802639e-06,1.04588872540168e-06,2.71241342786888e-06,0.180477235773431,15,4,0.396241827630111,0.0393460076100539,0.049112149863936,4400,1.2
220,11,0.733333333333333,6,20,hold,0.27818400380262,-4.22116405554757e-05,0.000761452733187676,-0.00134423982845757,0.00153253818135641,1.00015442431671,0.271499351127815,1.01863564519578e-05,1.01929974980652e-05,0.000164504204876098,0.000164504204876098,0.180477235773431,15,4,0.458428735260467,0.0459921503771146,0.0407054359385853,4400,1.2
221,11,0.733333333333333,6,20,hold,0.681133075162703,0.00129661845356261,0.00129669212480903,0.000928601944149835,0.0010940888308747,0.998230328018823,0.727926470049191,4.17281399261865e-06,4.17281399261865e-06,8.40757029443975e-05,8.40757029443975e-05,0.180477235773431,15,4,0.51534313063229,0.0374130554367297,0.0401232299518561,4400,1.2
222,11,0.733333333333333,6,20,hold,0.857428496491087,0.00044779370361856,0.000483170840712177,0.00232329909262434,0.00235797419335481,0.999459465454309,0.825697155651663,-6.35782383129335e-09,2.60220433279112e-07,8.3703569368318e-05,8.3703569368318e-05,0.180477235773431,15,4,0.530757437929076,0.062469176714659,0.0970010331670945,4400,1.2
223,11,0.733333333333333,6,20,hold,0.700443572975692,0.000211410257102335,0.000214537836467626,0.000773546070533852,0.000775783045942654,0.999726371959415,0.768181400927941,5.35480903735008e-07,5.35519074984503e-07,1.82397962071756e-05,1.82397962071756e-05,0.180477235773431,15,4,0.436124933202863,0.0157054330379904,0.032642596245789,4400,1.2
224,11,0.733333333333333,6,20,hold,0.421163045800885,-0.00155576293120762,0.00157514667987932,-0.00260790286965526,0.00260790286965526,1.00451357210175,0.343139250124008,1.06633473082735e-06,1.06635548092898e-06,-1.59726327597473e-05,1.67090543974416e-05,0.180477235773431,15,4,0.51556737190093,0.0632931283809926,0.129405224730568,4400,1.2
225,11,0.733333333333333,6,20,hold,0.373507593299514,0.00162247762878523,0.00163055092647094,0.000138016346857553,0.000298942878367007,0.996335067211669,0.440341959730708,2.27732618740817e-06,2.27732638255207e-06,2.76286448908103e-05,2.76286448908103e-05,0.180477235773431,15,4,0.363888530448746,0.0301928001702691,0.0431255581555634,4400,1.2
226,11,0.733333333333333,6,20,hold,0.583349788947039,-0.000446274015465808,0.000566772922198355,0.00049770494262225,0.000573142106454474,1.00082619636019,0.527711123244869,1.69395815477896e-06,1.6957298774059e-06,3.12828471315202e-05,3.12828471315202e-05,0.180477235773431,15,4,0.480771148052598,0.0400085997362206,0.0482545080654235,4400,1.2
227,11,0.733333333333333,6,20,hold,0.918427650421985,0.00105718205361182,0.00111219999341827,0.000241728878557295,0.00136336914693477,0.998810134753686,0.885541925690913,1.38076459814326e-05,1.38310997598604e-05,0.000258961910140415,0.000258961910140415,0.180477235773431,15,4,0.530747087905949,0.0488745904977409,0.0970213062985975,4400,1.2
228,11,0.733333333333333,6,20,hold,0.882977028523904,0.000600482050487866,0.000600482050487866,0.000434820006115344,0.00137217552538872,0.999331396875704,0.896299073295607,-1.82605937280173e-07,4.74472937924547e-07,8.19487131908726e-05,8.19487131908726e-05,0.180477235773431,15,4,0.565396647618209,0.0289386733222391,0.0675118363259211,4400,1.2
229,11,0.733333333333333,6,20,hold,0.337913240441904,0.000343434320370498,0.000352557045040672,-0.000236117620519946,0.000381420251664892,0.999117551810279,0.382768598510434,1.85652634145939e-06,1.85652634145939e-06,1.5833254468946e-05,1.5833254468946e-05,0.180477235773431,15,4,0.382985147650699,0.0227992379541808,0.0389233923092247,4400,1.2
230,11,0.733333333333333,6,20,hold,0.335910998664979,-0.000443804387717914,0.00045294389781699,-0.000797723452024944,0.000804881488904776,1.00118525391875,0.374080246324693,5.85563205343642e-07,5.85813661643786e-07,6.07391515662026e-06,6.07391515662026e-06,0.180477235773431,15,4,0.382455503613711,0.0196507162018484,0.0391531319025207,4400,1.2
201,11,0.733333333333333,6,20,kalman,0.255017339343908,0.00137280122913493,0.00150579944015292,0.0193112799776143,0.0193112799776143,0.99208219255549,0.168562490460551,-3.61333021539068e-06,3.61346371985372e-06,-5.43943569435218e-05,5.43943569435218e-05,0.180477235773431,15,4,0.46619150430283,0.0273655992605394,0.043752463377599,4400,1.2
202,11,0.733333333333333,6,20,kalman,0.265746187490233,-0.000708984609039384,0.000832286496907966,-0.000484436096350241,0.00128064094604576,1.00269393331676,0.258862366771544,3.48013908567091e-06,3.50061017292402e-06,0.000116995954560031,0.000116995954560031,0.180477235773431,15,4,0.336714094052954,0.0420832667637288,0.0428643106908368,4400,1.2
203,11,0.733333333333333,6,20,kalman,0.210691349248003,0.00106298758436976,0.00106298758436976,0.00290375734416389,0.00290375734416389,0.995074409578002,0.206908547984575,-5.07469952704953e-06,5.07469952704953e-06,-4.71043562828324e-05,4.71043562828324e-05,0.180477235773431,15,4,0.400637030426181,0.0243103439541472,0.0395313487668925,4400,1.2
204,11,0.733333333333333,6,20,kalman,0.359495153802557,-0.00012321678234021,0.000287774039725028,-0.00038653558381523,0.000661208781871069,1.00055605318668,0.217811548248392,-1.96847170655379e-07,2.33002579094754e-07,-5.62590605370315e-05,5.62590605370315e-05,0.180477235773431,15,4,0.578677053557062,0.0209764514760533,0.0440510374105738,4400,1.2
205,11,0.733333333333333,6,20,kalman,0.70015870254017,-0.000509646773232481,0.000509648184714034,-0.00430626688236454,0.00430626688236454,1.00076671591832,0.663218462861656,1.00375484331408e-05,1.00375484331408e-05,0.000190477432654015,0.000190477432654015,0.180477235773431,15,4,0.467340965660195,0.0346280387941387,0.0419720445383023,4400,1.2
206,11,0.733333333333333,6,20,kalman,0.704274218716452,0.000444806679882759,0.000456402383155541,-0.000124939518588153,0.000271881943258291,0.999304016421588,0.63284025815502,4.9583816706944e-07,4.95844830267211e-07,8.66992782983633e-06,8.66992782983633e-06,0.180477235773431,15,4,0.436326046016383,0.0312580386568386,0.0456729204979127,4400,1.2
207,11,0.733333333333333,6,20,kalman,0.38959595460555,-3.48820994907822e-05,0.000211885636879702,-2.36368260473668e-05,0.000287208662213373,1.00009640747873,0.356177334194868,-1.62780379395627e-06,1.62836810561479e-06,-2.72856408725858e-05,2.72856408725858e-05,0.180477235773431,15,4,0.433821082920143,0.0222687972897266,0.0424199375861889,4400,1.2
208,11,0.733333333333333,6,20,kalman,0.521825513218961,-0.000133466842194985,0.000374015687365536,-9.79840583925606e-05,0.00049604152705755,1.0002378895299,0.552859636197613,1.57568289371052e-06,1.57568289371052e-06,8.43207644244281e-06,8.43207644244281e-06,0.180477235773431,15,4,0.450217195522525,0.061924357651537,0.0471882432581148,4400,1.2
209,11,0.733333333333333,6,20,kalman,0.757883941146569,0.00300073302317871,0.00300073302317871,-0.00282887486956949,0.00350781818096464,0.9962848828503,0.802954695981805,2.11690371714604e-05,2.11690371714604e-05,0.00019024304337513,0.00019024304337513,0.180477235773431,15,4,0.550506299495806,0.038617365745897,0.0460001367568479,4400,1.2
210,11,0.733333333333333,6,20,kalman,0.698492318522336,-4.26807006425611e-06,0.000788988361539961,0.00220120782592682,0.00222778698931988,1.00000669802291,0.632035919771551,1.34532193452885e-06,1.40939453630584e-06,-8.70758922114953e-06,1.16080850980473e-05,0.180477235773431,15,4,0.557691677791494,0.0226927471869231,0.0475810152847367,4400,1.2
211,11,0.733333333333333,6,20,kalman,0.256447192560495,0.00141388735673454,0.0014139091613407,0.00215714157612094,0.00215714157612094,0.995498323668044,0.30615100967483,4.50902006751963e-06,4.50904870462343e-06,4.32942552119547e-05,4.32942552119547e-05,0.180477235773431,15,4,0.30921347458063,0.0447130825492791,0.0409873349060812,4400,1.2
212,11,0.733333333333333,6,20,kalman,0.249945913385791,-1.05633497249291e-05,0.000271652178147536,0.000478025781992468,0.000650513956657599,1.00003267281832,0.314867923856407,-6.65379219881579e-07,6.89877906744074e-07,-2.71689285206336e-05,2.71689285206336e-05,0.180477235773431,15,4,0.521094372528979,0.0330096448562796,0.0375285114252066,4400,1.2
213,11,0.733333333333333,6,20,kalman,0.674500413219376,-0.000787531871218067,0.00078795247262366,-0.00534329083997705,0.00534329083997705,1.0011783308922,0.667182606741944,-4.10213343707277e-07,4.65635489385607e-07,-9.13705886091021e-05,9.13705886091021e-05,0.180477235773431,15,4,0.382914482371697,0.0309325818267625,0.0404613308215386,4400,1.2
214,11,0.733333333333333,6,20,kalman,0.467051609443533,0.000385091762832634,0.000448167206435962,9.97006618189567e-05,0.000948340943025717,0.999205525291489,0.478783862683169,-7.43745118778061e-07,1.63167906293282e-06,8.93964342831655e-05,8.93964342831655e-05,0.180477235773431,15,4,0.39423596294112,0.0723830432796285,0.0515945559942425,4400,1.2
215,11,0.733333333333333,6,20,kalman,0.445369691392905,-0.00202663415441326,0.00213751414475036,-0.00426719572576893,0.00427034684151586,1.00604969841927,0.330454051132735,4.985266180077e-06,4.98719027029748e-06,3.82334940614457e-05,3.82334940614457e-05,0.180477235773431,15,4,0.522868786272634,0.0320007640356172,0.0438288031804284,4400,1.2
216,11,0.733333333333333,6,20,kalman,0.847435176278389,-5.41505071273263e-05,5.95876089031555e-05,-1.01957077745807e-05,8.47579140016541e-05,1.00005967616111,0.905596850592014,-6.20673467685573e-07,6.20673467685573e-07,3.46401675538066e-07,9.13420250820141e-07,0.180477235773431,15,4,0.495803484858483,0.0233933783853479,0.0391408228982469,4400,1.2
217,11,0.733333333333333,6,20,kalman,0.358935008707022,-0.000177834347461653,0.000293195464375445,-1.56402279952339e-05,0.000532736468901687,1.00036990765551,0.470517272301333,-4.99477799806303e-07,4.99477799806303e-07,-9.29761707321786e-06,9.29761707321786e-06,0.180477235773431,15,4,0.523939549382161,0.0398261865170925,0.0408928115998224,4400,1.2
218,11,0.733333333333333,6,20,kalman,0.349844227102502,0.000358399681773391,0.000953537192323634,-0.000676246864055587,0.00109641759038728,0.998931901186701,0.327936658093893,5.81393386803741e-06,5.81529388366531e-06,6.9795187640429e-05,6.9795187640429e-05,0.180477235773431,15,4,0.340369275542667,0.124910117713952,0.0554929157333945,4400,1.2
219,11,0.733333333333333,6,20,kalman,0.496912445828087,-0.00136222276437529,0.00137994364381712,0.00085595394333142,0.00243620053824442,1.00241487505274,0.561117024532083,-4.89472562626714e-06,4.93510694833665e-06,-0.00013023283660938,0.00013023283660938,0.180477235773431,15,4,0.400524042907277,0.0457211239000908,0.0437850641546045,4400,1.2
220,11,0.733333333333333,6,20,kalman,0.27818400380262,0.00112883584949605,0.001132244856292,0.000864728820158688,0.0010062685426299,0.995870340445436,0.267668104581578,5.01117623287195e-06,5.08437041079612e-06,5.14049357298613e-05,5.14049357298613e-05,0.180477235773431,15,4,0.457834358915894,0.0447716313120868,0.0414690126457876,4400,1.2
221,11,0.733333333333333,6,20,kalman,0.681133075162703,-0.000342214836347121,0.000459842322601167,-0.000244152903320101,0.000382918873945408,1.00046706724385,0.728001212408129,-5.50365782600593e-08,4.90371673560197e-07,5.75126930038583e-07,6.27766375517758e-06,0.180477235773431,15,4,0.515776814212929,0.0353425240115879,0.0403663186734273,4400,1.2
222,11,0.733333333333333,6,20,kalman,0.857428496491087,-0.000120100619656194,0.000198461878297285,4.30189084652477e-05,0.000591685927509474,1.00014497419986,0.827135349710488,-1.90590819061642e-06,1.90592520817601e-06,-3.78605930302228e-05,3.78605930302228e-05,0.180477235773431,15,4,0.535557719602339,0.0486355051256687,0.0529440290153405,4400,1.2
223,11,0.733333333333333,6,20,kalman,0.700443572975692,-0.000152850429583512,0.000177845026783791,-0.000375341455545398,0.00039855011981572,1.00019783412651,0.768183542766562,1.28116648678844e-08,1.8003516312759e-07,-1.3507352889589e-05,1.3507352889589e-05,0.180477235773431,15,4,0.434913153400279,0.0178074219757451,0.0402206929001285,4400,1.2
224,11,0.733333333333333,6,20,kalman,0.421163045800885,0.00029497657989552,0.000668636820280435,0.00160627788964192,0.00165923162023477,0.999144215333212,0.340087478101671,-2.89027447132606e-07,1.34655299129788e-06,-8.86915672691504e-05,8.86915672691504e-05,0.180477235773431,15,4,0.510976170071424,0.0378517246532664,0.0479064461909105,4400,1.2
225,11,0.733333333333333,6,20,kalman,0.373507593299514,0.000370016735496415,0.000388084809898104,0.00127411292326779,0.0014153722120695,0.999164187880256,0.440437449252694,1.31965995306405e-07,3.57266511194498e-07,-4.07330156714864e-05,4.07330156714864e-05,0.180477235773431,15,4,0.363318278516468,0.0289327179495506,0.0409686060526512,4400,1.2
226,11,0.733333333333333,6,20,kalman,0.583349788947039,0.000293301170438848,0.000558122150737755,0.000261884241776816,0.000335238950251594,0.999457005447194,0.527711427672569,5.13106753737003e-07,1.09128269116382e-06,1.97121982045778e-05,1.97121982045778e-05,0.180477235773431,15,4,0.481093881379227,0.0333561731483692,0.0397013673129347,4400,1.2
227,11,0.733333333333333,6,20,kalman,0.918427650421985,0.00182254645027933,0.00182268483590061,-0.000376174241131798,0.0014003673622448,0.997948712169705,0.885192136865619,8.45322112022068e-06,8.45322112022068e-06,0.000155366561621836,0.000155366561621836,0.180477235773431,15,4,0.530645838561926,0.0679505893388334,0.0590071605120568,4400,1.2
228,11,0.733333333333333,6,20,kalman,0.882977028523904,0.000128740226558227,0.000137314229320235,-0.000231522124516397,0.000476545065175291,0.999856654969737,0.896859967556485,-8.57945977985469e-07,8.67751080680518e-07,7.2427294013204e-05,7.26507073427188e-05,0.180477235773431,15,4,0.562607625001966,0.0290395154934562,0.0497159879774985,4400,1.2
229,11,0.733333333333333,6,20,kalman,0.337913240441904,0.000412510766553886,0.000444546092252951,-1.52208938996495e-05,0.000145501007481535,0.998940061148247,0.382820574143784,1.24512137436861e-06,1.25138256029389e-06,1.11557001214457e-07,1.7549502970382e-06,0.180477235773431,15,4,0.383368608149253,0.0217269703939213,0.0391711486433923,4400,1.2
230,11,0.733333333333333,6,20,kalman,0.335910998664979,-0.00071745487104678,0.000723396978657559,-0.000723104304086476,0.000728658349381907,1.00191608334881,0.37265429176248,7.65990388812421e-08,1.98084275768173e-07,-5.00198853739531e-06,5.00198853739531e-06,0.180477235773431,15,4,0.381216059209689,0.0170787794466792,0.0380379229263235,4400,1.2
201,11,0.733333333333333,6,20,kalman-gm,0.255017339343908,-7.33337196994074e-05,0.000403710345083398,0.0185085152867753,0.0185085152867753,1.00042296164911,0.170623403437345,1.24364773590457e-06,1.62893588496749e-06,5.79068281963829e-06,1.07831445689791e-05,0.180477235773431,15,4,0.466751123566724,0.0155516440711838,0.0277260568484012,4400,1.2
202,11,0.733333333333333,6,20,kalman-gm,0.265746187490233,-0.00152950228219146,0.00162606000348078,-0.00445366543703297,0.00445366543703297,1.0058116595248,0.258850414124259,4.68217127186643e-06,4.68217127186643e-06,0.000176618482064075,0.000176618482064075,0.180477235773431,15,4,0.335509497089636,0.0431075110125834,0.0333008991340415,4400,1.2
203,11,0.733333333333333,6,20,kalman-gm,0.210691349248003,0.00128327240800746,0.00128562609580956,0.0025055459048387,0.00255270355656791,0.994053670640525,0.206684793227229,-4.82094607365119e-06,4.83557162299503e-06,-4.62185735830148e-05,4.62185735830148e-05,0.180477235773431,15,4,0.403631977358474,0.0165836802775728,0.0273499673380024,4400,1.2
204,11,0.733333333333333,6,20,kalman-gm,0.359495153802557,-0.00156750858228745,0.00160685977979643,-0.00019929544058027,0.000791690478880745,1.00707385898069,0.218336073469837,4.07477621735541e-06,4.07487574385634e-06,3.54102077357424e-05,3.54102077357424e-05,0.180477235773431,15,4,0.578429775045131,0.0238884418101699,0.0491089318455045,4400,1.2
205,11,0.733333333333333,6,20,kalman-gm,0.70015870254017,0.000191268890486929,0.000191275422645565,0.0016380051717325,0.00166568824367743,0.999712253837918,0.661426011269253,-5.99739355727907e-06,5.99743352789478e-06,-7.86707510948975e-05,7.86707510948975e-05,0.180477235773431,15,4,0.466490819443366,0.0377229111137887,0.0285086498988321,4400,1.2
206,11,0.733333333333333,6,20,kalman-gm,0.704274218716452,0.000455084229371761,0.000486798883339878,0.000195859541254126,0.000475086080698355,0.999287935265449,0.634528729510124,3.04795068502006e-06,3.04795718493733e-06,4.72723698811223e-05,4.72723698811223e-05,0.180477235773431,15,4,0.437446791237997,0.035893981124409,0.0558682468219551,4400,1.2
207,11,0.733333333333333,6,20,kalman-gm,0.38959595460555,0.000118411553328712,0.000146746618184657,1.14932406955448e-05,3.70773425439264e-05,0.999672733021356,0.356404042744442,7.193640377684e-08,1.00605936649567e-07,4.86568384595515e-06,4.86568384595515e-06,0.180477235773431,15,4,0.432443539650207,0.0240644477766978,0.0333649811512613,4400,1.2
208,11,0.733333333333333,6,20,kalman-gm,0.521825513218961,0.000455733571561662,0.000522120807757415,0.00147201256078193,0.00149440236295001,0.999187706524587,0.552843432648937,4.56613000507783e-06,4.56613000507783e-06,5.99222411615749e-05,5.99222411615749e-05,0.180477235773431,15,4,0.446498590392998,0.0640972101523632,0.032221735265923,4400,1.2
209,11,0.733333333333333,6,20,kalman-gm,0.757883941146569,0.00360276216303401,0.00360276216303401,-0.00407307820811527,0.00538065828671379,0.995539528710222,0.800815257794362,2.30000631466665e-05,2.30000631466665e-05,0.00028341408646961,0.00028341408646961,0.180477235773431,15,4,0.551584561527928,0.0411517588890386,0.0423636571729737,4400,1.2
210,11,0.733333333333333,6,20,kalman-gm,0.698492318522336,0.000142708609030462,0.000727915338688501,0.00080821253517935,0.000939150067158146,0.99977604268023,0.631326513996742,5.23178554069498e-06,5.23178554069498e-06,5.81472742684892e-05,5.81472742684892e-05,0.180477235773431,15,4,0.557589803872252,0.0195762893456562,0.039168116751582,4400,1.2
211,11,0.733333333333333,6,20,kalman-gm,0.256447192560495,6.92194645192934e-05,8.16306019638169e-05,0.000288789381141278,0.000539425674921301,0.999779612128468,0.30614998252026,2.38298421589844e-07,2.38298421589844e-07,1.20268320026651e-05,1.20268320026651e-05,0.180477235773431,15,4,0.310594290849742,0.0344678343855526,0.0199847567183804,4400,1.2
212,11,0.733333333333333,6,20,kalman-gm,0.249945913385791,0.000651725799626154,0.000865500891092211,-1.74347441632949e-05,0.000617117484905771,0.997984188803795,0.314867251652989,4.87970665666582e-06,4.87977225387959e-06,4.52930750812042e-05,4.52930750812042e-05,0.180477235773431,15,4,0.515811116485365,0.0374008296475011,0.0273124076644651,4400,1.2
213,11,0.733333333333333,6,20,kalman-gm,0.674500413219376,0.000177263979934028,0.000261736044890615,7.65408779147458e-05,9.37901717076062e-05,0.999734771847001,0.665747730084274,-6.623968423769e-09,5.76239456873129e-08,3.24457825414015e-06,3.24457825414015e-06,0.180477235773431,15,4,0.381220535171498,0.019440960815437,0.0192627791577271,4400,1.2
214,11,0.733333333333333,6,20,kalman-gm,0.467051609443533,-0.000108046565288694,0.00115478386751327,-0.000890165515008818,0.00168909134675611,1.00022290859413,0.480303538774314,1.9159310943262e-06,1.91907937414637e-06,1.75829998036342e-05,1.75829998036342e-05,0.180477235773431,15,4,0.395539486371287,0.0779798555924445,0.0502688600360612,4400,1.2
215,11,0.733333333333333,6,20,kalman-gm,0.445369691392905,2.04644292385869e-05,0.000399364195406388,0.000625375189924982,0.00107144267285064,0.999938911704934,0.325038511540645,2.43706389021214e-06,2.44199001718515e-06,7.42076803482344e-05,7.42076803482344e-05,0.180477235773431,15,4,0.52460686052327,0.0252611616251871,0.0275016462996414,4400,1.2
216,11,0.733333333333333,6,20,kalman-gm,0.847435176278389,3.64946798114885e-05,6.06573289370804e-05,0.000139985802090734,0.000145061697479825,0.999959781311248,0.905592151809639,-3.3653097730596e-07,3.3653097730596e-07,4.15288882847475e-06,4.16580847115044e-06,0.180477235773431,15,4,0.495270466382755,0.0119465912357725,0.0197033285106705,4400,1.2
217,11,0.733333333333333,6,20,kalman-gm,0.358935008707022,5.68714583224023e-05,0.00018937666620856,-7.6568691217217e-05,0.000117552228919489,0.999881703461036,0.470512402888413,7.34321726481024e-09,9.44069456304542e-08,-8.05453716595794e-08,3.84724235611977e-07,0.180477235773431,15,4,0.525045381049679,0.0325794660819105,0.0231926502979993,4400,1.2
218,11,0.733333333333333,6,20,kalman-gm,0.349844227102502,3.55284606613715e-05,0.00096058962926367,-0.000734805126549687,0.00113225636115125,0.999894118469964,0.327886461324477,6.62351067311218e-06,6.62454892364217e-06,7.34544134010795e-05,7.34544134010795e-05,0.180477235773431,15,4,0.333040839986369,0.140331371519092,0.0498377761148583,4400,1.2
219,11,0.733333333333333,6,20,kalman-gm,0.496912445828087,-0.00231054697145569,0.00231296599321878,-0.000730213143729144,0.000818736520821797,1.00409601306444,0.561117026626383,-2.97912993890981e-06,2.98629608219969e-06,-2.05476796879478e-05,2.05476796879478e-05,0.180477235773431,15,4,0.398774139512682,0.037401910321681,0.0258219414989899,4400,1.2
220,11,0.733333333333333,6,20,kalman-gm,0.27818400380262,0.000115043642859269,0.000730803801039476,-0.000691969413785578,0.00105489473864817,0.999579131829364,0.271621446016454,8.71854725150445e-06,8.72060145475639e-06,0.000125029159956142,0.000125029159956142,0.180477235773431,15,4,0.458511609516833,0.0367699079483874,0.0193962121803493,4400,1.2
221,11,0.733333333333333,6,20,kalman-gm,0.681133075162703,6.65512292030823e-05,0.00055841782014332,-5.59094622932599e-05,0.000337262930153543,0.999909168464084,0.727967163985764,1.0204180199147e-06,1.0204180199147e-06,1.41880103886927e-05,1.41880103886927e-05,0.180477235773431,15,4,0.516009569016354,0.0275988449770422,0.0204834578784516,4400,1.2
222,11,0.733333333333333,6,20,kalman-gm,0.857428496491087,-0.000170613598484592,0.000194706303576997,-0.000321651349655504,0.000512527730710987,1.00020594872862,0.827264551494751,-1.83529237716556e-06,1.83530729580411e-06,2.29147063418955e-05,2.32229371804543e-05,0.180477235773431,15,4,0.534998334122491,0.0492635372793095,0.0505543986248745,4400,1.2
223,11,0.733333333333333,6,20,kalman-gm,0.700443572975692,-1.51201268807744e-05,4.32667743618609e-05,-2.75270099025982e-05,5.2068961477002e-05,1.00001956996197,0.768183710026748,1.68152282253864e-07,1.6822752150758e-07,1.88526183122983e-06,1.88526183122983e-06,0.180477235773431,15,4,0.435950080593072,0.00890997008525208,0.0184060494646461,4400,1.2
224,11,0.733333333333333,6,20,kalman-gm,0.421163045800885,-0.000595560760443439,0.00084299360258879,-0.000309269518567813,0.000393197315354995,1.00172783807823,0.341072355041669,4.34009653495215e-06,4.34086580294035e-06,2.62164764929707e-05,2.62164764929707e-05,0.180477235773431,15,4,0.512413413005817,0.0391686366041943,0.059758835017834,4400,1.2
225,11,0.733333333333333,6,20,kalman-gm,0.373507593299514,0.000525385714110638,0.000539346199627311,4.87406997309292e-05,0.000124426180760399,0.998813232739852,0.440433982995156,9.46904789456138e-07,1.0022036093571e-06,6.98677782146051e-06,6.98677782146051e-06,0.180477235773431,15,4,0.363595237127995,0.0214319121357579,0.0220236381732213,4400,1.2
226,11,0.733333333333333,6,20,kalman-gm,0.583349788947039,0.000634945526926128,0.000744359416911228,0.0010091790672566,0.00103694831175347,0.998824512149292,0.527711184407811,4.34282978419576e-06,4.35355484776079e-06,5.54461053432453e-05,5.54461053432453e-05,0.180477235773431,15,4,0.480945970927857,0.0289759331007996,0.023494870801871,4400,1.2
227,11,0.733333333333333,6,20,kalman-gm,0.918427650421985,0.00115714922925295,0.00116660175183411,0.000524523737840901,0.00113134347412322,0.998697621050241,0.884862969225516,4.15090971061238e-06,4.15090971061238e-06,7.77839614676218e-05,7.77839614676218e-05,0.180477235773431,15,4,0.531154261193607,0.0506846367876097,0.0581590423121265,4400,1.2
228,11,0.733333333333333,6,20,kalman-gm,0.882977028523904,9.97068189473316e-07,7.30177038481605e-05,0.000155982720819341,0.00027904481926579,0.999998889820427,0.896980394420676,-1.21500436426197e-06,1.21500436426197e-06,1.63623610189377e-05,1.67968976045769e-05,0.180477235773431,15,4,0.563560239656357,0.0233769642460593,0.0286853064280663,4400,1.2
229,11,0.733333333333333,6,20,kalman-gm,0.337913240441904,0.000228503146167278,0.000319125480293139,-5.38786561644022e-06,9.34941511162962e-05,0.999412865355264,0.382881122071103,1.59961133123221e-06,1.6183948561288e-06,7.02698805058077e-06,7.02698805058077e-06,0.180477235773431,15,4,0.382131353755445,0.0163041772660388,0.021740914965573,4400,1.2
230,11,0.733333333333333,6,20,kalman-gm,0.335910998664979,-7.09848847561895e-05,7.18989597181169e-05,-0.000760709849859555,0.000761933189368491,1.00018957701897,0.372737683729742,8.05948583759708e-08,8.40693311465746e-08,1.45610167502308e-06,1.75015583730176e-06,0.180477235773431,15,4,0.380267980815291,0.0154046963660083,0.020952296372994,4400,1.2
201,11,0.733333333333333,6,20,mean,0.255017339343908,0.00136009494151104,0.00151359531227622,0.0194303610331533,0.0194303610331533,0.992155477701661,0.167473704781442,-3.01894508524248e-06,3.01906173521549e-06,-4.90354097534501e-05,4.90354097534501e-05,0.180477235773431,15,4,0.466755736045856,0.0273682551505764,0.0437524636814128,4400,1.2
202,11,0.733333333333333,6,20,mean,0.265746187490233,-0.000903653925307565,0.0010015471973631,-0.000637811142857563,0.00125661550239612,1.00343361955277,0.258867349515969,3.78236244582275e-06,3.80218695709422e-06,0.000125070234262833,0.000125070234262833,0.180477235773431,15,4,0.337127607467868,0.0420815572761454,0.0428636499675497,4400,1.2
203,11,0.733333333333333,6,20,mean,0.210691349248003,0.00104795083495844,0.00104795083495844,0.00274317168290168,0.00275350481945946,0.995144085715304,0.206902212591928,-5.17055309241371e-06,5.17055309241371e-06,-4.67757400328903e-05,4.67757400328903e-05,0.180477235773431,15,4,0.401144172872111,0.0243107126893213,0.0395207385767278,4400,1.2
204,11,0.733333333333333,6,20,mean,0.359495153802557,-0.00017977045510357,0.000256534680989351,-0.000392116880402514,0.000630366442635091,1.00081126882664,0.217842580978289,3.4019544194186e-08,1.72872851066097e-07,-5.21776209430545e-05,5.21776209430545e-05,0.180477235773431,15,4,0.579430800871937,0.0209766716273472,0.0440506952182305,4400,1.2
205,11,0.733333333333333,6,20,mean,0.70015870254017,-0.000460662612643387,0.0004606654340711,-0.0042169890930061,0.0042169890930061,1.00069302382873,0.663047877957158,1.02486196965387e-05,1.02486196965387e-05,0.000195705131098152,0.000195705131098152,0.180477235773431,15,4,0.467951228246353,0.0346285617355325,0.0419716339516236,4400,1.2
206,11,0.733333333333333,6,20,mean,0.704274218716452,0.000451683468975744,0.000458238808880967,-3.8135857577114e-05,0.000208313245061617,0.999293256393699,0.63282332701753,4.46947817955845e-07,4.4695452194321e-07,1.0616814738576e-05,1.0616814738576e-05,0.180477235773431,15,4,0.43686325361451,0.0312582765105379,0.0456743817396608,4400,1.2
207,11,0.733333333333333,6,20,mean,0.38959595460555,5.43754070254282e-05,0.000200862630487417,0.000127105668779263,0.000170760401644139,0.999849716732282,0.356031122283824,-1.65483387353921e-06,1.65542351632936e-06,-1.27229667114631e-05,1.27229667114631e-05,0.180477235773431,15,4,0.43440455722489,0.0222700365839381,0.0424199375861902,4400,1.2
208,11,0.733333333333333,6,20,mean,0.521825513218961,-0.000193095957707234,0.000368791871151053,-0.000263115875719087,0.000549869893665988,1.00034417167477,0.552859680883672,1.52885073488596e-06,1.52885073488596e-06,1.28052459119962e-05,1.28052459119962e-05,0.180477235773431,15,4,0.450823932121343,0.0619244828104798,0.0471882478651615,4400,1.2
209,11,0.733333333333333,6,20,mean,0.757883941146569,0.00294117819381107,0.00294117819381107,-0.00347326769357239,0.0042029810137061,0.996358615890268,0.803141158376548,2.04832357891566e-05,2.04832357891566e-05,0.000195178870272724,0.000195178870272724,0.180477235773431,15,4,0.551191779325808,0.03860901806324,0.0460187884855854,4400,1.2
210,11,0.733333333333333,6,20,mean,0.698492318522336,-0.000154898363771383,0.000812026001346156,0.00204788829427436,0.00216144768020428,1.00024308710331,0.632276588186961,2.44336603101788e-06,2.44336603101788e-06,8.18552585956075e-06,1.21148331081163e-05,0.180477235773431,15,4,0.558393236499258,0.0226922755051064,0.0475818587777659,4400,1.2
211,11,0.733333333333333,6,20,mean,0.256447192560495,0.00143137205837764,0.00143139452028922,0.00245746825637819,0.00245746825637819,0.995442654121822,0.306151016247885,4.53174244680332e-06,4.53177153845463e-06,3.85043866076512e-05,3.85043866076512e-05,0.180477235773431,15,4,0.309634891621081,0.0447130704320937,0.0409873349060814,4400,1.2
212,11,0.733333333333333,6,20,mean,0.249945913385791,-8.62966402758736e-06,0.000285054738217921,0.000320447676664161,0.000457385374208598,1.00002669185933,0.314868010952861,-5.00703059959362e-07,5.27049165573168e-07,-1.51673320296922e-05,1.51673320296922e-05,0.180477235773431,15,4,0.521724068471311,0.033009785808113,0.0375285114251249,4400,1.2
213,11,0.733333333333333,6,20,mean,0.674500413219376,-0.000717258981871421,0.000717671984508789,-0.0056105440045652,0.0056105440045652,1.00107318630133,0.667182613153813,-3.42209577569585e-07,3.98263921697062e-07,-0.00010285105645565,0.00010285105645565,0.180477235773431,15,4,0.383371798597911,0.0309326364757914,0.0404613308215386,4400,1.2
214,11,0.733333333333333,6,20,mean,0.467051609443533,0.000422624668477201,0.000485438741906846,0.000244407039384821,0.000892114225867978,0.999128091944039,0.478784039865728,-9.72459847961571e-07,1.54046969841615e-06,8.36235352800274e-05,8.36235352800274e-05,0.180477235773431,15,4,0.394756011529983,0.0723831284845894,0.0515975495484553,4400,1.2
215,11,0.733333333333333,6,20,mean,0.445369691392905,-0.00189341082270199,0.00203747142042307,-0.00394298830362359,0.00394630871945461,1.00565201392476,0.330180892972715,5.347909189371e-06,5.34993237673864e-06,4.27719787528474e-05,4.27719787528474e-05,0.180477235773431,15,4,0.523508679326405,0.0320037482643893,0.0438182804416312,4400,1.2
216,11,0.733333333333333,6,20,mean,0.847435176278389,-2.65922539803065e-05,5.24792638246674e-05,0.000106080344573219,0.000116432275326542,1.00002930579448,0.905597032009408,-6.33982880926531e-07,6.33982880926531e-07,1.43149774789297e-06,1.96516659512314e-06,0.180477235773431,15,4,0.4964430280691,0.0233937558495787,0.039140822923157,4400,1.2
217,11,0.733333333333333,6,20,mean,0.358935008707022,-0.000144308257665443,0.00030316358141384,0.000387821255789816,0.000850322547683728,1.00030017108633,0.470517195633872,-4.68693773847395e-07,4.68693773847395e-07,-8.9590899328934e-06,8.9590899328934e-06,0.180477235773431,15,4,0.524622125226402,0.0398264115488046,0.0408928115998224,4400,1.2
218,11,0.733333333333333,6,20,mean,0.349844227102502,0.000379549057518347,0.000945000058323348,-0.000649851748160859,0.00107789746924791,0.998868872048328,0.327667650461983,5.77072895379394e-06,5.77203339396648e-06,6.86892699697039e-05,6.86892699697039e-05,0.180477235773431,15,4,0.34079282210173,0.124910164987755,0.0554928100345635,4400,1.2
219,11,0.733333333333333,6,20,mean,0.496912445828087,-0.00135544524067459,0.00137159569491956,0.00100239985550959,0.00230894984193572,1.00240286022423,0.561117024511977,-4.54899661447294e-06,4.58581183913065e-06,-0.000127869697719989,0.000127869697719989,0.180477235773431,15,4,0.401050998237803,0.04572184963339,0.0437951765652236,4400,1.2
220,11,0.733333333333333,6,20,mean,0.27818400380262,0.00113890777339135,0.00114240136766338,0.000947804435495968,0.00100132980771148,0.995833493975007,0.267872254425793,5.43063479388484e-06,5.50386867109176e-06,5.34772817128754e-05,5.34772817128754e-05,0.180477235773431,15,4,0.458408353702647,0.0447728380276712,0.0414690126457876,4400,1.2
221,11,0.733333333333333,6,20,mean,0.681133075162703,-0.000210125649422727,0.000475530558873144,-0.000213439650781306,0.000395604710782738,1.00028678712175,0.728001854118742,4.62524976757583e-07,5.57772757156516e-07,3.84995992686404e-06,7.25848745896568e-06,0.180477235773431,15,4,0.516447435586974,0.035342591089302,0.0403663186416119,4400,1.2
222,11,0.733333333333333,6,20,mean,0.857428496491087,-0.00015992239158753,0.000186950254778195,-0.000327321452824982,0.000500236630089188,1.00019304330674,0.827289803125719,-1.81686954935367e-06,1.81688646566924e-06,2.03519881848799e-05,2.0749379862596e-05,0.180477235773431,15,4,0.536201504466934,0.0486354803532625,0.0529440290153231,4400,1.2
223,11,0.733333333333333,6,20,mean,0.700443572975692,-0.000100745518510925,0.000127034531114489,-0.000365718792963224,0.000381417062974551,1.000130394803,0.768183543233055,3.84895573996014e-08,1.31940916633932e-07,-1.28924304183675e-05,1.28924304183675e-05,0.180477235773431,15,4,0.435424819742581,0.0178073707215766,0.0402206935191765,4400,1.2
224,11,0.733333333333333,6,20,mean,0.421163045800885,0.000247516284082791,0.000590732768338845,0.00160610041905886,0.00166017450274986,0.999281906920294,0.340353464142367,5.32103152180163e-07,1.24203956736041e-06,-8.69440972662186e-05,8.69440972662186e-05,0.180477235773431,15,4,0.511567632053687,0.037849272657022,0.0479064721186906,4400,1.2
225,11,0.733333333333333,6,20,mean,0.373507593299514,0.000382865394609902,0.000453968463388829,-4.2063308895815e-05,0.000126505322289144,0.99913516469298,0.440437564464165,4.58824993987417e-07,4.58825231536286e-07,1.10466329235059e-07,1.22071814801838e-06,0.180477235773431,15,4,0.363748674950695,0.0289331345074839,0.040957492066001,4400,1.2
226,11,0.733333333333333,6,20,mean,0.583349788947039,0.000261336772553417,0.000530041021541067,0.000252128681687689,0.000322882029208407,0.999516181801347,0.527711554907561,6.94535824441456e-07,1.16834108257746e-06,1.92193565249665e-05,1.92193565249665e-05,0.180477235773431,15,4,0.481676015580471,0.0333550225644534,0.0397013673142483,4400,1.2
227,11,0.733333333333333,6,20,mean,0.918427650421985,0.00185510818522654,0.00185524172721753,-0.000668910486285648,0.00169105782836201,0.997912063726193,0.885036137445155,8.85339788854605e-06,8.85339788854605e-06,0.000175502229517163,0.000175502229517163,0.180477235773431,15,4,0.531309205487431,0.0679526387328723,0.0590364874507404,4400,1.2
228,11,0.733333333333333,6,20,mean,0.882977028523904,0.000143755943211871,0.00014858271792802,-7.42087725692087e-05,0.000486545722541858,0.999839935810422,0.896606382664975,-8.22283167743049e-07,8.32084168538721e-07,6.00102814398221e-05,6.04211538360322e-05,0.180477235773431,15,4,0.56333764365351,0.0290432283681877,0.0497159879774985,4400,1.2
229,11,0.733333333333333,6,20,mean,0.337913240441904,0.000452513256141904,0.000485694035646303,3.26273504181118e-05,0.000164946030612073,0.99883727548465,0.38281943862463,1.48239027987773e-06,1.48902949453356e-06,6.42045702366367e-06,6.42045702366367e-06,0.180477235773431,15,4,0.383806783640562,0.0217269802603979,0.0391711691813521,4400,1.2
230,11,0.733333333333333,6,20,mean,0.335910998664979,-0.000787952994606456,0.000788043909134728,-0.000737778562964933,0.000737778562964933,1.00210436039051,0.374049581234245,1.28584729910952e-07,1.3545924879288e-07,-2.41903190407844e-06,2.4951725694311e-06,0.180477235773431,15,4,0.381720377939458,0.0170787586959556,0.0380383078253779,4400,1.2
201,11,0.733333333333333,6,20,none,0.255017339343908,0.00397377693040107,0.00411271198891321,0.0309318479299788,0.0309318479299788,0.977080731066814,0.166123422932317,-3.26062478809647e-05,3.26062478809647e-05,-0.000409996158149373,0.000409996158149373,0.048127262872915,4,4,0.651283116371821,NaN,NaN,0,1.2
202,11,0.733333333333333,6,20,none,0.265746187490233,0.0049023515389845,0.00511486908171565,0.00226417937234095,0.00388740087088516,0.981372503756828,0.254430762178025,2.49671750762015e-05,2.50516767789644e-05,0.000407433814567791,0.000407433814567791,0.048127262872915,4,4,0.470036416810565,NaN,NaN,0,1.2
203,11,0.733333333333333,6,20,none,0.210691349248003,-0.00797286725428127,0.00797286725428127,-0.0202000100065912,0.0202000100065912,1.03694406139921,0.222094581987883,6.28046690911446e-05,6.28046690911446e-05,0.000686882595245998,0.000686882595245998,0.048127262872915,4,4,0.436160498423298,NaN,NaN,0,1.2
204,11,0.733333333333333,6,20,none,0.359495153802557,-0.0018457088978641,0.00236243571353702,0.0144103821389402,0.0146351049099914,1.00832932247416,0.221089364267542,9.11495697880293e-05,9.11495697880293e-05,0.0016761293081249,0.0016761293081249,0.048127262872915,4,4,0.674153122207125,NaN,NaN,0,1.2
205,11,0.733333333333333,6,20,none,0.70015870254017,-0.00417817231864079,0.00419494162786621,-0.0194009529055401,0.0194009529055401,1.00628566959398,0.666224832698608,4.98887022689631e-06,5.47797066492162e-06,0.000314412658102263,0.000314412658102263,0.048127262872915,4,4,0.514246933053527,NaN,NaN,0,1.2
206,11,0.733333333333333,6,20,none,0.704274218716452,-0.000736721949115721,0.00119579460112908,-0.003154978113921,0.00316508498225583,1.00115273983425,0.638448939489986,2.35312341665295e-05,2.36998692657475e-05,0.000225254241865722,0.000225254241865722,0.048127262872915,4,4,0.507576222298768,NaN,NaN,0,1.2
207,11,0.733333333333333,6,20,none,0.38959595460555,-0.00676089197144504,0.00676089197144504,0.00145678268688421,0.00465878961355523,1.01868581761013,0.365664350608041,6.3396760220405e-05,6.3396760220405e-05,0.000425006673108289,0.000425006673108289,0.048127262872915,4,4,0.582486813877754,NaN,NaN,0,1.2
208,11,0.733333333333333,6,20,none,0.521825513218961,0.00699083226951429,0.00700791938736892,0.0113192691952403,0.0178047519922462,0.987539633253762,0.552317281325733,4.34762306756445e-05,4.34811259300102e-05,0.00125203145521794,0.00125203145521794,0.048127262872915,4,4,0.546105723784237,NaN,NaN,0,1.2
209,11,0.733333333333333,6,20,none,0.757883941146569,0.000575920165209998,0.00137772268356255,-0.0173780185103894,0.0173780185103894,0.999286970594817,0.803318918441605,0.00015340014341631,0.00015340014341631,0.00152021340343395,0.00152021340343395,0.048127262872915,4,4,0.640954987186377,NaN,NaN,0,1.2
210,11,0.733333333333333,6,20,none,0.698492318522336,-0.00535595782316128,0.00536622910522554,-0.0170959187008454,0.0170959187008454,1.00840528099199,0.641294605758603,3.58158359428699e-05,3.58823377923111e-05,0.00014342682631373,0.00023540070894306,0.048127262872915,4,4,0.617974662749,NaN,NaN,0,1.2
211,11,0.733333333333333,6,20,none,0.256447192560495,0.00646764373889186,0.00653315972296706,0.0118867000516454,0.0118867000516454,0.979407667375896,0.306310539473288,3.51173761704848e-06,6.010600046083e-06,4.02106089351684e-05,4.02106089351684e-05,0.048127262872915,4,4,0.420371451312458,NaN,NaN,0,1.2
212,11,0.733333333333333,6,20,none,0.249945913385791,0.00431307358803289,0.00514582589696776,0.0105133026580743,0.0105133026580743,0.986659509208014,0.317839734264661,3.29041803942692e-05,3.29041803942692e-05,0.000312310599235881,0.000312310599235881,0.048127262872915,4,4,0.654556268377121,NaN,NaN,0,1.2
213,11,0.733333333333333,6,20,none,0.674500413219376,-0.00402580439810877,0.00433461792501192,-0.0114421481523348,0.0114421481523348,1.00602353995009,0.668316722183181,-9.271440659675e-06,9.87876520981423e-06,-0.000305502009373728,0.000305502009373728,0.048127262872915,4,4,0.526470953217304,NaN,NaN,0,1.2
214,11,0.733333333333333,6,20,none,0.467051609443533,0.00894079831576173,0.00898646215766803,0.00313853660249044,0.00692149206452874,0.9815544272266,0.473816823981393,8.19787637791614e-05,8.19787637791614e-05,0.00074914683393879,0.00074914683393879,0.048127262872915,4,4,0.486716748546516,NaN,NaN,0,1.2
215,11,0.733333333333333,6,20,none,0.445369691392905,-0.00334836318952473,0.00445411951226228,-0.00719878607084855,0.00719878607084855,1.00999518706951,0.335898725327928,3.04903150863456e-05,3.04903150863456e-05,0.000393782991046075,0.000393782991046075,0.048127262872915,4,4,0.614827567064501,NaN,NaN,0,1.2
216,11,0.733333333333333,6,20,none,0.847435176278389,0.000456899666128752,0.000623805907465647,0.000942395998640965,0.00534124017969634,0.999496477142477,0.904771055201652,4.81590020363173e-05,4.82035783417947e-05,0.00034904979539262,0.000376685405253046,0.048127262872915,4,4,0.607480170445204,NaN,NaN,0,1.2
217,11,0.733333333333333,6,20,none,0.358935008707022,0.010066455115809,0.010066455115809,-0.00100904741684926,0.00767605770576286,0.979061082044225,0.467142049345119,1.977682552122e-05,1.977682552122e-05,0.000170134051008912,0.000170134051008912,0.048127262872915,4,4,0.571307280756468,NaN,NaN,0,1.2
218,11,0.733333333333333,6,20,none,0.349844227102502,-0.00869795317530544,0.00869795317530544,-0.0173014085172359,0.0173014085172359,1.02592154495983,0.342544969853448,2.60242826205043e-05,2.66085554076673e-05,0.000171270963622104,0.000171270963622104,0.048127262872915,4,4,0.492912775705622,NaN,NaN,0,1.2
219,11,0.733333333333333,6,20,none,0.496912445828087,0.00403187358253569,0.00403187358253569,-0.00570534321539485,0.0059464852096641,0.992852511949663,0.557401717084902,2.79907407043256e-05,2.79907407043256e-05,0.000254583294881485,0.000254583294881485,0.048127262872915,4,4,0.483405878985507,NaN,NaN,0,1.2
220,11,0.733333333333333,6,20,none,0.27818400380262,0.00105809309813242,0.00167221220336372,-0.00554921006315866,0.00582457663450475,0.99612914111979,0.270863448305994,1.25933526654604e-05,1.44381712583214e-05,0.000456317141741414,0.000456317141741414,0.048127262872915,4,4,0.537580845564062,NaN,NaN,0,1.2
221,11,0.733333333333333,6,20,none,0.681133075162703,0.00374325689637608,0.00381607395812606,-0.0011561144454458,0.002780714582774,0.99489106696757,0.728603047594283,7.88913114698142e-05,7.88913114698142e-05,0.000762544676589783,0.000762544676589783,0.048127262872915,4,4,0.564123910673219,NaN,NaN,0,1.2
222,11,0.733333333333333,6,20,none,0.857428496491087,9.46997551048989e-07,0.000674432907055905,0.00624326183001779,0.00825761178529603,0.999998856873407,0.826659324198032,-7.98312493908715e-06,7.98312493908715e-06,-0.000796374032453422,0.000796374032453422,0.048127262872915,4,4,0.759908543457832,NaN,NaN,0,1.2
223,11,0.733333333333333,6,20,none,0.700443572975692,0.00297673048393448,0.00297673048393448,-0.000954029405547222,0.00187991844841894,0.996147221327705,0.765148150711635,1.01138152711427e-05,1.01138152711427e-05,0.000291861318999203,0.000291861318999203,0.048127262872915,4,4,0.600992345446118,NaN,NaN,0,1.2
224,11,0.733333333333333,6,20,none,0.421163045800885,-0.000904484651674206,0.00186294451401738,-0.00944699924160963,0.0117648992001021,1.00262408661909,0.342422270150887,7.61261131166285e-05,7.61780243637655e-05,0.00113103068361286,0.00113103068361286,0.048127262872915,4,4,0.658355608433174,NaN,NaN,0,1.2
225,11,0.733333333333333,6,20,none,0.373507593299514,0.00186646356310424,0.00225521769787315,0.00207807161221274,0.00297227853096105,0.995783939704755,0.437179897576281,4.38041784544541e-06,4.38041784544541e-06,-5.75885966618495e-05,7.51054995359135e-05,0.048127262872915,4,4,0.52650791131114,NaN,NaN,0,1.2
226,11,0.733333333333333,6,20,none,0.583349788947039,-0.00964747901543942,0.00982986470863331,-0.00559325887341921,0.00560130581949594,1.01786057841452,0.54555290192166,7.01477272656598e-05,7.01477272656598e-05,0.000464256580269096,0.000464256580269096,0.048127262872915,4,4,0.686019039101468,NaN,NaN,0,1.2
227,11,0.733333333333333,6,20,none,0.918427650421985,0.00527787402186728,0.00527787402186728,-0.00522904616040108,0.00962307810825342,0.994059718615553,0.882148417468608,7.78551878101927e-05,7.78551878101927e-05,0.00118573404757605,0.00118573404757605,0.048127262872915,4,4,0.581684771799151,NaN,NaN,0,1.2
228,11,0.733333333333333,6,20,none,0.882977028523904,-0.000927828319255086,0.00100569169378331,-0.00319533289309118,0.00319533289309118,1.00103308485668,0.897766054404246,2.2965306362082e-05,2.29761185737691e-05,0.000280824689684964,0.000280824689684964,0.048127262872915,4,4,0.568974517511927,NaN,NaN,0,1.2
229,11,0.733333333333333,6,20,none,0.337913240441904,-0.00172877128890633,0.00197562453510849,0.00316561967914022,0.00475699393153039,1.00444204613182,0.384106213159189,3.46125825084476e-06,4.37034967069316e-06,0.000205519110773678,0.000205519110773678,0.048127262872915,4,4,0.557425021448612,NaN,NaN,0,1.2
230,11,0.733333333333333,6,20,none,0.335910998664979,-0.00302917438186112,0.00302917438186112,-0.0125369567284529,0.0125369567284529,1.00808991732855,0.375897993881708,4.20567062023314e-07,1.20422704224799e-06,-0.000427305025272163,0.000428173445995093,0.048127262872915,4,4,0.522734847044421,NaN,NaN,0,1.2
201,11,0.733333333333333,10.2,34,hold,0.255017339343908,-0.00176142872098512,0.00215610945917108,-0.000117037640152667,0.00287421293104749,1.01018609798618,0.171470545704654,2.14005978783855e-05,2.18836408969567e-05,0.000177413181541238,0.000177413181541238,0.180477235773431,15,4,0.468523639828595,0.0510360242339417,0.100847990189642,7480,1.2
202,11,0.733333333333333,10.2,34,hold,0.265746187490233,0.00126509265362557,0.00171803167854816,0.00393630698633887,0.00408620324607221,0.995206333074569,0.25867572035931,1.67768430174053e-05,1.67768430174053e-05,0.00016888266179957,0.00016888266179957,0.180477235773431,15,4,0.341589971856576,0.0601716282818056,0.0968401390138713,7480,1.2
203,11,0.733333333333333,10.2,34,hold,0.210691349248003,0.00265593726428484,0.0026562736847172,0.00392878043842868,0.00397251532450328,0.987447802747052,0.195945803079973,1.01853788787355e-05,1.02000966931341e-05,6.17558296007556e-05,6.17558296007556e-05,0.180477235773431,15,4,0.405039523529324,0.0438050770620452,0.10510533439244,7480,1.2
204,11,0.733333333333333,10.2,34,hold,0.359495153802557,-0.0061386937396481,0.00614244502214958,0.00148045795102519,0.00407503299776155,1.02790735842997,0.223092915872852,4.04766792904932e-05,4.04804055498988e-05,0.00035771347246891,0.00035771347246891,0.180477235773431,15,4,0.577057755931968,0.0851871501336713,0.209815530432248,7480,1.2
205,11,0.733333333333333,10.2,34,hold,0.70015870254017,0.00280709477554561,0.00280824592383368,0.000568044136379762,0.00176891318650952,0.995766085283359,0.652760136114872,2.49317065803638e-05,2.49317065803638e-05,0.000230975946186655,0.000230975946186655,0.180477235773431,15,4,0.465025323052885,0.0488062541883212,0.0895542731534791,7480,1.2
206,11,0.733333333333333,10.2,34,hold,0.704274218716452,7.97287054438287e-05,0.000863436207320669,0.000514519302522479,0.00133979352905599,0.999874520751525,0.629089857066596,2.46248352214011e-05,2.46248392681607e-05,0.000230043365575702,0.000230043365575702,0.180477235773431,15,4,0.435456815708303,0.0855765442981546,0.161601540280082,7480,1.2
207,11,0.733333333333333,10.2,34,hold,0.38959595460555,-0.0009935740574929,0.00109829754971334,0.00015983457288371,0.000695753954256453,1.00276482059695,0.356707333682932,7.04015277501224e-06,7.04329433364965e-06,0.000136770845608806,0.000136770845608806,0.180477235773431,15,4,0.433699533190106,0.0657332270417119,0.133220268486372,7480,1.2
208,11,0.733333333333333,10.2,34,hold,0.521825513218961,0.00371802418060706,0.00377357365365514,0.00693532177393178,0.00693532177393178,0.993473977492767,0.552835099501913,2.57300554238795e-05,2.57300554238795e-05,0.000317224640619735,0.000317224640619735,0.180477235773431,15,4,0.458754413208922,0.0875938128923531,0.139419798712969,7480,1.2
209,11,0.733333333333333,10.2,34,hold,0.757883941146569,0.00568208696768006,0.00568208696768006,0.00371360360163981,0.00448425988926254,0.992945290106737,0.786326379493768,9.40189537720593e-05,9.40189537720593e-05,0.00102434848540731,0.00102434848540731,0.180477235773431,15,4,0.55223343039573,0.0976752435242145,0.17619125768298,7480,1.2
210,11,0.733333333333333,10.2,34,hold,0.698492318522336,0.000929476502966885,0.00177169884735832,-0.000307434328363377,0.0026680359819234,0.998533512341042,0.622976671669174,4.92033027688391e-05,4.92033027688391e-05,0.00051242710386186,0.00051242710386186,0.180477235773431,15,4,0.552503142697732,0.075683973409411,0.171620085297033,7480,1.2
211,11,0.733333333333333,10.2,34,hold,0.256447192560495,-5.98983513911476e-05,0.000602163126331702,0.000391490707269442,0.00100277184016186,1.00018763206145,0.306151372936052,3.15386335358717e-06,3.15390196224919e-06,5.03543565543091e-05,5.03543565543091e-05,0.180477235773431,15,4,0.311623780338759,0.0334235178577253,0.0477345072200688,7480,1.2
212,11,0.733333333333333,10.2,34,hold,0.249945913385791,0.00152717491159728,0.001561766888353,0.00107723037190144,0.001522649118531,0.995344799889201,0.314869112257945,1.192423263008e-05,1.19247953035009e-05,0.000143211449676814,0.000143211449676814,0.180477235773431,15,4,0.523802718264396,0.0634811086584377,0.102656401581217,7480,1.2
213,11,0.733333333333333,10.2,34,hold,0.674500413219376,0.00149103221415599,0.00153734683921656,0.000454121012860651,0.000550571912648843,0.997770067714797,0.665747731428105,3.22255145635977e-06,3.25998673932479e-06,4.23276305750353e-05,4.23276305750353e-05,0.180477235773431,15,4,0.380419324632338,0.0266822546374706,0.0518103541703043,7480,1.2
214,11,0.733333333333333,10.2,34,hold,0.467051609443533,0.00675495129065462,0.00683533476595526,0.00943673026182441,0.00943673026182441,0.986179439726617,0.478892580694494,-1.40310190458639e-05,1.40537261800858e-05,-5.80905090510131e-05,5.80905090510131e-05,0.180477235773431,15,4,0.394837058425326,0.103922462851378,0.166416347577916,7480,1.2
215,11,0.733333333333333,10.2,34,hold,0.445369691392905,0.00198272493471008,0.00205975733948844,0.00549408596167917,0.00552735401836491,0.993955128498568,0.310055793798356,2.99383768214341e-05,2.99496234928486e-05,0.000417232537169271,0.000417232537169271,0.180477235773431,15,4,0.526578555437128,0.0581599698532427,0.0940667031231035,7480,1.2
216,11,0.733333333333333,10.2,34,hold,0.847435176278389,0.000675086743977205,0.000678501175183389,0.000287865211019336,0.000407587037971457,0.999256478801489,0.905592313362548,3.1880029661669e-06,3.19839293682688e-06,5.14729153385138e-05,5.14729153385138e-05,0.180477235773431,15,4,0.494929108300336,0.0222955076984253,0.0498976909180091,7480,1.2
217,11,0.733333333333333,10.2,34,hold,0.358935008707022,0.00116720381077515,0.00130564859652535,-0.000226778278520463,0.00192965337872515,0.997604312959087,0.470518818677224,4.60021513055882e-06,4.60602000215856e-06,8.41611018024618e-05,8.41611018024618e-05,0.180477235773431,15,4,0.52355802809292,0.0680984159452763,0.0934391788572979,7480,1.2
218,11,0.733333333333333,10.2,34,hold,0.349844227102502,-0.000793670613277481,0.0015023017249819,0.000476831791283435,0.00111086045399912,1.0024183304993,0.314078874359751,2.5411919343596e-05,2.54123893711489e-05,0.000220724108442174,0.000220724108442174,0.180477235773431,15,4,0.346595790788529,0.115919623109164,0.0650533245201039,7480,1.2
219,11,0.733333333333333,10.2,34,hold,0.496912445828087,-0.00445846106491852,0.00448118178015523,-0.00180010551860103,0.00198525347743721,1.00791361331615,0.561117024980072,5.06981901770956e-06,6.6065090963881e-06,5.63663380721641e-05,5.63663380721641e-05,0.180477235773431,15,4,0.394209315538905,0.065508456252608,0.0823676963262931,7480,1.2
220,11,0.733333333333333,10.2,34,hold,0.27818400380262,-0.0012197506731331,0.0016428336687991,-0.00554125139711747,0.00554125139711747,1.00450921229614,0.26734662107568,4.39026793644806e-05,4.39065858621909e-05,0.000487393163964848,0.000487393163964848,0.180477235773431,15,4,0.458031560181663,0.0616928321985797,0.068556433281409,7480,1.2
221,11,0.733333333333333,10.2,34,hold,0.681133075162703,0.00263472121249903,0.00263476454852634,0.00192857217977498,0.00197934108508745,0.996412938671686,0.727926470049191,2.06033916712483e-05,2.06033916712483e-05,0.0002040137157617,0.0002040137157617,0.180477235773431,15,4,0.515329629382529,0.0498932314211027,0.0641710090342116,7480,1.2
222,11,0.733333333333333,10.2,34,hold,0.857428496491087,0.000581737195299499,0.000625913923097018,-0.00461288453726824,0.00568095419567063,0.999297201785304,0.82551902368094,3.89969658686011e-06,4.05650732633682e-06,0.000475255462128565,0.000475255462128565,0.180477235773431,15,4,0.527300912875323,0.100882143841993,0.170051289410899,7480,1.2
223,11,0.733333333333333,10.2,34,hold,0.700443572975692,4.28238520135633e-05,0.000612313217517176,0.00402442550545163,0.00402442550545163,0.999944756336781,0.768181400927941,3.36385791959453e-06,3.36388037327071e-06,0.000114122636522163,0.000114122636522163,0.180477235773431,15,4,0.438266912609622,0.0276130249392753,0.0515557168336036,7480,1.2
224,11,0.733333333333333,10.2,34,hold,0.421163045800885,-0.00273716468430761,0.00274856688940861,-0.00437313975280407,0.00437313975280407,1.00795057151788,0.343139250124008,4.24749565837516e-06,4.2475078643173e-06,1.66127399890698e-05,2.64870341517981e-05,0.180477235773431,15,4,0.513565082761336,0.100989968530353,0.221902286673597,7480,1.2
225,11,0.733333333333333,10.2,34,hold,0.373507593299514,0.00167451396606944,0.00167926296470809,0.000433220620214107,0.000847995607473794,0.996226947454278,0.440341959730708,8.40176544814053e-06,8.40176556293106e-06,0.000118604184327039,0.000118604184327039,0.180477235773431,15,4,0.363771320298703,0.0447417638492393,0.0689445678686118,7480,1.2
226,11,0.733333333333333,10.2,34,hold,0.583349788947039,-0.000194164418113887,0.00059177777164894,0.00112717463745093,0.00118252074347936,1.00036418543135,0.518851972861078,4.00265916000975e-06,4.00370134979031e-06,3.21535342040596e-05,3.21535342040596e-05,0.180477235773431,15,4,0.478985172790674,0.0667579088658047,0.0798838157287507,7480,1.2
227,11,0.733333333333333,10.2,34,hold,0.918427650421985,0.00231461151477135,0.00234697500877514,-9.81602554672167e-06,0.00168596526675814,0.997402239463155,0.885541925690913,5.83478178348434e-05,5.8361614175095e-05,0.000480446808590511,0.000480446808590511,0.180477235773431,15,4,0.531790683449545,0.0877944895440334,0.162714261523001,7480,1.2
228,11,0.733333333333333,10.2,34,hold,0.882977028523904,0.00106262972666083,0.00106262972666083,0.00232626235005913,0.0030133984181278,0.998815687818125,0.892383721904817,3.79548682531828e-06,4.18200381073282e-06,0.000190398269330184,0.000190398269330184,0.180477235773431,15,4,0.566509314364837,0.0503789324265697,0.113887138084051,7480,1.2
229,11,0.733333333333333,10.2,34,hold,0.337913240441904,0.000339682159120091,0.000620353915588541,-0.00171662301076211,0.00178239217749293,0.999136127841644,0.382768598510434,1.05055839636002e-05,1.05055839636002e-05,1.29233436500215e-05,2.49110882895781e-05,0.180477235773431,15,4,0.382167123261578,0.0562836129355642,0.0636444543738226,7480,1.2
230,11,0.733333333333333,10.2,34,hold,0.335910998664979,-0.00146319848733721,0.00146857466974843,-0.000669791588926092,0.000695156975654794,1.00392530728437,0.372440065216879,6.00152891995253e-06,6.00167624718791e-06,2.72195906380429e-05,2.72195906380429e-05,0.180477235773431,15,4,0.382846005955474,0.0354402469585224,0.0647401833656989,7480,1.2
201,11,0.733333333333333,10.2,34,kalman,0.255017339343908,0.00452970425395788,0.00460793849573316,0.032825769655494,0.032825769655494,0.973805348561927,0.157491606753155,-1.07077563540345e-05,1.07078348860715e-05,-0.000219522988428143,0.000219522988428143,0.180477235773431,15,4,0.466174134508984,0.0486241565234004,0.0701578292875569,7480,1.2
202,11,0.733333333333333,10.2,34,kalman,0.265746187490233,0.00122463312975333,0.0021312631920753,0.00872321832282438,0.00872321832282438,0.99535964159379,0.256060835906666,1.54394048533627e-05,1.54514466693939e-05,0.000203631284217277,0.000203631284217277,0.180477235773431,15,4,0.331348680555841,0.0641389507051584,0.06764695317354,7480,1.2
203,11,0.733333333333333,10.2,34,kalman,0.210691349248003,0.00222588368153613,0.00222588368153613,0.00282093881398964,0.00285505875887038,0.989480274474675,0.197533509045976,-7.99706640225194e-06,7.99706640225194e-06,-6.68440625674674e-05,6.68440625674674e-05,0.180477235773431,15,4,0.398738351165807,0.0369592276232528,0.0633678391995369,7480,1.2
204,11,0.733333333333333,10.2,34,kalman,0.359495153802557,0.000145534186690306,0.00047777098536191,0.000870875747701934,0.00128747490259269,0.999338381277184,0.215701996687012,-3.25768348937618e-06,3.27895137669346e-06,-4.65959004663852e-05,4.65959004663852e-05,0.180477235773431,15,4,0.577923770084141,0.0382005974821836,0.0771134985623441,7480,1.2
205,11,0.733333333333333,10.2,34,kalman,0.70015870254017,-0.00163854905726994,0.0016385498875532,-0.00706576040205232,0.00706576040205232,1.00247140817188,0.661075843209152,2.49021947561939e-05,2.49021947561939e-05,0.000273292114049397,0.000273292114049397,0.180477235773431,15,4,0.464709933491807,0.0498756493460523,0.069475352370113,7480,1.2
206,11,0.733333333333333,10.2,34,kalman,0.704274218716452,0.000653251890141296,0.000709835755951992,5.23797061756981e-05,0.000674134850231483,0.998971894052664,0.626313461711307,-4.39666624375752e-07,1.62110661454139e-06,-3.3203785904109e-05,3.68667210938045e-05,0.180477235773431,15,4,0.43295657785143,0.056513428546914,0.0819419491067759,7480,1.2
207,11,0.733333333333333,10.2,34,kalman,0.38959595460555,-4.59699781004653e-05,0.000502496533775585,0.000691408182420452,0.000818555659826078,1.0001279207537,0.353881504101225,-7.91732192798861e-06,7.91765387602303e-06,-3.96593836605369e-06,1.2565238955746e-05,0.180477235773431,15,4,0.431585441018207,0.0445878809747581,0.0713889071419191,7480,1.2
208,11,0.733333333333333,10.2,34,kalman,0.521825513218961,-0.000367597887122957,0.00060454634996331,0.00226950506685434,0.00252415024959069,1.00064522229239,0.552859636197613,2.12386826302124e-06,2.12386826302124e-06,-0.00011489494187406,0.000114905875052518,0.180477235773431,15,4,0.451791870787296,0.0879549576699003,0.0794397999615348,7480,1.2
209,11,0.733333333333333,10.2,34,kalman,0.757883941146569,0.00444317563154622,0.00444317563154622,0.00730122688998306,0.00730122688998306,0.994483485510928,0.787849063872307,4.7756080307323e-05,4.7756080307323e-05,0.000361898197524706,0.000361898197524706,0.180477235773431,15,4,0.550544752388637,0.062417730312377,0.0826278584811782,7480,1.2
210,11,0.733333333333333,10.2,34,kalman,0.698492318522336,6.31493196572983e-05,0.00067550928286222,0.00241630694738903,0.00258156875026787,0.999900365746037,0.624829507616976,4.91648597652641e-07,1.56760905837737e-06,4.38006232385643e-06,3.16197894049063e-05,0.180477235773431,15,4,0.552857363599732,0.0468310772348783,0.0848250880589241,7480,1.2
211,11,0.733333333333333,10.2,34,kalman,0.256447192560495,0.0011674023684659,0.00119463871086868,0.0017701786279312,0.00179460954327225,0.996343102809243,0.30615100967483,1.03654007504303e-05,1.03654175957855e-05,8.9074100559165e-05,8.9074100559165e-05,0.180477235773431,15,4,0.3101286530417,0.057301522797367,0.0641395092507584,7480,1.2
212,11,0.733333333333333,10.2,34,kalman,0.249945913385791,0.00185933200917532,0.00202534114321794,-0.000327169791277371,0.000779344735684395,0.994332304368415,0.314867923856407,-8.89890304199069e-06,8.91331403426275e-06,-7.718014660826e-05,7.718014660826e-05,0.180477235773431,15,4,0.521127314014959,0.0479689750951365,0.0602120868182565,7480,1.2
213,11,0.733333333333333,10.2,34,kalman,0.674500413219376,-0.00251768336083748,0.002517930773429,-0.00581176772332653,0.00581176772332653,1.00376535352955,0.667182606741944,-6.57254579407051e-06,6.60514705623423e-06,-0.000158415009466079,0.000158415009466079,0.180477235773431,15,4,0.383879110432296,0.042993720382406,0.0637186105366858,7480,1.2
214,11,0.733333333333333,10.2,34,kalman,0.467051609443533,0.0007285615700341,0.000817396237130196,-0.000327323769202495,0.00102402242853657,0.998509370584884,0.478783862683169,5.87871591564214e-06,7.27602425782501e-06,0.000141073803691439,0.000141073803691439,0.180477235773431,15,4,0.390694509446144,0.107435198464265,0.090521031515979,7480,1.2
215,11,0.733333333333333,10.2,34,kalman,0.445369691392905,-0.00492788469736811,0.00499310822109582,-0.0047275490066667,0.00480704116522625,1.01502398504602,0.319706891326472,1.73238614631235e-05,1.73249932809003e-05,2.96368476816641e-05,3.91051183504457e-05,0.180477235773431,15,4,0.520417512769965,0.0479811950682144,0.0687486854436129,7480,1.2
216,11,0.733333333333333,10.2,34,kalman,0.847435176278389,-8.38349850635029e-05,0.000203617917891458,-0.000190151695428096,0.000278880239892176,1.00009233345067,0.905596850592014,-1.39442002155037e-06,1.39442002155037e-06,-2.72103600777532e-05,2.72103600777532e-05,0.180477235773431,15,4,0.495101049074198,0.0328501655315107,0.062073372305961,7480,1.2
217,11,0.733333333333333,10.2,34,kalman,0.358935008707022,-0.000823646750634796,0.000891670223169754,-0.00110175743694036,0.00121497461785443,1.00169053581608,0.470517272301333,-3.43450593948136e-06,3.43450593948136e-06,-5.66032662214211e-05,5.66032662214211e-05,0.180477235773431,15,4,0.520027673014467,0.0615766527634439,0.065994753955442,7480,1.2
218,11,0.733333333333333,10.2,34,kalman,0.349844227102502,-0.000952772563330469,0.00172450013632872,-0.00246193337151629,0.00248276234438756,1.00290311737672,0.316113080102994,1.91834551948943e-05,1.91842552040871e-05,0.000120388568754636,0.000120388568754636,0.180477235773431,15,4,0.337196155036019,0.156870499835064,0.0893716664271365,7480,1.2
219,11,0.733333333333333,10.2,34,kalman,0.496912445828087,-0.00374994115510962,0.00376036520184011,-0.0028655600944256,0.00319659041660016,1.00665601511996,0.561117024532083,-2.03370214190048e-05,2.03607751378692e-05,-0.000197182216216874,0.000197182216216874,0.180477235773431,15,4,0.395870906953712,0.0688754164250432,0.0711874280985216,7480,1.2
220,11,0.733333333333333,10.2,34,kalman,0.27818400380262,0.00122839331527599,0.00130107624949561,0.00102746064061181,0.00157320444452978,0.995458837315079,0.260394025327988,1.83937169762714e-05,1.84367723750503e-05,0.000154543696742932,0.000154543696742932,0.180477235773431,15,4,0.455828065493422,0.0594576649499437,0.0660779942737455,7480,1.2
221,11,0.733333333333333,10.2,34,kalman,0.681133075162703,-6.91135848512293e-05,0.000985550772885372,0.00263544644388925,0.00263544644388925,1.00009409521824,0.728001212408129,-7.83778798760482e-06,8.09386745542843e-06,-0.000211406812697663,0.000211406812697663,0.180477235773431,15,4,0.514734810160778,0.04762048513087,0.0630466864991569,7480,1.2
222,11,0.733333333333333,10.2,34,kalman,0.857428496491087,-0.000283958090120329,0.000388750372166552,-0.0027060720509117,0.00282861745071536,1.00034305050528,0.826252795703651,-5.40057391516067e-06,5.40058392548984e-06,-0.000212690047451753,0.000212690047451753,0.180477235773431,15,4,0.532417474904686,0.0791605538137368,0.0882140484184379,7480,1.2
223,11,0.733333333333333,10.2,34,kalman,0.700443572975692,-0.00166802862085408,0.00168273132508953,-0.000104040166148176,0.000296125273382633,1.00215179174772,0.768183542766562,-3.46911706044735e-06,3.58255637103292e-06,6.7722619286914e-06,7.25736821210798e-06,0.180477235773431,15,4,0.434992335224902,0.0314717181273054,0.0623257756355686,7480,1.2
224,11,0.733333333333333,10.2,34,kalman,0.421163045800885,0.00106617251102525,0.00138077010136869,0.00177932437921649,0.00220163835716335,0.99690311626191,0.339721016284892,-9.9240342479519e-06,1.05461080974609e-05,-0.000180611684636028,0.000180611684636028,0.180477235773431,15,4,0.507717747155098,0.0614791701647347,0.0859462467781165,7480,1.2
225,11,0.733333333333333,10.2,34,kalman,0.373507593299514,0.000512296326743409,0.000743823912759987,-0.00273965521861123,0.00277465446681719,0.998845682389667,0.440437449252694,-4.05599177778362e-06,4.34377560513709e-06,-0.000139035405381616,0.000139035405381616,0.180477235773431,15,4,0.361963402701394,0.0426475982001687,0.0640104265617873,7480,1.2
226,11,0.733333333333333,10.2,34,kalman,0.583349788947039,0.000357288406300635,0.000539644428983456,1.410646689049e-05,9.18251393915781e-05,0.999329850270046,0.518403351263951,2.37550059101852e-06,2.71560408362253e-06,1.14968913321908e-05,1.14968913321908e-05,0.180477235773431,15,4,0.477952761578212,0.0564505552643289,0.0633251749738859,7480,1.2
227,11,0.733333333333333,10.2,34,kalman,0.918427650421985,0.00281399263029015,0.00281407403359678,0.00484296699956753,0.00484296699956753,0.996841768495797,0.885192136865619,2.78034997871629e-05,2.78034997871629e-05,0.00035059830829765,0.00035059830829765,0.180477235773431,15,4,0.529016960358065,0.106045441632633,0.113070666118173,7480,1.2
228,11,0.733333333333333,10.2,34,kalman,0.882977028523904,0.000224343126066239,0.000278881528792992,-0.0269255312971365,0.0269826271463108,0.99974996718946,0.894559559950442,1.58161474316047e-07,1.74401845733902e-06,-0.000525193090709515,0.000526149159531739,0.180477235773431,15,4,0.558590910748429,0.0466972450614863,0.0828750476714702,7480,1.2
229,11,0.733333333333333,10.2,34,kalman,0.337913240441904,6.18159482959493e-05,0.000729894973932538,-0.00243791551665105,0.00244592475000322,0.999842791046743,0.382820574143784,1.78563081507916e-06,2.63165391760111e-06,-0.000108534679915442,0.000108534679915442,0.180477235773431,15,4,0.38194931664235,0.0551771738415472,0.0629103670673312,7480,1.2
230,11,0.733333333333333,10.2,34,kalman,0.335910998664979,-0.000432379965947122,0.000825094741667427,0.000909471241948392,0.00101796028471299,1.00115994121415,0.368266127404547,-1.9922609872462e-06,2.15383940762821e-06,-7.26149556299305e-05,7.26149556299305e-05,0.180477235773431,15,4,0.379590499528288,0.0313894848335942,0.0593837144658522,7480,1.2
201,11,0.733333333333333,10.2,34,kalman-gm,0.255017339343908,0.00291451093567859,0.00319512509143318,0.0254223339434747,0.0254223339434747,0.983145787496867,0.161727532187268,5.89646952233474e-06,6.12310961001881e-06,2.03628316260382e-05,2.03670340439241e-05,0.180477235773431,15,4,0.466810279567412,0.0301001775766702,0.0487407669327586,7480,1.2
202,11,0.733333333333333,10.2,34,kalman-gm,0.265746187490233,-0.00264191505819669,0.00269871371777864,-0.00828818671744093,0.00829692308150175,1.01001069826624,0.258850414124259,2.55450743161457e-05,2.55450743161457e-05,0.000424999328480633,0.000424999328480633,0.180477235773431,15,4,0.332664078188085,0.0609878918874034,0.0589837037344818,7480,1.2
203,11,0.733333333333333,10.2,34,kalman-gm,0.210691349248003,0.00215004513034165,0.00215142965257818,0.00308379869846875,0.00310095184459759,0.989838694256185,0.195252434479559,-9.26387517574352e-06,9.27247844006342e-06,-9.89399031500332e-05,9.89399031500332e-05,0.180477235773431,15,4,0.403244926975633,0.0272367840743222,0.0498418673419425,7480,1.2
204,11,0.733333333333333,10.2,34,kalman-gm,0.359495153802557,-0.00205641572054054,0.00210715935878841,0.00116043903476337,0.00205512854070058,1.00934875285006,0.21817164844239,1.36310214682586e-05,1.36310800132591e-05,0.000135671693831526,0.000135671693831526,0.180477235773431,15,4,0.578532499715848,0.0418616164009915,0.100380974173293,7480,1.2
205,11,0.733333333333333,10.2,34,kalman-gm,0.70015870254017,0.00107217674335661,0.00107218058580286,0.00195271947792004,0.00198560630517386,0.998382845876069,0.654704095309136,-1.25931742793021e-05,1.25931977914289e-05,-4.93400604391983e-05,4.93400604391983e-05,0.180477235773431,15,4,0.46543949943762,0.0462567034268167,0.049318525573451,7480,1.2
206,11,0.733333333333333,10.2,34,kalman-gm,0.704274218716452,0.00021817204192772,0.000675583062066351,0.000328519391239501,0.000728118887163081,0.999656634787846,0.627696323966272,1.27372702778569e-05,1.27372741013376e-05,0.000106005263176377,0.000106005263176377,0.180477235773431,15,4,0.436802709813653,0.0577216933043175,0.100366857235937,7480,1.2
207,11,0.733333333333333,10.2,34,kalman-gm,0.38959595460555,0.000224762734593859,0.000314913271722081,0.000482560288879804,0.00055173135380435,0.99937455227082,0.35352422407913,2.24402337310666e-06,2.26088780420826e-06,6.80622289545083e-05,6.80622289545083e-05,0.180477235773431,15,4,0.430579029809069,0.0480661503416116,0.0629209558391946,7480,1.2
208,11,0.733333333333333,10.2,34,kalman-gm,0.521825513218961,0.00149600051759874,0.001535051833008,0.00451093976342701,0.00451093976342701,0.997374160959037,0.552843432648937,1.72126103281296e-05,1.72126103281296e-05,0.000127505599934201,0.000127505599934201,0.180477235773431,15,4,0.449649806773991,0.0925764725870282,0.0612091885823833,7480,1.2
209,11,0.733333333333333,10.2,34,kalman-gm,0.757883941146569,0.00572414909329599,0.00572414909329599,0.00493020633502095,0.00504725966748568,0.992893067024724,0.784270960530983,6.55863825572994e-05,6.55863825572994e-05,0.000725239621817693,0.000725239621817693,0.180477235773431,15,4,0.553265573889392,0.0667490320023258,0.0855237148659791,7480,1.2
210,11,0.733333333333333,10.2,34,kalman-gm,0.698492318522336,0.000241429814498236,0.000736784335343795,0.00281606084811309,0.00295355068750557,0.999619082524049,0.624804535268909,1.77268686567999e-05,1.77268686567999e-05,0.000194875147766628,0.000194875147766628,0.180477235773431,15,4,0.55427061071853,0.0431243084083961,0.0753874299314647,7480,1.2
211,11,0.733333333333333,10.2,34,kalman-gm,0.256447192560495,0.00064176020072088,0.000649060869805894,0.00491633850613297,0.00491633850613297,0.997989681074367,0.30614998252026,3.95916405130631e-06,3.95916405130631e-06,0.000107608638092168,0.000107608638092168,0.180477235773431,15,4,0.311756342631956,0.0460861543239772,0.0296717005581932,7480,1.2
212,11,0.733333333333333,10.2,34,kalman-gm,0.249945913385791,0.000643861569762925,0.00138918962929104,0.000378017501906565,0.00109256729151879,0.998037353528965,0.314867251652989,1.50521881581564e-05,1.50522267447528e-05,0.000114489595150959,0.000114489595150959,0.180477235773431,15,4,0.515754538858359,0.0537949020920008,0.0504285917611472,7480,1.2
213,11,0.733333333333333,10.2,34,kalman-gm,0.674500413219376,0.000571279875033865,0.000620969325008328,0.000184678424404098,0.000229269879089568,0.999145615081197,0.665747730084274,1.58553960584206e-06,1.62333249649564e-06,2.09853817562899e-05,2.09853817562899e-05,0.180477235773431,15,4,0.382330921741241,0.0275280641219013,0.0286276134611285,7480,1.2
214,11,0.733333333333333,10.2,34,kalman-gm,0.467051609443533,0.000235172057255995,0.00121376795942027,-0.0039145133745336,0.00393929867350269,0.999518840410231,0.480303538774314,6.07750273931562e-06,6.07935466862161e-06,6.71500517294038e-05,6.71500517294038e-05,0.180477235773431,15,4,0.39248459844614,0.115898944477258,0.11552436589386,7480,1.2
215,11,0.733333333333333,10.2,34,kalman-gm,0.445369691392905,-0.0008267727934521,0.00157217165936513,-0.00241597772472854,0.00273194319554939,1.00252063975683,0.312736699742213,1.52122551608448e-05,1.52151528825936e-05,0.000226315771060008,0.000226315771060008,0.180477235773431,15,4,0.524345201152998,0.0387638162698712,0.0468669230646874,7480,1.2
216,11,0.733333333333333,10.2,34,kalman-gm,0.847435176278389,0.000434661069816603,0.00044902521207931,0.000341260005333449,0.000358249809255514,0.999521276750789,0.905592151809639,-3.53318931138357e-08,4.39918315648151e-07,1.2746032816866e-05,1.2746032816866e-05,0.180477235773431,15,4,0.495218962793463,0.0184479441818656,0.0293667316987314,7480,1.2
217,11,0.733333333333333,10.2,34,kalman-gm,0.358935008707022,4.49851806722262e-05,0.000403746071513405,-0.000139225736714204,0.000523641258149421,0.999907667869678,0.470512402888413,8.57119286885457e-08,1.7695623905405e-07,6.73037372452834e-07,1.32891418522019e-06,0.180477235773431,15,4,0.523147986905801,0.050994068273221,0.0390348145565209,7480,1.2
218,11,0.733333333333333,10.2,34,kalman-gm,0.349844227102502,-0.00113416556928117,0.00172011738688413,-0.00158841670737618,0.00178521647184618,1.00345582555479,0.316365136148949,2.05847500049241e-05,2.058536074053e-05,0.000144538969625582,0.000144538969625582,0.180477235773431,15,4,0.32867810218934,0.17520931393847,0.0860409887464844,7480,1.2
219,11,0.733333333333333,10.2,34,kalman-gm,0.496912445828087,-0.00416283030434788,0.00416425325832617,0.000817589721853245,0.00158671920947159,1.00738887899876,0.561117026626383,-8.27096798821386e-06,8.27518336661967e-06,-0.000108368322289056,0.000108368322289056,0.180477235773431,15,4,0.397665922963598,0.0625370759253319,0.0464271360335493,7480,1.2
220,11,0.733333333333333,10.2,34,kalman-gm,0.27818400380262,-0.000604249022549885,0.00110180634249032,-0.00276982004826121,0.00282488536010967,1.0022338066151,0.264488879317423,3.55567132649833e-05,3.55579216198374e-05,0.000338978105775561,0.000338978105775561,0.180477235773431,15,4,0.458138556507646,0.0480085124084157,0.0333586322774222,7480,1.2
221,11,0.733333333333333,10.2,34,kalman-gm,0.681133075162703,-0.000704573652522584,0.00107220250507929,-0.00173289421394287,0.00186982502163848,1.00095924718332,0.727967163985764,1.44639162411766e-06,1.87438986867222e-06,-1.81779039012028e-05,1.93913070307675e-05,0.180477235773431,15,4,0.516411335434713,0.0362452302624775,0.0329771285061709,7480,1.2
222,11,0.733333333333333,10.2,34,kalman-gm,0.857428496491087,-0.000554515653951119,0.00062603048403412,-0.00645423413133179,0.00654916070808499,1.00066991179998,0.826369714910191,9.60962931527012e-07,3.56027500672622e-06,0.000367238271924332,0.000367238271924332,0.180477235773431,15,4,0.53273716753639,0.0807860870216912,0.098167358021497,7480,1.2
223,11,0.733333333333333,10.2,34,kalman-gm,0.700443572975692,-0.000434966560581765,0.00050137951477139,0.000131716391012031,0.000326419203695867,1.00056111594483,0.768183710026748,1.64788731270048e-06,1.64793157108502e-06,2.34440531330199e-05,2.34440531330199e-05,0.180477235773431,15,4,0.437782568004898,0.0179237837610391,0.0278918367642103,7480,1.2
224,11,0.733333333333333,10.2,34,kalman-gm,0.421163045800885,-0.00128831866913692,0.00143386739981066,0.00271906414421345,0.00283346411590579,1.0037421459423,0.341072355041669,1.29796551492351e-05,1.29801076598164e-05,5.35853123378627e-05,5.35853123378627e-05,0.180477235773431,15,4,0.50849267508278,0.0657575160093269,0.118337700816372,7480,1.2
225,11,0.733333333333333,10.2,34,kalman-gm,0.373507593299514,0.000893309631982844,0.000903010846960415,0.000966892435566339,0.00131500458538262,0.997987174637317,0.440433982995156,2.86067343920305e-06,2.89320215679185e-06,1.68868235770331e-05,1.68868235770331e-05,0.180477235773431,15,4,0.363328355577658,0.0317598144763067,0.0374994664873562,7480,1.2
226,11,0.733333333333333,10.2,34,kalman-gm,0.583349788947039,0.000858520241296728,0.000973382222647508,0.000952871254567993,0.000999978048966113,0.998389712350808,0.518375599662221,9.56143329999254e-06,9.56774216091315e-06,7.79373507190254e-05,7.79373507190254e-05,0.180477235773431,15,4,0.47934056539277,0.0494712456740849,0.0403094086807263,7480,1.2
227,11,0.733333333333333,10.2,34,kalman-gm,0.918427650421985,0.00186541405933266,0.00187097436673334,0.001786137701263,0.00189091488971621,0.997906387747021,0.884862969225516,1.67227918511884e-05,1.67227918511884e-05,0.00032104092546383,0.00032104092546383,0.180477235773431,15,4,0.532146610609289,0.0931170331203613,0.106810365012249,7480,1.2
228,11,0.733333333333333,10.2,34,kalman-gm,0.882977028523904,0.000348637146682422,0.00040670289468386,0.00202024832172934,0.00214683474330447,0.999611440175716,0.893204458766046,-7.89704693490058e-07,2.09705243000062e-06,0.000114097670135709,0.000114097670135709,0.180477235773431,15,4,0.562480471069457,0.0365925225742078,0.0491543346192107,7480,1.2
229,11,0.733333333333333,10.2,34,kalman-gm,0.337913240441904,0.000215093569245495,0.0004423830683238,-0.000884703192220617,0.000913448617647984,0.999452978789366,0.382881122071103,5.12911806927572e-06,5.14016720156783e-06,-7.85225446856164e-06,1.38648571387739e-05,0.180477235773431,15,4,0.380987814865236,0.0465988803351843,0.0359146435448749,7480,1.2
230,11,0.733333333333333,10.2,34,kalman-gm,0.335910998664979,-0.000831609943123602,0.000832147634277676,-0.000574534640914394,0.000583564556434235,1.00223095130001,0.370962815111932,2.98844034525814e-06,2.99048415277026e-06,6.07107901363146e-06,6.07107901363146e-06,0.180477235773431,15,4,0.379394488397906,0.028360787818813,0.0347039713971107,7480,1.2
201,11,0.733333333333333,10.2,34,mean,0.255017339343908,0.00406448639921688,0.0041547807349611,0.0271360438997636,0.0271360438997636,0.97649563889094,0.161814598605084,-8.1845808887988e-06,8.18464950642998e-06,-6.11315971909685e-05,6.11315971909685e-05,0.180477235773431,15,4,0.46831318053039,0.0486304312281966,0.07029232754398,7480,1.2
202,11,0.733333333333333,10.2,34,mean,0.265746187490233,0.0001925926986685,0.00135170510231345,0.00470227578071805,0.00475170810602631,0.999270231119404,0.258867349515969,1.83217872219095e-05,1.8333448699128e-05,0.000284759518006987,0.000284759518006987,0.180477235773431,15,4,0.332891461514472,0.0641389449327176,0.0676953008800352,7480,1.2
203,11,0.733333333333333,10.2,34,mean,0.210691349248003,0.00200641623706315,0.00200641623706315,0.00261762705628843,0.00265092729413771,0.990517497262528,0.197592019666107,-7.96613988005258e-06,7.96613988005258e-06,-6.14658056051956e-05,6.14658056051956e-05,0.180477235773431,15,4,0.400664660168855,0.0369630936570692,0.0633539863299157,7480,1.2
204,11,0.733333333333333,10.2,34,mean,0.359495153802557,0.00091803007875144,0.00118426363584976,0.000809780169277037,0.00147796303951679,0.99582650714569,0.213002751747117,-2.11356850259107e-06,2.23526991156771e-06,-2.31152282519681e-05,2.31152282519681e-05,0.180477235773431,15,4,0.580771025164837,0.0381916039371815,0.0770340019802862,7480,1.2
205,11,0.733333333333333,10.2,34,mean,0.70015870254017,-0.00122014952335284,0.0012201511830162,-0.00735947785930422,0.00735947785930422,1.00184034007987,0.661471156291931,2.79693810459614e-05,2.79693810459614e-05,0.000368425786345011,0.000368425786345011,0.180477235773431,15,4,0.467008560196581,0.0498806449032204,0.0693884517216361,7480,1.2
206,11,0.733333333333333,10.2,34,mean,0.704274218716452,0.000859118085908756,0.000878854582540553,0.00398086748129108,0.00398086748129108,0.998647896122588,0.625261529294317,3.90879832689333e-06,3.90880227041531e-06,9.59503920709515e-05,9.59503920709515e-05,0.180477235773431,15,4,0.434967485159347,0.0565598157469473,0.0822707796405678,7480,1.2
207,11,0.733333333333333,10.2,34,mean,0.38959595460555,0.000466180672880104,0.000554254543667695,0.000569309425291883,0.000696125403587282,0.998702758071673,0.353381267133906,-4.44651906551143e-06,4.44686591421152e-06,3.05912856808033e-06,9.50760618602442e-06,0.180477235773431,15,4,0.433785704371865,0.0446071420249795,0.0714252681797891,7480,1.2
208,11,0.733333333333333,10.2,34,mean,0.521825513218961,-0.000707941219773212,0.000831816325197563,-0.00176807972708911,0.00189517716971172,1.00124260631712,0.552859680883672,2.34659423917042e-06,2.34659423917042e-06,2.0564187661653e-05,2.33428190068041e-05,0.180477235773431,15,4,0.454102878010099,0.0879498952342235,0.0795245491138004,7480,1.2
209,11,0.733333333333333,10.2,34,mean,0.757883941146569,0.00473847204578683,0.00473847204578683,0.00749835984106124,0.00749835984106124,0.994116854280741,0.786837060774053,5.08411807575943e-05,5.08411807575943e-05,0.000470308988839004,0.000470308988839004,0.180477235773431,15,4,0.553133259855809,0.0624583306564777,0.0826244934469083,7480,1.2
210,11,0.733333333333333,10.2,34,mean,0.698492318522336,-0.000398572660175648,0.000955267051975442,0.00389735760434635,0.00390539848224733,1.0006288506331,0.626313788056569,5.62884338145308e-06,5.62884338145308e-06,5.80142787338979e-05,5.80909871230277e-05,0.180477235773431,15,4,0.555526547153184,0.0468446282531259,0.0848701597376884,7480,1.2
211,11,0.733333333333333,10.2,34,mean,0.256447192560495,0.00181735960949502,0.00181737282238418,0.0028182908461906,0.0028182908461906,0.994307106589743,0.306151016247885,9.47026179112798e-06,9.47027890386404e-06,5.11189861695133e-05,5.11189861695133e-05,0.180477235773431,15,4,0.311727381119307,0.0573016598279073,0.0641106018478217,7480,1.2
212,11,0.733333333333333,10.2,34,mean,0.249945913385791,0.00154999673816833,0.00172275226890098,-2.34159075919455e-05,0.000510048439998773,0.99527523341795,0.314868010952861,-6.41743013671014e-06,6.43292784589473e-06,-5.05489570395798e-05,5.05489570395798e-05,0.180477235773431,15,4,0.523506946374816,0.0479741959265055,0.0601384159036442,7480,1.2
213,11,0.733333333333333,10.2,34,mean,0.674500413219376,-0.00247888494508954,0.00247912788781741,-0.00580490645272765,0.00580490645272765,1.00370732806299,0.667182613153813,-7.07292743422595e-06,7.10590057783034e-06,-0.000148563389221815,0.000148563389221815,0.180477235773431,15,4,0.385610334489953,0.0429924431761328,0.0637115530860681,7480,1.2
214,11,0.733333333333333,10.2,34,mean,0.467051609443533,0.000898895455301515,0.00093584491026013,0.000270832175674401,0.00104054459044438,0.998160869222454,0.478784039865728,4.79482377238441e-06,6.27301762319484e-06,0.0001217461574626,0.0001217461574626,0.180477235773431,15,4,0.392669835453435,0.107437422496093,0.0905211785026194,7480,1.2
215,11,0.733333333333333,10.2,34,mean,0.445369691392905,-0.00402632652973595,0.00411106805780717,-0.00357080228640539,0.00378109803250356,1.01227534191404,0.317026743400972,1.86314400835311e-05,1.86326301937473e-05,4.08043352907622e-05,5.10216970579785e-05,0.180477235773431,15,4,0.52282759620169,0.047990248307589,0.0687432749855583,7480,1.2
216,11,0.733333333333333,10.2,34,mean,0.847435176278389,0.000328284705615418,0.000397537829959386,0.000223880456192397,0.000253747898639242,0.999638436630626,0.905597032009408,-9.65223064127457e-07,9.65223064127457e-07,1.11646874033022e-05,1.11646874033022e-05,0.180477235773431,15,4,0.497527673003923,0.0328738036632962,0.0620733723059148,7480,1.2
217,11,0.733333333333333,10.2,34,mean,0.358935008707022,-0.0004322881516908,0.000683035100520463,0.00140632933042478,0.00200948731925061,1.00088727188293,0.470517195633872,-3.77686308032888e-06,3.77686308032888e-06,-4.43600219193202e-05,4.43600219193202e-05,0.180477235773431,15,4,0.522595158592384,0.0615826414724691,0.0662065070198712,7480,1.2
218,11,0.733333333333333,10.2,34,mean,0.349844227102502,-0.000682656094187271,0.00146180263291768,0.000566084846589536,0.00134698622701431,1.00208006700196,0.314138488996529,1.85608670730416e-05,1.85616343907902e-05,0.000166127131064995,0.000166127131064995,0.180477235773431,15,4,0.338770460582618,0.156872667372908,0.0893716664271365,7480,1.2
219,11,0.733333333333333,10.2,34,mean,0.496912445828087,-0.00253980405507478,0.0025493043222777,-0.000884344327052936,0.0021168093840992,1.00450806385836,0.561117024511977,-2.01858770825987e-05,2.02075330971033e-05,-0.000174601456614918,0.000174601456614918,0.180477235773431,15,4,0.397844572814572,0.0689074997410006,0.071393698811089,7480,1.2
220,11,0.733333333333333,10.2,34,mean,0.27818400380262,0.00131331606406749,0.00136966817792453,0.00135240604982914,0.00155686215294065,0.995144892251135,0.260197763405457,1.97371407931142e-05,1.97802195444124e-05,0.000172110141852325,0.000172110141852325,0.180477235773431,15,4,0.457991664213526,0.0594645966107313,0.0660608799236442,7480,1.2
221,11,0.733333333333333,10.2,34,mean,0.681133075162703,-0.000547480101456682,0.000769737109327755,0.00303872393907364,0.00303872393907364,1.00074537096777,0.728001854118742,-4.87871054295192e-06,5.47888568054845e-06,-0.000178770614880009,0.000178770614880009,0.180477235773431,15,4,0.517281438102775,0.0476202126745538,0.0630269927399141,7480,1.2
222,11,0.733333333333333,10.2,34,mean,0.857428496491087,-0.000537190786155975,0.000553089529209307,-0.00372918159425211,0.00376390516408681,1.00064898158225,0.827047993267892,-5.44460790491746e-07,2.09502214883766e-06,-7.85691623856355e-05,7.92032838966195e-05,0.180477235773431,15,4,0.534885393638911,0.0791013279404541,0.0882140387695234,7480,1.2
223,11,0.733333333333333,10.2,34,mean,0.700443572975692,-0.00161815403105804,0.00163361815611896,-0.000146968259822755,0.000182764715111829,1.00208745248555,0.768183543233055,-3.12285119731607e-06,3.2231044173358e-06,-1.75133506552183e-06,1.75133506552183e-06,0.180477235773431,15,4,0.436920832473895,0.0314711530826398,0.0623237566852071,7480,1.2
224,11,0.733333333333333,10.2,34,mean,0.421163045800885,0.000770557916110266,0.00108115095386473,0.00297726973298141,0.00297726973298141,0.997761780335751,0.339370573470931,-6.9008440596531e-06,7.94445742408873e-06,-0.000116246886194133,0.000116246886194133,0.180477235773431,15,4,0.509914806794384,0.0614860436317677,0.0859879234119969,7480,1.2
225,11,0.733333333333333,10.2,34,mean,0.373507593299514,0.00109342715229761,0.00113546471513818,-0.00121853256368264,0.00253192484648138,0.997536265337803,0.440437564464165,-2.46928289400728e-07,9.29911642228214e-07,-6.42632684886052e-05,6.51174218425105e-05,0.180477235773431,15,4,0.363586693832407,0.0426478965198512,0.0640103937491237,7480,1.2
226,11,0.733333333333333,10.2,34,mean,0.583349788947039,0.000334059317607405,0.00050434360057485,9.40704382455859e-06,8.24511430516872e-05,0.999373420022773,0.51844667389511,2.51111516362371e-06,2.78982413899783e-06,1.05570435023158e-05,1.05570435023158e-05,0.180477235773431,15,4,0.480151602699408,0.0564449747986045,0.0633200482927689,7480,1.2
227,11,0.733333333333333,10.2,34,mean,0.918427650421985,0.00273872863655519,0.00273880719066754,0.00384792972922921,0.00385268230902496,0.996926239618282,0.885036137445155,2.95524938882355e-05,2.95524938882355e-05,0.000400706835784846,0.000400706835784846,0.180477235773431,15,4,0.53154125039815,0.106069341002713,0.112976789019566,7480,1.2
228,11,0.733333333333333,10.2,34,mean,0.882977028523904,0.000541356556683846,0.000544195835928639,0.00137524245668761,0.00167548604189189,0.99939665233455,0.893310329780522,-3.1490659925975e-07,1.86768242485576e-06,7.43738001972967e-05,7.43738001972967e-05,0.180477235773431,15,4,0.561308060195475,0.0466585425233165,0.0829392151980304,7480,1.2
229,11,0.733333333333333,10.2,34,mean,0.337913240441904,0.000686356805260294,0.00077212954630003,-0.00105091747023622,0.00106949931294709,0.998254472544867,0.38281943862463,5.9085544218064e-06,5.91245984219218e-06,-1.97061320952147e-05,2.2986220877303e-05,0.180477235773431,15,4,0.383612134343066,0.0551816784582728,0.0628797604872204,7480,1.2
230,11,0.733333333333333,10.2,34,mean,0.335910998664979,-0.000648773826537531,0.000882916410402728,0.000915718090759144,0.00102453799685419,1.00174045876158,0.368252721002527,-5.08666191079797e-07,8.59670512462659e-07,-6.91364182883281e-05,6.91364182883281e-05,0.180477235773431,15,4,0.381493077654617,0.0313852481383538,0.0593292449791898,7480,1.2
201,11,0.733333333333333,10.2,34,none,0.255017339343908,0.00510351977467269,0.00518524627967983,0.0256758009496141,0.0256758009496141,0.970487052992907,0.164875297493652,-4.9640417635247e-05,4.9640417635247e-05,-0.000345555145572603,0.000345555145572603,0.048127262872915,4,4,0.651954650421583,NaN,NaN,0,1.2
202,11,0.733333333333333,10.2,34,none,0.265746187490233,0.00776085808419665,0.00788586840345027,0.00386099297722009,0.00827016910027256,0.970592692476268,0.251445178270559,9.22562724188062e-05,9.23059793027843e-05,0.000986711635288346,0.000986711635288346,0.048127262872915,4,4,0.464954488875508,NaN,NaN,0,1.2
203,11,0.733333333333333,10.2,34,none,0.210691349248003,-0.0120234305863253,0.0120234305863253,-0.025708835309423,0.025708835309423,1.05682380920896,0.222094581987883,0.000167714687537423,0.000167714687537423,0.00142649631786122,0.00142649631786122,0.048127262872915,4,4,0.433798037362577,NaN,NaN,0,1.2
204,11,0.733333333333333,10.2,34,none,0.359495153802557,-0.00197830337623434,0.00228226032663018,0.0198307926823407,0.0198307926823407,1.00899364323182,0.218830907632479,0.000279260414619096,0.000279260414619096,0.00296782274008366,0.00296782274008366,0.048127262872915,4,4,0.673386541174091,NaN,NaN,0,1.2
205,11,0.733333333333333,10.2,34,none,0.70015870254017,-0.00713031447641103,0.0071401787759554,-0.0432965462523724,0.0432965462523724,1.0107545864354,0.666224832698608,3.57995193598964e-05,3.60872254999112e-05,0.000966883306314035,0.000966883306314035,0.048127262872915,4,4,0.514048613935431,NaN,NaN,0,1.2
206,11,0.733333333333333,10.2,34,none,0.704274218716452,-0.00328773583394898,0.00355777857042742,-0.00414649035264374,0.00417317302343814,1.00517432986443,0.636662580205752,8.28381453411771e-05,8.29373424583642e-05,0.000387966280474107,0.000387966280474107,0.048127262872915,4,4,0.512734319289762,NaN,NaN,0,1.2
207,11,0.733333333333333,10.2,34,none,0.38959595460555,-0.00935772889934041,0.00935772889934041,0.00270746503377061,0.00483296753840523,1.02603977167723,0.365664350608041,0.000173629753806602,0.000173629753806602,0.000985936469269651,0.000985936469269651,0.048127262872915,4,4,0.585353789426023,NaN,NaN,0,1.2
208,11,0.733333333333333,10.2,34,none,0.521825513218961,0.0152070593125931,0.0152171105583899,0.0221553162646601,0.0321589922779829,0.973307970437511,0.552317281325733,0.000166886061361491,0.000166888940922883,0.00268550285694978,0.00268550285694978,0.048127262872915,4,4,0.557397156490821,NaN,NaN,0,1.2
209,11,0.733333333333333,10.2,34,none,0.757883941146569,-0.00323056852571372,0.00437977020146228,-0.0248802046826577,0.0248802046826577,1.00401097763354,0.803318918441605,0.000452491171765246,0.000452491171765246,0.00319424317483061,0.00319424317483061,0.048127262872915,4,4,0.647877733344972,NaN,NaN,0,1.2
210,11,0.733333333333333,10.2,34,none,0.698492318522336,-0.00788039985823032,0.00788644178885635,-0.0209449227651113,0.0209449227651113,1.01243335264835,0.640123134236117,0.000119419815617449,0.000119458934352414,0.000703480269567965,0.000703480269567965,0.048127262872915,4,4,0.606123396778365,NaN,NaN,0,1.2
211,11,0.733333333333333,10.2,34,none,0.256447192560495,0.0113539823050367,0.0113925211191986,0.0174001013779352,0.0174001013779352,0.964433560255874,0.306310539473288,2.58186373786198e-05,2.72885564545225e-05,0.000242123636633188,0.000242123636633188,0.048127262872915,4,4,0.420363475191751,NaN,NaN,0,1.2
212,11,0.733333333333333,10.2,34,none,0.249945913385791,0.00896078255619365,0.0094506368555671,0.0129480335270826,0.0129480335270826,0.972685358021752,0.317839734264661,0.000100156861863212,0.000100156861863212,0.000797534766634147,0.000797534766634147,0.048127262872915,4,4,0.659641927823561,NaN,NaN,0,1.2
213,11,0.733333333333333,10.2,34,none,0.674500413219376,-0.00474903722273631,0.00493069223856169,-0.0134666790678791,0.0134666790678791,1.00710248331731,0.668316722183181,-1.91054917730272e-05,1.94627415084032e-05,-0.000307339014540303,0.000307339014540303,0.048127262872915,4,4,0.525231250548508,NaN,NaN,0,1.2
214,11,0.733333333333333,10.2,34,none,0.467051609443533,0.0122096365724361,0.0122364976559104,-0.00188543319984705,0.00752323107352677,0.975019210220079,0.473816823981393,0.000222130653452224,0.000222130653452224,0.00137659025912608,0.00137659025912608,0.048127262872915,4,4,0.477001867564739,NaN,NaN,0,1.2
215,11,0.733333333333333,10.2,34,none,0.445369691392905,-0.00964958106766331,0.0103000259633913,-0.0186824296857055,0.0186824296857055,1.02941934938908,0.335898725327928,0.000116310557612837,0.000116310557612837,0.00125502670609256,0.00125502670609256,0.048127262872915,4,4,0.616076581679701,NaN,NaN,0,1.2
216,11,0.733333333333333,10.2,34,none,0.847435176278389,0.000326267663230067,0.000594636687071427,0.00154926098387858,0.00890665723682563,0.999640658143321,0.904771055201652,0.000161619261155694,0.000161645482511857,0.00104789078025603,0.00104789078025603,0.048127262872915,4,4,0.60782234123026,NaN,NaN,0,1.2
217,11,0.733333333333333,10.2,34,none,0.358935008707022,0.0149652212055116,0.0149652212055116,0.00722131855011708,0.00765670538785941,0.96928386784256,0.467142049345119,5.32421115605034e-05,5.32421115605034e-05,0.000432333788516151,0.000432333788516151,0.048127262872915,4,4,0.565364627745994,NaN,NaN,0,1.2
218,11,0.733333333333333,10.2,34,none,0.349844227102502,-0.0155504160080516,0.0155504160080516,-0.0223702825638625,0.0223702825638625,1.04738243382068,0.341668935890743,9.68968160411284e-05,9.72405059159301e-05,0.000577145791602909,0.000577145791602909,0.048127262872915,4,4,0.496982003760697,NaN,NaN,0,1.2
219,11,0.733333333333333,10.2,34,none,0.496912445828087,0.00272268169068788,0.00289990760144167,-0.00227722896808968,0.00234644724905731,0.995167334699276,0.557401717084902,8.33732382311106e-05,8.33732382311106e-05,0.000419085380091551,0.000419085380091551,0.048127262872915,4,4,0.477763903986832,NaN,NaN,0,1.2
220,11,0.733333333333333,10.2,34,none,0.27818400380262,-0.00168442112154198,0.00329048306359853,-0.0151004087458742,0.0151004087458742,1.00622702048905,0.270863448305994,8.05833770295972e-05,8.16685644371625e-05,0.00123040898543246,0.00123040898543246,0.048127262872915,4,4,0.53695654368926,NaN,NaN,0,1.2
221,11,0.733333333333333,10.2,34,none,0.681133075162703,0.00561122411649354,0.00565405768222882,-0.00165075341563765,0.00411704462397773,0.992360556047717,0.728603047594283,0.000216769954561896,0.000216769954561896,0.00147848082605389,0.00147848082605389,0.048127262872915,4,4,0.560573023196199,NaN,NaN,0,1.2
222,11,0.733333333333333,10.2,34,none,0.857428496491087,-0.000750654391705251,0.00114793668853287,-0.00433327383916293,0.00433327383916293,1.00090686751785,0.826659324198032,3.13754956844495e-06,1.34686633592149e-05,4.12015540245095e-05,7.9144408313607e-05,0.048127262872915,4,4,0.750755618245202,NaN,NaN,0,1.2
223,11,0.733333333333333,10.2,34,none,0.700443572975692,0.00417864730991611,0.00417864730991611,0.00373233044265949,0.00663004684213181,0.994609457724116,0.765148150711635,5.41871394794473e-05,5.41871394794473e-05,0.000747460934525574,0.000747460934525574,0.048127262872915,4,4,0.60872897025987,NaN,NaN,0,1.2
224,11,0.733333333333333,10.2,34,none,0.421163045800885,0.00142929827288112,0.00313719780184351,-0.017164938864548,0.0213772970490533,0.995848354246247,0.336652343221984,0.000257449644749655,0.000257480180777383,0.00218425959380123,0.00218425959380123,0.048127262872915,4,4,0.661052114885701,NaN,NaN,0,1.2
225,11,0.733333333333333,10.2,34,none,0.373507593299514,0.000322197240958516,0.00216653824285694,0.00376960995834076,0.00437138445729126,0.999274017927079,0.437179897576281,2.03039089565809e-05,2.03039089565809e-05,7.12183453477017e-05,7.12183453477017e-05,0.048127262872915,4,4,0.526831159379435,NaN,NaN,0,1.2
226,11,0.733333333333333,10.2,34,none,0.583349788947039,-0.0142012459551446,0.0143085316570233,-0.0034829728747372,0.00501142790115655,1.02663663576547,0.541707746322357,0.000190515915854819,0.000190515915854819,0.000991872316808126,0.000991872316808126,0.048127262872915,4,4,0.679410284637032,NaN,NaN,0,1.2
227,11,0.733333333333333,10.2,34,none,0.918427650421985,0.00808564722162876,0.00808564722162876,-0.0151966263870615,0.0184507044838647,0.99092522648697,0.882148417468608,0.000226094973318727,0.000226094973318727,0.00207264235111092,0.00207264235111092,0.048127262872915,4,4,0.583686373218584,NaN,NaN,0,1.2
228,11,0.733333333333333,10.2,34,none,0.882977028523904,-0.00191355924537411,0.00195936123039071,-0.00723090614958049,0.00723090614958049,1.00213268222051,0.897766054404246,8.85313089923317e-05,8.85376691168535e-05,0.000492270167529991,0.000492270167529991,0.048127262872915,4,4,0.571678170678312,NaN,NaN,0,1.2
229,11,0.733333333333333,10.2,34,none,0.337913240441904,0.000120533810925148,0.00229959017799268,0.0123026612192918,0.0123026612192918,0.99969346107647,0.384106213159189,2.98976975032816e-05,3.04324571620159e-05,0.000645244375608564,0.000645244375608564,0.048127262872915,4,4,0.555367322710299,NaN,NaN,0,1.2
230,11,0.733333333333333,10.2,34,none,0.335910998664979,-0.00434814879514207,0.00434814879514207,-0.0121871678435892,0.0121871678435892,1.01166473331322,0.375897993881708,1.19646052087605e-05,1.24255816677162e-05,-0.000386677888127456,0.000405329605439411,0.048127262872915,4,4,0.522148431170176,NaN,NaN,0,1.2
201,11,0.733333333333333,18,60,hold,0.255017339343908,-0.00466907048284003,0.00489272290114541,-0.00407123999214909,0.00436466692812335,1.02690208462895,0.171470545704654,9.83041832616743e-05,9.85779076388647e-05,0.000723047637137625,0.000723047637137625,0.180477235773431,15,4,0.468794045324695,0.101976814082569,0.193748853779469,13200,1.2
202,11,0.733333333333333,18,60,hold,0.265746187490233,0.00517379312887223,0.00543045857632836,0.00791566851607291,0.00791566851607291,0.980565420650187,0.255638858658598,8.27746602867357e-05,8.27746602867357e-05,0.000721404101401593,0.000721404101401593,0.180477235773431,15,4,0.340441507847313,0.099389939463751,0.175041768475378,13200,1.2
203,11,0.733333333333333,18,60,hold,0.210691349248003,0.00427671870900786,0.00427690934725286,0.00543170110767584,0.00543170110767584,0.978944051787046,0.175603808877068,5.03409782727231e-05,5.0349318367549e-05,0.000546679965163012,0.000546679965163012,0.180477235773431,15,4,0.403581407205575,0.0983762677201736,0.191719290555441,13200,1.2
204,11,0.733333333333333,18,60,hold,0.359495153802557,-0.00955390398533654,0.00955602971208738,0.0186412369738724,0.0210368703129513,1.04234287526212,0.223092915872852,0.000215445153288854,0.00021544726483585,0.00139798501004575,0.00139798501004575,0.180477235773431,15,4,0.575401932848494,0.161305533737937,0.40732291052921,13200,1.2
205,11,0.733333333333333,18,60,hold,0.70015870254017,0.00536871001946037,0.00536936233682361,0.0049886066611588,0.00538291080542143,0.991850195783889,0.632753134710071,9.49051283877761e-05,9.49051283877761e-05,0.000587807532282678,0.000587807532282678,0.180477235773431,15,4,0.46540603471706,0.0792820687986891,0.155869453595846,13200,1.2
206,11,0.733333333333333,18,60,hold,0.704274218716452,0.000121560335012921,0.00109603141870478,-0.00121679345203016,0.00315512491416468,0.999807408764053,0.62193581023712,8.74916489435708e-05,8.74916512367346e-05,0.000547683498056079,0.000547683498056079,0.180477235773431,15,4,0.435518728249486,0.144898693977011,0.325609705326004,13200,1.2
207,11,0.733333333333333,18,60,hold,0.38959595460555,0.000112436478807084,0.00133126497716128,0.000832699763133298,0.00209808084630646,0.999686708251451,0.355901021399193,6.86058709534467e-05,6.86076511700079e-05,0.000664847009243036,0.000664847009243036,0.180477235773431,15,4,0.432547287489681,0.113607786571212,0.234464710343517,13200,1.2
208,11,0.733333333333333,18,60,hold,0.521825513218961,0.00875454021161618,0.00878601824634343,0.0111643458489962,0.0111643458489962,0.985136120300163,0.552835099501913,0.000116766402548385,0.000116766402548385,0.000788802444308292,0.000788802444308292,0.180477235773431,15,4,0.458297123254897,0.133043483175321,0.266218839060435,13200,1.2
209,11,0.733333333333333,18,60,hold,0.757883941146569,0.0113458959221754,0.0113458959221754,0.0225829802240021,0.0225829802240021,0.985795936508498,0.762068463377616,0.000356607506310349,0.000356607506310349,0.00328642961586805,0.00328642961586805,0.180477235773431,15,4,0.555508148576263,0.167450594204889,0.354100924050405,13200,1.2
210,11,0.733333333333333,18,60,hold,0.698492318522336,0.00435866888590781,0.00483592821439629,0.00410028821142422,0.00486940330235352,0.993070452858141,0.603440253233327,0.000209659532596048,0.000209659532596048,0.0016869854944231,0.0016869854944231,0.180477235773431,15,4,0.547550425794938,0.139078199182698,0.316409274070723,13200,1.2
211,11,0.733333333333333,18,60,hold,0.256447192560495,0.000469394828125221,0.00101810338315487,-0.00188205659248622,0.00252478843141487,0.998564815241062,0.306151372936052,2.77798677987505e-05,2.77798896769923e-05,0.000352143586839453,0.000352143586839453,0.180477235773431,15,4,0.310016690427536,0.0719446273342897,0.0849459670341264,13200,1.2
212,11,0.733333333333333,18,60,hold,0.249945913385791,0.00230410779436398,0.00251579814343393,0.00948907363864682,0.00948907363864682,0.993122392398446,0.314869112257945,7.74799569905953e-05,7.74802758388672e-05,0.000688443750092001,0.000688443750092001,0.180477235773431,15,4,0.526265728814202,0.106085389357675,0.187681668817998,13200,1.2
213,11,0.733333333333333,18,60,hold,0.674500413219376,0.00275815542089872,0.00278440037509971,-0.0015361683077151,0.00181424679406355,0.995888943097785,0.665747731428105,2.38464035494583e-05,2.38676168764718e-05,0.000139036404889341,0.000139036404889341,0.180477235773431,15,4,0.381853020729596,0.0462128459024624,0.0887129053535336,13200,1.2
214,11,0.733333333333333,18,60,hold,0.467051609443533,0.0100235652821753,0.010069115918179,0.00731298231285813,0.00731298231285813,0.979567569125792,0.476000611314532,-2.40580524171104e-05,2.40908493067219e-05,4.13664432773614e-05,6.45075898371522e-05,0.180477235773431,15,4,0.393313561979078,0.158751241287579,0.31169133918465,13200,1.2
215,11,0.733333333333333,18,60,hold,0.445369691392905,0.00351654558986576,0.00368061989358224,0.00966431856864527,0.00966431856864527,0.988875653033933,0.283250687277262,0.000135375254728656,0.000135381627842458,0.0013103942968041,0.0013103942968041,0.180477235773431,15,4,0.528039101467986,0.0948931590293602,0.165247053089761,13200,1.2
216,11,0.733333333333333,18,60,hold,0.847435176278389,0.00161163011809378,0.00161356496244395,0.000299024528930032,0.000794217705959852,0.99822575573298,0.904891907480775,1.89718671217411e-05,1.89777547717818e-05,0.000152790580161471,0.000152790580161471,0.180477235773431,15,4,0.495406137738381,0.0370637898095962,0.0806393994558423,13200,1.2
217,11,0.733333333333333,18,60,hold,0.358935008707022,0.00370524244539081,0.00378369449064925,0.00117867220171404,0.00262919722159035,0.9925514865429,0.470518818677224,2.7718140864603e-05,2.77214302918429e-05,0.000295693234023474,0.000295693234023474,0.180477235773431,15,4,0.519822338839871,0.111384709713769,0.169623211493789,13200,1.2
218,11,0.733333333333333,18,60,hold,0.349844227102502,-0.00142057890025892,0.00182800822510796,0.000988384864248145,0.00140986626973621,1.00447299752429,0.299696986901628,7.88485829673289e-05,7.88488493162755e-05,0.000506102250222744,0.000506102250222744,0.180477235773431,15,4,0.346060530543816,0.147050649119824,0.118584896901225,13200,1.2
219,11,0.733333333333333,18,60,hold,0.496912445828087,-0.00710987702570349,0.00712275209767096,-0.0126212357697263,0.0126212357697263,1.0126468199147,0.561117024980072,2.81377184591221e-05,2.90085095037066e-05,0.000255588556880173,0.000255588556880173,0.180477235773431,15,4,0.388478481263888,0.132804421372974,0.165204522233974,13200,1.2
220,11,0.733333333333333,18,60,hold,0.27818400380262,-0.00564884222812582,0.00588858925900322,-0.0191070765939609,0.0191070765939609,1.02151510722896,0.259671186741888,0.000179183662362039,0.000179185876044075,0.00147913341860314,0.00147913341860314,0.180477235773431,15,4,0.457221060504789,0.0863217528455909,0.122973783081318,13200,1.2
221,11,0.733333333333333,18,60,hold,0.681133075162703,0.00523439040427857,0.00523441496136071,0.00186711473929445,0.00207415751299611,0.992904214901307,0.727926470049191,8.01586816448175e-05,8.01586816448175e-05,0.000436808013170566,0.000436808013170566,0.180477235773431,15,4,0.515271442807991,0.0700317098132658,0.11228676924256,13200,1.2
222,11,0.733333333333333,18,60,hold,0.857428496491087,0.00311541955176661,0.00314045303085187,-0.0215713444874988,0.0238204517882932,0.996240810739001,0.819840925176633,7.19529351271841e-05,7.2041794546221e-05,0.00293666403679949,0.00293666403679949,0.180477235773431,15,4,0.522450155181394,0.183097089510384,0.338018577800283,13200,1.2
223,11,0.733333333333333,18,60,hold,0.700443572975692,0.0013212715996947,0.00164398224014675,0.00550299433784021,0.00550736409868726,0.998306728489282,0.768181400927941,2.82515695906371e-05,2.8251582314387e-05,0.000221876588481959,0.000221876588481959,0.180477235773431,15,4,0.440773135791784,0.0523717187177214,0.0899985968493153,13200,1.2
224,11,0.733333333333333,18,60,hold,0.421163045800885,-0.000969941414071122,0.0028832882530712,0.0144660366292537,0.0144660366292537,1.00278948902911,0.343139250124008,1.80830490719814e-05,1.8083055988682e-05,-3.69592242696806e-05,5.30882622826048e-05,0.180477235773431,15,4,0.507569819036526,0.175862115925452,0.43939125266615,13200,1.2
225,11,0.733333333333333,18,60,hold,0.373507593299514,0.00328126929772135,0.00328396039694992,-0.000300475341638654,0.00146722988883257,0.992667650696798,0.440341959730708,4.72484308004395e-05,4.72484308654875e-05,0.000427709686612489,0.000427709686612489,0.180477235773431,15,4,0.363900547557482,0.0757724519297987,0.120151721059872,13200,1.2
226,11,0.733333333333333,18,60,hold,0.583349788947039,0.00137287043927821,0.00181823768014381,0.00131218091790097,0.00177393219613993,0.997391535012523,0.511198798212231,9.71160305338059e-06,9.71219362758957e-06,0.000181895305970176,0.000181895305970176,0.180477235773431,15,4,0.476545300808756,0.1065798997352,0.144494864595497,13200,1.2
227,11,0.733333333333333,18,60,hold,0.918427650421985,0.00252825601544197,0.00255925755745202,-0.000771072247364271,0.00128264677712314,0.997171331038907,0.885541925690913,0.000225787368446261,0.000225795186372404,0.000939530230456658,0.000939530230456658,0.180477235773431,15,4,0.532181072586759,0.141818987352759,0.272143214473642,13200,1.2
228,11,0.733333333333333,18,60,hold,0.882977028523904,0.00373033996496574,0.00373033996496574,0.000481501938956776,0.00972426285798468,0.995837144907825,0.883129248195608,3.37079206512401e-05,3.39269469429751e-05,0.000900860408542209,0.000900860408542209,0.180477235773431,15,4,0.567155032106036,0.0986273370618389,0.20236296918142,13200,1.2
229,11,0.733333333333333,18,60,hold,0.337913240441904,0.000190353928256569,0.000659002033831662,0.000362911665717103,0.00142708947076543,0.999525439988076,0.382768598510434,4.30958161087273e-05,4.30958161087273e-05,0.00027238182878965,0.00027238182878965,0.180477235773431,15,4,0.381643538071938,0.0973793088877,0.113868452073692,13200,1.2
230,11,0.733333333333333,18,60,hold,0.335910998664979,-0.00078996511043545,0.00185279062188013,0.00425554381150814,0.00426652049073155,1.00212304180763,0.370427205581156,2.51450131672604e-05,2.51450966526937e-05,0.000223533109181236,0.000223533109181236,0.180477235773431,15,4,0.383489156694214,0.0747766384780213,0.1210252344369,13200,1.2
201,11,0.733333333333333,18,60,kalman,0.255017339343908,0.0128219820711107,0.0128663148081167,0.0228494642335049,0.0228494642335049,0.926122758682766,0.141215680452657,-4.85719329610853e-05,4.8571977462573e-05,-0.000389142694379485,0.000389142694379485,0.180477235773431,15,4,0.456782841065776,0.0984455649601521,0.126360001710597,13200,1.2
202,11,0.733333333333333,18,60,kalman,0.265746187490233,0.00465540773828502,0.0051691647736008,0.0144791397881237,0.0144791397881237,0.982512657765434,0.255820950441368,6.55405828541529e-05,6.5547406549904e-05,0.000253063391359951,0.000253063391359951,0.180477235773431,15,4,0.326708147773203,0.0978570809570009,0.117665205951399,13200,1.2
203,11,0.733333333333333,18,60,kalman,0.210691349248003,0.00246824226408526,0.0025327019635069,-0.000352212136707472,0.00158685656742948,0.987847884131323,0.183303631956756,-7.38606032358683e-06,8.17256809445277e-06,3.68065357650213e-05,4.32843664421853e-05,0.180477235773431,15,4,0.389928510400458,0.0823164789246004,0.111940706986558,13200,1.2
204,11,0.733333333333333,18,60,kalman,0.359495153802557,0.00122676393360923,0.00143326886611181,0.00661022880309726,0.00661022880309726,0.99456298573896,0.215701996687012,-1.2467127741096e-05,1.24791795439091e-05,-0.000171191941834309,0.000171191941834309,0.180477235773431,15,4,0.566671083707094,0.0847233331644644,0.163160376877009,13200,1.2
205,11,0.733333333333333,18,60,kalman,0.70015870254017,-0.00528113305085506,0.00528113352134891,-0.0119830898586161,0.0119830898586161,1.00801686070726,0.661075843209152,6.75302660848739e-05,6.75302660848739e-05,-4.3369785093916e-05,0.000210332436756499,0.180477235773431,15,4,0.453097739948721,0.0780621180564872,0.122635617777325,13200,1.2
206,11,0.733333333333333,18,60,kalman,0.704274218716452,0.00246074799225753,0.00249281218288359,0.00492796674668402,0.00495040356324957,0.996101372235171,0.615856977382679,-3.08137672456641e-05,3.1483249906758e-05,-0.000761545542272801,0.000761545542272801,0.180477235773431,15,4,0.421445157860623,0.11550025499911,0.159609492022676,13200,1.2
207,11,0.733333333333333,18,60,kalman,0.38959595460555,0.00105428654663365,0.00136508423669675,0.00492821795080898,0.00492821795080898,0.997062347743625,0.352659135741826,-1.97243233511724e-05,1.97245114550585e-05,-0.000254567120744381,0.000254567120744381,0.180477235773431,15,4,0.42274976675874,0.0774920138865391,0.130936211359901,13200,1.2
208,11,0.733333333333333,18,60,kalman,0.521825513218961,-0.000510586049139616,0.000830603711851948,0.0156946516811175,0.0156946516811175,1.00086689756713,0.552859636197613,-1.56824145480933e-05,1.81072291725121e-05,-0.000680175225365977,0.000680175225365977,0.180477235773431,15,4,0.446084420570361,0.131857515099483,0.149903332931231,13200,1.2
209,11,0.733333333333333,18,60,kalman,0.757883941146569,0.00728820477618216,0.00728820477618216,0.0158491134034498,0.0158491134034498,0.990875808830784,0.770883306461631,0.00010082440700511,0.00010082440700511,0.000207400305919241,0.000317876259744731,0.180477235773431,15,4,0.547348546842957,0.115290947781947,0.194213488755343,13200,1.2
210,11,0.733333333333333,18,60,kalman,0.698492318522336,0.00201386099067138,0.00236312545591666,0.0159145709912535,0.0159145709912535,0.996798301261854,0.611777417043674,-7.47935474543979e-06,8.64626741719013e-06,-0.000475659685962325,0.000475659685962325,0.180477235773431,15,4,0.539198648831278,0.0966488195732338,0.173638005077906,13200,1.2
211,11,0.733333333333333,18,60,kalman,0.256447192560495,-0.00116320060225356,0.00251828205381901,-0.00829575651111707,0.00829575651111707,1.00355651080053,0.30615100967483,3.791470312349e-05,3.79147126691913e-05,0.000402528089798264,0.000402528089798264,0.180477235773431,15,4,0.304371421063046,0.100606924079393,0.113881665938334,13200,1.2
212,11,0.733333333333333,18,60,kalman,0.249945913385791,0.00181637698877119,0.0023334375664619,0.00201433792546634,0.00261050562736912,0.994578236219756,0.314867923856407,-4.18558450897324e-05,4.18640113186865e-05,-0.00027751171281673,0.00027751171281673,0.180477235773431,15,4,0.514682683224192,0.0800790137097935,0.10784035626215,13200,1.2
213,11,0.733333333333333,18,60,kalman,0.674500413219376,-0.00553906376130842,0.00553920396177695,-0.0139100145480027,0.0139100145480027,1.00825602724748,0.667182606741944,-4.1779963822446e-05,4.17984378710055e-05,-0.000759367270540538,0.000759367270540538,0.180477235773431,15,4,0.380354536027452,0.0638289861778495,0.108541901747788,13200,1.2
214,11,0.733333333333333,18,60,kalman,0.467051609443533,-0.00150555776124781,0.00244963040535683,-0.00833769016089437,0.00833769016089437,1.00306898833078,0.478783862683169,2.43289796382995e-05,2.51207876988698e-05,-9.20704146922835e-05,9.72362898615064e-05,0.180477235773431,15,4,0.386812610486081,0.152026748610782,0.176682902234737,13200,1.2
215,11,0.733333333333333,18,60,kalman,0.445369691392905,-0.00766754787114032,0.00770450786791936,-0.00818926517513727,0.00818926517513727,1.02425575347105,0.305337385670679,3.81080055976498e-05,3.81086469610566e-05,7.51578421180465e-05,7.51578421180465e-05,0.180477235773431,15,4,0.512743682569009,0.0780750781261174,0.116794251534524,13200,1.2
216,11,0.733333333333333,18,60,kalman,0.847435176278389,-0.000312995704542901,0.000402404786205226,0.000203025721758543,0.000490531068637352,1.00034457710125,0.905596850592014,-5.71554536686706e-06,5.71554536686706e-06,-4.36058630604352e-05,4.36058630604352e-05,0.180477235773431,15,4,0.487958165654719,0.0516437303505837,0.10577413662763,13200,1.2
217,11,0.733333333333333,18,60,kalman,0.358935008707022,-0.00447848936969088,0.00451703600412736,-0.0136447920162251,0.0136447920162251,1.00900294348596,0.470517272301333,-2.34635778576085e-05,2.34635778576085e-05,-0.00038433935503528,0.00038433935503528,0.180477235773431,15,4,0.507336675724929,0.1032716709226,0.119476154235439,13200,1.2
218,11,0.733333333333333,18,60,kalman,0.349844227102502,-0.0027050393926462,0.00314235168401188,-0.0179020342965128,0.0179020342965128,1.00851739703033,0.304117412784525,4.12389582082525e-05,4.12394115467951e-05,-2.27487801585996e-05,0.00011051292031158,0.180477235773431,15,4,0.332127654278649,0.193661533295568,0.164918965512804,13200,1.2
219,11,0.733333333333333,18,60,kalman,0.496912445828087,-0.00762080349844177,0.00762671045825571,-0.0179939807027634,0.0179939807027634,1.01355563944379,0.561117024532083,-7.5772048760044e-05,7.57855092007339e-05,-0.000735713942445096,0.000735713942445096,0.180477235773431,15,4,0.383767013000183,0.134106021958421,0.135242556749517,13200,1.2
220,11,0.733333333333333,18,60,kalman,0.27818400380262,-0.000386806918593063,0.00182017300529697,0.0021194040817195,0.00233099028748649,1.00147325628763,0.244636378376486,5.09749722521213e-05,5.09993703114294e-05,-0.00012267117720502,0.000151672521670238,0.180477235773431,15,4,0.447298799673649,0.0819261749886463,0.115377309923351,13200,1.2
221,11,0.733333333333333,18,60,kalman,0.681133075162703,0.00126591785138822,0.00186356098743896,0.00214456173161682,0.00225302593839213,0.998283910764717,0.728001212408129,-5.08258116793036e-05,5.0970923377737e-05,-0.000455867824231569,0.000455867824231569,0.180477235773431,15,4,0.506934750321495,0.0673627404165572,0.108285566414509,13200,1.2
222,11,0.733333333333333,18,60,kalman,0.857428496491087,0.00108344906021316,0.00162374909196478,-0.000826636257617012,0.00950014283991643,0.998692667230106,0.822687287735435,-2.54751177931144e-05,2.54751234656343e-05,0.000687372118512084,0.000723462183855167,0.180477235773431,15,4,0.520372791031185,0.15100309059519,0.184428397482257,13200,1.2
223,11,0.733333333333333,18,60,kalman,0.700443572975692,-0.00145147550246454,0.00159432433954312,0.00283615983548052,0.00285808440772309,1.00186013391751,0.768183542766562,4.2712671242349e-06,9.00107203525199e-06,3.02986268417849e-05,3.02986268417849e-05,0.180477235773431,15,4,0.42925904694889,0.0593910732934728,0.106079065488775,13200,1.2
224,11,0.733333333333333,18,60,kalman,0.421163045800885,0.00837927104871491,0.00855754301657619,0.0288971827835115,0.0288971827835115,0.975901756205824,0.328589277111056,-7.71169522594766e-05,7.74694607741983e-05,-0.000768019746568882,0.000768019746568882,0.180477235773431,15,4,0.493594219614608,0.119775665866621,0.194988471308405,13200,1.2
225,11,0.733333333333333,18,60,kalman,0.373507593299514,-0.000126360833047328,0.00103240960852074,0.00514722871972244,0.00665785921985721,1.0002823668776,0.440437449252694,-3.21495128170054e-05,3.23125903191723e-05,-0.000340379761059861,0.000340379761059861,0.180477235773431,15,4,0.356525134641452,0.0720311512745984,0.109914275583716,13200,1.2
226,11,0.733333333333333,18,60,kalman,0.583349788947039,0.00215124419421858,0.00227110997804109,0.00675843167144135,0.00675843167144135,0.995912618554827,0.507810281808212,-7.31432831514028e-06,1.1142399596858e-05,-0.000230089040349936,0.000230089040349936,0.180477235773431,15,4,0.466404217929361,0.0920295560256156,0.110742147713205,13200,1.2
227,11,0.733333333333333,18,60,kalman,0.918427650421985,0.00512837412603711,0.00512842025457754,0.00980223817853044,0.00980223817853044,0.994262261170312,0.885192136865619,0.000107170441618229,0.000107170441618229,0.000399097190726021,0.000446438015682471,0.180477235773431,15,4,0.516563850756,0.177445520906488,0.271545365115163,13200,1.2
228,11,0.733333333333333,18,60,kalman,0.882977028523904,-0.000932343819037048,0.00144249250504738,-0.0489143615096298,0.0489143615096298,1.00104044463807,0.893156683886093,-1.01703063243465e-05,1.26410811523448e-05,-0.00237213695006099,0.00237213695006099,0.180477235773431,15,4,0.548628247183807,0.0899939411031647,0.156923080506191,13200,1.2
229,11,0.733333333333333,18,60,kalman,0.337913240441904,-0.00324076988761924,0.00368940607688205,-0.0116174936936844,0.0116174936936844,1.00807936989059,0.382820574143784,-3.40247750284091e-05,3.65279030435946e-05,-0.000484160171367667,0.000484160171367667,0.180477235773431,15,4,0.376864281394943,0.0967452871863821,0.112034604240717,13200,1.2
230,11,0.733333333333333,18,60,kalman,0.335910998664979,0.00233442775110544,0.00304699675208702,0.00664933969276478,0.00664933969276478,0.993726194173621,0.363575142056855,-2.24089431992138e-05,2.25005043040969e-05,-0.000174474921720649,0.000174474921720649,0.180477235773431,15,4,0.372301102488894,0.0683211297795023,0.104665148354063,13200,1.2
201,11,0.733333333333333,18,60,kalman-gm,0.255017339343908,0.00730103272808559,0.00746004741634653,0.0338169698776063,0.0338169698776063,0.957933168699941,0.156946899290151,3.33752665612091e-05,3.350369594423e-05,0.000412044345795075,0.000412044345795075,0.180477235773431,15,4,0.467092460579875,0.0762994812754058,0.108878244078656,13200,1.2
202,11,0.733333333333333,18,60,kalman-gm,0.265746187490233,-0.00324046628876068,0.00340573206166922,-0.0167426085742088,0.0167552676321808,1.01217232650217,0.258850414124259,0.000128017783139851,0.000128017783139851,0.00110877181789574,0.00110877181789574,0.180477235773431,15,4,0.330617766962038,0.0942870546663909,0.121865605380676,13200,1.2
203,11,0.733333333333333,18,60,kalman-gm,0.210691349248003,0.00359684105573756,0.00359762561833826,0.00155741614746335,0.00225161845499215,0.982291353686573,0.180350116242479,-8.34378547645194e-06,1.31176450755999e-05,0.000274333541451701,0.000274333541451701,0.180477235773431,15,4,0.40149185756473,0.0717190648249113,0.108363883038098,13200,1.2
204,11,0.733333333333333,18,60,kalman-gm,0.359495153802557,-0.0031991620821953,0.00322791681053576,0.0204498843652258,0.0208792276544481,1.01417867723997,0.21817164844239,7.77650986098349e-05,7.77651317853352e-05,0.000718035284686282,0.000718035284686282,0.180477235773431,15,4,0.578567842677975,0.0991817350364268,0.238687758100039,13200,1.2
205,11,0.733333333333333,18,60,kalman-gm,0.70015870254017,0.00290202383387689,0.00290202601126311,0.00700196745445307,0.00700196745445307,0.99559467246492,0.640150517256612,-9.3105370061163e-06,1.28668765249617e-05,0.000131619703256881,0.000131619703256881,0.180477235773431,15,4,0.462436166441988,0.0622015000867654,0.0953409812429875,13200,1.2
206,11,0.733333333333333,18,60,kalman-gm,0.704274218716452,0.000256125419975004,0.000713802203524496,0.00178191895613396,0.00182821761831904,0.99959421376072,0.623543166914848,3.70555794049256e-05,3.70555815715647e-05,0.00025622707409861,0.00025622707409861,0.180477235773431,15,4,0.437695723672277,0.104401992402348,0.215643747515624,13200,1.2
207,11,0.733333333333333,18,60,kalman-gm,0.38959595460555,0.00131349295227583,0.00136457825664849,0.000864502910940174,0.00150554389876349,0.996340097910472,0.35352422407913,3.96069871575556e-05,3.96165436685132e-05,0.000396294080018471,0.000396294080018471,0.180477235773431,15,4,0.428156180667679,0.0862441722004073,0.139440860216028,13200,1.2
208,11,0.733333333333333,18,60,kalman-gm,0.521825513218961,0.00276079039752267,0.00278291947625458,0.00847664255898002,0.00847664255898002,0.995312597194906,0.552843432648937,6.26853427740798e-05,6.26853427740798e-05,0.000200933328680612,0.000200933328680612,0.180477235773431,15,4,0.453529758761373,0.12319592016995,0.140820714695284,13200,1.2
209,11,0.733333333333333,18,60,kalman-gm,0.757883941146569,0.0105248774284961,0.0105248774284961,0.0158578016585656,0.0158578016585656,0.986823779430019,0.763752239745531,0.00023268362452399,0.00023268362452399,0.00195288149473583,0.00195288149473583,0.180477235773431,15,4,0.556919315821379,0.122354884186919,0.225101723084497,13200,1.2
210,11,0.733333333333333,18,60,kalman-gm,0.698492318522336,0.00401958839338137,0.00430028928852719,0.00483179223382599,0.00495242690257558,0.993609533554416,0.604155763684296,8.70890341801774e-05,8.70890341801774e-05,0.00102736340224226,0.00102736340224226,0.180477235773431,15,4,0.549769877613995,0.0934551349742843,0.17785291980803,13200,1.2
211,11,0.733333333333333,18,60,kalman-gm,0.256447192560495,0.00402601144283346,0.0040301484886483,0.00849600416286359,0.00849600416286359,0.987690383626209,0.30614998252026,3.1838121091235e-05,3.1838121091235e-05,0.000279120569583411,0.000279120569583411,0.180477235773431,15,4,0.312049516999232,0.0870306607856728,0.0575516466303192,13200,1.2
212,11,0.733333333333333,18,60,kalman-gm,0.249945913385791,0.00203392496725241,0.00306119620977645,0.00478616128426189,0.00478616128426189,0.99392887005982,0.314867251652989,5.94046106265594e-05,5.94046324922974e-05,0.000459242818709235,0.000459242818709235,0.180477235773431,15,4,0.516453471857013,0.090420021724028,0.111524741708284,13200,1.2
213,11,0.733333333333333,18,60,kalman-gm,0.674500413219376,0.00109536190857101,0.00127751020293631,-0.00202061265906151,0.0020624681373227,0.99836735265151,0.665747730084274,1.06116612958433e-05,1.06330772672136e-05,6.75311523020067e-05,6.75311523020067e-05,0.180477235773431,15,4,0.385217899935898,0.0445828439203419,0.0532745267721895,13200,1.2
214,11,0.733333333333333,18,60,kalman-gm,0.467051609443533,-0.00323775145292614,0.00405881746237602,-0.0158343356471198,0.0158343356471198,1.00659996028234,0.480303538774314,3.46944731283263e-05,3.4695522554933e-05,0.000280031821635863,0.000280031821635863,0.180477235773431,15,4,0.391067864349909,0.154250610244475,0.272964768684791,13200,1.2
215,11,0.733333333333333,18,60,kalman-gm,0.445369691392905,-0.00312475326847894,0.00354714595916299,-0.00903828774326644,0.00903828774326644,1.00988493925462,0.301047267869793,8.27898539076583e-05,8.27914959499826e-05,0.000893631296205741,0.000893631296205741,0.180477235773431,15,4,0.524474180450592,0.068320593045874,0.100044255045775,13200,1.2
216,11,0.733333333333333,18,60,kalman-gm,0.847435176278389,0.00123333357692868,0.00124147325754421,0.000338951935215772,0.000622993225527466,0.99864222255242,0.905163404450001,4.46970957349811e-06,4.7390180251299e-06,6.99451254593345e-05,6.99451254593345e-05,0.180477235773431,15,4,0.496455294490015,0.0326399917454925,0.0506122292722679,13200,1.2
217,11,0.733333333333333,18,60,kalman-gm,0.358935008707022,0.000157028947433581,0.000718679957923805,-0.00363911330278037,0.00363911330278037,0.999684330446563,0.470512402888413,1.5703236908952e-08,5.45775956114121e-07,-4.82352005365588e-05,4.82352005365588e-05,0.180477235773431,15,4,0.519084596901051,0.086835085493613,0.0819954413016351,13200,1.2
218,11,0.733333333333333,18,60,kalman-gm,0.349844227102502,-0.00283934756969871,0.00317138693300705,-0.000800272026389666,0.00198655854718681,1.00894029514837,0.305083790841939,5.61499743101416e-05,5.61503203936516e-05,0.000393974545501678,0.000393974545501678,0.180477235773431,15,4,0.329310854513843,0.202523775401948,0.190103615590101,13200,1.2
219,11,0.733333333333333,18,60,kalman-gm,0.496912445828087,-0.00529929304663307,0.00535680161752498,-0.00844660243416224,0.00844660243416224,1.00942621153555,0.561117026626383,-3.51853666934345e-05,3.51877554078644e-05,-0.000100001655235072,0.000100001655235072,0.180477235773431,15,4,0.391814201194101,0.123790951567509,0.110872799889812,13200,1.2
220,11,0.733333333333333,18,60,kalman-gm,0.27818400380262,-0.0034997499931222,0.00378169914108845,-0.0114037320473765,0.0114037320473765,1.01332972197412,0.255445523042052,0.000129644259756806,0.000129644944491223,0.00105855773858205,0.00105855773858205,0.180477235773431,15,4,0.457204085938654,0.065993848585993,0.0685683089850668,13200,1.2
221,11,0.733333333333333,18,60,kalman-gm,0.681133075162703,0.000235852998887985,0.00125540985019242,-0.00182838768109662,0.00207076849326177,0.999680275626055,0.727967163985764,6.55355179732022e-06,6.96665743452109e-06,2.13195805448457e-05,3.66011371820729e-05,0.180477235773431,15,4,0.516740572335674,0.0507358409829987,0.0637068487822665,13200,1.2
222,11,0.733333333333333,18,60,kalman-gm,0.857428496491087,0.00122953000803007,0.00189850615288838,-0.0224756392489967,0.0233639969605392,0.998516400142754,0.825428570759298,5.52109428377875e-05,5.6683886347067e-05,0.00259149022702825,0.00259149022702825,0.180477235773431,15,4,0.529090947353449,0.15312805973846,0.24587864701263,13200,1.2
223,11,0.733333333333333,18,60,kalman-gm,0.700443572975692,-0.00114722739084501,0.00118486139821913,0.000534317935083437,0.000796416495340688,1.00147022569598,0.768183710026748,1.21841638750545e-05,1.21841889548058e-05,6.52324911880797e-05,6.52324911880797e-05,0.180477235773431,15,4,0.439657442151944,0.038299731956845,0.0511766131083515,13200,1.2
224,11,0.733333333333333,18,60,kalman-gm,0.421163045800885,0.00197801779094948,0.00369909159995688,0.015643570691562,0.015643570691562,0.994311348245164,0.341072355041669,3.90509590833005e-05,3.90512155059632e-05,5.41217267044575e-05,5.41217267044575e-05,0.180477235773431,15,4,0.502174703375717,0.123174889645037,0.257649245785126,13200,1.2
225,11,0.733333333333333,18,60,kalman-gm,0.373507593299514,0.00266796174125391,0.00267345909640787,-0.000468338623885526,0.00145130507434739,0.994038152422284,0.440433982995156,1.6213926464422e-05,1.62323594043889e-05,0.000213927421268946,0.000213927421268946,0.180477235773431,15,4,0.36326368131349,0.0567363000126151,0.0727856691792601,13200,1.2
226,11,0.733333333333333,18,60,kalman-gm,0.583349788947039,0.00182396227913833,0.00188905073523711,0.00154612887112866,0.00198828199135966,0.996534456852234,0.510990833001136,2.20448222599539e-05,2.20483972811422e-05,0.000204341043949019,0.000204341043949019,0.180477235773431,15,4,0.476951265025628,0.0807809339606094,0.0833407429501451,13200,1.2
227,11,0.733333333333333,18,60,kalman-gm,0.918427650421985,0.00416936510328971,0.00417251594415009,0.00419240664705103,0.00428918344628674,0.995335221756378,0.88425662578248,0.000103409429989284,0.000103409429989284,0.000971534410184847,0.000971534410184847,0.180477235773431,15,4,0.52906418760456,0.153241334106925,0.234157298529269,13200,1.2
228,11,0.733333333333333,18,60,kalman-gm,0.882977028523904,0.00291800677148748,0.00295091069535496,0.0032027902626169,0.00708427207715028,0.996743664260692,0.884175832213878,1.59511279290807e-05,1.75869569657254e-05,0.000625726097652322,0.000625726097652322,0.180477235773431,15,4,0.563367954997915,0.0739482380922699,0.104799878658851,13200,1.2
229,11,0.733333333333333,18,60,kalman-gm,0.337913240441904,0.000296233377223973,0.000631726051643743,0.000594622515083377,0.0012125180055872,0.999261478256239,0.382881122071103,1.58373816858765e-05,1.5843642860842e-05,0.000157268708984871,0.000157268708984871,0.180477235773431,15,4,0.379934524849147,0.0833529002316455,0.0726803989916203,13200,1.2
230,11,0.733333333333333,18,60,kalman-gm,0.335910998664979,0.000483847448469788,0.00188309109458279,0.00474934160621774,0.00475990160427953,0.998699653506154,0.367196598893012,6.86284091043858e-06,6.86399906802878e-06,0.0001439962421534,0.0001439962421534,0.180477235773431,15,4,0.378167185163816,0.0635816016204081,0.0718231251542258,13200,1.2
201,11,0.733333333333333,18,60,mean,0.255017339343908,0.00842534817085177,0.00847651496110683,0.0403050977317451,0.0403050977317451,0.951455127877448,0.152920901261845,-1.70215880370704e-05,1.70216269203947e-05,2.29196447551774e-05,3.21690624589951e-05,0.180477235773431,15,4,0.46616719082979,0.0984232730570776,0.126334355506692,13200,1.2
202,11,0.733333333333333,18,60,mean,0.265746187490233,0.0019059594889596,0.00273734161764494,0.00457311643750334,0.00459334236119091,0.99284054850995,0.258867349515969,8.62286198446194e-05,8.62352280150432e-05,0.000520608561531758,0.000520608561531758,0.180477235773431,15,4,0.333976727513214,0.0978509775356405,0.117279858198269,13200,1.2
203,11,0.733333333333333,18,60,mean,0.210691349248003,0.0016422093353229,0.00196539052592487,-0.0021943027493883,0.00267758602204726,0.991914765250621,0.182242884819961,-9.57316108901596e-07,1.11688476929865e-05,0.000144352229272558,0.000144352229272558,0.180477235773431,15,4,0.398653515064667,0.082356088440909,0.111738095567159,13200,1.2
204,11,0.733333333333333,18,60,mean,0.359495153802557,0.00138768442296163,0.00173472917550737,0.00420547746115084,0.0043575822821294,0.993849786588306,0.213002751747117,2.97120757674699e-06,5.96448100735868e-06,5.54207473381753e-05,5.54207473381753e-05,0.180477235773431,15,4,0.579458856583677,0.0846123146098184,0.162490320355236,13200,1.2
205,11,0.733333333333333,18,60,mean,0.70015870254017,-0.0041188842991431,0.00411888523961901,-0.0117594446594247,0.0117594446594247,1.00625254493261,0.659117623628258,9.44878934386847e-05,9.44878934386847e-05,0.000593766810333838,0.000593766810333838,0.180477235773431,15,4,0.463245705721914,0.0781012305625417,0.122635617777323,13200,1.2
206,11,0.733333333333333,18,60,mean,0.704274218716452,0.00316814516809311,0.00317932918285113,-0.00199882039058103,0.00454009280733591,0.99498062428408,0.615686722189519,1.06494889802355e-05,1.0649491214898e-05,-7.05392321794784e-06,9.26696866986398e-05,0.180477235773431,15,4,0.430321042787959,0.115934475623588,0.161531278433136,13200,1.2
207,11,0.733333333333333,18,60,mean,0.38959595460555,0.00165809115680635,0.00170799968358598,0.000635698028228711,0.00103382797240592,0.995379913322786,0.352862943199482,-1.47697748597991e-06,5.82098580558012e-06,3.55347559865293e-05,3.55347559865293e-05,0.180477235773431,15,4,0.432689918495476,0.0776004391363716,0.131435921250748,13200,1.2
208,11,0.733333333333333,18,60,mean,0.521825513218961,-0.0025801442334516,0.00265176785269295,-0.00810515502715618,0.00811737945121347,1.0043806930538,0.552859680883672,-1.33694803552714e-05,1.62224839702435e-05,2.84273905603619e-05,0.000145213307838683,0.180477235773431,15,4,0.4567069140981,0.131560301522941,0.148887907702832,13200,1.2
209,11,0.733333333333333,18,60,mean,0.757883941146569,0.00895205457182939,0.00895205457182939,0.0142066851515881,0.0142066851515881,0.988792815270839,0.765917623690793,0.000132060003632386,0.000132060003632386,0.000931735390601865,0.000931735390601865,0.180477235773431,15,4,0.559081500492551,0.115298258354918,0.193182978021244,13200,1.2
210,11,0.733333333333333,18,60,mean,0.698492318522336,0.00383938423482963,0.00460656007171524,0.0110101556805764,0.0110101556805764,0.993896027721449,0.602451512288101,2.24719370436099e-05,2.24719370436099e-05,0.000433000980292655,0.000433000980292655,0.180477235773431,15,4,0.551288422756776,0.0970366330784392,0.174926178201515,13200,1.2
211,11,0.733333333333333,18,60,mean,0.256447192560495,0.00388093467047571,0.00388094215777957,0.00810215921809442,0.00810524041193295,0.988133958970649,0.306151016247885,1.89580592965671e-05,1.89580689937842e-05,0.000233713859906495,0.000233713859906495,0.180477235773431,15,4,0.311479855171882,0.100506695966026,0.113979741125766,13200,1.2
212,11,0.733333333333333,18,60,mean,0.249945913385791,0.00108250666733539,0.00194174464697554,0.00174804798424284,0.00204807379514378,0.996768790027007,0.314868010952861,-2.92889710542879e-05,2.92977530894925e-05,-0.000195980140269054,0.000195980140269054,0.180477235773431,15,4,0.525435992403024,0.0799069423291618,0.107935933544803,13200,1.2
213,11,0.733333333333333,18,60,mean,0.674500413219376,-0.00472275330065011,0.0047228909681959,-0.00959361861442258,0.00959361861442258,1.00703930873764,0.667182613153813,-2.79251661583102e-05,2.7943850939686e-05,-0.000305285551313601,0.000305285551313601,0.180477235773431,15,4,0.388127353770719,0.0638153895333136,0.108535262532611,13200,1.2
214,11,0.733333333333333,18,60,mean,0.467051609443533,0.00172372775331642,0.00176556728838064,0.00380445530934729,0.0038245873383115,0.996486285351159,0.478784039865728,2.46622074745397e-05,2.54998506566656e-05,0.000139825559249095,0.000139825559249095,0.180477235773431,15,4,0.395775566620545,0.152014862367645,0.177047835510263,13200,1.2
215,11,0.733333333333333,18,60,mean,0.445369691392905,-0.00696722181478078,0.00701524201402114,-0.0119316150537726,0.0119316150537726,1.02204032078541,0.303948996357937,5.82201505786704e-05,5.82208249744596e-05,0.000199582667243558,0.000199582667243558,0.180477235773431,15,4,0.523764579531377,0.078017497844014,0.116914275544383,13200,1.2
216,11,0.733333333333333,18,60,mean,0.847435176278389,0.00053065678161186,0.000576729251368213,0.000138112788523879,0.000261346884638445,0.999415799728511,0.905597032009408,1.04310102589146e-06,2.13702049856925e-06,2.4511810086946e-05,2.4511810086946e-05,0.180477235773431,15,4,0.499007523920154,0.0519785397956427,0.106618961750914,13200,1.2
217,11,0.733333333333333,18,60,mean,0.358935008707022,-0.00140490968146813,0.00155644266288659,0.000529436553126226,0.00187810083385613,1.00282423858159,0.470517195633872,-2.11578694228035e-05,2.11578694228035e-05,-0.000135656649069146,0.000135656649069146,0.180477235773431,15,4,0.518903990509513,0.103362835432818,0.120017740261603,13200,1.2
218,11,0.733333333333333,18,60,mean,0.349844227102502,-0.000285945618325761,0.00178730298937178,0.00400098663357999,0.00400098663357999,1.00090036114335,0.295194930897593,4.58218679662883e-05,4.58223027796791e-05,0.000279794428436965,0.000279794428436965,0.180477235773431,15,4,0.339318179007778,0.193677683301999,0.16504782707357,13200,1.2
219,11,0.733333333333333,18,60,mean,0.496912445828087,-0.00566056599993184,0.00566594948468016,-0.0126878360649219,0.0126878360649219,1.01006883221153,0.561117024511977,-6.3194888256556e-05,6.32071599981086e-05,-0.000375069690597989,0.000375069690597989,0.180477235773431,15,4,0.392751165539436,0.13434770144241,0.135638247329287,13200,1.2
220,11,0.733333333333333,18,60,mean,0.27818400380262,0.000785255692084098,0.00144918281174796,0.00167197998767513,0.00182477402074057,0.997009146346269,0.242659652752533,8.27630976335823e-05,8.27875089259846e-05,0.000420509562050438,0.000420509562050438,0.180477235773431,15,4,0.457063806540174,0.0819974361379843,0.115285992866105,13200,1.2
221,11,0.733333333333333,18,60,mean,0.681133075162703,0.00162864612800989,0.00237506921412107,0.00196017636070155,0.00197701107182709,0.99779219316222,0.728001854118742,-3.47766530148054e-05,3.51167522594435e-05,-0.000294945115185224,0.000294945115185224,0.180477235773431,15,4,0.518522878511194,0.0673621317874994,0.108086663610867,13200,1.2
222,11,0.733333333333333,18,60,mean,0.857428496491087,-0.000641450842213585,0.000774086049509454,-0.013488564984408,0.0136877765864305,1.0007740001234,0.827047993267892,9.0069416611623e-08,2.24865638532532e-06,0.00109913614085066,0.00109913614085066,0.180477235773431,15,4,0.53160714949717,0.150615954981117,0.183691228198883,13200,1.2
223,11,0.733333333333333,18,60,mean,0.700443572975692,-0.00243283991030719,0.00244160291450838,2.82386812680679e-05,0.00355429211341232,1.00311779842329,0.768183543233055,2.8040107744783e-07,4.75007340772216e-06,-0.00011450159654465,0.00011512792233737,0.180477235773431,15,4,0.437917240260846,0.0593678846413044,0.105687264966359,13200,1.2
224,11,0.733333333333333,18,60,mean,0.421163045800885,0.00596622896969851,0.00614223169109271,0.0230301810691801,0.0230301810691801,0.982841509791508,0.334139655596009,-4.15885545289915e-05,4.2179935435505e-05,-0.00032933721295291,0.00032933721295291,0.180477235773431,15,4,0.503360132678937,0.119921880699808,0.195784159492146,13200,1.2
225,11,0.733333333333333,18,60,mean,0.373507593299514,0.00165982677938036,0.00168364806499001,0.00119776785117993,0.00196348179190457,0.996290938467721,0.440437564464165,-1.84942625477876e-06,3.430035015764e-06,-0.00011594550911867,0.00011594550911867,0.180477235773431,15,4,0.364013621383379,0.0719143111877713,0.11016037714087,13200,1.2
226,11,0.733333333333333,18,60,mean,0.583349788947039,0.000247909732994659,0.000628086697934808,0.000714411419063464,0.000763553209201943,0.999528969493355,0.51452796024925,4.72250904293472e-06,4.88044412898005e-06,7.15862424566019e-05,7.15862424566019e-05,0.180477235773431,15,4,0.476252034148058,0.0920232402468497,0.110742154287626,13200,1.2
227,11,0.733333333333333,18,60,mean,0.918427650421985,0.00541778848130608,0.00541783299530307,0.00649833896317354,0.00660510521489635,0.993938457964211,0.883082853869233,0.000117098944257898,0.000117098944257898,0.000925171931471407,0.000925171931471407,0.180477235773431,15,4,0.527616698469742,0.177839857650659,0.271644520235796,13200,1.2
228,11,0.733333333333333,18,60,mean,0.882977028523904,0.00242659456275779,0.00242820348766318,-0.0266789784336166,0.0284384083917758,0.99729205337125,0.8877414414463,1.14782726070517e-05,1.27150730540505e-05,-0.000380077478244261,0.000426370474582973,0.180477235773431,15,4,0.560876022175917,0.0894982800941949,0.156931470872762,13200,1.2
229,11,0.733333333333333,18,60,mean,0.337913240441904,-0.000541623660985419,0.00137065848877035,-0.00349332688538077,0.00357456363301599,1.00135028960721,0.38281943862463,5.49878472905681e-06,5.5022213256826e-06,-0.000100297902124153,0.000100297902124153,0.180477235773431,15,4,0.384385870623216,0.0966033919308092,0.111840907484135,13200,1.2
230,11,0.733333333333333,18,60,mean,0.335910998664979,0.0024512367316142,0.00331919453254701,0.00386639768607719,0.00412550377782475,0.993412268475067,0.360782419741545,-1.53310096223676e-05,1.55299120711513e-05,-0.000304352929087818,0.000304352929087818,0.180477235773431,15,4,0.380883766104505,0.0682875271913864,0.104544654490435,13200,1.2
201,11,0.733333333333333,18,60,none,0.255017339343908,0.00494917354406243,0.00499548523023314,0.00318391301726972,0.00745078813188998,0.971484027492179,0.164875297493652,-6.77464487744551e-05,6.77464487744551e-05,-0.000103602236226256,0.000103602236226256,0.048127262872915,4,4,0.65306340415493,NaN,NaN,0,1.2
202,11,0.733333333333333,18,60,none,0.265746187490233,0.0134156421741206,0.0134864813550309,-0.00127839609427609,0.0121884751193241,0.949606148551502,0.245465972672519,0.000353135363167148,0.000353163530401402,0.00260142365319699,0.00260142365319699,0.048127262872915,4,4,0.461131419663135,NaN,NaN,0,1.2
203,11,0.733333333333333,18,60,none,0.210691349248003,-0.0207756690039734,0.0207756690039734,-0.0127964371809247,0.0233824420325664,1.10228669229888,0.222094581987883,0.000504898550011225,0.000504898550011225,0.00338959495343852,0.00338959495343852,0.048127262872915,4,4,0.429533391286351,NaN,NaN,0,1.2
204,11,0.733333333333333,18,60,none,0.359495153802557,0.00494973685185483,0.00736405628347806,0.0396570252606375,0.0396570252606375,0.978062780364959,0.218325144820803,0.00100417794124397,0.00100417794124397,0.00691676750030192,0.00691676750030192,0.048127262872915,4,4,0.679044267276751,NaN,NaN,0,1.2
205,11,0.733333333333333,18,60,none,0.70015870254017,-0.0136356027478237,0.0136411925175655,-0.0841595213714984,0.0841595213714984,1.02069910506632,0.666224832698608,0.000205148094573466,0.000205311128052808,0.00258874259100273,0.00258874259100273,0.048127262872915,4,4,0.515735034950866,NaN,NaN,0,1.2
206,11,0.733333333333333,18,60,none,0.704274218716452,-0.00658732866106738,0.00674035287840517,-0.00834837390065353,0.00834837390065353,1.01043647805256,0.635982809570351,0.000221761039538871,0.000221817251238611,0.000694832928009741,0.000694832928009741,0.048127262872915,4,4,0.52971160021532,NaN,NaN,0,1.2
207,11,0.733333333333333,18,60,none,0.38959595460555,-0.0101786604130261,0.0101786604130261,0.00114074827830483,0.00574419445351247,1.02836170567165,0.365664350608041,0.000518946747867404,0.000518946747867404,0.00254772506585178,0.00254772506585178,0.048127262872915,4,4,0.590014290434764,NaN,NaN,0,1.2
208,11,0.733333333333333,18,60,none,0.521825513218961,0.0342404361209779,0.0342461318269294,0.0557693928731769,0.0557957642713686,0.941864939669036,0.552317281325733,0.000633166530115998,0.000633168161867453,0.00659801740755523,0.00659801740755523,0.048127262872915,4,4,0.561474066415101,NaN,NaN,0,19.8
209,11,0.733333333333333,18,60,none,0.757883941146569,-0.0121763160345306,0.0128275303174548,-0.0125474432475275,0.0241303367927095,1.01524367641246,0.803318918441605,0.00138324812675991,0.00138324812675991,0.00687500084284762,0.00687500084284762,0.048127262872915,4,4,0.661820692372474,NaN,NaN,0,1.2
210,11,0.733333333333333,18,60,none,0.698492318522336,-0.0128952948874144,0.0128987186481025,-0.0267074048078311,0.0270090312479644,1.02050134024161,0.640123134236042,0.000447794085112246,0.000447816252395393,0.00223511872801736,0.00223511872801736,0.048127262872915,4,4,0.592457529223974,NaN,NaN,0,1.2
211,11,0.733333333333333,18,60,none,0.256447192560495,0.0195830616371038,0.0196049002984622,0.0265371559359823,0.0265371559359823,0.940124368844966,0.305052531848956,0.0001172566601519,0.000118089614294911,0.000816341768248782,0.000816341768248782,0.048127262872915,4,4,0.41943116927967,NaN,NaN,0,1.2
212,11,0.733333333333333,18,60,none,0.249945913385791,0.0133084242571949,0.0135860083601732,0.0195406625260659,0.0195406625260659,0.960275244040284,0.317839734264661,0.000338475930722257,0.000338475930722257,0.00186731170119416,0.00186731170119416,0.048127262872915,4,4,0.66749319586995,NaN,NaN,0,1.2
213,11,0.733333333333333,18,60,none,0.674500413219376,-0.00394900542054161,0.00405194326284266,-0.0227666587358978,0.0227666587358978,1.00588603015914,0.668316722183181,-2.05986182480707e-05,2.1911954985467e-05,-0.000324764140369609,0.0003280189096432,0.048127262872915,4,4,0.527925689567428,NaN,NaN,0,1.2
214,11,0.733333333333333,18,60,none,0.467051609443533,0.0118694443689347,0.0118846656495701,-0.0194110451131546,0.0201475918463427,0.975804856380315,0.473816823981393,0.000610995001092641,0.000610995001092641,0.00279849983910465,0.00279849983910465,0.048127262872915,4,4,0.474951119024368,NaN,NaN,0,1.2
215,11,0.733333333333333,18,60,none,0.445369691392905,-0.0203552401983044,0.020723825639217,-0.0352591514348876,0.0352591514348876,1.06439238416136,0.333938378153537,0.000463201578533765,0.000463201578533765,0.00354787458863729,0.00354787458863729,0.048127262872915,4,4,0.618203630341129,NaN,NaN,0,1.2
216,11,0.733333333333333,18,60,none,0.847435176278389,-2.64837289792671e-05,0.000619181092975239,0.0028292275953053,0.0152871437593818,1.00002915594824,0.904771055201652,0.000531049247463277,0.000531064106231769,0.00271657500757106,0.00271657500757106,0.048127262872915,4,4,0.608943895269306,NaN,NaN,0,1.2
217,11,0.733333333333333,18,60,none,0.358935008707022,0.0230367625043888,0.0230367625043888,0.019932624540693,0.019932624540693,0.953690038357569,0.467142049345119,0.000170208243325854,0.000170208243325854,0.00114706844548933,0.00114706844548933,0.048127262872915,4,4,0.56078574451058,NaN,NaN,0,1.2
218,11,0.733333333333333,18,60,none,0.349844227102502,-0.0244381618233472,0.0244381618233472,-0.0289033514308035,0.0289033514308035,1.07694879694053,0.338076673976428,0.000322634085799417,0.000322828843395138,0.00149545148188449,0.00149545148188449,0.048127262872915,4,4,0.50058502885261,NaN,NaN,0,1.2
219,11,0.733333333333333,18,60,none,0.496912445828087,0.000540442139592138,0.00301943193823048,-0.00993019216200175,0.00993019216200175,0.999038678954779,0.557401717084902,0.000236128290599157,0.000236128290599157,0.00110482229984873,0.00110482229984873,0.048127262872915,4,4,0.4620144047701,NaN,NaN,0,1.2
220,11,0.733333333333333,18,60,none,0.27818400380262,-0.0105908883184833,0.0115009900856487,-0.0384236417724156,0.0384236417724156,1.04033819473441,0.270863448305994,0.000362076198608215,0.000362691138139169,0.00317211789334924,0.00317211789334924,0.048127262872915,4,4,0.535742405744993,NaN,NaN,0,1.2
221,11,0.733333333333333,18,60,none,0.681133075162703,0.0089421095447178,0.00896638189863446,-0.00268053999864505,0.00577516234808416,0.987877998628756,0.72829539699457,0.00062112926543208,0.00062112926543208,0.00301217252797369,0.00301217252797369,0.048127262872915,4,4,0.554583369838223,NaN,NaN,0,1.2
222,11,0.733333333333333,18,60,none,0.857428496491087,-0.000518109684419445,0.00116627016295776,-0.0253149416021701,0.0253636914970758,1.000625171772,0.826659324198032,0.000119082194357552,0.000124936492172321,0.00246085620288981,0.00246085620288981,0.048127262872915,4,4,0.732655798838134,NaN,NaN,0,1.2
223,11,0.733333333333333,18,60,none,0.700443572975692,0.00771045569869739,0.00771045569869739,0.016223440769215,0.016223440769215,0.990118689471358,0.765148150711635,0.000264191433382683,0.000264191433382683,0.00215268650452361,0.00215268650452361,0.048127262872915,4,4,0.618523829179839,NaN,NaN,0,1.2
224,11,0.733333333333333,18,60,none,0.421163045800885,0.00828223472145648,0.00925004445453517,-0.0193716284884344,0.026172521320967,0.976180826432526,0.333507648801501,0.000863453561880652,0.000863470865629698,0.00413811867496707,0.00413811867496707,0.048127262872915,4,4,0.653515163637173,NaN,NaN,0,1.2
225,11,0.733333333333333,18,60,none,0.373507593299514,-0.00019627000369858,0.00168856270365293,0.0109133338505977,0.0112557541607694,1.00043858644149,0.437179897576281,9.20322379063328e-05,9.20322379063328e-05,0.00043150834102011,0.00043150834102011,0.048127262872915,4,4,0.523578299295718,NaN,NaN,0,1.2
226,11,0.733333333333333,18,60,none,0.583349788947039,-0.0169070001434494,0.016967795374514,0.000720867221619651,0.00553005117283856,1.0321234376207,0.53373812351887,0.000504584277161729,0.000504584277161729,0.00220507345818778,0.00220507345818778,0.048127262872915,4,4,0.670485258681466,NaN,NaN,0,1.2
227,11,0.733333333333333,18,60,none,0.918427650421985,0.0102874648824269,0.0102874648824269,-0.0339601666981742,0.0341969549367396,0.98849015589263,0.882148417468608,0.000751711818350686,0.000751711818350686,0.00450686436280294,0.00450686436280294,0.048127262872915,4,4,0.587727906761389,NaN,NaN,0,1.2
228,11,0.733333333333333,18,60,none,0.882977028523904,-0.00376152652819127,0.00378748098636734,-0.0131336469968141,0.0131336469968141,1.00419765758866,0.897766054404246,0.000300424987394455,0.000300428591465017,0.00158990071444233,0.00158990071444233,0.048127262872915,4,4,0.572346643940415,NaN,NaN,0,1.2
229,11,0.733333333333333,18,60,none,0.337913240441904,0.00508965131195729,0.00632444991996223,0.0312692670268992,0.0312692670268992,0.987311294232729,0.384106213159189,0.000165262935995864,0.000165565966469146,0.00187508255201565,0.00187508255201565,0.048127262872915,4,4,0.551613110547325,NaN,NaN,0,1.2
230,11,0.733333333333333,18,60,none,0.335910998664979,-0.00427406404260704,0.00431084929181528,-0.00529084270000635,0.00634321756271606,1.01148660432096,0.374518183579779,5.66427236646442e-05,5.69039436580524e-05,-0.000137808262454106,0.000309797108557645,0.048127262872915,4,4,0.521114425144195,NaN,NaN,0,1.2
201,11,0.733333333333333,30,100,hold,0.255017339343908,-0.00722478133741782,0.00735897278840105,-0.00813987689544778,0.0083142924042976,1.04137376134464,0.171470545704654,0.000375912097943108,0.000376076332569422,0.00219517007009443,0.00219517007009443,0.180477235773431,15,4,0.469044241106054,0.172152050225371,0.361290848564821,22000,1.2
202,11,0.733333333333333,30,100,hold,0.265746187490233,0.00550476460950057,0.00652896542444617,-0.0102961304719765,0.0102961304719765,0.979519314259139,0.255638858658598,0.000392786789780054,0.000392786789780054,0.00254830164153309,0.00254830164153309,0.180477235773431,15,4,0.338028306697876,0.170363454877811,0.334326848674262,22000,1.2
203,11,0.733333333333333,30,100,hold,0.210691349248003,0.00690533530790876,0.00690544969085577,0.0358855271493507,0.0358855271493507,0.964495799393125,0.167871361346802,0.000226461658606618,0.000226466662663514,0.00298669072248172,0.00298669072248172,0.180477235773431,15,4,0.402774023232886,0.179632618746301,0.346141131745921,22000,1.2
204,11,0.733333333333333,30,100,hold,0.359495153802557,-0.0109549160794917,0.0109561915155422,0.000793254167151716,0.00897954804290244,1.04592836615877,0.223092915872852,0.000776599108743566,0.000776600375671764,0.00312790131708852,0.00312790131708852,0.180477235773431,15,4,0.567067032955328,0.288612330001368,0.805569790815718,22000,1.2
205,11,0.733333333333333,30,100,hold,0.70015870254017,0.0146570533329586,0.0146574447233765,0.0185689441900993,0.0185689441900993,0.977303298913241,0.559683130924906,0.000323469525683598,0.000323469525683598,0.00201560558544125,0.00201560558544125,0.180477235773431,15,4,0.466322886270814,0.130291536002074,0.263006475501473,22000,1.2
206,11,0.733333333333333,30,100,hold,0.704274218716452,-1.44462703093817e-05,0.00124006865749456,-0.00441352044481923,0.00450200262577693,1.00002306500486,0.616060547911665,0.000248915978798459,0.000248915980174357,0.00163444364144954,0.00163444364144954,0.180477235773431,15,4,0.433896490522435,0.218057246286982,0.656762383542918,22000,1.2
207,11,0.733333333333333,30,100,hold,0.38959595460555,0.00172223606191997,0.00245353316093249,-0.000194144561910088,0.00197471275707162,0.995228064026436,0.355901021399193,0.000371170098469282,0.000371171166599218,0.00244518502383958,0.00244518502383958,0.180477235773431,15,4,0.431640880505595,0.183463415309625,0.416656159569833,22000,1.2
208,11,0.733333333333333,30,100,hold,0.521825513218961,0.0166651329029064,0.0166840197237428,0.0170660200614965,0.0182444498587407,0.972903742455969,0.552835099501913,0.000414519756670136,0.000414519756670136,0.0020081953344864,0.0020081953344864,0.180477235773431,15,4,0.457549552854436,0.195362458844343,0.45041314069055,22000,1.2
209,11,0.733333333333333,30,100,hold,0.757883941146569,0.0203793821772742,0.0203793821772742,0.0310394399755152,0.0310394399755152,0.974256424665024,0.735734685079791,0.0012142027632806,0.0012142027632806,0.0075154986131237,0.0075154986131237,0.180477235773431,15,4,0.552057679694197,0.292722498111829,0.836785560311577,22000,1.2
210,11,0.733333333333333,30,100,hold,0.698492318522336,0.0140094785213916,0.0142958341184846,0.00101521140409288,0.0194314942833576,0.977455466373744,0.563426884054462,0.000788598842605986,0.000788598842605986,0.00486711424570459,0.00486711424570459,0.180477235773431,15,4,0.540747302869922,0.229319720787719,0.592369873797653,22000,1.2
211,11,0.733333333333333,30,100,hold,0.256447192560495,0.000421586071157106,0.00114763699069381,-0.00311996044367164,0.00318066644975643,0.998733130082657,0.306151372936052,0.000100540304916162,0.000100540318043107,0.000490894180530321,0.000490894180530321,0.180477235773431,15,4,0.310721631582913,0.14533537648106,0.157752545969031,22000,1.2
212,11,0.733333333333333,30,100,hold,0.249945913385791,0.0061750669241935,0.00630208113363548,0.00196332823656428,0.00703315734608697,0.982278511353844,0.314869112257945,0.000323766602416663,0.000323766793725626,0.00179786591659883,0.00179786591659883,0.180477235773431,15,4,0.52568568296827,0.166603519354543,0.333646465201534,22000,1.2
213,11,0.733333333333333,30,100,hold,0.674500413219376,0.00376162635446336,0.00377737332698395,0.00017471191194944,0.00347248188781281,0.994413832850111,0.665747731428105,9.92475855103969e-05,9.9260313506605e-05,0.000591068888447011,0.000591068888447011,0.180477235773431,15,4,0.384382095243273,0.0758865577153396,0.145620232890546,22000,1.2
214,11,0.733333333333333,30,100,hold,0.467051609443533,0.00838405927466083,0.0086358027709102,-0.000978279859628748,0.00446568958421754,0.982741497471622,0.467510835348016,8.04491333412832e-05,0.000109338474375583,0.000903080328589933,0.000903080328589933,0.180477235773431,15,4,0.392944915300578,0.241527475573605,0.618912583490576,22000,1.2
215,11,0.733333333333333,30,100,hold,0.445369691392905,0.00474955887765474,0.00484800345988463,0.0188131176862659,0.0188131176862659,0.984155783935151,0.250236409460047,0.000533388134882798,0.000533391958751079,0.00387678811548272,0.00387678811548272,0.180477235773431,15,4,0.529512559436434,0.147923585435046,0.290193722010048,22000,1.2
216,11,0.733333333333333,30,100,hold,0.847435176278389,0.0011441500965509,0.0019590675082906,-0.0135798912952562,0.0136015719672119,0.998738328033308,0.90263784064664,9.06742813243661e-05,9.06778139143904e-05,0.000930916174150793,0.000930916174150793,0.180477235773431,15,4,0.495773884349755,0.0762975449548756,0.133928325991089,22000,1.2
217,11,0.733333333333333,30,100,hold,0.358935008707022,0.0102981156780905,0.0103451869052455,0.0105137495891733,0.0119641490823651,0.979904928518036,0.470518818677224,0.000139685684070193,0.000139687657726537,0.00122656439669438,0.00122656439669438,0.180477235773431,15,4,0.515969311012747,0.168427072894313,0.309147155793901,22000,1.2
218,11,0.733333333333333,30,100,hold,0.349844227102502,-0.00144128162534838,0.00211461459251782,-0.00841183976316998,0.00841183976316998,1.00470961832524,0.284058613567999,0.00022159538791321,0.000221595547722578,0.00143195656559478,0.00143195656559478,0.180477235773431,15,4,0.34272801090261,0.198852907080907,0.23036347091702,22000,1.2
219,11,0.733333333333333,30,100,hold,0.496912445828087,-0.0176344459149034,0.0176421709580839,-0.0243669885428612,0.0243669885428612,1.0318480234844,0.561117024980072,0.000116971020758526,0.000117493495385277,0.000937311413277708,0.000937311413277708,0.180477235773431,15,4,0.385605436741775,0.216859179681931,0.331163196211511,22000,1.2
220,11,0.733333333333333,30,100,hold,0.27818400380262,-0.0135126864579942,0.0136565346765207,-0.0258906185495879,0.0258906185495879,1.05444644304344,0.246271871037216,0.000581947028424607,0.000581948356633828,0.0034747547469912,0.0034747547469912,0.180477235773431,15,4,0.456873774271935,0.12419191330625,0.212604804614287,22000,1.2
221,11,0.733333333333333,30,100,hold,0.681133075162703,0.00703151643190719,0.00703153116615648,0.00511711621753558,0.00513682187316518,0.990508813294666,0.727926470049191,0.0002278102370413,0.0002278102370413,0.000946047229500994,0.000946047229500994,0.180477235773431,15,4,0.514847810198582,0.10021563812447,0.189732823186139,22000,1.2
222,11,0.733333333333333,30,100,hold,0.857428496491087,-0.000764819689807301,0.00765450769991898,-0.0277421052040604,0.0277421052040604,1.00093010044467,0.817719753389962,0.000722671969720767,0.000722725285372189,0.00919653548071987,0.00919653548071987,0.180477235773431,15,4,0.512411353656162,0.299978116162986,0.754698409193079,22000,1.2
223,11,0.733333333333333,30,100,hold,0.700443572975692,0.00420493793531696,0.00439856431958819,0.00260652699177438,0.00684846252015639,0.994660325320982,0.768181400927941,0.000102591496714007,0.000102591504348257,0.0008234151006297,0.0008234151006297,0.180477235773431,15,4,0.442244842291124,0.0888671217298692,0.15242317127445,22000,1.2
224,11,0.733333333333333,30,100,hold,0.421163045800885,0.000472162255159055,0.00299075681764623,0.0109165413946526,0.0109719277340072,0.998640714744579,0.339551155550157,7.82479266245514e-05,7.82479307745718e-05,0.000632577195600399,0.000632577195600399,0.180477235773431,15,4,0.496444089825016,0.290114751976444,0.858975260958965,22000,1.2
225,11,0.733333333333333,30,100,hold,0.373507593299514,0.00572773425123205,0.00572934891076919,0.00514081359558108,0.00529340854961105,0.987349488266627,0.440341959730708,0.000200630615649182,0.000200630615688211,0.0012954331117059,0.0012954331117059,0.180477235773431,15,4,0.362139675535074,0.132193935567745,0.20483164568578,22000,1.2
226,11,0.733333333333333,30,100,hold,0.583349788947039,0.00438957244114193,0.00465679278566129,0.00405005157943071,0.00450014266546959,0.991612095492914,0.508352847943137,5.75643117202318e-05,5.75646660647572e-05,0.000812308749588615,0.000812308749588615,0.180477235773431,15,4,0.474140935223102,0.160940753191776,0.253942254835088,22000,1.2
227,11,0.733333333333333,30,100,hold,0.918427650421985,0.00353986136685423,0.00365920997795492,-0.000684115327919902,0.00675672695181204,0.99601223984644,0.849754600488131,0.00063437141114942,0.000634376101905106,0.00230945291361773,0.00230945291361773,0.180477235773431,15,4,0.530381892409188,0.212161233766715,0.441007878119469,22000,1.2
228,11,0.733333333333333,30,100,hold,0.882977028523904,0.011716023869613,0.011716023869613,-0.0203322134816847,0.0313368244369437,0.986964074927901,0.87527389398358,0.000265445490153243,0.000265576905928284,0.00373028334028287,0.00373028334028287,0.180477235773431,15,4,0.566651114786926,0.159999354541764,0.336960957122097,22000,1.2
229,11,0.733333333333333,30,100,hold,0.337913240441904,0.000508043948882343,0.000997955405716129,-0.000333015444491854,0.00158910552406049,0.998789183440385,0.382768598510434,0.00016777293451251,0.00016777293451251,0.00103529588554513,0.00103529588554513,0.180477235773431,15,4,0.380234242465873,0.151306510257671,0.202273318999085,22000,1.2
230,11,0.733333333333333,30,100,hold,0.335910998664979,0.00518857136807699,0.00677422480746634,0.00969674979906773,0.00969674979906773,0.986193325112871,0.365375019498281,0.000131751911112395,0.000131751961203655,0.000860847314674397,0.000860847314674397,0.180477235773431,15,4,0.384374720583743,0.123608644625539,0.21084944078272,22000,1.2
201,11,0.733333333333333,30,100,kalman,0.255017339343908,0.0245566312472464,0.02458323088945,0.0256678280016596,0.0256678280016596,0.859372878817817,0.127641225663949,-0.000144547003504179,0.000144547030205072,-0.000733969139766699,0.000733969139766699,0.180477235773431,15,4,0.42976368036709,0.16767214095386,0.222915689897274,22000,2.1
202,11,0.733333333333333,30,100,kalman,0.265746187490233,0.00485416749176671,0.00551725250252223,0.00335797220541908,0.00530518753044403,0.981939885538285,0.255820950441368,0.000214827161723372,0.000214831255940823,0.000540874426338455,0.000571695605227747,0.180477235773431,15,4,0.307815483501881,0.162940853016243,0.214126295423918,22000,1.2
203,11,0.733333333333333,30,100,kalman,0.210691349248003,0.00272885906547842,0.00281951121682267,0.0323237038065063,0.0323237038065063,0.985969405485977,0.175479233828874,4.74402099710614e-05,5.67753870218851e-05,0.00216906598713974,0.00216906598713974,0.180477235773431,15,4,0.365986314632701,0.148030748124789,0.207790024368057,22000,1.2
204,11,0.733333333333333,30,100,kalman,0.359495153802557,-0.00034009386260884,0.00265520016572121,-0.0247653210541943,0.0247653210541943,1.00142583980899,0.215701996687012,-3.8699503869665e-05,3.87067349513528e-05,-0.000602552177155979,0.000602552177155979,0.180477235773431,15,4,0.52376255268374,0.17843012998117,0.373494929513329,22000,1.2
205,11,0.733333333333333,30,100,kalman,0.70015870254017,-0.0142867406487271,0.0142867409310234,-0.0302242486868863,0.0302242486868863,1.02212326547786,0.646541654352914,0.00013472353599725,0.00013472353599725,-0.000304608905523382,0.000415551381794246,0.180477235773431,15,4,0.42113619027653,0.131782390678905,0.209786704758142,22000,1.8
206,11,0.733333333333333,30,100,kalman,0.704274218716452,0.00627782736715015,0.00629706588152578,0.0197737952321593,0.0197737952321593,0.989976781853825,0.594301982620195,-0.000173568039630094,0.00017396972922675,-0.00127008284797443,0.00127008284797443,0.180477235773431,15,4,0.391245009243898,0.189174850368828,0.347205702263764,22000,1.2
207,11,0.733333333333333,30,100,kalman,0.38959595460555,0.00671444132017562,0.00690091993421348,0.0255349640463556,0.0255349640463556,0.981395765199336,0.344558310262373,-6.25587998764468e-05,6.25589127387785e-05,-0.000367572553824352,0.000367572553824352,0.180477235773431,15,4,0.395180390741889,0.127577519548184,0.241479194137177,22000,1.2
208,11,0.733333333333333,30,100,kalman,0.521825513218961,0.00514274705148539,0.00594746090808033,0.0311482573300588,0.0311482573300588,0.991638278590232,0.552859636197613,-0.000160337743423628,0.00016179263219828,-0.00190091513106782,0.00190091513106782,0.180477235773431,15,4,0.420035304528953,0.202660197057077,0.305998786721428,22000,1.2
209,11,0.733333333333333,30,100,kalman,0.757883941146569,0.0107508082593712,0.0107508082593712,0.0327927039022245,0.0327927039022245,0.986419399767396,0.758441139224225,0.000235870610797739,0.000235870610797739,-0.000423240930048653,0.000896095864483146,0.180477235773431,15,4,0.512159332711256,0.227684236728836,0.495980476149485,22000,1.2
210,11,0.733333333333333,30,100,kalman,0.698492318522336,0.00512334234992023,0.0053329010290674,0.0309311029548894,0.0309311029548894,0.99175534166313,0.589406515742078,6.86145403757818e-06,2.50797282723648e-05,-0.000306089107692087,0.000523343253736486,0.180477235773431,15,4,0.498975474374668,0.175956435414954,0.373815984070143,22000,1.2
211,11,0.733333333333333,30,100,kalman,0.256447192560495,-0.0120425368574843,0.0128555857284235,-0.0376905484867846,0.0376905484867846,1.03618793104659,0.30615100967483,9.73064573416132e-05,9.7306463069034e-05,0.000427945720461844,0.000427945720461844,0.180477235773431,15,4,0.288300706350087,0.180933879452637,0.207790913044921,22000,1.2
212,11,0.733333333333333,30,100,kalman,0.249945913385791,0.00760976096617044,0.00791999731278487,0.0183776215501765,0.0183776215501765,0.978161160969188,0.314867923856407,-8.47121277595236e-05,8.47170274968961e-05,8.03566760700983e-05,0.000111774366748071,0.180477235773431,15,4,0.482854148449214,0.128802286243098,0.195035540135328,22000,1.2
213,11,0.733333333333333,30,100,kalman,0.674500413219376,-0.0133334783258801,0.0133335624461612,-0.0431062761279583,0.0431062761279583,1.01980075414173,0.667182606741944,-0.000233339287700526,0.000233350372129661,-0.00210496725709051,0.00210496725709051,0.180477235773431,15,4,0.362083140591432,0.101418182944989,0.183373930262507,22000,1.2
214,11,0.733333333333333,30,100,kalman,0.467051609443533,-0.013088261096638,0.0136547046831034,-0.0326259045254293,0.0326259045254293,1.02694205513445,0.478783862683169,9.45683761938043e-06,2.48930929694346e-05,-0.000370234303545826,0.000370234303545826,0.180477235773431,15,4,0.369523645150253,0.231923784682109,0.400619580199318,22000,3
215,11,0.733333333333333,30,100,kalman,0.445369691392905,-0.0123270044262989,0.0123491804243664,-0.0161276831696309,0.0161276831696309,1.04112207609037,0.282957797984446,9.55575251611412e-05,9.55579099791853e-05,0.000771872218552059,0.000771872218552059,0.180477235773431,15,4,0.482406098274031,0.113531681628996,0.198618230573325,22000,1.2
216,11,0.733333333333333,30,100,kalman,0.847435176278389,-0.00129427608964884,0.00158642323903625,-0.0164656898522381,0.0164656898522381,1.00142721821585,0.905596850592014,-7.55886758186858e-06,1.12858960246107e-05,0.000479807584902095,0.000479807584902095,0.180477235773431,15,4,0.457986171392812,0.0932812374507852,0.177427583488815,22000,1.2
217,11,0.733333333333333,30,100,kalman,0.358935008707022,-0.00668260172422418,0.00680632285108987,-0.00619007341650396,0.0099184992655944,1.01303999328921,0.470517272301333,-0.000115066323580276,0.000115066323580276,-0.00019022562720464,0.00028419382908197,0.180477235773431,15,4,0.471194207768548,0.163484207560778,0.221069933428508,22000,1.2
218,11,0.733333333333333,30,100,kalman,0.349844227102502,-0.00450619640491837,0.00477044231578954,-0.0361020602618781,0.0361020602618781,1.01472471777374,0.29365601421378,7.11255278647016e-05,7.11257998678272e-05,0.000133801214152844,0.000216993502334623,0.180477235773431,15,4,0.307138150985382,0.250484987961662,0.323554688556915,22000,1.2
219,11,0.733333333333333,30,100,kalman,0.496912445828087,-0.019096849598893,0.0191003937747814,-0.0309993231843922,0.0309993231843922,1.03448914229789,0.561117024532083,-0.000266626030595786,0.0002666341068602,-0.0023203204728823,0.0023203204728823,0.180477235773431,15,4,0.3552710824463,0.21480995380948,0.264609828711089,22000,9
220,11,0.733333333333333,30,100,kalman,0.27818400380262,0.00178676273176746,0.00315877693442686,0.00991404606855354,0.00991404606855354,0.992800626610427,0.200254664122505,3.53321224936209e-05,4.9002055329691e-05,-0.000597879425486593,0.000597879425486593,0.180477235773431,15,4,0.419907426688631,0.118538529189229,0.197057762144179,22000,1.2
221,11,0.733333333333333,30,100,kalman,0.681133075162703,0.00441433456329356,0.00477292044492401,0.0114802228199234,0.0114802228199234,0.994041502437524,0.728001212408129,-0.000135862178053685,0.000135949245072745,-0.000621070601864684,0.000621070601864684,0.180477235773431,15,4,0.475227828151779,0.0987657769660698,0.185761096370067,22000,1.2
222,11,0.733333333333333,30,100,kalman,0.857428496491087,0.00302845727591883,0.00386058789519572,0.0458024619646019,0.045965898179725,0.996317080356936,0.788971670558373,7.41361833677159e-05,0.000129211543249347,0.00283951854478493,0.00283951854478493,0.180477235773431,15,4,0.476983988783018,0.263889640133452,0.521484271452207,22000,1.2
223,11,0.733333333333333,30,100,kalman,0.700443572975692,-0.000568740907881539,0.00138422579624813,-0.000233942224172236,0.00439805043190341,1.00072222027327,0.768183542766562,8.8583046351276e-06,1.35916595920305e-05,-0.000749569348353478,0.000749569348353478,0.180477235773431,15,4,0.404396397959452,0.100720662023161,0.180893113961782,22000,1.2
224,11,0.733333333333333,30,100,kalman,0.421163045800885,0.0189353319866508,0.0190422951673676,0.0390525196058601,0.0390525196058601,0.945487981525998,0.298320012161063,-0.000294205640285566,0.000294417145394399,-0.00118004604657803,0.00118004604657803,0.180477235773431,15,4,0.45774310407924,0.209070287884344,0.471607595968693,22000,1.2
225,11,0.733333333333333,30,100,kalman,0.373507593299514,-0.00309709705376083,0.00364072631904488,0.00195562255885739,0.00826511192212554,1.00684037717175,0.440437449252694,-0.000153222006464748,0.000153319852966048,-0.00125627470265046,0.00125627470265046,0.180477235773431,15,4,0.334422506923461,0.126336348158855,0.185343614618427,22000,1.2
226,11,0.733333333333333,30,100,kalman,0.583349788947039,0.00759807115825842,0.00766999062855193,0.013635365527938,0.013635365527938,0.985481069929231,0.501031878213187,-5.48247962312382e-05,5.71216390002688e-05,-0.000206299606632817,0.000206299606632817,0.180477235773431,15,4,0.433627840455051,0.140391662629552,0.194473382052625,22000,1.2
227,11,0.733333333333333,30,100,kalman,0.918427650421985,0.00588360367213624,0.0058909681814034,0.0393361363575733,0.0394393036828889,0.993371943742549,0.859874810830547,0.000347553982913147,0.000347553982913147,-0.000982415715400105,0.00181167344492971,0.180477235773431,15,4,0.484956552542164,0.262383878689042,0.671093958600282,22000,1.2
228,11,0.733333333333333,30,100,kalman,0.882977028523904,-0.0107915196182698,0.011097608829876,-0.0243292291842256,0.0243292291842256,1.01200726822713,0.893156683886093,-0.000282536936562514,0.000284019401459313,-0.0070474298042014,0.0070474298042014,0.180477235773431,15,4,0.510721416939704,0.156436181550821,0.309890866528312,22000,1.2
229,11,0.733333333333333,30,100,kalman,0.337913240441904,-0.0129687103016679,0.0132378920152256,-0.022967085432414,0.022967085432414,1.03090821025357,0.382820574143784,-0.00019836998122756,0.000199871858036671,-0.0012359272921222,0.0012359272921222,0.180477235773431,15,4,0.355729018761195,0.151735537022193,0.196815022211738,22000,1.2
230,11,0.733333333333333,30,100,kalman,0.335910998664979,0.00616483010166078,0.00659237150224973,0.00343113122173447,0.00382131561393965,0.983595521982853,0.363575142056855,-6.61769298991971e-05,6.6231866562127e-05,-0.000228872038515004,0.000228872038515004,0.180477235773431,15,4,0.34732939881147,0.115286119773523,0.182401857249102,22000,1.2
201,11,0.733333333333333,30,100,kalman-gm,0.255017339343908,0.0136201445704285,0.0137155533833851,0.0183807553729519,0.0183807553729519,0.922002260744161,0.148150067204281,0.000240110406766,0.000240187464395813,0.00184979165504316,0.00184979165504316,0.180477235773431,15,4,0.467045269726426,0.14325529131266,0.23928859321451,22000,1.2
202,11,0.733333333333333,30,100,kalman-gm,0.265746187490233,-0.00758757266668026,0.00768673213042538,-0.0455019062634503,0.0455019062634503,1.02822985220004,0.258850414124259,0.000514645672374701,0.000514645672374701,0.00277199730725033,0.00277199730725033,0.180477235773431,15,4,0.326655708129939,0.162373654609861,0.269312263680975,22000,1.2
203,11,0.733333333333333,30,100,kalman-gm,0.210691349248003,0.00456424228187169,0.00456471301943211,0.0309031869143101,0.0309031869143101,0.976532671279792,0.171680961228065,9.99699081499356e-05,0.000112846766481167,0.00249618876502922,0.00249618876502922,0.180477235773431,15,4,0.400021532685132,0.144511725535737,0.227690272688661,22000,1.2
204,11,0.733333333333333,30,100,kalman-gm,0.359495153802557,-0.00164329365765182,0.00317252484484208,0.00709084079183649,0.00738347021016621,1.00688949073342,0.21817164844239,0.000354443499085254,0.000354443518990555,0.00188014471328774,0.00188014471328774,0.180477235773431,15,4,0.571378879742224,0.211633573126092,0.538495991440028,22000,1.2
205,11,0.733333333333333,30,100,kalman-gm,0.70015870254017,0.00798006146874858,0.00798006277518031,0.0143629723108222,0.0143629723108222,0.987642736524478,0.57611925535036,7.89356298291025e-05,9.22420779477493e-05,0.000992164164290976,0.000992164164290976,0.180477235773431,15,4,0.461129578464545,0.105072494522869,0.18401932428069,22000,1.2
206,11,0.733333333333333,30,100,kalman-gm,0.704274218716452,-0.000977629068407992,0.00182383155709228,-0.00193398416571377,0.00422809053701743,1.00156088863959,0.618511273738804,9.47999048967518e-05,9.47999061967353e-05,0.000182131869545965,0.000182131869545965,0.180477235773431,15,4,0.436099735325179,0.166962535092922,0.381741772017755,22000,1.2
207,11,0.733333333333333,30,100,kalman-gm,0.38959595460555,0.00287794253267328,0.00290859371529688,0.00323844816957215,0.0033057005796255,0.992025856498323,0.35352422407913,0.000238661585744729,0.000238667319651304,0.00171043910528096,0.00171043910528096,0.180477235773431,15,4,0.426633310660727,0.145718671804383,0.301170023693279,22000,1.2
208,11,0.733333333333333,30,100,kalman-gm,0.521825513218961,0.00688972750422354,0.00690300495146269,0.0191227341159392,0.0191227341159392,0.98879781925831,0.552843432648937,0.000182327382362014,0.000182327382362014,0.000399713676085477,0.000399713676085477,0.180477235773431,15,4,0.455262145737689,0.171628827076045,0.292132341285138,22000,1.2
209,11,0.733333333333333,30,100,kalman-gm,0.757883941146569,0.0189712558168483,0.0189712558168483,0.0285826436519368,0.0285826436519368,0.976035193360044,0.734381062286026,0.000785874228211466,0.000785874228211466,0.00466189256190008,0.00466189256190008,0.180477235773431,15,4,0.553263291872827,0.237534780197845,0.638908012902651,22000,1.2
210,11,0.733333333333333,30,100,kalman-gm,0.698492318522336,0.0101006889465359,0.0102691094836234,0.00256887417267997,0.0104214262678201,0.983745624702888,0.581334740590458,0.000461796940929344,0.000461796940929344,0.00327901522455605,0.00327901522455605,0.180477235773431,15,4,0.543237427774709,0.172447030734259,0.414486342217009,22000,1.2
211,11,0.733333333333333,30,100,kalman-gm,0.256447192560495,0.00545185424614827,0.00545433647363717,0.00280709323115226,0.00305250162197949,0.983617129192089,0.30614998252026,0.000103768248382562,0.000103768248382562,0.000572944602393687,0.000572944602393687,0.180477235773431,15,4,0.314143415222492,0.157032251028339,0.126405456870128,22000,1.2
212,11,0.733333333333333,30,100,kalman-gm,0.249945913385791,0.00577192037329544,0.00638828311880986,0.00377820521331866,0.00588847527810561,0.983435479709359,0.314867251652989,0.000212587969731061,0.000212587982850504,0.0011242285710534,0.0011242285710534,0.180477235773431,15,4,0.514274854462815,0.146044238263062,0.233473808016372,22000,1.2
213,11,0.733333333333333,30,100,kalman-gm,0.674500413219376,0.00111415661176001,0.00178906822042785,-0.000861580251352702,0.00313268016960642,0.998345432406634,0.665747730084274,5.25845435727118e-05,5.2597393155534e-05,0.000414942420071734,0.000414942420071734,0.180477235773431,15,4,0.388806113293699,0.0700638632778153,0.101184366381971,22000,1.2
214,11,0.733333333333333,30,100,kalman-gm,0.467051609443533,-0.0128714463377977,0.0133640859434676,-0.0328252788956374,0.0328252788956374,1.02649574411242,0.480303538774314,0.000155286787296634,0.000155287416952598,0.000848915650282823,0.000848915650282823,0.180477235773431,15,4,0.392872610599377,0.217785976667998,0.576040222463037,22000,1.2
215,11,0.733333333333333,30,100,kalman-gm,0.445369691392905,-0.00903915338055638,0.00929258899496681,-0.0265814253362414,0.0265814253362414,1.03015402122472,0.283507028778959,0.000367347299074335,0.000367348284299729,0.00259608945530487,0.00259608945530487,0.180477235773431,15,4,0.523229039827737,0.117055366196015,0.205232882514413,22000,1.2
216,11,0.733333333333333,30,100,kalman-gm,0.847435176278389,5.52624134883517e-05,0.00214716996677817,-0.0138035967116107,0.0138035967116107,0.999939061283899,0.905155371331724,4.23286657418701e-05,4.24902508128491e-05,0.000629335802978901,0.000629335802978901,0.180477235773431,15,4,0.497657877604403,0.0700816141731369,0.0982917540007584,22000,1.2
217,11,0.733333333333333,30,100,kalman-gm,0.358935008707022,0.000735428938910987,0.00152149507920375,-0.00127324473927041,0.00648706487814303,0.998564931919656,0.470512402888413,-5.3554407164963e-06,5.69232823231014e-06,0.000153355027519425,0.000153394739878339,0.180477235773431,15,4,0.514626455100276,0.13672439455382,0.181531380498254,22000,1.2
218,11,0.733333333333333,30,100,kalman-gm,0.349844227102502,-0.00487817541792917,0.00507739903591418,-0.0114425205808521,0.0114425205808521,1.01594021871781,0.289984617548898,0.00017211582869442,0.000172116036344526,0.00125839685837167,0.00125839685837167,0.180477235773431,15,4,0.329124348829903,0.241003582393311,0.480465151408331,22000,1.2
219,11,0.733333333333333,30,100,kalman-gm,0.496912445828087,-0.0148263787766603,0.0148608839191954,-0.0199762149525055,0.0199762149525055,1.02677662013007,0.561117026626383,-4.07922151157747e-05,5.15792391380787e-05,0.000415302287348269,0.000415302287348269,0.180477235773431,15,4,0.387443579334233,0.201706200331618,0.254844928934223,22000,1.2
220,11,0.733333333333333,30,100,kalman-gm,0.27818400380262,-0.00974924459336815,0.0099184140821479,-0.0148415774719033,0.0148415774719033,1.03928246926468,0.234284005053055,0.000424392255181407,0.000424392666022057,0.00245820027725936,0.00245820027725936,0.180477235773431,15,4,0.456419984290681,0.097402239191996,0.140669469765512,22000,1.2
221,11,0.733333333333333,30,100,kalman-gm,0.681133075162703,0.0016065581601118,0.00221829227089446,0.00120743119537632,0.0018826095381989,0.997831457325278,0.727967163985764,4.05877165834895e-05,4.083557996581e-05,0.000263102514054254,0.000263102514054254,0.180477235773431,15,4,0.516274074965945,0.0749881064923001,0.128512397615166,22000,1.2
222,11,0.733333333333333,30,100,kalman-gm,0.857428496491087,-0.00525904496389499,0.00847637046569316,-0.0472515785350412,0.0472515785350412,1.0063955467212,0.824974366297044,0.000618204344014145,0.000619088110119713,0.00733356898493526,0.00733356898493526,0.180477235773431,15,4,0.519476712702077,0.262018376489257,0.621561068564245,22000,12.6
223,11,0.733333333333333,30,100,kalman-gm,0.700443572975692,-0.000168989727327107,0.00155581749937801,-0.00103555566964295,0.00383720547671808,1.00021459298137,0.768183710026748,4.07126568328542e-05,4.07126718807049e-05,0.000547067728830981,0.000547067728830981,0.180477235773431,15,4,0.440332184166622,0.0699230040933005,0.101969635923082,22000,1.2
224,11,0.733333333333333,30,100,kalman-gm,0.421163045800885,0.00677112082287771,0.00780376510828216,0.0214823230378551,0.0214823230378551,0.980506945236206,0.323505096307222,0.000111431474196581,0.000111431628050178,0.000673438122844367,0.000673438122844367,0.180477235773431,15,4,0.492254406990161,0.219318577078151,0.54129794764472,22000,1.2
225,11,0.733333333333333,30,100,kalman-gm,0.373507593299514,0.00378263683894745,0.00378593525203982,0.00272584135811623,0.00297916031834331,0.991645511189018,0.440433982995156,9.58629305869041e-05,9.58739903508843e-05,0.000736958721313264,0.000736958721313264,0.180477235773431,15,4,0.361147422455849,0.107935417458084,0.143363846766889,22000,1.2
226,11,0.733333333333333,30,100,kalman-gm,0.583349788947039,0.00488709006822626,0.00492614314188553,0.00403220729930409,0.00461346441014132,0.99066140373363,0.507679947589053,7.40736737911546e-05,7.40758188038676e-05,0.00086434451657599,0.00086434451657599,0.180477235773431,15,4,0.474190407538907,0.127387604008485,0.173688286372032,22000,1.2
227,11,0.733333333333333,30,100,kalman-gm,0.918427650421985,0.00846482224968213,0.00846671275419836,0.00306219944280204,0.00610779803439858,0.990464123485082,0.840943802837346,0.000491010677778069,0.000491010677778069,0.00257096363128015,0.00257096363128015,0.180477235773431,15,4,0.522486952873922,0.237669794410665,0.514002087533394,22000,1.2
228,11,0.733333333333333,30,100,kalman-gm,0.882977028523904,0.0105075780595961,0.0105273204139166,-0.00648439276655932,0.0157382115621289,0.988308661556299,0.87898804812175,0.000184304215526488,0.000185285712948475,0.00267209150119912,0.00267209150119912,0.180477235773431,15,4,0.563002034329721,0.12671727902938,0.216373472346921,22000,1.2
229,11,0.733333333333333,30,100,kalman-gm,0.337913240441904,0.000130984186361552,0.000798853833581835,-0.00187413184778645,0.00204970764771107,0.999687826570432,0.382881122071103,9.8256731665366e-05,9.82604883703453e-05,0.000732304451264991,0.000732304451264991,0.180477235773431,15,4,0.377912028566344,0.133094369210954,0.147800431463129,22000,1.2
230,11,0.733333333333333,30,100,kalman-gm,0.335910998664979,0.00651431570162886,0.00735386188929666,0.00922548329755931,0.00922959813404265,0.982665548447907,0.364122547841683,6.55723458232316e-05,6.55730407177857e-05,0.000630047796007578,0.000630047796007578,0.180477235773431,15,4,0.377220569234991,0.108294976981639,0.151834244172545,22000,1.2
201,11,0.733333333333333,30,100,mean,0.255017339343908,0.017428548727639,0.017459248801792,0.0252363442252701,0.0252363442252701,0.900192880315125,0.136387988551987,1.84546804324026e-05,4.01921094561364e-05,0.000554713660730794,0.000554713660730794,0.180477235773431,15,4,0.464461853642178,0.167474294518997,0.223862325216343,22000,1.2
202,11,0.733333333333333,30,100,mean,0.265746187490233,-0.000435843047011533,0.00359078019981351,-0.00678089403754593,0.00692696672240511,1.00162157060499,0.258867349515969,0.000286101640405774,0.000286105605308029,0.00118346110329382,0.00118346110329382,0.180477235773431,15,4,0.335100989019933,0.162682189457208,0.213770446306174,22000,1.2
203,11,0.733333333333333,30,100,mean,0.210691349248003,-0.00103719899281618,0.00320175890956484,-0.00972190741144583,0.00972190741144583,1.00533282157465,0.182242884819961,5.43655352115427e-05,6.16412334926755e-05,0.000712739943522285,0.000712739943522285,0.180477235773431,15,4,0.399427803046688,0.148266080831789,0.208586717024892,22000,1.2
204,11,0.733333333333333,30,100,mean,0.359495153802557,-0.00013894821375586,0.00260885201707223,-0.0295383000567438,0.0295383000567438,1.00058253887042,0.213002751747117,5.29011521664025e-05,5.46971162247695e-05,-3.06906297561778e-05,0.000148047109468973,0.180477235773431,15,4,0.571919918204911,0.178361219326112,0.375994207342238,22000,1.2
205,11,0.733333333333333,30,100,mean,0.70015870254017,-0.00916651223120081,0.00916651279548636,0.00123138316965683,0.00606393819541388,1.01419450304188,0.613980274592246,0.000279666566061553,0.000279666566061553,0.000885657635439651,0.000885657635439651,0.180477235773431,15,4,0.460019823898309,0.133957913509363,0.209598418529097,22000,1.2
206,11,0.733333333333333,30,100,mean,0.704274218716452,0.00436182914230182,0.00436853955115663,-0.00460816078973666,0.00591156419265099,0.993035876513839,0.608602542853096,3.04231390475346e-05,3.0423140388332e-05,-0.000354971923366523,0.000370868107912185,0.180477235773431,15,4,0.422636664208287,0.190145576469711,0.350367565157525,22000,1.2
207,11,0.733333333333333,30,100,mean,0.38959595460555,0.00603649928764228,0.00606644440371007,0.0296784964326867,0.0296784964326867,0.983274192927432,0.341607638042156,-6.14413553757076e-06,1.23549532850781e-05,-0.000246658983929163,0.000246658983929163,0.180477235773431,15,4,0.432404410652279,0.127662507402135,0.241323188569179,22000,1.2
208,11,0.733333333333333,30,100,mean,0.521825513218961,-0.00557571385669406,0.00561868802823887,-0.0206846368291802,0.0206846368291802,1.00906569299705,0.552859680883672,-5.2971181907778e-05,5.46829840767613e-05,0.000839062844391004,0.000859206168964788,0.180477235773431,15,4,0.460703113062137,0.202107443741866,0.304139979277941,22000,1.2
209,11,0.733333333333333,30,100,mean,0.757883941146569,0.0149952099892462,0.0149952099892462,0.0219522237650392,0.0219522237650392,0.981057800738806,0.75203504401927,0.000320317303491468,0.000320317303491468,0.000801037313267026,0.000801037313267026,0.180477235773431,15,4,0.55679696130636,0.227906703186956,0.501937641454967,22000,1.2
210,11,0.733333333333333,30,100,mean,0.698492318522336,0.0114712706169191,0.0119315761190504,0.0431636168519762,0.0431636168519762,0.981540037642078,0.571740015528212,0.000155273401541947,0.000155273401541947,0.000801142152960391,0.000801142152960391,0.180477235773431,15,4,0.544585300882834,0.177486279155628,0.382614667918645,22000,1.2
211,11,0.733333333333333,30,100,mean,0.256447192560495,0.0018817818338952,0.00341128051049136,0.00341068452258991,0.0041826714987389,0.994345228745769,0.306151016247885,5.60788116949407e-05,5.60788175132709e-05,0.00031104836639698,0.00031104836639698,0.180477235773431,15,4,0.314994392773691,0.181427205400768,0.208677157360287,22000,1.2
212,11,0.733333333333333,30,100,mean,0.249945913385791,0.00450465764104097,0.00502020042882506,0.0138967751846375,0.0138967751846375,0.987072328086395,0.314868010952861,-7.63686707487851e-05,7.63739399699079e-05,-0.000163340145126871,0.000163340145126871,0.180477235773431,15,4,0.523422516028262,0.128762453438023,0.195039460356057,22000,1.2
213,11,0.733333333333333,30,100,mean,0.674500413219376,-0.01230191944078,0.0123020020413074,-0.015595164957612,0.015595164957612,1.01826884751037,0.667182613153813,-9.88209799737838e-05,9.88321908426093e-05,-0.000979536113015985,0.000979536113015985,0.180477235773431,15,4,0.391770478849315,0.101157798802684,0.182197383187057,22000,1.2
214,11,0.733333333333333,30,100,mean,0.467051609443533,0.00318159317802393,0.00325832432170918,-0.00102791270750779,0.00130329215381891,0.993450722125361,0.464126574503617,4.49338236521341e-05,4.54364095614096e-05,0.00011960503968106,0.00011960503968106,0.180477235773431,15,4,0.404673306508307,0.231912585325775,0.403982758146575,22000,1.2
215,11,0.733333333333333,30,100,mean,0.445369691392905,-0.00974016161796437,0.00976897373750858,-0.0220723140985573,0.0220723140985573,1.03249253860345,0.277217886331531,0.000159699577969062,0.000159699982606536,0.000638598144721377,0.000638598144721377,0.180477235773431,15,4,0.523706335932541,0.113095667776852,0.198530488319207,22000,1.2
216,11,0.733333333333333,30,100,mean,0.847435176278389,-0.00130795519880327,0.00221799402825945,-0.0197146205518312,0.0197146205518312,1.0014423023806,0.905597032009408,8.07286356472453e-06,8.7292152483312e-06,0.000121548063117058,0.00013059021237188,0.180477235773431,15,4,0.500041437217195,0.0950244217061821,0.17972814858833,22000,1.2
217,11,0.733333333333333,30,100,mean,0.358935008707022,-0.00337723252188908,0.00346815231074015,0.00335913609037955,0.0061250928346767,1.0065901113427,0.470517195633872,-9.30807262487326e-05,9.30807262487326e-05,-0.000741663746271985,0.000741663746271985,0.180477235773431,15,4,0.514842255236396,0.164028480160699,0.224251970209639,22000,1.2
218,11,0.733333333333333,30,100,mean,0.349844227102502,0.0018304473907784,0.00307439655539693,-0.00689216413212038,0.00751275307433488,0.99401872026717,0.276575866917106,0.000119442057762105,0.00011944231865014,0.000886744361660704,0.000886744361660704,0.180477235773431,15,4,0.333135924120801,0.250575735252192,0.330160288336138,22000,1.2
219,11,0.733333333333333,30,100,mean,0.496912445828087,-0.0180167038548331,0.018019933945682,-0.0244551030366001,0.0246173562588856,1.03253838596626,0.561117024511977,-0.000153780145026854,0.000153787508071785,-0.00120321227112517,0.00120321227112517,0.180477235773431,15,4,0.389043278192817,0.216867954455097,0.267901895051603,22000,3.6
220,11,0.733333333333333,30,100,mean,0.27818400380262,0.000794776781896575,0.00140249243256534,0.00357454954712639,0.0040669826121987,0.996797619117242,0.205037431227039,0.000188393630952921,0.000188408277728363,0.000418376253875052,0.000418376253875052,0.180477235773431,15,4,0.456635377209262,0.118634314587925,0.19868695606906,22000,1.2
221,11,0.733333333333333,30,100,mean,0.681133075162703,0.00267750901139207,0.00312536286305877,0.0111517676877501,0.0111517676877501,0.996385880886657,0.728001854118742,-0.00010514971524756,0.000105353774794343,-0.000708275265857258,0.000708275265857258,0.180477235773431,15,4,0.519145791644377,0.0989805004061225,0.186909965491566,22000,1.2
222,11,0.733333333333333,30,100,mean,0.857428496491087,-0.00322219647778077,0.00375264275672026,-0.0189211072601582,0.0189211072601582,1.00391852670209,0.804660931518421,0.000182477443808334,0.000183772595989563,0.00476466436241887,0.00476466436241887,0.180477235773431,15,4,0.518513302709919,0.26226646706843,0.519142268009625,22000,1.2
223,11,0.733333333333333,30,100,mean,0.700443572975692,-0.00348747429464005,0.00349273209716076,0.00145737780366439,0.0026692208786217,1.00442859763242,0.768183543233055,-3.0134948277466e-06,6.67810037544292e-06,0.000143983061933686,0.000144040040332586,0.180477235773431,15,4,0.436674224242448,0.100788716154611,0.180393339939279,22000,1.2
224,11,0.733333333333333,30,100,mean,0.421163045800885,0.0117649295899784,0.0118705312228149,0.0127860366790591,0.0127860366790591,0.966130508849469,0.320212958723835,-0.000133788218529849,0.000134143047073758,-0.00115223595788212,0.00115223595788212,0.180477235773431,15,4,0.495403719324083,0.209610797932879,0.477509322413828,22000,1.2
225,11,0.733333333333333,30,100,mean,0.373507593299514,0.00256777022298458,0.00261992472134525,0.0136007677589839,0.0136007677589839,0.994328716049023,0.440437564464165,-2.66045258270919e-05,2.75528910836831e-05,-0.000361515131978946,0.000361515131978946,0.180477235773431,15,4,0.362856136782132,0.127341351608628,0.18792743801134,22000,1.2
226,11,0.733333333333333,30,100,mean,0.583349788947039,0.00397560066307057,0.00420370684203466,0.00641645713597702,0.00651189587508291,0.992403141953509,0.5050513492705,3.03926129082419e-05,3.04873739598691e-05,0.000522256605333231,0.000522256605333231,0.180477235773431,15,4,0.469385692524647,0.140400910599343,0.194185104969806,22000,1.2
227,11,0.733333333333333,30,100,mean,0.918427650421985,0.0109687184899067,0.0109687451983049,0.00230606682636632,0.00887733678982479,0.987643409163071,0.835592494003845,0.000419532031852752,0.000419532031852752,0.00192981233165942,0.00192981233165942,0.180477235773431,15,4,0.527145000546877,0.265769631813254,0.680048714374574,22000,1.2
228,11,0.733333333333333,30,100,mean,0.882977028523904,0.00674330298173271,0.00674426833667594,-0.052431708141605,0.052442601740542,0.992497011495826,0.884082042343788,6.71693087659216e-05,6.79113890341208e-05,-0.00170161366490177,0.00174243714780894,0.180477235773431,15,4,0.556186399604659,0.154915032976487,0.305785329836161,22000,1.2
229,11,0.733333333333333,30,100,mean,0.337913240441904,-0.00474279924501073,0.00524022014168169,-0.00350935387293409,0.00372625521415737,1.01130347064938,0.38281943862463,-1.6281512376134e-05,2.28821160089776e-05,-0.000124303265899491,0.000124303265899491,0.180477235773431,15,4,0.384940328701133,0.151775035262726,0.196601384538738,22000,1.2
230,11,0.733333333333333,30,100,mean,0.335910998664979,0.00703277609532563,0.00755355077588532,0.00674231946679506,0.00680833036516762,0.981285936683932,0.360782419741545,-4.81753754631287e-05,4.82947169323988e-05,-0.000448077648615902,0.000448077648615902,0.180477235773431,15,4,0.37980415525593,0.115206148882802,0.182711267830186,22000,1.2
201,11,0.733333333333333,30,100,none,0.255017339343908,0.00274051568117478,0.00416928652770412,-0.0103688028848076,0.0103688028848076,0.984306038278705,0.164875297493652,2.3203661216267e-05,0.000108901033006037,0.000572354208880033,0.000572354208880033,0.048127262872915,4,4,0.661952394323189,NaN,NaN,0,1.2
202,11,0.733333333333333,30,100,none,0.265746187490233,0.0207392421991311,0.0207817457076774,-0.0104140606840127,0.017634804825596,0.922838861946805,0.237612648521901,0.00115200980120367,0.00115202670154422,0.00594476608721784,0.00594476608721784,0.048127262872915,4,4,0.461320601197726,NaN,NaN,0,1.2
203,11,0.733333333333333,30,100,none,0.210691349248003,-0.0299481524989835,0.0299481524989835,-0.00825685007354881,0.0151088348285336,1.15398024378503,0.222094581987883,0.0013544269665693,0.0013544269665693,0.00770449202472941,0.00770449202472941,0.048127262872915,4,4,0.435855535472002,NaN,NaN,0,1.2
204,11,0.733333333333333,30,100,none,0.359495153802557,0.0194904425511188,0.0209390342100928,0.0535756812659222,0.0535756812659222,0.918286532220904,0.21455003250763,0.0030477771773683,0.0030477771773683,0.0136207540014906,0.0136207540014906,0.048127262872915,4,4,0.671165728975438,NaN,NaN,0,7.2
205,11,0.733333333333333,30,100,none,0.70015870254017,-0.0302604281750314,0.0302637820368765,-0.127279767880446,0.127279767880446,1.04685879742974,0.666224832698608,0.000863274879035387,0.000863372699122993,0.00650256000365933,0.00650256000365933,0.048127262872915,4,4,0.528362822620882,NaN,NaN,0,NaN
206,11,0.733333333333333,30,100,none,0.704274218716452,-0.0102785715865173,0.01037038611692,-0.0187180615433471,0.0187180615433471,1.01641083120282,0.633496896836212,0.000450109627778577,0.000450143354798421,0.00182021469383296,0.00182021469383296,0.048127262872915,4,4,0.546434065786389,NaN,NaN,0,1.2
207,11,0.733333333333333,30,100,none,0.38959595460555,-0.00801311492250141,0.00801350144899258,0.000595052295784683,0.00367814107033675,1.02220257269283,0.365664350608041,0.00142562975301516,0.00142562975301516,0.00617541339923234,0.00617541339923234,0.048127262872915,4,4,0.599332848503415,NaN,NaN,0,1.2
208,11,0.733333333333333,30,100,none,0.521825513218961,0.060057643102504,0.0600610605260749,0.0293255907796614,0.0329206773432851,0.902350771849581,0.552317281325733,0.00199823709419066,0.00199823807324154,0.0142922292488383,0.0142922292488383,0.048127262872915,4,4,0.561497329185589,NaN,NaN,0,10.8
209,11,0.733333333333333,30,100,none,0.757883941146569,-0.0214266039874491,0.0218173325572036,0.00971647124126604,0.039653089373917,1.02706644338506,0.803318918441605,0.00348470946333624,0.00348470946333624,0.0127102681216862,0.0127102681216862,0.048127262872915,4,4,0.667870325007089,NaN,NaN,0,1.2
210,11,0.733333333333333,30,100,none,0.698492318522336,-0.0235551512714059,0.0235572055278187,-0.0644386530359033,0.0644386530359033,1.03790575781239,0.640123134236042,0.00142291534400072,0.00142292864437061,0.00602446683880476,0.00602446683880476,0.048127262872915,4,4,0.579756707645576,NaN,NaN,0,1.2
211,11,0.733333333333333,30,100,none,0.256447192560495,0.0273858601216889,0.027398963318504,0.0314228280389237,0.0314228280389237,0.917705245210081,0.299248722250645,0.000335573737163675,0.000336073509649482,0.0014449051735143,0.0014449051735143,0.048127262872915,4,4,0.420576047069679,NaN,NaN,0,1.2
212,11,0.733333333333333,30,100,none,0.249945913385791,0.0214235212561277,0.0215900717179147,0.0134026296173718,0.0173853470979154,0.938517801772531,0.317839734264661,0.000907772934628283,0.000907772934628283,0.00380540045197029,0.00380540045197029,0.048127262872915,4,4,0.664183288894614,NaN,NaN,0,1.2
213,11,0.733333333333333,30,100,none,0.674500413219376,-0.00350024782498947,0.00396484278423502,-0.0116324499793748,0.0117178119240551,1.00519800947088,0.668316722183181,2.71396972264659e-05,5.26460411665886e-05,-1.94965353322779e-05,0.000215728992153596,0.048127262872915,4,4,0.534596828818838,NaN,NaN,0,1.2
214,11,0.733333333333333,30,100,none,0.467051609443533,0.00394369777177498,0.0112630249150828,-0.035148725470746,0.035148725470746,0.991881937408167,0.473816823981393,0.00144913508656787,0.00144913508656787,0.00491884438897996,0.00491884438897996,0.048127262872915,4,4,0.478423328286412,NaN,NaN,0,1.2
215,11,0.733333333333333,30,100,none,0.445369691392905,-0.0348519313444946,0.0350730826090421,-0.072572015553829,0.072572015553829,1.11626375095536,0.331006646413518,0.0015282815039889,0.0015282815039889,0.00897239394279766,0.00897239394279766,0.048127262872915,4,4,0.621683417377029,NaN,NaN,0,NaN
216,11,0.733333333333333,30,100,none,0.847435176278389,-0.00210427197903579,0.00246211481258928,-0.0221303163717207,0.0221303163717207,1.00232041318202,0.904771055201652,0.0014584970916208,0.0014585060068819,0.00640185299011301,0.00640185299011301,0.048127262872915,4,4,0.610378667174829,NaN,NaN,0,1.2
217,11,0.733333333333333,30,100,none,0.358935008707022,0.0363446541094433,0.0363446541094433,0.0447771328124275,0.0447771328124275,0.929079411695643,0.467142049345119,0.000492312451324695,0.000492312451324695,0.00318844591188824,0.00318844591188824,0.048127262872915,4,4,0.551309775744567,NaN,NaN,0,15
218,11,0.733333333333333,30,100,none,0.349844227102502,-0.0333228095577073,0.0333228095577073,-0.0505961766567923,0.0505961766567923,1.10888761209559,0.332886316607736,0.000830023951730547,0.00083014080628798,0.00334272749976893,0.00334272749976893,0.048127262872915,4,4,0.500976299843535,NaN,NaN,0,8.1
219,11,0.733333333333333,30,100,none,0.496912445828087,-0.00980779919165964,0.0119437236383532,-0.0234378394835174,0.0234378394835174,1.01771300445126,0.557401717084902,0.000573873959298038,0.000573873959298038,0.00252831228556244,0.00252831228556244,0.048127262872915,4,4,0.454802496510324,NaN,NaN,0,1.2
220,11,0.733333333333333,30,100,none,0.27818400380262,-0.0273325063132682,0.0278785673735674,-0.0602005978110327,0.0602005978110327,1.11013041358179,0.270863448305994,0.00115075534447016,0.00115112430818873,0.00704905132934095,0.00704905132934095,0.048127262872915,4,4,0.538768115004951,NaN,NaN,0,20.7
221,11,0.733333333333333,30,100,none,0.681133075162703,0.0124840740535326,0.0124986374658826,-0.00134311014523997,0.00611649457296192,0.983148915481784,0.726184376496118,0.00152944572997094,0.00152944572997094,0.00566914297993992,0.00566914297993992,0.048127262872915,4,4,0.547035483455027,NaN,NaN,0,1.2
222,11,0.733333333333333,30,100,none,0.857428496491087,-0.00767164280892223,0.00829280214388713,-0.0744424597304667,0.0744424597304667,1.00932951711758,0.826659324198032,0.000799353960754141,0.000802866539443003,0.00807741912525366,0.00807741912525366,0.048127262872915,4,4,0.708362190483875,NaN,NaN,0,NaN
223,11,0.733333333333333,30,100,none,0.700443572975692,0.0141420489654652,0.0141420489654652,0.00668064515451748,0.0123056162133916,0.982041603958982,0.765148150711635,0.000853177933210422,0.000853177933210422,0.00541703130100322,0.00541703130100322,0.048127262872915,4,4,0.623686428711596,NaN,NaN,0,1.2
224,11,0.733333333333333,30,100,none,0.421163045800885,0.0113277219736624,0.0119084078135096,-0.0254257197167793,0.0280983603643133,0.967389164872738,0.328599993760346,0.00219245579095856,0.00219246617320798,0.00747243364237981,0.00747243364237981,0.048127262872915,4,4,0.636098976878786,NaN,NaN,0,1.2
225,11,0.733333333333333,30,100,none,0.373507593299514,-0.000253756828314298,0.00158623064054489,0.0306131852025878,0.0306146883492402,1.00056045786924,0.437179897576281,0.000269662629062733,0.000269662629062733,0.000735384872969617,0.000735384872969617,0.048127262872915,4,4,0.511417448617771,NaN,NaN,0,1.2
226,11,0.733333333333333,30,100,none,0.583349788947039,-0.0146181571920602,0.014654634330699,-0.000301430819815945,0.00688460387004432,1.02793340541492,0.525945797536171,0.00114578974005223,0.00114578974005223,0.00446455440196193,0.00446455440196193,0.048127262872915,4,4,0.661639573466038,NaN,NaN,0,1.2
227,11,0.733333333333333,30,100,none,0.918427650421985,0.00186739653186239,0.0110418001313681,-0.0581360143293869,0.0581360143293869,0.997896321717459,0.882148417468608,0.00210771694048328,0.00210771694048328,0.00839566421837017,0.00839566421837017,0.048127262872915,4,4,0.593455883382177,NaN,NaN,0,1.2
228,11,0.733333333333333,30,100,none,0.882977028523904,-0.00171650476171509,0.00399771873535636,-0.0366488329140644,0.0373463071172971,1.00190988237209,0.897766054404246,0.000863999548372922,0.000864001710815259,0.00461124200532577,0.00461124200532577,0.048127262872915,4,4,0.568598777512325,NaN,NaN,0,1.2
229,11,0.733333333333333,30,100,none,0.337913240441904,0.0188108831416842,0.0195517623064871,0.0413435379333998,0.0413435379333998,0.955168191927013,0.384106213159189,0.000687414919404786,0.000687596737688756,0.00444946530676365,0.00444946530676365,0.048127262872915,4,4,0.548492745126592,NaN,NaN,0,13.2
230,11,0.733333333333333,30,100,none,0.335910998664979,0.000125468419995863,0.00527641642064926,0.00434725776965841,0.00434725776965841,0.999666131279577,0.374518183579779,0.000200281615494587,0.000200438347490632,0.000811797284373274,0.000811797284373274,0.048127262872915,4,4,0.516257594111374,NaN,NaN,0,1.2
201,11,0.733333333333333,60,200,hold,0.255017339343908,-0.0146733251836994,0.014740420909191,-0.0132835539493632,0.0132835539493632,1.08313454931295,0.171470545704654,0.00223506104298118,0.00223514316029434,0.0112193122314736,0.0112193122314736,0.180477235773431,15,4,0.466163524680381,0.31936784477254,0.766478394072993,44000,1.2
202,11,0.733333333333333,60,200,hold,0.265746187490233,-0.00872554773667321,0.0147424127536466,-0.0460604195616495,0.0460604195616495,1.03329718256587,0.255638858658598,0.00245197080243205,0.00245197080243205,0.00982988235098096,0.00982988235098096,0.180477235773431,15,4,0.330472229183953,0.33701955128599,0.829671070248027,44000,1.2
203,11,0.733333333333333,60,200,hold,0.210691349248003,0.0261161256981299,0.0261161828896034,0.0203894649315607,0.0204896411411102,0.874482061091996,0.167717583989044,0.00227686206283182,0.00227686456486027,0.0164890153207975,0.0164890153207975,0.180477235773431,15,4,0.397059034223927,0.39010936116004,0.998325457665246,44000,5.4
204,11,0.733333333333333,60,200,hold,0.359495153802557,-0.00238614480875044,0.0161062220619883,0.0693096177431883,0.0693096177431883,1.00892187890685,0.223092915872852,0.00327426114131878,0.00327426177478288,0.0143552956177976,0.0143552956177976,0.180477235773431,15,4,0.538256246224625,0.627354960425872,2.1728186581505,44000,NaN
205,11,0.733333333333333,60,200,hold,0.70015870254017,0.0229906343017362,0.0229908299969452,-0.0441621159447496,0.0441741604576985,0.961633564256064,0.503731286266674,0.0021636768100121,0.0021636768100121,0.0147863509222262,0.0147863509222262,0.180477235773431,15,4,0.464758678184068,0.270595881263554,0.578700331293833,44000,1.2
206,11,0.733333333333333,60,200,hold,0.704274218716452,-0.000671074756657128,0.00138927058154575,-0.0367412117798626,0.0367412117798626,1.00107997570669,0.611776041417911,0.00123940818189816,0.00123940818258611,0.00603147790179096,0.00603147790179096,0.180477235773431,15,4,0.423078395338994,0.356831000264171,1.45624526922067,44000,1.2
207,11,0.733333333333333,60,200,hold,0.38959595460555,0.013372622456508,0.0137382710060142,0.0480059695511857,0.0480059695511857,0.964350011659746,0.355901021399193,0.00269801792186897,0.00269801845593393,0.0126570560071533,0.0126570560071533,0.180477235773431,15,4,0.425024738068123,0.363106182624857,1.01778237855665,44000,1.2
208,11,0.733333333333333,60,200,hold,0.521825513218961,0.025396998808543,0.0254064422189612,-0.00896425850021381,0.00969918689092907,0.958167876307101,0.536625908295133,0.0022379562639428,0.0022379562639428,0.0108423690269981,0.0108423690269981,0.180477235773431,15,4,0.458626333746329,0.317900509290303,0.880783928725754,44000,1.2
209,11,0.733333333333333,60,200,hold,0.757883941146569,0.0466453860494612,0.0466453860494612,0.0986339711900848,0.0986339711900848,0.941044426297372,0.712452230234283,0.00596391201933495,0.00596391201933495,0.0293679524975682,0.0293679524975682,0.180477235773431,15,4,0.521584130566195,0.573819160453038,2.27864359653525,44000,NaN
210,11,0.733333333333333,60,200,hold,0.698492318522336,0.0262631293432978,0.0268645814683496,-0.103788162691579,0.103788162691579,0.956438404922074,0.535993147044768,0.00448284025592362,0.00448284025592362,0.0198427385163906,0.0198427385163906,0.180477235773431,15,4,0.516363170531613,0.496079814283437,1.49474775153793,44000,1.2
211,11,0.733333333333333,60,200,hold,0.256447192560495,-0.00484066062978873,0.00563749830469549,-0.0112446240652172,0.0112446240652172,1.01443456539248,0.306151372936052,0.000447640440349724,0.000447640446913197,0.00182964289183106,0.00182964289183106,0.180477235773431,15,4,0.312893672924924,0.312638601657483,0.606219339942942,44000,1.2
212,11,0.733333333333333,60,200,hold,0.249945913385791,0.0108913357754582,0.0109548428801792,-0.00357563127283264,0.00878156121340694,0.971057226488196,0.314869112257945,0.0014238049970905,0.00142380509274498,0.00449803865208498,0.00449803865208498,0.180477235773431,15,4,0.517592791931227,0.32678350541389,0.80360295749387,44000,1.2
213,11,0.733333333333333,60,200,hold,0.674500413219376,0.0166166293025819,0.0166245027888422,-0.000292338060321473,0.0137252835227081,0.975943632708475,0.665747731428105,0.000618522614571188,0.000618528978569292,0.0036698697885772,0.0036698697885772,0.180477235773431,15,4,0.385973870759742,0.171879583713472,0.307984190406193,44000,1.2
214,11,0.733333333333333,60,200,hold,0.467051609443533,-0.022589895129099,0.0310998261518845,-0.0842898536936539,0.0842898536936539,1.04881967526563,0.467510835348016,0.000959035513736086,0.000973480184253236,0.00311010312464157,0.00311010312464157,0.180477235773431,15,4,0.393112715330466,0.411930800582945,1.61095295611966,44000,NaN
215,11,0.733333333333333,60,200,hold,0.445369691392905,0.0130264545387428,0.0130756768298577,-0.0119278671250044,0.0123414449693282,0.949404376273781,0.153459712445534,0.003390111088511,0.00339011300044514,0.0189181606926732,0.0189181606926732,0.180477235773431,15,4,0.529327258249466,0.274278225610015,0.663350273261687,44000,1.2
216,11,0.733333333333333,60,200,hold,0.847435176278389,-0.0106869702171788,0.0123162070945739,-0.0954248098563767,0.0954248098563767,1.01200107474479,0.887723562545811,0.00109553871185174,0.00109554047814675,0.00980393154690394,0.00980393154690394,0.180477235773431,15,4,0.496514130000863,0.162917428988269,0.29130150764387,44000,NaN
217,11,0.733333333333333,60,200,hold,0.358935008707022,0.0308020269843894,0.030825562597967,-0.00746158543845771,0.0281432419987813,0.944209371321913,0.470518818677224,0.00111561321029662,0.00111561419712479,0.00657326090013139,0.00657326090013139,0.180477235773431,15,4,0.505720671713613,0.281633728867607,0.753174845522937,44000,2.4
218,11,0.733333333333333,60,200,hold,0.349844227102502,-0.00968414063792574,0.0100208071215105,-0.0333826806400048,0.0333826806400048,1.03454211593404,0.266020499989459,0.00132623354817541,0.00132623362808009,0.00593368067384276,0.00593368067384276,0.180477235773431,15,4,0.340022465189874,0.344563513932179,1.43252630407273,44000,1.2
219,11,0.733333333333333,60,200,hold,0.496912445828087,-0.0369627273643652,0.0369665898859554,-0.0557402400413443,0.0557402400413443,1.06882625773438,0.561117024980072,0.000897798610465376,0.000898059847778751,0.00410905833669979,0.00410905833669979,0.180477235773431,15,4,0.378725107005707,0.395267550721172,1.58744522654931,44000,26.4
220,11,0.733333333333333,60,200,hold,0.27818400380262,-0.0237286974463274,0.0238006215555906,-0.0352910394794103,0.0352910394794103,1.11156078212763,0.180659112861309,0.00263925200339957,0.00263925266750418,0.010323729082647,0.010323729082647,0.180477235773431,15,4,0.456115029412467,0.277925688330698,0.654545003911384,44000,1.2
221,11,0.733333333333333,60,200,hold,0.681133075162703,0.0100915592574673,0.010091566624592,0.00249237419934401,0.00666619421979269,0.986482337200932,0.727926470049191,0.00090833639517127,0.00090833639517127,0.00362721352254247,0.00362721352254247,0.180477235773431,15,4,0.515238723593699,0.190438959956222,0.438306201348543,44000,1.2
222,11,0.733333333333333,60,200,hold,0.857428496491087,-0.0197395222590851,0.023184366264141,-0.0561021461809718,0.0582210162894706,1.02471634919765,0.799542071414167,0.00608307964086207,0.00608310629868778,0.0268143700103423,0.0268143700103423,0.180477235773431,15,4,0.490402268221482,0.496330094004153,1.91850607746788,44000,20.1
223,11,0.733333333333333,60,200,hold,0.700443572975692,0.00986798836066172,0.00996480155279733,-0.00645999141912471,0.00710443901453331,0.987475745280877,0.744494300204584,0.000802089991557846,0.00080208999537497,0.00600270178861882,0.00600270178861882,0.180477235773431,15,4,0.439155271648401,0.185044742704387,0.3637590098376,44000,1.2
224,11,0.733333333333333,60,200,hold,0.421163045800885,-0.0063458405242963,0.00807739518582836,0.0117729519239069,0.0144874528556677,1.0188768573957,0.33242430951621,0.000788302476830082,0.000788302478905092,0.00390813637865782,0.00390813637865782,0.180477235773431,15,4,0.471922195114673,0.516322173602634,1.87328208380081,44000,1.2
225,11,0.733333333333333,60,200,hold,0.373507593299514,0.0147428486697793,0.0147436559995478,0.00761966768188861,0.00775364058057646,0.968405884919514,0.440341959730708,0.00128315383784959,0.00128315383786911,0.00540558207658153,0.00540558207658153,0.180477235773431,15,4,0.355659000907758,0.254623297508543,0.464512818175504,44000,1.2
226,11,0.733333333333333,60,200,hold,0.583349788947039,0.00538983835449603,0.00617381957207388,0.00198826502748813,0.00604516571900769,0.989673030986418,0.508352847943137,0.00083522068339142,0.000835220860563683,0.00453821842593916,0.00453821842593916,0.180477235773431,15,4,0.467093978885279,0.287798030730531,0.603322105568373,44000,1.2
227,11,0.733333333333333,60,200,hold,0.918427650421985,0.00358176533998891,0.00467943917607205,0.0513797433706398,0.0513797433706398,0.995815079296521,0.811259967898133,0.00296627947228982,0.00296628181766766,0.0110714485068097,0.0110714485068097,0.180477235773431,15,4,0.517589511221538,0.380908848842721,1.17190292205739,44000,1.2
228,11,0.733333333333333,60,200,hold,0.882977028523904,0.00309613099545814,0.0215337092607592,-0.034704181187455,0.0368960858983893,0.996501310915597,0.873627672524089,0.00327908292337844,0.00327914863126596,0.0112857043228387,0.0112857043228387,0.180477235773431,15,4,0.56086996438733,0.292720199097352,0.67119038290947,44000,13.5
229,11,0.733333333333333,60,200,hold,0.337913240441904,-0.00616702294590921,0.00709582781349431,-0.0385055740295618,0.0385055740295618,1.01335918033421,0.382768598510434,0.0010644484968468,0.0010644484968468,0.0067672830876739,0.0067672830876739,0.180477235773431,15,4,0.377889586124062,0.283465807544233,0.52740374441776,44000,1.2
230,11,0.733333333333333,60,200,hold,0.335910998664979,0.0208280789353793,0.021620905655074,0.0118380969225069,0.0118453243491208,0.946709233550263,0.365375019498281,0.000852199949483082,0.000852199974528712,0.00460673001185182,0.00460673001185182,0.180477235773431,15,4,0.384732969496075,0.250388481467121,0.537070618848398,44000,1.2
201,11,0.733333333333333,60,200,kalman,0.255017339343908,0.037750488214062,0.0377637880351638,0.0331044421355368,0.0331044421355368,0.786117339816995,0.12038154389475,-0.000108527483611892,0.000276793578839402,0.00181848863442774,0.00181848863442774,0.114302249323173,9.5,4,0.548965351388823,0.16767214095386,0.222915689897274,22000,4.5
202,11,0.733333333333333,60,200,kalman,0.265746187490233,-0.00261127624750046,0.00779698624464493,-0.0537170762545156,0.0537170762545156,1.00996477752079,0.255588862565911,0.00114527139252842,0.00114527343963715,0.00539885289059415,0.00539885289059415,0.114302249323173,9.5,4,0.372555486985736,0.162940853016243,0.214126295423918,22000,1.2
203,11,0.733333333333333,60,200,kalman,0.210691349248003,0.0250083863414167,0.0250537124170888,0.0212625160272949,0.0212625160272949,0.879806019266691,0.172503168188022,0.00184404475284569,0.00184871234137111,0.0171331302626712,0.0171331302626712,0.114302249323173,9.5,4,0.408524929231908,0.148030748124789,0.207790024368057,22000,5.7
204,11,0.733333333333333,60,200,kalman,0.359495153802557,-0.000417062065236056,0.00889103682508425,0.0485081616739684,0.0485081616739684,1.00155940965068,0.215701996687012,0.00063080436900688,0.00070012773309046,0.00776926592722572,0.00776926592722572,0.114302249323173,9.5,4,0.594211481881855,0.17843012998117,0.373494929513329,22000,1.2
205,11,0.733333333333333,60,200,kalman,0.70015870254017,-0.0583849937326424,0.0583849938737906,-0.135614777015105,0.135614777015105,1.09743202736622,0.645903879637227,0.00112501189323135,0.00112501189323135,0.0113504290998299,0.0113504290998299,0.114302249323173,9.5,4,0.485848542694468,0.131782390678905,0.209786704758142,22000,NaN
206,11,0.733333333333333,60,200,kalman,0.704274218716452,0.0163525036227951,0.0163621228799829,0.00619920298102822,0.0302999261611336,0.973683547949131,0.580838168021099,-0.000407747009779048,0.000424482194428415,0.00208318409509106,0.00208318409509106,0.114302249323173,9.5,4,0.464331373626545,0.189174850368828,0.347205702263764,22000,1.2
207,11,0.733333333333333,60,200,kalman,0.38959595460555,0.0245038072184461,0.024597046525465,0.0676151964576001,0.0676151964576001,0.934675457677017,0.342795364504033,0.00067102720733433,0.000757479830484319,0.00607398428219723,0.00607398428219723,0.114302249323173,9.5,4,0.492024150464259,0.127577519548184,0.241479194137177,22000,NaN
208,11,0.733333333333333,60,200,kalman,0.521825513218961,-0.0134786305676448,0.022648858294105,-0.0120032794980176,0.0130727672429864,1.02220103821586,0.552859636197613,0.000419735204583583,0.000864227233369044,0.00680583224266818,0.00680583224266818,0.114302249323173,9.5,4,0.509320105839712,0.202660197057077,0.305998786721428,22000,3.3
209,11,0.733333333333333,60,200,kalman,0.757883941146569,0.0200665540925686,0.0200665540925686,0.0664115080864977,0.0664115080864977,0.974637679973154,0.757660958640505,0.00190377163230785,0.00190377163230785,0.012317224376992,0.012317224376992,0.114302249323173,9.5,4,0.544776108779928,0.227684236728836,0.495980476149485,22000,5.7
210,11,0.733333333333333,60,200,kalman,0.698492318522336,-0.000763023632200301,0.0154725876815344,-0.157489426942838,0.157489426942838,1.00126559657329,0.584900279863601,0.00172987593506462,0.00173898507218201,0.0115492475237175,0.0115492475237175,0.114302249323173,9.5,4,0.54929936768137,0.175956435414954,0.373815984070143,22000,NaN
211,11,0.733333333333333,60,200,kalman,0.256447192560495,-0.0301070866215084,0.030513611056978,-0.0254275311253587,0.0254275311253587,1.08977756216598,0.30615100967483,0.000347060631757893,0.000347060634621603,0.0011789495045036,0.0011789495045036,0.114302249323173,9.5,4,0.351144960946808,0.180933879452637,0.207790913044921,22000,3.6
212,11,0.733333333333333,60,200,kalman,0.249945913385791,0.0312075003745749,0.0313626185478821,0.0361049197784013,0.0361049197784013,0.917068793595904,0.314867923856407,0.000429157169915085,0.000521643353533731,0.00382258295880859,0.00382258295880859,0.114302249323173,9.5,4,0.543382353311903,0.128802286243098,0.195035540135328,22000,6
213,11,0.733333333333333,60,200,kalman,0.674500413219376,-0.0120547183299488,0.0121145016376216,-0.0350632287526152,0.0350632287526152,1.01745195890577,0.667182606741944,-0.000987921042461624,0.000987926584676192,-0.00185206634073492,0.00185206634073492,0.114302249323173,9.5,4,0.452276922473718,0.101418182944989,0.183373930262507,22000,1.2
214,11,0.733333333333333,60,200,kalman,0.467051609443533,-0.0398436257116084,0.0401268475048411,-0.0368845052749266,0.0368845052749266,1.08610721110168,0.478783862683169,0.00024541745196131,0.000260362216172132,0.00212111795325473,0.00212111795325473,0.114302249323173,9.5,4,0.438314318450253,0.231923784682109,0.400619580199318,22000,10.2
215,11,0.733333333333333,60,200,kalman,0.445369691392905,-0.0348734551254437,0.0348845431244774,-0.11954591097717,0.11954591097717,1.1354508403121,0.269187954896557,0.00143518462280523,0.00143518481521425,0.0133416985814673,0.0133416985814673,0.114302249323173,9.5,4,0.551315291140908,0.113531681628996,0.198618230573325,22000,NaN
216,11,0.733333333333333,60,200,kalman,0.847435176278389,-0.0182824439540127,0.0184285175287064,-0.116324622489437,0.116324622489437,1.02053051257286,0.904744788817126,0.000695542443047189,0.000704964824850429,0.00851440571581851,0.00851440571581851,0.114302249323173,9.5,4,0.535644022435761,0.0932812374507852,0.177427583488815,22000,NaN
217,11,0.733333333333333,60,200,kalman,0.358935008707022,0.015354087297827,0.022098549585484,-0.033822106551915,0.0409902228822078,0.972189681427195,0.470517272301333,0.000297764508354974,0.00054746222890298,0.00717142283011456,0.00717142283011456,0.114302249323173,9.5,4,0.487917501052976,0.163484207560778,0.221069933428508,22000,1.2
218,11,0.733333333333333,60,200,kalman,0.349844227102502,-0.0259760937428315,0.0261082166982671,-0.0707678781089184,0.0707678781089184,1.09265347077513,0.293196941284876,0.000567523421716457,0.00056752355771802,0.00265818005055868,0.00265818005055868,0.114302249323173,9.5,4,0.409202640834628,0.250484987961662,0.323554688556915,22000,26.4
219,11,0.733333333333333,60,200,kalman,0.496912445828087,-0.0415385920196196,0.0415403641075638,-0.0558219588762282,0.0558219588762282,1.07734672314852,0.561117024532083,-0.00096234691471604,0.000962350952848247,-0.00362426179544998,0.00362426179544998,0.114302249323173,9.5,4,0.406661523284814,0.21480995380948,0.264609828711089,22000,20.7
220,11,0.733333333333333,60,200,kalman,0.27818400380262,-0.0016049345525251,0.00430818847819534,-0.0147753175041062,0.0147769453745283,1.00754562083942,0.165586790673248,0.00020911852333278,0.000235650911364819,0.00339429453152903,0.00339429453152903,0.114302249323173,9.5,4,0.496075639671461,0.118538529189229,0.197057762144179,22000,1.2
221,11,0.733333333333333,60,200,kalman,0.681133075162703,0.00978748156653601,0.00996677450735123,0.0156251369132681,0.0156251369132681,0.986889649845674,0.728001212408129,-0.000117445650303536,0.000194818588835791,0.00120428882585626,0.00120428882585626,0.114302249323173,9.5,4,0.5157140898057,0.0987657769660698,0.185761096370067,22000,1.2
222,11,0.733333333333333,60,200,kalman,0.857428496491087,0.000747497941973925,0.00596630698090125,-0.0128364120769451,0.02749808800796,0.99906403914361,0.76698151576406,0.00289285260034423,0.00292039028028504,0.0178428079845906,0.0178428079845906,0.114302249323173,9.5,4,0.531460890003438,0.263889640133452,0.521484271452207,22000,1.2
223,11,0.733333333333333,60,200,kalman,0.700443572975692,-0.0038140311235453,0.00708295941447824,-0.027818960075166,0.027818960075166,1.00484069250511,0.768183542766562,0.000313088276900006,0.000322481718877502,0.00291086610241035,0.00291086610241035,0.114302249323173,9.5,4,0.506672800417548,0.100720662023161,0.180893113961782,22000,1.2
224,11,0.733333333333333,60,200,kalman,0.421163045800885,0.0253057309450515,0.0253592125354099,0.0324939635086537,0.0324939635086537,0.92472349840579,0.292481983348704,-0.000590018372237524,0.000590124124791941,0.000526760359140433,0.000642164485830226,0.114302249323173,9.5,4,0.515264701316682,0.209070287884344,0.471607595968693,22000,1.2
225,11,0.733333333333333,60,200,kalman,0.373507593299514,-0.000504603014495995,0.00697751499503332,7.29901565272217e-05,0.00556582119751211,1.00108137077623,0.440437449252694,-0.000567660760086983,0.000567709683337633,-0.00117638026460064,0.00117638026460064,0.114302249323173,9.5,4,0.407627292161418,0.126336348158855,0.185343614618427,22000,1.2
226,11,0.733333333333333,60,200,kalman,0.583349788947039,0.016461919343392,0.0164978790785387,0.00512798782531676,0.00753674601571093,0.968458844258013,0.49349040713805,0.000366718985640734,0.000454282557812374,0.00414030498115801,0.00414030498115801,0.114302249323173,9.5,4,0.51614286945674,0.140391662629552,0.194473382052625,22000,1.2
227,11,0.733333333333333,60,200,kalman,0.918427650421985,-0.0146669947039797,0.0205542806307495,0.0893234898952763,0.0911559261692626,1.017136859612,0.855034408433204,0.00161401727529268,0.00161401727529268,0.00297211745769323,0.00297211745769323,0.114302249323173,9.5,4,0.554101962846706,0.262383878689042,0.671093958600282,22000,1.2
228,11,0.733333333333333,60,200,kalman,0.882977028523904,-0.0441802328187224,0.0443332774245256,-0.0652791291678389,0.0660323497939263,1.04992453437403,0.893156683886093,-0.00162683252827259,0.00162757376072099,-0.0114406999955115,0.0114406999955115,0.114302249323173,9.5,4,0.544997265345152,0.156436181550821,0.309890866528312,22000,19.5
229,11,0.733333333333333,60,200,kalman,0.337913240441904,-0.0145508883699144,0.0146854792266932,-0.0456420471226117,0.0456420471226117,1.03152054783347,0.382820574143784,-0.000323173621369031,0.000420174545085673,0.00289172685216997,0.00289172685216997,0.114302249323173,9.5,4,0.460059780338841,0.151735537022193,0.196815022211738,22000,1.2
230,11,0.733333333333333,60,200,kalman,0.335910998664979,0.0205823460497774,0.0207961167500718,0.00989521851861622,0.0116431965214632,0.947337966226774,0.363575142056855,0.000233426714644319,0.000341155408725783,0.00410784485550119,0.00410784485550119,0.114302249323173,9.5,4,0.416848331842208,0.115286119773523,0.182401857249102,22000,1.2
201,11,0.733333333333333,60,200,kalman-gm,0.255017339343908,0.0250979378732551,0.0251456422797334,0.0564635058900261,0.0564635058900261,0.857802800138621,0.126980206677981,0.00186382141360864,0.00186385994242354,0.00902501455353302,0.00902501455353302,0.180477235773431,15,4,0.461807012828363,0.28839532116993,0.722587114637808,44000,NaN
202,11,0.733333333333333,60,200,kalman-gm,0.265746187490233,-0.039708387019435,0.0397579667513076,-0.0635570190621124,0.0635570190621124,1.15152944570176,0.258850414124259,0.00232347940418222,0.00232347940418222,0.0069237845351389,0.0069237845351389,0.180477235773431,15,4,0.317028070194122,0.321012504866418,0.77037786418006,44000,NaN
203,11,0.733333333333333,60,200,kalman-gm,0.210691349248003,0.0245081261698625,0.0245083615386427,0.0170284055443683,0.0186375339376461,0.882210343184298,0.171302364760806,0.00185915940298678,0.0018655978321524,0.0150544115323189,0.0150544115323189,0.180477235773431,15,4,0.393775306350337,0.34952086147539,0.893475649360096,44000,6.6
204,11,0.733333333333333,60,200,kalman-gm,0.359495153802557,0.00793221175612165,0.0109924893491787,0.00764402825593115,0.0169433818725367,0.970341182776476,0.21817164844239,0.00226084532664241,0.00226084533659506,0.0108434537811354,0.0108434537811354,0.180477235773431,15,4,0.539931690097337,0.544897715276748,2.00827867560805,44000,3
205,11,0.733333333333333,60,200,kalman-gm,0.70015870254017,0.0127788843873922,0.0149003081767197,-0.0627466465594526,0.0627466465594526,0.978674783814423,0.5224451866195,0.00128591882766997,0.0012925720517293,0.0117069526923898,0.0117069526923898,0.180477235773431,15,4,0.457564072795324,0.235970990395895,0.490458440144263,44000,1.2
206,11,0.733333333333333,60,200,kalman-gm,0.704274218716452,-0.000634104648809105,0.00436416509935758,-0.0344244164725624,0.0398443655622943,1.00102047888021,0.609613273352533,0.000290397104122158,0.00029039710477215,0.00277131455207725,0.00277131455207725,0.180477235773431,15,4,0.422166767367444,0.299825856282899,1.04073762674468,44000,1.2
207,11,0.733333333333333,60,200,kalman-gm,0.38959595460555,0.0144309158252371,0.0144462414165489,0.0501001106201014,0.0501001106201014,0.961528714163428,0.35352422407913,0.00208668893621792,0.00208669180317121,0.0105540531951299,0.0105540531951299,0.180477235773431,15,4,0.419406919934807,0.315674087324935,0.880443442117558,44000,1.2
208,11,0.733333333333333,60,200,kalman-gm,0.521825513218961,0.0174778078253334,0.0174844465489529,-0.00507536683005637,0.00608403888953545,0.971211802451866,0.545049715967222,0.000965325398823025,0.000965325398823025,0.00639363443818865,0.00639363443818865,0.180477235773431,15,4,0.457255826301767,0.279839117112646,0.781404577660173,44000,1.2
209,11,0.733333333333333,60,200,kalman-gm,0.757883941146569,0.043991123248171,0.043991123248171,0.100375464009906,0.100375464009906,0.944399175811969,0.694043417319709,0.00373394288128963,0.00373394288128963,0.0172918166188516,0.0172918166188516,0.180477235773431,15,4,0.51820741587099,0.514706405069566,2.20186846652904,44000,NaN
210,11,0.733333333333333,60,200,kalman-gm,0.698492318522336,0.0106859272439281,0.016836260813112,-0.0723163996263028,0.0723163996263028,0.98227568278146,0.562431466185293,0.00319983276518917,0.00319983276518917,0.0129318153651717,0.0129318153651717,0.180477235773431,15,4,0.517982835043925,0.428677594958687,1.35804345274172,44000,1.2
211,11,0.733333333333333,60,200,kalman-gm,0.256447192560495,-0.00373052732814791,0.00980717810855344,-0.0150138500445976,0.0150138500445976,1.01112421315703,0.30614998252026,0.000436695304369092,0.000436695304369092,0.00177691425329098,0.00177691425329098,0.180477235773431,15,4,0.31653050081173,0.318193590122697,1.43051845290129,44000,1.2
212,11,0.733333333333333,60,200,kalman-gm,0.249945913385791,0.0129201101607998,0.013228291533557,0.00585655427161147,0.0088823152623698,0.965665935763894,0.314867251652989,0.00102102979624024,0.00102102980279997,0.00372215667554846,0.00372215667554846,0.180477235773431,15,4,0.503370979839862,0.30152223598989,0.687237157873569,44000,1.2
213,11,0.733333333333333,60,200,kalman-gm,0.674500413219376,0.0126297021402373,0.0129671579445712,-0.00316410285729641,0.0136934374115425,0.981715620663157,0.665747730084274,0.000451977996365185,0.000451984421156596,0.0031232717862943,0.0031232717862943,0.180477235773431,15,4,0.39022074656167,0.158613514052675,0.255317596240026,44000,1.2
214,11,0.733333333333333,60,200,kalman-gm,0.467051609443533,-0.0490315944940852,0.0492779142969202,-0.157902424704603,0.157902424704603,1.10596359599182,0.480303538774314,0.000735269682978229,0.000735269997806211,0.00103422651467679,0.0012661423446311,0.180477235773431,15,4,0.395972647012462,0.374365537933025,1.44283273848392,44000,NaN
215,11,0.733333333333333,60,200,kalman-gm,0.445369691392905,-0.0249201421515208,0.025046859958726,-0.092984771353887,0.092984771353887,1.09679150468397,0.235575535251167,0.00235110662186848,0.00235110711448118,0.0126966064985017,0.0126966064985017,0.180477235773431,15,4,0.519512871778893,0.235107982726997,0.57032206195725,44000,NaN
216,11,0.733333333333333,60,200,kalman-gm,0.847435176278389,-0.0136003403748054,0.0147015565649386,-0.0977662364165599,0.0977662364165599,1.01527268234829,0.892366868690683,0.000782273666068338,0.000782354458603828,0.00852981718708986,0.00852981718708986,0.180477235773431,15,4,0.497814801555475,0.149746890728057,0.259913085818744,44000,NaN
217,11,0.733333333333333,60,200,kalman-gm,0.358935008707022,0.00867152216748313,0.00957892197466696,-0.0693411875034787,0.0693411875034787,0.984293576732303,0.470512402888413,0.000323911685555396,0.000329448210125364,0.00217985184598197,0.00217985184598197,0.180477235773431,15,4,0.502392769523673,0.245097186690984,0.532631645420664,44000,1.2
218,11,0.733333333333333,60,200,kalman-gm,0.349844227102502,-0.0195669441589153,0.0196665559679078,-0.0537927571111833,0.0537927571111833,1.06979283747338,0.283278241363489,0.00109816738362848,0.00109816748745353,0.00434198264395266,0.00434198264395266,0.180477235773431,15,4,0.328471311539225,0.372422440786283,1.68004100812152,44000,21
219,11,0.733333333333333,60,200,kalman-gm,0.496912445828087,-0.0341308439597128,0.0341480965309804,-0.0493128283666987,0.0493128283666987,1.06355316370209,0.561117026626383,0.000419736861431541,0.000465922588558468,0.00270563685613366,0.00270563685613366,0.180477235773431,15,4,0.378691120606294,0.373447968590545,1.61034176146034,44000,20.1
220,11,0.733333333333333,60,200,kalman-gm,0.27818400380262,-0.016343927530369,0.0164285122747589,-0.0339192069955323,0.0339192069955323,1.07684118955326,0.180037182747119,0.00189601121541246,0.00189601142083279,0.00800628349695563,0.00800628349695563,0.180477235773431,15,4,0.453990455764823,0.246480305459106,0.54968724918329,44000,1.2
221,11,0.733333333333333,60,200,kalman-gm,0.681133075162703,0.00603314104460469,0.00633900809999602,0.00327473368449863,0.00631220141845651,0.991918596107947,0.727967163985764,0.0003829647479823,0.00038308867967346,0.00215437574499107,0.00215437574499107,0.180477235773431,15,4,0.514780160923044,0.157234969875384,0.345169758603509,44000,1.2
222,11,0.733333333333333,60,200,kalman-gm,0.857428496491087,-0.0233567359811797,0.0249653987320788,-0.0623170781085748,0.0629910966611681,1.02924555290909,0.808922645370844,0.00518967842296628,0.00519012030601906,0.0243139442156117,0.0243139442156117,0.180477235773431,15,4,0.49470222398067,0.456109888375061,1.89201837045451,44000,20.7
223,11,0.733333333333333,60,200,kalman-gm,0.700443572975692,0.00497364500909816,0.00583604862245072,-0.0128688682298734,0.0128688682298734,0.993687548596555,0.753875503699491,0.000593540680033152,0.000593540687557077,0.00547534191960806,0.00547534191960806,0.180477235773431,15,4,0.434983966607493,0.161654887160087,0.290493721042707,44000,1.2
224,11,0.733333333333333,60,200,kalman-gm,0.421163045800885,0.00372720637332079,0.00624948148836304,0.0241665803142731,0.0241665803142731,0.988912746400708,0.320979369647866,0.000758651448052619,0.000758651524979418,0.00339809071648541,0.00339809071648541,0.180477235773431,15,4,0.469577534287854,0.423332714057782,1.61940827185374,44000,1.2
225,11,0.733333333333333,60,200,kalman-gm,0.373507593299514,0.0119389857020228,0.011940634908569,0.0113645282066834,0.0113645282066834,0.974414599466981,0.440433982995156,0.000789679225875201,0.000789684755757191,0.00355519773700913,0.00355519773700913,0.180477235773431,15,4,0.354237659759466,0.222334551139345,0.383329699176738,44000,1.2
226,11,0.733333333333333,60,200,kalman-gm,0.583349788947039,0.00766320429949588,0.00768273083632551,0.00963688457449828,0.00963688457449828,0.985317245501504,0.504608499293375,0.000794908359915738,0.000794909432422095,0.00397400485067104,0.00397400485067104,0.180477235773431,15,4,0.465631226560323,0.246548429750862,0.49004647352536,44000,1.2
227,11,0.733333333333333,60,200,kalman-gm,0.918427650421985,0.0113364558532455,0.0113374011055036,0.0556241461462004,0.0556241461462004,0.986754529037775,0.799480534186319,0.00319202210273939,0.00319202210273939,0.01119141901558,0.01119141901558,0.180477235773431,15,4,0.508027819071223,0.416519758441376,1.79370565185426,44000,1.2
228,11,0.733333333333333,60,200,kalman-gm,0.882977028523904,0.004366814266192,0.0184553961419197,-0.0733701976271075,0.0733701976271075,0.995065413760221,0.865700378594588,0.00245800242486749,0.00245849317357848,0.00589314281930219,0.00593456253948952,0.180477235773431,15,4,0.553801605858192,0.266386859603937,0.614274181539372,44000,26.1
229,11,0.733333333333333,60,200,kalman-gm,0.337913240441904,-0.00964760006167204,0.0101419836174664,-0.0548727917096417,0.0548727917096417,1.02089890537892,0.382881122071103,0.000823718467940121,0.00082372034629261,0.00625603809165931,0.00625603809165931,0.180477235773431,15,4,0.374420956419333,0.260350998473248,0.451381454354482,44000,NaN
230,11,0.733333333333333,60,200,kalman-gm,0.335910998664979,0.0212996375878508,0.0217194106816847,0.0129197041088549,0.0129725541385731,0.945502702592982,0.364122547841683,0.000706823151476054,0.000706823498923331,0.00464647048627931,0.00464647048627931,0.180477235773431,15,4,0.374931470048326,0.231310387605589,0.483566219863993,44000,1.2
201,11,0.733333333333333,60,200,mean,0.255017339343908,0.027437337476889,0.0274526875139655,0.0311048196669747,0.0311048196669747,0.844548481211167,0.130441664570461,0.000686548662547376,0.000697417377059243,0.00445841495865309,0.00445841495865309,0.114302249323173,9.5,4,0.565103056975285,0.167474294518997,0.223862325216343,22000,1.2
202,11,0.733333333333333,60,200,mean,0.265746187490233,-0.00834831365098355,0.00992578222738454,-0.0575846577653203,0.0575846577653203,1.03185763600669,0.258867349515969,0.00150944319916575,0.00150944518161687,0.00688087186755145,0.00688087186755145,0.114302249323173,9.5,4,0.385764872709284,0.162682189457208,0.213770446306174,22000,1.2
203,11,0.733333333333333,60,200,mean,0.210691349248003,0.0138605440904133,0.0162745201907102,-0.00275160490011456,0.0187715645205373,0.933384187743561,0.182242884819961,0.0013497758333395,0.00135341368248007,0.013667276854823,0.013667276854823,0.114302249323173,9.5,4,0.429626778524724,0.148266080831789,0.208586717024892,22000,1.2
204,11,0.733333333333333,60,200,mean,0.359495153802557,0.000279635221152603,0.00872024746634963,0.0445891290100402,0.0445891290100402,0.998954434126519,0.213002751747117,0.00105575060952097,0.00105664859155016,0.00922958107358791,0.00922958107358791,0.114302249323173,9.5,4,0.616472388394312,0.178361219326112,0.375994207342238,22000,1.2
205,11,0.733333333333333,60,200,mean,0.70015870254017,-0.0366136967859678,0.0366136970681105,-0.0953243215889359,0.0953243215889359,1.06110040404499,0.612291303079452,0.00153701334840622,0.00153701334840622,0.0123511803668623,0.0123511803668623,0.114302249323173,9.5,4,0.508692756213977,0.133957913509363,0.209598418529097,22000,NaN
206,11,0.733333333333333,60,200,mean,0.704274218716452,0.00536180832397325,0.00536516352840065,-0.0232638721305155,0.0284540527114106,0.991371121210633,0.607232310313243,0.000342672938261095,0.000342672938931494,0.00428749687304375,0.00428749687304375,0.114302249323173,9.5,4,0.481282958832291,0.190145576469711,0.350367565157525,22000,1.2
207,11,0.733333333333333,60,200,mean,0.38959595460555,0.0237879753926074,0.0238029479506413,0.0608177818594946,0.0608177818594946,0.936583789145114,0.341607638042156,0.000685792484810472,0.000704694444888535,0.00620228288782854,0.00620228288782854,0.114302249323173,9.5,4,0.51386400186978,0.127662507402135,0.241323188569179,22000,26.7
208,11,0.733333333333333,60,200,mean,0.521825513218961,-0.0398105404225545,0.0398320275083269,-0.0804885348428557,0.0804885348428557,1.06557308065382,0.552859680883672,0.00160682142866251,0.00166515972737226,0.0139891975224144,0.0139891975224144,0.114302249323173,9.5,4,0.533708601575355,0.202107443741866,0.304139979277941,22000,27.3
209,11,0.733333333333333,60,200,mean,0.757883941146569,0.0241521945349478,0.0241521945349478,0.00917982624885944,0.0154961177297687,0.969473797826961,0.749834882965619,0.00222381572264779,0.00222381572264779,0.0152990444630546,0.0152990444630546,0.114302249323173,9.5,4,0.570633053598473,0.227906703186956,0.501937641454967,22000,1.2
210,11,0.733333333333333,60,200,mean,0.698492318522336,0.0125937270443386,0.0209963922851051,-0.1121538663552,0.1121538663552,0.979111292075809,0.566579167907551,0.00249513289547455,0.00249513289547455,0.0141713344685708,0.0141713344685708,0.114302249323173,9.5,4,0.577461239918442,0.177486279155628,0.382614667918645,22000,NaN
211,11,0.733333333333333,60,200,mean,0.256447192560495,-0.00356025557340113,0.00620678674559441,0.019968217290598,0.0235940261089804,1.01061647279546,0.306151016247885,0.000263104663152026,0.000263104666061192,0.00132614579010461,0.00132614579010461,0.114302249323173,9.5,4,0.361308810324591,0.181427205400768,0.208677157360287,22000,1.2
212,11,0.733333333333333,60,200,mean,0.249945913385791,0.0231676338460297,0.0234254052399217,0.0348597524937384,0.0348597524937384,0.938434036647647,0.314868010952861,0.000226489861053615,0.000343287166092774,0.0029414555672169,0.0029414555672169,0.114302249323173,9.5,4,0.563256674874002,0.128762453438023,0.195039460356057,22000,2.4
213,11,0.733333333333333,60,200,mean,0.674500413219376,-0.0100892303631535,0.0114034278435083,-0.0203179706842904,0.0204329761545809,1.01460646602179,0.667182613153813,-0.000403600389377669,0.000403605994812082,-0.000270803409040322,0.000270803409040322,0.114302249323173,9.5,4,0.465707878779755,0.101157798802684,0.182197383187057,22000,1.2
214,11,0.733333333333333,60,200,mean,0.467051609443533,-0.00886319644977927,0.0120831551996458,-0.0140599984666032,0.0140599984666032,1.01915451001525,0.457872867309844,0.000402479982216306,0.000402731275170944,0.00208548677696072,0.00208548677696072,0.114302249323173,9.5,4,0.458116200860718,0.231912585325775,0.403982758146575,22000,1.2
215,11,0.733333333333333,60,200,mean,0.445369691392905,-0.0338955552384548,0.0339099612982269,-0.131552732935533,0.131552732935533,1.13165261151724,0.268616689691823,0.00150384588558543,0.00150384608790416,0.0135006569517888,0.0135006569517888,0.114302249323173,9.5,4,0.569900818227735,0.113095667776852,0.198530488319207,22000,NaN
216,11,0.733333333333333,60,200,mean,0.847435176278389,-0.0218887227412996,0.0223437421560277,-0.120395897293981,0.120395897293981,1.02458023109899,0.905597032009408,0.000530493422179033,0.000530821598020837,0.00741456278319161,0.00741456278319161,0.114302249323173,9.5,4,0.556141498773989,0.0950244217061821,0.17972814858833,22000,NaN
217,11,0.733333333333333,60,200,mean,0.358935008707022,0.0141107346803617,0.0176228828990166,-0.0267723287930502,0.0309479965569796,0.974441722315026,0.470517195633872,0.000291613701079509,0.000531757739901911,0.0066491400114592,0.0066491400114592,0.114302249323173,9.5,4,0.508156560598709,0.164028480160699,0.224251970209639,22000,1.2
218,11,0.733333333333333,60,200,mean,0.349844227102502,-0.00946502249790203,0.0121479859894223,-0.0522392865980473,0.0522392865980473,1.03376054899083,0.272197649731422,0.000918101992385854,0.000918102122829871,0.00485134316902845,0.00485134316902845,0.114302249323173,9.5,4,0.422128745340056,0.250575735252192,0.330160288336138,22000,22.5
219,11,0.733333333333333,60,200,mean,0.496912445828087,-0.0419117370187174,0.0419133520641419,-0.057493260753464,0.057493260753464,1.07804153588858,0.561117024511977,-0.000364200435937899,0.000364204117460365,-0.000997330479565725,0.000997330479565725,0.114302249323173,9.5,4,0.425622962048419,0.216867954455097,0.267901895051603,22000,20.7
220,11,0.733333333333333,60,200,mean,0.27818400380262,-0.00346454396339156,0.00462728778002928,-0.0111624691272903,0.0118886308738461,1.01628859886413,0.165067764653188,0.000813639345344497,0.000813646668732218,0.00482636781232543,0.00482636781232543,0.114302249323173,9.5,4,0.516319420399045,0.118634314587925,0.19868695606906,22000,1.2
221,11,0.733333333333333,60,200,mean,0.681133075162703,0.00714234777740012,0.00736627470323347,0.0165725826830075,0.0165725826830075,0.990432811581904,0.728001854118742,-0.000219721195135599,0.00022514238867938,0.000663212691839163,0.000663212691839163,0.114302249323173,9.5,4,0.537634759434143,0.0989805004061225,0.186909965491566,22000,1.2
222,11,0.733333333333333,60,200,mean,0.857428496491087,-0.0158225015751172,0.0160877247145869,-0.0555624791209443,0.0597527553990437,1.01981174969576,0.799641278797884,0.0038942457505421,0.00389489332663272,0.0241202812925561,0.0241202812925561,0.114302249323173,9.5,4,0.553994830698707,0.26226646706843,0.519142268009625,22000,19.2
223,11,0.733333333333333,60,200,mean,0.700443572975692,-0.0035702423529942,0.0070343940190059,-0.026308067829574,0.026308067829574,1.00453128064238,0.768183543233055,0.000393698679584726,0.000398636826720841,0.00439393728898169,0.00439393728898169,0.114302249323173,9.5,4,0.522933270353533,0.100788716154611,0.180393339939279,22000,1.2
224,11,0.733333333333333,60,200,mean,0.421163045800885,0.0103958038951852,0.0104486047116035,0.0227368065934082,0.0227368065934082,0.969075789583465,0.314801329333067,6.29386932586928e-05,0.000279274019385299,0.00184851459723715,0.00184851459723715,0.114302249323173,9.5,4,0.534055125435084,0.209610797932879,0.477509322413828,22000,1.2
225,11,0.733333333333333,60,200,mean,0.373507593299514,0.0125619403435566,0.012588017592737,0.0235557577436224,0.0235557577436224,0.973079599625676,0.440437564464165,-5.58185468763611e-05,6.42269500391557e-05,0.000308517294551264,0.000308517294551264,0.114302249323173,9.5,4,0.420947219978095,0.127341351608628,0.18792743801134,22000,1.2
226,11,0.733333333333333,60,200,mean,0.583349788947039,0.0124862733197721,0.0126003264092542,-0.00265364188846436,0.00677439721710318,0.976076210604565,0.496740809498888,0.000791154768349491,0.000791202148875305,0.00562303825021829,0.00562303825021829,0.114302249323173,9.5,4,0.533758980598043,0.140400910599343,0.194185104969806,22000,1.2
227,11,0.733333333333333,60,200,mean,0.918427650421985,-0.00212776551455823,0.0155177602268433,0.053463663729902,0.0542801638578513,1.00248607295811,0.83475802139991,0.00260227523931685,0.00260227523931685,0.0102326742194341,0.0102326742194341,0.114302249323173,9.5,4,0.575855285379672,0.265769631813254,0.680048714374574,22000,1.2
228,11,0.733333333333333,60,200,mean,0.882977028523904,-0.0228904550397928,0.0301125336843619,-0.105120844029941,0.105120844029941,1.02586666562307,0.884082042343788,0.00114204183674241,0.00114241287687651,1.9173728315617e-05,0.00361226260382118,0.114302249323173,9.5,4,0.564621053551437,0.154915032976487,0.305785329836161,22000,27.3
229,11,0.733333333333333,60,200,mean,0.337913240441904,-0.0031091435844735,0.00471168943658673,-0.0367091785214229,0.0367091785214229,1.00673511517538,0.38281943862463,0.000276889671617285,0.000337470851393287,0.00459589644588365,0.00459589644588365,0.114302249323173,9.5,4,0.475743867613651,0.151775035262726,0.196601384538738,22000,1.2
230,11,0.733333333333333,60,200,mean,0.335910998664979,0.0217947873014801,0.0220551746417599,0.00965447240483681,0.0143193556003596,0.944235811497143,0.360782419741545,0.000124465542283577,0.000260365251453048,0.00360135525299853,0.00360135525299853,0.114302249323173,9.5,4,0.432674333759217,0.115206148882802,0.182711267830186,22000,1.2
201,11,0.733333333333333,60,200,none,0.255017339343908,-0.0102463396583499,0.0137012407627894,-0.0179079925935935,0.0179079925935935,1.05805261036201,0.164875297493652,0.00100919888836685,0.00105204757426173,0.00493137003352141,0.00493137003352141,0.048127262872915,4,4,0.665186576978689,NaN,NaN,0,1.2
202,11,0.733333333333333,60,200,none,0.265746187490233,0.0234652988151857,0.0234865505694588,-0.0594774974844689,0.0607655969837869,0.910455095520478,0.223789308119395,0.00474514996292432,0.00474515841309459,0.0165493344761182,0.0165493344761182,0.048127262872915,4,4,0.455013450122224,NaN,NaN,0,1.2
203,11,0.733333333333333,60,200,none,0.210691349248003,-0.0166279089834393,0.0242007996668526,-0.0229230844976211,0.0307973702606963,1.0799161747066,0.222094581987883,0.00550761317057882,0.00550761317057882,0.0274261900450509,0.0274261900450509,0.048127262872915,4,4,0.445534276725258,NaN,NaN,0,1.2
204,11,0.733333333333333,60,200,none,0.359495153802557,0.0526091957992136,0.0533334916287006,0.201557388000082,0.201557388000082,0.803292376646235,0.209417390128407,0.00982952341260581,0.00982952341260581,0.0308824415370648,0.0308824415370648,0.048127262872915,4,4,0.649692014861246,NaN,NaN,0,NaN
205,11,0.733333333333333,60,200,none,0.70015870254017,-0.0850803844023002,0.0850820613332228,-0.230400899428138,0.230400899428138,1.14198090659003,0.666224832698608,0.00467579436927256,0.00467584327931636,0.0242510196837573,0.0242510196837573,0.048127262872915,4,4,0.543362898969748,NaN,NaN,0,NaN
206,11,0.733333333333333,60,200,none,0.704274218716452,-0.0130006780558779,0.0130465853210792,-0.0504006940949587,0.0504006940949587,1.02092228374188,0.631998519888439,0.00162360569619811,0.00162362255970803,0.0089227964184459,0.0089227964184459,0.048127262872915,4,4,0.543105595253556,NaN,NaN,0,1.2
207,11,0.733333333333333,60,200,none,0.38959595460555,0.00640491470415869,0.0144182228899057,0.0530824482181002,0.0530824482181002,0.982925179016592,0.365664350608041,0.00563422355447932,0.00563422355447932,0.0205413203753707,0.0205413203753707,0.048127262872915,4,4,0.598511895669008,NaN,NaN,0,1.2
208,11,0.733333333333333,60,200,none,0.521825513218961,0.0500181790357623,0.0516168278002223,-0.0526899292383668,0.0526899292383668,0.917613625606276,0.552317281325733,0.00948545514331525,0.00948545563284068,0.0402499789149116,0.0402499789149116,0.048127262872915,4,4,0.559817950584799,NaN,NaN,0,1.2
209,11,0.733333333333333,60,200,none,0.757883941146569,-0.0204109806950585,0.0227743911942639,0.0807617578126983,0.0809246963164661,1.02579764428221,0.803318918441605,0.0103497275679523,0.0103497275679523,0.0311675013205712,0.0311675013205712,0.048127262872915,4,4,0.646984574201243,NaN,NaN,0,1.2
210,11,0.733333333333333,60,200,none,0.698492318522336,-0.0425946675621059,0.0425956946903124,-0.169946496403597,0.169946496403597,1.07065005988301,0.640123134236042,0.00592216073779768,0.00592216738798263,0.018496064406102,0.018496064406102,0.048127262872915,4,4,0.575651972859748,NaN,NaN,0,NaN
211,11,0.733333333333333,60,200,none,0.256447192560495,0.0336775145028992,0.0336840661013067,0.0486679155930111,0.0486679155930111,0.899575631814215,0.295711653749013,0.00114440241505437,0.00114465230129728,0.00332910007977128,0.00332910007977128,0.048127262872915,4,4,0.413622342250097,NaN,NaN,0,1.2
212,11,0.733333333333333,60,200,none,0.249945913385791,0.0377354144838475,0.037818689714741,0.017386596197273,0.0186567314546217,0.899721432035817,0.317839734264661,0.00308355495958659,0.00308355495958659,0.00947820283143632,0.00947820283143632,0.048127262872915,4,4,0.634781382769285,NaN,NaN,0,2.4
213,11,0.733333333333333,60,200,none,0.674500413219376,0.0110839288444499,0.0148164741490621,-0.00750668051378664,0.0176680495668699,0.983953480669284,0.668316722183181,0.000438044344418886,0.000450797516388948,0.00280697122421299,0.00280697122421299,0.048127262872915,4,4,0.537368077455629,NaN,NaN,0,1.2
214,11,0.733333333333333,60,200,none,0.467051609443533,-0.0260111403959219,0.0336145017393509,-0.0637262845137163,0.0637262845137163,1.05621342729395,0.473816823981393,0.00397001178819186,0.00397001178819186,0.00981387635041101,0.00981387635041101,0.048127262872915,4,4,0.485675321378247,NaN,NaN,0,25.5
215,11,0.733333333333333,60,200,none,0.445369691392905,-0.0731446178876133,0.073255193519887,-0.168238271524975,0.168238271524975,1.28409860512951,0.320692573709308,0.00714048768734983,0.00714048768734983,0.0322015978856558,0.0322015978856558,0.048127262872915,4,4,0.618519080685242,NaN,NaN,0,NaN
216,11,0.733333333333333,60,200,none,0.847435176278389,-0.0196660313297817,0.0198449527465584,-0.12596391822315,0.12596391822315,1.02208423034086,0.904771055201652,0.00543986542358515,0.00543986988121569,0.021276805991426,0.021276805991426,0.048127262872915,4,4,0.61115666070403,NaN,NaN,0,NaN
217,11,0.733333333333333,60,200,none,0.358935008707022,0.0759819883672959,0.0759819883672959,0.0417724700343548,0.0437962710278401,0.86237649550236,0.467142049345119,0.00245733392319715,0.00245733392319715,0.0146724282615922,0.0146724282615922,0.048127262872915,4,4,0.525850524429832,NaN,NaN,0,13.8
218,11,0.733333333333333,60,200,none,0.349844227102502,-0.0553215856032694,0.0553215856032694,-0.0701632473771894,0.0701632473771894,1.19732516234628,0.330944863997411,0.00302439062775241,0.00302444905503113,0.0104266499768445,0.0104266499768445,0.048127262872915,4,4,0.512026887462364,NaN,NaN,0,23.4
219,11,0.733333333333333,60,200,none,0.496912445828087,-0.0299840290007668,0.0310519912241135,-0.0515231265535324,0.0515231265535324,1.05583160808397,0.557401717084902,0.00212704272547199,0.00212704272547199,0.00758863186264289,0.00758863186264289,0.048127262872915,4,4,0.450388248279759,NaN,NaN,0,19.5
220,11,0.733333333333333,60,200,none,0.27818400380262,-0.0669942471133756,0.0672672776435252,-0.11337522681665,0.11337522681665,1.31497433109952,0.270863448305994,0.00512479667141276,0.00512498115327205,0.0205829578206544,0.0205829578206544,0.048127262872915,4,4,0.558127955675512,NaN,NaN,0,NaN
221,11,0.733333333333333,60,200,none,0.681133075162703,0.0209637073747392,0.0209709890809142,-0.00195120015421939,0.0124853769322903,0.971919074141058,0.717374825098376,0.00469523547917872,0.00469523547917872,0.0132847386456539,0.0132847386456539,0.048127262872915,4,4,0.558196895299751,NaN,NaN,0,1.2
222,11,0.733333333333333,60,200,none,0.857428496491087,-0.0331181864352452,0.0334287661027277,-0.146831159580696,0.146831159580696,1.04146810900399,0.826659324198032,0.00683622435482181,0.00683798064416624,0.0309286215155843,0.0309286215155843,0.048127262872915,4,4,0.658049750165878,NaN,NaN,0,NaN
223,11,0.733333333333333,60,200,none,0.700443572975692,0.0122155995416383,0.0178220938282309,-0.0615628224622349,0.0615628224622349,0.984496203824462,0.765148150711635,0.00393490820126069,0.00393490820126069,0.0175540297733341,0.0175540297733341,0.048127262872915,4,4,0.612448082717145,NaN,NaN,0,1.2
224,11,0.733333333333333,60,200,none,0.421163045800885,0.00488147186293236,0.00829695395047317,-0.00888584217330889,0.0089028212234776,0.985479173659515,0.325477054529255,0.00601796997549461,0.00601797516661933,0.0159898855854346,0.0159898855854346,0.048127262872915,4,4,0.60932537853599,NaN,NaN,0,1.2
225,11,0.733333333333333,60,200,none,0.373507593299514,0.00540075187955412,0.00633676901808506,0.0416308720734616,0.0416308720734616,0.988426118979736,0.437179897576281,0.00102230877775641,0.00102230877775641,0.00325187887119181,0.00325187887119181,0.048127262872915,4,4,0.497891624000036,NaN,NaN,0,1.2
226,11,0.733333333333333,60,200,none,0.583349788947039,-0.00362927684271997,0.0110165568122871,0.00928673902237462,0.00928673902237462,1.00695372050726,0.502690408366794,0.00375270467879524,0.00375270467879524,0.013722707009979,0.013722707009979,0.048127262872915,4,4,0.629091041041868,NaN,NaN,0,1.2
227,11,0.733333333333333,60,200,none,0.918427650421985,-0.034268506457557,0.0407231047891723,-0.0070296764347284,0.0253907112401599,1.0400391897678,0.882148417468608,0.00676996367239311,0.00676996367239311,0.0165979639320252,0.0165979639320252,0.048127262872915,4,4,0.598030973256199,NaN,NaN,0,5.1
228,11,0.733333333333333,60,200,none,0.882977028523904,-0.0205543945163336,0.0233181592665124,-0.0593274030472559,0.0633063763069919,1.02322687116156,0.897766054404246,0.00427315820690756,0.00427315928812873,0.00984297034700257,0.00984297034700257,0.048127262872915,4,4,0.568450721648322,NaN,NaN,0,18.9
229,11,0.733333333333333,60,200,none,0.337913240441904,0.0461509768134883,0.0465214163958898,0.0127022411958365,0.0165657261274986,0.900026442700326,0.384106213159189,0.0035420327578891,0.00354212366703109,0.0149077393843062,0.0149077393843062,0.048127262872915,4,4,0.560045514994262,NaN,NaN,0,2.4
230,11,0.733333333333333,60,200,none,0.335910998664979,0.0138574328933166,0.0164329068936433,0.00935118379844683,0.00977568745881932,0.964544343134006,0.374518183579779,0.00117929627238161,0.00117937463837964,0.00670354745061285,0.00670354745061285,0.048127262872915,4,4,0.504829310551204,NaN,NaN,0,1.2
201,13,0.866666666666667,3,10,hold,0.255017339343908,4.27447580021778e-05,0.000273464895106162,0.00023811195844246,0.000322496463909642,0.99975260159098,0.171476497925657,-6.20812853624475e-08,1.36427686564522e-07,8.29148774038835e-06,8.46371172654625e-06,0.180477235773431,15,2,0.467901642606474,0.0193884644052468,0.0332934829483618,2600,1.2
202,13,0.866666666666667,3,10,hold,0.265746187490233,-1.70638918104204e-05,0.000386064187197732,0.000185988742016149,0.000901394980042298,1.00006481544356,0.258719030448952,6.97657611553604e-07,6.98398433712777e-07,4.25094321765213e-05,4.25094321765213e-05,0.180477235773431,15,2,0.344703020524878,0.026128216417712,0.0350333814436667,2600,1.2
203,13,0.866666666666667,3,10,hold,0.210691349248003,0.000368024536163689,0.000369056725074621,0.00299206314377102,0.00299562076659973,0.998317827301504,0.214767076591176,3.19755578637171e-07,3.64832865396014e-07,-1.91672809222995e-05,2.07481444625959e-05,0.180477235773431,15,2,0.405467413321807,0.0140450286997236,0.0329306586927074,2600,1.2
204,13,0.866666666666667,3,10,hold,0.359495153802557,-0.0014984757238489,0.00151122775544185,-0.000241925063590617,0.000980787355024632,1.00668169270688,0.223092055615577,3.11171070246641e-06,3.12424890488161e-06,2.85285077464656e-05,2.85285077464656e-05,0.180477235773431,15,2,0.577857765611031,0.0295549108702081,0.0663951711532302,2600,1.2
205,13,0.866666666666667,3,10,hold,0.70015870254017,0.000461150840897862,0.000464515101349017,-0.000323579664843922,0.000598683370626446,0.999307330787784,0.663230899057855,6.04810262891387e-07,6.04810262891387e-07,3.08016687382079e-05,3.08016687382079e-05,0.180477235773431,15,2,0.463124727496841,0.0196880404616405,0.0328287047858627,2600,1.2
206,13,0.866666666666667,3,10,hold,0.704274218716452,0.000199262149875756,0.00027605320853854,0.000131148024215025,0.000304670038511355,0.999689168489146,0.638619264343939,7.23737801600066e-07,7.23752103104491e-07,2.71587348432079e-05,2.71587348432079e-05,0.180477235773431,15,2,0.441158512697877,0.0304054749806779,0.0499907488362197,2600,1.2
207,13,0.866666666666667,3,10,hold,0.38959595460555,-6.53381139764264e-05,9.24024281076352e-05,2.55102325531364e-05,8.72570274695195e-05,1.00017910658025,0.36301734280024,2.87287066066955e-07,2.98360835462863e-07,8.67631499626764e-06,8.67631499626764e-06,0.180477235773431,15,2,0.435102989948678,0.0189681040773698,0.0431212318071732,2600,1.2
208,13,0.866666666666667,3,10,hold,0.521825513218961,0.000159468838270094,0.000194230587256561,0.00110106439098624,0.00113063524801568,0.999712975656404,0.552837773548649,8.64786641308069e-07,8.64786641308069e-07,4.37336435563088e-05,4.37336435563088e-05,0.180477235773431,15,2,0.457557632074585,0.0214687675300684,0.0400715113526342,2600,1.2
209,13,0.866666666666667,3,10,hold,0.757883941146569,0.00196842097434776,0.00196842097434776,-0.00216208522430334,0.00273284606287888,0.997561353681657,0.803685781262485,7.29530432473091e-06,7.29530432473091e-06,0.000156581776285603,0.000156581776285603,0.180477235773431,15,2,0.556187482104356,0.0456694769506139,0.0524620014600387,2600,1.2
210,13,0.866666666666667,3,10,hold,0.698492318522336,-0.00056199264387452,0.00118277636916869,-0.000290181471979616,0.000559758628640261,1.00087795212064,0.634546559954868,3.13190509515504e-06,3.13190509515504e-06,4.94033865901311e-05,4.94033865901311e-05,0.180477235773431,15,2,0.55706354318263,0.0231038704556986,0.0497174181961659,2600,1.2
211,13,0.866666666666667,3,10,hold,0.256447192560495,5.45109924813603e-05,0.000123079456016828,3.38497119007142e-05,9.25207397425098e-05,0.999824051849961,0.306151365457094,3.89097239983371e-08,5.60175470121216e-08,1.60072805621414e-06,1.60072805621414e-06,0.180477235773431,15,2,0.312226459222711,0.0291550517924086,0.0228200344076894,2600,1.2
212,13,0.866666666666667,3,10,hold,0.249945913385791,0.000290263489343162,0.000293388705865644,0.000154253163117561,0.000212378971408702,0.999092695556408,0.31486907386613,9.70908497432976e-07,9.73580649654693e-07,9.48941618428928e-06,9.48941618428928e-06,0.180477235773431,15,2,0.519157262691261,0.0226814102252919,0.0336918670860364,2600,1.2
213,13,0.866666666666667,3,10,hold,0.674500413219376,-6.37830954318686e-05,6.41801293943089e-05,3.24195716271625e-06,2.2651286143538e-05,1.00009532496291,0.668637344579959,9.45719007328094e-08,9.45719007328094e-08,4.70090079108254e-07,4.70090079108254e-07,0.180477235773431,15,2,0.379814626742353,0.0122037200271411,0.0226002339636802,2600,1.2
214,13,0.866666666666667,3,10,hold,0.467051609443533,0.00032892731063115,0.000704291125255269,0.00174563984965868,0.0017794172435384,0.999316187582597,0.478817983643084,-5.16605694445005e-07,5.904723820227e-07,-2.70072301258356e-05,2.70072301258356e-05,0.180477235773431,15,2,0.397646604169787,0.0292083379812569,0.0494261308490643,2600,1.2
215,13,0.866666666666667,3,10,hold,0.445369691392905,0.00125567382395782,0.00125567382395782,0.00263702323339809,0.00265665420981594,0.996312922666644,0.33282554299919,1.73189049995082e-06,1.74847975554226e-06,9.46389315250329e-05,9.46389315250329e-05,0.180477235773431,15,2,0.521525238472096,0.0319098534083127,0.0337071984965194,2600,1.2
216,13,0.866666666666667,3,10,hold,0.847435176278389,7.98262648197268e-06,5.65505028428448e-05,2.89767272581276e-05,0.000124698224211315,0.999991196915805,0.905626408962192,-6.84665584310684e-08,7.0724205455952e-08,1.33291098287799e-05,1.33291098287799e-05,0.180477235773431,15,2,0.494259064135288,0.0118703135466157,0.0241071147986762,2600,1.2
217,13,0.866666666666667,3,10,hold,0.358935008707022,0.000216783642542751,0.000448378238519476,3.24336817445503e-05,0.000163791070420848,0.999543142128618,0.470519210940584,2.36055436081406e-07,2.55959921319215e-07,4.62316791890405e-06,4.62316791890405e-06,0.180477235773431,15,2,0.527756779375921,0.0265043698997788,0.0314149605895402,2600,1.2
218,13,0.866666666666667,3,10,hold,0.349844227102502,0.000305632891394531,0.000553693728365895,0.000283526406529268,0.000473606506843697,0.999101775969261,0.335158707910575,1.58217272397954e-06,1.5839330045786e-06,4.16107325742437e-05,4.16107325742437e-05,0.180477235773431,15,2,0.346779606129233,0.0567127433425089,0.0252407731917677,2600,1.2
219,13,0.866666666666667,3,10,hold,0.496912445828087,-0.000343793097769607,0.000421043368188989,-0.000829309461102278,0.000896659151500522,1.00061038629898,0.561117024792434,1.76937620105511e-07,1.8889081973561e-07,-1.44368621698882e-05,1.44368621698882e-05,0.180477235773431,15,2,0.396184001455398,0.024810319937111,0.0285032661444284,2600,1.2
220,13,0.866666666666667,3,10,hold,0.27818400380262,5.91611929903868e-05,0.000312632990724915,4.80066856988731e-05,0.000281769428583687,0.99978431085124,0.274040803217629,1.17798986577489e-06,1.19120987270849e-06,3.26598457961341e-05,3.26598457961341e-05,0.180477235773431,15,2,0.458778872798959,0.0246928195252431,0.0250345034790445,2600,1.2
221,13,0.866666666666667,3,10,hold,0.681133075162703,9.19214593399387e-05,9.20711052120771e-05,0.000311913746421184,0.000375982229357104,0.999874156069886,0.727926470075587,2.68917020287973e-07,2.68917020287973e-07,2.44228942680463e-05,2.44228942680463e-05,0.180477235773431,15,2,0.515307386757881,0.022234591356011,0.0260121042798289,2600,1.2
222,13,0.866666666666667,3,10,hold,0.857428496491087,0.000687446989821849,0.000701734640990048,0.00304782751246748,0.00304782751246748,0.999170907206195,0.826991369825643,-6.41715372257101e-07,6.46053324826479e-07,5.84020031367385e-05,6.20891435281165e-05,0.180477235773431,15,2,0.537502072146799,0.0318172518572858,0.049285227378092,2600,1.2
223,13,0.866666666666667,3,10,hold,0.700443572975692,5.66753417368893e-05,6.29249630162643e-05,0.000231166951252936,0.000232521761886909,0.999926414464055,0.768181610809813,1.4895353872002e-07,1.49050744718826e-07,4.46680320157988e-06,4.46680320157988e-06,0.180477235773431,15,2,0.436271026076301,0.010901653821492,0.0227165831172383,2600,1.2
224,13,0.866666666666667,3,10,hold,0.421163045800885,-0.000627012937760318,0.000664194363941328,-0.000372523511135646,0.000398901446887115,1.0018082159532,0.34410091326286,-3.89703682179832e-07,5.94989540830815e-07,-3.83024871505794e-05,3.83024871505794e-05,0.180477235773431,15,2,0.520679935771248,0.0411936427845208,0.0695794659996389,2600,1.2
225,13,0.866666666666667,3,10,hold,0.373507593299514,-5.84886557015718e-06,1.82691251351397e-05,0.000115705365255155,0.000134139898470741,1.00001326540175,0.440445655589456,3.07911909414038e-08,5.51298261264321e-08,4.48768498641561e-06,4.48768498641561e-06,0.180477235773431,15,2,0.36380904869071,0.0221601216688469,0.0269532912828359,2600,1.2
226,13,0.866666666666667,3,10,hold,0.583349788947039,-0.000825895619382622,0.000827132316705304,-0.000264931939459888,0.000292706376000814,1.00150758242265,0.541201931044539,1.82510652990686e-07,1.83342127019204e-07,-3.9413353065626e-06,4.26375250167033e-06,0.180477235773431,15,2,0.481159789138117,0.0183502681107552,0.027087959498949,2600,1.2
227,13,0.866666666666667,3,10,hold,0.918427650421985,0.000953167153515955,0.000964335246055403,0.000703615352174362,0.00125162743970651,0.998925606367686,0.885541545758317,1.98531455956885e-06,2.03693704876884e-06,9.77383831618395e-05,9.77383831618395e-05,0.180477235773431,15,2,0.533458462896077,0.027649593814387,0.0498975908270729,2600,1.2
228,13,0.866666666666667,3,10,hold,0.882977028523904,0.000231587690112545,0.000231587690112545,0.000648217028462788,0.0011075352023192,0.999742196103722,0.897551567096927,-4.13188280272425e-07,4.31814601022096e-07,3.25300512681534e-05,3.25336208194899e-05,0.180477235773431,15,2,0.564708446620508,0.0182235868356111,0.0397758405449905,2600,1.2
229,13,0.866666666666667,3,10,hold,0.337913240441904,2.04033253944247e-05,2.59927967824036e-05,4.19368421966237e-05,8.83193208475574e-05,0.999947132602161,0.382768613829375,6.52964055880556e-08,6.52964055880556e-08,6.73580087034886e-06,6.73580087034886e-06,0.180477235773431,15,2,0.383778307749449,0.0124506727882809,0.0249440608808413,2600,1.2
230,13,0.866666666666667,3,10,hold,0.335910998664979,7.27363667445968e-06,1.22156548934604e-05,-0.000799857794139824,0.000799860939076024,0.999980623328317,0.37407663818185,1.10349632465034e-07,1.1054726029025e-07,-2.81139841368239e-08,1.01162727628556e-06,0.180477235773431,15,2,0.381803694658445,0.0125811287752394,0.0245953356850101,2600,1.2
201,13,0.866666666666667,3,10,kalman,0.255017339343908,-1.61457045824959e-05,1.67941430601198e-05,0.00101409036478431,0.00105739528778708,1.00009344822179,0.172131646293868,-1.35387533350961e-08,1.37419148227291e-08,-2.73910211424624e-05,2.73910211424624e-05,0.180477235773431,15,2,0.465661890157924,0.0151152470969358,0.0262868287666167,2600,1.2
202,13,0.866666666666667,3,10,kalman,0.265746187490233,-0.000105748779517983,0.00012676658573903,-0.00207693982001123,0.00217872241252373,1.00040167589705,0.258895519428516,1.28359112189225e-07,1.30168475637182e-07,6.34592007368984e-05,6.34592007368984e-05,0.180477235773431,15,2,0.338998495335352,0.0296891864327804,0.0254101073500412,2600,1.2
203,13,0.866666666666667,3,10,kalman,0.210691349248003,0.00056216594967089,0.00056216594967089,0.00269367349874898,0.00269740347855188,0.997430442485118,0.214449323691286,-3.15955844945037e-06,3.15955844945037e-06,-4.37997341884747e-05,4.37997341884747e-05,0.180477235773431,15,2,0.403721203272143,0.0132492303475228,0.0236293473024949,2600,1.2
204,13,0.866666666666667,3,10,kalman,0.359495153802557,-0.000276245006482997,0.00030633577981177,3.03029504806715e-05,3.81879061200527e-05,1.00123177453979,0.219636857008748,-7.78989966782051e-08,7.78989966782051e-08,6.48377439629172e-07,6.53145874425637e-07,0.180477235773431,15,2,0.577590621857094,0.0122811003772942,0.0258301398878018,2600,1.2
205,13,0.866666666666667,3,10,kalman,0.70015870254017,-0.000419683982078978,0.00041974558568395,-0.00372445611270303,0.00372445611270303,1.00063038413349,0.665366038894355,3.28125364696674e-06,3.28125364696674e-06,0.000179664271730865,0.000179664271730865,0.180477235773431,15,2,0.469023225866112,0.0286017737762467,0.0255239971299722,2600,1.2
206,13,0.866666666666667,3,10,kalman,0.704274218716452,5.12402749640817e-05,6.37643751958184e-05,-3.50805933351306e-05,5.96438076972006e-05,0.999920069656512,0.6391096141945,1.40312886975913e-07,1.40327526243489e-07,2.26621913717973e-06,2.26621913717973e-06,0.180477235773431,15,2,0.43961866751224,0.015187253200724,0.0246967332132764,2600,1.2
207,13,0.866666666666667,3,10,kalman,0.38959595460555,0.00013022427969584,0.000141058656933718,0.00013714951521046,0.000160171578556326,0.999643025732118,0.362372312064597,-9.12554732665494e-07,9.13884148243116e-07,-1.04372132052225e-05,1.04372132052225e-05,0.180477235773431,15,2,0.434801228572998,0.0119223211117802,0.0251168053586444,2600,1.2
208,13,0.866666666666667,3,10,kalman,0.521825513218961,-0.000307289647676057,0.000321702919799405,-0.000134367525817897,0.000462394105640392,1.00055308366434,0.552874212172288,2.06886798917449e-07,2.22758661264089e-07,5.63910922954686e-06,5.63910922954686e-06,0.180477235773431,15,2,0.443726166795543,0.0433449505690137,0.0274121108927825,2600,1.2
209,13,0.866666666666667,3,10,kalman,0.757883941146569,0.00204964577384467,0.00204964577384467,-0.00204831832262964,0.00279174282966131,0.997460725533089,0.803685854493428,6.7167859855638e-06,6.7167859855638e-06,0.000118092673330529,0.000118092673330529,0.180477235773431,15,2,0.556488495279449,0.0348610378280418,0.0277429910216975,2600,1.2
210,13,0.866666666666667,3,10,kalman,0.698492318522336,-0.000304833520128078,0.000546214912387966,0.000490116086059977,0.000634977521617224,1.00047621483725,0.63511010182291,1.11312586405649e-06,1.11312586405649e-06,9.81439664330883e-06,9.81439664330883e-06,0.180477235773431,15,2,0.558259965110917,0.0127232776036812,0.0272588082193721,2600,1.2
211,13,0.866666666666667,3,10,kalman,0.256447192560495,0.000817065470185147,0.000817107912831033,0.00256735953890581,0.00256735953890581,0.997362712520981,0.306151003841998,6.95778046694295e-07,6.95834756253566e-07,4.11474446315685e-05,4.11474446315685e-05,0.180477235773431,15,2,0.307394911827633,0.0406881214815367,0.0256057254390862,2600,1.2
212,13,0.866666666666667,3,10,kalman,0.249945913385791,0.000136687681083691,0.000237806867787715,0.000135275417225703,0.000169243189934443,0.99957274219809,0.314867913453259,-4.32688155277416e-08,1.46714798351932e-07,-1.27415867149927e-06,1.27415867149927e-06,0.180477235773431,15,2,0.51865621646985,0.0177528843698926,0.0228793183410883,2600,1.2
213,13,0.866666666666667,3,10,kalman,0.674500413219376,-9.67139853027876e-05,9.74389274201459e-05,-2.31016425808228e-05,2.80462756517097e-05,1.00014454075958,0.668637346386742,5.44584992934194e-08,5.44584992934194e-08,-4.32955087427689e-07,4.51689042884618e-07,0.180477235773431,15,2,0.379640818280426,0.0168481205568583,0.0240714485301313,2600,1.2
214,13,0.866666666666667,3,10,kalman,0.467051609443533,0.000300564919351731,0.000446104258810476,0.000175815354697912,0.000197184824997315,0.999375150626155,0.478783047946741,-1.23229873489894e-06,1.30274504612782e-06,-5.10716741929429e-06,5.10716741929429e-06,0.180477235773431,15,2,0.402080847737858,0.0439146891093872,0.0286648724480489,2600,1.2
215,13,0.866666666666667,3,10,kalman,0.445369691392905,-0.000400978770363436,0.000791076131236179,-0.000644251855577302,0.00154771096607109,1.00117740746614,0.338359688545957,1.40047343971106e-06,1.40395773839397e-06,4.08548623940397e-05,4.08548623940397e-05,0.180477235773431,15,2,0.520259010804611,0.0276896407075721,0.0263007456254245,2600,1.2
216,13,0.866666666666667,3,10,kalman,0.847435176278389,-3.27359396819604e-05,3.54999220965713e-05,1.73390597466461e-06,1.40722180877184e-05,1.00003610055335,0.905612025417317,-3.33790565001935e-07,3.33790565001935e-07,-1.28797865207114e-06,1.28797865207114e-06,0.180477235773431,15,2,0.495467471060148,0.0173304891880847,0.0233894691144139,2600,1.2
217,13,0.866666666666667,3,10,kalman,0.358935008707022,-0.000129255118600596,0.000144239308758592,-4.58246971763276e-06,0.000215595878461122,1.00027239702063,0.470519077068983,-1.11093175581001e-07,1.11093175581001e-07,8.27695494959313e-08,6.30039430888352e-07,0.180477235773431,15,2,0.527310272881637,0.0229870600709015,0.0235656120081193,2600,1.2
218,13,0.866666666666667,3,10,kalman,0.349844227102502,0.00038627764264248,0.000504088717863066,0.000384936349236433,0.000450699763513028,0.998864769234831,0.334912103324846,7.96834585253814e-07,8.04110153723725e-07,3.46709099698206e-05,3.46709099698206e-05,0.180477235773431,15,2,0.342442048876895,0.0757720267067483,0.0310744725248546,2600,1.2
219,13,0.866666666666667,3,10,kalman,0.496912445828087,-0.000692338608549326,0.000721321803276143,-0.000732754054465871,0.000792316827889005,1.00122921025365,0.561117025645173,-4.91240188466024e-07,5.57303166465184e-07,-2.80009380854884e-05,2.80009380854884e-05,0.180477235773431,15,2,0.399314256216147,0.0279637329369837,0.0260697120287894,2600,1.2
220,13,0.866666666666667,3,10,kalman,0.27818400380262,0.000196513235749396,0.000202998711135216,0.000153807052151154,0.000186026485543244,0.999283554465412,0.27329958455742,4.76984605712882e-07,6.1626374980861e-07,2.2048884903926e-05,2.2048884903926e-05,0.180477235773431,15,2,0.458696801341104,0.0237896396165606,0.0252447266771543,2600,1.2
221,13,0.866666666666667,3,10,kalman,0.681133075162703,1.65567283784918e-05,1.65787194703726e-05,-2.19248351042078e-05,9.42152476369129e-05,0.999977333217032,0.728001212428666,4.41229365794049e-08,4.41229365794049e-08,5.79226524041132e-06,5.79618537622617e-06,0.180477235773431,15,2,0.515677450626443,0.0200122227130697,0.0245562774741908,2600,1.2
222,13,0.866666666666667,3,10,kalman,0.857428496491087,6.97875252116398e-05,0.000205469771171984,0.00291323737134436,0.00291323737134436,0.999915833024063,0.827829302622463,-1.08124157220391e-06,1.08127560742854e-06,4.64101746000914e-05,5.5088494290276e-05,0.180477235773431,15,2,0.540159447038178,0.0230644085986071,0.029955232369133,2600,1.2
223,13,0.866666666666667,3,10,kalman,0.700443572975692,7.33638539789361e-06,1.02125331168601e-05,-2.80738413292059e-05,3.70892225777131e-05,0.999990474660851,0.768183714483532,1.15871123490541e-07,1.16644130460086e-07,3.31370373187201e-07,3.31735756128881e-07,0.180477235773431,15,2,0.435720991023152,0.0113431374043164,0.0252558308704671,2600,1.2
224,13,0.866666666666667,3,10,kalman,0.421163045800885,-0.000251460381061069,0.000251882211967686,0.00126627339052159,0.00138942707317893,1.00072517590188,0.343950060405821,4.34607130703202e-07,4.34618350428351e-07,-7.19326268613818e-06,7.42505889666623e-06,0.180477235773431,15,2,0.514905226839004,0.0278181326059798,0.026465755926572,2600,1.2
225,13,0.866666666666667,3,10,kalman,0.373507593299514,-1.47129699230197e-05,1.56518291831775e-05,5.61110158293765e-05,7.04600238986652e-05,1.00003336945508,0.440437659375572,-6.39592763918007e-08,8.60137855662746e-08,1.25040355095529e-06,1.26397521143407e-06,0.180477235773431,15,2,0.363763065043582,0.0205409093157985,0.02438348865781,2600,1.2
226,13,0.866666666666667,3,10,kalman,0.583349788947039,0.000473896622513936,0.000581684826508777,0.000208824891704386,0.00031419668799315,0.999134953374874,0.538562749395704,-5.76745237185206e-07,6.81201036245582e-07,1.46503541721554e-05,1.46503541721554e-05,0.180477235773431,15,2,0.481368961112827,0.0151130667291465,0.0235089850748147,2600,1.2
227,13,0.866666666666667,3,10,kalman,0.918427650421985,0.000765139623450895,0.000766801480275248,0.000766266689442425,0.00132701703604895,0.99913754776774,0.885419732266361,1.78015296202483e-06,1.87058114645977e-06,7.06266872475736e-05,7.06266872475736e-05,0.180477235773431,15,2,0.537073631722787,0.0352075878971011,0.0315853200991016,2600,1.2
228,13,0.866666666666667,3,10,kalman,0.882977028523904,5.81181320766455e-05,5.81181320766455e-05,-6.82937127348593e-05,0.000127533104491493,0.999935302775003,0.897672768344114,-3.49411161153224e-07,3.63972434173909e-07,1.58146602205166e-05,1.6030322380222e-05,0.180477235773431,15,2,0.564970192265937,0.0165466796829427,0.0281044840581691,2600,1.2
229,13,0.866666666666667,3,10,kalman,0.337913240441904,1.61164342205478e-05,1.98225890883474e-05,0.000122259888152863,0.000186877202397439,0.999958240437615,0.382820567377584,5.14931050576983e-08,5.14931050576983e-08,-1.13742098443614e-06,1.70203895991761e-06,0.180477235773431,15,2,0.383743839131615,0.0113367826785569,0.0237047694391155,2600,1.2
230,13,0.866666666666667,3,10,kalman,0.335910998664979,-0.000294639460671126,0.00029479065222851,-0.00083889693343645,0.00083889693343645,1.00078490751596,0.375223083486002,1.45652630290094e-08,2.58635275529606e-08,-2.0857625314491e-06,2.1888962681732e-06,0.180477235773431,15,2,0.381413483644283,0.0109976827613552,0.0233777199133174,2600,1.2
201,13,0.866666666666667,3,10,kalman-gm,0.255017339343908,-3.40184619661843e-06,3.65565763293663e-06,8.00194616622873e-05,0.000160954872657881,1.00001968922919,0.172130581142813,-2.42596963628827e-09,2.42596963628827e-09,4.46976626586881e-07,1.00685986203608e-06,0.180477235773431,15,2,0.466586358531861,0.00909468545695461,0.0165231902489156,2600,1.2
202,13,0.866666666666667,3,10,kalman-gm,0.265746187490233,-7.0541719710876e-05,0.000274605136945077,-0.00184169281345236,0.0019545334425656,1.00026794548999,0.258878594694454,5.03359734316255e-07,5.03359734316255e-07,6.25401244904133e-05,6.25401244904133e-05,0.180477235773431,15,2,0.339779703883197,0.027540527254734,0.018542455589639,2600,1.2
203,13,0.866666666666667,3,10,kalman-gm,0.210691349248003,0.000337695749908956,0.000341488374084753,0.00261778079405879,0.00263316476776802,0.998456454624421,0.214991538686157,-1.49006869558654e-06,1.51933231385959e-06,-4.46679635393954e-05,4.46679635393954e-05,0.180477235773431,15,2,0.403403453986231,0.0122909351143849,0.0151720652110923,2600,1.2
204,13,0.866666666666667,3,10,kalman-gm,0.359495153802557,-0.00126780676226181,0.00127537379396843,-3.3206295726835e-05,0.000315625356221838,1.00565314143053,0.22282914463627,1.04810491649288e-06,1.04814012951426e-06,5.6593522610815e-06,5.67711555985423e-06,0.180477235773431,15,2,0.57837862010399,0.0140166019119928,0.0241558139367966,2600,1.2
205,13,0.866666666666667,3,10,kalman-gm,0.70015870254017,6.78830193644453e-05,0.00014003785200738,0.00154797603332868,0.00155564097764369,0.999898036665282,0.664306808744468,-1.58455316768003e-06,1.58460132938243e-06,-7.37588740812406e-05,7.37588740812406e-05,0.180477235773431,15,2,0.46558831468274,0.023736385237846,0.0177731486941992,2600,1.2
206,13,0.866666666666667,3,10,kalman-gm,0.704274218716452,0.000334907865455059,0.000344407990662543,0.000163589507707407,0.000268101345493399,0.999477573046958,0.638081200115823,4.6084293124915e-07,4.60856816175692e-07,1.81092832872765e-05,1.81092832872765e-05,0.180477235773431,15,2,0.440712828048023,0.0203711576366635,0.0262222261314524,2600,1.2
207,13,0.866666666666667,3,10,kalman-gm,0.38959595460555,-4.5249050046603e-06,1.93416472669738e-05,1.76288562517479e-05,4.59638120656147e-05,1.00001240379025,0.362652361880319,2.1033662447878e-08,4.28621276388208e-08,-6.2338986084709e-07,6.24383069061096e-07,0.180477235773431,15,2,0.434036001112616,0.0123937785599146,0.0180451167547928,2600,1.2
208,13,0.866666666666667,3,10,kalman-gm,0.521825513218961,8.21134126685608e-05,0.000161288124772352,0.000531696022108966,0.000567164324955268,0.999852205931721,0.552680383514718,-4.10179293497404e-07,5.90329226968223e-07,1.97155279732825e-05,1.97155279732825e-05,0.180477235773431,15,2,0.450487549696562,0.0272604756120529,0.0179113143661325,2600,1.2
209,13,0.866666666666667,3,10,kalman-gm,0.757883941146569,0.00203805168124119,0.00203805168124119,-0.00232403472144044,0.00309338621611773,0.9974750892752,0.803685843889892,6.65146530437199e-06,6.65146530437199e-06,0.000140567379003797,0.000140567379003797,0.180477235773431,15,2,0.556666996926328,0.0353785380595437,0.0215664351046982,2600,1.2
210,13,0.866666666666667,3,10,kalman-gm,0.698492318522336,-0.000324734414649597,0.000720044439558132,0.000149344010251277,0.00022122817238123,1.00050730427007,0.635039571260052,1.94730631527945e-06,1.94730631527945e-06,2.67259804559661e-05,2.67259804559661e-05,0.180477235773431,15,2,0.557906443695625,0.0103609936396265,0.0208224288348848,2600,1.2
211,13,0.866666666666667,3,10,kalman-gm,0.256447192560495,3.85551102213721e-05,8.47588098468965e-05,3.83387518786693e-06,6.36964289762681e-05,0.999875553534999,0.306149977601477,1.82752179389567e-08,4.02658561937663e-08,7.58921490333631e-07,7.58921490333631e-07,0.180477235773431,15,2,0.311124774237356,0.0322425920302538,0.0145179305308547,2600,1.2
212,13,0.866666666666667,3,10,kalman-gm,0.249945913385791,0.000494943606013543,0.000495726309513167,0.000131769040295086,0.000204929241812638,0.998452907273734,0.314867233185961,1.2661724534041e-06,1.26720030569627e-06,1.59286061298028e-05,1.59286061298028e-05,0.180477235773431,15,2,0.514496342322597,0.0200027201348817,0.0160701110626871,2600,1.2
213,13,0.866666666666667,3,10,kalman-gm,0.674500413219376,-7.53804017308401e-05,8.10999567607884e-05,-2.02734487229517e-06,1.08875244521633e-05,1.00011265734206,0.668637345847066,6.10897851083259e-08,6.10897851083259e-08,1.57653752445031e-07,1.57653752445031e-07,0.180477235773431,15,2,0.380883038522732,0.0138899238005316,0.013580420604633,2600,1.2
214,13,0.866666666666667,3,10,kalman-gm,0.467051609443533,-0.00110501258961876,0.00110501258961876,-0.000258896765041482,0.000580750246347705,1.00229722891881,0.480295392844235,4.59795294444065e-07,4.65689290546356e-07,4.2852477039701e-06,4.29833707813687e-06,0.180477235773431,15,2,0.396549118883729,0.0397923494741509,0.0240226574096605,2600,1.2
215,13,0.866666666666667,3,10,kalman-gm,0.445369691392905,0.000336795242599502,0.000336795242599502,-0.000145492122788031,0.000230104990039209,0.999011056787776,0.33587174003545,9.98236458005231e-07,1.00849257035351e-06,1.76810421473894e-05,1.76810421473894e-05,0.180477235773431,15,2,0.521101753145767,0.0234425130199025,0.0163866298394477,2600,1.2
216,13,0.866666666666667,3,10,kalman-gm,0.847435176278389,-7.24915619897404e-06,3.83435981143321e-05,2.07723775251567e-05,2.6210602354223e-05,1.00000799422753,0.905605675089051,-2.16100967651012e-07,2.16100967651012e-07,6.18211777776989e-07,6.74691732164279e-07,0.180477235773431,15,2,0.496201691507992,0.00853233175444013,0.013621332805144,2600,1.2
217,13,0.866666666666667,3,10,kalman-gm,0.358935008707022,3.32091716398308e-05,0.000118232729213746,-6.73576215125599e-05,9.55247897440709e-05,0.999930013762626,0.470513379376734,8.56927174774924e-09,4.10694078412099e-08,-1.26088965535787e-07,2.38568743024525e-07,0.180477235773431,15,2,0.527538765607935,0.0184822771168616,0.013873835034623,2600,1.2
218,13,0.866666666666667,3,10,kalman-gm,0.349844227102502,9.19822366150735e-05,0.000426688300402678,0.000205644868030423,0.000460196153885301,0.999729673547399,0.336195141366611,1.25340538412178e-06,1.2589313059419e-06,4.4134241756304e-05,4.4134241756304e-05,0.180477235773431,15,2,0.339079846307663,0.0837013123276748,0.0228919877208487,2600,1.2
219,13,0.866666666666667,3,10,kalman-gm,0.496912445828087,-0.000539278438442303,0.000539278590139425,-0.000817245357697146,0.000883711595260747,1.0009574600895,0.561117027281046,-4.28733457658037e-07,4.28733457658037e-07,-2.18914195126235e-05,2.18914195126235e-05,0.180477235773431,15,2,0.397193129073343,0.0226800047984542,0.0148207604461725,2600,1.2
220,13,0.866666666666667,3,10,kalman-gm,0.27818400380262,0.000105063500207753,0.000252685885414256,1.50166567930649e-05,0.000218041210320116,0.999616960784931,0.273831092122071,9.66897696064173e-07,9.70845817627186e-07,3.08384442965148e-05,3.08384442965148e-05,0.180477235773431,15,2,0.458789039961344,0.0185473820666352,0.0126456665658052,2600,1.2
221,13,0.866666666666667,3,10,kalman-gm,0.681133075162703,3.71679248221679e-05,3.71728342614008e-05,0.000150957866886069,0.0001819215500504,0.99994911571501,0.727967163998378,1.01462806662012e-07,1.01462806662012e-07,1.33238854879833e-05,1.33238854879833e-05,0.180477235773431,15,2,0.51553833737789,0.0153176054054854,0.0136036829652373,2600,1.2
222,13,0.866666666666667,3,10,kalman-gm,0.857428496491087,0.000184983641472425,0.000350613843499581,0.00295995913536946,0.00295995913536946,0.99977690119182,0.827764373471817,-1.12787994510921e-06,1.12790978250843e-06,4.81505745039917e-05,5.69296369863498e-05,0.180477235773431,15,2,0.540110674974594,0.0238373645635346,0.0260891327122215,2600,1.2
223,13,0.866666666666667,3,10,kalman-gm,0.700443572975692,7.99560942380539e-06,9.97375837100689e-06,-2.90279053284415e-05,3.54321638376109e-05,0.999989618744473,0.768183967433929,1.32349174825075e-07,1.32531409330339e-07,3.08578899615997e-07,3.10501901973348e-07,0.180477235773431,15,2,0.436122030719567,0.00614334552581091,0.0125108282764517,2600,1.2
224,13,0.866666666666667,3,10,kalman-gm,0.421163045800885,-0.000447675312482387,0.000451100631134371,-0.000196116330765902,0.000216694586589914,1.00129103180035,0.34395656572379,2.4918484136105e-07,3.15668864869778e-07,-3.46757425980657e-05,3.47671763386873e-05,0.180477235773431,15,2,0.519053457882387,0.0262601239941417,0.0335375751764344,2600,1.2
225,13,0.866666666666667,3,10,kalman-gm,0.373507593299514,-1.05283998049654e-05,1.58751336759022e-05,5.77920933234732e-05,7.03150593396284e-05,1.00002387872511,0.440434233436927,-3.239559315249e-08,6.58389365248979e-08,2.2538983522491e-06,2.2538983522491e-06,0.180477235773431,15,2,0.363824975447278,0.0163633985502547,0.0139044899709386,2600,1.2
226,13,0.866666666666667,3,10,kalman-gm,0.583349788947039,-4.46179084449549e-05,0.000148837160999038,2.92820604325605e-05,8.89572084396728e-05,1.00008144512809,0.539402204574445,3.32706550620898e-07,3.85363282745521e-07,4.30977489745549e-06,4.30977489745549e-06,0.180477235773431,15,2,0.481022325918069,0.0122538107172928,0.0140892059513633,2600,1.2
227,13,0.866666666666667,3,10,kalman-gm,0.918427650421985,0.000791648434472558,0.000836475197699615,0.000758707777502982,0.00123681984498792,0.999107667491592,0.88478351620417,7.39278750347405e-07,7.39278750347405e-07,4.71757275490728e-05,4.72318123581436e-05,0.180477235773431,15,2,0.534486529867206,0.0330595016249209,0.0303475083359697,2600,1.2
228,13,0.866666666666667,3,10,kalman-gm,0.882977028523904,7.99213603375204e-07,3.69057545565599e-05,5.7655855019918e-05,7.43183654576218e-05,0.999999110313761,0.89771971574006,-3.4655304500808e-07,3.4655304500808e-07,-7.65478532881767e-06,7.65478532881767e-06,0.180477235773431,15,2,0.565314848973755,0.0136870258225176,0.0181557044250722,2600,1.2
229,13,0.866666666666667,3,10,kalman-gm,0.337913240441904,9.46484480157661e-06,1.26869109512651e-05,4.47916703389734e-05,0.000126031876551303,0.999975475482259,0.382881145537037,3.11434019684143e-08,3.11434019684143e-08,1.24743875671296e-07,1.24730948506402e-06,0.180477235773431,15,2,0.383011374991648,0.00810628432845426,0.014307201934983,2600,1.2
230,13,0.866666666666667,3,10,kalman-gm,0.335910998664979,2.92252957734274e-07,1.92112002177502e-06,-3.2278968502103e-06,3.52608117091757e-06,0.999999221450031,0.374118945424757,1.23642860172524e-08,1.89630740998759e-08,4.43800550037343e-07,4.43800550037343e-07,0.180477235773431,15,2,0.380699233377176,0.00989813493484916,0.0133534045048176,2600,1.2
201,13,0.866666666666667,3,10,mean,0.255017339343908,-7.23968697402821e-06,7.95168326181705e-06,0.000947951620170244,0.000986618838375654,1.00004190191085,0.172131665348202,-5.3806110900112e-09,5.53815328041551e-09,-2.45985309172025e-05,2.45985309172025e-05,0.180477235773431,15,2,0.465813044121373,0.0151152668705094,0.0262868309144322,2600,1.2
202,13,0.866666666666667,3,10,mean,0.265746187490233,-0.000110720923389734,0.000133231910793513,-0.00209670657721007,0.00220633497230505,1.00042056207577,0.258901359145085,1.35312540494592e-07,1.37852990633736e-07,6.4401965604588e-05,6.4401965604588e-05,0.180477235773431,15,2,0.339108028405671,0.0296892108398985,0.0254101073520916,2600,1.2
203,13,0.866666666666667,3,10,mean,0.210691349248003,0.000563844872277075,0.000563844872277075,0.00267016860909087,0.00267392783844835,0.997422768437619,0.214445572961292,-3.1722770731879e-06,3.1722770731879e-06,-4.42248435921141e-05,4.42248435921141e-05,0.180477235773431,15,2,0.40385386593901,0.0132492529028912,0.0236288812047842,2600,1.2
204,13,0.866666666666667,3,10,mean,0.359495153802557,-0.000282404428283342,0.000312297337551001,3.0299987812544e-05,3.80997681953796e-05,1.00125923935825,0.219637839297621,-6.23923595705067e-08,6.23923595705067e-08,8.68897288828774e-07,8.7253937579912e-07,0.180477235773431,15,2,0.577785923106914,0.0122810927217461,0.0258301398877672,2600,1.2
205,13,0.866666666666667,3,10,mean,0.70015870254017,-0.000397615112827965,0.00039768026040341,-0.00372106919870406,0.00372106919870406,1.00059723570368,0.665365787425287,3.33002632294799e-06,3.33002632294799e-06,0.000179892439039041,0.000179892439039041,0.180477235773431,15,2,0.46918050296051,0.0286017766858631,0.0255239971299722,2600,1.2
206,13,0.866666666666667,3,10,mean,0.704274218716452,5.42839113127469e-05,6.55770284905932e-05,-3.22005218577259e-05,5.67523843621243e-05,0.999915321850241,0.63909573983923,1.39011150374069e-07,1.39025887219146e-07,2.20625550414355e-06,2.20625550414355e-06,0.180477235773431,15,2,0.439765096715211,0.0151872737102644,0.0246961600514406,2600,1.2
207,13,0.866666666666667,3,10,mean,0.38959595460555,0.000171649592176776,0.000179387862368313,0.000140950435959369,0.000168160595839236,0.999529469560955,0.362000992363404,-9.77239155106058e-07,9.78613280808172e-07,-1.21913916312433e-05,1.21913916312433e-05,0.180477235773431,15,2,0.434954435333123,0.01192238143,0.0251169233815633,2600,1.2
208,13,0.866666666666667,3,10,mean,0.521825513218961,-0.000319976505640185,0.000334329884362317,-0.000169991472826777,0.000471540854637061,1.00057591845212,0.552874075761851,2.6577965057395e-07,2.66510169319445e-07,6.80597277480099e-06,6.80597277480099e-06,0.180477235773431,15,2,0.443877372038305,0.0433448592239348,0.0274120993500688,2600,1.2
209,13,0.866666666666667,3,10,mean,0.757883941146569,0.00203704185960207,0.00203704185960207,-0.0020560560347995,0.00278558436908802,0.99747634032762,0.803685856724544,6.72048227370325e-06,6.72048227370325e-06,0.000116315177676112,0.000116315177676112,0.180477235773431,15,2,0.556671031321196,0.0348609446951163,0.0277429107880991,2600,1.2
210,13,0.866666666666667,3,10,mean,0.698492318522336,-0.000318386649584834,0.000556716272702817,0.00047150425325481,0.000632649885840867,1.00049738771003,0.635127615161412,1.12674217676995e-06,1.12674217676995e-06,1.2203911578168e-05,1.2203911578168e-05,0.180477235773431,15,2,0.558441836347734,0.0127232175862524,0.0272588925405914,2600,1.2
211,13,0.866666666666667,3,10,mean,0.256447192560495,0.000818261104565343,0.000818304910336498,0.00256761801911239,0.00256761801911239,0.997358853305661,0.306151010657625,6.95594185806669e-07,6.95651825921573e-07,4.11268086756394e-05,4.11268086756394e-05,0.180477235773431,15,2,0.307498361840926,0.040688124128069,0.0256057254390827,2600,1.2
212,13,0.866666666666667,3,10,mean,0.249945913385791,0.000147279540164974,0.000245099932761911,0.000138797358730578,0.00017166776839051,0.999539634207719,0.3148680023583,1.28357820483593e-09,1.16276148365291e-07,-1.03108192428203e-06,1.03108192428203e-06,0.180477235773431,15,2,0.518824262589419,0.0177528117169436,0.0228793183411815,2600,1.2
213,13,0.866666666666667,3,10,mean,0.674500413219376,-9.64079229217152e-05,9.71103859746636e-05,-2.23822754759051e-05,2.72421049571747e-05,1.00014408334395,0.668637346289314,5.3715745856886e-08,5.3715745856886e-08,-4.1509106312565e-07,4.34190937578793e-07,0.180477235773431,15,2,0.379764341473295,0.016848122767936,0.0240714485602975,2600,1.2
214,13,0.866666666666667,3,10,mean,0.467051609443533,0.0002932685746251,0.000440488026669755,0.000170027623442866,0.000190747778592428,0.999390319117686,0.478783343582638,-1.26715136679056e-06,1.33734117202522e-06,-5.58324243837227e-06,5.58324243837227e-06,0.180477235773431,15,2,0.402219946490593,0.0439145927665376,0.0286651042493915,2600,1.2
215,13,0.866666666666667,3,10,mean,0.445369691392905,-0.000338268923422574,0.000765155469959772,-0.000618137405382801,0.00154331971818343,1.00099327043085,0.338342732370303,1.52361061592221e-06,1.52725828437839e-06,4.18458966832458e-05,4.18458966832458e-05,0.180477235773431,15,2,0.520431929089125,0.0276897573476026,0.0263007451735158,2600,1.2
216,13,0.866666666666667,3,10,mean,0.847435176278389,-3.31661158209262e-05,3.596584943929e-05,5.50325735319102e-06,1.84963508893909e-05,1.00003657494318,0.905612413929423,-3.43018501719472e-07,3.43018501719472e-07,-1.18872296976019e-06,1.18872296976019e-06,0.180477235773431,15,2,0.495635600820516,0.0173305152736666,0.0233894688475091,2600,1.2
217,13,0.866666666666667,3,10,mean,0.358935008707022,-0.000148636094313503,0.000148773712982631,1.74013464570666e-05,0.000223404246319047,1.00031324120613,0.47051904681644,-1.27931114041191e-07,1.27931114041191e-07,3.14466358628529e-07,7.49852827384156e-07,0.180477235773431,15,2,0.527494036385888,0.0229871139359912,0.023565616607657,2600,1.2
218,13,0.866666666666667,3,10,mean,0.349844227102502,0.000386319956076497,0.000503264312716401,0.00038909157515554,0.000451233572413906,0.998864644879946,0.334910017416708,7.957571445949e-07,8.02956121798149e-07,3.45263527462208e-05,3.45263527462208e-05,0.180477235773431,15,2,0.342553468709405,0.0757720239355236,0.0310744770827558,2600,1.2
219,13,0.866666666666667,3,10,mean,0.496912445828087,-0.000693901620201165,0.000718881561066509,-0.000739549636689462,0.000801029598615438,1.00123198529743,0.561117025609163,-5.14800647638536e-07,5.71740313720648e-07,-2.68973374369408e-05,2.68973374369408e-05,0.180477235773431,15,2,0.3994535841574,0.0279637303767682,0.0260697120287894,2600,1.2
220,13,0.866666666666667,3,10,mean,0.27818400380262,0.000197947235433238,0.000204560356461092,0.000168064565672644,0.0001924665860545,0.999278326407026,0.273300376343931,4.7674559420785e-07,6.15281045363014e-07,2.22268923542829e-05,2.22268923542829e-05,0.180477235773431,15,2,0.45884998590642,0.0237896402064144,0.0252447266771543,2600,1.2
221,13,0.866666666666667,3,10,mean,0.681133075162703,1.66459469830293e-05,1.66624813834337e-05,-4.84348321407868e-07,8.72715291527326e-05,0.999977211073412,0.728001854139403,4.34748994582179e-08,4.34748994582179e-08,7.08980731542796e-06,7.08980731542796e-06,0.180477235773431,15,2,0.515847449468615,0.0200122237266883,0.0245562774741908,2600,1.2
222,13,0.866666666666667,3,10,mean,0.857428496491087,7.90767917931756e-05,0.000211832939705903,0.00292583500048602,0.00292583500048602,0.999904629739888,0.827824748196799,-1.07858689836204e-06,1.078620731082e-06,4.67603575294176e-05,5.54995079033402e-05,0.180477235773431,15,2,0.540335312609851,0.0230644045186658,0.0299551925188228,2600,1.2
223,13,0.866666666666667,3,10,mean,0.700443572975692,7.31009142366235e-06,9.90415799436706e-06,-2.40967547142568e-05,3.26334251180171e-05,0.999990508800146,0.768183707380343,1.09211386123409e-07,1.10070431413867e-07,3.82247692056192e-07,3.82247692056192e-07,0.180477235773431,15,2,0.435859955105567,0.0113431346461141,0.0252561696110076,2600,1.2
224,13,0.866666666666667,3,10,mean,0.421163045800885,-0.000240689558926571,0.000251686199330509,0.00126775871892504,0.00139557614938017,1.00069411438586,0.343949629898986,4.45372655130671e-07,4.45383595945592e-07,-5.83420941379559e-06,6.54978978143234e-06,0.180477235773431,15,2,0.515071928526681,0.0278179574646234,0.0264657566498552,2600,1.2
225,13,0.866666666666667,3,10,mean,0.373507593299514,-1.47327240207717e-05,1.63842781911172e-05,6.15994981809392e-05,7.62151432925134e-05,1.00003341425796,0.440437756108573,-6.89267719344855e-08,9.10904257134249e-08,1.11510937924775e-06,1.12985540615285e-06,0.180477235773431,15,2,0.363880469384502,0.0205408903843101,0.0243834930440776,2600,1.2
226,13,0.866666666666667,3,10,mean,0.583349788947039,0.000445558131582258,0.000537010071971056,0.000192555600754484,0.00028930342369362,0.999186682200903,0.538771824277584,-5.5531304311851e-07,6.44218736814417e-07,1.39204548894087e-05,1.39204548894087e-05,0.180477235773431,15,2,0.481525608638027,0.0151130179576719,0.0235089850748178,2600,1.2
227,13,0.866666666666667,3,10,mean,0.918427650421985,0.000765236938963598,0.000766823976175823,0.000762369195039141,0.00132638418424094,0.999137438075366,0.885419815822105,1.79354753883643e-06,1.88415576681811e-06,7.12238104071783e-05,7.12238104071783e-05,0.180477235773431,15,2,0.53725288972952,0.0352078211844607,0.0315853141816893,2600,1.2
228,13,0.866666666666667,3,10,mean,0.882977028523904,5.42856438638384e-05,5.42856438638384e-05,-4.91206888609086e-05,0.000109769912559634,0.999939569108819,0.897672856690093,-3.08552882606616e-07,3.22894803846119e-07,1.30910769044365e-05,1.33030260942596e-05,0.180477235773431,15,2,0.565158847089477,0.0165468801746361,0.0281044840581691,2600,1.2
229,13,0.866666666666667,3,10,mean,0.337913240441904,1.87589482404438e-05,2.24719318862865e-05,0.000124215812455413,0.000187161644127292,0.99995139337532,0.382819432705803,5.47763421954173e-08,5.47763421954173e-08,-2.64959478571969e-07,1.27406963360333e-06,0.180477235773431,15,2,0.383863045414293,0.0113367727385612,0.0237047694319044,2600,1.2
230,13,0.866666666666667,3,10,mean,0.335910998664979,-0.000282398566666292,0.00028258435834107,-0.000839090363053102,0.000839090363053102,1.00075229827318,0.375222993346282,7.41807698045882e-09,1.90769301744442e-08,-2.12642709146393e-06,2.22177896628983e-06,0.180477235773431,15,2,0.38154651225552,0.0109976774733223,0.0233777199132987,2600,1.2
201,13,0.866666666666667,3,10,none,0.255017339343908,0.00198493416645786,0.00225630655146155,0.026358516794152,0.026358516794152,0.988511584162746,0.166572359515888,-1.65172616281628e-05,1.65172616281628e-05,-0.000319791390459903,0.000319791390459903,0.0240636314364575,2,2,0.72956359074897,NaN,NaN,0,1.2
202,13,0.866666666666667,3,10,none,0.265746187490233,0.00161760714212184,0.00201396066704084,0.000675536907467217,0.00277384483218015,0.993855685116704,0.260044074618987,3.61095868022798e-06,3.70178746629812e-06,0.000262435450274625,0.000262435450274625,0.0240636314364575,2,2,0.578268617280641,NaN,NaN,0,1.2
203,13,0.866666666666667,3,10,none,0.210691349248003,-0.00583796877087602,0.00583796877087602,-0.0165612638715389,0.0165612638715389,1.02668428519308,0.222148523187268,1.80448236478337e-05,1.80448236478337e-05,0.000308913442438365,0.000308913442438365,0.0240636314364575,2,2,0.537751876707319,NaN,NaN,0,1.2
204,13,0.866666666666667,3,10,none,0.359495153802557,-0.00187242330644614,0.00212339985603136,0.0101692963212447,0.0106103083569062,1.00834912234596,0.225007798107181,2.76023781478424e-05,2.76023781478424e-05,0.000713670481601342,0.000713670481601342,0.0240636314364575,2,2,0.751847029298302,NaN,NaN,0,1.2
205,13,0.866666666666667,3,10,none,0.70015870254017,-0.000455903030105931,0.000516137507870773,-0.00423089832359899,0.00423089832359899,1.00068478676542,0.665108782206202,-2.48333701809711e-06,2.48333701809711e-06,-0.000102194375464205,0.000102194375464205,0.0240636314364575,2,2,0.769303746772904,NaN,NaN,0,1.2
206,13,0.866666666666667,3,10,none,0.704274218716452,0.000476607149688046,0.000682795705661365,0.0059128905297459,0.00591403534652418,0.999256534567586,0.639313747272376,1.99968940506889e-06,2.93476135064252e-06,7.72839865071639e-05,7.72839865071639e-05,0.0240636314364575,2,2,0.619194164518267,NaN,NaN,0,1.2
207,13,0.866666666666667,3,10,none,0.38959595460555,-0.00546943762360309,0.00546943762360309,-0.000409413510926845,0.00268208638751681,1.01499296825425,0.369388445815389,1.53523480237755e-05,1.53523480237755e-05,0.000132555358025701,0.000132555358025701,0.0240636314364575,2,2,0.689720666317634,NaN,NaN,0,1.2
208,13,0.866666666666667,3,10,none,0.521825513218961,0.00294235413642125,0.00294235413642125,0.0071075624763885,0.00896172371458203,0.99470412355295,0.552299058261078,7.09245131925163e-06,7.26864617331402e-06,0.000429622270791049,0.000429622270791049,0.0240636314364575,2,2,0.637868659664373,NaN,NaN,0,1.2
209,13,0.866666666666667,3,10,none,0.757883941146569,0.00351420519237119,0.0035862811011372,-0.00878092418355679,0.00883820482150362,0.995646305507836,0.802315091399097,5.08257866340261e-05,5.08257866340261e-05,0.000716185090771128,0.000716185090771128,0.0240636314364575,2,2,0.73601798020999,NaN,NaN,0,1.2
210,13,0.866666666666667,3,10,none,0.698492318522336,-0.00335755421840134,0.00337809191061205,-0.00448446666438015,0.00552876053593142,1.00524521428946,0.642364572549523,8.83226414692406e-06,9.06621690891785e-06,-0.000105114662039026,0.000147797040693455,0.0240636314364575,2,2,0.789177430602513,NaN,NaN,0,1.2
211,13,0.866666666666667,3,10,none,0.256447192560495,0.00282219720599202,0.00285415644120712,0.0107595457490682,0.0107595457490682,0.990890637744124,0.305592454406133,-2.17550737697803e-06,2.17550737697803e-06,-3.00476555219253e-05,3.09518464595704e-05,0.0240636314364575,2,2,0.622370346131738,NaN,NaN,0,1.2
212,13,0.866666666666667,3,10,none,0.249945913385791,0.00118657421652616,0.00315931842788101,0.00518916125695816,0.00520691944536293,0.996291011102562,0.317474190786225,1.09232723782132e-05,1.09232723782132e-05,0.000100469514628285,0.000100469514628285,0.0240636314364575,2,2,0.701044271427541,NaN,NaN,0,1.2
213,13,0.866666666666667,3,10,none,0.674500413219376,-0.00190402714437834,0.00240227042271746,-0.0106608713023987,0.0106608713023987,1.0028456022038,0.668464051056553,-9.02552559539638e-07,1.69562993981853e-06,-0.000287744055980869,0.000287744055980869,0.0240636314364575,2,2,0.637751961479097,NaN,NaN,0,1.2
214,13,0.866666666666667,3,10,none,0.467051609443533,0.00182957808575313,0.00226110503420199,-0.0027304280907845,0.00509729729532611,0.996196459907065,0.477726732372968,1.72905245611976e-05,1.72905245611976e-05,0.000178849747792358,0.000178849747792358,0.0240636314364575,2,2,0.626795601432551,NaN,NaN,0,1.2
215,13,0.866666666666667,3,10,none,0.445369691392905,-0.00140456195594645,0.0014918604461976,-0.000484903838315072,0.00196079565410443,1.00412426256903,0.339036014636186,7.96551450819583e-06,7.96551450819583e-06,-6.24839422383699e-06,3.91898305300223e-05,0.0240636314364575,2,2,0.647672157082265,NaN,NaN,0,1.2
216,13,0.866666666666667,3,10,none,0.847435176278389,0.00133871224891524,0.00133871224891524,0.00145610596781553,0.0036567474378793,0.998523694342112,0.904249274653427,2.13540472778606e-05,2.13540472778606e-05,7.94697994277643e-05,0.00019608815028843,0.0240636314364575,2,2,0.678236117649031,NaN,NaN,0,1.2
217,13,0.866666666666667,3,10,none,0.358935008707022,0.00539619633989204,0.00539619633989204,0.00156963647405331,0.00570896982262061,0.988627856121951,0.467146793157182,5.06527370284782e-06,5.06527370284782e-06,0.00015320421818914,0.00015320421818914,0.0240636314364575,2,2,0.616564231122507,NaN,NaN,0,1.2
218,13,0.866666666666667,3,10,none,0.349844227102502,-0.00197131716170848,0.00197494176557765,-0.00895212536668456,0.00895212536668456,1.00579350095068,0.34105813609202,6.41062489808997e-06,6.9287890900771e-06,9.66998417908027e-05,9.66998417908027e-05,0.0240636314364575,2,2,0.660497785238138,NaN,NaN,0,1.2
219,13,0.866666666666667,3,10,none,0.496912445828087,0.00589130092425927,0.00589130092425927,0.00554424301136003,0.00554424301136003,0.989540309591282,0.555808903072476,1.1681352638393e-05,1.1681352638393e-05,3.47972918230971e-05,4.78228779542783e-05,0.0240636314364575,2,2,0.614994633350799,NaN,NaN,0,1.2
220,13,0.866666666666667,3,10,none,0.27818400380262,0.00179027421807689,0.00200419024879471,-0.0015273683512008,0.00289889087459918,0.993473040305206,0.271136856984959,-2.155519447683e-06,2.32783048654261e-06,4.96077256153157e-05,4.96077256153157e-05,0.0240636314364575,2,2,0.669887263180492,NaN,NaN,0,1.2
221,13,0.866666666666667,3,10,none,0.681133075162703,0.00166945684236082,0.00181411167045284,-0.00156126182564848,0.00242505963028648,0.997714450883319,0.728286481102597,2.03835365654076e-05,2.03835365654076e-05,0.000273646557373658,0.000273646557373658,0.0240636314364575,2,2,0.779682682508021,NaN,NaN,0,1.2
222,13,0.866666666666667,3,10,none,0.857428496491087,0.000257415094134761,0.000590674778423683,0.00918710404205321,0.0119754007770191,0.999689545517366,0.828112215690359,-1.35796861892579e-06,1.40241943960007e-06,-0.000925243617176075,0.000925243617176075,0.0240636314364575,2,2,0.797332101776909,NaN,NaN,0,1.2
223,13,0.866666666666667,3,10,none,0.700443572975692,0.00278301046526787,0.00278301046526787,-0.00604534278176799,0.00620456229998291,0.996386624052868,0.765738040593243,6.38088478600585e-06,6.38088478600585e-06,-2.41062242784518e-05,7.62280852183905e-05,0.0240636314364575,2,2,0.735639980995962,NaN,NaN,0,1.2
224,13,0.866666666666667,3,10,none,0.421163045800885,0.00106086321252772,0.001308706962914,0.00232979199336108,0.00357847072858739,0.996940621684932,0.34214589139493,1.95945993218816e-05,1.9599683630056e-05,0.000516394263482879,0.000516394263482879,0.0240636314364575,2,2,0.681070466631041,NaN,NaN,0,1.2
225,13,0.866666666666667,3,10,none,0.373507593299514,0.0016978436570472,0.0016978436570472,0.00500142460214661,0.00502264977928628,0.996149239892567,0.437867653470338,2.04219705334241e-06,2.04219705334241e-06,-5.3105831757605e-05,5.32283707979808e-05,0.0240636314364575,2,2,0.665551943635611,NaN,NaN,0,1.2
226,13,0.866666666666667,3,10,none,0.583349788947039,-0.0103802564403412,0.0103802564403412,-0.012670147233896,0.012670147233896,1.01894802658441,0.555674916032394,2.11974563193495e-05,2.11974563193495e-05,8.77569880999451e-05,9.00807305889079e-05,0.0240636314364575,2,2,0.705612200714956,NaN,NaN,0,1.2
227,13,0.866666666666667,3,10,none,0.918427650421985,0.00323639429780558,0.00323639429780558,-0.000726684255125342,0.00477462461688884,0.996351991974969,0.883009589990935,2.06458690960837e-05,2.06458690960837e-05,0.000553196049171099,0.000553196049171099,0.0240636314364575,2,2,0.686893082358948,NaN,NaN,0,1.2
228,13,0.866666666666667,3,10,none,0.882977028523904,-0.000478523560907373,0.000694252374736137,-0.00128085932466524,0.00132391071094185,1.00053269341908,0.898085998443473,7.07718337668861e-06,7.12690500844493e-06,7.559202199621e-05,7.68260825824682e-05,0.0240636314364575,2,2,0.622388629782451,NaN,NaN,0,1.2
229,13,0.866666666666667,3,10,none,0.337913240441904,-0.00148430288452973,0.0015282159832084,-0.00359946803112634,0.00378111620742187,1.00384600204096,0.384455269426206,1.82982044230617e-06,2.0527126661507e-06,-4.44009855679384e-06,3.04198846924941e-05,0.0240636314364575,2,2,0.681228101573765,NaN,NaN,0,1.2
230,13,0.866666666666667,3,10,none,0.335910998664979,-0.00125036518416093,0.00184135332414719,-0.0106057996752096,0.0106456393869922,1.00333092189521,0.372645795745259,-1.33974878774312e-07,5.15677999352038e-07,-0.000443699896329461,0.000443746415160684,0.0240636314364575,2,2,0.657434677827043,NaN,NaN,0,1.2
201,13,0.866666666666667,6,20,hold,0.255017339343908,0.000183145012967108,0.00046221745762693,-0.000532919186204043,0.00107131750471446,0.99894368761018,0.171476497925657,1.73785005775362e-06,2.52955307675773e-06,6.13238780457687e-05,6.13238780457687e-05,0.180477235773431,15,2,0.468270877903345,0.0312720971379789,0.0589336056455836,5200,1.2
202,13,0.866666666666667,6,20,hold,0.265746187490233,0.00053002153520815,0.00130526297013968,0.000748719607049318,0.00144841588568793,0.997986073810216,0.258719030448952,5.19503178301184e-06,5.19540219409142e-06,9.33861962827248e-05,9.33861962827248e-05,0.180477235773431,15,2,0.344261813475255,0.0375886204495559,0.0609874872018055,5200,1.2
203,13,0.866666666666667,6,20,hold,0.210691349248003,0.00159641251292093,0.0015969286073764,0.00320616594368459,0.00323342421094486,0.992602666015273,0.205220166050742,2.4919094483683e-06,2.51444809174772e-06,6.58240613206684e-06,6.69705227368589e-06,0.180477235773431,15,2,0.405249581536065,0.0240636975468341,0.0607409624566211,5200,1.2
204,13,0.866666666666667,6,20,hold,0.359495153802557,-0.00339580300413546,0.00340217901993194,-0.000953091095974538,0.00200381984210645,1.01532459333804,0.222868978330234,1.14074205095904e-05,1.1413689610798e-05,9.91408539542196e-05,9.91408539542196e-05,0.180477235773431,15,2,0.577809617914345,0.0523565769126985,0.125492138071185,5200,1.2
205,13,0.866666666666667,6,20,hold,0.70015870254017,0.00157089686372606,0.00157257899395164,-0.000629683850924071,0.00130665407416223,0.997636732547497,0.659063491847857,7.1191804029494e-06,7.1191804029494e-06,0.000104901041248875,0.000104901041248875,0.180477235773431,15,2,0.462482640450774,0.032791250127127,0.0575415069340361,5200,1.2
206,13,0.866666666666667,6,20,hold,0.704274218716452,0.000522256773501495,0.000601913260245857,-0.000259763157401576,0.000746194256349384,0.999182831206206,0.634788512514894,6.66743803144076e-06,6.66744518219298e-06,0.000108843360335595,0.000108843360335595,0.180477235773431,15,2,0.439875953908796,0.0552707676391302,0.0923591872265277,5200,1.2
207,13,0.866666666666667,6,20,hold,0.38959595460555,-0.000169864191985744,0.00061919575029982,-0.000236463444612274,0.000438005702994917,1.00046947227131,0.357999132548173,1.43607024258585e-06,1.44160712728381e-06,1.97399104990376e-05,1.97399104990376e-05,0.180477235773431,15,2,0.434916686293171,0.0347682214750409,0.0794881159968113,5200,1.2
208,13,0.866666666666667,6,20,hold,0.521825513218961,0.0016339982725026,0.00165137914699583,0.00294701249727074,0.00295663820461976,0.997087583144157,0.552837773548649,6.39611329622813e-06,6.39611329622813e-06,0.000129471727394532,0.000129471727394532,0.180477235773431,15,2,0.457548147284642,0.0512442568785264,0.0809859420818704,5200,1.2
209,13,0.866666666666667,6,20,hold,0.757883941146569,0.00260239837658892,0.00260239837658892,-0.00137287979511313,0.00263060006248947,0.996778048975188,0.802612285339936,3.06207135446393e-05,3.06207135446393e-05,0.00040096852337718,0.00040096852337718,0.180477235773431,15,2,0.556011288821402,0.0677560066914547,0.0999415511629791,5200,1.2
210,13,0.866666666666667,6,20,hold,0.698492318522336,0.000587336784436976,0.00164931319530323,0.00142644583864749,0.00179647861671109,0.999078273042261,0.62895011338319,1.12420500856455e-05,1.12420500856455e-05,0.000184986500001733,0.000184986500001733,0.180477235773431,15,2,0.556892957840416,0.0424079025790804,0.0997781301397565,5200,1.2
211,13,0.866666666666667,6,20,hold,0.256447192560495,6.47554798613087e-05,9.9987797543874e-05,0.000111135346316636,0.000331815474099298,0.99979382501041,0.306151365457094,2.04167836612146e-07,2.12721748119038e-07,8.29589923164675e-06,8.29589923164675e-06,0.180477235773431,15,2,0.312263392325912,0.0339289861439925,0.0325695250277507,5200,1.2
212,13,0.866666666666667,6,20,hold,0.249945913385791,0.000786720798384608,0.000788283406645848,0.000818954964486853,0.000993482769210709,0.99756664444682,0.31486907386613,3.72414501245005e-06,3.72548108856091e-06,5.07525054987071e-05,5.07525054987071e-05,0.180477235773431,15,2,0.522070605422486,0.0401786000685362,0.0623795647112599,5200,1.2
213,13,0.866666666666667,6,20,hold,0.674500413219376,0.000109807399610984,0.00032566092691112,0.000179918377975822,0.000201851621068049,0.999835702584387,0.665747727344875,1.13760781164651e-07,1.21814228573602e-07,7.3852642919614e-06,7.3852642919614e-06,0.180477235773431,15,2,0.379777910142761,0.0179541782339612,0.0346373905689656,5200,1.2
214,13,0.866666666666667,6,20,hold,0.467051609443533,0.00327646049381056,0.00346414240112262,0.00190797361139076,0.0027408068795585,0.99324040333499,0.478817983643084,-1.28369321616695e-06,1.3206265599558e-06,-1.04008468226729e-05,1.07644451401606e-05,0.180477235773431,15,2,0.395573886290567,0.0598844009020148,0.0990164672620013,5200,1.2
215,13,0.866666666666667,6,20,hold,0.445369691392905,0.00184814932910714,0.00184814932910714,0.00424025806616507,0.00424768591527969,0.994483095999082,0.320976227624303,8.43262457443095e-06,8.44091920222667e-06,0.000218468813266744,0.000218468813266744,0.180477235773431,15,2,0.522034826595359,0.0432854071750026,0.0564348834042088,5200,1.2
216,13,0.866666666666667,6,20,hold,0.847435176278389,0.000256080973429112,0.000280364911609549,0.00027826992817564,0.000362252120532401,0.999717787879797,0.905626408962192,6.21785995448543e-07,6.91381377392053e-07,3.69674537246645e-05,3.69674537246645e-05,0.180477235773431,15,2,0.49428282705473,0.0162368926368137,0.0343319060835716,5200,1.2
217,13,0.866666666666667,6,20,hold,0.358935008707022,0.000652790768299236,0.00083290223342429,-0.000622283726464741,0.00142176473970457,0.998642150371461,0.470519210940584,1.23965396358339e-06,1.24960620620229e-06,2.9681286033732e-05,2.9681286033732e-05,0.180477235773431,15,2,0.525461674605304,0.0407686556857851,0.0539679773101489,5200,1.2
218,13,0.866666666666667,6,20,hold,0.349844227102502,0.000292944858801961,0.000827813260556573,-0.000663545917928108,0.000952305487756294,0.999126968934514,0.326834670125995,7.40573647006748e-06,7.40661661036701e-06,8.28830236927852e-05,8.28830236927852e-05,0.180477235773431,15,2,0.346710476462207,0.0870859293931318,0.0386604342735472,5200,1.2
219,13,0.866666666666667,6,20,hold,0.496912445828087,-0.00201832788913637,0.00205695302434606,-0.00070459079072915,0.000811941297244686,1.00357798283452,0.561117024792434,-1.15918682171423e-06,1.34210104163479e-06,5.45884255984119e-07,2.60963233336631e-06,0.180477235773431,15,2,0.396316947192273,0.0377115859303309,0.0484505321028967,5200,1.2
220,13,0.866666666666667,6,20,hold,0.27818400380262,-4.57813706145893e-06,0.000744499145253594,-0.00130505299409034,0.00151967145690194,1.00001674835847,0.271775119268771,1.04817171347804e-05,1.04883271382472e-05,0.000167020409818668,0.000167020409818668,0.180477235773431,15,2,0.458649392656702,0.0421951261633747,0.0425149813394432,5200,1.2
221,13,0.866666666666667,6,20,hold,0.681133075162703,0.00126775157578878,0.00126782639872485,0.000922085161284492,0.00107552899784898,0.998269726582556,0.727926470075587,4.00481652018531e-06,4.00481652018531e-06,8.25373364077081e-05,8.25373364077081e-05,0.180477235773431,15,2,0.515230496337682,0.0350230150454917,0.0401996096966544,5200,1.2
222,13,0.866666666666667,6,20,hold,0.857428496491087,0.00258603315135156,0.00259317697693566,0.00501329337169432,0.00501329337169432,0.996878383408897,0.819552990199873,-2.62914334786257e-06,2.63131232414726e-06,0.000149380449512014,0.000152379073959222,0.180477235773431,15,2,0.53709129783304,0.069232499929839,0.0943728182447732,5200,1.2
223,13,0.866666666666667,6,20,hold,0.700443572975692,0.000149410484444817,0.000152535295084505,0.000536267879810409,0.000539628511074858,0.999806618190329,0.768181610809813,4.39928336787299e-07,4.39976939786702e-07,1.49072834634867e-05,1.49072834634867e-05,0.180477235773431,15,2,0.436333465363566,0.0157638988676308,0.0317869904757411,5200,1.2
224,13,0.866666666666667,6,20,hold,0.421163045800885,-0.001803065697498,0.0018216564105885,-0.00267850303784453,0.00267850303784453,1.00523104572464,0.342972701956247,3.19434712542366e-08,8.11973742359529e-07,-6.12839679873989e-05,6.16738686300439e-05,0.180477235773431,15,2,0.520660136871057,0.0716270275673696,0.137035614840238,5200,1.2
225,13,0.866666666666667,6,20,hold,0.373507593299514,0.00197128037420637,0.00198333936955902,0.000282828217264632,0.000482774030486001,0.995547174302902,0.438771640468793,2.3846874548622e-06,2.39685677245471e-06,3.72412543399869e-05,3.72412543399869e-05,0.180477235773431,15,2,0.363651841995419,0.0287542160034465,0.0433631132877586,5200,1.2
226,13,0.866666666666667,6,20,hold,0.583349788947039,-0.000528703136403802,0.000648308349181398,0.000117837516272381,0.000243731199673511,1.00097879910499,0.527711122883021,9.45519292405716e-07,9.45935029419975e-07,1.50074130191e-05,1.50074130191e-05,0.180477235773431,15,2,0.481107970660552,0.0364642729785802,0.0462617409180375,5200,1.2
227,13,0.866666666666667,6,20,hold,0.918427650421985,0.00106613575463007,0.0011583068394292,0.000199025252418349,0.00132517745782478,0.998800057305217,0.885541545758317,1.42750444196357e-05,1.43008556642357e-05,0.000258905018191724,0.000258905018191724,0.180477235773431,15,2,0.531939918041674,0.0472209326400895,0.0930644022653509,5200,1.2
228,13,0.866666666666667,6,20,hold,0.882977028523904,0.000588727702579189,0.000588727702579189,0.000463787716407515,0.00133007133902259,0.999344484683623,0.896306689500235,4.47740821421516e-07,8.88489293814076e-07,8.00054113963143e-05,8.00054113963143e-05,0.180477235773431,15,2,0.565130930402191,0.0305552343508293,0.0719376817440476,5200,1.2
229,13,0.866666666666667,6,20,hold,0.337913240441904,0.000370264639985721,0.000373087369871669,-0.000220599062333736,0.000389268760260674,0.99904861179593,0.382768613829375,2.01998001635173e-06,2.01998001635173e-06,1.90845547807084e-05,1.90845547807084e-05,0.180477235773431,15,2,0.383517862048713,0.022204624736906,0.0389362712316865,5200,1.2
230,13,0.866666666666667,6,20,hold,0.335910998664979,-0.000544332460903549,0.000554077106687509,-0.000799353868884902,0.000806497969852809,1.00145373096852,0.37407663818185,6.19347410465987e-07,6.19446224378595e-07,6.04981844129937e-06,6.04981844129937e-06,0.180477235773431,15,2,0.382023406907277,0.0191876804706607,0.0379517619790822,5200,1.2
201,13,0.866666666666667,6,20,kalman,0.255017339343908,0.00134137497191262,0.00142667623720878,0.0193049394973219,0.0193049394973219,0.992263447531161,0.168562928419847,-4.40650779163776e-06,4.40660937238158e-06,-5.90482100345666e-05,5.90482100345666e-05,0.180477235773431,15,2,0.465283100675192,0.0264823906249341,0.0429433797326169,5200,1.2
202,13,0.866666666666667,6,20,kalman,0.265746187490233,-0.000777395653209037,0.000906394157310722,-0.00108449375316504,0.00160255983353108,1.00295387519529,0.258895519428516,3.15965763495185e-06,3.16056231667583e-06,0.000101968622451952,0.000101968622451952,0.180477235773431,15,2,0.337143080339095,0.0379969290099997,0.0422063713159106,5200,1.2
203,13,0.866666666666667,6,20,kalman,0.210691349248003,0.00129499931161721,0.00129499931161721,0.00337052901515278,0.00337052901515278,0.993999331413097,0.20595711480956,-4.84416091586226e-06,4.84416091586226e-06,-3.85353588653564e-05,3.85353588653564e-05,0.180477235773431,15,2,0.400489430620771,0.0229049260852698,0.03877760292362,5200,1.2
204,13,0.866666666666667,6,20,kalman,0.359495153802557,-7.50372928813442e-06,0.000337377451957606,-0.000279396146926555,0.000727087294564522,1.00003386285945,0.21732804757524,-2.43486279964678e-07,2.50366334976493e-07,-6.07836732049004e-05,6.07836732049004e-05,0.180477235773431,15,2,0.578006820955355,0.0211353354235324,0.0450729363045959,5200,1.2
205,13,0.866666666666667,6,20,kalman,0.70015870254017,-0.000443953011462039,0.000443983813264526,-0.00423410600138306,0.00423410600138306,1.00066788579611,0.663160980404802,1.046460304341e-05,1.046460304341e-05,0.000196645424192587,0.000196645424192587,0.180477235773431,15,2,0.467942283103406,0.0338333826540269,0.0427515020844922,5200,1.2
206,13,0.866666666666667,6,20,kalman,0.704274218716452,0.000356262569340071,0.000373076993082966,-0.000503302653090292,0.000561380950558212,0.999442560309731,0.632840315319237,6.90295615790593e-07,6.90302935424381e-07,-2.97702239139419e-05,2.99888066200438e-05,0.180477235773431,15,2,0.436573121513751,0.0300495515810818,0.0450913552413001,5200,1.2
207,13,0.866666666666667,6,20,kalman,0.38959595460555,0.000389140076144665,0.00049398370642478,4.66489089113675e-06,0.000297669462355433,0.998924490952031,0.356159686217315,-3.49497770570362e-06,3.49564241349243e-06,-2.94629905381394e-05,2.94629905381394e-05,0.180477235773431,15,2,0.433830961859424,0.02195741557683,0.0430603743930247,5200,1.2
208,13,0.866666666666667,6,20,kalman,0.521825513218961,-0.00027028282073257,0.000634541109196796,-0.000444538391390602,0.000749855019934608,1.00048174851601,0.552874212172288,-4.49085925875725e-07,6.79860142867306e-07,-3.78938871800655e-06,3.8424211864177e-06,0.180477235773431,15,2,0.447535591804048,0.0606938189163996,0.0469177137996151,5200,1.2
209,13,0.866666666666667,6,20,kalman,0.757883941146569,0.00299977618960939,0.00299977618960939,-0.00366858480557943,0.00429641211200599,0.996286067477115,0.802788587784601,2.12385864318529e-05,2.12385864318529e-05,0.00020340177030359,0.00020340177030359,0.180477235773431,15,2,0.555940862468166,0.0464871149587379,0.0485422811603404,5200,1.2
210,13,0.866666666666667,6,20,kalman,0.698492318522336,0.000120822127769654,0.000843251736414158,0.00386551415897552,0.00390039404331357,0.999810389856029,0.630606919144289,1.90776859700717e-06,1.90776859700717e-06,2.05552468797579e-05,2.1771423292328e-05,0.180477235773431,15,2,0.558459660941247,0.0232386493840705,0.0490136459305326,5200,1.2
211,13,0.866666666666667,6,20,kalman,0.256447192560495,0.00144638525508499,0.00144640647640793,0.00227224077606482,0.00227224077606482,0.995394853600824,0.306151003841998,4.63661117127978e-06,4.63663952605942e-06,4.59473120167786e-05,4.59473120167786e-05,0.180477235773431,15,2,0.309661786883183,0.0505247207766195,0.0416207168322595,5200,1.2
212,13,0.866666666666667,6,20,kalman,0.249945913385791,0.00021039978601835,0.000472098066316007,0.000489405577295622,0.000654177717448894,0.999349225940452,0.314867913453259,-6.00606286663141e-07,6.52329278075237e-07,-2.09316661148834e-05,2.09316661148834e-05,0.180477235773431,15,2,0.521248676668762,0.0307954704511343,0.0380984414940588,5200,1.2
213,13,0.866666666666667,6,20,kalman,0.674500413219376,-0.00100100094123216,0.00100136341229083,-0.00534784631996946,0.00534784631996946,1.00149773028278,0.668438384355472,-4.48324567448033e-07,5.61837846491109e-07,-9.26668206478631e-05,9.26668206478631e-05,0.180477235773431,15,2,0.382567634981451,0.0288736563761187,0.0397219558044162,5200,1.2
214,13,0.866666666666667,6,20,kalman,0.467051609443533,-0.000445925440468942,0.000819260029550045,-0.00180203450218866,0.00181044185372871,1.0009199793881,0.478783047946741,-2.834415859021e-06,2.86963901463544e-06,2.28122194289448e-05,2.39328164738728e-05,0.180477235773431,15,2,0.395171017704023,0.0702305339907036,0.051046880144626,5200,1.2
215,13,0.866666666666667,6,20,kalman,0.445369691392905,-0.00199028868245,0.00218533736288637,-0.00413936218257002,0.00414277424307983,1.00594120367995,0.330303960439219,5.07482282052496e-06,5.07656496986641e-06,3.89209061863394e-05,3.89209061863394e-05,0.180477235773431,15,2,0.518820265308587,0.0370684012692363,0.0430235689360785,5200,1.2
216,13,0.866666666666667,6,20,kalman,0.847435176278389,-6.95421147492936e-05,9.39527235844284e-05,1.64592485821558e-05,0.000111503941262617,1.00007663836709,0.905612025417317,-7.46747661668767e-07,7.46747661668767e-07,9.9262162914171e-07,1.42715997643816e-06,0.180477235773431,15,2,0.495727259585303,0.0222544861428165,0.038753329516064,5200,1.2
217,13,0.866666666666667,6,20,kalman,0.358935008707022,-0.000169977578977418,0.000276005220781464,-0.000359617730169944,0.00055499376489602,1.0003535650375,0.470519077068983,-3.95486333673589e-07,3.95486333673589e-07,-6.88143586857648e-06,6.88143586857648e-06,0.180477235773431,15,2,0.524072400867039,0.036220116801903,0.0396269100006821,5200,1.2
218,13,0.866666666666667,6,20,kalman,0.349844227102502,0.000234588627871271,0.00100008904922107,-0.000669017176733231,0.00109204287798448,0.999300881535935,0.328266923676333,5.336271361292e-06,5.33990914552696e-06,6.69945448559395e-05,6.69945448559395e-05,0.180477235773431,15,2,0.338780509009805,0.115738719080787,0.0566523346836609,5200,1.2
219,13,0.866666666666667,6,20,kalman,0.496912445828087,-0.00116474905257039,0.00138053575226342,0.000826965002738904,0.00243028285632793,1.00206480430611,0.561117025645173,-6.3022709303362e-06,6.33530241933578e-06,-0.000136453136833643,0.000136453136833643,0.180477235773431,15,2,0.400227037640075,0.0419391778654877,0.0427259361393699,5200,1.2
220,13,0.866666666666667,6,20,kalman,0.27818400380262,0.00105479084948699,0.0010580335871799,0.000879016957523935,0.00100532973127996,0.99614122185117,0.267611297063979,5.39291248769502e-06,5.46255205974289e-06,5.25854426393183e-05,5.25854426393183e-05,0.180477235773431,15,2,0.458106284490483,0.0411323764482287,0.0420434388564059,5200,1.2
221,13,0.866666666666667,6,20,kalman,0.681133075162703,-0.000486416427650699,0.000546028610105137,0.00161704537642946,0.0016400001793764,1.00066387881557,0.728001212428666,-6.17395754322347e-07,6.76583179011481e-07,-6.38581262812815e-05,6.38581262812815e-05,0.180477235773431,15,2,0.515737361674993,0.0329025533640016,0.041070447777714,5200,1.2
222,13,0.866666666666667,6,20,kalman,0.857428496491087,0.00112872751643524,0.00119656863941541,0.00322635745942039,0.00323103712137603,0.998637506042683,0.82407339551938,-3.60556941274154e-06,3.60558643035386e-06,2.80612868741253e-05,4.55711528744485e-05,0.180477235773431,15,2,0.540772793820495,0.0535965186882099,0.0519958416031034,5200,1.2
223,13,0.866666666666667,6,20,kalman,0.700443572975692,-8.32308607075727e-05,0.000106079546311666,-0.00037892590221079,0.000397634200107154,1.00010772560255,0.768183714483532,4.62195314882008e-08,1.42160052815643e-07,-1.38061633608111e-05,1.38061633608111e-05,0.180477235773431,15,2,0.43487528627448,0.0178667339575273,0.0409741624014694,5200,1.2
224,13,0.866666666666667,6,20,kalman,0.421163045800885,0.000317276878666925,0.000687131643285768,0.00145462147663143,0.00153366349884597,0.999079517811259,0.340385201110823,-1.47930704518101e-06,1.92537543697718e-06,-8.89998226365296e-05,8.89998226365296e-05,0.180477235773431,15,2,0.513007919886867,0.0421052218639958,0.0493135336491166,5200,1.2
225,13,0.866666666666667,6,20,kalman,0.373507593299514,0.00066808375616243,0.000691246859129135,0.00127046462950159,0.00145090925221724,0.998490899338228,0.440437659375572,4.32684453893772e-07,6.29830171361423e-07,-3.8195130131366e-05,3.8195130131366e-05,0.180477235773431,15,2,0.36315936963127,0.0267020996316816,0.039592977793776,5200,1.2
226,13,0.866666666666667,6,20,kalman,0.583349788947039,0.000174636277440093,0.000463879862602207,0.000240286014088186,0.000310549452330785,0.999676692229934,0.527711835435474,9.63049570980312e-07,1.59202270769571e-06,1.89218706582708e-05,1.89218706582708e-05,0.180477235773431,15,2,0.481245900071326,0.0302301391600889,0.0381445439556929,5200,1.2
227,13,0.866666666666667,6,20,kalman,0.918427650421985,0.00209255821700906,0.00209338914542123,-0.000678106619944677,0.00178591819245655,0.997644812177996,0.884875562338085,5.83738404589806e-06,5.88259813811554e-06,0.000169773933685276,0.000169773933685276,0.180477235773431,15,2,0.532556256017884,0.0688843313588445,0.0595629633378625,5200,1.2
228,13,0.866666666666667,6,20,kalman,0.882977028523904,9.96062193111213e-05,0.000108173037232684,-0.000185886289771721,0.000458429087411255,0.999889094054724,0.896855665261542,-5.92103798199156e-07,5.99384434709499e-07,7.00395153241852e-05,7.01891886429297e-05,0.180477235773431,15,2,0.56288727512232,0.0277723458966474,0.0494936475590526,5200,1.2
229,13,0.866666666666667,6,20,kalman,0.337913240441904,0.00056203815035562,0.00056389122778952,4.01845212724733e-05,0.000208175987783435,0.99855585327698,0.382820567377584,1.17033766771357e-06,1.18289008834427e-06,1.72716229484893e-06,2.06806540953175e-06,0.180477235773431,15,2,0.383248055546807,0.0209730160523742,0.0385915567157298,5200,1.2
230,13,0.866666666666667,6,20,kalman,0.335910998664979,-0.000594235474851859,0.000614880252674568,-0.000717417045898189,0.000729699697181985,1.00158700532199,0.372650870074857,-2.87540874790992e-07,4.96415584164134e-07,-7.97263830404349e-06,7.97263830404349e-06,0.180477235773431,15,2,0.38080307980652,0.0173046274283027,0.0383538221073021,5200,1.2
201,13,0.866666666666667,6,20,kalman-gm,0.255017339343908,-8.20565145562835e-06,0.000393636701239239,0.0185629081793078,0.0185629081793078,1.0000473271489,0.170373089091619,1.34060092550625e-06,1.69878238202859e-06,1.01951648803211e-05,1.30590801987124e-05,0.180477235773431,15,2,0.466056606627635,0.0156577721748282,0.0276437836763472,5200,1.2
202,13,0.866666666666667,6,20,kalman-gm,0.265746187490233,-0.00167092425102529,0.00177295595964239,-0.00529418995965082,0.00529418995965082,1.00634902147696,0.258878594694454,4.80966385443815e-06,4.80966385443815e-06,0.000167899957587277,0.000167899957587277,0.180477235773431,15,2,0.336040361356399,0.038559233184369,0.03178339528134,5200,1.2
203,13,0.866666666666667,6,20,kalman-gm,0.210691349248003,0.00144495028261306,0.00144684659470096,0.00277665152871779,0.00278711649100272,0.993304500092988,0.206560451752363,-4.854887337645e-06,4.86951914678152e-06,-4.24396635197397e-05,4.24396635197397e-05,0.180477235773431,15,2,0.403616387369251,0.0156939631434086,0.0261063759544378,5200,1.2
204,13,0.866666666666667,6,20,kalman-gm,0.359495153802557,-0.00163290172702084,0.0016410000815589,0.000177850825202088,0.000951810663816798,1.007368965425,0.218336803346405,4.60194612036113e-06,4.60196372687183e-06,4.94920884729173e-05,4.94920884729173e-05,0.180477235773431,15,2,0.578134845338912,0.0236292539264494,0.0499025940818578,5200,1.2
205,13,0.866666666666667,6,20,kalman-gm,0.70015870254017,0.000172909172507396,0.000208986588828863,0.0016524957041685,0.0016796066631339,0.999739874316983,0.661511972876074,-6.18312794380682e-06,6.18315202465802e-06,-7.93475568825047e-05,7.93475568825047e-05,0.180477235773431,15,2,0.467445619024332,0.0367377259726235,0.0301173557059182,5200,1.2
206,13,0.866666666666667,6,20,kalman-gm,0.704274218716452,0.000451875032251275,0.000485961651573669,0.000194327898267551,0.000466490470506319,0.999292956656982,0.634546390092205,3.36722215014129e-06,3.36722909260456e-06,4.99566848378041e-05,4.99566848378041e-05,0.180477235773431,15,2,0.439056067895285,0.0359512114029596,0.0542883577763007,5200,1.2
207,13,0.866666666666667,6,20,kalman-gm,0.38959595460555,0.000259548573457472,0.000277904548832372,5.18334510816087e-05,6.6073769576952e-05,0.999282657181171,0.356404040705972,-3.93830909296844e-07,4.2631890641992e-07,3.94992163550212e-06,4.00966146724246e-06,0.180477235773431,15,2,0.432612645572734,0.0223979373458918,0.033190605483799,5200,1.2
208,13,0.866666666666667,6,20,kalman-gm,0.521825513218961,0.000583376999611129,0.000622964355663025,0.0014869551719764,0.00148704107009216,0.998960196570847,0.552680383514718,3.03116455708519e-06,3.531418817318e-06,6.0255240640148e-05,6.0255240640148e-05,0.180477235773431,15,2,0.445862396654809,0.0583249670031797,0.0321487141471691,5200,1.2
209,13,0.866666666666667,6,20,kalman-gm,0.757883941146569,0.00355847873173036,0.00355847873173036,-0.00405133598747718,0.00537783865058848,0.995594354692345,0.800874746991722,2.34899628580018e-05,2.34899628580018e-05,0.000288391815999446,0.000288391815999446,0.180477235773431,15,2,0.556726819805051,0.0485318344424793,0.0418360218833862,5200,1.2
210,13,0.866666666666667,6,20,kalman-gm,0.698492318522336,0.000162917887566427,0.000762690057690518,0.00353816742280425,0.00353816742280425,0.9997443275939,0.631750872794013,5.5779929800194e-06,5.5779929800194e-06,7.80870503132067e-05,7.80870503132067e-05,0.180477235773431,15,2,0.558410231305998,0.0200063979418149,0.0397674533995747,5200,1.2
211,13,0.866666666666667,6,20,kalman-gm,0.256447192560495,3.98466372025841e-05,7.70812057760362e-05,0.000194855119183688,0.000476262285102402,0.99987313228119,0.306149977601477,1.22580611072731e-07,1.33575930200136e-07,1.06514009860376e-05,1.06514009860376e-05,0.180477235773431,15,2,0.311591609894182,0.0406601400118233,0.0208335247499636,5200,1.2
212,13,0.866666666666667,6,20,kalman-gm,0.249945913385791,0.000801678554514237,0.000904223204133783,0.000310936555906968,0.000836450290550144,0.9975203795724,0.314867233185961,5.55727535077599e-06,5.55778927692208e-06,5.59020694574741e-05,5.59020694574741e-05,0.180477235773431,15,2,0.515833434663238,0.0334994857099382,0.0277942876780379,5200,1.2
213,13,0.866666666666667,6,20,kalman-gm,0.674500413219376,0.000179242511834554,0.000268400977991023,8.11501677069226e-05,9.81328054380781e-05,0.999731811502989,0.665747728992501,1.74730613616836e-08,8.6259036205516e-08,3.45261094193861e-06,3.45261094193861e-06,0.180477235773431,15,2,0.380978148163142,0.0183954284861975,0.0198956454551587,5200,1.2
214,13,0.866666666666667,6,20,kalman-gm,0.467051609443533,-6.28975394219966e-05,0.00114568718768563,-0.00261563790986083,0.00287328409635034,1.00012976258939,0.480295392844235,2.4694961451327e-06,2.47244314318384e-06,-2.11287662707971e-05,2.23203113315829e-05,0.180477235773431,15,2,0.395150098027512,0.0750712795840818,0.0500802758129635,5200,1.2
215,13,0.866666666666667,6,20,kalman-gm,0.445369691392905,1.42988530998561e-05,0.000435110398398789,0.000553815803199543,0.00108350625716003,0.999957316544376,0.325057204344972,2.67382699241647e-06,2.67895504859061e-06,7.74867183991945e-05,7.74867183991945e-05,0.180477235773431,15,2,0.520867496020577,0.0303110026280239,0.026454071032191,5200,1.2
216,13,0.866666666666667,6,20,kalman-gm,0.847435176278389,0.000134041105958338,0.000161610947893431,0.000156099315950958,0.000256804059247834,0.999852281002371,0.905605675089051,6.79659604291283e-09,4.20863472359867e-07,2.15412277749077e-05,2.15412277749077e-05,0.180477235773431,15,2,0.495134947766725,0.0115861432571984,0.0196386996387066,5200,1.2
217,13,0.866666666666667,6,20,kalman-gm,0.358935008707022,6.70638766546633e-05,0.000214654154339031,-0.00171758147267477,0.00176820972788437,0.999860502530939,0.470513379376734,4.20519595895064e-08,1.11416003753528e-07,-2.21437802915891e-06,3.49752657492652e-06,0.180477235773431,15,2,0.525117087544578,0.0289354156121383,0.0224094945124951,5200,1.2
218,13,0.866666666666667,6,20,kalman-gm,0.349844227102502,-6.77735768046916e-05,0.00102716029721737,-0.000746844091545398,0.00114755069874617,1.00020197807264,0.328450302172152,6.77782971346685e-06,6.78059267437692e-06,7.45329944648004e-05,7.45329944648004e-05,0.180477235773431,15,2,0.333169551513798,0.129370640067209,0.0512183102635424,5200,1.2
219,13,0.866666666666667,6,20,kalman-gm,0.496912445828087,-0.00225845574575985,0.00225845582160841,-0.000684047271848713,0.0007665307866442,1.00400366854878,0.561117027281046,-3.27019678237339e-06,3.27019678237339e-06,-2.37507129393916e-05,2.37507129393916e-05,0.180477235773431,15,2,0.398768943000744,0.0337503129626891,0.0241363343617118,5200,1.2
220,13,0.866666666666667,6,20,kalman-gm,0.27818400380262,0.000136355252033918,0.00075360629747909,-0.000647164886902877,0.00105629436742422,0.999501166826312,0.27162343855783,8.88258315694945e-06,8.88455721773096e-06,0.000127507522413021,0.000127507522413021,0.180477235773431,15,2,0.458712057734332,0.0326448314099454,0.0197020096810079,5200,1.2
221,13,0.866666666666667,6,20,kalman-gm,0.681133075162703,-3.28027990657287e-05,0.000471095009982719,-0.000101441444764687,0.00033139504717977,1.00004477045213,0.727967163998378,5.64448077818025e-07,5.64448077818025e-07,1.49839029573542e-05,1.49839029573542e-05,0.180477235773431,15,2,0.515873944603047,0.0251453531149955,0.0211545863681479,5200,1.2
222,13,0.866666666666667,6,20,kalman-gm,0.857428496491087,0.00161666390661225,0.00169947900762583,0.00480489284578822,0.00480489284578822,0.998048515012083,0.821451613458352,-4.17036922655267e-06,4.17038414525228e-06,0.000123103113359476,0.0001313916772958,0.180477235773431,15,2,0.540840238452886,0.0549752674347894,0.048600126732155,5200,1.2
223,13,0.866666666666667,6,20,kalman-gm,0.700443572975692,-2.86055102241223e-05,5.19185993364202e-05,-5.43343767113891e-05,0.000113259652961328,1.00003702407735,0.768183967433929,1.31759483515403e-07,1.32782573156187e-07,1.28842038715049e-06,1.28842038715049e-06,0.180477235773431,15,2,0.435928918508701,0.00904775831505363,0.0183367183364211,5200,1.2
224,13,0.866666666666667,6,20,kalman-gm,0.421163045800885,-0.000727734441918196,0.000852017983417838,-0.000530007588475059,0.000583301447841292,1.00211129974152,0.342548529922486,6.98638038924837e-07,7.31880050679201e-07,-2.15078795534474e-05,2.15231208886607e-05,0.180477235773431,15,2,0.516475685396213,0.045012012161536,0.0636365572816935,5200,1.2
225,13,0.866666666666667,6,20,kalman-gm,0.373507593299514,0.00123687383665192,0.0012502036208654,3.58631699735173e-05,0.000129434577884794,0.997206088146579,0.440434233436927,2.17841688121556e-06,2.22753414605426e-06,1.27328844305585e-05,1.27328844305585e-05,0.180477235773431,15,2,0.363584918014923,0.0197715024789592,0.0221635685197807,5200,1.2
226,13,0.866666666666667,6,20,kalman-gm,0.583349788947039,-0.0002165573447311,0.000287416120744538,0.000173624344892006,0.000240071985516924,1.00040091711323,0.527715719379054,2.26279670014484e-06,2.28912506620715e-06,1.54913176652619e-05,1.54913176652619e-05,0.180477235773431,15,2,0.481136693618614,0.0257460294143915,0.022616291819199,5200,1.2
227,13,0.866666666666667,6,20,kalman-gm,0.918427650421985,0.00141368884651281,0.00143610222812633,0.000480639579331656,0.00123619300036296,0.998408884049989,0.88478351620417,1.31329222391313e-06,1.47596994161253e-06,7.6599527902878e-05,7.6599527902878e-05,0.180477235773431,15,2,0.533742990734546,0.0524706434028544,0.0580112044864984,5200,1.2
228,13,0.866666666666667,6,20,kalman-gm,0.882977028523904,-2.05045540769333e-05,6.93857387145724e-05,0.000204820656824826,0.000270556033761081,1.0000228306723,0.896984029490183,-1.02350441110871e-06,1.02350441110871e-06,8.19496206047932e-06,8.85557210836802e-06,0.180477235773431,15,2,0.563832769651795,0.0223389341277007,0.0299803343603458,5200,1.2
229,13,0.866666666666667,6,20,kalman-gm,0.337913240441904,0.00039617251292462,0.000458087330373957,2.56058971132306e-05,0.000149359540995443,0.998982041991404,0.382881145537037,1.77973378786556e-06,1.79864401126384e-06,1.12909280005424e-05,1.12909280005424e-05,0.180477235773431,15,2,0.382380479888239,0.0152389565602735,0.0218801508023869,5200,1.2
230,13,0.866666666666667,6,20,kalman-gm,0.335910998664979,-0.000172603395962462,0.000173710082452216,-0.000762222877628745,0.000763713334287117,1.00046096626603,0.372739177784596,1.09813019630312e-07,1.13112413671623e-07,1.48720672791147e-06,1.79264513846311e-06,0.180477235773431,15,2,0.38000921349628,0.0143301005441697,0.020601210584827,5200,1.2
201,13,0.866666666666667,6,20,mean,0.255017339343908,0.00132460008613203,0.00143156063308699,0.0194246740986325,0.0194246740986325,0.992360198839869,0.167473961797399,-3.78751179329062e-06,3.78759056438582e-06,-5.43837384822168e-05,5.43837384822168e-05,0.180477235773431,15,2,0.465963217203823,0.0264850840642268,0.0429433797326042,5200,1.2
202,13,0.866666666666667,6,20,mean,0.265746187490233,-0.00101976620253139,0.00112800793028466,-0.00128032792413504,0.00168275649521748,1.00387481210915,0.258901359145085,3.41816903620951e-06,3.41943926127908e-06,0.000109595110937333,0.000109595110937333,0.180477235773431,15,2,0.337633941782622,0.037995629683163,0.0422056791566874,5200,1.2
203,13,0.866666666666667,6,20,mean,0.210691349248003,0.00130646447310936,0.00130646447310936,0.00319904459006681,0.00319904459006681,0.993946205026239,0.205568175354303,-4.91812248719914e-06,4.91812248719914e-06,-3.91473029929773e-05,3.91473029929773e-05,0.180477235773431,15,2,0.401081508606042,0.0229053520916315,0.0387783581120407,5200,1.2
204,13,0.866666666666667,6,20,mean,0.359495153802557,-9.16976022118529e-05,0.000259288652482491,0.000254160382631374,0.000847816552979629,1.00041381330491,0.217541406215363,2.02652414571514e-08,1.94367300476728e-07,-9.99196157872334e-06,2.04225045138612e-05,0.180477235773431,15,2,0.578890613770621,0.0211356737359822,0.0450729360333799,5200,1.2
205,13,0.866666666666667,6,20,mean,0.70015870254017,-0.000419572437567772,0.000419605011355495,-0.00418850279070944,0.00418850279070944,1.00063120750227,0.662991589103898,1.04832907556002e-05,1.04832907556002e-05,0.000196232312811072,0.000196232312811072,0.180477235773431,15,2,0.468646380766064,0.0338337937621903,0.0427507421852824,5200,1.2
206,13,0.866666666666667,6,20,mean,0.704274218716452,0.000355021730119542,0.000366549766902935,-0.000232182395083496,0.000351554624483281,0.999444501835701,0.632823331593634,6.39577441721717e-07,6.39584810144256e-07,-6.50860628375882e-06,1.13801978741973e-05,0.180477235773431,15,2,0.437225997488264,0.0300499779091256,0.0450911942407869,5200,1.2
207,13,0.866666666666667,6,20,mean,0.38959595460555,0.000543854393672311,0.000549608712501404,0.000182998693995365,0.000228379545240435,0.998496890048007,0.356031086363575,-3.89020286538505e-06,3.89088992823611e-06,-1.41331010538889e-05,1.41331010538889e-05,0.180477235773431,15,2,0.434518499362332,0.0219601202413014,0.0430579749773772,5200,1.2
208,13,0.866666666666667,6,20,mean,0.521825513218961,-0.000327036083152837,0.000628191800277372,-0.000530523248472468,0.000785835031929647,1.00058290477846,0.552874075761851,-5.06734381847118e-07,7.8524282823289e-07,1.3820105706247e-06,2.33622837247927e-06,0.180477235773431,15,2,0.448225330731226,0.0606942403131445,0.0469284045553544,5200,1.2
209,13,0.866666666666667,6,20,mean,0.757883941146569,0.00289550651070576,0.00289550651070576,-0.00343201591715684,0.00417920217939251,0.996415160625121,0.803558886134581,1.99983933724557e-05,1.99983933724557e-05,0.000198247130316332,0.000198247130316332,0.180477235773431,15,2,0.556761920260006,0.0464756823462677,0.048634850806395,5200,1.2
210,13,0.866666666666667,6,20,mean,0.698492318522336,6.19840954314166e-05,0.000794409581879435,0.00371338006141821,0.00376919695803882,0.999902726317806,0.631142302239419,2.06967496471158e-06,2.06967496471158e-06,4.39647327352749e-05,4.39647327352749e-05,0.180477235773431,15,2,0.559281556815072,0.0232392970429269,0.0490161782643588,5200,1.2
211,13,0.866666666666667,6,20,mean,0.256447192560495,0.00146241678578328,0.00146243868866886,0.00249851329747093,0.00249851329747093,0.995343810805961,0.306151010657625,4.64912454571365e-06,4.6491533657711e-06,4.01157303313071e-05,4.01157303313071e-05,0.180477235773431,15,2,0.31014028002669,0.0505247068599799,0.0416212610925688,5200,1.2
212,13,0.866666666666667,6,20,mean,0.249945913385791,0.000217137939130213,0.000467232409161566,0.000442516057346664,0.000584302675120531,0.999328384592001,0.3148680023583,-3.98901669382279e-07,4.57681532667342e-07,-1.34561354955862e-05,1.34561354955862e-05,0.180477235773431,15,2,0.522009817992343,0.0307953629711849,0.0380984858282201,5200,1.2
213,13,0.866666666666667,6,20,mean,0.674500413219376,-0.000893778936918255,0.000894130211770061,-0.0053420264789414,0.0053420264789414,1.00133730122,0.667185107859243,-3.32100515709755e-07,4.68078760962332e-07,-9.09099573975969e-05,9.09099573975969e-05,0.180477235773431,15,2,0.383135703632808,0.0288737848502955,0.0397220785670731,5200,1.2
214,13,0.866666666666667,6,20,mean,0.467051609443533,-0.000452103680426175,0.000818981981073602,-0.00179532741697719,0.00180052394023237,1.00093272558489,0.478783343582638,-2.93259608371288e-06,2.96769098633021e-06,2.10928744233113e-05,2.22890104726375e-05,0.180477235773431,15,2,0.395777698789672,0.070230313860536,0.0510468788412499,5200,1.2
215,13,0.866666666666667,6,20,mean,0.445369691392905,-0.00187222052522628,0.00208566379849488,-0.0038853152311851,0.00388970814668104,1.00558875884299,0.330216136372794,5.40072277846193e-06,5.40254661269002e-06,4.24683630178596e-05,4.24683630178596e-05,0.180477235773431,15,2,0.519595177377279,0.0370705353062011,0.043023609010211,5200,1.2
216,13,0.866666666666667,6,20,mean,0.847435176278389,-2.35178598045227e-05,5.25235644558752e-05,0.000112392079053382,0.000122894249199005,1.00002591768138,0.905612413929423,-6.95527588973066e-07,6.95527588973066e-07,9.38291256637469e-07,1.44896648854975e-06,0.180477235773431,15,2,0.496484503773481,0.0222546551617364,0.0387527429077794,5200,1.2
217,13,0.866666666666667,6,20,mean,0.358935008707022,-0.000154397329797037,0.000290083852540798,-0.000218032022815892,0.000443050857522075,1.00032115704923,0.47051904681644,-3.87116929717601e-07,3.87116929717601e-07,-9.90740213143215e-06,9.90740213143215e-06,0.180477235773431,15,2,0.524899639348611,0.0362203845483165,0.0396269540430771,5200,1.2
218,13,0.866666666666667,6,20,mean,0.349844227102502,0.000285955644198443,0.000980471291445556,-0.000635193899465092,0.00106897605799424,0.999147798115464,0.328128095551487,5.26743284297859e-06,5.27103233158022e-06,6.57170187201678e-05,6.57170187201678e-05,0.180477235773431,15,2,0.339276240427383,0.115738682517209,0.0566525892877499,5200,1.2
219,13,0.866666666666667,6,20,mean,0.496912445828087,-0.00103727537298217,0.00124820857244991,0.000984482305519977,0.00229946799227136,1.00183882584152,0.561117025609163,-6.11115326631384e-06,6.1396230993549e-06,-0.000135118948951242,0.000135118948951242,0.180477235773431,15,2,0.400857642000104,0.0419400223330783,0.0427259361369541,5200,1.2
220,13,0.866666666666667,6,20,mean,0.27818400380262,0.0011299894404285,0.00113329600094243,0.000925319362301375,0.000997625534979594,0.995866120223498,0.26793923865293,5.78805184011655e-06,5.85731956569413e-06,5.64007146615403e-05,5.64007146615403e-05,0.180477235773431,15,2,0.45879631387332,0.0411331429703929,0.0420434388498077,5200,1.2
221,13,0.866666666666667,6,20,mean,0.681133075162703,-0.000350786214021159,0.000479368146407588,0.00160992774042089,0.00165580705899502,1.00047876577156,0.728001854139403,-9.59240266246164e-08,4.38428839613647e-07,-5.8461288391401e-05,5.8461288391401e-05,0.180477235773431,15,2,0.516506888651597,0.0329024541461148,0.0410601711129273,5200,1.2
222,13,0.866666666666667,6,20,mean,0.857428496491087,0.00107875758065429,0.00114513565461066,0.00288715702093916,0.00289524430116412,0.998697825060832,0.82432396879318,-3.52425289726066e-06,3.52426981362064e-06,8.30920815640138e-05,8.68160101740742e-05,0.180477235773431,15,2,0.541572619888399,0.0535988197363675,0.0519937473156595,5200,1.2
223,13,0.866666666666667,6,20,mean,0.700443572975692,-3.79200646644928e-05,6.26169110743702e-05,-0.000354574090379383,0.000365293908340925,1.00004907989392,0.768183707380343,4.96370284541747e-08,1.24783757210478e-07,-1.32819348494806e-05,1.32819348494806e-05,0.180477235773431,15,2,0.435500949381704,0.0178666347229783,0.0409741238955732,5200,1.2
224,13,0.866666666666667,6,20,mean,0.421163045800885,0.000297501333538289,0.000658780134914597,0.00144392621435052,0.00151627175120207,0.999136890529813,0.340380579978318,-7.18086256137895e-07,1.4603055386947e-06,-8.6975935092902e-05,8.6975935092902e-05,0.180477235773431,15,2,0.513750269005517,0.042105151712142,0.0493135336671191,5200,1.2
225,13,0.866666666666667,6,20,mean,0.373507593299514,0.000636707058552072,0.000713552062171452,-4.55015098482597e-05,0.000142174896312549,0.998561774576087,0.440437756108573,7.73996638672725e-07,9.37206885717745e-07,6.15812441845387e-07,1.29132368221208e-06,0.180477235773431,15,2,0.363688363557489,0.0267019964750789,0.0395910798200458,5200,1.2
226,13,0.866666666666667,6,20,mean,0.583349788947039,0.000142690756273672,0.000438740128528242,0.000222447318191676,0.000290101095240105,0.999735833637225,0.527712241124519,1.08840826116979e-06,1.68817415113626e-06,1.81575609437518e-05,1.81575609437518e-05,0.180477235773431,15,2,0.48195329966377,0.0302299626207507,0.038144543955656,5200,1.2
227,13,0.866666666666667,6,20,mean,0.918427650421985,0.00213420232946631,0.00213499584807242,-0.000787656555869538,0.00188288186699405,0.997597941459791,0.884689080123204,6.40807953066203e-06,6.45338364465287e-06,0.000182612872084944,0.000182612872084944,0.180477235773431,15,2,0.533355070838569,0.0688948668427511,0.0596030324927488,5200,1.2
228,13,0.866666666666667,6,20,mean,0.882977028523904,0.000121633082716899,0.00012628595302403,-3.42745193035077e-05,0.000470255429168496,0.999864568376263,0.896608088906375,-6.53892631367198e-07,6.61063591986949e-07,5.43400426766479e-05,5.47587317875649e-05,0.180477235773431,15,2,0.563731725380898,0.0277781710252686,0.0494936475590526,5200,1.2
229,13,0.866666666666667,6,20,mean,0.337913240441904,0.000550917384207689,0.000563096621435888,8.51732226513741e-05,0.000223883846458492,0.998584427881711,0.382819432705803,1.28775935445413e-06,1.28775935445413e-06,7.84296164879628e-06,7.84296164879628e-06,0.180477235773431,15,2,0.383786415696805,0.0209727332329509,0.0385915634623943,5200,1.2
230,13,0.866666666666667,6,20,mean,0.335910998664979,-0.000684581106052326,0.000690570184199277,-0.000722383340667861,0.000728300885566231,1.0018282884557,0.372651392003891,-5.46541408186219e-08,2.60068152130311e-07,-6.24994179785454e-06,6.24994179785454e-06,0.180477235773431,15,2,0.381402361676849,0.0173041502668161,0.038327490869239,5200,1.2
201,13,0.866666666666667,6,20,none,0.255017339343908,0.0049650283408678,0.00510071453336964,0.031290766497336,0.031290766497336,0.971363561216872,0.165678144037919,-3.81843849544178e-05,3.81843849544178e-05,-0.000448953258191277,0.000448953258191277,0.0240636314364575,2,2,0.733495396474992,NaN,NaN,0,1.2
202,13,0.866666666666667,6,20,none,0.265746187490233,0.00202213812469024,0.00222031488714974,0.00163235190820015,0.00345683217476346,0.992316468939181,0.259037503885779,2.39729378482462e-05,2.40183522412812e-05,0.0005355027610943,0.0005355027610943,0.0240636314364575,2,2,0.57806900565497,NaN,NaN,0,1.2
203,13,0.866666666666667,6,20,none,0.210691349248003,-0.00785505724823582,0.00785505724823582,-0.0196453283014559,0.0196453283014559,1.03639816241983,0.222016439306105,6.14737674924024e-05,6.14737674924024e-05,0.000629309901819012,0.000629309901819012,0.0240636314364575,2,2,0.535470065007497,NaN,NaN,0,1.2
204,13,0.866666666666667,6,20,none,0.359495153802557,-0.00392099151329849,0.0040464797880911,0.0140361071952618,0.0144692085685389,1.01769466613642,0.224150345956785,9.20020636388352e-05,9.20020636388352e-05,0.00154282086019438,0.00154282086019438,0.0240636314364575,2,2,0.748503945764554,NaN,NaN,0,1.2
205,13,0.866666666666667,6,20,none,0.70015870254017,-0.00130585185996867,0.00133596909885109,-0.0172175945022342,0.0172175945022342,1.00196453202608,0.665108782206202,-4.40541223773044e-06,4.40708289368291e-06,0.000124488118707702,0.000124488118707702,0.0240636314364575,2,2,0.772709219145733,NaN,NaN,0,1.2
206,13,0.866666666666667,6,20,none,0.704274218716452,-0.00104840923987726,0.00162811066755197,-0.00125539746595379,0.0022018486879678,1.00164043313064,0.639313747272376,2.68176668230313e-05,2.72852027958181e-05,0.000247570103557625,0.000247570103557625,0.0240636314364575,2,2,0.6199416186111,NaN,NaN,0,1.2
207,13,0.866666666666667,6,20,none,0.38959595460555,-0.00892683220292135,0.00892683220292135,-0.000263346736389399,0.00395442533370315,1.02467206384669,0.369388445815389,5.65172776357523e-05,5.65172776357523e-05,0.000396142603259191,0.000396142603259191,0.0240636314364575,2,2,0.69199306065527,NaN,NaN,0,1.2
208,13,0.866666666666667,6,20,none,0.521825513218961,0.00764580414720461,0.00764580414720461,0.0125412585156188,0.0188150280614053,0.986372220063191,0.552299058261078,4.32964339097217e-05,4.33845313367529e-05,0.00123420155583112,0.00123420155583112,0.0240636314364575,2,2,0.639884949584641,NaN,NaN,0,1.2
209,13,0.866666666666667,6,20,none,0.757883941146569,0.00356119103568205,0.00359722899006506,-0.0177284049749892,0.017754103218361,0.995590996670539,0.802315091399097,0.000187503704914631,0.000187503704914631,0.00182523447697811,0.00182523447697811,0.0240636314364575,2,2,0.731945390544463,NaN,NaN,0,1.2
210,13,0.866666666666667,6,20,none,0.698492318522336,-0.00581739415101156,0.00582766299711691,-0.0173619007807559,0.0173619007807559,1.0091294282171,0.641881885371221,3.44477533255783e-05,3.45647297065751e-05,0.000133576310321922,0.000225715708766498,0.0240636314364575,2,2,0.789528085720794,NaN,NaN,0,1.2
211,13,0.866666666666667,6,20,none,0.256447192560495,0.00609340192711898,0.00610938154472654,0.0165257578887313,0.0165257578887313,0.980599215980148,0.305592454406133,4.31323502189107e-06,6.4887423988691e-06,1.93763812131825e-05,2.0841355998647e-05,0.0240636314364575,2,2,0.622059077212956,NaN,NaN,0,1.2
212,13,0.866666666666667,6,20,none,0.249945913385791,0.00408228146887477,0.00506865357455219,0.00751005136112775,0.00751005136112775,0.987373357482951,0.317474190786225,3.46797300208326e-05,3.46797300208326e-05,0.000364499423364882,0.000364499423364882,0.0240636314364575,2,2,0.725669571492608,NaN,NaN,0,1.2
213,13,0.866666666666667,6,20,none,0.674500413219376,-0.00296337598159595,0.0032124976207655,-0.00965548182750804,0.00965548182750804,1.00443389987369,0.668464051056553,-9.88174495271665e-06,1.02782836428561e-05,-0.000378843214403821,0.000378843214403821,0.0240636314364575,2,2,0.636584008999594,NaN,NaN,0,1.2
214,13,0.866666666666667,6,20,none,0.467051609443533,0.00479667172421434,0.00501243519843877,-0.00594414193776559,0.00947264404453954,0.990104087550758,0.477726732372968,7.06419853511192e-05,7.06419853511192e-05,0.000596205291451856,0.000596205291451856,0.0240636314364575,2,2,0.622547845585345,NaN,NaN,0,1.2
215,13,0.866666666666667,6,20,none,0.445369691392905,-0.00519531680465978,0.00523896604978535,-0.00608188094053903,0.00609490448883772,1.0155085217489,0.338404402579807,3.45151946142847e-05,3.45151946142847e-05,0.00051152567145538,0.00051152567145538,0.0240636314364575,2,2,0.650509233822069,NaN,NaN,0,1.2
216,13,0.866666666666667,6,20,none,0.847435176278389,0.00173788768057302,0.00173788768057302,0.00122392923291822,0.00493945520060941,0.998084773888345,0.904249274653427,7.49026825385482e-05,7.49026825385482e-05,0.000491917484354758,0.000495460168558234,0.0240636314364575,2,2,0.679434544128104,NaN,NaN,0,1.2
217,13,0.866666666666667,6,20,none,0.358935008707022,0.0109232330360871,0.0109232330360871,-0.00145235368820934,0.00831480950194502,0.977278925130731,0.467146793157182,2.17535115818984e-05,2.17535115818984e-05,0.000204818151398851,0.000204818151398851,0.0240636314364575,2,2,0.603537350687329,NaN,NaN,0,1.2
218,13,0.866666666666667,6,20,none,0.349844227102502,-0.00659223004558451,0.00659404234751909,-0.0180917510329308,0.0180917510329308,1.01964609191014,0.34105813609202,3.47373191435074e-05,3.4996401239501e-05,0.000246556902768509,0.000246556902768509,0.0240636314364575,2,2,0.664634921636154,NaN,NaN,0,1.2
219,13,0.866666666666667,6,20,none,0.496912445828087,0.00634458104944509,0.00634458104944509,0.00899811517673745,0.00899811517673745,0.9887526688754,0.555808903072476,3.92319544463421e-05,3.92319544463421e-05,0.000220846302315946,0.000220846302315946,0.0240636314364575,2,2,0.61417918130988,NaN,NaN,0,1.2
220,13,0.866666666666667,6,20,none,0.27818400380262,0.00131838326644544,0.00178987272519008,-0.00767522771882184,0.0078367816273691,0.995176912519845,0.271136856984959,1.29703540882709e-05,1.52120290553837e-05,0.000425847878781066,0.000425847878781066,0.0240636314364575,2,2,0.668890354169563,NaN,NaN,0,1.2
221,13,0.866666666666667,6,20,none,0.681133075162703,0.00312435039734267,0.00319667781138869,-9.2225371175847e-06,0.00165174081890111,0.995735773046909,0.728286481102597,6.99724280591743e-05,6.99724280591743e-05,0.00065702247073758,0.00065702247073758,0.0240636314364575,2,2,0.779031082229546,NaN,NaN,0,1.2
222,13,0.866666666666667,6,20,none,0.857428496491087,0.000688702492638266,0.000855332334782727,0.00672320721986499,0.00839074477737411,0.999168662966973,0.826442805332533,-6.61222503051118e-07,2.78649187531732e-06,-0.000697403098374765,0.000700972967330095,0.0240636314364575,2,2,0.792676979716191,NaN,NaN,0,1.2
223,13,0.866666666666667,6,20,none,0.700443572975692,0.00393343713874291,0.00393343713874291,-0.000932899501953988,0.00416589799639526,0.994908957059179,0.765738040593243,2.39590350545743e-05,2.39590350545743e-05,0.000325435346756122,0.000325435346756122,0.0240636314364575,2,2,0.735290615707723,NaN,NaN,0,1.2
224,13,0.866666666666667,6,20,none,0.421163045800885,0.00090579364643712,0.00114450267725669,-0.00784616940511056,0.0120098159264423,0.99737211573146,0.341640941257495,8.6755797469866e-05,8.67583396239532e-05,0.00126488496703947,0.00126488496703947,0.0240636314364575,2,2,0.680265556063171,NaN,NaN,0,1.2
225,13,0.866666666666667,6,20,none,0.373507593299514,0.00216615333315351,0.00251743217469008,0.00217266568400261,0.00246391199280245,0.995106985616085,0.437867653470338,5.70846121513424e-06,5.70846121513424e-06,-0.000111719300761611,0.000119116590709725,0.0240636314364575,2,2,0.666376311595222,NaN,NaN,0,1.2
226,13,0.866666666666667,6,20,none,0.583349788947039,-0.0185255875437028,0.0185255875437028,-0.0108900537383489,0.0108900537383489,1.03429680525554,0.555674916032394,7.10317374037442e-05,7.10317374037442e-05,0.000421665953269136,0.000421665953269136,0.0240636314364575,2,2,0.706350184986274,NaN,NaN,0,1.2
227,13,0.866666666666667,6,20,none,0.918427650421985,0.00542828803808664,0.00542828803808664,-0.00588793817332498,0.0099923045892785,0.993890426666407,0.882147708859907,7.72355240346051e-05,7.72355240346051e-05,0.00114731508680269,0.00114731508680269,0.0240636314364575,2,2,0.676576972925143,NaN,NaN,0,1.2
228,13,0.866666666666667,6,20,none,0.882977028523904,-0.00113060237832555,0.00123846678523993,-0.00358311451459285,0.00358311451459285,1.00125886241208,0.898085998443473,3.26729865584345e-05,3.26978473743127e-05,0.000344949389613301,0.000344949389613301,0.0240636314364575,2,2,0.627078720073742,NaN,NaN,0,1.2
229,13,0.866666666666667,6,20,none,0.337913240441904,0.000809028001130119,0.00260119935589436,0.0067319909063176,0.00678736822484545,0.997921217383688,0.384455269426206,6.38128996166554e-06,7.0862944499761e-06,0.000276198709358736,0.000276198709358736,0.0240636314364575,2,2,0.679511135154096,NaN,NaN,0,1.2
230,13,0.866666666666667,6,20,none,0.335910998664979,-0.000532268064113478,0.00125986416925021,-0.011251465009982,0.011251465009982,1.00142151097708,0.372645795745259,3.43787776668214e-06,3.76270420574532e-06,-0.000431167483785563,0.000435320543556431,0.0240636314364575,2,2,0.658463329636143,NaN,NaN,0,1.2
201,13,0.866666666666667,10.2,34,hold,0.255017339343908,-0.00178367910696484,0.00216330408966721,-0.000360640907654614,0.00236602948273154,1.01031476888221,0.171476497925657,2.21809175627242e-05,2.2646625220962e-05,0.00019043546041812,0.00019043546041812,0.180477235773431,15,2,0.468559242602718,0.0503041696573318,0.0989234108911894,8840,1.2
202,13,0.866666666666667,10.2,34,hold,0.265746187490233,0.00160225643799038,0.00205828081147951,0.00457371086416006,0.00481622442206367,0.993928757968168,0.258719030448952,1.73504303566059e-05,1.73506482454762e-05,0.000214846190190984,0.000214846190190984,0.180477235773431,15,2,0.343598332740614,0.0586489951739759,0.100997085812957,8840,1.2
203,13,0.866666666666667,10.2,34,hold,0.210691349248003,0.00315803378244917,0.00315833736742298,0.00493706664066924,0.00493706664066924,0.985074849657847,0.194403540744495,1.17046660233627e-05,1.171792404888e-05,0.000101587961508034,0.000101587961508034,0.180477235773431,15,2,0.404835185200308,0.0425924699630846,0.101263747618757,8840,1.2
204,13,0.866666666666667,10.2,34,hold,0.359495153802557,-0.00634255161575214,0.00634630221327948,0.00202458653141443,0.00450617176111198,1.02883412478427,0.222868978330234,5.24477680009165e-05,5.24514557075092e-05,0.00048067821877683,0.00048067821877683,0.180477235773431,15,2,0.577524800739404,0.0860481807496591,0.21417498523861,8840,1.2
205,13,0.866666666666667,10.2,34,hold,0.70015870254017,0.00218718828182294,0.00218817777019093,-0.0005821641674128,0.00146490101922772,0.996701084432507,0.655719624957471,2.28693592294041e-05,2.28693592294041e-05,0.000209053439997043,0.000209053439997043,0.180477235773431,15,2,0.461403272115701,0.0505143611731509,0.09575674388801,8840,1.2
206,13,0.866666666666667,10.2,34,hold,0.704274218716452,-0.000317790273859789,0.000979066764299407,-0.000741766325272825,0.00158402128914043,1.0005001471492,0.629089895529289,2.82306137113269e-05,2.82306179176517e-05,0.000239073921879971,0.000239073921879971,0.180477235773431,15,2,0.438393112664231,0.0872789673065638,0.156022929012341,8840,1.2
207,13,0.866666666666667,10.2,34,hold,0.38959595460555,-0.000793166737596602,0.00105747941895782,0.000398806977671309,0.000768763709743012,1.00220714673092,0.356353825169023,7.52809732496846e-06,7.53135431596725e-06,0.000148614803611669,0.000148614803611669,0.180477235773431,15,2,0.43458541989148,0.0635573470292937,0.134048060648143,8840,1.2
208,13,0.866666666666667,10.2,34,hold,0.521825513218961,0.004372998596348,0.00438322264016755,0.00777433015512366,0.00777433015512366,0.992324340596621,0.552837773548649,2.87421009675006e-05,2.87421009675006e-05,0.000338156211760245,0.000338156211760245,0.180477235773431,15,2,0.459412053970364,0.0812811311555374,0.143625108313665,8840,1.2
209,13,0.866666666666667,10.2,34,hold,0.757883941146569,0.00445966430112466,0.00445966430112466,0.00299866127831246,0.00407572979243892,0.994463013670024,0.788043778729042,0.000104299822566019,0.000104299822566019,0.00111537914152445,0.00111537914152445,0.180477235773431,15,2,0.556055354345094,0.103857548361602,0.176192298144902,8840,1.2
210,13,0.866666666666667,10.2,34,hold,0.698492318522336,0.00204723200501003,0.00267192401140195,0.00288170109472678,0.00332936069154476,0.996769966254351,0.619604200620292,4.58756852667551e-05,4.58756852667551e-05,0.000522363890674793,0.000522363890674793,0.180477235773431,15,2,0.55446159068163,0.0783951135256889,0.175446061151976,8840,1.2
211,13,0.866666666666667,10.2,34,hold,0.256447192560495,-0.000339859789113563,0.000620737952920117,-0.000138306606862146,0.000840161610777018,1.00106461348857,0.306151365457094,2.17373837194766e-06,2.17877008459877e-06,3.99057002235231e-05,3.99057002235231e-05,0.180477235773431,15,2,0.312224350592374,0.0414103604508005,0.0492394511965708,8840,1.2
212,13,0.866666666666667,10.2,34,hold,0.249945913385791,0.00198192445294098,0.00198284363427113,0.00154637133938524,0.00174903192545691,0.993958612819747,0.31486907386613,1.45267957422164e-05,1.45275816693404e-05,0.000164187503820539,0.000164187503820539,0.180477235773431,15,2,0.523058502931266,0.0620964446518281,0.103939350598688,8840,1.2
213,13,0.866666666666667,10.2,34,hold,0.674500413219376,0.00176318898780458,0.00189016165092231,0.0028754964418557,0.0028754964418557,0.997363040173451,0.662943945025878,3.24653554844959e-06,3.25127287045486e-06,3.80317973831329e-05,3.80317973831329e-05,0.180477235773431,15,2,0.379735759318113,0.0276885097848858,0.0534069773437607,8840,1.2
214,13,0.866666666666667,10.2,34,hold,0.467051609443533,0.00771401097167541,0.00782441209362368,0.00884532787228284,0.00884532787228284,0.984217213567318,0.478350293980014,-5.33265011748114e-06,5.35437561382752e-06,-2.05420792918065e-05,2.45081981881323e-05,0.180477235773431,15,2,0.393015723373641,0.0989894523963689,0.176823766809564,8840,1.2
215,13,0.866666666666667,10.2,34,hold,0.445369691392905,0.00356582775341353,0.00356582775341353,0.00748590670935691,0.00748590670935691,0.989128612754962,0.305285504479501,3.52215622729524e-05,3.52264414657734e-05,0.000522108845918896,0.000522108845918896,0.180477235773431,15,2,0.522522027337404,0.0611340120498991,0.0902269693368445,8840,1.2
216,13,0.866666666666667,10.2,34,hold,0.847435176278389,0.000898167662299394,0.000912452331817297,0.000343449010411221,0.000645293683452932,0.99901078386934,0.905626408962192,5.31589829925852e-06,5.3568367592253e-06,9.61437656756936e-05,9.61437656756936e-05,0.180477235773431,15,2,0.494303225009577,0.0233584640538832,0.0521881905515125,8840,1.2
217,13,0.866666666666667,10.2,34,hold,0.358935008707022,0.00142165781168841,0.00152760573235021,-0.00233002181428948,0.00302022709113169,0.997082045856402,0.470519210940584,6.35733498814602e-06,6.36318924851008e-06,9.77311826466176e-05,9.77311826466176e-05,0.180477235773431,15,2,0.523835556559954,0.0621535141012782,0.0903629368595951,8840,1.2
218,13,0.866666666666667,10.2,34,hold,0.349844227102502,-0.000894678831263294,0.0015539483132389,0.000435832473340486,0.00114992639094198,1.00272610459367,0.314956869548772,2.56402836564088e-05,2.56408013859968e-05,0.000224681026032305,0.000224681026032305,0.180477235773431,15,2,0.346682531610043,0.113885749888572,0.064691399703479,8840,1.2
219,13,0.866666666666667,10.2,34,hold,0.496912445828087,-0.00430607066018282,0.00432879132795323,-0.00172106506830048,0.00190651519693978,1.00764312564818,0.561117024792434,4.63328459754713e-06,6.2096446899604e-06,5.72155790483697e-05,5.72155790483697e-05,0.180477235773431,15,2,0.394407931904864,0.0646485152676138,0.0819464290653075,8840,1.2
220,13,0.866666666666667,10.2,34,hold,0.27818400380262,-0.00100204898869198,0.00143729664056971,-0.00501583173040128,0.00501583173040128,1.00370440592547,0.266498835581303,4.49434463018434e-05,4.49473345391768e-05,0.000504565420694504,0.000504565420694504,0.180477235773431,15,2,0.458428731095469,0.0573440551333489,0.0705892460922373,8840,1.2
221,13,0.866666666666667,10.2,34,hold,0.681133075162703,0.00256385377489946,0.00256389778839126,0.00178207761459354,0.00185012080903116,0.996509421686148,0.727926470075587,2.00862114103337e-05,2.00862114103337e-05,0.00019306029519215,0.00019306029519215,0.180477235773431,15,2,0.515098125247992,0.0471820067587823,0.0643042740521176,8840,1.2
222,13,0.866666666666667,10.2,34,hold,0.857428496491087,0.00472115777291803,0.00472536002326162,0.000956783512161239,0.00479782580537682,0.994296357047626,0.817098641310013,-3.75420671370703e-06,4.39726326490001e-06,0.000665918543141805,0.000665918543141805,0.180477235773431,15,2,0.53670918152644,0.108846851470908,0.164496869106562,8840,1.2
223,13,0.866666666666667,10.2,34,hold,0.700443572975692,0.000147881434293732,0.000554020023655154,0.00452981640295686,0.00452981640295686,0.99980922986214,0.768181610809813,3.26115010315816e-06,3.26117869315781e-06,0.000133684329811308,0.000133684329811308,0.180477235773431,15,2,0.436355231312377,0.0310109475867492,0.0506026440292007,8840,1.2
224,13,0.866666666666667,10.2,34,hold,0.421163045800885,-0.00386191062000871,0.00387284633359136,-0.00449748019571291,0.00449748019571291,1.01121759196883,0.342972701956247,4.17307037894071e-06,4.631911714885e-06,-0.000104868143559986,0.00010819989673233,0.180477235773431,15,2,0.519879205983922,0.112035861537066,0.243949354932353,8840,1.2
225,13,0.866666666666667,10.2,34,hold,0.373507593299514,0.00344827667729039,0.00345537020396842,0.000428887589459642,0.00117619795012558,0.992230265402836,0.438771640468793,1.52378646355883e-05,1.52450230577015e-05,0.000143750441077734,0.000143750441077734,0.180477235773431,15,2,0.363377132416367,0.0427676556926699,0.069726055441639,8840,1.2
226,13,0.866666666666667,10.2,34,hold,0.583349788947039,-0.000481821278268621,0.000562412006577388,0.000137309403988115,0.000412457883458672,1.00090373041449,0.519748860759142,2.55005097618473e-06,2.55029552736959e-06,4.05062301765813e-05,4.05062301765813e-05,0.180477235773431,15,2,0.481050204490792,0.063473797574983,0.0772460086563038,8840,1.2
227,13,0.866666666666667,10.2,34,hold,0.918427650421985,0.00181410497759157,0.00186832326276753,-8.08471182851134e-05,0.00179944474267222,0.997963973526267,0.885541545758317,6.12724710556743e-05,6.12876541407332e-05,0.000526170342479637,0.000526170342479637,0.180477235773431,15,2,0.531778652368003,0.0848088306517276,0.157766393975206,8840,1.2
228,13,0.866666666666667,10.2,34,hold,0.882977028523904,0.00106818901869178,0.00106818901869178,0.00210453704206341,0.0028428748519956,0.99880949192777,0.892505448432653,6.36102553117161e-06,6.62028933846135e-06,0.000205347149968218,0.000205347149968218,0.180477235773431,15,2,0.566570815740766,0.0532323959782549,0.121310281753456,8840,1.2
229,13,0.866666666666667,10.2,34,hold,0.337913240441904,0.000376323810989991,0.000638004802623106,-0.00163736556186597,0.00171236370219369,0.999042941602576,0.382768613829375,1.09853504128418e-05,1.09853504128418e-05,2.39473779160798e-05,2.72013204548044e-05,0.180477235773431,15,2,0.383110412368218,0.0521868499299423,0.0635252713508914,8840,1.2
230,13,0.866666666666667,10.2,34,hold,0.335910998664979,-0.00151822240884147,0.00152395455342027,-0.000678319619387822,0.000703656378728395,1.00407291938332,0.372438796497627,6.01885837539017e-06,6.01891650122111e-06,2.77004220127719e-05,2.77004220127719e-05,0.180477235773431,15,2,0.382215082185527,0.0338668804222301,0.0631597439279563,8840,1.2
201,13,0.866666666666667,10.2,34,kalman,0.255017339343908,0.00426904708071488,0.00431922429559497,0.0326432717079322,0.0326432717079322,0.975312692842068,0.157950246571386,-1.22729159964987e-05,1.22729757498774e-05,-0.000242629905573786,0.000242629905573786,0.180477235773431,15,2,0.464225600649668,0.0466480486090847,0.0683476194675547,8840,1.2
202,13,0.866666666666667,10.2,34,kalman,0.265746187490233,0.000796807258653033,0.00179368728145804,0.00693681371589039,0.00693681371589039,0.996980751891332,0.256699075932726,1.19487995305629e-05,1.19493316962828e-05,0.00017331989759594,0.00017331989759594,0.180477235773431,15,2,0.332349350904054,0.0584449184925303,0.0668752786968145,8840,1.2
203,13,0.866666666666667,10.2,34,kalman,0.210691349248003,0.00287499237723479,0.00287499237723479,0.00436043178649403,0.00436043178649403,0.986412528674885,0.194703940474645,-6.73544955055564e-06,6.73544955055564e-06,-3.58840808450342e-05,3.58840808450342e-05,0.180477235773431,15,2,0.398519678865398,0.0350451050019487,0.0620079479342548,8840,1.2
204,13,0.866666666666667,10.2,34,kalman,0.359495153802557,0.00067387977601592,0.000876751059101649,0.0019552263484837,0.00311408705275352,0.996936448494486,0.214272492582617,-5.93644401659197e-07,9.63275286802407e-07,-6.53613562170859e-05,6.58255675296972e-05,0.180477235773431,15,2,0.576337825424169,0.0381623517659067,0.0791518461485356,8840,1.2
205,13,0.866666666666667,10.2,34,kalman,0.70015870254017,-0.00176190905343259,0.00176192717213993,-0.00974248864395078,0.00974248864395078,1.00265747089685,0.662033084779173,2.74907735650267e-05,2.74907735650267e-05,0.00024347130160556,0.00024347130160556,0.180477235773431,15,2,0.465329287613854,0.0499993881050562,0.0704633024843915,8840,1.2
206,13,0.866666666666667,10.2,34,kalman,0.704274218716452,0.000607001403659785,0.00072663288566519,0.00374995363707624,0.00374995363707624,0.999044684351378,0.625441189570771,-9.35373413547743e-07,2.17204490920017e-06,1.27091258950357e-05,5.60015227757654e-05,0.180477235773431,15,2,0.432006528482207,0.0553539258212621,0.0793960752318825,8840,1.2
207,13,0.866666666666667,10.2,34,kalman,0.38959595460555,0.00031623910409403,0.000677322651052741,0.000825917071327115,0.000981082774662909,0.999120000787093,0.353553373182263,-1.07030097072032e-05,1.07034007117848e-05,-7.67913265554476e-06,1.46553594316928e-05,0.180477235773431,15,2,0.43122349635343,0.0426615146404671,0.071032363696873,8840,1.2
208,13,0.866666666666667,10.2,34,kalman,0.521825513218961,-0.00066860301593105,0.000885078707898854,0.00244226176706075,0.00308547874501084,1.00117355835208,0.552874212172288,-3.2186045752176e-06,3.35435411462441e-06,-0.000148314553880309,0.000148314553880309,0.180477235773431,15,2,0.448910841284179,0.0844876886794578,0.0779225852726606,8840,1.2
209,13,0.866666666666667,10.2,34,kalman,0.757883941146569,0.00425263489224333,0.00425263489224333,0.00685572937133719,0.00685572937133719,0.994720055216087,0.789796709092378,5.19314245874544e-05,5.19314245874544e-05,0.000361937401408246,0.000361937401408246,0.180477235773431,15,2,0.554218747756185,0.0708551543954874,0.0872034860228434,8840,1.2
210,13,0.866666666666667,10.2,34,kalman,0.698492318522336,0.000366961797661824,0.000934140648109365,0.00313670092839879,0.003208783138797,0.999421023612902,0.62400925037764,3.89663047030134e-06,3.89663047030134e-06,-4.57053767726714e-06,2.58363273376784e-05,0.180477235773431,15,2,0.554507011983327,0.0487275930184156,0.0872249708159867,8840,1.2
211,13,0.866666666666667,10.2,34,kalman,0.256447192560495,0.00139364858486017,0.00141756287835201,0.0022987742207085,0.00232646353097814,0.995634384739535,0.306151003841998,1.10457031120265e-05,1.10457197913086e-05,0.000125057717067135,0.000125057717067135,0.180477235773431,15,2,0.310168677956091,0.0628725642783976,0.0654091111978315,8840,1.2
212,13,0.866666666666667,10.2,34,kalman,0.249945913385791,0.00210555523932626,0.00225949540420723,-8.71325542699231e-05,0.000808987168646171,0.993581756150542,0.314867913453259,-8.53705839376413e-06,8.56748368283007e-06,-7.18320077753889e-05,7.18320077753889e-05,0.180477235773431,15,2,0.520412673502768,0.0462888768720292,0.0611082804315455,8840,1.2
213,13,0.866666666666667,10.2,34,kalman,0.674500413219376,-0.00267531413291114,0.00267552735118095,-0.00501759577509706,0.00501759577509706,1.00400110024545,0.668438384355472,-6.62317685041802e-06,6.68994936750218e-06,-0.000201719716536523,0.000201719716536523,0.180477235773431,15,2,0.383014433405707,0.0405297855805341,0.0625685298871241,8840,1.2
214,13,0.866666666666667,10.2,34,kalman,0.467051609443533,-0.000956160219879678,0.00126629110323173,-0.00395793796262201,0.00395793796262201,1.00195629389188,0.478783047946741,-3.70647676474244e-06,3.72719626804505e-06,-1.73424498262503e-05,1.81174786524224e-05,0.180477235773431,15,2,0.391100211526441,0.102249308960621,0.0878789494743328,8840,1.2
215,13,0.866666666666667,10.2,34,kalman,0.445369691392905,-0.00452764420812976,0.00464237872603351,-0.00459262473071891,0.004669786042012,1.01380374401069,0.319805825327206,1.71314615464239e-05,1.71324863401542e-05,3.84257994041234e-05,4.18430656922256e-05,0.180477235773431,15,2,0.515763675375887,0.0518852527774935,0.0675496417333137,8840,1.2
216,13,0.866666666666667,10.2,34,kalman,0.847435176278389,8.10752862949248e-05,0.000323816266922112,-0.000140978751910606,0.000246680707291657,0.999910706002491,0.905612025417317,-1.25288972413076e-06,1.25288972413076e-06,-1.51973932898541e-05,1.51973932898541e-05,0.180477235773431,15,2,0.494604326836438,0.0316229102582067,0.0614860689604735,8840,1.2
217,13,0.866666666666667,10.2,34,kalman,0.358935008707022,-0.00136908563440479,0.001431454835466,-0.00566183188220391,0.00566183188220391,1.0028100496948,0.470519077068983,-2.85769712772799e-06,2.85769712772799e-06,-6.86053609487497e-05,6.86053609487497e-05,0.180477235773431,15,2,0.519878922994987,0.0559966101192512,0.0638591696429847,8840,1.2
218,13,0.866666666666667,10.2,34,kalman,0.349844227102502,-0.00111130004497876,0.00183758103150367,-0.00401333581259059,0.00401333581259059,1.00338615383723,0.316251727579599,1.74050368746077e-05,1.74071767476871e-05,6.92992559808825e-05,6.92992559808825e-05,0.180477235773431,15,2,0.334754850130853,0.151132701994549,0.092614117177265,8840,1.2
219,13,0.866666666666667,10.2,34,kalman,0.496912445828087,-0.00375989943256204,0.00388683278532265,-0.0025064086100407,0.00282434626855238,1.00667369071607,0.561117025645173,-2.48053969275826e-05,2.48248272152294e-05,-0.000227694911083077,0.000227694911083077,0.180477235773431,15,2,0.395294433396792,0.0662506640373833,0.0696914926294281,8840,1.2
220,13,0.866666666666667,10.2,34,kalman,0.27818400380262,0.000851247043936413,0.00113296971942621,0.000780713583039686,0.00130758033416472,0.996853083402929,0.263331418263646,1.93719384285849e-05,1.94129028827307e-05,0.000113288497797786,0.000113288497797786,0.180477235773431,15,2,0.456018762840488,0.0553329729590487,0.0672617541975252,8840,1.2
221,13,0.866666666666667,10.2,34,kalman,0.681133075162703,-0.000252867496621149,0.000669337796205881,0.00256122435228063,0.00256122435228063,1.00034426838559,0.728001212428666,-8.64086406545982e-06,8.6756801976299e-06,-0.000227469789417655,0.000227469789417655,0.180477235773431,15,2,0.514465182815013,0.0447633553609357,0.0642922944333244,8840,1.2
222,13,0.866666666666667,10.2,34,kalman,0.857428496491087,0.00171522135056446,0.00175512789349397,0.00322110875745131,0.00322110875745131,0.997927836637016,0.822935257057775,-9.87711404722474e-06,9.87712405758492e-06,-0.000273534159372351,0.000273534159372351,0.180477235773431,15,2,0.539265455927372,0.0836222695584315,0.0866828538613378,8840,1.2
223,13,0.866666666666667,10.2,34,kalman,0.700443572975692,-0.00142835196846647,0.00144179237176299,0.000398649941466314,0.000580118878486209,1.00184260386192,0.768183714483532,-2.80606455606863e-06,2.91687607624736e-06,2.34250625447069e-05,2.36242230297218e-05,0.180477235773431,15,2,0.432500221352885,0.0348810911637672,0.0643248613796157,8840,1.2
224,13,0.866666666666667,10.2,34,kalman,0.421163045800885,0.000824473501537191,0.0012335125064905,0.0016188084757365,0.00204725962894707,0.997605173128182,0.340385201110823,-1.06952037964202e-05,1.0957596968065e-05,-0.000179616422517191,0.000179616422517191,0.180477235773431,15,2,0.508035452598691,0.067321729488225,0.0917622795665256,8840,1.2
225,13,0.866666666666667,10.2,34,kalman,0.373507593299514,0.000963525440166422,0.00097715079485272,6.03612617818489e-05,0.00191329682718684,0.997828962798428,0.440437659375572,-3.64550357877818e-06,4.27051218186947e-06,-0.000171440712126285,0.000171440712126285,0.180477235773431,15,2,0.361435947469899,0.0394060199843755,0.0615434162878241,8840,1.2
226,13,0.866666666666667,10.2,34,kalman,0.583349788947039,0.000289140445376159,0.000459283730765637,0.000160614091208631,0.000170241774042039,0.999457672323057,0.518392129324632,2.80788999932923e-06,3.17787419739711e-06,1.16901277985235e-05,1.16901277985235e-05,0.180477235773431,15,2,0.479491318274357,0.0537811582408166,0.0609055171460229,8840,1.2
227,13,0.866666666666667,10.2,34,kalman,0.918427650421985,0.0037784689195805,0.00377895770099943,0.00659737199456148,0.00659737199456148,0.99575930674053,0.884875562338085,2.40664570895352e-05,2.4093053614369e-05,0.000496438714950309,0.000496438714950309,0.180477235773431,15,2,0.529761444701738,0.108275551488779,0.111799493429414,8840,1.2
228,13,0.866666666666667,10.2,34,kalman,0.882977028523904,0.000116372219995089,0.000227931315107229,-0.0276117643579603,0.0276314675117843,0.999870301917673,0.894975689612717,-1.08483012095487e-08,1.1130226302105e-06,-0.000555725111711011,0.000556023876607472,0.180477235773431,15,2,0.559176311423629,0.0458543645017817,0.0831467709862705,8840,1.2
229,13,0.866666666666667,10.2,34,kalman,0.337913240441904,0.000573456875585086,0.000933296450652308,-0.00179321632220607,0.00192030176488594,0.99854159715035,0.382820567377584,2.36776732057131e-06,2.77537705216951e-06,-0.000123934183750548,0.000123934183750548,0.180477235773431,15,2,0.381657623206671,0.0505556058198213,0.0616674605878471,8840,1.2
230,13,0.866666666666667,10.2,34,kalman,0.335910998664979,0.000166706220483783,0.000877950766087564,0.00109117139835541,0.00134711760068949,0.999552778965206,0.367010145208571,-5.81430376746647e-06,5.93717124356832e-06,-0.000125196183740895,0.000125196183740895,0.180477235773431,15,2,0.378768607587158,0.0309489713053358,0.0599527390642765,8840,1.2
201,13,0.866666666666667,10.2,34,kalman-gm,0.255017339343908,0.00301283351347555,0.00324921136800194,0.0255191857672241,0.0255191857672241,0.982577201666647,0.161725408883508,7.28952339137129e-06,7.50021836579619e-06,3.06694198305144e-05,3.06694198305144e-05,0.180477235773431,15,2,0.465676895452794,0.0295939582118178,0.0485232296260643,8840,1.2
202,13,0.866666666666667,10.2,34,kalman-gm,0.265746187490233,-0.00303494350154049,0.0030949621536682,-0.00860470439513283,0.00861047545299499,1.01149995475999,0.258878594694454,2.41508351897268e-05,2.41508351897268e-05,0.000422149202262064,0.000422149202262064,0.180477235773431,15,2,0.333993450932831,0.0557992976054271,0.0575221706391445,8840,1.2
203,13,0.866666666666667,10.2,34,kalman-gm,0.210691349248003,0.00247118874921031,0.00247230422690908,0.00317444930784508,0.00320683332111998,0.988320940766759,0.196426716482735,-8.11123165549481e-06,8.11983860204571e-06,-2.12369660641601e-05,2.12369660641601e-05,0.180477235773431,15,2,0.403378586336229,0.0261184435941999,0.0485915687110952,8840,1.2
204,13,0.866666666666667,10.2,34,kalman-gm,0.359495153802557,-0.00208746806709027,0.00209223180505383,0.00161423462652389,0.00225465009506525,1.009489921151,0.218336803346405,1.78068744816131e-05,1.7806884838384e-05,0.000192179592354121,0.000192179592354121,0.180477235773431,15,2,0.577879203275956,0.0421185042710483,0.102516517893314,8840,1.2
205,13,0.866666666666667,10.2,34,kalman-gm,0.70015870254017,0.00111056173483791,0.00113178374443877,0.00279207355524946,0.00280320589059197,0.998324950153507,0.653754615546912,-1.2925379541521e-05,1.29253937067276e-05,-6.7883722843057e-05,6.7883722843057e-05,0.180477235773431,15,2,0.466335955880452,0.0464938953456604,0.0536350761609659,8840,1.2
206,13,0.866666666666667,10.2,34,kalman-gm,0.704274218716452,0.000162437338252725,0.000696335487103167,0.000351015725983709,0.000754515539659412,0.999744351610692,0.627696362341219,1.38514103543201e-05,1.38514144381221e-05,0.000110337808062709,0.000110337808062709,0.180477235773431,15,2,0.436968077929533,0.0576362430085656,0.0979247648666875,8840,1.2
207,13,0.866666666666667,10.2,34,kalman-gm,0.38959595460555,0.000426374840574919,0.000481611284773053,0.000589829830669073,0.000651900862686206,0.998813525844046,0.353522929338658,9.5317926358725e-07,1.9520172614924e-06,6.55737671218348e-05,6.55737671218348e-05,0.180477235773431,15,2,0.430774940621836,0.0441987213577433,0.0626116940784924,8840,1.2
208,13,0.866666666666667,10.2,34,kalman-gm,0.521825513218961,0.00135865291706941,0.00138193959709994,0.0037331171829716,0.00374814338802229,0.997615238878068,0.552680383514718,1.60558040437451e-05,1.63500712556467e-05,0.000123154622661482,0.000123154622661482,0.180477235773431,15,2,0.447624872073614,0.0852647467890428,0.0609642578383642,8840,1.2
209,13,0.866666666666667,10.2,34,kalman-gm,0.757883941146569,0.00575309482883211,0.00575309482883211,0.00682544850765649,0.00682544850765649,0.99285712886186,0.783655808331265,6.78542907080609e-05,6.78542907080609e-05,0.000701692460558274,0.000701692460558274,0.180477235773431,15,2,0.557000879721286,0.0747078977158918,0.0838400951624609,8840,1.2
210,13,0.866666666666667,10.2,34,kalman-gm,0.698492318522336,0.00143570025475656,0.00178850741365309,0.00538495374847428,0.00538495374847428,0.997734814490907,0.621780182339658,2.08730992788601e-05,2.08730992788601e-05,0.00026418197030945,0.00026418197030945,0.180477235773431,15,2,0.556540197695897,0.0448101944073747,0.0771645604377103,8840,1.2
211,13,0.866666666666667,10.2,34,kalman-gm,0.256447192560495,0.000372828973423268,0.000417661249985614,0.0046292965926916,0.0046320636956225,0.998832110279735,0.306149977601477,3.61764226146448e-06,3.6241100962453e-06,0.000107319038516738,0.000107319038516738,0.180477235773431,15,2,0.312743020810634,0.0514075008816841,0.0313622675406169,8840,1.2
212,13,0.866666666666667,10.2,34,kalman-gm,0.249945913385791,0.00127156970728913,0.00171529452007867,0.000807627172034867,0.00131551979009519,0.996123946643367,0.314867233185961,1.70675372569878e-05,1.70678395664855e-05,0.000131403192500388,0.000131403192500388,0.180477235773431,15,2,0.515184774088796,0.0497046204711229,0.0509433571576638,8840,1.2
213,13,0.866666666666667,10.2,34,kalman-gm,0.674500413219376,0.00116892201869971,0.00122136817526234,0.00254878701097874,0.00254878701097874,0.998251803734597,0.665747728992501,1.61588529884133e-06,1.65634763698476e-06,1.62730491261587e-05,1.62730491261587e-05,0.180477235773431,15,2,0.381835484430778,0.0264512202049671,0.0297776774621845,8840,1.2
214,13,0.866666666666667,10.2,34,kalman-gm,0.467051609443533,-0.000124136004756829,0.00128820403647084,-0.00561249926532906,0.00561249926532906,1.0002539809781,0.480295392844235,5.85495746991339e-06,5.85669099817877e-06,2.86746728613879e-05,2.95056160132506e-05,0.180477235773431,15,2,0.393103384950804,0.110671939211621,0.110954555980106,8840,1.2
215,13,0.866666666666667,10.2,34,kalman-gm,0.445369691392905,-0.000954206698687921,0.00169786426201252,-0.00352966357695563,0.00361880087480864,1.00290915637283,0.315500777446449,1.61939263217653e-05,1.61969428253972e-05,0.000260838305392,0.000260838305392,0.180477235773431,15,2,0.520461451047382,0.042694434614444,0.0456042413777302,8840,1.2
216,13,0.866666666666667,10.2,34,kalman-gm,0.847435176278389,0.000642047391777612,0.000658264945857079,0.000275795471905445,0.000492166863341654,0.999292867397421,0.905605675089051,1.80579566817855e-06,2.04936441895323e-06,5.12204450949669e-05,5.12204450949669e-05,0.180477235773431,15,2,0.494844211578715,0.0179700542441097,0.0293359128127273,8840,1.2
217,13,0.866666666666667,10.2,34,kalman-gm,0.358935008707022,-0.000301693827209128,0.000630449773019807,-0.00448770434607211,0.00448770434607211,1.00061922689551,0.470513379376734,7.13218532604002e-07,7.70876989759835e-07,-4.53941797634749e-06,1.51817851389818e-05,0.180477235773431,15,2,0.523286153045874,0.0452960342683812,0.0376382606147256,8840,1.2
218,13,0.866666666666667,10.2,34,kalman-gm,0.349844227102502,-0.00122233495639056,0.00178888287999446,-0.00144424310511989,0.00171000820127206,1.00372447947038,0.316159986803238,2.09748782875558e-05,2.09765035586794e-05,0.00014267872973022,0.00014267872973022,0.180477235773431,15,2,0.328615453907015,0.166345151687452,0.0848002434175941,8840,1.2
219,13,0.866666666666667,10.2,34,kalman-gm,0.496912445828087,-0.00388279898062073,0.00388279902523753,0.000800055465555038,0.00158117230517592,1.00689183313918,0.561117027281046,-1.04921003801038e-05,1.04921003801038e-05,-0.000114282044144911,0.000114282044144911,0.180477235773431,15,2,0.397776363094926,0.0591703025985199,0.0429946787041735,8840,1.2
220,13,0.866666666666667,10.2,34,kalman-gm,0.27818400380262,-0.000364821916089737,0.00106225631270608,-0.00244350051873937,0.00251873217530292,1.00134868502733,0.264275205693765,3.7822684634476e-05,3.78238458467004e-05,0.000345243837302439,0.000345243837302439,0.180477235773431,15,2,0.458487298952174,0.0431276300092327,0.0342400827664298,8840,1.2
221,13,0.866666666666667,10.2,34,kalman-gm,0.681133075162703,-0.000870906025659518,0.00112872497325775,-0.00171105681879966,0.00182041575143856,1.00118570166377,0.727967163998378,1.97151984830831e-06,1.97151984830831e-06,-9.46836919579669e-06,2.05319053117511e-05,0.180477235773431,15,2,0.516164304925432,0.0334495091681644,0.0343866557797563,8840,1.2
222,13,0.866666666666667,10.2,34,kalman-gm,0.857428496491087,0.00313075340068686,0.00317946816598897,-0.00206690753499778,0.00456863177424971,0.996217728695304,0.820865731899096,-7.29087244731096e-06,7.29088122301661e-06,0.000547191872616261,0.000547191872616261,0.180477235773431,15,2,0.541225589886004,0.0872612533822745,0.0957411388979919,8840,1.2
223,13,0.866666666666667,10.2,34,kalman-gm,0.700443572975692,-0.000212192946682853,0.000455051783640205,0.000634143005600982,0.000684350076020705,1.0002737333316,0.768183967433929,1.83847158870836e-06,1.83907340614412e-06,4.88493711686067e-05,4.88493711686067e-05,0.180477235773431,15,2,0.435607293505102,0.0215065601162246,0.0278732311215855,8840,1.2
224,13,0.866666666666667,10.2,34,kalman-gm,0.421163045800885,-0.00181504754677613,0.00188815551236416,0.00241650932539525,0.00272267701083684,1.00527212170014,0.342548529922486,1.51577311404759e-06,1.55939580328785e-06,5.1601827647535e-06,1.1273394653819e-05,0.180477235773431,15,2,0.512803936200283,0.0726989627923238,0.127571320420189,8840,1.2
225,13,0.866666666666667,10.2,34,kalman-gm,0.373507593299514,0.00131463538120375,0.00132558323105815,0.00108421220683414,0.00143736975878499,0.99703783397914,0.440434233436927,5.68744649296773e-06,5.71633900169638e-06,2.18404447071996e-05,2.18404447071996e-05,0.180477235773431,15,2,0.363201707277808,0.0294247681990216,0.0376376397685885,8840,1.2
226,13,0.866666666666667,10.2,34,kalman-gm,0.583349788947039,-4.26178021599068e-05,0.000365405004537535,0.000221292722574307,0.00027287692932725,1.00007993628706,0.518448137277536,4.10050870254367e-06,4.11599597669797e-06,2.57350703968401e-05,2.57350703968401e-05,0.180477235773431,15,2,0.481206323239848,0.0467637254163132,0.0384865938663408,8840,1.2
227,13,0.866666666666667,10.2,34,kalman-gm,0.918427650421985,0.00239861859361529,0.00241180293574089,0.002369139465517,0.0024079152962342,0.997307955704155,0.88478351620417,1.34678147258553e-05,1.35635075009726e-05,0.000352487164943743,0.000352487164943743,0.180477235773431,15,2,0.532496112532105,0.0927729617831017,0.105689557377349,8840,1.2
228,13,0.866666666666667,10.2,34,kalman-gm,0.882977028523904,0.00028946914726694,0.000356370562381966,0.00250135059037092,0.00250135059037092,0.999677383543125,0.893461077443152,-5.20432844670414e-07,1.74106409548215e-06,7.18165523773481e-05,7.18165523773481e-05,0.180477235773431,15,2,0.563264030219759,0.0361461160651737,0.0516187928062868,8840,1.2
229,13,0.866666666666667,10.2,34,kalman-gm,0.337913240441904,0.000472389803848765,0.000652614547707481,-0.00091541440247292,0.000980211212737238,0.998798628693089,0.382881145537037,7.21850053126677e-06,7.22962419208929e-06,5.3626464682538e-06,1.38470804478114e-05,0.180477235773431,15,2,0.381500562109319,0.0418311181383389,0.0358233439496596,8840,1.2
230,13,0.866666666666667,10.2,34,kalman-gm,0.335910998664979,-0.000925107492446424,0.000925758484499221,-0.000578280244565829,0.000587748022466934,1.00248177619807,0.370962477455438,3.36523027176924e-06,3.36717109179355e-06,7.229939094614e-06,7.229939094614e-06,0.180477235773431,15,2,0.378987790284756,0.0259437399735513,0.0334300902307043,8840,1.2
201,13,0.866666666666667,10.2,34,mean,0.255017339343908,0.00400149134291636,0.0040644093117134,0.0273064871994688,0.0273064871994688,0.976859930564214,0.16163083775531,-9.79611060964137e-06,9.79615694557972e-06,-7.53457966874144e-05,7.53457966874144e-05,0.180477235773431,15,2,0.466799325066442,0.0466562151995461,0.0682640723782546,8840,1.2
202,13,0.866666666666667,10.2,34,mean,0.265746187490233,-0.00033683933950621,0.00114079420147717,0.00427221762873949,0.00431374266494986,1.00127634572563,0.258901359145085,1.55300156671185e-05,1.55307628583359e-05,0.000257431059959631,0.000257431059959631,0.180477235773431,15,2,0.334152520806433,0.0584437763376076,0.0668889624178535,8840,1.2
203,13,0.866666666666667,10.2,34,mean,0.210691349248003,0.00243090925354339,0.00243090925354339,0.00333323184789369,0.00335028487780391,0.988511305268835,0.197607018620153,-6.73826161540786e-06,6.73826161540786e-06,-4.36987317942922e-05,4.36987317942922e-05,0.180477235773431,15,2,0.400764888447711,0.0350538685375951,0.0620062955400744,8840,1.2
204,13,0.866666666666667,10.2,34,mean,0.359495153802557,0.00174458991783557,0.00195105242059695,0.00211760424235046,0.00253206586589949,0.9920688507661,0.211237363558051,3.41802569375199e-06,3.52043866964586e-06,7.58498378727252e-05,7.58498378727252e-05,0.180477235773431,15,2,0.579678800718909,0.0381329123387272,0.0790510508608025,8840,1.2
205,13,0.866666666666667,10.2,34,mean,0.70015870254017,-0.00131261415389344,0.00131263331494504,-0.00983283143309386,0.00983283143309386,1.0019798036147,0.66078623635598,2.87005277373301e-05,2.87005277373301e-05,0.000279239706732857,0.000279239706732857,0.180477235773431,15,2,0.467990691421079,0.0500030269415384,0.0704659935460306,8840,1.2
206,13,0.866666666666667,10.2,34,mean,0.704274218716452,0.000788058526476271,0.00080541374964835,0.0039193283505647,0.0039193283505647,0.99875973162857,0.62573672870447,3.73697195261408e-06,3.73697628698028e-06,0.000104530721758315,0.000104530721758315,0.180477235773431,15,2,0.434437308820903,0.0554082929954861,0.0798951155882848,8840,1.2
207,13,0.866666666666667,10.2,34,mean,0.38959595460555,0.000956863804267155,0.000960248697696033,0.000685690691134506,0.000831560475713662,0.997337333101082,0.353023227634229,-7.74292598037992e-06,7.74333013499818e-06,1.11065912401537e-06,1.05317138611391e-05,0.180477235773431,15,2,0.433799377945199,0.0426938386193184,0.0711392510767288,8840,1.2
208,13,0.866666666666667,10.2,34,mean,0.521825513218961,-0.00101865783737313,0.00119955499362916,-0.00141172468901481,0.00172271760670187,1.0017879883645,0.552874075761851,-2.46031669535609e-06,2.62414519323008e-06,-3.49468368261505e-05,3.49468368261505e-05,0.180477235773431,15,2,0.451539175049292,0.0844852741259598,0.0778363015367651,8840,1.2
209,13,0.866666666666667,10.2,34,mean,0.757883941146569,0.00459914124438364,0.00459914124438364,0.00740251255508257,0.00740251255508257,0.994289843252696,0.787874642606285,4.99084872757594e-05,4.99084872757594e-05,0.000472491579408437,0.000472491579408437,0.180477235773431,15,2,0.557314505712153,0.0708864957199332,0.0869130291119236,8840,1.2
210,13,0.866666666666667,10.2,34,mean,0.698492318522336,-0.000167705593227204,0.00080261486419958,0.00434444826041083,0.00436599613583029,1.00026459860149,0.626726001361754,1.0032199878555e-05,1.0032199878555e-05,9.52173244145262e-05,9.52173244145262e-05,0.180477235773431,15,2,0.55760551653381,0.0487828428091917,0.0873792069308825,8840,1.2
211,13,0.866666666666667,10.2,34,mean,0.256447192560495,0.00179268537550605,0.00179269825955639,0.00289025306901183,0.00289025306901183,0.994384398823677,0.306151010657625,1.00870553259286e-05,1.00870722789036e-05,6.2897744376913e-05,6.2897744376913e-05,0.180477235773431,15,2,0.311981501255589,0.0628715881052761,0.0653988438348403,8840,1.2
212,13,0.866666666666667,10.2,34,mean,0.249945913385791,0.00186923962579424,0.00201635401993033,0.000371657055860909,0.000706061783510924,0.994302103546209,0.3148680023583,-5.86019759542419e-06,5.89477398559187e-06,-4.45146701050314e-05,4.45146701050314e-05,0.180477235773431,15,2,0.523291930977151,0.0462899908722348,0.0611276832636769,8840,1.2
213,13,0.866666666666667,10.2,34,mean,0.674500413219376,-0.00254315698692445,0.00254336361919022,-0.00579319705590923,0.00579319705590923,1.00380345093663,0.667185107859243,-6.64767421921002e-06,6.72766142229977e-06,-0.000148266417603795,0.000148266417603795,0.180477235773431,15,2,0.385162007666881,0.0405286872337272,0.0625887715460021,8840,1.2
214,13,0.866666666666667,10.2,34,mean,0.467051609443533,-0.000882673708770146,0.001130833079629,-0.00384817337446748,0.00384817337446748,1.00180594125241,0.478783343582638,-4.07672338314905e-06,4.09736744351218e-06,-2.18704095592148e-05,2.18704095592148e-05,0.180477235773431,15,2,0.393404788317971,0.102250332289733,0.0878918736797498,8840,1.2
215,13,0.866666666666667,10.2,34,mean,0.445369691392905,-0.0040616437660211,0.00418719863264969,-0.00348144454125917,0.00371611770963489,1.0123830160303,0.317492279343428,1.89939844263981e-05,1.89950572700617e-05,4.10195523008119e-05,5.07362645715945e-05,0.180477235773431,15,2,0.518681169514125,0.0518967896408775,0.067563690307666,8840,1.2
216,13,0.866666666666667,10.2,34,mean,0.847435176278389,0.00034618871720036,0.000412888149887988,0.000277880328318261,0.000314592337319997,0.999618717665218,0.905612413929423,-1.07181489619664e-06,1.07181489619664e-06,6.55113603323848e-06,6.65652930802535e-06,0.180477235773431,15,2,0.497476554940797,0.0316275322008285,0.0615075950568422,8840,1.2
217,13,0.866666666666667,10.2,34,mean,0.358935008707022,-0.000847234998478742,0.000927050600092718,-0.000903710341758577,0.00113426254548437,1.00173895071942,0.47051904681644,-3.22182613756945e-06,3.22182613756945e-06,-5.29378209875786e-05,5.29378209875786e-05,0.180477235773431,15,2,0.522994089418912,0.0560014279971066,0.0638824983639319,8840,1.2
218,13,0.866666666666667,10.2,34,mean,0.349844227102502,-0.000767357745551458,0.00154509364161408,0.00188894351647662,0.00255892850609104,1.00233815465622,0.314100367062287,1.71387352743723e-05,1.71408526206086e-05,0.000148902607116473,0.000148902607116473,0.180477235773431,15,2,0.336598104601955,0.151133200177643,0.092614117177265,8840,1.2
219,13,0.866666666666667,10.2,34,mean,0.496912445828087,-0.0024523444459981,0.00257642279862619,-0.000663741366133953,0.001933566171903,1.00435282609426,0.561117025609163,-2.48697052066538e-05,2.48864521672662e-05,-0.000211543527846325,0.000211543527846325,0.180477235773431,15,2,0.397651457431415,0.0662808331415933,0.0697070142033318,8840,1.2
220,13,0.866666666666667,10.2,34,mean,0.27818400380262,0.00124119113207251,0.00130445397691375,0.00124817934357184,0.00145569563132016,0.995411525947163,0.260198830803565,2.07182617791829e-05,2.07590075001109e-05,0.000178631794414274,0.000178631794414274,0.180477235773431,15,2,0.458621652307457,0.0553373182813502,0.0672467213854961,8840,1.2
221,13,0.866666666666667,10.2,34,mean,0.681133075162703,-0.000701666817883316,0.000778487639498991,0.00288917182947001,0.00288917182947001,1.00095528965108,0.728001854139403,-4.69844588781919e-06,4.8999193072245e-06,-0.000188289848209991,0.000188289848209991,0.180477235773431,15,2,0.517384273573955,0.0447612191718297,0.064386609990585,8840,1.2
222,13,0.866666666666667,10.2,34,mean,0.857428496491087,0.00166324990921779,0.00170229583507448,-0.000488045538498522,0.00108661072098942,0.997990623470123,0.822206547825859,-5.19401491144711e-06,5.1940248622471e-06,-5.40732805166802e-05,5.41170111608794e-05,0.180477235773431,15,2,0.542299898234239,0.0836150064095868,0.0866802698674975,8840,1.2
223,13,0.866666666666667,10.2,34,mean,0.700443572975692,-0.00130964690095348,0.00132417445766517,0.000480368570577682,0.000584208111643511,1.00168947184638,0.768183707380343,-2.48568313032497e-06,2.58828359248064e-06,1.83045954224764e-05,1.85962871042017e-05,0.180477235773431,15,2,0.434857001888571,0.0348804682559318,0.0643483208926847,8840,1.2
224,13,0.866666666666667,10.2,34,mean,0.421163045800885,0.00040809186393209,0.000913842035136534,0.000869352820200032,0.00123035599905939,0.998814626109762,0.340120738415249,-8.8044246736585e-06,9.24102425163308e-06,-0.000110767655938127,0.000110767655938127,0.180477235773431,15,2,0.510779978394873,0.0673392157506505,0.0917555605449831,8840,1.2
225,13,0.866666666666667,10.2,34,mean,0.373507593299514,0.00137403513604967,0.00142110643260146,-0.00117420650591804,0.00263390104721765,0.996903993114997,0.440437756108573,-2.27620642804826e-07,1.40918913301767e-06,-6.36327648107904e-05,6.48733842543758e-05,0.180477235773431,15,2,0.363432725048658,0.0394049432905014,0.0615434160875017,8840,1.2
226,13,0.866666666666667,10.2,34,mean,0.583349788947039,0.00023952004354966,0.000413666733111172,-5.16946472471724e-05,0.000108561373370891,0.9995507430701,0.518475333645476,2.80106894813314e-06,3.15387241281929e-06,2.54109663498758e-06,4.34659243661817e-06,0.180477235773431,15,2,0.482161685332829,0.0537819200454274,0.0609055173746711,8840,1.2
227,13,0.866666666666667,10.2,34,mean,0.918427650421985,0.00373619971812664,0.00373666649377729,0.00577250950766249,0.00577250950766249,0.995806746780796,0.884689080123204,2.67162585067946e-05,2.67429079856127e-05,0.00054820691572626,0.00054820691572626,0.180477235773431,15,2,0.532795943222332,0.108371338184759,0.111736393563534,8840,1.2
228,13,0.866666666666667,10.2,34,mean,0.882977028523904,0.000512605747269798,0.000520846501271893,0.00131808454458936,0.00164997151188674,0.999428695418772,0.893338276280143,-8.97351362691097e-07,1.24898647501631e-06,5.21628140354463e-05,5.21628140354463e-05,0.180477235773431,15,2,0.56233077080926,0.0458150083796673,0.0831857125459141,8840,1.2
229,13,0.866666666666667,10.2,34,mean,0.337913240441904,0.00102504094557563,0.00110259856034944,-0.00131738325659246,0.00135651073187762,0.997393138525873,0.382819432705803,6.67560254449806e-06,6.67560254449806e-06,-1.44659994048146e-05,2.23881653750913e-05,0.180477235773431,15,2,0.383697240111763,0.050567717945726,0.0616397480627837,8840,1.2
230,13,0.866666666666667,10.2,34,mean,0.335910998664979,-5.34262864707705e-05,0.00084536523665777,0.000921840362969735,0.00103176985703688,1.00014332614015,0.368212624535436,-4.28617427358943e-06,4.40700604494924e-06,-8.22090562520511e-05,8.22090562520511e-05,0.180477235773431,15,2,0.381028304650202,0.0309444549649112,0.0599527245747579,8840,1.2
201,13,0.866666666666667,10.2,34,none,0.255017339343908,0.0059174963902676,0.00599731179762163,0.0257618055948689,0.0257618055948689,0.965779939122145,0.164575345905789,-5.52898770050903e-05,5.52898770050903e-05,-0.000310308330461238,0.000310308330461238,0.0240636314364575,2,2,0.737022646804692,NaN,NaN,0,1.2
202,13,0.866666666666667,10.2,34,none,0.265746187490233,0.00162177924433101,0.00195953205662438,-0.00268349204999631,0.00486766929977932,0.993854782492317,0.259037503885779,9.24584285010887e-05,9.24851428499329e-05,0.00116134060855228,0.00116134060855228,0.0240636314364575,2,2,0.577922067072984,NaN,NaN,0,1.2
203,13,0.866666666666667,10.2,34,none,0.210691349248003,-0.0117307769057693,0.0117307769057693,-0.0214883314891451,0.0214883314891451,1.05544070171823,0.222016439306105,0.000165734620969367,0.000165734620969367,0.0013790637660538,0.0013790637660538,0.0240636314364575,2,2,0.533616638044589,NaN,NaN,0,1.2
204,13,0.866666666666667,10.2,34,none,0.359495153802557,-0.00498488726878508,0.00505870390101603,0.0198893517958146,0.0199322059399176,1.02266199319319,0.224150345956785,0.000277696101550675,0.000277696101550675,0.00292175265892741,0.00292175265892741,0.0240636314364575,2,2,0.74357545197616,NaN,NaN,0,1.2
205,13,0.866666666666667,10.2,34,none,0.70015870254017,-0.00288176125808939,0.0028994772809614,-0.0407089098061539,0.0407089098061539,1.00434653347182,0.665108782206202,1.8472054202665e-05,2.36558748682023e-05,0.000809581490896523,0.000809581490896523,0.0240636314364575,2,2,0.775219111266965,NaN,NaN,0,1.2
206,13,0.866666666666667,10.2,34,none,0.704274218716452,-0.00456264822521243,0.00490364906502108,-0.00448331866605321,0.00453526273299533,1.00718082235465,0.639313747272376,9.67304811720703e-05,9.70055023325331e-05,0.000376519339870418,0.000376519339870418,0.0240636314364575,2,2,0.622521216134093,NaN,NaN,0,1.2
207,13,0.866666666666667,10.2,34,none,0.38959595460555,-0.011651025573912,0.011651025573912,0.00234033296647611,0.00546967814437469,1.03242133310483,0.369388445815389,0.000153683677206383,0.000153683677206383,0.000868300049825428,0.000868300049825428,0.0240636314364575,2,2,0.694881211161133,NaN,NaN,0,1.2
208,13,0.866666666666667,10.2,34,none,0.521825513218961,0.0160254512417681,0.0160254512417681,0.0228093446242763,0.0325385894215835,0.971871496684222,0.552299058261078,0.00016525331115499,0.000165305133170891,0.00265160725869823,0.00265160725869823,0.0240636314364575,2,2,0.644238344280583,NaN,NaN,0,1.2
209,13,0.866666666666667,10.2,34,none,0.757883941146569,0.00113201093540031,0.00344325816397661,-0.0250027713153594,0.0250027713153594,0.998594528948488,0.802315091399097,0.000540311917596323,0.000540311917596323,0.00384876343863173,0.00384876343863173,0.0240636314364575,2,2,0.727435846596598,NaN,NaN,0,1.2
210,13,0.866666666666667,10.2,34,none,0.698492318522336,-0.00939028880240053,0.00939632930010956,-0.0234982995080578,0.0234982995080578,1.01481558984957,0.641881885371221,0.000116944267350027,0.000117013076985908,0.000679520317585472,0.000679520317585472,0.0240636314364575,2,2,0.775422162738942,NaN,NaN,0,1.2
211,13,0.866666666666667,10.2,34,none,0.256447192560495,0.0113487129181039,0.0113581126931672,0.0257269726807301,0.0257269726807301,0.96445006665229,0.305592454406133,2.94284460465523e-05,3.07081562683041e-05,0.000223732136243821,0.000223732136243821,0.0240636314364575,2,2,0.622142690786626,NaN,NaN,0,1.2
212,13,0.866666666666667,10.2,34,none,0.249945913385791,0.00832023764819277,0.00890045653388538,0.0119464403953862,0.0119464403953862,0.974637894502055,0.317474190786225,0.000105309607367722,0.000105309607367722,0.000897719185532834,0.000897719185532834,0.0240636314364575,2,2,0.734056434633119,NaN,NaN,0,1.2
213,13,0.866666666666667,10.2,34,none,0.674500413219376,-0.00271792906799043,0.00286447120867841,-0.00847290531376414,0.00856191031642208,1.00406483355629,0.668464051056553,-2.04649433908094e-05,2.06982014438326e-05,-0.000372788776352655,0.000372788776352655,0.0240636314364575,2,2,0.634757922421916,NaN,NaN,0,1.2
214,13,0.866666666666667,10.2,34,none,0.467051609443533,0.0083749421875387,0.00850186187825896,-0.0107260609591224,0.013855738929115,0.982864955155323,0.477726732372968,0.00020686607324843,0.00020686607324843,0.00139448647796199,0.00139448647796199,0.0240636314364575,2,2,0.613644196644356,NaN,NaN,0,1.2
215,13,0.866666666666667,10.2,34,none,0.445369691392905,-0.0114552693037109,0.0114809453302554,-0.0172650789503451,0.0172650789503451,1.03492447678596,0.338404402579807,0.000128207647257308,0.000128207647257308,0.00137583323196144,0.00137583323196144,0.0240636314364575,2,2,0.655329749335937,NaN,NaN,0,1.2
216,13,0.866666666666667,10.2,34,none,0.847435176278389,0.00221319402376927,0.00221319402376927,0.0014272433002838,0.00851596063011204,0.997562451510459,0.904249274653427,0.000215099040297126,0.000215099040297126,0.00130868091611069,0.00130868091611069,0.0240636314364575,2,2,0.681494819782116,NaN,NaN,0,1.2
217,13,0.866666666666667,10.2,34,none,0.358935008707022,0.0169727050263842,0.0169727050263842,0.00356349226824591,0.00861506006580449,0.96516350520314,0.467146793157182,6.69271972964693e-05,6.69271972964693e-05,0.000564371534064063,0.000564371534064063,0.0240636314364575,2,2,0.593049528054212,NaN,NaN,0,1.2
218,13,0.866666666666667,10.2,34,none,0.349844227102502,-0.0138201853205717,0.0138212513805332,-0.0244415824687337,0.0244415824687337,1.04211038572875,0.34105813609202,0.000117363188412835,0.000117515589645773,0.000764203034497709,0.000764203034497709,0.0240636314364575,2,2,0.665874963974067,NaN,NaN,0,1.2
219,13,0.866666666666667,10.2,34,none,0.496912445828087,0.00653693700599413,0.00653693700599413,0.00637646518647025,0.00637646518647025,0.988397164181942,0.554868151742659,0.000111469093607522,0.000111469093607522,0.000493763997533981,0.000493763997533981,0.0240636314364575,2,2,0.609060089311438,NaN,NaN,0,1.2
220,13,0.866666666666667,10.2,34,none,0.27818400380262,-0.00131295625789242,0.00314134213532508,-0.0170320511376012,0.0170320511376012,1.00485377760618,0.271136856984959,8.29758933673946e-05,8.42945257009904e-05,0.00120729412817848,0.00120729412817848,0.0240636314364575,2,2,0.6678637869072,NaN,NaN,0,1.2
221,13,0.866666666666667,10.2,34,none,0.681133075162703,0.00437262792574105,0.00441517346341517,-0.00114401517660736,0.00300308456918928,0.994046852296508,0.728286481102597,0.000205609788829083,0.000205609788829083,0.00146312217093141,0.00146312217093141,0.0240636314364575,2,2,0.777925412331233,NaN,NaN,0,1.2
222,13,0.866666666666667,10.2,34,none,0.857428496491087,0.000539093712266044,0.000662579914571059,-0.00255090890423727,0.0031455483217996,0.999348719487776,0.826442804028363,2.40787564247212e-05,2.61068237061144e-05,0.000241251003532459,0.000241251003532459,0.0240636314364575,2,2,0.78387770677207,NaN,NaN,0,1.2
223,13,0.866666666666667,10.2,34,none,0.700443572975692,0.00589132566588204,0.00589132566588204,0.00678050587891875,0.00777820741428509,0.992400066885861,0.765738040593243,8.3565130280562e-05,8.3565130280562e-05,0.000939625607092202,0.000939625607092202,0.0240636314364575,2,2,0.734974862769856,NaN,NaN,0,1.2
224,13,0.866666666666667,10.2,34,none,0.421163045800885,0.00137378536923603,0.00166077423717073,-0.02176824329393,0.024566829057185,0.996009601142762,0.34163834030209,0.000290952602777239,0.000290954098161996,0.00241275739883492,0.00241275739883492,0.0240636314364575,2,2,0.685771165055266,NaN,NaN,0,1.2
225,13,0.866666666666667,10.2,34,none,0.373507593299514,0.00333143842910059,0.00353807304176916,0.00640641914884888,0.00640641914884888,0.992493527972574,0.437867653470338,2.62153549327215e-05,2.62153549327215e-05,4.37335341995931e-05,8.49222250083809e-05,0.0240636314364575,2,2,0.667597282385132,NaN,NaN,0,1.2
226,13,0.866666666666667,10.2,34,none,0.583349788947039,-0.0256670751899165,0.0256670751899165,-0.0103082865801743,0.0103082865801743,1.04814257390923,0.555674916032394,0.000189640768114427,0.000189640768114427,0.00101309823612049,0.00101309823612049,0.0240636314364575,2,2,0.707633051275099,NaN,NaN,0,1.2
227,13,0.866666666666667,10.2,34,none,0.918427650421985,0.00831794144009076,0.00831794144009076,-0.0150621990502608,0.018497690399413,0.990664515456283,0.882147708859907,0.000223427139748151,0.000223427139748151,0.00208527575446758,0.00208527575446758,0.0240636314364575,2,2,0.674609802992367,NaN,NaN,0,1.2
228,13,0.866666666666667,10.2,34,none,0.882977028523904,-0.00230472398920677,0.00236817364033288,-0.00765640487641979,0.00765640487641979,1.00256863950612,0.898085998443473,0.000111561383252365,0.000111576007261705,0.000516254545599284,0.000516254545599284,0.0240636314364575,2,2,0.63959328513959,NaN,NaN,0,1.2
229,13,0.866666666666667,10.2,34,none,0.337913240441904,0.00423576099661782,0.00528997944059679,0.0155879619389071,0.0155879619389071,0.98922770626544,0.384455269426206,4.30216445799981e-05,4.34363531025338e-05,0.000823277964057585,0.000823277964057585,0.0240636314364575,2,2,0.676540381792251,NaN,NaN,0,1.2
230,13,0.866666666666667,10.2,34,none,0.335910998664979,-0.00133020805277886,0.00175820576168282,-0.00821560579503851,0.00827433471360477,1.00356853523598,0.372645795745259,1.95640935570654e-05,1.97551679329849e-05,-0.000382823553054303,0.000404860180178517,0.0240636314364575,2,2,0.659739547678716,NaN,NaN,0,1.2
201,13,0.866666666666667,18,60,hold,0.255017339343908,-0.00433473624401781,0.00454985706754916,-0.00232307819460892,0.00329303404604258,1.02497572947535,0.171476497925657,0.000105040065718525,0.00010530396672486,0.000852778700682448,0.000852778700682448,0.180477235773431,15,2,0.468812245264287,0.0977201942085049,0.186462463102363,15600,1.2
202,13,0.866666666666667,18,60,hold,0.265746187490233,0.00703560658333841,0.00729402039498226,0.011602888141848,0.011602888141848,0.973571797129863,0.250326231421681,9.19910200670495e-05,9.19911435374093e-05,0.00089972275338562,0.00089972275338562,0.180477235773431,15,2,0.342204203006261,0.102988907663407,0.185587248274367,15600,1.2
203,13,0.866666666666667,18,60,hold,0.210691349248003,0.00606101829105086,0.00606119032253601,0.00930576909853654,0.00930576909853654,0.970159251534283,0.171007411511283,5.64443879517952e-05,5.64519008329216e-05,0.000646399241891214,0.000646399241891214,0.180477235773431,15,2,0.40396813004101,0.0939412289344001,0.184373509213724,15600,1.2
204,13,0.866666666666667,18,60,hold,0.359495153802557,-0.00858575625873295,0.00858788159733177,0.0212837532219369,0.0219360608781015,1.03805204729423,0.222868978330234,0.000272947041088005,0.000272949130788407,0.00193762785996247,0.00193762785996247,0.180477235773431,15,2,0.575344195273899,0.165911225611587,0.412780273560742,15600,1.2
205,13,0.866666666666667,18,60,hold,0.70015870254017,0.00373504720397134,0.00373560791404653,0.0052724056543785,0.00555069463908673,0.994330127099441,0.635419397145445,8.07138308738483e-05,8.07138308738483e-05,0.000460969805141397,0.000460969805141397,0.180477235773431,15,2,0.459725153253395,0.0822360582218762,0.165575229518379,15600,1.2
206,13,0.866666666666667,18,60,hold,0.704274218716452,4.53869477953099e-05,0.00117939755749486,-0.00182179411599603,0.00354314209414159,0.999928092264875,0.620705425289734,9.38085253240489e-05,9.3808527707633e-05,0.000548454847224347,0.000548454847224347,0.180477235773431,15,2,0.436206975675518,0.147854038127538,0.318422242686298,15600,1.2
207,13,0.866666666666667,18,60,hold,0.38959595460555,0.000600833465069089,0.00167568653323204,0.00160977242419684,0.00228894767190189,0.998325844344688,0.354813741483827,7.38353056024895e-05,7.38371512307221e-05,0.000729135578970077,0.000729135578970077,0.180477235773431,15,2,0.433917037662309,0.109530911808229,0.236382185820509,15600,1.2
208,13,0.866666666666667,18,60,hold,0.521825513218961,0.0103967158131897,0.0104025094380208,0.0138541152752668,0.0138541152752668,0.982347955531052,0.552837773548649,0.00012934272668294,0.00012934272668294,0.000819822590575202,0.000819822590575202,0.180477235773431,15,2,0.460124840947865,0.126504859706444,0.26751868855137,15600,1.2
209,13,0.866666666666667,18,60,hold,0.757883941146569,0.00941224656172887,0.00941224656172887,0.0232176391631518,0.0232176391631518,0.988216695386817,0.763864933034389,0.000397134719195287,0.000397134719195287,0.00344778670696899,0.00344778670696899,0.180477235773431,15,2,0.555348233370533,0.174008835413333,0.355156344815152,15600,1.2
210,13,0.866666666666667,18,60,hold,0.698492318522336,0.00843281133362254,0.00878680347057795,0.0105266531653277,0.010695367369069,0.986593254682944,0.591516627290294,0.000218285303656447,0.000218285303656447,0.00209995163611756,0.00209995163611756,0.180477235773431,15,2,0.551488329579692,0.143940568134218,0.327518782254931,15600,1.2
211,13,0.866666666666667,18,60,hold,0.256447192560495,-0.00133472763472777,0.00153197187830021,-0.00604591443541093,0.00604591443541093,1.00408095838283,0.306151365457094,2.45235992433775e-05,2.45264505472131e-05,0.000319600307016957,0.000319600307016957,0.180477235773431,15,2,0.310416722917153,0.0759311095485207,0.0862932155211573,15600,1.2
212,13,0.866666666666667,18,60,hold,0.249945913385791,0.00438353304302748,0.00438405391244789,0.0108978046281865,0.0108978046281865,0.986915447162614,0.31486907386613,8.47460544873853e-05,8.47464998460889e-05,0.000761455439633093,0.000761455439633093,0.180477235773431,15,2,0.523124849388775,0.10742271083706,0.190105275401022,15600,1.2
213,13,0.866666666666667,18,60,hold,0.674500413219376,0.00573633157666715,0.00580828275243386,0.0019090678040814,0.00195493866349002,0.991449943196469,0.662943945025878,2.75600177710981e-05,2.75627022535678e-05,0.000197195402381783,0.000197195402381783,0.180477235773431,15,2,0.380678840302194,0.0478143317238579,0.0907742388855528,15600,1.2
214,13,0.866666666666667,18,60,hold,0.467051609443533,0.0120631514001413,0.012125712035912,0.00702722376575356,0.00702722376575356,0.975409996326675,0.471188156749808,1.07408307557168e-05,2.04095033191715e-05,0.000308234575048708,0.000308234575048708,0.180477235773431,15,2,0.391464212484209,0.154699409150935,0.325276033732455,15600,1.2
215,13,0.866666666666667,18,60,hold,0.445369691392905,0.00504138694844278,0.00504138694844278,0.010615222941894,0.010615222941894,0.984051923635996,0.283675471041445,0.000166493790326162,0.000166496555202094,0.00163555091686995,0.00163555091686995,0.180477235773431,15,2,0.523112459343773,0.0977589025619258,0.162283107877801,15600,1.2
216,13,0.866666666666667,18,60,hold,0.847435176278389,0.00217874587927492,0.00218684052533507,0.000434483315754985,0.00105420397582015,0.997601417755726,0.903246460243275,3.01074473478884e-05,3.01306458085363e-05,0.000237788029151478,0.000237788029151478,0.180477235773431,15,2,0.494359119395299,0.0384326594353883,0.0847861996602221,15600,1.2
217,13,0.866666666666667,18,60,hold,0.358935008707022,0.00493759001658945,0.00499762717163114,0.000929699679643142,0.00405739744536578,0.990074143264239,0.470519210940584,4.40771727658412e-05,4.40804901800475e-05,0.000496536485317309,0.000496536485317309,0.180477235773431,15,2,0.522312117420944,0.106253942615799,0.164791575843233,15600,1.2
218,13,0.866666666666667,18,60,hold,0.349844227102502,-0.00169363876480029,0.00206722480458647,0.000585319040249474,0.00139136019414923,1.00533278510656,0.300427679220763,8.26510704025119e-05,8.26513637826117e-05,0.000528657785435517,0.000528657785435517,0.180477235773431,15,2,0.346630867026019,0.146141518836499,0.119287496500333,15600,1.2
219,13,0.866666666666667,18,60,hold,0.496912445828087,-0.00673855309167338,0.00675142813674328,-0.0124738182538933,0.0124738182538933,1.0119863208784,0.561117024792434,3.16601217124096e-05,3.25533924314438e-05,0.000310432610652402,0.000310432610652402,0.180477235773431,15,2,0.390019224578863,0.128791940649726,0.161643943876185,15600,1.2
220,13,0.866666666666667,18,60,hold,0.27818400380262,-0.00459926190068127,0.00484590223674531,-0.018435848874823,0.018435848874823,1.0175175034053,0.25637431996647,0.000187669781123853,0.000187671984458342,0.00153147943280296,0.00153147943280296,0.180477235773431,15,2,0.457927408091686,0.0821427686922876,0.126111216951142,15600,1.2
221,13,0.866666666666667,18,60,hold,0.681133075162703,0.00502855432686311,0.0050285792678418,0.00196941417406387,0.00214384564738643,0.993183248075773,0.727926470075587,7.59208358486321e-05,7.59208358486321e-05,0.000424204813961015,0.000424204813961015,0.180477235773431,15,2,0.514736824736894,0.0674172233770619,0.114265619336873,15600,1.2
222,13,0.866666666666667,18,60,hold,0.857428496491087,0.0092883294740002,0.0092907107491949,-0.0150083246392641,0.0194559365859354,0.988792331873413,0.81333007645459,7.49219496956462e-05,7.95411160168569e-05,0.00335600915029835,0.00335600915029835,0.180477235773431,15,2,0.53417161237464,0.18911998010736,0.332188366372209,15600,1.2
223,13,0.866666666666667,18,60,hold,0.700443572975692,0.00226817862611353,0.00249832382675167,0.00637919564041827,0.00644838331666861,0.997093222733535,0.768181610809813,3.13001100892635e-05,3.13001262902633e-05,0.000288603328307779,0.000288603328307779,0.180477235773431,15,2,0.436303861382269,0.0633577166580651,0.0894973775912122,15600,1.2
224,13,0.866666666666667,18,60,hold,0.421163045800885,-0.00304309739686363,0.00345271238881277,0.0103009490591531,0.0103119369704352,1.00875175209546,0.342972701956247,2.21795890629271e-05,2.24395991532955e-05,-0.000112352184227337,0.000129111488610899,0.180477235773431,15,2,0.516441564924063,0.190956504859911,0.489093846131058,15600,1.2
225,13,0.866666666666667,18,60,hold,0.373507593299514,0.00628072936751958,0.00628474903263713,0.000502670987463619,0.00257971495246497,0.98596503443545,0.438771640468793,7.20004535672938e-05,7.20045100064913e-05,0.000533769619657674,0.000533769619657674,0.180477235773431,15,2,0.36252354823442,0.076198328848705,0.122576312302533,15600,1.2
226,13,0.866666666666667,18,60,hold,0.583349788947039,9.28056702496349e-05,0.000860052738736674,0.000899348465103258,0.00122886714619293,0.999823668472596,0.513755100736683,1.17030500590235e-05,1.17031886380283e-05,0.000182537060892664,0.000182537060892664,0.180477235773431,15,2,0.480840218919683,0.103382872759351,0.139884551332446,15600,1.2
227,13,0.866666666666667,18,60,hold,0.918427650421985,0.00268572014814977,0.00271644384308281,-0.000458543124400318,0.00115761194841121,0.996995156671297,0.885541545758317,0.000243923073909178,0.000243931677657378,0.00107468032159355,0.00107468032159355,0.180477235773431,15,2,0.53178238304352,0.138675136870941,0.268035696019422,15600,1.2
228,13,0.866666666666667,18,60,hold,0.882977028523904,0.0034558703032108,0.0034558703032108,-0.000134118765605789,0.00945252704775935,0.996143438017787,0.8856708039108,4.42575285974849e-05,4.4404444754949e-05,0.000938937501697386,0.000938937501697386,0.180477235773431,15,2,0.568298611066534,0.105684530245611,0.21835839916778,15600,1.2
229,13,0.866666666666667,18,60,hold,0.337913240441904,0.000193351610263296,0.000720509350274838,0.00192590335507104,0.00199946299842483,0.999517966646066,0.382768613829375,4.87919100474391e-05,4.87919100474391e-05,0.000388270500446936,0.000388270500446936,0.180477235773431,15,2,0.382206665448221,0.0945623253859508,0.113738571996762,15600,1.2
230,13,0.866666666666667,18,60,hold,0.335910998664979,-0.000820352991741964,0.00188286412870927,0.00422466983940783,0.00423566862598746,1.00220470964537,0.370436824929538,2.51288051730951e-05,2.51288381110659e-05,0.000227166288667939,0.000227166288667939,0.180477235773431,15,2,0.382514635439221,0.069688257603729,0.117420087067249,15600,1.2
201,13,0.866666666666667,18,60,kalman,0.255017339343908,0.0118343037358486,0.0118627374909473,0.0260227879352674,0.0260227879352674,0.931813528667726,0.143591757557934,-5.7545009715317e-05,5.7545043575565e-05,-0.000418386543397228,0.000418386543397228,0.180477235773431,15,2,0.452670333014444,0.0935941948328269,0.122566191551787,15600,1.2
202,13,0.866666666666667,18,60,kalman,0.265746187490233,0.00481206136271593,0.00537696004230543,0.0126644424317082,0.0126644424317082,0.981924211876972,0.254386023269686,5.90310435124142e-05,5.90313450729888e-05,0.000342304637380939,0.000342304637380939,0.180477235773431,15,2,0.325848127065636,0.0948174944731467,0.116650154087571,15600,1.2
203,13,0.866666666666667,18,60,kalman,0.210691349248003,0.00439705656641643,0.00439705656641643,0.00442469253967674,0.00474423505724541,0.978351581749605,0.177873163783321,3.6746170797806e-07,1.00517635390175e-05,0.000116452593823612,0.000116452593823612,0.180477235773431,15,2,0.389300216997414,0.077285173995018,0.109445966006544,15600,1.2
204,13,0.866666666666667,18,60,kalman,0.359495153802557,0.00372211151456634,0.00383707190831492,0.0133731713837196,0.0133731713837196,0.983503612364654,0.214272492582617,3.69139624032839e-06,4.69402451803505e-06,-7.99072547343631e-05,0.000102959754509748,0.180477235773431,15,2,0.560695171948616,0.087942507511402,0.166577405222422,15600,1.2
205,13,0.866666666666667,18,60,kalman,0.70015870254017,-0.00647238754822326,0.00647239781549076,-0.0106410854968395,0.0106410854968395,1.0098252077571,0.662033084779173,7.10257651977482e-05,7.10257651977482e-05,9.7089942898454e-06,0.000181754840766901,0.180477235773431,15,2,0.451727963403146,0.0818948344585994,0.127890900394628,15600,1.2
206,13,0.866666666666667,18,60,kalman,0.704274218716452,0.00334249831139713,0.00341028948453353,0.0102662319833995,0.0102662319833995,0.994704392013442,0.614024041408822,-3.22063848285185e-05,3.29071653427215e-05,-0.000584217650407811,0.000584217650407811,0.180477235773431,15,2,0.417118027216536,0.116447967389867,0.155294350327339,15600,1.2
207,13,0.866666666666667,18,60,kalman,0.38959595460555,0.00205794864691968,0.00226256265686295,0.00471812520379463,0.00471812520379463,0.99426575487904,0.350084819534944,-2.82059701195834e-05,2.82061916888463e-05,-0.000345587142214338,0.000345587142214338,0.180477235773431,15,2,0.420843791028543,0.0742151940621539,0.12995553566483,15600,1.2
208,13,0.866666666666667,18,60,kalman,0.521825513218961,-0.00037655986882438,0.001280562199088,0.0229813531310613,0.0229813531310613,1.00063934146793,0.552874212172288,-2.7834075915605e-05,2.79110006546022e-05,-0.00101552046384189,0.00101552046384189,0.180477235773431,15,2,0.443141801128107,0.126728614291969,0.146533188082405,15600,1.2
209,13,0.866666666666667,18,60,kalman,0.757883941146569,0.0073125286561731,0.0073125286561731,0.0229270381366018,0.0229270381366018,0.990845357473031,0.768337987368059,0.000120552337325609,0.000120552337325609,0.000785356651262194,0.000785356651262194,0.180477235773431,15,2,0.544833921341949,0.124143912896299,0.197522109656988,15600,1.2
210,13,0.866666666666667,18,60,kalman,0.698492318522336,0.00422654942985518,0.00454795077844212,0.0165348873779911,0.0165348873779911,0.993280500471997,0.604566854566106,-9.60307983390353e-06,1.40421504976308e-05,-0.000369033208538766,0.000369033208538766,0.180477235773431,15,2,0.539923202150258,0.100125588645175,0.180727301668657,15600,1.2
211,13,0.866666666666667,18,60,kalman,0.256447192560495,-6.27160087660635e-05,0.00202924305827982,-0.00558655233105351,0.00563937710688836,1.00019175554252,0.306151003841998,4.24275629913799e-05,4.24275724429731e-05,0.000455262949801497,0.000455262949801497,0.180477235773431,15,2,0.303133152919735,0.102509578171027,0.115093320255383,15600,1.2
212,13,0.866666666666667,18,60,kalman,0.249945913385791,0.00202504015932419,0.00246172789322339,-7.81184847738958e-05,0.00173029685969463,0.993955390617016,0.314867913453259,-4.0374861657369e-05,4.03921026545064e-05,-0.00017823388204095,0.00017823388204095,0.180477235773431,15,2,0.510563008998711,0.0806101259797154,0.108745183194345,15600,1.2
213,13,0.866666666666667,18,60,kalman,0.674500413219376,-0.00666615464421349,0.00666627546789971,-0.0457796162350565,0.0457796162350565,1.00993596693416,0.668438384355472,-4.52953852212686e-05,4.53332229809496e-05,-0.00106345686737006,0.00106345686737006,0.180477235773431,15,2,0.377548025846102,0.0610369876830939,0.106234340627808,15600,1.2
214,13,0.866666666666667,18,60,kalman,0.467051609443533,-0.00441113696239211,0.00458687779629161,-0.0133876296567513,0.0133876296567513,1.00899183559177,0.478783047946741,-5.66958811677454e-06,5.84242373145953e-06,-0.000332465668597663,0.000332465668597663,0.180477235773431,15,2,0.384117205088407,0.144868980574621,0.169940618372014,15600,1.2
215,13,0.866666666666667,18,60,kalman,0.445369691392905,-0.00667598882833498,0.00675087120422385,-0.00550515676521908,0.0055905726816399,1.0211190255238,0.298768584672671,4.70285586914448e-05,4.7029139407892e-05,0.000129104673357085,0.000129104673357085,0.180477235773431,15,2,0.505169755841794,0.0817820643285892,0.115105729519838,15600,1.2
216,13,0.866666666666667,18,60,kalman,0.847435176278389,0.000180092404572555,0.000455434009280956,-0.000343598983145283,0.00136616146148525,0.999801736196935,0.905612025417317,-2.68663302675174e-06,2.68663302675174e-06,-3.70265974589007e-05,3.70265974589007e-05,0.180477235773431,15,2,0.485744957741455,0.0502384747026461,0.105840946223602,15600,1.2
217,13,0.866666666666667,18,60,kalman,0.358935008707022,-0.00587290904289991,0.00590825159016792,-0.0155391410954593,0.0155391410954593,1.01180609438737,0.470519077068983,-2.27470714318399e-05,2.27470714318399e-05,-0.000438485065992126,0.000438485065992126,0.180477235773431,15,2,0.507261648520977,0.0980776261971008,0.115115917703474,15600,1.2
218,13,0.866666666666667,18,60,kalman,0.349844227102502,-0.0031901883235134,0.00360174754921085,-0.0149009420469888,0.0149009420469888,1.01004499255233,0.303089359638323,2.51448108099119e-05,2.57198528130396e-05,-0.000448831898322778,0.000448831898322778,0.180477235773431,15,2,0.327182391226016,0.191170935367156,0.171953910389022,15600,1.2
219,13,0.866666666666667,18,60,kalman,0.496912445828087,-0.0080162347514029,0.00808816365130058,-0.020957710237756,0.020957710237756,1.01425901980139,0.561117025645173,-9.03268713000024e-05,9.03378817963355e-05,-0.000838086021264373,0.000838086021264373,0.180477235773431,15,2,0.382995866905544,0.128457409829684,0.132075041509597,15600,1.2
220,13,0.866666666666667,18,60,kalman,0.27818400380262,-0.000962203395794652,0.00208659289503347,0.000823963971730611,0.00181708498615906,1.00366480570718,0.247879639359331,5.00465913991841e-05,5.00698045898668e-05,-0.000205573804656033,0.000222571056916408,0.180477235773431,15,2,0.446292896486236,0.0779847313598392,0.117045956376938,15600,1.2
221,13,0.866666666666667,18,60,kalman,0.681133075162703,0.00131708862982623,0.001853798271468,0.00520144162871088,0.00520144162871088,0.99821454321299,0.728001212428666,-5.38758923220533e-05,5.38956214636163e-05,-0.000545578653148741,0.000545578653148741,0.180477235773431,15,2,0.50540081410713,0.0645031345700334,0.111016215853959,15600,1.2
222,13,0.866666666666667,18,60,kalman,0.857428496491087,0.00259154777903432,0.00261416148669437,0.0013169336928029,0.00831627499548347,0.996872935276153,0.822935257057775,-3.93275209183965e-05,3.93275265909339e-05,0.000101667167639889,0.000195632844081968,0.180477235773431,15,2,0.525336311986072,0.149782900372452,0.176622486141586,15600,1.2
223,13,0.866666666666667,18,60,kalman,0.700443572975692,-0.00157851414708371,0.0015880213835381,-0.00167131768157412,0.00228921130425378,1.00202293989755,0.768183714483532,4.10608067416366e-06,7.65216607817032e-06,-0.000150112937365042,0.000152054898782097,0.180477235773431,15,2,0.422738219846366,0.0703850189789466,0.111323602798103,15600,1.2
224,13,0.866666666666667,18,60,kalman,0.421163045800885,0.00898987973128506,0.00922166850075861,0.0365167394520673,0.0365167394520673,0.974145684966467,0.322055088627173,-7.20105049373892e-05,7.21591944013213e-05,-0.000787577184241136,0.000787577184241136,0.180477235773431,15,2,0.493422225324136,0.129403849438945,0.21338157864468,15600,1.2
225,13,0.866666666666667,18,60,kalman,0.373507593299514,0.000113396075384379,0.00122749111121004,0.00673796913709123,0.0072809413410529,0.999746604268382,0.440437659375572,-2.91878325367071e-05,2.95420040784589e-05,-0.000392012652908116,0.000392012652908116,0.180477235773431,15,2,0.353803311662888,0.0701214933453546,0.106227212942474,15600,1.2
226,13,0.866666666666667,18,60,kalman,0.583349788947039,0.00272470439060066,0.00284353983268804,0.00816266974062811,0.00816266974062811,0.994823039523058,0.503519697609135,-8.08477320895553e-06,1.23570212721779e-05,-0.000187444008580343,0.000187444008580343,0.180477235773431,15,2,0.468592601479289,0.0895468337562619,0.106661570757717,15600,1.2
227,13,0.866666666666667,18,60,kalman,0.918427650421985,0.00842702510459907,0.00842730208073646,0.0159040815628641,0.0159040815628641,0.990571657220574,0.875742799890671,0.000122211873409174,0.000122226944773247,0.000553089382056543,0.000623354107526738,0.180477235773431,15,2,0.517618600112098,0.183748969418838,0.271143446181363,15600,1.2
228,13,0.866666666666667,18,60,kalman,0.882977028523904,-0.00145913419919193,0.00175849556355811,-0.0376684072693246,0.0376684072693246,1.0016283138503,0.893892850534025,-2.35561198026422e-05,2.44584822867861e-05,-0.00324686030647125,0.00324686030647125,0.180477235773431,15,2,0.54853880266354,0.0929295670962246,0.159894501357757,15600,1.2
229,13,0.866666666666667,18,60,kalman,0.337913240441904,-0.00245231171237581,0.00330613859724366,-0.00892790596982997,0.00892790596982997,1.00611371189513,0.382820567377584,-3.07724145206347e-05,3.36868629985212e-05,-0.000530019613736427,0.000530019613736427,0.180477235773431,15,2,0.374175284455844,0.0927400758904169,0.108757573068144,15600,1.2
230,13,0.866666666666667,18,60,kalman,0.335910998664979,0.00393504119982616,0.00433807977566831,0.00590466438549272,0.00590466438549272,0.989424524106681,0.36041735669901,-3.96685270502091e-05,3.97381519533335e-05,-0.00062596375468729,0.00062596375468729,0.180477235773431,15,2,0.369953142512354,0.0652525050905023,0.104542004375436,15600,1.2
201,13,0.866666666666667,18,60,kalman-gm,0.255017339343908,0.00815078724102119,0.00828473469191948,0.0328067449065509,0.0328067449065509,0.953037083300321,0.154816105864321,4.08767579469523e-05,4.09961517657931e-05,0.000521669721712176,0.000521669721712176,0.180477235773431,15,2,0.465407136296672,0.0720529960347825,0.106958854105293,15600,1.2
202,13,0.866666666666667,18,60,kalman-gm,0.265746187490233,-0.0023845551286802,0.00276526723528328,-0.0144530239570568,0.0145807313960635,1.00895722436286,0.258878594694454,0.000128924563593992,0.000128924563593992,0.00115647523614405,0.00115647523614405,0.180477235773431,15,2,0.331306392768725,0.0929240292134896,0.123045228176141,15600,1.2
203,13,0.866666666666667,18,60,kalman-gm,0.210691349248003,0.00387808218342938,0.00387871428745868,0.00178379492696385,0.00267851196364735,0.980906694319672,0.179219234088784,3.74376669409898e-06,1.55982658913437e-05,0.000396306131000555,0.000396306131000555,0.180477235773431,15,2,0.402236745470211,0.0678117992350589,0.106462552049673,15600,1.2
204,13,0.866666666666667,18,60,kalman-gm,0.359495153802557,-0.00118173056887157,0.00209087876010579,0.0261776305504541,0.0261776305504541,1.00523742651674,0.218336803346405,0.000106405400830222,0.000106405406699059,0.00115547443262114,0.00115547443262114,0.180477235773431,15,2,0.57604536339416,0.103204454228141,0.246017594140558,15600,1.2
205,13,0.866666666666667,18,60,kalman-gm,0.70015870254017,0.00189440654370791,0.00192666771938294,0.00706240296446034,0.00706240296446034,0.997124254731402,0.643642603922286,-1.44297480908689e-05,1.44297561178193e-05,3.79403662807093e-05,3.80777518961839e-05,0.180477235773431,15,2,0.462686010396161,0.0653162993406029,0.104689128098696,15600,1.2
206,13,0.866666666666667,18,60,kalman-gm,0.704274218716452,0.000676950262855034,0.000991527167682473,0.00183334894981332,0.00185907542556574,0.998927489893935,0.621677829704641,4.00580354909956e-05,4.005803780515e-05,0.000263501185542811,0.000263501185542811,0.180477235773431,15,2,0.43365121647946,0.104841962618076,0.213761579612072,15600,1.2
207,13,0.866666666666667,18,60,kalman-gm,0.38959595460555,0.0021848580745594,0.00221615872627168,0.00114281707468766,0.00161462617550699,0.993912135867537,0.352415716113974,4.25642524255814e-05,4.31302606243943e-05,0.000453823147624225,0.000453823147624225,0.180477235773431,15,2,0.428362660345694,0.0801257459887998,0.136670506650646,15600,1.2
208,13,0.866666666666667,18,60,kalman-gm,0.521825513218961,0.00225980073458344,0.00227299651993407,0.00925749342629391,0.00925749342629391,0.996163201555704,0.552680383514718,6.56849831313024e-05,6.585173455138e-05,0.000168925854558573,0.000183349433648437,0.180477235773431,15,2,0.450659340728595,0.118559079403351,0.137094752915436,15600,1.2
209,13,0.866666666666667,18,60,kalman-gm,0.757883941146569,0.0107402582124201,0.0107402582124201,0.0251810567677751,0.0251810567677751,0.986554141637579,0.759455206468989,0.000249847947867673,0.000249847947867673,0.00269333919939923,0.00269333919939923,0.180477235773431,15,2,0.556641741354844,0.131196300394697,0.222015849379771,15600,1.2
210,13,0.866666666666667,18,60,kalman-gm,0.698492318522336,0.00854545112082064,0.00874537517752867,0.0143874472724642,0.0143874472724642,0.986414176451523,0.586920393599282,0.000103401136486183,0.000103401136486183,0.00135106634793742,0.00135106634793742,0.180477235773431,15,2,0.553860852177385,0.0965349011515152,0.182784559178378,15600,1.2
211,13,0.866666666666667,18,60,kalman-gm,0.256447192560495,0.00253138238161487,0.00256251027886185,0.00164581169320313,0.00298524888084377,0.992260244051586,0.306149977601477,3.32733297555204e-05,3.32769948618962e-05,0.000316087023578568,0.000316087023578568,0.180477235773431,15,2,0.312950362526154,0.0875305055746635,0.0597158216511646,15600,1.2
212,13,0.866666666666667,18,60,kalman-gm,0.249945913385791,0.00374772124248382,0.00414093485192389,0.00634049386086178,0.00634049386086178,0.98881330284596,0.314867233185961,6.70567140005541e-05,6.70568853092695e-05,0.000519425125568167,0.000519425125568167,0.180477235773431,15,2,0.513523327146094,0.0884527540001018,0.110797373726893,15600,1.2
213,13,0.866666666666667,18,60,kalman-gm,0.674500413219376,0.00433325415190257,0.0043629736406214,0.00350605616108225,0.00350605616108225,0.993541243450151,0.664916954675169,1.22865712074427e-05,1.2309499865724e-05,9.61683021173254e-05,9.61683021173254e-05,0.180477235773431,15,2,0.384147854506755,0.0436434555903164,0.0555581775538347,15600,1.2
214,13,0.866666666666667,18,60,kalman-gm,0.467051609443533,-0.00437965032279482,0.00503928887409943,-0.0188297479676072,0.0188297479676072,1.00892765198356,0.480295392844235,2.95839981229544e-05,2.95849804556381e-05,0.000209365739658209,0.000209365739658209,0.180477235773431,15,2,0.391064161976445,0.14842252967431,0.259714259567671,15600,1.2
215,13,0.866666666666667,18,60,kalman-gm,0.445369691392905,-0.00356512231656192,0.00398652826911253,-0.00947070063712595,0.00947070063712595,1.0112780160565,0.299906193078257,9.42902343843347e-05,9.42919437363928e-05,0.000971717113254822,0.000971717113254822,0.180477235773431,15,2,0.519602644304859,0.0721523248935791,0.0992734227963066,15600,1.2
216,13,0.866666666666667,18,60,kalman-gm,0.847435176278389,0.00188506803310824,0.00189425798041994,0.000407702495919178,0.000950524292577821,0.997924727818663,0.903800807109307,1.43539443484224e-05,1.44919666405281e-05,0.000133872655376865,0.000133872655376865,0.180477235773431,15,2,0.495663742451022,0.0319074060256269,0.0509524432282995,15600,1.2
217,13,0.866666666666667,18,60,kalman-gm,0.358935008707022,-0.00164843977050275,0.00183799516029553,-0.0104852488076498,0.0104852488076498,1.00331379821827,0.470513379376734,5.15168797464438e-06,5.18436110036602e-06,-5.14966744244133e-05,5.90289170962593e-05,0.180477235773431,15,2,0.521303073367296,0.0819612190913733,0.0795010239459444,15600,1.2
218,13,0.866666666666667,18,60,kalman-gm,0.349844227102502,-0.00304162508433902,0.00336266890771457,-0.00237842509939352,0.00242174895787347,1.00957720931205,0.304972124270722,5.77241304838882e-05,5.77250514708583e-05,0.000421247923995567,0.000421247923995567,0.180477235773431,15,2,0.327694103072477,0.196070028867349,0.179464782741416,15600,1.2
219,13,0.866666666666667,18,60,kalman-gm,0.496912445828087,-0.004754602815313,0.00481983205330519,-0.00847504708863391,0.00847504708863391,1.00845733412179,0.561117027281046,-4.11580767474098e-05,4.11580767474098e-05,-0.000112136149569017,0.000112136149569017,0.180477235773431,15,2,0.393162764944848,0.117311022899932,0.102823860564336,15600,1.2
220,13,0.866666666666667,18,60,kalman-gm,0.27818400380262,-0.00295909903575649,0.00335431186050576,-0.0103480979157822,0.0103480979157822,1.01127051004158,0.252727005894156,0.000135809018633163,0.000135809676653424,0.00111758504263926,0.00111758504263926,0.180477235773431,15,2,0.45777222704877,0.0610162156849576,0.0700840591716001,15600,1.2
221,13,0.866666666666667,18,60,kalman-gm,0.681133075162703,-2.66891893048016e-05,0.00113996460150311,-0.00202725319116782,0.00221626577590019,1.00003618009685,0.727967163998378,1.55688528719722e-05,1.55688528719722e-05,3.57205386814516e-05,4.64005233426787e-05,0.180477235773431,15,2,0.516185887054825,0.0480527099532659,0.0654943491493496,15600,1.2
222,13,0.866666666666667,18,60,kalman-gm,0.857428496491087,0.00517898312693778,0.00520658816060897,-0.0202676977439149,0.022249640004494,0.993750832775431,0.820865731899096,5.46742609263346e-05,6.29372546728536e-05,0.0028657295009253,0.0028657295009253,0.180477235773431,15,2,0.539039420401738,0.156520061021946,0.245705804795461,15600,1.2
223,13,0.866666666666667,18,60,kalman-gm,0.700443572975692,0.000518815224374214,0.000915054447722607,0.00203482972414704,0.00229650278796857,0.999335113962215,0.768183967433929,2.13766982601217e-05,2.1377039290002e-05,0.00015637886561096,0.00015637886561096,0.180477235773431,15,2,0.434929152972022,0.0497369795392204,0.0511766131083515,15600,1.2
224,13,0.866666666666667,18,60,kalman-gm,0.421163045800885,0.00174230160021551,0.00394419352482382,0.0179638110205175,0.0179638110205175,0.994989252826305,0.341621010197582,1.20728366957988e-05,1.20975562197016e-05,4.55980075768497e-05,4.55980075768497e-05,0.180477235773431,15,2,0.507322621241446,0.133006902891807,0.277366645887057,15600,1.2
225,13,0.866666666666667,18,60,kalman-gm,0.373507593299514,0.00454691241867999,0.00455311620026415,-0.000455330932725716,0.00230331501544985,0.989839434962567,0.440434233436927,2.77740952440976e-05,2.77904676657105e-05,0.000256661964780574,0.000256661964780574,0.180477235773431,15,2,0.362130118163504,0.0566312595589963,0.0736298035223595,15600,1.2
226,13,0.866666666666667,18,60,kalman-gm,0.583349788947039,0.000569813143751485,0.00080354387604535,0.00104786422610363,0.00129870173618477,0.998917350397856,0.513409766049013,1.02788030365929e-05,1.02875791586137e-05,0.00015582687999305,0.00015582687999305,0.180477235773431,15,2,0.480939011566201,0.0785492050371985,0.0792956302619548,15600,1.2
227,13,0.866666666666667,18,60,kalman-gm,0.918427650421985,0.00506018040034045,0.00506765152754496,0.00530494240381533,0.00530494240381533,0.994338557824622,0.88228102473422,0.000111414647381047,0.000111468873286947,0.00105593592170721,0.00105593592170721,0.180477235773431,15,2,0.528652027750626,0.153085832881471,0.232286983505707,15600,1.2
228,13,0.866666666666667,18,60,kalman-gm,0.882977028523904,0.00267258777261723,0.00271049857451574,0.00538177034545346,0.00613744633474346,0.997017538421964,0.884212833091292,1.13287089134712e-05,1.26102238462244e-05,0.000543480007525143,0.000543480007525143,0.180477235773431,15,2,0.565181992653899,0.0769941819227112,0.106704429024841,15600,1.2
229,13,0.866666666666667,18,60,kalman-gm,0.337913240441904,0.000155031372937046,0.000719246117104751,0.00209509662068932,0.00221135486122295,0.999613500541526,0.382881145537037,2.5065291896828e-05,2.50715953046275e-05,0.000247269863011327,0.000247269863011327,0.180477235773431,15,2,0.379818053105582,0.0794997168623977,0.0724748500679315,15600,1.2
230,13,0.866666666666667,18,60,kalman-gm,0.335910998664979,0.000413297401282237,0.00192051136648325,0.00474978390689379,0.00476037114392163,0.998889257702251,0.367200977574293,7.84009292815376e-06,7.84119272616753e-06,0.000146360715057017,0.000146360715057017,0.180477235773431,15,2,0.377456384690391,0.0573012900997648,0.0678909130502761,15600,1.2
201,13,0.866666666666667,18,60,mean,0.255017339343908,0.00867642917868713,0.00871208269433878,0.0401070299258418,0.0401070299258418,0.950008458235956,0.153459909503732,-2.74261507655897e-05,2.74261770226214e-05,-3.03727170545906e-05,5.11102642734021e-05,0.180477235773431,15,2,0.4640765346001,0.0936094866913053,0.122609401361254,15600,1.2
202,13,0.866666666666667,18,60,mean,0.265746187490233,0.00251293575032561,0.00337094265060009,0.00719214133284078,0.00719214133284078,0.990560533051052,0.258901359145085,8.06563629067364e-05,8.06567863150929e-05,0.000570336568527696,0.000570336568527696,0.180477235773431,15,2,0.334175410726106,0.0948514453428408,0.116581687366913,15600,1.2
203,13,0.866666666666667,18,60,mean,0.210691349248003,0.00249206942318839,0.00265290632409001,-0.00272511718179682,0.00311621536882275,0.987730573767403,0.182859796969314,1.61821717200537e-06,1.0752751525112e-05,0.00013418823481266,0.00013418823481266,0.180477235773431,15,2,0.399431584736717,0.0773250133926607,0.109466823028691,15600,1.2
204,13,0.866666666666667,18,60,mean,0.359495153802557,0.00472924380386728,0.00484623922209873,0.0112495756385191,0.0112495756385191,0.979040004925875,0.211237363558051,4.05337510543185e-05,4.05917850739917e-05,0.000398856927403177,0.000398856927403177,0.180477235773431,15,2,0.57565816438345,0.0878140096337055,0.165837585424645,15600,1.2
205,13,0.866666666666667,18,60,mean,0.70015870254017,-0.00571671872436938,0.00571672958229862,-0.0110931253621889,0.0110931253621889,1.00867808806833,0.66078623635598,8.22773395693389e-05,8.22773395693389e-05,0.000337448795954345,0.000337448795954345,0.180477235773431,15,2,0.463530675001733,0.0819686888935317,0.127847692093574,15600,1.2
206,13,0.866666666666667,18,60,mean,0.704274218716452,0.00388451610192396,0.00389435072838814,0.00489789305827647,0.00558285910233656,0.993845658972176,0.611038666763887,1.37128615975266e-05,1.37128640536675e-05,0.000294878819385231,0.000294878819385231,0.180477235773431,15,2,0.427815828344402,0.116784127265273,0.155374258669637,15600,1.2
207,13,0.866666666666667,18,60,mean,0.38959595460555,0.00237729362137078,0.00237921172764715,0.000886758705448642,0.00128257784700365,0.99337593560955,0.35224462874414,-3.98026787752729e-06,8.43861361679021e-06,5.96531224437269e-05,5.96531224437269e-05,0.180477235773431,15,2,0.4323507497583,0.0743724585272302,0.130662693881902,15600,1.2
208,13,0.866666666666667,18,60,mean,0.521825513218961,-0.00292417377642685,0.00302668216497194,-0.00324573757964752,0.00360897827439727,1.00496480296893,0.552874075761851,-2.48293087911841e-05,2.49221449399794e-05,-0.000180998010549582,0.000180998010549582,0.180477235773431,15,2,0.45517902003681,0.126332889804155,0.145440720020712,15600,1.2
209,13,0.866666666666667,18,60,mean,0.757883941146569,0.00915476210871568,0.00915476210871568,0.0193200138439746,0.0193200138439746,0.988539043268708,0.763682118600589,0.000133030052269321,0.000133030052269321,0.0013450980493919,0.0013450980493919,0.180477235773431,15,2,0.55897279892026,0.124184958089967,0.196443969963833,15600,1.2
210,13,0.866666666666667,18,60,mean,0.698492318522336,0.00537793776649439,0.0059277860257029,0.015926482038908,0.015926482038908,0.99144998754106,0.595363594146998,4.26984155398718e-05,4.26984155398718e-05,0.000560578840715688,0.000560578840715688,0.180477235773431,15,2,0.553865426536501,0.100576470858577,0.182236432709371,15600,1.2
211,13,0.866666666666667,18,60,mean,0.256447192560495,0.00343631081463943,0.00355723985276741,0.0109454981504085,0.0109454981504085,0.989493405950295,0.306151010657625,2.69464805922085e-05,2.69464901988944e-05,0.000320473022008261,0.000320473022008261,0.180477235773431,15,2,0.311292872161273,0.102410747854647,0.115097764324721,15600,1.2
212,13,0.866666666666667,18,60,mean,0.249945913385791,0.00249112552346497,0.00264304264826037,0.00233117126323114,0.00253828127573153,0.992564156990174,0.3148680023583,-2.68062561964201e-05,2.68258494841818e-05,-0.000189108336381344,0.000189108336381344,0.180477235773431,15,2,0.523612186405234,0.0805977056876981,0.108594526540462,15600,1.2
213,13,0.866666666666667,18,60,mean,0.674500413219376,-0.00485455145074351,0.00485466854236078,-0.0159325227341538,0.0159325227341538,1.00723575513458,0.667185107859243,-2.78243035324967e-05,2.78696296142476e-05,-0.00037787186109101,0.00037787186109101,0.180477235773431,15,2,0.387251645810219,0.0610421455194905,0.106468142227294,15600,1.2
214,13,0.866666666666667,18,60,mean,0.467051609443533,-0.00195986199859855,0.00210048564208523,-0.00343662811529224,0.00350980686693324,1.00399506000929,0.478783343582638,-4.70523412782198e-06,4.71693242869442e-06,-0.000220566409824963,0.000220566409824963,0.180477235773431,15,2,0.39445608448795,0.144754257873332,0.169655585673633,15600,1.2
215,13,0.866666666666667,18,60,mean,0.445369691392905,-0.00688959750401201,0.00696074526176821,-0.011058247098354,0.011058247098354,1.0217947616866,0.303156761550836,5.99571972525516e-05,5.99578051972943e-05,0.000217355505994773,0.000217355505994773,0.180477235773431,15,2,0.518467154217572,0.0817431760463509,0.11529980924374,15600,1.2
216,13,0.866666666666667,18,60,mean,0.847435176278389,0.000850346103196535,0.00088814244838619,0.000714345447122807,0.00091626413710396,0.999063853621473,0.905612413929423,-3.4580308223009e-07,1.1113203617491e-06,-7.8603302522573e-07,2.88474006225781e-06,0.180477235773431,15,2,0.498839438147692,0.050410152320219,0.106001485487742,15600,1.2
217,13,0.866666666666667,18,60,mean,0.358935008707022,-0.00282878739072537,0.00287401623163995,-0.00219828182493592,0.00239655955299623,1.00568660789615,0.47051904681644,-2.07566921285568e-05,2.07566921285568e-05,-0.000172936017055497,0.000172936017055497,0.180477235773431,15,2,0.521286458186094,0.0981597715926431,0.115660170440111,15600,1.2
218,13,0.866666666666667,18,60,mean,0.349844227102502,-0.000418994918676884,0.00186018014324638,0.00435680970637831,0.00435680970637831,1.00131929541794,0.294732977348786,3.48817578935919e-05,3.48829577231258e-05,3.88505887507695e-05,4.05730998565357e-05,0.180477235773431,15,2,0.335564887603961,0.191170888980165,0.171712545025263,15600,1.2
219,13,0.866666666666667,18,60,mean,0.496912445828087,-0.00546881985610104,0.00553913092259029,-0.0148798170709596,0.0148798170709596,1.00972776035591,0.561117025609163,-7.68525905773411e-05,7.68620805216882e-05,-0.000447829656709482,0.000447829656709482,0.180477235773431,15,2,0.393702630492396,0.128729796064451,0.132341527564877,15600,1.2
220,13,0.866666666666667,18,60,mean,0.27818400380262,0.000643263734089468,0.00143805500113959,0.00172985449098555,0.00191603940051299,0.997549960211931,0.244410334592376,8.62261177742796e-05,8.62492070161388e-05,0.000447775283181541,0.000447775283181541,0.180477235773431,15,2,0.458046182683241,0.0780870492130691,0.117228652213135,15600,1.2
221,13,0.866666666666667,18,60,mean,0.681133075162703,0.00104222802422965,0.00188098221674629,0.00166251228092159,0.00171944061395228,0.998587146637415,0.728001854139403,-3.24823217740656e-05,3.25964900450619e-05,-0.000326372996341608,0.000326372996341608,0.180477235773431,15,2,0.518694039628481,0.0645151295867839,0.111077206102415,15600,1.2
222,13,0.866666666666667,18,60,mean,0.857428496491087,0.00113654999489985,0.00131261329322019,-0.0118545595487994,0.0127314172510763,0.99862859352828,0.822206547825859,3.85803677452797e-07,6.82361640871552e-06,0.00100226986251797,0.00100226986251797,0.180477235773431,15,2,0.538928663838797,0.149306058875253,0.176991574844542,15600,1.2
223,13,0.866666666666667,18,60,mean,0.700443572975692,-0.000445896664657484,0.00148084980069755,-0.00230180652003365,0.00275939280480914,1.00057143748429,0.768183707380343,1.89956740068997e-06,5.23560650652529e-06,-7.93228111262528e-05,8.07195341263928e-05,0.180477235773431,15,2,0.43334550572689,0.0703731553281167,0.111293809665156,15600,1.2
224,13,0.866666666666667,18,60,mean,0.421163045800885,0.00671318697282503,0.00699977873650755,0.0269490503061208,0.0269490503061208,0.98069330668903,0.328954940673159,-4.50063921571297e-05,4.52537985846486e-05,-0.000281775063502871,0.000281775063502871,0.180477235773431,15,2,0.505606204133061,0.129608190375678,0.212992930203563,15600,1.2
225,13,0.866666666666667,18,60,mean,0.373507593299514,0.00243998756995545,0.00246666130466813,0.00152001598828603,0.00231232343583487,0.994547585237576,0.440437756108573,-1.04203377225739e-06,4.88040239452943e-06,-0.000137541609371604,0.000137541609371604,0.180477235773431,15,2,0.362921451022393,0.0700196159665495,0.106684117673084,15600,1.2
226,13,0.866666666666667,18,60,mean,0.583349788947039,0.000206204568243793,0.000633725399627666,0.000678512656281021,0.000726215979088749,0.999608209645184,0.514527940872053,3.8214889144512e-06,4.02141087777336e-06,5.53157775574822e-05,5.53157775574822e-05,0.180477235773431,15,2,0.480560897353448,0.0895530692563126,0.106591013152094,15600,1.2
227,13,0.866666666666667,18,60,mean,0.918427650421985,0.00842020415624573,0.00842046866244777,0.00959149874687508,0.00959149874687508,0.990579288649027,0.875099416583764,0.000138974462525377,0.000138989563896708,0.00120662522206621,0.00120662522206621,0.180477235773431,15,2,0.531203999268573,0.184222332776986,0.273567812289685,15600,1.2
228,13,0.866666666666667,18,60,mean,0.882977028523904,0.00243145420427549,0.00243612396487668,-0.0255614087558711,0.0269410091580902,0.997286630277477,0.887713304997204,1.55040280104685e-06,2.76666090908105e-06,-0.000419597832915501,0.000421163618557697,0.180477235773431,15,2,0.562778042285629,0.092503659911461,0.159974991803406,15600,1.2
229,13,0.866666666666667,18,60,mean,0.337913240441904,2.13131395578714e-05,0.00120517814682365,-0.000956423086047082,0.00217116721140461,0.999946865484441,0.382819432705803,1.13954397080007e-05,1.13954397080007e-05,-3.14954314396809e-05,3.79294314605871e-05,0.180477235773431,15,2,0.383475529996964,0.0921703442864086,0.108435609545151,15600,1.2
230,13,0.866666666666667,18,60,mean,0.335910998664979,0.003618183364858,0.00412749856129751,0.00632222408835666,0.00633268797883064,0.99027608377916,0.359259385115098,-2.97480792870527e-05,2.98165506241566e-05,-0.000448004871200379,0.000448004871200379,0.180477235773431,15,2,0.380143318733828,0.0652054394469696,0.104438312238933,15600,1.2
201,13,0.866666666666667,18,60,none,0.255017339343908,0.00650920710489044,0.00655443583572439,0.00735557966551151,0.00773914266740912,0.962495481478225,0.164575345905789,-4.02650258296865e-05,5.20596347501341e-05,0.000347594806879131,0.000347594806879131,0.0240636314364575,2,2,0.740837203242205,NaN,NaN,0,1.2
202,13,0.866666666666667,18,60,none,0.265746187490233,0.00105485887770115,0.0022379523305964,-0.0146325063175046,0.0147582960570854,0.996037580542768,0.259037503885779,0.000379099668358404,0.000379114806489416,0.00301217324295434,0.00301217324295434,0.0240636314364575,2,2,0.57728714428795,NaN,NaN,0,1.2
203,13,0.866666666666667,18,60,none,0.210691349248003,-0.0199983291867055,0.0199983291867055,-0.00576138911834138,0.0224471676663087,1.09845954629047,0.222016439306105,0.000497425173440726,0.000497425173440726,0.00346123990857188,0.00346123990857188,0.0240636314364575,2,2,0.535769631701901,NaN,NaN,0,1.2
204,13,0.866666666666667,18,60,none,0.359495153802557,0.000609111432521337,0.0067261626657214,0.041282321670801,0.041282321670801,0.997300419865265,0.224150345956785,0.00102181393880734,0.00102181393880734,0.00735531642613877,0.00735531642613877,0.0240636314364575,2,2,0.73235502055312,NaN,NaN,0,1.2
205,13,0.866666666666667,18,60,none,0.70015870254017,-0.0070466149069483,0.00705665398657577,-0.0806420581907874,0.0806420581907874,1.01069689584086,0.665108782206202,0.000187434789024793,0.000190372287401931,0.00264238473599302,0.00264238473599302,0.0240636314364575,2,2,0.777628288858943,NaN,NaN,0,1.2
206,13,0.866666666666667,18,60,none,0.704274218716452,-0.00848977500927885,0.00868300881850376,-0.00916704494802437,0.00916704494802437,1.01345057383871,0.639230909900783,0.000253097570971524,0.000253253416295786,0.000633469701703345,0.000633469701703345,0.0240636314364575,2,2,0.631459281867672,NaN,NaN,0,1.2
207,13,0.866666666666667,18,60,none,0.38959595460555,-0.0124102001772399,0.0124102001772399,0.00562814885639752,0.00876980437991326,1.0345796431427,0.369388445815389,0.000456207874252037,0.000456207874252037,0.00223445275862146,0.00223445275862146,0.0240636314364575,2,2,0.700158132549453,NaN,NaN,0,1.2
208,13,0.866666666666667,18,60,none,0.521825513218961,0.0350991090335676,0.0350991090335676,0.0565449419144858,0.0565449419144858,0.940407043472807,0.552299058261078,0.000627348129586631,0.000627377495395642,0.00658468395236207,0.00658468395236207,0.0240636314364575,2,2,0.649881921656496,NaN,NaN,0,20.1
209,13,0.866666666666667,18,60,none,0.757883941146569,-0.00558293811655837,0.0081755906062053,-0.0184444499902519,0.0281762311934952,1.0069893473394,0.802315091399097,0.0016756414399875,0.0016756414399875,0.00852638658600762,0.00852638658600762,0.0240636314364575,2,2,0.719429938786675,NaN,NaN,0,1.2
210,13,0.866666666666667,18,60,none,0.698492318522336,-0.0148932716178234,0.0148966945665252,-0.0274781013798182,0.0278317731833996,1.02367778568955,0.641881885371221,0.000443435672438663,0.000443474664565662,0.00228087974650681,0.00228087974650681,0.0240636314364575,2,2,0.763573524542943,NaN,NaN,0,1.2
211,13,0.866666666666667,18,60,none,0.256447192560495,0.020344182353738,0.0203495088929405,0.0327612532506596,0.0327612532506596,0.937797225922263,0.303221268116177,0.000123854474505946,0.000124579643631605,0.000774541166666165,0.000774541166666165,0.0240636314364575,2,2,0.62295573663646,NaN,NaN,0,1.2
212,13,0.866666666666667,18,60,none,0.249945913385791,0.014204570944875,0.0145333616467675,0.0198125257858079,0.0198125257858079,0.957600306137477,0.317474190786225,0.000375596000907838,0.000375596000907838,0.00233783739863314,0.00233783739863314,0.0240636314364575,2,2,0.737256368994749,NaN,NaN,0,1.2
213,13,0.866666666666667,18,60,none,0.674500413219376,-0.000559573100044462,0.00272800572283401,-0.0110321388702887,0.0112781307414997,1.00083404903067,0.668464051056553,-1.97015040787165e-05,2.15261923203471e-05,-0.000263677059464986,0.000269450779230258,0.0240636314364575,2,2,0.638253627457132,NaN,NaN,0,1.2
214,13,0.866666666666667,18,60,none,0.467051609443533,0.00838920246721096,0.00846112362528577,-0.0311600664432799,0.0313519415088745,0.982899118759086,0.477726732372968,0.000616292392584898,0.000616292392584898,0.00304340114950928,0.00304340114950928,0.0240636314364575,2,2,0.610823349511775,NaN,NaN,0,1.2
215,13,0.866666666666667,18,60,none,0.445369691392905,-0.022888016325749,0.0229025660741242,-0.033917767904874,0.033917767904874,1.072404644975,0.338404402579807,0.000499982688724158,0.000499982688724158,0.00376058621195034,0.00376058621195034,0.0240636314364575,2,2,0.663414439117716,NaN,NaN,0,1.2
216,13,0.866666666666667,18,60,none,0.847435176278389,0.00255351878266063,0.00255351878266063,0.00200025303630507,0.0152191287856176,0.997188830110583,0.904249274653427,0.00065605745946466,0.00065605745946466,0.00315954146034552,0.00315954146034552,0.0240636314364575,2,2,0.685014399940956,NaN,NaN,0,1.2
217,13,0.866666666666667,18,60,none,0.358935008707022,0.0269571678447306,0.0269571678447306,0.0167436529253676,0.0167436529253676,0.945808990797201,0.467146793157182,0.000233809651613487,0.000233809651613487,0.0015286039676745,0.0015286039676745,0.0240636314364575,2,2,0.584163418746134,NaN,NaN,0,1.2
218,13,0.866666666666667,18,60,none,0.349844227102502,-0.0243381837760854,0.0243387878767303,-0.0317255918152166,0.0317255918152166,1.0766339946034,0.34105813609202,0.000385798132826176,0.000385884493524841,0.00196619180800536,0.00196619180800536,0.0240636314364575,2,2,0.665462083932392,NaN,NaN,0,1.2
219,13,0.866666666666667,18,60,none,0.496912445828087,0.00699281876592272,0.00699281876592272,-0.00355450830245594,0.00390147918195038,0.987561399541923,0.552196711278544,0.000308624325771123,0.000308624325771123,0.001395847303957,0.001395847303957,0.0240636314364575,2,2,0.585523259668712,NaN,NaN,0,1.2
220,13,0.866666666666667,18,60,none,0.27818400380262,-0.00915999479633173,0.0101960801268769,-0.0376585742157188,0.0376585742157188,1.03488825892118,0.271136856984959,0.000374192382669202,0.00037493960765824,0.00327257078182907,0.00327257078182907,0.0240636314364575,2,2,0.665192353722131,NaN,NaN,0,1.2
221,13,0.866666666666667,18,60,none,0.681133075162703,0.0071027767870779,0.00712688592509324,-0.00336392696067447,0.00496822741090333,0.990371414091717,0.728286481102597,0.000635864902185362,0.000635864902185362,0.00323804465899966,0.00323804465899966,0.0240636314364575,2,2,0.774670626451667,NaN,NaN,0,1.2
222,13,0.866666666666667,18,60,none,0.857428496491087,0.00187291101132164,0.00194288652596115,-0.0237175118067738,0.0242205889087692,0.997740071010155,0.826442803806654,0.000186794705413942,0.000187943943540065,0.00288695775473895,0.00288695775473895,0.0240636314364575,2,2,0.757319313777772,NaN,NaN,0,1.2
223,13,0.866666666666667,18,60,none,0.700443572975692,0.010348403362464,0.010348403362464,0.0182249904156525,0.0182249904156525,0.986738035844311,0.765738040593243,0.000333412668109874,0.000333412668109874,0.00253181411445985,0.00253181411445985,0.0240636314364575,2,2,0.733840294481284,NaN,NaN,0,1.2
224,13,0.866666666666667,18,60,none,0.421163045800885,0.00564638909530571,0.0058090161204687,-0.0266221896119497,0.0304794905206612,0.983761348668113,0.34076578017802,0.00097844079077169,0.000978441638156386,0.00461483300438005,0.00461483300438005,0.0240636314364575,2,2,0.688446671951108,NaN,NaN,0,1.2
225,13,0.866666666666667,18,60,none,0.373507593299514,0.00765624873690775,0.0077733416840866,0.00986284230719791,0.00986284230719791,0.982891288401659,0.437867653470338,0.000120720434151976,0.000120720434151976,0.000584388704233097,0.000584388704233097,0.0240636314364575,2,2,0.667093473792143,NaN,NaN,0,1.2
226,13,0.866666666666667,18,60,none,0.583349788947039,-0.0325834439549457,0.0325834439549457,-0.0125018926550624,0.0125018926550624,1.06190880821396,0.555674916032394,0.000519221021589712,0.000519221021589712,0.00231232368796744,0.00231232368796744,0.0240636314364575,2,2,0.709226527930302,NaN,NaN,0,1.2
227,13,0.866666666666667,18,60,none,0.918427650421985,0.011345058029641,0.011345058029641,-0.0338480393109033,0.03455117734101,0.987306897199397,0.882147708859907,0.000754896640262329,0.000754896640262329,0.00469825612146822,0.00469825612146822,0.0240636314364575,2,2,0.68397745867859,NaN,NaN,0,1.2
228,13,0.866666666666667,18,60,none,0.882977028523904,-0.00388825074315414,0.00392420554545894,-0.0127638024219359,0.0127638024219359,1.00433907487194,0.898085998443473,0.000347080840471045,0.000347089127409671,0.00178661764878239,0.00178661764878239,0.0240636314364575,2,2,0.657821102699507,NaN,NaN,0,1.2
229,13,0.866666666666667,18,60,none,0.337913240441904,0.0117637722786502,0.0123611627302382,0.0375780822067947,0.0375780822067947,0.970672441782741,0.384455269426206,0.00021376221296242,0.000213997214458523,0.00235524640099724,0.00235524640099724,0.0240636314364575,2,2,0.671405191938058,NaN,NaN,0,1.2
230,13,0.866666666666667,18,60,none,0.335910998664979,-0.00144826468922799,0.00198735909518708,-0.00284900861641285,0.00544547996419104,1.00389223073668,0.372645795745259,6.53567226114343e-05,6.5464998091122e-05,-0.000156235528509187,0.00031898702458696,0.0240636314364575,2,2,0.664037903994917,NaN,NaN,0,1.2
201,13,0.866666666666667,30,100,hold,0.255017339343908,-0.00756515348574162,0.00769422597986043,-0.00995404308189469,0.0100871539597614,1.04332295196722,0.171476497925657,0.000434369362990951,0.000434527703594752,0.00259229966512646,0.00259229966512646,0.180477235773431,15,2,0.468866123599104,0.166956340383746,0.34979087785903,26000,1.2
202,13,0.866666666666667,30,100,hold,0.265746187490233,0.0097196730363952,0.00987472132338151,-0.00304117957295512,0.00328590189361627,0.963837587420401,0.250326231421681,0.00045008490196115,0.000450084976043366,0.00313213457458486,0.00313213457458486,0.180477235773431,15,2,0.337971220497845,0.180112908191699,0.352927241280924,26000,1.2
203,13,0.866666666666667,30,100,hold,0.210691349248003,0.0121516459318949,0.012151749150786,0.0760529541442239,0.0760529541442239,0.937521574893607,0.153396913782777,0.000258557973615779,0.000258562481344455,0.00396157028479153,0.00396157028479153,0.180477235773431,15,2,0.403536900019666,0.175501253625193,0.339958812528045,26000,1.2
204,13,0.866666666666667,30,100,hold,0.359495153802557,-0.0101149405200453,0.0101162157232046,-0.000793637155355386,0.010040792585368,1.04240677778888,0.222868978330234,0.00102600679534542,0.00102600804916567,0.00401918169475673,0.00401918169475673,0.180477235773431,15,2,0.569875948904676,0.295522980126456,0.820764254551285,26000,1.2
205,13,0.866666666666667,30,100,hold,0.70015870254017,0.0132158690114284,0.0132162054374735,0.0163154690664704,0.0163154690664704,0.979534997810259,0.559409499365719,0.00027270379648605,0.00027270379648605,0.00183444859512453,0.00183444859512453,0.180477235773431,15,2,0.458208341729422,0.136402528266899,0.279431193797039,26000,1.2
206,13,0.866666666666667,30,100,hold,0.704274218716452,0.000329223344561884,0.00123297528090928,-0.00223536941849781,0.00238744626334478,0.999474359964305,0.61629884614597,0.000263564507984976,0.000263564509415126,0.00179682768625816,0.00179682768625816,0.180477235773431,15,2,0.433090241383261,0.220148190450399,0.656329503504403,26000,1.2
207,13,0.866666666666667,30,100,hold,0.38959595460555,0.0035619663969965,0.00420687823789427,0.00190667918161352,0.00273022854907505,0.990130577356797,0.354813741483827,0.000417799937494275,0.000417801044871214,0.00287243356872631,0.00287243356872631,0.180477235773431,15,2,0.433889547305866,0.177478552598305,0.415002705557225,26000,1.2
208,13,0.866666666666667,30,100,hold,0.521825513218961,0.022771098173566,0.0227745743484647,0.0211096135212522,0.0244074761902005,0.962975900386383,0.552837773548649,0.000445503297230635,0.000445503297230635,0.00193547252543477,0.00193547252543477,0.180477235773431,15,2,0.460928494779967,0.189436001050225,0.445299444169591,26000,7.8
209,13,0.866666666666667,30,100,hold,0.757883941146569,0.0171154596851627,0.0171154596851627,0.0319905137603568,0.0319905137603568,0.978379465973748,0.743802242480173,0.00134415057340962,0.00134415057340962,0.00858836529191946,0.00858836529191946,0.180477235773431,15,2,0.551946213591766,0.295832773569768,0.844451921449039,26000,1.2
210,13,0.866666666666667,30,100,hold,0.698492318522336,0.0223000812602551,0.0225124765424284,0.00505591861737479,0.0236859786474946,0.964113943922153,0.550392710238643,0.000950745005473601,0.000950745005473601,0.00648138246457512,0.00648138246457512,0.180477235773431,15,2,0.547768873852644,0.238845212437797,0.624289997351914,26000,4.2
211,13,0.866666666666667,30,100,hold,0.256447192560495,-0.00378662563881308,0.00390497218495654,-0.00825357966876817,0.00825357966876817,1.01137884393781,0.306151365457094,9.31958443935998e-05,9.31975551759012e-05,0.000462874814608825,0.000462874814608825,0.180477235773431,15,2,0.30966552379257,0.143358923681208,0.158644215617792,26000,1.2
212,13,0.866666666666667,30,100,hold,0.249945913385791,0.0107123922429245,0.0107127047645768,0.00806958624229005,0.00889766769710948,0.969257088249136,0.31486907386613,0.00034564061424134,0.000345640881456562,0.00194857017591438,0.00194857017591438,0.180477235773431,15,2,0.521046850339318,0.16835065980732,0.335828457739047,26000,1.2
213,13,0.866666666666667,30,100,hold,0.674500413219376,0.00997310022156749,0.0100162709270275,0.00771750479650044,0.00779244613813734,0.985189543141581,0.660238226558038,0.000130150668404911,0.000130152279094393,0.000864843676380307,0.000864843676380307,0.180477235773431,15,2,0.382363653086828,0.07891027829315,0.149903472382948,26000,1.2
214,13,0.866666666666667,30,100,hold,0.467051609443533,0.0133957253621386,0.013433261743601,0.00235656528223715,0.0029546351128082,0.972425032736749,0.456934289238493,0.000174489518557203,0.000180290722095275,0.00122456479509335,0.00122456479509335,0.180477235773431,15,2,0.39065534781579,0.239987562707578,0.613725255220381,26000,1.2
215,13,0.866666666666667,30,100,hold,0.445369691392905,0.00582016692729736,0.00582016692729736,0.0114294301140753,0.0114294301140753,0.98058430588924,0.252946592309291,0.000657240635159869,0.000657242294085428,0.00451557671544757,0.00451557671544757,0.180477235773431,15,2,0.523687650879804,0.151304131475366,0.288470309588528,26000,1.2
216,13,0.866666666666667,30,100,hold,0.847435176278389,0.00297150885067026,0.00297636563830635,-0.013877420038106,0.0142299568871434,0.996723271337416,0.898661903257003,0.000121139413064068,0.000121153332140457,0.00105703422295617,0.00105703422295617,0.180477235773431,15,2,0.494490467216172,0.0757265295690359,0.137096833480611,26000,1.2
217,13,0.866666666666667,30,100,hold,0.358935008707022,0.0122922186362636,0.0123282409292886,0.00656240844775047,0.0131836942901603,0.976013766023898,0.470519210940584,0.000216248014546013,0.000216250004994537,0.00159746055793696,0.00159746055793696,0.180477235773431,15,2,0.52099973241559,0.16372701420119,0.29413124420635,26000,1.2
218,13,0.866666666666667,30,100,hold,0.349844227102502,-0.00269240413886923,0.00291655576274094,-0.0105534930350087,0.0105534930350087,1.00879786132589,0.286458396260257,0.000241456770334454,0.000241456946362514,0.00160908867387692,0.00160908867387692,0.180477235773431,15,2,0.345956458766436,0.198767587461802,0.233506197440521,26000,1.2
219,13,0.866666666666667,30,100,hold,0.496912445828087,-0.0162969930495523,0.0163047180765943,-0.0256285489040767,0.0256285489040767,1.02943256736684,0.561117024792434,0.000141913890317612,0.000142449852749033,0.000959679326384094,0.000959679326384094,0.180477235773431,15,2,0.388509232877107,0.211936401616061,0.320827225432344,26000,1.2
220,13,0.866666666666667,30,100,hold,0.27818400380262,-0.011169372933803,0.0113173571354414,-0.022387581337654,0.022387581337654,1.04500456879257,0.237859063479614,0.000612127832751689,0.000612129154752383,0.00367165667692668,0.00367165667692668,0.180477235773431,15,2,0.457161514426897,0.121858761980479,0.219031227184316,26000,1.2
221,13,0.866666666666667,30,100,hold,0.681133075162703,0.00754734988032304,0.00754736484491026,0.00515203336948132,0.00515734635306296,0.989812537944223,0.727926470075587,0.000229895130355987,0.000229895130355987,0.00104554741548338,0.00104554741548338,0.180477235773431,15,2,0.51381682219226,0.0983204559291408,0.196162419702935,26000,1.2
222,13,0.866666666666667,30,100,hold,0.857428496491087,0.00549314925391786,0.0111999186980563,-0.0476139526051005,0.0476139526051005,0.993319758066127,0.812061417576233,0.000800433372747297,0.000803204872540023,0.00968712361006644,0.00968712361006644,0.180477235773431,15,2,0.527039843095173,0.30397463142155,0.745109957339692,26000,1.2
223,13,0.866666666666667,30,100,hold,0.700443572975692,0.0067696613842027,0.00690774850458558,0.000774526943087225,0.0117776707420714,0.991403490364234,0.768181610809813,0.000118422180460713,0.000118422190181313,0.00111948515063405,0.00111948515063405,0.180477235773431,15,2,0.436332497179111,0.105650327978681,0.153152375584002,26000,1.2
224,13,0.866666666666667,30,100,hold,0.421163045800885,-0.00224973022295799,0.00293047940619181,0.0127982420032568,0.0130805131911652,1.00647664036532,0.342972701956247,8.50381338021172e-05,8.51941398563383e-05,0.000424670340961363,0.000424670340961363,0.180477235773431,15,2,0.509984378949956,0.308485509199037,0.9424097571634,26000,1.2
225,13,0.866666666666667,30,100,hold,0.373507593299514,0.00956796108296223,0.00957037288203276,0.00581066641675264,0.00581066641675264,0.97886780380594,0.438771640468793,0.000270024574260529,0.000270027008124048,0.00138211818946794,0.00138211818946794,0.180477235773431,15,2,0.362518108684629,0.13866935132162,0.212457432414027,26000,1.2
226,13,0.866666666666667,30,100,hold,0.583349788947039,0.00235926629598253,0.00281961453707475,0.00166266762514261,0.00486033221174614,0.995491747621702,0.51164512632667,8.12756746908991e-05,8.12757578383019e-05,0.00110846387863232,0.00110846387863232,0.180477235773431,15,2,0.480180192563799,0.155527366366616,0.245864462862699,26000,1.2
227,13,0.866666666666667,30,100,hold,0.918427650421985,0.00306494543795009,0.00309788558407037,-0.0021663988055433,0.00721631827108688,0.996547246904995,0.853979028189031,0.000697973458653142,0.000697978620902062,0.00254924849400397,0.00254924849400397,0.180477235773431,15,2,0.530344382943488,0.20722309861467,0.416913681072292,26000,1.2
228,13,0.866666666666667,30,100,hold,0.882977028523904,0.0102501185604228,0.0102501185604228,-0.0227444023060722,0.0314816771728613,0.988595125870274,0.881570727338486,0.000296656073587755,0.000296744223282234,0.00374469847502321,0.00374469847502321,0.180477235773431,15,2,0.568146759219857,0.170237047650469,0.363239229805117,26000,1.2
229,13,0.866666666666667,30,100,hold,0.337913240441904,0.00276837265884338,0.0030875391251588,0.00940695638249787,0.00986794342549004,0.993402162419438,0.382768613829375,0.000235953214872989,0.000235953214872989,0.0017581597168152,0.0017581597168152,0.180477235773431,15,2,0.380702405794131,0.151509742454926,0.200342013622012,26000,1.2
230,13,0.866666666666667,30,100,hold,0.335910998664979,0.00461386770962809,0.00623579798189883,0.0101292589465168,0.0101292589465168,0.987722598973778,0.367744517943342,0.000143817178582007,0.000143817198344789,0.00100823456269167,0.00100823456269167,0.180477235773431,15,2,0.382836073486747,0.114822666234809,0.202840707869768,26000,1.2
201,13,0.866666666666667,30,100,kalman,0.255017339343908,0.0234332071058938,0.023450267358953,0.0302776315691993,0.0302776315691993,0.865806330591977,0.127518114386411,-0.000170995775368361,0.00017099579568451,-0.000633235004313459,0.000633235004313459,0.180477235773431,15,2,0.419697107697118,0.163059232907329,0.216831844067586,26000,1.2
202,13,0.866666666666667,30,100,kalman,0.265746187490233,0.0094452948175427,0.0097842340252964,0.0176383530119523,0.0176383530119523,0.964858422001549,0.25057622493267,0.000252095863521553,0.000252096044457898,0.000763041301450181,0.000795334511532784,0.180477235773431,15,2,0.300238165550268,0.161631162048697,0.212696041378104,26000,1.2
203,13,0.866666666666667,30,100,kalman,0.210691349248003,0.00716978153942657,0.00716978153942657,0.0403889919414723,0.0403889919414723,0.963136133043138,0.165252285569325,9.79811610321007e-05,0.000103791742130724,0.00275477100944111,0.00275477100944111,0.180477235773431,15,2,0.361795709082079,0.144617974856626,0.201645389258045,26000,1.2
204,13,0.866666666666667,30,100,kalman,0.359495153802557,0.00553396924802697,0.00560939338578179,-0.0116045540257333,0.0116045540257333,0.976798894296364,0.214272492582617,5.18433461182689e-05,5.24449230848929e-05,-0.000177767708074441,0.000218046619840579,0.180477235773431,15,2,0.512012263397054,0.183771891560176,0.383745352109207,26000,1.2
205,13,0.866666666666667,30,100,kalman,0.70015870254017,-0.012276601645206,0.0122766078055665,-0.0159295349711152,0.0159295349711152,1.01901053039603,0.628566310827691,0.000170775318057143,0.000170775318057143,0.000576270712869668,0.000576270712869668,0.180477235773431,15,2,0.413025642495081,0.141084368585626,0.226981381072823,26000,1.2
206,13,0.866666666666667,30,100,kalman,0.704274218716452,0.00717810976586456,0.0072187844697464,0.0245618759683016,0.0245618759683016,0.988539385387224,0.596974170081304,-0.000158973200525141,0.000159393668833663,-0.000912450512959511,0.000912450512959511,0.180477235773431,15,2,0.37940157317972,0.187627775917458,0.342425621596027,26000,1.2
207,13,0.866666666666667,30,100,kalman,0.38959595460555,0.00945793456105058,0.00958070296701654,0.0318374662601728,0.0318374662601728,0.973794151007861,0.339925039249951,-0.000133024015860536,0.000133024148802093,-0.00107195192665022,0.00107195192665022,0.180477235773431,15,2,0.38839972876534,0.123156274510195,0.23546879727463,26000,1.2
208,13,0.866666666666667,30,100,kalman,0.521825513218961,0.00859894800649856,0.00959322124724598,0.0394121839468848,0.0394121839468848,0.986018754776856,0.552874212172288,-0.000231116263840208,0.000231162418683607,-0.00227948483565498,0.00227948483565498,0.180477235773431,15,2,0.414253639564536,0.196562787348744,0.294658250854621,26000,1.2
209,13,0.866666666666667,30,100,kalman,0.757883941146569,0.0133315401703172,0.0133315401703172,0.070611163141712,0.070611163141712,0.983159376191073,0.748762995201505,0.000305892387713063,0.000305892387713063,-0.00111352431207558,0.00173109296858912,0.180477235773431,15,2,0.501718448449141,0.23280776518381,0.502704329992792,26000,1.2
210,13,0.866666666666667,30,100,kalman,0.698492318522336,0.0102738845234798,0.0104667253326319,0.047381170104789,0.047381170104789,0.983466912436592,0.57860062587678,-1.15792012745983e-05,3.42247037335905e-05,-0.000429737869310081,0.000611588165971337,0.180477235773431,15,2,0.493856450979838,0.182911444350452,0.395840788208792,26000,1.2
211,13,0.866666666666667,30,100,kalman,0.256447192560495,-0.00972253622519392,0.0109024524549022,-0.0356648649573558,0.0356648649573558,1.02921630838079,0.306151003841998,0.000118998915926892,0.000118998921597848,0.00056909481172603,0.00056909481172603,0.180477235773431,15,2,0.282010872307439,0.178278534874695,0.20872287511849,26000,1.2
212,13,0.866666666666667,30,100,kalman,0.249945913385791,0.00494984551086122,0.00521185815120074,0.00398129196140417,0.00494081033371331,0.985794707636726,0.314867913453259,-6.95866876182111e-05,6.95970322164935e-05,2.11216316459981e-05,3.56220084657491e-05,0.180477235773431,15,2,0.471605660999034,0.128731855894589,0.19369226852444,26000,1.2
213,13,0.866666666666667,30,100,kalman,0.674500413219376,-0.0193296715405257,0.0193297440347375,-0.0517065612178771,0.0517065612178771,1.02870534338151,0.668438384355472,-0.000262708824116034,0.000262731526771842,-0.00229889632003141,0.00229889632003141,0.180477235773431,15,2,0.35299190769526,0.0975996790882796,0.177774561575362,26000,1.2
214,13,0.866666666666667,30,100,kalman,0.467051609443533,-0.0153676293712015,0.0154730738715412,-0.0320603178874438,0.0320603178874438,1.03163411202967,0.478783047946741,-7.43846721599461e-05,7.44883735287571e-05,-0.000734815830352098,0.000734815830352098,0.180477235773431,15,2,0.36024173269078,0.225033652372412,0.363256610811758,26000,1.2
215,13,0.866666666666667,30,100,kalman,0.445369691392905,-0.00983921852905797,0.00988414795459129,-0.0130085323225007,0.0130085323225007,1.03282298594446,0.283301549654175,0.000128487132293447,0.000128487480723315,0.000966614322372402,0.000966614322372402,0.180477235773431,15,2,0.467182719486491,0.118469679958347,0.198293615435166,26000,1.2
216,13,0.866666666666667,30,100,kalman,0.847435176278389,-0.000789213389845174,0.00156931584022827,-0.000579387413496836,0.00533675170882468,1.00087027778323,0.904902961330616,-2.50296465662095e-05,2.50296465662095e-05,-0.000472817032542941,0.000472817032542941,0.180477235773431,15,2,0.449905413421482,0.0902972073525344,0.177224494985866,26000,1.2
217,13,0.866666666666667,30,100,kalman,0.358935008707022,-0.0124043824003302,0.012425587928691,-0.0550702065096439,0.0550702065096439,1.02420510303206,0.470519077068983,-0.000137642601078429,0.000137642601078429,-0.00204394585897163,0.00204394585897163,0.180477235773431,15,2,0.466281811463058,0.157517100412701,0.211783152768624,26000,1.2
218,13,0.866666666666667,30,100,kalman,0.349844227102502,-0.00562929191563241,0.00587622745105088,-0.0339110879154257,0.0339110879154257,1.01839461205757,0.294739890872462,-2.05241320077365e-05,5.10429301815074e-05,-0.00050982579459456,0.00050982579459456,0.180477235773431,15,2,0.300223445453951,0.251986809502393,0.336988242990366,26000,1.2
219,13,0.866666666666667,30,100,kalman,0.496912445828087,-0.02081665793925,0.0208598152791886,-0.0288696946028701,0.0288696946028701,1.03759513704684,0.561117025645173,-0.000314612270783349,0.000314618877081149,-0.00328896576919703,0.00328896576919703,0.180477235773431,15,2,0.35060528296859,0.209702034270631,0.262836389984584,26000,9
220,13,0.866666666666667,30,100,kalman,0.27818400380262,-0.000981669674007077,0.00237174623250677,0.00769438308431147,0.00773327345629035,1.00395542530787,0.205360571578844,1.28130589450795e-05,6.12575810925795e-05,-0.000954746746048987,0.000954746746048987,0.180477235773431,15,2,0.412577377400305,0.115796466093643,0.199466566078111,26000,1.2
221,13,0.866666666666667,30,100,kalman,0.681133075162703,0.00544486553873695,0.00576689132372201,0.0188986470738929,0.0188986470738929,0.992650485010731,0.728001212428666,-0.000176147656922164,0.000176159494407102,-0.000779227683027673,0.000779227683027673,0.180477235773431,15,2,0.46878635677623,0.0966758754209075,0.192229606851933,26000,1.2
222,13,0.866666666666667,30,100,kalman,0.857428496491087,0.00416709679203028,0.00456037662115627,0.0469658693447321,0.0470766802815498,0.994932376047715,0.787685683275256,-1.7169427652575e-05,0.000104642539366207,0.00209373305488018,0.00209373305488018,0.180477235773431,15,2,0.475081297855551,0.254618904807041,0.480591624553722,26000,1.2
223,13,0.866666666666667,30,100,kalman,0.700443572975692,-0.00303963530790072,0.00304533964977335,-0.00678046081421502,0.00700426243907059,1.00385990564824,0.768183714483532,-2.36380970024241e-05,3.21629979749982e-05,-0.00138208330727148,0.00138208330727148,0.180477235773431,15,2,0.390690749496234,0.117955326766407,0.192975546202873,26000,1.2
224,13,0.866666666666667,30,100,kalman,0.421163045800885,0.022446886363111,0.0225859596247951,0.0517880533028193,0.0517880533028193,0.935378736165156,0.289534820113571,-0.000258719902223553,0.000258809115901912,-0.00113834094877063,0.00113834094877063,0.180477235773431,15,2,0.454861909413084,0.22282229568092,0.525750658397107,26000,22.8
225,13,0.866666666666667,30,100,kalman,0.373507593299514,-0.00243079463215641,0.00323532694411306,0.0162715626467251,0.0177178762354942,1.00536875397264,0.440437659375572,-0.00016201043419502,0.000162222937120071,-0.00144851779856955,0.00144851779856955,0.180477235773431,15,2,0.328947952079791,0.130141055644567,0.183502456142401,26000,1.2
226,13,0.866666666666667,30,100,kalman,0.583349788947039,0.0108451077758746,0.010916409041127,0.0146967407284711,0.0146967407284711,0.97927640342816,0.492183801420173,-5.26124665400643e-05,5.51758153779977e-05,-0.000140600360491575,0.000140600360491575,0.180477235773431,15,2,0.43121946759005,0.136174939295387,0.185943001398603,26000,1.2
227,13,0.866666666666667,30,100,kalman,0.918427650421985,0.0123577187699755,0.0123578849556579,0.043474287101998,0.043474287101998,0.986078658627356,0.844769945246957,0.000448479580771352,0.000448488623589795,-0.000812370050362437,0.00192543778675438,0.180477235773431,15,2,0.478384753415712,0.270592210822134,0.683504168982193,26000,1.2
228,13,0.866666666666667,30,100,kalman,0.882977028523904,-0.0109450410635187,0.0111246578821384,-0.00458463183814053,0.0066147690604152,1.01217808505709,0.893892850534025,-0.00036867632974962,0.000369217747240106,-0.00801254268908187,0.00801254268908187,0.180477235773431,15,2,0.504599739791695,0.162797808945875,0.319468814869642,26000,1.2
229,13,0.866666666666667,30,100,kalman,0.337913240441904,-0.00943405050394961,0.00994634663487033,-0.0192631010037873,0.0192631010037873,1.02248408744865,0.382820567377584,-0.000175836454076706,0.000177585123163438,-0.000903744412417797,0.000903744412417797,0.180477235773431,15,2,0.3472564212558,0.149389008600983,0.191141125585944,26000,1.2
230,13,0.866666666666667,30,100,kalman,0.335910998664979,0.00854498099198168,0.00878680413748697,0.00672620612806577,0.00675891523103078,0.97726199254021,0.36041735669901,-0.00014066587088955,0.000140707645831424,-0.000978699702739013,0.000978699702739013,0.180477235773431,15,2,0.340198735880242,0.110222468375616,0.181696253134211,26000,1.2
201,13,0.866666666666667,30,100,kalman-gm,0.255017339343908,0.0162476480685067,0.0163280165390457,0.0247253891742665,0.0247253891742665,0.906955479729674,0.141810544662738,0.000297837123018649,0.000297908759309953,0.00231859658023592,0.00231859658023592,0.180477235773431,15,2,0.464746941248074,0.138395178422142,0.236786666424159,26000,1.2
202,13,0.866666666666667,30,100,kalman-gm,0.265746187490233,-0.00321617568688765,0.00400073513219248,-0.0312765612809052,0.0312765612809052,1.01196590375851,0.258878594694454,0.000547284755329098,0.000547284755329098,0.00290396837875584,0.00290396837875584,0.180477235773431,15,2,0.324820549538414,0.165242854319839,0.274038783829594,26000,1.2
203,13,0.866666666666667,30,100,kalman-gm,0.210691349248003,0.00610942851364671,0.00610980777606429,0.0363940520607773,0.0363940520607773,0.96858800248361,0.167553022819759,0.00014367824839721,0.000150790947915556,0.00290527726874088,0.00290527726874088,0.180477235773431,15,2,0.401043597007494,0.141457827280864,0.227842602690682,26000,1.2
204,13,0.866666666666667,30,100,kalman-gm,0.359495153802557,0.00250386851912,0.00446743411650641,0.00616096308084985,0.00617218424475815,0.989502558547678,0.218336803346405,0.000543679247509331,0.000543679251030633,0.00275247851948227,0.00275247851948227,0.180477235773431,15,2,0.570450569818907,0.218150411232843,0.552818721935213,26000,1.2
205,13,0.866666666666667,30,100,kalman-gm,0.70015870254017,0.00599400581950145,0.00601336252490647,0.0131285496843121,0.0131285496843121,0.99071817811486,0.577613446985475,3.48736215511722e-05,5.2320521023457e-05,0.00079348551622882,0.00079348551622882,0.180477235773431,15,2,0.459848804504933,0.11203593169336,0.201740216495735,26000,1.2
206,13,0.866666666666667,30,100,kalman-gm,0.704274218716452,0.00116487424467071,0.0014208761409525,0.00731991756571004,0.00731991756571004,0.9981401545496,0.612155157975901,0.00012381505376038,0.000123815055148873,0.00125051120857025,0.00125051120857025,0.180477235773431,15,2,0.428917982752875,0.166070928849581,0.36785792417024,26000,1.2
207,13,0.866666666666667,30,100,kalman-gm,0.38959595460555,0.00406791797441065,0.00408669836543802,0.00427241036889838,0.00432110467480557,0.988728697215899,0.352415716113974,0.000273711320816301,0.000274050925735589,0.00206033890685989,0.00206033890685989,0.180477235773431,15,2,0.426993492659264,0.137524058498459,0.291328992518358,26000,1.2
208,13,0.866666666666667,30,100,kalman-gm,0.521825513218961,0.00824632414333851,0.00825424161454889,0.0214944977725735,0.0214944977725735,0.986592094759683,0.552680383514718,0.000175701047552146,0.000175801098404192,0.000240638212410526,0.000240638212410526,0.180477235773431,15,2,0.453047535670823,0.169179493139914,0.286832364735717,26000,1.2
209,13,0.866666666666667,30,100,kalman-gm,0.757883941146569,0.0203481533568127,0.0203481533568127,0.0449205855661928,0.0449205855661928,0.974295873431683,0.733482145222437,0.000879505537021046,0.000879505537021046,0.0059123169777946,0.0059123169777946,0.180477235773431,15,2,0.552992780509862,0.244973344949833,0.658571949020988,26000,1.2
210,13,0.866666666666667,30,100,kalman-gm,0.698492318522336,0.0211172138426957,0.0212371682767205,0.00929882323852974,0.0162025696426729,0.966017454765176,0.561202295501644,0.000573680344649697,0.000573680344649697,0.00434402876608011,0.00434402876608011,0.180477235773431,15,2,0.549648003495093,0.178963430175773,0.433247309968957,26000,1.2
211,13,0.866666666666667,30,100,kalman-gm,0.256447192560495,0.00198034063929533,0.00232484548942651,-0.00210235083063789,0.00231867200570128,0.994049058653365,0.306149977601477,0.000104109828322628,0.000104112027386454,0.000542734511189101,0.000542734511189101,0.180477235773431,15,2,0.313805953001071,0.151923879856967,0.128519041998187,26000,1.2
212,13,0.866666666666667,30,100,kalman-gm,0.249945913385791,0.0102051916254397,0.0104411197911037,0.0067866453507627,0.00760724559548098,0.970712675709875,0.314867233185961,0.00024143091596904,0.000241431018754269,0.00132006233200801,0.00132006233200801,0.180477235773431,15,2,0.509967059417825,0.143621650870029,0.230935775273037,26000,1.2
213,13,0.866666666666667,30,100,kalman-gm,0.674500413219376,0.00725389530224206,0.00727172699547335,0.0103771953812752,0.0103771953812752,0.989227672334325,0.663608863377012,6.49713615368885e-05,6.49851187318573e-05,0.000591157074505698,0.000591157074505698,0.180477235773431,15,2,0.386609507598843,0.0704828046459226,0.104689372733082,26000,1.2
214,13,0.866666666666667,30,100,kalman-gm,0.467051609443533,-0.014144198894123,0.0145399820249057,-0.0409209194402939,0.0409209194402939,1.02911569257554,0.480295392844235,0.000145819805779474,0.000145820395179084,0.000807478179471876,0.000807478179471876,0.180477235773431,15,2,0.389538849482727,0.213449739642066,0.542442922454896,26000,1.2
215,13,0.866666666666667,30,100,kalman-gm,0.445369691392905,-0.00836053913000755,0.00861338270153792,-0.0280568394048614,0.0280568394048614,1.02789020871342,0.28472473532315,0.000420816084907038,0.000420817110518273,0.00300218939094617,0.00300218939094617,0.180477235773431,15,2,0.517188265183325,0.120853604334011,0.207856401794394,26000,1.2
216,13,0.866666666666667,30,100,kalman-gm,0.847435176278389,0.00212090057505644,0.00246743521756228,-0.0130450248350887,0.0131356357671965,0.997661250208556,0.900758155060728,7.09121667818663e-05,7.09949801571297e-05,0.000754223939019413,0.000754223939019413,0.180477235773431,15,2,0.496532672586303,0.0675786060573238,0.0969844378871532,26000,1.2
217,13,0.866666666666667,30,100,kalman-gm,0.358935008707022,-0.00341699493523803,0.00353072816911369,-0.0131445525624102,0.0131520819598778,1.00666770112354,0.470513379376734,1.73225131706978e-05,1.73421170461308e-05,0.000141552340477065,0.000141552340477065,0.180477235773431,15,2,0.519094237505016,0.131966361571201,0.169352175423191,26000,1.2
218,13,0.866666666666667,30,100,kalman-gm,0.349844227102502,-0.00599560529875127,0.00618823159277659,-0.014742776689221,0.014742776689221,1.01959159964943,0.291974947854572,0.00018405159284342,0.000184052145435602,0.00131081651727143,0.00131081651727143,0.180477235773431,15,2,0.327979644539832,0.238169430236815,0.469709343133286,26000,1.2
219,13,0.866666666666667,30,100,kalman-gm,0.496912445828087,-0.0143324358032968,0.0143715733460921,-0.0205792721881107,0.0205792721881107,1.02588455312147,0.561117027281046,-6.3945053963872e-05,6.40162977393644e-05,0.000139815561780135,0.000139815561780135,0.180477235773431,15,2,0.389952949354661,0.195134997686162,0.240839849890125,26000,1.2
220,13,0.866666666666667,30,100,kalman-gm,0.27818400380262,-0.00844579744255788,0.00868292513740744,-0.0137814631702116,0.0137814631702116,1.03403051131558,0.230866920802828,0.000444131809607886,0.000444132204420043,0.00250783284751281,0.00250783284751281,0.180477235773431,15,2,0.45636330523173,0.0941010759702232,0.143600283196628,26000,1.2
221,13,0.866666666666667,30,100,kalman-gm,0.681133075162703,0.0012408049038865,0.00194079717837125,-0.00034998053348527,0.00141442840569496,0.998325153454205,0.727967163998378,5.42381729289176e-05,5.42381729289176e-05,0.000262405015316859,0.000262405015316859,0.180477235773431,15,2,0.515176044012076,0.0730719999451323,0.132546639616456,26000,1.2
222,13,0.866666666666667,30,100,kalman-gm,0.857428496491087,-0.000162000209045489,0.00895012306734183,-0.0539362822612421,0.0539362822612421,1.00019700913624,0.820490599226991,0.0006831413303081,0.000688099126556012,0.00889524242400127,0.00889524242400127,0.180477235773431,15,2,0.53101690753855,0.26081023820301,0.608546402013039,26000,1.2
223,13,0.866666666666667,30,100,kalman-gm,0.700443572975692,0.00319118451299776,0.00342892804700679,-0.00255958869256131,0.00992443601904694,0.995947648359561,0.768183967433929,7.22428334968694e-05,7.22430381147976e-05,0.000942915700720409,0.000942915700720409,0.180477235773431,15,2,0.433966122532957,0.0871873306056953,0.101784873455715,26000,1.2
224,13,0.866666666666667,30,100,kalman-gm,0.421163045800885,0.00730317453505032,0.00862430968981531,0.027197687173356,0.027197687173356,0.978975241339619,0.319408400287075,8.51266857212721e-05,8.51415174356138e-05,0.000853727991923466,0.000853727991923466,0.180477235773431,15,2,0.499745696910584,0.232006438911048,0.607024002821688,26000,1.2
225,13,0.866666666666667,30,100,kalman-gm,0.373507593299514,0.00658634347908918,0.00659006574803968,0.00307275927954571,0.00310345806987319,0.985453128268945,0.440434233436927,0.000133913519178147,0.000133923342631114,0.000830295908089093,0.000830295908089093,0.180477235773431,15,2,0.361672665637802,0.113837708509503,0.147611392694959,26000,1.2
226,13,0.866666666666667,30,100,kalman-gm,0.583349788947039,0.00307449682791492,0.00321473526729124,0.0036900727630467,0.0043545300971929,0.994125034693998,0.509753118365676,6.63916000095724e-05,6.63968656827849e-05,0.000895112122870722,0.000895112122870722,0.180477235773431,15,2,0.479727621796605,0.123306681089059,0.166050019648435,26000,1.2
227,13,0.866666666666667,30,100,kalman-gm,0.918427650421985,0.00965595629406547,0.00966043897038817,0.00293208793141487,0.00621760914460519,0.989122275207005,0.838161788164162,0.000553674626162297,0.000553707161705837,0.00291744022838671,0.00291744022838671,0.180477235773431,15,2,0.52334504093951,0.240922824931799,0.522845184017671,26000,1.2
228,13,0.866666666666667,30,100,kalman-gm,0.882977028523904,0.0101651536187328,0.010187900099872,0.00167032770260761,0.00943745432857787,0.988689662773404,0.879553212719545,0.000162648633902823,0.000163417542862475,0.00238253882747059,0.00238253882747059,0.180477235773431,15,2,0.565257385740748,0.132750352506564,0.219815941480267,26000,1.2
229,13,0.866666666666667,30,100,kalman-gm,0.337913240441904,0.00321025895717551,0.00354878780367613,0.0108732276839949,0.0109628594863485,0.992349018791481,0.382881145537037,0.00016892834282789,0.000168932124872569,0.00149078838412144,0.00149078838412144,0.180477235773431,15,2,0.377379185770037,0.132252647340693,0.14628296803014,26000,1.2
230,13,0.866666666666667,30,100,kalman-gm,0.335910998664979,0.00650439186570416,0.00740872024482477,0.00957700632704156,0.00957700632704156,0.982691955558174,0.364046147719867,6.78616343031774e-05,6.78622941819856e-05,0.000652862226478529,0.000652862226478529,0.180477235773431,15,2,0.375965040099067,0.0980524462519726,0.141165095256905,26000,1.2
201,13,0.866666666666667,30,100,mean,0.255017339343908,0.0175591721272083,0.0175805642365993,0.026034075248865,0.026034075248865,0.899444846415218,0.133689457045083,-1.21436689095608e-05,3.35043960341466e-05,0.00040532329738049,0.00040532329738049,0.180477235773431,15,2,0.462684918806581,0.163111111516288,0.218023969542775,26000,1.2
202,13,0.866666666666667,30,100,mean,0.265746187490233,0.00320314539382281,0.00429101180568728,-0.00311295068657957,0.00426910403864856,0.988082575941585,0.258901359145085,0.000313896708305869,0.000313896962350883,0.00139962020315813,0.00139962020315813,0.180477235773431,15,2,0.331529507788733,0.161501504586037,0.212259487542308,26000,1.2
203,13,0.866666666666667,30,100,mean,0.210691349248003,0.0005312629467756,0.00256702256230509,-0.0101044286855957,0.0101354987630355,0.997268479314,0.180161289129168,6.25403750226566e-05,6.80210956345206e-05,0.000986513122786131,0.000986513122786131,0.180477235773431,15,2,0.400524978608227,0.145030102098628,0.203098106572161,26000,1.2
204,13,0.866666666666667,30,100,mean,0.359495153802557,0.00486033878345233,0.00602576676015109,-0.0215163014046384,0.0215163014046384,0.979623082670623,0.211237363558051,0.000170979141068919,0.000171013961480723,0.000161657438946562,0.000246647172884795,0.180477235773431,15,2,0.568483397763786,0.183456557513089,0.38360721740543,26000,1.2
205,13,0.866666666666667,30,100,mean,0.70015870254017,-0.00935365114879425,0.0093536576635518,0.00202317605957531,0.00480492412930126,1.01448429089881,0.608798903683741,0.000201411022866003,0.000201411022866003,0.000623074676639828,0.000623074676639828,0.180477235773431,15,2,0.457033037828401,0.145614613259186,0.228264026731258,26000,1.2
206,13,0.866666666666667,30,100,mean,0.704274218716452,0.00931388625552845,0.00931978703140695,0.0080888856886281,0.0106542193320659,0.985129391385256,0.595640980532119,7.43980129389377e-05,7.43980144126222e-05,0.00103673092300591,0.00103673092300591,0.180477235773431,15,2,0.418490999504649,0.188895755146914,0.341812365871887,26000,1.2
207,13,0.866666666666667,30,100,mean,0.38959595460555,0.00790546069564521,0.00790661155941103,0.0359965565027477,0.0359965565027477,0.978095713406971,0.333214841812502,-3.56431180283528e-06,1.31288993930986e-05,-0.000306664321644786,0.000306664321644786,0.180477235773431,15,2,0.431316575625693,0.123420051984059,0.236377691565206,26000,1.2
208,13,0.866666666666667,30,100,mean,0.521825513218961,-0.0042976201612388,0.00445018680629651,0.00887982285148749,0.00887982285148749,1.00698760840335,0.552874075761851,-0.000118425700065163,0.00011848140175444,-0.000873147958249364,0.000873147958249364,0.180477235773431,15,2,0.461123141848451,0.195514540230762,0.290035699832209,26000,1.2
209,13,0.866666666666667,30,100,mean,0.757883941146569,0.0191061869344466,0.0191061869344466,0.0286615322669225,0.0286615322669225,0.975864746122698,0.735858716864432,0.000351853302531245,0.000351853302531245,0.00148045926830043,0.00148045926830043,0.180477235773431,15,2,0.55520064112658,0.234576010399843,0.51516509666954,26000,1.2
210,13,0.866666666666667,30,100,mean,0.698492318522336,0.0163924860266918,0.0167223949822169,0.0474205318723204,0.0474205318723204,0.973620648914063,0.567018946811342,0.000217787347369676,0.000217787347369676,0.0010500961076391,0.0010500961076391,0.180477235773431,15,2,0.545533901752613,0.184549944434203,0.408502407619858,26000,1.2
211,13,0.866666666666667,30,100,mean,0.256447192560495,0.00327031895183218,0.00353169868323732,0.00749637972884099,0.00778865389524449,0.990172662277906,0.306151010657625,0.00010203864309179,0.000102038648855802,0.000608206741858865,0.000608206741858865,0.180477235773431,15,2,0.31328691924799,0.178557591397727,0.209214599050227,26000,1.2
212,13,0.866666666666667,30,100,mean,0.249945913385791,0.00648837491385194,0.00657952518872918,0.0152301939993218,0.0152301939993218,0.981379365798072,0.3148680023583,-7.11694710859476e-05,7.11812270586046e-05,-0.000259902324578421,0.000259902324578421,0.180477235773431,15,2,0.521130438085785,0.128802271360764,0.193428297767512,26000,1.2
213,13,0.866666666666667,30,100,mean,0.674500413219376,-0.012415456788202,0.0124155270431723,-0.0158556380212093,0.0158556380212093,1.01843745505952,0.667185107859243,-9.54823712346703e-05,9.55095668837208e-05,-0.00096569903239368,0.00096569903239368,0.180477235773431,15,2,0.390125785564181,0.0973932851451198,0.177201520348273,26000,1.2
214,13,0.866666666666667,30,100,mean,0.467051609443533,-0.00285870103137718,0.00298840978853238,-0.00860338135987576,0.00860338135987576,1.00588460760613,0.47392005486592,-5.75747391073989e-05,5.75817580879223e-05,-0.000581182858480216,0.000581182858480216,0.180477235773431,15,2,0.399837205824738,0.225298852114522,0.367682822070176,26000,1.2
215,13,0.866666666666667,30,100,mean,0.445369691392905,-0.00918005405188211,0.00922274270653583,-0.0204289803645532,0.0204289803645532,1.03062405659804,0.27516204279453,0.000173740072844501,0.000173740437611347,0.0007405911675615,0.0007405911675615,0.180477235773431,15,2,0.516734587401776,0.118227495218807,0.195720184729885,26000,1.2
216,13,0.866666666666667,30,100,mean,0.847435176278389,-1.79719615480201e-05,0.00192366678160206,-0.015757113629821,0.015757113629821,1.00001981795932,0.905000670745644,-8.95919533412393e-07,2.51938547909836e-06,7.67979283483322e-07,9.68472896034592e-05,0.180477235773431,15,2,0.499950584166886,0.0912875954335937,0.177415239066217,26000,1.2
217,13,0.866666666666667,30,100,mean,0.358935008707022,-0.00753326031467797,0.00756039761922672,-0.0041474377990574,0.00690056889601564,1.01469991299843,0.47051904681644,-0.000106299417384936,0.000106299417384936,-0.00102190789470454,0.00102190789470454,0.180477235773431,15,2,0.519034843991633,0.158141490480069,0.216115476506373,26000,1.2
218,13,0.866666666666667,30,100,mean,0.349844227102502,0.0028362823836118,0.00420378742076576,-0.00282580183496866,0.00484641016153915,0.990731993487961,0.27164651467388,5.38574473807574e-05,5.38581672784777e-05,0.000482492364553573,0.000482492364553573,0.180477235773431,15,2,0.331302801141145,0.252726523208935,0.341249226804037,26000,1.2
219,13,0.866666666666667,30,100,mean,0.496912445828087,-0.0176650090950048,0.0177071957348983,-0.0345406287238177,0.0345406287238177,1.03190322095884,0.561117025609163,-0.000189645042527177,0.000189650736493786,-0.00164562382498912,0.00164562382498912,0.180477235773431,15,2,0.391365681402713,0.211918241593578,0.266226866926426,26000,8.7
220,13,0.866666666666667,30,100,mean,0.27818400380262,0.000699415320040805,0.00126374639729304,0.00362305529759739,0.00434161688804681,0.997181857471148,0.206905862693047,0.000192754100661059,0.000192767954206174,0.000408578548869897,0.000408578548869897,0.180477235773431,15,2,0.457032350689542,0.116491788243167,0.201880001289068,26000,1.2
221,13,0.866666666666667,30,100,mean,0.681133075162703,0.00231605221982506,0.00282044957922196,0.0106547644271356,0.0106547644271356,0.996873777619588,0.728001854139403,-0.000108134250996949,0.000108202751959546,-0.000623032075220511,0.000623032075220511,0.180477235773431,15,2,0.519471455881632,0.0968160189448237,0.192961772511059,26000,1.2
222,13,0.866666666666667,30,100,mean,0.857428496491087,-0.000999775837131569,0.00398657035556154,-0.0200010780063969,0.0200010780063969,1.0012158316046,0.801503047211492,0.000184127767699074,0.000187990455337831,0.00467097479716934,0.00467097479716934,0.180477235773431,15,2,0.524690777483954,0.252668443551115,0.479018561173885,26000,1.2
223,13,0.866666666666667,30,100,mean,0.700443572975692,-0.000794347044383235,0.00149966523391357,-0.00145431456790527,0.00177300969994175,1.00100870806288,0.768183707380343,5.17596986249924e-06,7.17759332600043e-06,8.62572211748791e-05,8.62572211748791e-05,0.180477235773431,15,2,0.430538595242036,0.117590586551456,0.192281985882107,26000,1.2
224,13,0.866666666666667,30,100,mean,0.421163045800885,0.0146317002040017,0.0148036552622112,0.0293972228742888,0.0293972228742888,0.957877500516553,0.31141783455015,-0.000131911570762541,0.000132060014619052,-0.00155421825204953,0.00155421825204953,0.180477235773431,15,2,0.501577079462155,0.22364105337148,0.532510444657322,26000,1.2
225,13,0.866666666666667,30,100,mean,0.373507593299514,0.00346350835428811,0.00351415068601672,0.0149358877451936,0.0149358877451936,0.99235035161327,0.440437756108573,-2.58857404558116e-05,2.81887616291748e-05,-0.000437254570916322,0.000437254570916322,0.180477235773431,15,2,0.363567793126839,0.130071284859358,0.1851691559967,26000,1.2
226,13,0.866666666666667,30,100,mean,0.583349788947039,0.00367951484315818,0.0039360273419885,0.00574319437499376,0.00599609528284935,0.992968923613711,0.506891919843056,3.06151875406316e-05,3.07351407186249e-05,0.000540301090098146,0.000540301090098146,0.180477235773431,15,2,0.475657518300817,0.135842541963949,0.185059723865554,26000,1.2
227,13,0.866666666666667,30,100,mean,0.918427650421985,0.0155012626237939,0.0155014213275151,0.00215625710989654,0.00902919242114497,0.982537362056082,0.827171839362866,0.000556193999252102,0.0005562030600749,0.0025711871971789,0.0025711871971789,0.180477235773431,15,2,0.530248933040886,0.27356326211667,0.697281882135371,26000,1.2
228,13,0.866666666666667,30,100,mean,0.882977028523904,0.00513126378316076,0.00513406563952147,-0.0329433802623686,0.0329661389231914,0.994290659446679,0.887457042041446,-3.10105215618958e-06,6.40575011777098e-06,-0.00283758877695843,0.00283758877695843,0.180477235773431,15,2,0.557450219316374,0.16058721363877,0.31184310557981,26000,1.2
229,13,0.866666666666667,30,100,mean,0.337913240441904,-0.00137577555369496,0.00212126908592895,0.000245369660147883,0.00133649928793931,1.00327887346438,0.382819432705803,3.16668395229297e-05,3.16668395229297e-05,0.000188191043818136,0.000188191043818136,0.180477235773431,15,2,0.38300697736448,0.149236528577783,0.19056370496081,26000,1.2
230,13,0.866666666666667,30,100,mean,0.335910998664979,0.00977373566001915,0.0100793247778828,0.0133616414277563,0.0133616414277563,0.973992303253095,0.359259385115098,-9.36015314863364e-05,9.36426142885988e-05,-0.000718256238773275,0.000718256238773275,0.180477235773431,15,2,0.378687661029015,0.10985012727162,0.181255651443883,26000,1.2
201,13,0.866666666666667,30,100,none,0.255017339343908,0.00593820472706517,0.00596534196556554,-0.00447148369445523,0.00539343071652625,0.96599400677765,0.164575345905789,0.000202213042725896,0.000257607839073789,0.00199329074044891,0.00199329074044891,0.0240636314364575,2,2,0.743360700529275,NaN,NaN,0,1.2
202,13,0.866666666666667,30,100,none,0.265746187490233,-0.000582682727175739,0.00270503115715893,-0.0308035790328043,0.0308035790328043,1.00216789321042,0.259037503885779,0.00129811648481578,0.00129812556769438,0.00687144860899043,0.00687144860899043,0.0240636314364575,2,2,0.590741205256026,NaN,NaN,0,1.2
203,13,0.866666666666667,30,100,none,0.210691349248003,-0.028624002554944,0.028624002554944,0.0246617022831797,0.036213511180801,1.1471720464781,0.222016439306105,0.00135409389114406,0.00135409389114406,0.00784898409243926,0.00784898409243926,0.0240636314364575,2,2,0.550871982925368,NaN,NaN,0,1.2
204,13,0.866666666666667,30,100,none,0.359495153802557,0.0131977693567466,0.0168680000966666,0.0604076745604043,0.0604076745604043,0.944668495943077,0.224150345956785,0.00320062852225161,0.00320062852225161,0.0146982929000369,0.0146982929000369,0.0240636314364575,2,2,0.713400114986166,NaN,NaN,0,1.2
205,13,0.866666666666667,30,100,none,0.70015870254017,-0.0199768588495741,0.0199828822973506,-0.119312250370277,0.119312250370277,1.03093451211927,0.665108782206202,0.000895723435969238,0.00089748593499552,0.00687674508600913,0.00687674508600913,0.0240636314364575,2,2,0.779157404104286,NaN,NaN,0,NaN
206,13,0.866666666666667,30,100,none,0.704274218716452,-0.0131675914476259,0.0132835317331608,-0.0166982515841345,0.0166982515841345,1.02102345824765,0.639230901533117,0.00052404240444672,0.000524135911641277,0.00179602698527721,0.00179602698527721,0.0240636314364575,2,2,0.642458422071885,NaN,NaN,0,1.2
207,13,0.866666666666667,30,100,none,0.38959595460555,-0.0104863944417043,0.0104863944417043,0.012260771988807,0.0126512205419868,1.02905548430658,0.369388445815389,0.00124703085247232,0.00124703085247232,0.00543359832955741,0.00543359832955741,0.0240636314364575,2,2,0.715462278223645,NaN,NaN,0,1.2
208,13,0.866666666666667,30,100,none,0.521825513218961,0.0610563551643239,0.0610563551643239,0.0306529150828133,0.0339058494120645,0.900726940860829,0.552299058261078,0.00199358857312054,0.00199360619260595,0.0143856316098756,0.0143856316098756,0.0240636314364575,2,2,0.663303719072317,NaN,NaN,0,10.8
209,13,0.866666666666667,30,100,none,0.757883941146569,-0.0127507236370605,0.0143063151308486,-0.0111391794436537,0.0407064817344421,1.01610692668064,0.802315091399097,0.00436109411877443,0.00436109411877443,0.016577265352153,0.016577265352153,0.0240636314364575,2,2,0.706507961319296,NaN,NaN,0,12
210,13,0.866666666666667,30,100,none,0.698492318522336,-0.0232488353707973,0.0232508891400183,-0.060280071596932,0.060280071596932,1.03741282375271,0.641881885371221,0.00147700831158603,0.00147703170686223,0.00679580143773098,0.00679580143773098,0.0240636314364575,2,2,0.762113546328769,NaN,NaN,0,1.2
211,13,0.866666666666667,30,100,none,0.256447192560495,0.02845242732155,0.0284556232450715,0.0567630374909811,0.0567630374909811,0.914500201227912,0.298409515075591,0.000345968680452171,0.000346403781927567,0.001481929176815,0.001481929176815,0.0240636314364575,2,2,0.616619898862801,NaN,NaN,0,1.2
212,13,0.866666666666667,30,100,none,0.249945913385791,0.0261296847801177,0.0263269592012532,0.0171800625562691,0.0206148098187439,0.925011839087238,0.317474190786225,0.00109890690168252,0.00109890690168252,0.00508782401788499,0.00508782401788499,0.0240636314364575,2,2,0.728754966045793,NaN,NaN,0,4.2
213,13,0.866666666666667,30,100,none,0.674500413219376,0.00159796785687185,0.00357051515059893,0.00417411795460046,0.00465939543955461,0.997626953156035,0.668464051056553,3.8646537073303e-05,6.33831549127412e-05,0.000211207284272102,0.000226389338607172,0.0240636314364575,2,2,0.64509496637548,NaN,NaN,0,1.2
214,13,0.866666666666667,30,100,none,0.467051609443533,0.000276969355174632,0.010153798706067,-0.0488704398244522,0.0488704398244522,0.999429861340435,0.477726732372968,0.00155711953552501,0.00155711953552501,0.00548535355756918,0.00548535355756918,0.0240636314364575,2,2,0.613468436126884,NaN,NaN,0,1.2
215,13,0.866666666666667,30,100,none,0.445369691392905,-0.0389959943302067,0.0390047241792319,-0.0768805653121632,0.0768805653121632,1.13008807254465,0.338404402579807,0.00163792976093302,0.00163792976093302,0.00951424643269527,0.00951424643269527,0.0240636314364575,2,2,0.67372089384031,NaN,NaN,0,NaN
216,13,0.866666666666667,30,100,none,0.847435176278389,0.00103327721798114,0.00284423912543172,-0.022516856333392,0.022516856333392,0.998860589267371,0.904249274653427,0.00173921806865393,0.00173921806865393,0.00727057243498221,0.00727057243498221,0.0240636314364575,2,2,0.690139347830148,NaN,NaN,0,1.2
217,13,0.866666666666667,30,100,none,0.358935008707022,0.0415461274314487,0.0415461274314487,0.0362441642284277,0.0362561774778801,0.918929595798779,0.467146793157182,0.000702358056065779,0.000702358056065779,0.00401984962341421,0.00401984962341421,0.0240636314364575,2,2,0.574841697879588,NaN,NaN,0,11.1
218,13,0.866666666666667,30,100,none,0.349844227102502,-0.0358560450365871,0.035856407496974,-0.050606582852189,0.050606582852189,1.11716536435695,0.34105813609202,0.00100899919885269,0.00100905101527189,0.00433356686627244,0.00433356686627244,0.0240636314364575,2,2,0.661841004266657,NaN,NaN,0,12.3
219,13,0.866666666666667,30,100,none,0.496912445828087,0.000634860158577162,0.00782344361363315,-0.0185124749256439,0.0185124749256439,0.998853434843531,0.54943099203481,0.000754193751113121,0.000754193751113121,0.00322124948822288,0.00322124948822288,0.0240636314364575,2,2,0.57297350760046,NaN,NaN,0,1.2
220,13,0.866666666666667,30,100,none,0.27818400380262,-0.0237619758233452,0.0243836270216723,-0.0536280712891696,0.0536280712891696,1.09574373440006,0.271136856984959,0.00120643560891359,0.00120688394390702,0.00753946625628922,0.00753946625628922,0.0240636314364575,2,2,0.661036251563761,NaN,NaN,0,19.5
221,13,0.866666666666667,30,100,none,0.681133075162703,0.00820921246673603,0.00822367794954523,-0.00787228905967813,0.00990773401202315,0.988919151511616,0.728286481102597,0.00164986722686117,0.00164986722686117,0.00630781136672267,0.00630781136672267,0.0240636314364575,2,2,0.766413314102674,NaN,NaN,0,1.2
222,13,0.866666666666667,30,100,none,0.857428496491087,-0.0047505270561301,0.00817028311668823,-0.0698121813251059,0.0698121813251059,1.0057771359527,0.826442803580585,0.000984246453589964,0.000984935996465638,0.00902789470604556,0.00902789470604556,0.0240636314364575,2,2,0.748085514111899,NaN,NaN,0,NaN
223,13,0.866666666666667,30,100,none,0.700443572975692,0.0169422832554047,0.0169422832554047,0.00846165261327286,0.012646407333999,0.978485703642897,0.765738040593243,0.00100961504432075,0.00100961504432075,0.00608293978656603,0.00608293978656603,0.0240636314364575,2,2,0.731771073378714,NaN,NaN,0,1.2
224,13,0.866666666666667,30,100,none,0.421163045800885,0.00581446561357597,0.00609871171390679,-0.0394266041711459,0.0394266041711459,0.983261014004552,0.340765608130593,0.00249198600472138,0.0024919865131522,0.00815390824208045,0.00815390824208045,0.0240636314364575,2,2,0.684764367307617,NaN,NaN,0,1.2
225,13,0.866666666666667,30,100,none,0.373507593299514,0.0131097026142151,0.0131799583825224,0.018268439167173,0.018268439167173,0.971045366375633,0.437867653470338,0.000394466478734518,0.000394466478734518,0.00176458049624175,0.00176458049624175,0.0240636314364575,2,2,0.673923209258662,NaN,NaN,0,1.2
226,13,0.866666666666667,30,100,none,0.583349788947039,-0.0356185820315777,0.0356185820315777,-0.0145497178209879,0.0145497178209879,1.06806249783201,0.555674916032394,0.00124670386230436,0.00124670386230436,0.00504774874695593,0.00504774874695593,0.0240636314364575,2,2,0.710125770827042,NaN,NaN,0,1.2
227,13,0.866666666666667,30,100,none,0.918427650421985,0.00535132561215767,0.0100294758384444,-0.0571474091884439,0.0571474091884439,0.993971570964698,0.882147708859907,0.00219389987574862,0.00219389987574862,0.00934377094400089,0.00934377094400089,0.0240636314364575,2,2,0.689774859784823,NaN,NaN,0,1.2
228,13,0.866666666666667,30,100,none,0.882977028523904,-0.00145134334240968,0.00430101610959624,-0.0408551944266233,0.0419111683284521,1.00161484845679,0.898085998443473,0.000952284045962458,0.000952289018125634,0.00521986594555713,0.00521986594555713,0.0240636314364575,2,2,0.661269947331703,NaN,NaN,0,1.2
229,13,0.866666666666667,30,100,none,0.337913240441904,0.0298750626859525,0.0302334969569053,0.0535107797094772,0.0535107797094772,0.928799032644186,0.384455269426206,0.000865703818629165,0.000865844819526828,0.00582876633069506,0.00582876633069506,0.0240636314364575,2,2,0.671146993329966,NaN,NaN,0,18.9
230,13,0.866666666666667,30,100,none,0.335910998664979,0.00255044965942427,0.00461182393007331,0.00665945667786613,0.00665945667786613,0.993213309258824,0.372645795745259,0.000205587040413027,0.000205652005700839,0.000761114660314303,0.000761114660314303,0.0240636314364575,2,2,0.670973890860558,NaN,NaN,0,1.2
201,13,0.866666666666667,60,200,hold,0.255017339343908,-0.0151271613836009,0.0151916976306603,-0.0173618820940139,0.0173618820940139,1.08570584569386,0.171476497925657,0.00259405268114372,0.00259413185144562,0.0126102402051466,0.0126102402051466,0.180477235773431,15,2,0.468123245568507,0.309425652982676,0.753110066607608,52000,1.2
202,13,0.866666666666667,60,200,hold,0.265746187490233,0.00311991286564524,0.00686007683664995,-0.0396527450122772,0.0396527450122772,0.98809423644084,0.250326231421681,0.00293438124192463,0.00293438127896574,0.012929425339659,0.012929425339659,0.180477235773431,15,2,0.329244985680111,0.349890889398534,0.866269377565067,52000,1.2
203,13,0.866666666666667,60,200,hold,0.210691349248003,0.0419026232146771,0.0419026748241226,0.0745845512919816,0.0745845512919816,0.798609833574145,0.142881952979668,0.00264667570112615,0.00264667795499049,0.0209008043855284,0.0209008043855284,0.180477235773431,15,2,0.401214454674335,0.384562104811067,0.984570876315934,52000,NaN
204,13,0.866666666666667,60,200,hold,0.359495153802557,-0.00376488924226829,0.0161222460241309,0.06504998230285,0.06504998230285,1.01407705257201,0.222868978330234,0.004004867774686,0.00400486840159612,0.0160108944413374,0.0160108944413374,0.180477235773431,15,2,0.554321637607991,0.620345882281814,2.09557415134307,52000,3.6
205,13,0.866666666666667,60,200,hold,0.70015870254017,0.0166582760423121,0.0194070633717176,-0.0859018732993901,0.0859018732993901,0.972200911510569,0.526163440022306,0.00215485135845148,0.00215485135845148,0.0171842580150036,0.0171842580150036,0.180477235773431,15,2,0.456009383760933,0.283434871677816,0.614110099665473,52000,NaN
206,13,0.866666666666667,60,200,hold,0.704274218716452,0.00175076295568774,0.00316670811718138,-0.0149751536349887,0.0234258851916006,0.99718245777903,0.61065834709137,0.00142225956939353,0.0014222595701086,0.00870490820699199,0.00870490820699199,0.180477235773431,15,2,0.421665831496543,0.351894057344823,1.44580805328892,52000,1.2
207,13,0.866666666666667,60,200,hold,0.38959595460555,0.0162453253351893,0.0165677812556382,0.0532543178050543,0.0532543178050543,0.956691691501297,0.354813741483827,0.003127758940272,0.00312775949396046,0.0146745257453185,0.0146745257453185,0.180477235773431,15,2,0.429924323241393,0.357504969980405,0.966371520241566,52000,1.2
208,13,0.866666666666667,60,200,hold,0.521825513218961,0.0324019248870776,0.032403662974527,-0.0123304125300697,0.0130935851482916,0.946629862056444,0.536356033853424,0.0022948577841787,0.0022948577841787,0.0114642004569368,0.0114642004569368,0.180477235773431,15,2,0.462441388345134,0.307410309276802,0.826507708392348,52000,1.2
209,13,0.866666666666667,60,200,hold,0.757883941146569,0.0433103342112605,0.0433103342112605,0.0960615893986723,0.0960615893986723,0.945259631939376,0.711465957733262,0.0063335146581596,0.0063335146581596,0.0304058728422022,0.0304058728422022,0.180477235773431,15,2,0.535813591805171,0.572212354353173,2.29492148479166,52000,NaN
210,13,0.866666666666667,60,200,hold,0.698492318522336,0.0314584864859416,0.0322443253215305,-0.0954866395511042,0.0954866395511042,0.947821075236235,0.539463092086884,0.00607951793895644,0.00607951793895644,0.0253060403524058,0.0253060403524058,0.180477235773431,15,2,0.531651357939145,0.510272612795725,1.53826233544385,52000,1.2
211,13,0.866666666666667,60,200,hold,0.256447192560495,-0.0138695997228255,0.0139287729958972,-0.0308879054924375,0.0308879054924375,1.04135833091348,0.306151365457094,0.000442851169589158,0.000442852024980309,0.00182053123995018,0.00182053123995018,0.180477235773431,15,2,0.311577549144206,0.303658982134737,0.586808044849842,52000,1.2
212,13,0.866666666666667,60,200,hold,0.249945913385791,0.0205415951176513,0.0205417513784774,0.00763192793549283,0.00899661049646539,0.945412505195091,0.31486907386613,0.00160745739402748,0.00160745752763509,0.00521486592553635,0.00521486592553635,0.180477235773431,15,2,0.512456384540182,0.324181198791289,0.781866572811937,52000,1.2
213,13,0.866666666666667,60,200,hold,0.674500413219376,0.0280771951175475,0.0280987804702775,0.0112559365259878,0.0127793196403569,0.959351845313262,0.660238226558038,0.000852902422479348,0.000852903227824089,0.00462004791757627,0.00462004791757627,0.180477235773431,15,2,0.383616682551978,0.177182875965126,0.321209798185756,52000,2.1
214,13,0.866666666666667,60,200,hold,0.467051609443533,-0.00569548636658659,0.0197993937550837,-0.0681895149921613,0.0681895149921613,1.01230868020004,0.451599295071826,0.00121289874150116,0.0012157993432702,0.00413889892569828,0.00413889892569828,0.180477235773431,15,2,0.391047375299025,0.412102504209371,1.53522004755194,52000,NaN
215,13,0.866666666666667,60,200,hold,0.445369691392905,0.00231284533054107,0.00660397759619988,-0.0657360218081237,0.0657360218081237,0.991016753504726,0.181794255450429,0.00405351486187619,0.00405351569133897,0.0225377104561784,0.0225377104561784,0.180477235773431,15,2,0.523211570006602,0.280184539214006,0.668235276186426,52000,1.2
216,13,0.866666666666667,60,200,hold,0.847435176278389,-0.0080574629368485,0.0124499567959072,-0.0951902622874235,0.0951902622874235,1.00904823471886,0.885237674772868,0.00117133578634956,0.00117134274588776,0.0100306914998471,0.0100306914998471,0.180477235773431,15,2,0.495343439474548,0.157512832371967,0.286275204854791,52000,NaN
217,13,0.866666666666667,60,200,hold,0.358935008707022,0.0399481726292025,0.039966183775715,-0.00279485749920416,0.0333072849112263,0.927643279234399,0.470519210940584,0.00157895939698655,0.00157896039221081,0.00862701234784426,0.00862701234784426,0.180477235773431,15,2,0.515025302628823,0.271872473606168,0.686390839710148,52000,5.1
218,13,0.866666666666667,60,200,hold,0.349844227102502,-0.0119604629405969,0.0120725387525327,-0.0259684097695736,0.0264199523442941,1.04266147229429,0.269915798170214,0.00144444619025299,0.00144444627826702,0.00657849444088953,0.00657849444088953,0.180477235773431,15,2,0.345558929725926,0.343642307719736,1.30865010072676,52000,1.2
219,13,0.866666666666667,60,200,hold,0.496912445828087,-0.03423972508026,0.034243587593781,-0.0548319538428477,0.0548319538428477,1.06375590523659,0.561117024792434,0.00089923548894875,0.00089950347016446,0.00381735459884189,0.00381735459884189,0.180477235773431,15,2,0.386399439669638,0.389478027875578,1.57219258431718,52000,24.6
220,13,0.866666666666667,60,200,hold,0.27818400380262,-0.014595850846421,0.0149009581847987,-0.0265760453358439,0.0265760453358439,1.06862258410636,0.157301629677863,0.00281193799574091,0.00281193865674126,0.0112391024468744,0.0112391024468744,0.180477235773431,15,2,0.458567273525218,0.281784509529129,0.667339826923308,52000,1.2
221,13,0.866666666666667,60,200,hold,0.681133075162703,0.0125702184684347,0.0125702259507283,0.00477339111565441,0.00804072506521592,0.983162168478456,0.727926470075587,0.00103464814419078,0.00103464814419078,0.00419041388597223,0.00419041388597223,0.180477235773431,15,2,0.51195431267843,0.19229886630289,0.453890789767447,52000,1.2
222,13,0.866666666666667,60,200,hold,0.857428496491087,-0.0154515083596752,0.0237980423356623,-0.0959376835604553,0.0959376835604553,1.01934721981797,0.808301851493497,0.0071135588591643,0.00711494460906066,0.0337644074971098,0.0337644074971098,0.180477235773431,15,2,0.514149878506736,0.500584579373682,1.94392157974634,52000,NaN
223,13,0.866666666666667,60,200,hold,0.700443572975692,0.0129184029596886,0.0129874465198801,-0.025914291789219,0.0263153358282241,0.983604219693206,0.745275114612308,0.00105002881892444,0.00105002882378474,0.00795286332946355,0.00795286332946355,0.180477235773431,15,2,0.434563371817414,0.204099954135599,0.368787832030761,52000,1.2
224,13,0.866666666666667,60,200,hold,0.421163045800885,-0.00906085576912775,0.00940123036074466,0.0151301099031207,0.0177939276542,1.02695316429431,0.337991381634997,0.000657582567298115,0.000657660570325226,0.00348297479013089,0.00348297479013089,0.180477235773431,15,2,0.495633416798423,0.538025982236513,1.93186657305118,52000,1.2
225,13,0.866666666666667,60,200,hold,0.373507593299514,0.0201231604011076,0.0201243663006429,0.0128519672953222,0.0128519672953222,0.95687580740085,0.438771640468793,0.00145417474584843,0.00145417596278019,0.00580341572271776,0.00580341572271776,0.180477235773431,15,2,0.357986030603933,0.263873951504074,0.487651479306951,52000,1.2
226,13,0.866666666666667,60,200,hold,0.583349788947039,0.00366484986462843,0.00465733932070765,-0.00153635636504011,0.00771366625869986,0.992978121327168,0.51164512632667,0.00117721992216646,0.00117721996374016,0.00720227593968107,0.00720227593968107,0.180477235773431,15,2,0.476752740446098,0.278297243599725,0.579593957350509,52000,1.2
227,13,0.866666666666667,60,200,hold,0.918427650421985,0.00231785763664109,0.00395482789100294,0.0394735194236354,0.0394735194236354,0.997291824145206,0.814197354467361,0.00324666450690977,0.00324666708803423,0.011846551425195,0.011846551425195,0.180477235773431,15,2,0.522747599776828,0.373410439778196,1.16534221492338,52000,1.2
228,13,0.866666666666667,60,200,hold,0.882977028523904,0.000822714032039875,0.0192325080932971,-0.0507987911437265,0.0509849632930779,0.999070316918856,0.877157190192746,0.00338244258448956,0.0033824866593368,0.0124090351053598,0.0124090351053598,0.180477235773431,15,2,0.565366104495452,0.301672740624158,0.717699715474855,52000,18
229,13,0.866666666666667,60,200,hold,0.337913240441904,0.0170576675394425,0.0172172507726002,0.00592526161383958,0.0127594025606594,0.963049195902288,0.382768613829375,0.00184836786507043,0.00184836786507043,0.0107494281158543,0.0107494281158543,0.180477235773431,15,2,0.378217531618319,0.28870763844434,0.534541306228739,52000,1.2
230,13,0.866666666666667,60,200,hold,0.335910998664979,0.0212521537910851,0.0220631189272205,0.0131578989878986,0.0131609023665215,0.945624194734982,0.366626427866919,0.00112561908628956,0.00112561909617095,0.00625805838293137,0.00625805838293137,0.180477235773431,15,2,0.381551696535184,0.233278214813909,0.501097963765325,52000,1.2
201,13,0.866666666666667,60,200,kalman,0.255017339343908,0.0398769450592316,0.0398854751857612,0.040644726709705,0.040644726709705,0.774069489091721,0.118010168563064,1.54688633351244e-05,0.000421433932518369,0.00414297593246136,0.00414297593246136,0.102270433604945,8.5,2,0.571627976962454,0.163059232907329,0.216831844067586,26000,11.1
202,13,0.866666666666667,60,200,kalman,0.265746187490233,0.00160046167709,0.0111341465945243,-0.0524021986283643,0.0524021986283643,0.993892547922492,0.25057622493267,0.00155902530827606,0.00155902539874423,0.00730986374561328,0.00730986374561328,0.102270433604945,8.5,2,0.447355009178451,0.161631162048697,0.212696041378104,26000,1.2
203,13,0.866666666666667,60,200,kalman,0.210691349248003,0.0371124266189361,0.0371124266189361,0.0749752242152508,0.0749752242152508,0.821632222523077,0.149397800320022,0.00194247857980859,0.0019453838703579,0.0182010652901102,0.0182010652901102,0.102270433604945,8.5,2,0.483863564767036,0.144617974856626,0.201645389258045,26000,NaN
204,13,0.866666666666667,60,200,kalman,0.359495153802557,0.0182719403803594,0.0183719322734023,0.0721023510337761,0.0721023510337761,0.931680575768544,0.214272492582617,0.0010349802652982,0.00103528105378151,0.010059090584634,0.010059090584634,0.102270433604945,8.5,2,0.60677795197027,0.183771891560176,0.383745352109207,26000,NaN
205,13,0.866666666666667,60,200,kalman,0.70015870254017,-0.0441329830660346,0.0441329861462148,-0.129591656226485,0.129591656226485,1.07364847949686,0.628297182323729,0.00157364788790598,0.00157364788790598,0.0140521801131816,0.0140521801131816,0.102270433604945,8.5,2,0.591445262143923,0.141084368585626,0.226981381072823,26000,NaN
206,13,0.866666666666667,60,200,kalman,0.704274218716452,0.0127752220799702,0.0127955594319112,0.00125655686893861,0.0274347478841938,0.979440547633447,0.590719021391973,-0.000311854933583409,0.000374857559032676,0.00242075057924449,0.00242075057924449,0.102270433604945,8.5,2,0.491407045012185,0.187627775917458,0.342425621596027,26000,1.2
207,13,0.866666666666667,60,200,kalman,0.38959595460555,0.0293035739570121,0.0293649581599951,0.0559648908694612,0.0559648908694612,0.921879790348314,0.3373664014117,0.000163063095415004,0.000520324789683321,0.00493379533019919,0.00493379533019919,0.102270433604945,8.5,2,0.56780311515856,0.123156274510195,0.23546879727463,26000,NaN
208,13,0.866666666666667,60,200,kalman,0.521825513218961,-0.000476748928187302,0.0190056027846203,-0.0052806196388599,0.0137410443947971,1.00078526680592,0.552874212172288,0.000175752648444444,0.000860407489994008,0.00689536091476576,0.00689536091476576,0.102270433604945,8.5,2,0.55481561181714,0.196562787348744,0.294658250854621,26000,1.2
209,13,0.866666666666667,60,200,kalman,0.757883941146569,0.0287881620027956,0.0287881620027956,0.0789850977749807,0.0789850977749807,0.963614351804928,0.744807860993741,0.00258234236993568,0.00258234236993568,0.0162980302774406,0.0162980302774406,0.102270433604945,8.5,2,0.586948653557925,0.23280776518381,0.502704329992792,26000,2.7
210,13,0.866666666666667,60,200,kalman,0.698492318522336,0.0082029185442045,0.0175735806292053,-0.114894449720585,0.114894449720585,0.986394149325886,0.573698524240223,0.00188848678393116,0.00191138873643526,0.0130284605320761,0.0130284605320761,0.102270433604945,8.5,2,0.602982364496269,0.182911444350452,0.395840788208792,26000,NaN
211,13,0.866666666666667,60,200,kalman,0.256447192560495,-0.031334101509226,0.0319240596240801,-0.0445070234684505,0.0445070234684505,1.09343644841909,0.306151003841998,0.000449392132286802,0.00044939213512228,0.00170319494722915,0.00170319494722915,0.102270433604945,8.5,2,0.439293666402846,0.178278534874695,0.20872287511849,26000,6.9
212,13,0.866666666666667,60,200,kalman,0.249945913385791,0.0169516776837308,0.0170826840039006,0.0118885850657335,0.0128182943879929,0.954952397211841,0.314867913453259,0.000309667382309336,0.000383422667501388,0.00271643405049873,0.00271643405049873,0.102270433604945,8.5,2,0.579592953067157,0.128731855894589,0.19369226852444,26000,1.2
213,13,0.866666666666667,60,200,kalman,0.674500413219376,-0.022658276200106,0.0226583124472118,-0.0388448412291541,0.0388448412291541,1.03280303150157,0.668438384355472,-0.00116403448472776,0.00116404583605567,-0.00225013529258431,0.00225013529258431,0.102270433604945,8.5,2,0.501152549337368,0.0975996790882796,0.177774561575362,26000,1.2
214,13,0.866666666666667,60,200,kalman,0.467051609443533,-0.0432812107340829,0.0433339329842528,-0.0454734277330219,0.0454734277330219,1.0935362754482,0.478783047946741,-2.06662667172366e-05,0.000190787173308977,0.00154563962398044,0.00154563962398044,0.102270433604945,8.5,2,0.48202329685838,0.225033652372412,0.363256610811758,26000,14.1
215,13,0.866666666666667,60,200,kalman,0.445369691392905,-0.0352248355055993,0.035247300218366,-0.139042104770281,0.139042104770281,1.13681562529226,0.273900504950477,0.00163083792601531,0.00163083810023024,0.0149063619834285,0.0149063619834285,0.102270433604945,8.5,2,0.562707694930055,0.118469679958347,0.198293615435166,26000,NaN
216,13,0.866666666666667,60,200,kalman,0.847435176278389,-0.0156761860002728,0.0160662372254643,-0.106363014338716,0.106363014338716,1.01760378068614,0.903191532989491,0.000324116893776505,0.000419449932837839,0.00673481924758625,0.00673481924758625,0.102270433604945,8.5,2,0.574011806614429,0.0902972073525344,0.177224494985866,26000,NaN
217,13,0.866666666666667,60,200,kalman,0.358935008707022,-0.000985306238060723,0.0142885232362098,-0.084064142325612,0.0845078979777292,1.00178465055205,0.470519077068983,-6.73559685506725e-05,0.000450854743400278,0.00452852137479181,0.00452852137479181,0.102270433604945,8.5,2,0.523201240936139,0.157517100412701,0.211783152768624,26000,1.2
218,13,0.866666666666667,60,200,kalman,0.349844227102502,-0.025174275124989,0.0252977428926982,-0.0557251837437479,0.0557251837437479,1.08979348425789,0.294739890872462,0.000262965716765356,0.000333598213794876,0.00221450797988089,0.00221450797988089,0.102270433604945,8.5,2,0.473722692481533,0.251986809502393,0.336988242990366,26000,21
219,13,0.866666666666667,60,200,kalman,0.496912445828087,-0.0412563599062269,0.0412779385761963,-0.0450397419144954,0.0450397419144954,1.07682119428302,0.561117025645173,-0.00135047637383606,0.00135047967698496,-0.00486646262620006,0.00486646262620006,0.102270433604945,8.5,2,0.462156412793674,0.209702034270631,0.262836389984584,26000,15.3
220,13,0.866666666666667,60,200,kalman,0.27818400380262,-0.00918782186323432,0.00988587505281611,-0.0271671939780795,0.0278579434598471,1.04319666494253,0.187730724993877,3.36232050218832e-05,0.000191638295232009,0.00318527232460122,0.00318527232460122,0.102270433604945,8.5,2,0.540779520398488,0.115796466093643,0.199466566078111,26000,1.2
221,13,0.866666666666667,60,200,kalman,0.681133075162703,0.0127592375318061,0.0129202504242986,0.0192334576586361,0.0192334576586361,0.982908977083939,0.728001212428666,-0.000204447983741384,0.00027323599757162,0.00131341790874928,0.00131341790874928,0.102270433604945,8.5,2,0.59849510862912,0.0966758754209075,0.192229606851933,26000,1.2
222,13,0.866666666666667,60,200,kalman,0.857428496491087,-0.00231592443859909,0.00771181422987419,-0.00675692385857008,0.034052096152632,1.00289982687466,0.780341664552284,0.00249788744287247,0.00255879342638186,0.0166799525827069,0.0166799525827069,0.102270433604945,8.5,2,0.608285412857319,0.254618904807041,0.480591624553722,26000,1.2
223,13,0.866666666666667,60,200,kalman,0.700443572975692,-0.0123795666637531,0.0124163650658588,-0.0483897602665847,0.0483897602665847,1.01571189998838,0.768183714483532,0.000261462225636802,0.000380709149364099,0.00339125490261319,0.00339125490261319,0.102270433604945,8.5,2,0.545404567893825,0.117955326766407,0.192975546202873,26000,17.1
224,13,0.866666666666667,60,200,kalman,0.421163045800885,0.031361105297214,0.0314306419280561,0.0388556124080938,0.0388556124080938,0.906710685495391,0.284204924582128,-0.000463358967307591,0.000463403574146771,0.000710318821261807,0.000726754725033707,0.102270433604945,8.5,2,0.558461941345545,0.22282229568092,0.525750658397107,26000,1.2
225,13,0.866666666666667,60,200,kalman,0.373507593299514,0.00491369783880437,0.00872852189996528,0.0275446226283449,0.0275446226283449,0.989469882078614,0.440437659375572,-0.000652126129854924,0.000652232381317449,-0.00109818022250056,0.00109818022250056,0.102270433604945,8.5,2,0.503844238963009,0.130141055644567,0.183502456142401,26000,1.2
226,13,0.866666666666667,60,200,kalman,0.583349788947039,0.0187844564891488,0.018820107121775,-0.00985255290257535,0.0130416742117265,0.96400884639915,0.492183801420173,0.000368430689171545,0.000447836298988443,0.0040316854748238,0.0040316854748238,0.102270433604945,8.5,2,0.552090174742321,0.136174939295387,0.185943001398603,26000,1.2
227,13,0.866666666666667,60,200,kalman,0.918427650421985,-0.00489285282912532,0.0181529261290918,0.085066646206029,0.0873776164733554,1.00571679023053,0.84460654975135,0.00226402394719003,0.00226402846859925,0.00606020040185752,0.00606020040185752,0.102270433604945,8.5,2,0.599723905457012,0.270592210822134,0.683504168982193,26000,1.2
228,13,0.866666666666667,60,200,kalman,0.882977028523904,-0.040333528075454,0.0404233364847639,-0.0590594717738303,0.0622164964323943,1.04557768215236,0.893892850534025,-0.0018133263061625,0.00181359701490775,-0.0110404767129286,0.0110404767129286,0.102270433604945,8.5,2,0.598445551100949,0.162797808945875,0.319468814869642,26000,18
229,13,0.866666666666667,60,200,kalman,0.337913240441904,-0.00562484818050434,0.00802167057655897,-0.0426757279438709,0.0426757279438709,1.01218470595212,0.382820567377584,-3.66269379438519e-05,0.000417295097565515,0.00418341418836067,0.00418341418836067,0.102270433604945,8.5,2,0.509141553513546,0.149389008600983,0.191141125585944,26000,1.2
230,13,0.866666666666667,60,200,kalman,0.335910998664979,0.0222265345488875,0.0223474461216402,0.00866923666509581,0.0162041222125558,0.943131142084361,0.36041735669901,-0.000221111302007388,0.000317160004058706,0.00223521504241389,0.00223521504241389,0.102270433604945,8.5,2,0.496771780807922,0.110222468375616,0.181696253134211,26000,1.5
201,13,0.866666666666667,60,200,kalman-gm,0.255017339343908,0.0349536980785603,0.0349938823138298,0.080935756301447,0.080935756301447,0.80196309287753,0.104570195130548,0.00237919611365386,0.00237923193179951,0.0124072171978148,0.0124072171978148,0.180477235773431,15,2,0.461331727804823,0.277485059577486,0.694628770189176,52000,NaN
202,13,0.866666666666667,60,200,kalman-gm,0.265746187490233,-0.0185190639840179,0.0189113437066703,-0.024647153794117,0.024647153794117,1.07066979323638,0.258878594694454,0.00256211864236754,0.00256211864236754,0.00820439773002634,0.00820439773002634,0.180477235773431,15,2,0.313025456005781,0.328453461928807,0.78019945773613,52000,1.2
203,13,0.866666666666667,60,200,kalman-gm,0.210691349248003,0.0357951146658714,0.0357953042970802,0.039365118085249,0.039365118085249,0.82796341740086,0.14309853635557,0.00230169838943404,0.00230525473919321,0.0189798298978561,0.0189798298978561,0.180477235773431,15,2,0.396961518909096,0.3425716390057,0.86575564507319,52000,10.8
204,13,0.866666666666667,60,200,kalman-gm,0.359495153802557,0.0128021555007788,0.013783938299472,0.0205612729070811,0.0221523270475087,0.952132292765418,0.218336803346405,0.00295053320845905,0.0029505332102197,0.0127197173783769,0.0127197173783769,0.180477235773431,15,2,0.551735662154472,0.539156011259481,1.9371669009815,52000,4.8
205,13,0.866666666666667,60,200,kalman-gm,0.70015870254017,0.00449979752979247,0.0120251136134004,-0.0771356597800487,0.0771356597800487,0.992490803406217,0.542501516119511,0.00122625741617524,0.00123498086591138,0.0129636569943898,0.0129636569943898,0.180477235773431,15,2,0.455489406229554,0.255280739086294,0.559579998426078,52000,NaN
206,13,0.866666666666667,60,200,kalman-gm,0.704274218716452,0.00604601913235375,0.00617402008049465,-0.00596796489549475,0.0227071752486895,0.990270005360315,0.604113374033723,0.000931175225087887,0.000931175225782133,0.00707330709400449,0.00707330709400449,0.180477235773431,15,2,0.414428532621854,0.288858994489936,0.986228172096205,52000,1.2
207,13,0.866666666666667,60,200,kalman-gm,0.38959595460555,0.016745018188336,0.0167544083838497,0.0593349272941841,0.0593349272941841,0.955359563532656,0.352415716113974,0.00245206662032706,0.0024522364227867,0.0122267930412472,0.0122267930412472,0.180477235773431,15,2,0.420814807081713,0.307760232355122,0.833562682971195,52000,1.2
208,13,0.866666666666667,60,200,kalman-gm,0.521825513218961,0.0185882843941724,0.0185922431297776,-0.00379756821642922,0.00592612726205777,0.969382704709414,0.545001780158261,0.000928527479522011,0.000928577504948034,0.00665756553232555,0.00665756553232555,0.180477235773431,15,2,0.454503254553336,0.272532386884943,0.750330011714593,52000,1.2
209,13,0.866666666666667,60,200,kalman-gm,0.757883941146569,0.0530460186042787,0.0530460186042787,0.107451825330471,0.107451825330471,0.932954602280719,0.671972222580405,0.00454440530457045,0.00454440530457045,0.0227204853153138,0.0227204853153138,0.180477235773431,15,2,0.532865622963786,0.52554535466831,2.24585880905054,52000,NaN
210,13,0.866666666666667,60,200,kalman-gm,0.698492318522336,0.0265576370389646,0.0273916222943884,-0.0485908002457623,0.0485908002457623,0.955949916866509,0.537791399308429,0.00428281169614108,0.00428281169614108,0.0180745622193431,0.0180745622193431,0.180477235773431,15,2,0.531062569406416,0.442115175242145,1.39242732153606,52000,1.2
211,13,0.866666666666667,60,200,kalman-gm,0.256447192560495,-0.0104696796528996,0.0126222727172605,-0.0356411631838261,0.0356411631838261,1.0312199691625,0.306149977601477,0.000426608924944096,0.000426610024476008,0.0016704089501124,0.0016704089501124,0.180477235773431,15,2,0.315921466209459,0.3056616055034,0.727134393336443,52000,1.2
212,13,0.866666666666667,60,200,kalman-gm,0.249945913385791,0.0205016528244988,0.0206196169073308,0.015903701928979,0.015903701928979,0.945518648350356,0.314867233185961,0.00116568798767209,0.00116568803906471,0.00418414061482966,0.00418414061482966,0.180477235773431,15,2,0.498315330760503,0.293598756315939,0.64950819925603,52000,1.2
213,13,0.866666666666667,60,200,kalman-gm,0.674500413219376,0.0247000084346019,0.0247089242812176,0.0100833687026743,0.0114087575248558,0.964241094617533,0.663608863377012,0.000566721514259527,0.000566728392857011,0.00360439210257544,0.00360439210257544,0.180477235773431,15,2,0.387150110409156,0.162209760316313,0.264319728931463,52000,1.2
214,13,0.866666666666667,60,200,kalman-gm,0.467051609443533,-0.0530932166858426,0.053291108251234,-0.169218144858611,0.169218144858611,1.11474128510104,0.480295392844235,0.000794928515086246,0.000794928809786051,0.00193223225267978,0.00193441697993277,0.180477235773431,15,2,0.387728232521816,0.368229287749736,1.35630905240923,52000,NaN
215,13,0.866666666666667,60,200,kalman-gm,0.445369691392905,-0.0245171317819857,0.0246435535677509,-0.091584174239818,0.091584174239818,1.09522618535981,0.224463551407055,0.00283793018367365,0.00283793069647927,0.0156107461677448,0.0156107461677448,0.180477235773431,15,2,0.512781343702242,0.241856488442284,0.580648468093673,52000,NaN
216,13,0.866666666666667,60,200,kalman-gm,0.847435176278389,-0.0104131269128757,0.0127161731399492,-0.0931727537106383,0.0931727537106383,1.01169355877941,0.885704926618811,0.000863350148929629,0.00086339155561726,0.00874464440834535,0.00874464440834535,0.180477235773431,15,2,0.496285444708586,0.14402018544023,0.257630713203528,52000,NaN
217,13,0.866666666666667,60,200,kalman-gm,0.358935008707022,0.00334588540622655,0.00797812358743409,-0.0804689157785859,0.0804689157785859,0.99393971538325,0.470513379376734,0.000430389597955456,0.000430399399893172,0.00253261274530492,0.00253261274530492,0.180477235773431,15,2,0.5105723187431,0.233060762860868,0.481292691414736,52000,1.2
218,13,0.866666666666667,60,200,kalman-gm,0.349844227102502,-0.0207513610273622,0.0208476741743749,-0.0474752471279321,0.0474752471279321,1.07401750399917,0.286149900124766,0.00115337811456196,0.00115337839085805,0.00453133485052429,0.00453133485052429,0.180477235773431,15,2,0.327137398004816,0.372527978342394,1.73710918396203,52000,17.1
219,13,0.866666666666667,60,200,kalman-gm,0.496912445828087,-0.0334155354161759,0.0334351041875735,-0.0502818463720921,0.0502818463720921,1.0622212270814,0.561117027281046,0.000229226792182575,0.000293207468034193,0.00144414172845206,0.00144414172845206,0.180477235773431,15,2,0.384355182264519,0.364702070192649,1.58818337310079,52000,20.7
220,13,0.866666666666667,60,200,kalman-gm,0.27818400380262,-0.00858931569706606,0.0088724812261682,-0.0245079300215374,0.0249151369421916,1.04038278035586,0.16053419279008,0.00197374307423078,0.00197374327163685,0.00832911004429823,0.00832911004429823,0.180477235773431,15,2,0.455674476144796,0.250078617363414,0.55889530042244,52000,1.2
221,13,0.866666666666667,60,200,kalman-gm,0.681133075162703,0.00674321391973898,0.00709321005698136,0.00666805575871327,0.00761069257646269,0.990967452142585,0.727967163998378,0.000410122070753912,0.000410122070753912,0.00218477441458781,0.00218477441458781,0.180477235773431,15,2,0.511095744811301,0.158589484258345,0.355498475209545,52000,1.2
222,13,0.866666666666667,60,200,kalman-gm,0.857428496491087,-0.0217140228730075,0.0261080843021557,-0.0600700766148054,0.0608893555412605,1.02718867076775,0.802312458560966,0.00637520489556998,0.00637768379369394,0.0274921303434601,0.0274921303434601,0.180477235773431,15,2,0.515460381325221,0.449350849122601,1.88164443455426,52000,21.3
223,13,0.866666666666667,60,200,kalman-gm,0.700443572975692,0.0096287589419113,0.00974763070891582,-0.0317622250623463,0.0317974987648264,0.987779370504908,0.751618963274895,0.000909724221606757,0.000909724323915721,0.00762441046179988,0.00762441046179988,0.180477235773431,15,2,0.429845471992348,0.182087348956042,0.301311379455457,52000,1.2
224,13,0.866666666666667,60,200,kalman-gm,0.421163045800885,0.0104464290068862,0.0111069965842687,0.0324269888317283,0.0324269888317283,0.96892519597643,0.304854464009138,0.00083902954582265,0.000839036961679821,0.00413046790181998,0.00413046790181998,0.180477235773431,15,2,0.482711577026309,0.441347337857211,1.70014908891266,52000,1.2
225,13,0.866666666666667,60,200,kalman-gm,0.373507593299514,0.0167573824942041,0.0167592436286793,0.0196280486486212,0.0196280486486212,0.964088712919175,0.440434233436927,0.000858158454701645,0.000858163366428129,0.00352153040859075,0.00352153040859075,0.180477235773431,15,2,0.356054584462079,0.229534313899112,0.396781204447094,52000,1.2
226,13,0.866666666666667,60,200,kalman-gm,0.583349788947039,0.00508116341926335,0.0052832790704788,0.00987925182930604,0.00990942868111639,0.990264454380175,0.509631307857608,0.000928563081163885,0.000928565714000492,0.00489366131738313,0.00489366131738313,0.180477235773431,15,2,0.474214928372506,0.238885788175138,0.471372180529498,52000,1.2
227,13,0.866666666666667,60,200,kalman-gm,0.918427650421985,0.0141021159564269,0.0141043572945883,0.0708354672242403,0.0708354672242403,0.983523142521363,0.794623051283883,0.0035541528839997,0.00355416915177147,0.0128052143203539,0.0128052143203539,0.180477235773431,15,2,0.513929539598235,0.42064191642314,1.79420357249835,52000,1.2
228,13,0.866666666666667,60,200,kalman-gm,0.882977028523904,0.000562235267561183,0.0199333867017372,-0.060317187007319,0.0604048880292008,0.99936466305968,0.87311621693855,0.00213764102513191,0.00213802547961173,0.00400108636202447,0.00438097520745185,0.180477235773431,15,2,0.559893253298007,0.271504197631731,0.616353364360198,52000,21.6
229,13,0.866666666666667,60,200,kalman-gm,0.337913240441904,0.0182345473635129,0.0184038117867632,0.0134435535975836,0.0162862242586466,0.960499805387717,0.382881145537037,0.00160484500207494,0.00160484689309728,0.00987358594820526,0.00987358594820526,0.180477235773431,15,2,0.37328091597678,0.264294078490392,0.456257161806405,52000,1.2
230,13,0.866666666666667,60,200,kalman-gm,0.335910998664979,0.0238401659100888,0.0242923300996491,0.0154507352050537,0.0154637170153071,0.939002501499095,0.36342371662727,0.00080538447861455,0.000805384808553954,0.00559313450630909,0.00559313450630909,0.180477235773431,15,2,0.371793565788199,0.212700190076039,0.434824003531497,52000,2.1
201,13,0.866666666666667,60,200,mean,0.255017339343908,0.0308303784078937,0.0308410744625892,0.0374792033573185,0.0374792033573185,0.825324554455094,0.128777090179266,0.000750444811070542,0.000773268843542396,0.00655093191226378,0.00655093191226378,0.102270433604945,8.5,2,0.593356618270925,0.163111111516288,0.218023969542775,26000,9.9
202,13,0.866666666666667,60,200,mean,0.265746187490233,-0.0129528758693134,0.0166999544690685,-0.0838739113579462,0.0838739113579462,1.04942890527787,0.258901359145085,0.0017544646022303,0.0017544647292528,0.00807582015747368,0.00807582015747368,0.102270433604945,8.5,2,0.461961200601206,0.161501504586037,0.212259487542308,26000,NaN
203,13,0.866666666666667,60,200,mean,0.210691349248003,0.0213031038245946,0.0223209836323594,0.00288413056094679,0.0266127609457833,0.897614151681089,0.173103829868538,0.00147439460377806,0.00147713496408399,0.0146508513795268,0.0146508513795268,0.102270433604945,8.5,2,0.504657374327912,0.145030102098628,0.203098106572161,26000,5.4
204,13,0.866666666666667,60,200,mean,0.359495153802557,0.0127979376300833,0.0161052332839516,0.0662428708308545,0.0662428708308545,0.952148063531489,0.211237363558051,0.00131587242448936,0.00131588983469526,0.0109803981488657,0.0109803981488657,0.102270433604945,8.5,2,0.637277671922382,0.183456557513089,0.38360721740543,26000,NaN
205,13,0.866666666666667,60,200,mean,0.70015870254017,-0.0320569469381685,0.0320569501955472,-0.116293840790004,0.116293840790004,1.05349616625223,0.606897864488927,0.001394235029752,0.001394235029752,0.0133920413461714,0.0133920413461714,0.102270433604945,8.5,2,0.608777231156117,0.145614613259186,0.228264026731258,26000,NaN
206,13,0.866666666666667,60,200,mean,0.704274218716452,0.0165923816407783,0.0165953320287175,-0.0127893508827684,0.0319429642204943,0.973297506856957,0.59163279175404,0.000847926968072821,0.000847926968809664,0.00730782077203137,0.00730782077203137,0.102270433604945,8.5,2,0.510044438878377,0.188895755146914,0.341812365871887,26000,1.2
207,13,0.866666666666667,60,200,mean,0.38959595460555,0.0295639483435789,0.0295645237754618,0.0565757914043839,0.0565757914043839,0.921185659943048,0.332137606110606,0.000713491666197443,0.000731359995344969,0.00664026496039437,0.00664026496039437,0.102270433604945,8.5,2,0.587805816420301,0.123420051984059,0.236377691565206,26000,27.6
208,13,0.866666666666667,60,200,mean,0.521825513218961,-0.0279650188731052,0.028046724155861,-0.0517086441973911,0.0517086441973911,1.0460619830474,0.552874075761851,0.000819001565634187,0.00107919354283994,0.0101626113647208,0.0101626113647208,0.102270433604945,8.5,2,0.579599208911047,0.195514540230762,0.290035699832209,26000,14.1
209,13,0.866666666666667,60,200,mean,0.757883941146569,0.037427119450757,0.037427119450757,0.0643307414953082,0.0643307414953082,0.952695486389235,0.730813078186081,0.00283934948584456,0.00283934948584456,0.0198710616318511,0.0198710616318511,0.102270433604945,8.5,2,0.623701392523374,0.234576010399843,0.51516509666954,26000,5.1
210,13,0.866666666666667,60,200,mean,0.698492318522336,0.0176867936433846,0.0228131142814216,-0.0997701915167779,0.0997701915167779,0.970663627595599,0.563325171440621,0.00293709820737162,0.00293709820737162,0.0166578068495084,0.0166578068495084,0.102270433604945,8.5,2,0.631473543324395,0.184549944434203,0.408502407619858,26000,NaN
211,13,0.866666666666667,60,200,mean,0.256447192560495,-0.000841549868005909,0.00424255868554066,0.0266160177138072,0.0294143685464334,1.00250945222766,0.306151010657625,0.000476517819577499,0.000476517822459505,0.00209188271751959,0.00209188271751959,0.102270433604945,8.5,2,0.450906257630216,0.178557591397727,0.209214599050227,26000,1.2
212,13,0.866666666666667,60,200,mean,0.249945913385791,0.0240602611474571,0.0241058362848958,0.0227198734698394,0.0227198734698394,0.936061957561271,0.3148680023583,0.000149598741214523,0.000279442378571621,0.0023311274992228,0.0023311274992228,0.102270433604945,8.5,2,0.607046582892466,0.128802271360764,0.193428297767512,26000,2.7
213,13,0.866666666666667,60,200,mean,0.674500413219376,-0.0119820392841699,0.0120338998945906,-0.0141061805756207,0.0141061805756207,1.01734673938214,0.667185107859243,-0.000445232000812894,0.000445245598637419,-0.000874291062579228,0.000874291062579228,0.102270433604945,8.5,2,0.520418015173287,0.0973932851451198,0.177201520348273,26000,1.2
214,13,0.866666666666667,60,200,mean,0.467051609443533,-0.0189921116796478,0.0190569660582254,-0.0204323970910025,0.0204323970910025,1.04104440146845,0.472328169265619,-2.12114608642677e-06,0.000176220798204277,0.0013932541225772,0.0013932541225772,0.102270433604945,8.5,2,0.503107694043812,0.225298852114522,0.367682822070176,26000,1.2
215,13,0.866666666666667,60,200,mean,0.445369691392905,-0.035183852685362,0.0352051970126889,-0.12251009854078,0.12251009854078,1.13665644526781,0.272699231221088,0.0015537478066493,0.00155374798903272,0.0141287330726134,0.0141287330726134,0.102270433604945,8.5,2,0.589845939280516,0.118227495218807,0.195720184729885,26000,NaN
216,13,0.866666666666667,60,200,mean,0.847435176278389,-0.017857424199997,0.018810271610024,-0.118119536756698,0.118119536756698,1.02005323101108,0.905000670745644,0.000529984413062894,0.000533772948830613,0.00760706568104262,0.00760706568104262,0.102270433604945,8.5,2,0.598692596650894,0.0912875954335937,0.177415239066217,26000,NaN
217,13,0.866666666666667,60,200,mean,0.358935008707022,0.0066120079390247,0.015307793731793,-0.0406021953871554,0.0422709820223954,0.988023902455197,0.47051904681644,0.000162533822417769,0.000489283678886281,0.00589649052517628,0.00589649052517628,0.102270433604945,8.5,2,0.547417748577625,0.158141490480069,0.216115476506373,26000,1.2
218,13,0.866666666666667,60,200,mean,0.349844227102502,-0.00631306067670316,0.0104827737235453,-0.0430751409043251,0.0430751409043251,1.02251789621263,0.269426606932142,0.000699029800105184,0.000699030160054044,0.00457064474877079,0.00457064474877079,0.102270433604945,8.5,2,0.491706675949751,0.252726523208935,0.341249226804037,26000,1.2
219,13,0.866666666666667,60,200,mean,0.496912445828087,-0.038288778944943,0.0383098722648898,-0.0386856254242126,0.0386856254242126,1.07129542530836,0.561117025609163,-0.000554167116380133,0.000554169963363437,-0.00164408293933099,0.00164408293933099,0.102270433604945,8.5,2,0.484251705519605,0.211918241593578,0.266226866926426,26000,12.9
220,13,0.866666666666667,60,200,mean,0.27818400380262,-0.00939688780242575,0.0103784686610927,-0.0203784241553939,0.0219399154111088,1.0441795911965,0.186557768675497,0.000814846464197732,0.00081485339097029,0.00531370693825379,0.00531370693825379,0.102270433604945,8.5,2,0.565845025418814,0.116491788243167,0.201880001289068,26000,1.2
221,13,0.866666666666667,60,200,mean,0.681133075162703,0.00763670056764824,0.00788889924734669,0.0191855753575955,0.0191855753575955,0.98977062508011,0.728001854139403,-0.000192011059586802,0.000218105796696085,0.000907398100709461,0.000907398100709461,0.102270433604945,8.5,2,0.624767514233796,0.0968160189448237,0.192961772511059,26000,1.2
222,13,0.866666666666667,60,200,mean,0.857428496491087,-0.0177907110941422,0.0192841083533572,-0.0473433412808122,0.0584768884995247,1.02227619402871,0.800396348652726,0.00391385323173817,0.00391578457555755,0.0232246349674554,0.0232246349674554,0.102270433604945,8.5,2,0.637923746159253,0.252668443551115,0.479018561173885,26000,17.4
223,13,0.866666666666667,60,200,mean,0.700443572975692,-0.0112246387147119,0.0116720289724266,-0.0548333913952902,0.0548333913952902,1.01424608838754,0.768183707380343,0.000525617924901861,0.000526618736633612,0.00511303896342579,0.00511303896342579,0.102270433604945,8.5,2,0.565886815126794,0.117590586551456,0.192281985882107,26000,21
224,13,0.866666666666667,60,200,mean,0.421163045800885,0.016048882899521,0.0161348604286258,0.0302296872785522,0.0302296872785522,0.952259677391088,0.306914245134749,5.05298474600888e-06,0.000255085601752466,0.00130398565363059,0.00130398565363059,0.102270433604945,8.5,2,0.586522396344183,0.22364105337148,0.532510444657322,26000,1.2
225,13,0.866666666666667,60,200,mean,0.373507593299514,0.0161439973431399,0.0161693185090043,0.0254023701919494,0.0254023701919494,0.965403205218828,0.440437756108573,2.27246891027549e-05,9.50951774469594e-05,0.00104616003558165,0.00104616003558165,0.102270433604945,8.5,2,0.520600898325423,0.130071284859358,0.1851691559967,26000,1.2
226,13,0.866666666666667,60,200,mean,0.583349788947039,0.00619952440032846,0.0064721090530434,-0.00826669763303418,0.00840824838565891,0.988121666704952,0.506891919843056,0.000786033789807123,0.00078609376639612,0.00555941720455628,0.00555941720455628,0.102270433604945,8.5,2,0.574575120387065,0.135842541963949,0.185059723865554,26000,1.2
227,13,0.866666666666667,60,200,mean,0.918427650421985,0.00261798918017617,0.0162489891360536,0.0428591498426823,0.0449759733882754,0.996941151616136,0.827171839362866,0.00333713770298157,0.00333714223339297,0.0126940341382159,0.0126940341382159,0.102270433604945,8.5,2,0.627096887829587,0.27356326211667,0.697281882135371,26000,1.2
228,13,0.866666666666667,60,200,mean,0.882977028523904,-0.0156086027945503,0.0213002052073019,-0.0970537535860342,0.0973384437806403,1.01763802897881,0.887457042041446,0.00100857431964517,0.00103609451664044,0.00181419196078704,0.00430158071316965,0.102270433604945,8.5,2,0.612196362213184,0.16058721363877,0.31184310557981,26000,24.6
229,13,0.866666666666667,60,200,mean,0.337913240441904,0.00814699111430708,0.00990765122423291,-0.0208935649909856,0.0229745384920572,0.982351756360917,0.382819432705803,0.000654342596141261,0.000654342596141261,0.00610492995865736,0.00610492995865736,0.102270433604945,8.5,2,0.529985738739218,0.149236528577783,0.19056370496081,26000,1.2
230,13,0.866666666666667,60,200,mean,0.335910998664979,0.0249179761325662,0.025070770691498,0.0123340992777185,0.0173882252312305,0.93624481400322,0.359259385115098,-9.17591198663781e-05,0.000253166766785097,0.00261476994255922,0.00261476994255922,0.102270433604945,8.5,2,0.51536925374232,0.10985012727162,0.181255651443883,26000,3.3
201,13,0.866666666666667,60,200,none,0.255017339343908,0.00345065404152926,0.00570043823787299,0.00788474414219139,0.00986179305812642,0.980449655072313,0.164575345905789,0.0023249999511394,0.00235269734931335,0.0124220958005841,0.0124220958005841,0.0240636314364575,2,2,0.739409994822402,NaN,NaN,0,1.2
202,13,0.866666666666667,60,200,none,0.265746187490233,-0.0162187597778111,0.0172799339928027,-0.0901456728412562,0.0901456728412562,1.06189170257404,0.259037503885779,0.00543128068332414,0.00543128522476344,0.0188250107887893,0.0188250107887893,0.0240636314364575,2,2,0.59812638373828,NaN,NaN,0,NaN
203,13,0.866666666666667,60,200,none,0.210691349248003,-0.0119625726830061,0.0245649496375027,-0.00598303154469845,0.0206440158440403,1.0574938826901,0.210738108149977,0.00544932264837508,0.00544932264837508,0.0268059721512461,0.0268059721512461,0.0240636314364575,2,2,0.582464073051201,NaN,NaN,0,1.2
204,13,0.866666666666667,60,200,none,0.359495153802557,0.041750117722279,0.0435852330922391,0.204097662787161,0.204097662787161,0.843894849424553,0.224150345956785,0.0105685246848687,0.0105685246848687,0.0332475947464384,0.0332475947464384,0.0240636314364575,2,2,0.677484771252905,NaN,NaN,0,NaN
205,13,0.866666666666667,60,200,none,0.70015870254017,-0.0671005539531124,0.0671035656770006,-0.239663611994683,0.239663611994683,1.11197642735025,0.665108782206202,0.00524109083791704,0.00524197208743018,0.0275624744000258,0.0275624744000258,0.0240636314364575,2,2,0.770643005287156,NaN,NaN,0,NaN
206,13,0.866666666666667,60,200,none,0.704274218716452,-0.0183064787045858,0.0183644488473532,-0.0475632244008942,0.0475632244008942,1.02946102811914,0.639230901533117,0.00172205541203432,0.00172210216563159,0.00905563060071234,0.00905563060071234,0.0240636314364575,2,2,0.626204269095065,NaN,NaN,0,1.2
207,13,0.866666666666667,60,200,none,0.38959595460555,0.00204432464093418,0.0126501952425706,0.0172544672237239,0.0172544672237239,0.994550048066486,0.369388445815389,0.00513555486924911,0.00513555486924911,0.0184671861097809,0.0184671861097809,0.0240636314364575,2,2,0.741604226159553,NaN,NaN,0,1.2
208,13,0.866666666666667,60,200,none,0.521825513218961,0.0530666859132568,0.0535917240298804,-0.0510905640126771,0.0510905640126771,0.912592342668896,0.552299058261078,0.00954190668562523,0.00954191549536793,0.0404616220097237,0.0404616220097237,0.0240636314364575,2,2,0.686599323543633,NaN,NaN,0,1.2
209,13,0.866666666666667,60,200,none,0.757883941146569,-0.0131996533821989,0.0169953034015929,0.0492218028875081,0.0660394591790176,1.01668317498752,0.802315091399097,0.0136341525076331,0.0136341525076331,0.0407167814684342,0.0407167814684342,0.0240636314364575,2,2,0.68907519204719,NaN,NaN,0,1.2
210,13,0.866666666666667,60,200,none,0.698492318522336,-0.0435807519975654,0.0435817788821759,-0.183226228818068,0.183226228818068,1.07228563842846,0.641881885371221,0.00677782417104525,0.00677783586868335,0.0216710488990258,0.0216710488990258,0.0240636314364575,2,2,0.741322917845961,NaN,NaN,0,NaN
211,13,0.866666666666667,60,200,none,0.256447192560495,0.0340679123334753,0.0340695102952361,0.0473262921228457,0.0473262921228457,0.898411488436788,0.295977512832985,0.00123602940343656,0.00123624695417425,0.00395651372512516,0.00395651372512516,0.0240636314364575,2,2,0.605269498840984,NaN,NaN,0,1.2
212,13,0.866666666666667,60,200,none,0.249945913385791,0.0510676977802911,0.0511663349908588,0.00857656143866996,0.0282947220833295,0.864292053693294,0.317474190786225,0.00429101140992399,0.00429101140992399,0.0141374406247412,0.0141374406247412,0.0240636314364575,2,2,0.708547504424902,NaN,NaN,0,6
213,13,0.866666666666667,60,200,none,0.674500413219376,0.0186606726822812,0.0196469463291447,0.00166216578504905,0.0128246763203315,0.972984412916876,0.668464051056553,0.000585615634882136,0.000597983943801855,0.0038240414086339,0.0038240414086339,0.0240636314364575,2,2,0.645810604950449,NaN,NaN,0,1.2
214,13,0.866666666666667,60,200,none,0.467051609443533,-0.0332120989649228,0.0384274829955436,-0.0899022631308184,0.0899022631308184,1.07177562698239,0.477726732372968,0.00439993082574721,0.00439993082574721,0.0112768598918353,0.0112768598918353,0.0240636314364575,2,2,0.615807782746798,NaN,NaN,0,NaN
215,13,0.866666666666667,60,200,none,0.445369691392905,-0.0811211687945476,0.0811255337190602,-0.204311277169918,0.204311277169918,1.31508006421494,0.338404402579807,0.0075603121973997,0.0075603121973997,0.0343893922386293,0.0343893922386293,0.0240636314364575,2,2,0.680154122699261,NaN,NaN,0,NaN
216,13,0.866666666666667,60,200,none,0.847435176278389,-0.0153367640400445,0.0172755222117509,-0.1262089289123,0.1262089289123,1.01722262230056,0.904249274653427,0.00628434093195959,0.00628434093195959,0.0237390217205827,0.0237390217205827,0.0240636314364575,2,2,0.699709660677465,NaN,NaN,0,NaN
217,13,0.866666666666667,60,200,none,0.358935008707022,0.080681178301762,0.080681178301762,0.0163326778693695,0.0420572196526114,0.853865017966986,0.467146793157182,0.00323007645430651,0.00323007645430651,0.0163796685428012,0.0163796685428012,0.0240636314364575,2,2,0.579498348560606,NaN,NaN,0,9.6
218,13,0.866666666666667,60,200,none,0.349844227102502,-0.0614959777592724,0.0614961589894658,-0.064707469728467,0.064707469728467,1.21934844532502,0.34105813609202,0.00375611398316193,0.00375613989137153,0.0132576226245734,0.0132576226245734,0.0240636314364575,2,2,0.663693232680484,NaN,NaN,0,21.6
219,13,0.866666666666667,60,200,none,0.496912445828087,-0.0142071929770111,0.0184363448631162,-0.0553275855841459,0.0553275855841459,1.02645443113217,0.54943099203481,0.0027513295091993,0.0027513295091993,0.00912744847699802,0.00912744847699802,0.0240636314364575,2,2,0.570660719104816,NaN,NaN,0,1.2
220,13,0.866666666666667,60,200,none,0.27818400380262,-0.0590013498477146,0.0593121754468781,-0.108350887574403,0.108350887574403,1.27739561981796,0.269983545267674,0.00547877367337892,0.00547899784087563,0.0227596329123245,0.0227596329123245,0.0240636314364575,2,2,0.66756035266896,NaN,NaN,0,NaN
221,13,0.866666666666667,60,200,none,0.681133075162703,0.00674248585035429,0.00679832589302539,-0.0141019345469808,0.0144794434066536,0.990968427392909,0.728286481102597,0.00530483560463701,0.00530483560463701,0.0152324986458511,0.0152324986458511,0.0240636314364575,2,2,0.749693829064429,NaN,NaN,0,1.2
222,13,0.866666666666667,60,200,none,0.857428496491087,-0.0327575987157676,0.0344674767460467,-0.152173484979923,0.152173484979923,1.04101660810777,0.826442803580585,0.00728741162931432,0.00728775640075216,0.0312245722283523,0.0312245722283523,0.0240636314364575,2,2,0.746244933445436,NaN,NaN,0,NaN
223,13,0.866666666666667,60,200,none,0.700443572975692,0.0169074052589413,0.0195174989274442,-0.0614802842357218,0.0614802842357218,0.978541457249123,0.765738040593243,0.00449353031678469,0.00449353031678469,0.0198930837637616,0.0198930837637616,0.0240636314364575,2,2,0.70945537731125,NaN,NaN,0,1.2
224,13,0.866666666666667,60,200,none,0.421163045800885,-0.00426531197235854,0.0102219006360999,-0.0162680417996389,0.0169949208132259,1.01268794662301,0.338458230228411,0.00659785811379605,0.00659785836801145,0.0164340072656564,0.0164340072656564,0.0240636314364575,2,2,0.676838732600172,NaN,NaN,0,1.2
225,13,0.866666666666667,60,200,none,0.373507593299514,0.0270051614275943,0.0270402893117479,0.0293036882400624,0.0293036882400624,0.942127590330662,0.437553912774713,0.00182809392242071,0.00182809392242071,0.00678579728263302,0.00678579728263302,0.0240636314364575,2,2,0.683639596678433,NaN,NaN,0,1.2
226,13,0.866666666666667,60,200,none,0.583349788947039,-0.0370540443594383,0.0370540443594383,-0.018911883383677,0.018911883383677,1.0709958152286,0.555674916032394,0.00436696923868156,0.00436696923868156,0.0163130957723983,0.0163130957723983,0.0240636314364575,2,2,0.693443598220134,NaN,NaN,0,2.7
227,13,0.866666666666667,60,200,none,0.918427650421985,-0.0264399972698722,0.0341303979951732,-0.021743595173119,0.0268893594030129,1.03089239005673,0.882147708859907,0.00781760754126802,0.00781760754126802,0.0214461269465139,0.0214461269465139,0.0240636314364575,2,2,0.698686889875077,NaN,NaN,0,7.8
228,13,0.866666666666667,60,200,none,0.882977028523904,-0.0147859438520333,0.0186802340448504,-0.062519001203727,0.0655530035864968,1.01670840814991,0.898085998443473,0.00477163346594983,0.00477163595203142,0.0134055284070867,0.0134055284070867,0.0240636314364575,2,2,0.667598685977495,NaN,NaN,0,20.4
229,13,0.866666666666667,60,200,none,0.337913240441904,0.0712845424285,0.0714637595639765,0.0546292423171714,0.0548174242362109,0.845581398724071,0.384455269426206,0.00462050480142953,0.00462057530187837,0.020280485128037,0.020280485128037,0.0240636314364575,2,2,0.669688448782609,NaN,NaN,0,18.6
230,13,0.866666666666667,60,200,none,0.335910998664979,0.0157228172459087,0.0167535043812332,0.0101554326733765,0.010722653619542,0.959771566816929,0.372645795745259,0.00121507595786015,0.00121510844050405,0.00674287058358313,0.00674287058358313,0.0240636314364575,2,2,0.667618138626277,NaN,NaN,0,1.2
