seed,hiddenCount,hiddenFraction,T,durationSteps,mode,checkpointGO,eventGOLoss,postGOLoss,eventGOPreservation,eventMinGO,eventPairDistanceIncrease,postPairDistanceIncrease,eventInputMass,eventActiveNeighbors,eventFreshNeighbors,eventInputConcentration,meanPredictionError,p90PredictionError,predictionErrorCount,recoveryTime
201,7,0.466666666666667,3,10,hold,0.255017339343908,9.57012156564685e-06,0.0002272064684923,0.999944609983537,0.171477931401742,-9.4845422748957e-08,7.57766700878015e-06,0.180477235773431,15,8,0.467216098194296,0.0200893556721714,0.0347891921265454,1400,1.2
202,7,0.466666666666667,3,10,hold,0.265746187490233,3.75652429101703e-05,0.000247071916643014,0.999857312276203,0.25863357095732,4.49020805443068e-07,2.59218007467404e-05,0.180477235773431,15,8,0.343811066220199,0.0332337867735182,0.0329877451081133,1400,1.2
203,7,0.466666666666667,3,10,hold,0.210691349248003,0.000240025778961014,0.000291442860965861,0.998902886159406,0.21486291795527,2.22039321384759e-07,4.68722957091688e-06,0.180477235773431,15,8,0.405814283943533,0.0146593856942284,0.0338436252583874,1400,1.2
204,7,0.466666666666667,3,10,hold,0.359495153802557,-0.00144804105447226,-7.33027916311213e-05,1.00645680487107,0.222869337300938,1.41894181814872e-06,1.45536497553071e-05,0.180477235773431,15,8,0.577417021765836,0.0322678386194876,0.0659984915647582,1400,1.2
205,7,0.466666666666667,3,10,hold,0.70015870254017,0.000403747115303255,-0.000282738201214994,0.999393553754023,0.662948881525099,3.8231986238535e-07,2.25706898889144e-05,0.180477235773431,15,8,0.464104486992623,0.0212780227264795,0.0318613956277909,1400,1.2
206,7,0.466666666666667,3,10,hold,0.704274218716452,0.000337666034232875,0.000166267615052812,0.999473270545108,0.63808125472824,3.98578344390499e-07,1.7990748547359e-05,0.180477235773431,15,8,0.438589171908813,0.0278591582699674,0.0438283029031048,1400,1.2
201,7,0.466666666666667,3,10,kalman,0.255017339343908,-2.19841413144545e-05,0.000116828998067974,1.0001272399667,0.172131918484698,-1.8150461955635e-08,-5.54829567848386e-06,0.180477235773431,15,8,0.465423738777597,0.0165118110501282,0.0273095631487945,1400,1.2
202,7,0.466666666666667,3,10,kalman,0.265746187490233,-0.000162017830304007,-0.00203570236644437,1.00061540811744,0.258743575930781,-9.83521948105803e-08,6.37899689364918e-05,0.180477235773431,15,8,0.33910070748386,0.0436273023947587,0.0244606819179891,1400,1.2
203,7,0.466666666666667,3,10,kalman,0.210691349248003,0.000523445270542372,0.00020000343503928,0.997607427612186,0.214632103420389,-3.21295426677914e-06,-1.03009533734261e-05,0.180477235773431,15,8,0.403934816499286,0.0164864659359354,0.0252975238418833,1400,1.2
204,7,0.466666666666667,3,10,kalman,0.359495153802557,-0.000319614833690529,3.93272061947295e-05,1.00142516029409,0.21967361408827,1.89090227892263e-08,1.74043787496692e-06,0.180477235773431,15,8,0.578075006119529,0.0132647765919224,0.0263859572644101,1400,1.2
205,7,0.466666666666667,3,10,kalman,0.70015870254017,-0.000397162880033985,-0.00372114529952526,1.00059655642978,0.66536739139279,3.31764288687975e-06,0.000179920053807509,0.180477235773431,15,8,0.468664139264092,0.0427279577556389,0.0283102783070666,1400,1.2
206,7,0.466666666666667,3,10,kalman,0.704274218716452,-6.73805110224857e-05,-3.78099358594119e-05,1.00010510769886,0.639662022589474,-3.7945724379318e-08,-1.2062508406796e-07,0.180477235773431,15,8,0.439025152658504,0.0161336426193191,0.0245175232247089,1400,1.2
201,7,0.466666666666667,3,10,kalman-gm,0.255017339343908,-4.03132499407488e-06,-2.34411487480352e-05,1.00002333253097,0.172130612806692,-2.45663289155651e-09,1.20918727914199e-06,0.180477235773431,15,8,0.466277089603657,0.00833856941827246,0.0160757533301576,1400,1.2
202,7,0.466666666666667,3,10,kalman-gm,0.265746187490233,-4.18367860967606e-06,-0.001775012437352,1.00001589127427,0.258725714533903,3.26777265818867e-07,5.44163010243953e-05,0.180477235773431,15,8,0.341276209992043,0.0335045137664673,0.0166180428463123,1400,1.2
203,7,0.466666666666667,3,10,kalman-gm,0.210691349248003,0.000345501546874494,0.000128623179376295,0.998420775757239,0.214987570882886,-1.53765620041213e-06,-8.39607959691319e-06,0.180477235773431,15,8,0.403567740924003,0.0167079821259289,0.0156908514897731,1400,1.2
204,7,0.466666666666667,3,10,kalman-gm,0.359495153802557,-0.00123472558156926,5.65149169990356e-05,1.00550563267864,0.222776558865318,7.15767833753267e-07,7.0642892511559e-06,0.180477235773431,15,8,0.578628915802016,0.0165005019299095,0.0234337020122806,1400,1.2
205,7,0.466666666666667,3,10,kalman-gm,0.70015870254017,9.90208108657575e-05,0.00155650402333395,0.999851266308174,0.664304695097048,-1.35031872562918e-06,-7.28964640253921e-05,0.180477235773431,15,8,0.464495996690595,0.0335784987300336,0.0194827968009479,1400,1.2
206,7,0.466666666666667,3,10,kalman-gm,0.704274218716452,8.6128312617495e-05,-3.10664823972162e-05,0.999865647371792,0.638965602485118,1.86942992841388e-07,3.93843554349516e-06,0.180477235773431,15,8,0.43871703142279,0.0170043732611331,0.0235965003674732,1400,1.2
201,7,0.466666666666667,3,10,mean,0.255017339343908,-1.48642631530638e-05,9.78134050654938e-05,1.00008603148613,0.17213192622437,-1.16088050894358e-08,-4.53628167777581e-06,0.180477235773431,15,8,0.465506604881018,0.0165118179537109,0.0273095660671583,1400,1.2
202,7,0.466666666666667,3,10,mean,0.265746187490233,-0.000163333506893648,-0.0020344752791388,1.00062040558008,0.25874746475442,-9.46269642587705e-08,6.46390608733688e-05,0.180477235773431,15,8,0.339154399942107,0.0436272781064315,0.0244606821688569,1400,1.2
203,7,0.466666666666667,3,10,mean,0.210691349248003,0.000505087648992922,0.000190059588507507,0.997691336935466,0.214788709615158,-3.22498839421259e-06,-1.06055855108284e-05,0.180477235773431,15,8,0.404006028015466,0.016486475449946,0.0252975238417696,1400,1.2
204,7,0.466666666666667,3,10,mean,0.359495153802557,-0.000321602608060867,3.85775906889241e-05,1.00143402376601,0.219672744067112,2.55349372341174e-08,1.82733974300298e-06,0.180477235773431,15,8,0.578174174700939,0.0132648125485956,0.0263859572644101,1400,1.2
205,7,0.466666666666667,3,10,mean,0.70015870254017,-0.00037660843501891,-0.00371891467430896,1.00056568273299,0.665367271011902,3.36467697827081e-06,0.000180129488664672,0.180477235773431,15,8,0.468757375240877,0.0427279516589015,0.028310292758845,1400,1.2
206,7,0.466666666666667,3,10,mean,0.704274218716452,-6.68933489571533e-05,-3.63617546776451e-05,1.00010434776868,0.639662011544707,-4.02645604580254e-08,-1.68050144097043e-07,0.180477235773431,15,8,0.439103724888225,0.0161336470854604,0.0245175232247089,1400,1.2
201,7,0.466666666666667,3,10,none,0.255017339343908,0.00042909231298579,0.00881892254737408,0.997516496512856,0.170085481615982,-8.10867899689316e-06,-0.000155102506120003,0.09625452574583,8,8,0.498041880801772,NaN,NaN,0,1.2
202,7,0.466666666666667,3,10,none,0.265746187490233,0.00328963492897915,5.68990334443759e-05,0.987504658993887,0.258472539132861,4.63074706576472e-06,0.000119273443177774,0.09625452574583,8,8,0.399172501824992,NaN,NaN,0,1.2
203,7,0.466666666666667,3,10,none,0.210691349248003,-0.00421543222684216,-0.0120472386720642,1.01926796804983,0.221676061644215,1.85024818933732e-05,0.000293266248335715,0.09625452574583,8,8,0.434513589800144,NaN,NaN,0,1.2
204,7,0.466666666666667,3,10,none,0.359495153802557,-0.000253975685133889,0.00897491037647894,1.00113247579262,0.222740358183353,1.88688165436324e-05,0.000665899357131608,0.09625452574583,8,8,0.623651415421072,NaN,NaN,0,1.2
205,7,0.466666666666667,3,10,none,0.70015870254017,-0.000826388877279505,-0.0037472264802151,1.00124127309731,0.666101655195597,1.7670015107385e-06,0.000110440876238984,0.09625452574583,8,8,0.446191070138136,NaN,NaN,0,1.2
206,7,0.466666666666667,3,10,none,0.704274218716452,0.000165825662546404,-0.000600775201907516,0.999741326482427,0.64013073636291,2.30728715694961e-06,-1.14029398799731e-05,0.09625452574583,8,8,0.449710823817683,NaN,NaN,0,1.2
201,7,0.466666666666667,6,20,hold,0.255017339343908,0.000145909779383543,-0.000446199037533555,0.999158446603258,0.171477931401742,1.50802997418431e-06,4.10197179767866e-05,0.180477235773431,15,8,0.467361390846104,0.0316448348712458,0.0593001655418301,2800,1.2
202,7,0.466666666666667,6,20,hold,0.265746187490233,0.00040512501990182,0.00135043738225081,0.998460643891768,0.25863357095732,3.77629854166894e-06,5.94932549827382e-05,0.180477235773431,15,8,0.342650614727757,0.0438137127080683,0.0581333791788383,2800,1.2
203,7,0.466666666666667,6,20,hold,0.210691349248003,0.000622406743055208,0.00309645252765765,0.997115939323038,0.206706237624474,8.29964053519761e-07,-1.94771048450859e-05,0.180477235773431,15,8,0.40568086294532,0.024712768297507,0.0609631342907724,2800,1.2
204,7,0.466666666666667,6,20,hold,0.359495153802557,-0.00233707956885991,0.000293927163061954,1.0105467819976,0.220869028928912,6.89576140645853e-06,9.20618671808379e-05,0.180477235773431,15,8,0.576983434428756,0.05604773993276,0.123936218052946,2800,1.2
205,7,0.466666666666667,6,20,hold,0.70015870254017,0.000350685754605096,-0.00053464482606152,0.999472426071341,0.66185204735407,2.91478890112884e-06,4.50253210351503e-05,0.180477235773431,15,8,0.463893886173228,0.03588459394682,0.0555442425604427,2800,1.2
206,7,0.466666666666667,6,20,hold,0.704274218716452,0.000356902336904436,9.59179176960845e-05,0.999441559273238,0.635084744698749,3.87428022514402e-06,5.80023225476362e-05,0.180477235773431,15,8,0.43589229564216,0.0541148628245147,0.0840499182010128,2800,1.2
201,7,0.466666666666667,6,20,kalman,0.255017339343908,0.000440154028660351,0.014289424813288,0.997461355095775,0.171874088020929,-2.26405670134267e-06,-4.59142838964774e-05,0.180477235773431,15,8,0.465305186076571,0.0288822857265732,0.0453932741000127,2800,1.2
202,7,0.466666666666667,6,20,kalman,0.265746187490233,-0.00144361547782014,-0.000445211399002767,1.00548531488936,0.258743575930781,4.87320735249597e-06,0.000116492375289634,0.180477235773431,15,8,0.337684322470125,0.0503817432995567,0.0398882806824075,2800,1.2
203,7,0.466666666666667,6,20,kalman,0.210691349248003,0.000398483114750768,0.00040677084526391,0.998153539474774,0.209687304153892,-4.31166591933346e-06,5.84953957313145e-06,0.180477235773431,15,8,0.400953083386251,0.029102576114122,0.041289309285552,2800,1.2
204,7,0.466666666666667,6,20,kalman,0.359495153802557,-0.000151639343368312,0.000273409154758675,1.00068431863342,0.217374473470732,6.25580230770306e-08,-1.05631031774185e-05,0.180477235773431,15,8,0.579249570579847,0.0234206562967865,0.0461153080757142,2800,1.2
205,7,0.466666666666667,6,20,kalman,0.70015870254017,-0.000433011507633874,-0.00429176905784588,1.00065142532663,0.663128433281291,1.05541298115477e-05,0.000197662108165164,0.180477235773431,15,8,0.467307953217193,0.0457555204867267,0.0489668549955766,2800,1.2
206,7,0.466666666666667,6,20,kalman,0.704274218716452,0.000127208420941244,-0.000496103735056341,0.999800958537686,0.632858419225833,-6.34578152608478e-08,-3.4565058364317e-05,0.180477235773431,15,8,0.436525373344888,0.0356954563159708,0.0444546631261424,2800,1.2
201,7,0.466666666666667,6,20,kalman-gm,0.255017339343908,-0.000151283672119294,-0.000190004136248254,1.00087254801345,0.172130612806692,5.05645886481054e-07,1.73153463921688e-05,0.180477235773431,15,8,0.46567663767668,0.0142529250359769,0.0262732721667949,2800,1.2
202,7,0.466666666666667,6,20,kalman-gm,0.265746187490233,-0.0016430256381672,-0.00163495928127608,1.00624301494069,0.258725714533903,4.42345625003004e-06,0.000115384338679994,0.180477235773431,15,8,0.338441380287446,0.0445431237200103,0.0292950723020184,2800,1.2
203,7,0.466666666666667,6,20,kalman-gm,0.210691349248003,0.000447889285449354,0.000864717440981478,0.997924604946507,0.209521892590575,-4.11777100339794e-06,-6.78313106836814e-05,0.180477235773431,15,8,0.403812980315061,0.0187490862716921,0.0275511089212137,2800,1.2
204,7,0.466666666666667,6,20,kalman-gm,0.359495153802557,-0.00130989058601038,-0.000164898141420551,1.00591127945982,0.218471525865883,3.38888443642688e-06,3.22973121238646e-05,0.180477235773431,15,8,0.578606862744599,0.0260088866312384,0.0510258304708362,2800,1.2
205,7,0.466666666666667,6,20,kalman-gm,0.70015870254017,0.000173409145540487,0.00162085747588342,0.999739122154302,0.661523427059749,-5.54976951192138e-06,-7.8034873379984e-05,0.180477235773431,15,8,0.465918923123885,0.0519546411118929,0.0329832424409862,2800,1.2
206,7,0.466666666666667,6,20,kalman-gm,0.704274218716452,-5.46557384439428e-05,-7.47350241368994e-05,1.00008551916629,0.63584839541448,1.06616126382963e-06,1.7919152765758e-05,0.180477235773431,15,8,0.436557851281656,0.0351679896904389,0.0430854091250179,2800,1.2
201,7,0.466666666666667,6,20,mean,0.255017339343908,0.000275675551391683,0.0140760752731479,0.998410005842977,0.170990766776745,-1.7934272599579e-06,-3.97852965223944e-05,0.180477235773431,15,8,0.46567889981799,0.0288826884351982,0.0453636040520822,2800,1.2
202,7,0.466666666666667,6,20,mean,0.265746187490233,-0.00165675691538895,-0.000483561517265437,1.00629518976186,0.25874746475442,5.18499639458048e-06,0.000119996942383372,0.180477235773431,15,8,0.337924174829925,0.0503795531876466,0.039890070137079,2800,1.2
203,7,0.466666666666667,6,20,mean,0.210691349248003,0.000401808467105368,0.000338877864959221,0.998138130711823,0.20985912945398,-4.40313234770368e-06,4.81509148394454e-06,0.180477235773431,15,8,0.401269224879479,0.0291027457465589,0.0412880750511688,2800,1.2
204,7,0.466666666666667,6,20,mean,0.359495153802557,-0.000152985631482389,0.000268814429466639,1.00069039416779,0.21737769054267,1.86826131992612e-07,-6.72824255832594e-06,0.180477235773431,15,8,0.579702521138192,0.0234205280845501,0.0461153080757142,2800,1.2
205,7,0.466666666666667,6,20,mean,0.70015870254017,-0.000420723764402953,-0.0042132694154705,1.00063293956584,0.663073085109521,1.06154635785283e-05,0.000198088072833131,0.180477235773431,15,8,0.467718454836961,0.0457555711954083,0.0489668549955766,2800,1.2
206,7,0.466666666666667,6,20,mean,0.704274218716452,0.000144133281998693,-0.000464725291802726,0.999774476414338,0.632855820313086,-1.02831627421529e-07,-3.22193593851083e-05,0.180477235773431,15,8,0.436876521789882,0.0356955169833195,0.0444546631261424,2800,1.2
201,7,0.466666666666667,6,20,none,0.255017339343908,0.00373855659343926,0.0144743955825157,0.978437394577576,0.16388106137319,-1.59335430784113e-05,-0.000210525642026505,0.09625452574583,8,8,0.499750463929893,NaN,NaN,0,1.2
202,7,0.466666666666667,6,20,none,0.265746187490233,0.00516486562301899,0.00693277446085188,0.980375027326334,0.253171386585738,2.34993887557711e-05,0.000328742559886362,0.09625452574583,8,8,0.398072510475361,NaN,NaN,0,1.2
203,7,0.466666666666667,6,20,none,0.210691349248003,-0.00603559196381609,-0.0151986245292994,1.02796726359291,0.22028677665332,5.9217483623146e-05,0.000616742012661205,0.09625452574583,8,8,0.434118344679765,NaN,NaN,0,1.2
204,7,0.466666666666667,6,20,none,0.359495153802557,-0.00189196367462639,0.0139179034394369,1.00853806121518,0.221676295403476,7.09235705895428e-05,0.00139257148455272,0.09625452574583,8,8,0.625426814649031,NaN,NaN,0,1.2
205,7,0.466666666666667,6,20,none,0.70015870254017,-0.00189913230221592,-0.0159246001176136,1.00285706697967,0.666070059277611,1.4928953817403e-05,0.000309997799742595,0.09625452574583,8,8,0.44690832495759,NaN,NaN,0,1.2
206,7,0.466666666666667,6,20,none,0.704274218716452,-0.0011027057479061,-0.00569945967569149,1.00172539021349,0.638941547757284,1.29280954157152e-05,-6.11902867755643e-06,0.09625452574583,8,8,0.447376144742216,NaN,NaN,0,1.2
201,7,0.466666666666667,10.2,34,hold,0.255017339343908,-0.00206475096833594,0.000145426132093883,1.01194016847231,0.171477931401742,1.74530513470596e-05,0.000157944339440904,0.180477235773431,15,8,0.467049563144112,0.053057809820162,0.0976335771692272,4760,1.2
202,7,0.466666666666667,10.2,34,hold,0.265746187490233,0.00128186957326288,0.00416032865727891,0.995142762264521,0.25863357095732,1.33666269502564e-05,0.00013029268877565,0.180477235773431,15,8,0.340951558512758,0.0663132914395931,0.0958901727669666,4760,1.2
203,7,0.466666666666667,10.2,34,hold,0.210691349248003,0.00214685404487628,0.00383475236864897,0.989853775611739,0.196068009148759,7.85468076691664e-07,-1.61648137294423e-05,0.180477235773431,15,8,0.405630910612714,0.0398093217832426,0.100016362915314,4760,1.2
204,7,0.466666666666667,10.2,34,hold,0.359495153802557,-0.0042210248325673,0.00308811460852931,1.01918936795681,0.220869028928912,3.19085269089213e-05,0.00031052474399929,0.180477235773431,15,8,0.576130928690059,0.0905100537470173,0.215674322700572,4760,1.2
205,7,0.466666666666667,10.2,34,hold,0.70015870254017,0.000917085379430595,0.00027690829260262,0.998616768725369,0.654624063608409,7.77533737028765e-06,0.000119679849069726,0.180477235773431,15,8,0.463228291287179,0.0553303229805679,0.0923047941245043,4760,1.2
206,7,0.466666666666667,10.2,34,hold,0.704274218716452,-0.000331932693418727,-0.00010815021880383,1.00052240488144,0.626568846911459,1.78671247532043e-05,0.000168252734657266,0.180477235773431,15,8,0.435071312824094,0.0864784910733935,0.148745781899487,4760,1.2
201,7,0.466666666666667,10.2,34,kalman,0.255017339343908,0.00189664849808203,0.0228329116601163,0.989031944797634,0.166002348196516,-7.72599974825405e-06,-0.00014689755383732,0.180477235773431,15,8,0.46506255631198,0.0524372687271607,0.0731031354464173,4760,1.2
202,7,0.466666666666667,10.2,34,kalman,0.265746187490233,-0.000289107736112071,0.00681208666022088,1.00109548197005,0.258743575930781,1.75537255103497e-05,0.000249838387745451,0.180477235773431,15,8,0.333403077574376,0.0736533014905562,0.0631226040307766,4760,1.2
203,7,0.466666666666667,10.2,34,kalman,0.210691349248003,0.000383344791427777,0.000557109894388553,0.998188278201222,0.201051751024205,-2.23768409174374e-06,1.54560079882643e-05,0.180477235773431,15,8,0.400150967651549,0.0372192437526056,0.0641060191541332,4760,1.2
204,7,0.466666666666667,10.2,34,kalman,0.359495153802557,0.000156211072599961,0.000892089295580588,0.999289842663819,0.21539186163176,-1.41078274052996e-06,-1.19431275782486e-05,0.180477235773431,15,8,0.579490814363595,0.043996529858547,0.0820204450010849,4760,1.2
205,7,0.466666666666667,10.2,34,kalman,0.70015870254017,-0.00153085861232379,-0.00831093147528125,1.00230897968401,0.662093710903581,2.81786997223761e-05,0.000382611179871806,0.180477235773431,15,8,0.465060681557943,0.0650359354529846,0.0818894267940204,4760,1.2
206,7,0.466666666666667,10.2,34,kalman,0.704274218716452,0.000107773379991823,1.17039288028042e-05,0.999830383264701,0.625867868948898,1.0567338830745e-06,-2.51289008909766e-05,0.180477235773431,15,8,0.434561504148065,0.0628124553271328,0.0773931150075375,4760,1.2
201,7,0.466666666666667,10.2,34,kalman-gm,0.255017339343908,1.53958378832299e-06,0.0111888299656702,0.99999109680049,0.169927362146126,5.10737814819179e-06,3.28216328255104e-05,0.180477235773431,15,8,0.464947576611321,0.0302602294542643,0.0466060050117143,4760,1.2
202,7,0.466666666666667,10.2,34,kalman-gm,0.265746187490233,-0.00184401455825879,-0.000324159095995058,1.00698730766684,0.258725714533903,1.79229902447917e-05,0.000272435827408123,0.180477235773431,15,8,0.337306408424873,0.0613877121873753,0.0547490759415208,4760,1.2
203,7,0.466666666666667,10.2,34,kalman-gm,0.210691349248003,0.000701041643861105,0.00104774386529311,0.996686814438501,0.199765688073444,-7.56826859912525e-06,-7.62850051750433e-05,0.180477235773431,15,8,0.403964501486513,0.0240515114752832,0.0495622407043732,4760,1.2
204,7,0.466666666666667,10.2,34,kalman-gm,0.359495153802557,-0.00145132199915457,0.00160036165289921,1.00659791234837,0.216930220920785,1.06116179868286e-05,0.000101316939180442,0.180477235773431,15,8,0.578705948002979,0.0440072502762378,0.107687740346208,4760,1.2
205,7,0.466666666666667,10.2,34,kalman-gm,0.70015870254017,0.000710703687270948,0.00163778823033103,0.99892805229559,0.657567054813656,-1.22444637531293e-05,-6.81184178132466e-05,0.180477235773431,15,8,0.464360614544228,0.0609318405432909,0.0570643993929245,4760,1.2
206,7,0.466666666666667,10.2,34,kalman-gm,0.704274218716452,-8.01818063236739e-05,5.88281900017285e-05,1.00012619235121,0.626937666046931,6.22543679682116e-06,5.59951171665657e-05,0.180477235773431,15,8,0.436278606583842,0.0587787060719417,0.077551329324059,4760,1.2
201,7,0.466666666666667,10.2,34,mean,0.255017339343908,0.00151617937597978,0.0166574787577973,0.991232144960307,0.167427250973005,-5.83898267551841e-06,-6.41273091877143e-06,0.180477235773431,15,8,0.466478140770974,0.0524443577661384,0.0731031305569578,4760,1.2
202,7,0.466666666666667,10.2,34,mean,0.265746187490233,-0.0012018438735679,0.00303720273943595,1.00455400575582,0.25874746475442,2.15077634656704e-05,0.00034249077357889,0.180477235773431,15,8,0.334267474362096,0.0736553110452561,0.0631221710911414,4760,1.2
203,7,0.466666666666667,10.2,34,mean,0.210691349248003,0.000322323396293461,0.000593600221643422,0.998476670776859,0.201131485731756,-2.61867792021096e-06,1.35698815407023e-05,0.180477235773431,15,8,0.401359696185,0.0372219815831344,0.0641078799071204,4760,1.2
204,7,0.466666666666667,10.2,34,mean,0.359495153802557,0.000140224337744822,0.00104205982066532,0.99936252059151,0.215298158285211,6.8213194007591e-07,3.02798961378506e-05,0.180477235773431,15,8,0.581211739513585,0.0439946793095993,0.0820082483049076,4760,1.2
205,7,0.466666666666667,10.2,34,mean,0.70015870254017,-0.00130491912150958,-0.00954036810143266,1.00196819726955,0.661888645046098,2.98979885756741e-05,0.000475167158663431,0.180477235773431,15,8,0.466609683100406,0.0650394108797507,0.0818926460626459,4760,1.2
206,7,0.466666666666667,10.2,34,mean,0.704274218716452,0.000291565974854426,0.000116973576650464,0.999541125380099,0.626584013344657,1.38726888423326e-06,4.16662028447717e-05,0.180477235773431,15,8,0.435866651413249,0.0628472628997247,0.0773931150075375,4760,1.2
201,7,0.466666666666667,10.2,34,none,0.255017339343908,0.00665436452127017,0.01915426821447,0.961518732922961,0.157896805069272,-9.63109241910682e-06,-0.000110488012122423,0.09625452574583,8,8,0.500996823760044,NaN,NaN,0,1.2
202,7,0.466666666666667,10.2,34,none,0.265746187490233,0.00875949091965552,0.0134100878624614,0.966808690426877,0.248989015735747,7.57829287388715e-05,0.00073417450277769,0.09625452574583,8,8,0.396096261351353,NaN,NaN,0,1.2
203,7,0.466666666666667,10.2,34,none,0.210691349248003,-0.00872437160831433,-0.0153568674587647,1.04123216116894,0.216412090579268,0.000155904676102988,0.00118835613960555,0.09625452574583,8,8,0.434673826150942,NaN,NaN,0,1.2
204,7,0.466666666666667,10.2,34,none,0.359495153802557,-0.00240884197353767,0.0204028767862228,1.01095093177926,0.218890526387683,0.000217371426907051,0.00248007244340752,0.09625452574583,8,8,0.628442914472515,NaN,NaN,0,1.2
205,7,0.466666666666667,10.2,34,none,0.70015870254017,-0.00339782108498185,-0.0342715883072281,1.00512490166757,0.665605935904122,5.37904232535421e-05,0.000875805506441546,0.09625452574583,8,8,0.44765126407793,NaN,NaN,0,1.2
206,7,0.466666666666667,10.2,34,none,0.704274218716452,-0.00350677311297411,-0.0084528223819265,1.00551905681073,0.635933023090719,4.07784729591501e-05,3.28834021617858e-05,0.09625452574583,8,8,0.448712556845626,NaN,NaN,0,1.2
201,7,0.466666666666667,18,60,hold,0.255017339343908,-0.00292806255057032,0.00299938806445638,1.01687080690339,0.171477931401742,7.04903826368295e-05,0.00058814585108379,0.180477235773431,15,8,0.469610567362414,0.0987777401525473,0.176882235696918,8400,1.2
202,7,0.466666666666667,18,60,hold,0.265746187490233,0.00446640784788585,0.00967696109292593,0.983222607559633,0.257722399901496,6.86065499427337e-05,0.000567005652879485,0.180477235773431,15,8,0.339710304818423,0.107955685342463,0.176462025792185,8400,1.2
203,7,0.466666666666667,18,60,hold,0.210691349248003,0.00458979116465428,0.00959980007895213,0.977402674422407,0.170448811928302,-5.61957313820656e-07,0.000150375746154541,0.180477235773431,15,8,0.406420687804291,0.0693402584384108,0.175360340980106,8400,1.2
204,7,0.466666666666667,18,60,hold,0.359495153802557,-0.00392222653343919,0.0229558343094238,1.01738329682924,0.220869028928912,0.000168801770811268,0.00109775814669227,0.180477235773431,15,8,0.572954495650814,0.169779991179152,0.426492834885992,8400,1.2
205,7,0.466666666666667,18,60,hold,0.70015870254017,0.00325362003172426,0.00621722119059455,0.995060942729994,0.63588527535714,4.63502550818747e-05,0.000393159990240554,0.180477235773431,15,8,0.461733948465059,0.0886539601888392,0.160965157008103,8400,1.2
206,7,0.466666666666667,18,60,hold,0.704274218716452,0.000512503261809468,-0.00726775074586535,0.99918802760285,0.622784924845533,6.44474087645397e-05,0.000233410517390292,0.180477235773431,15,8,0.43625395699985,0.142809494983261,0.293765399009135,8400,1.2
201,7,0.466666666666667,18,60,kalman,0.255017339343908,0.00835049782410532,0.0137345238896422,0.951886397949313,0.150296737068563,-2.68410770485552e-05,-0.000199792185312226,0.180477235773431,15,8,0.461342336660666,0.0914873406470467,0.129159085410961,8400,1.2
202,7,0.466666666666667,18,60,kalman,0.265746187490233,0.00380606648626629,0.0145921436100936,0.985703081028651,0.25518238122292,7.04596621494737e-05,0.000339466147386471,0.180477235773431,15,8,0.331645901661316,0.102545709093446,0.110873432101712,8400,1.2
203,7,0.466666666666667,18,60,kalman,0.210691349248003,0.000382708539164883,0.00290784066976266,0.998115777134386,0.182054112618098,-1.11796648321246e-06,-9.18314147183533e-05,0.180477235773431,15,8,0.396921438600578,0.0587392121919397,0.110129365342373,8400,1.2
204,7,0.466666666666667,18,60,kalman,0.359495153802557,0.00102831294711476,0.00630733764066663,0.995442519946094,0.21539186163176,-4.05918220482184e-06,-0.000191439134458995,0.180477235773431,15,8,0.571798522998767,0.0947365983626311,0.178387753390043,8400,1.2
205,7,0.466666666666667,18,60,kalman,0.70015870254017,-0.0050971240609924,-0.0121072774960652,1.00773753155073,0.660879603094664,8.79856221779362e-05,0.000211016889263886,0.180477235773431,15,8,0.455489657618892,0.0982266929882914,0.147573137847232,8400,1.2
206,7,0.466666666666667,18,60,kalman,0.704274218716452,0.00135583346379046,-0.00411937873163851,0.997851917383231,0.619044258575385,-1.51105167875383e-05,-0.000425541392502486,0.180477235773431,15,8,0.429025911374701,0.117261748649668,0.149164972855474,8400,1.2
201,7,0.466666666666667,18,60,kalman-gm,0.255017339343908,0.00178828845248671,0.0143927109143012,0.98969630305077,0.16470454402874,2.98873691699295e-05,0.000367826994772466,0.180477235773431,15,8,0.46756065678375,0.0701522245973911,0.0973125805347661,8400,1.2
202,7,0.466666666666667,18,60,kalman-gm,0.265746187490233,-0.00159300514325437,0.00293616452815094,1.005983885341,0.258725714533903,8.73300185032159e-05,0.000725242149796405,0.180477235773431,15,8,0.336798704496582,0.0922002046795204,0.115154616960245,8400,1.2
203,7,0.466666666666667,18,60,kalman-gm,0.210691349248003,0.0017431161724722,0.00665857642968182,0.991417961677154,0.179077922458234,-1.70429292570213e-05,4.22856375287298e-05,0.180477235773431,15,8,0.404880451177257,0.0427449475098704,0.103053857653062,8400,1.2
204,7,0.466666666666667,18,60,kalman-gm,0.359495153802557,-0.00108565906202932,0.0217383346659383,1.00481163787194,0.216930220920785,5.70778270403858e-05,0.000621239618567359,0.180477235773431,15,8,0.577898731685345,0.102048624019326,0.255475597181879,8400,1.2
205,7,0.466666666666667,18,60,kalman-gm,0.70015870254017,0.00148673409820237,0.00367809964039174,0.997743109279911,0.644376441122698,-1.82224193014155e-05,1.6574451603191e-05,0.180477235773431,15,8,0.460020544719772,0.0756173333323619,0.105913306337537,8400,1.2
206,7,0.466666666666667,18,60,kalman-gm,0.704274218716452,0.00057704164674825,-0.00191324656827494,0.999085777742152,0.619068392891032,2.38551044076588e-05,3.05826738770165e-05,0.180477235773431,15,8,0.438186886433545,0.104146202289065,0.156029477790941,8400,1.2
201,7,0.466666666666667,18,60,mean,0.255017339343908,0.00401279143271745,0.00880264488812199,0.976879240714387,0.165407581274647,-7.21313974946884e-06,5.40907647785149e-05,0.180477235773431,15,8,0.467402681419509,0.0914744461266394,0.129090781726987,8400,1.2
202,7,0.466666666666667,18,60,mean,0.265746187490233,-0.00179966691236688,0.00117372878699684,1.00676017933853,0.25874746475442,0.000103186972335727,0.000802393710738435,0.180477235773431,15,8,0.335763476359598,0.102269904637228,0.110808566722864,8400,1.2
203,7,0.466666666666667,18,60,mean,0.210691349248003,-0.000361770485917977,0.00231388805325444,1.00178113669258,0.184021111370275,2.37667438952501e-06,2.75368965347847e-05,0.180477235773431,15,8,0.402437445945743,0.058761997602887,0.10993911534449,8400,1.2
204,7,0.466666666666667,18,60,mean,0.359495153802557,0.000597079322345891,0.00653965627916938,0.997353746143306,0.215298158285211,1.32479475475999e-05,1.85480879921143e-05,0.180477235773431,15,8,0.579413977963589,0.0946612340385104,0.178473082220518,8400,1.2
205,7,0.466666666666667,18,60,mean,0.70015870254017,-0.00469291055779035,-0.0146966316447191,1.00712392774262,0.660282429742855,0.000112280447690007,0.000708117014187302,0.180477235773431,15,8,0.462222666290012,0.098287230055297,0.147860455051405,8400,1.2
206,7,0.466666666666667,18,60,mean,0.704274218716452,0.00120065546302664,-0.00280904658872301,0.998097769971213,0.621376844489605,8.41122180384365e-06,-0.000111870614020408,0.180477235773431,15,8,0.434578051869585,0.117381488350557,0.150208444185541,8400,1.2
201,7,0.466666666666667,18,60,none,0.255017339343908,0.012175810197458,0.0185095772998501,0.92984584885537,0.151604365795175,3.51380837583094e-05,0.000439295611531514,0.09625452574583,8,8,0.510171929188541,NaN,NaN,0,1.2
202,7,0.466666666666667,18,60,none,0.265746187490233,0.0147573835880511,0.0240269660027011,0.944566097794458,0.243825439310126,0.000271810604419225,0.00177392467171602,0.09625452574583,8,8,0.395627877274649,NaN,NaN,0,1.2
203,7,0.466666666666667,18,60,none,0.210691349248003,-0.0137946256152354,0.0116132045654551,1.06791630273922,0.208915545333096,0.000449456660604749,0.0027896595201619,0.09625452574583,8,8,0.435185864470359,NaN,NaN,0,1.2
204,7,0.466666666666667,18,60,none,0.359495153802557,0.00463175275122748,0.0495332536732569,0.979472084993608,0.217901090554602,0.000792990721508842,0.00577650185981633,0.09625452574583,8,8,0.634238085817372,NaN,NaN,0,1.2
205,7,0.466666666666667,18,60,none,0.70015870254017,-0.00796737510047263,-0.072220442727061,1.01209462737786,0.665605935904122,0.000223805377801992,0.00249255391072011,0.09625452574583,8,8,0.449467325796346,NaN,NaN,0,1.2
206,7,0.466666666666667,18,60,none,0.704274218716452,-0.00463367507462403,-0.00448581704772575,1.00734125329207,0.629190838168772,8.06497802342136e-05,-0.000263147573573934,0.09625452574583,8,8,0.458934805021499,NaN,NaN,0,1.2
201,7,0.466666666666667,30,100,hold,0.255017339343908,-0.00156243829844732,0.00986223809248687,1.00894753020979,0.171477931401742,0.000289566029176659,0.00203156031535173,0.180477235773431,15,8,0.473474228229044,0.165040717946179,0.314354810939012,14000,1.2
202,7,0.466666666666667,30,100,hold,0.265746187490233,0.0087664660632164,0.00385399055282987,0.967384030156568,0.254909865499776,0.000304783960599644,0.0015868707200425,0.180477235773431,15,8,0.338559765443502,0.173005514544272,0.335423989007654,14000,1.2
203,7,0.466666666666667,30,100,hold,0.210691349248003,0.0127244409264931,0.0538806975200919,0.934576514662928,0.147288586037934,4.54948250382781e-05,0.00189820535983738,0.180477235773431,15,8,0.405825507559836,0.141518767346227,0.317237048849969,14000,1.2
204,7,0.466666666666667,30,100,hold,0.359495153802557,-6.98773859886148e-05,0.00571146987318578,1.00029296017848,0.220869028928912,0.000575375650627597,0.00224858174925887,0.180477235773431,15,8,0.5594182827615,0.304805825066606,0.862934707893573,14000,1.2
205,7,0.466666666666667,30,100,hold,0.70015870254017,0.0100202507969617,0.0153453752196031,0.984483467994102,0.574589616037995,0.000194156771543905,0.00140517789558201,0.180477235773431,15,8,0.460327778970062,0.141745785007181,0.274199811227845,14000,1.2
206,7,0.466666666666667,30,100,hold,0.704274218716452,-0.000852667214809618,-0.0106560206479338,1.00136137376839,0.619447529453249,0.00017147494267006,0.000449589877701894,0.180477235773431,15,8,0.432755939672622,0.212028810682135,0.614403872732506,14000,1.2
201,7,0.466666666666667,30,100,kalman,0.255017339343908,0.019878923419841,0.0187015133690976,0.886160453175076,0.130840902524181,-3.24744836724622e-05,0.000318397261039928,0.180477235773431,15,8,0.450372303200802,0.148349735167558,0.220453402005936,14000,1.2
202,7,0.466666666666667,30,100,kalman,0.265746187490233,0.0109455338378466,0.0120515845993367,0.959276725763713,0.244449859378078,0.000217259571583401,0.000962570038616262,0.180477235773431,15,8,0.320566383833222,0.154216133125484,0.198380342113495,14000,1.2
203,7,0.466666666666667,30,100,kalman,0.210691349248003,0.00206328853465413,0.0121132639728138,0.9893914767672,0.172638502650153,-6.9144021898529e-06,0.000557429142699449,0.180477235773431,15,8,0.383226436146216,0.119513787415695,0.198327985170514,14000,1.2
204,7,0.466666666666667,30,100,kalman,0.359495153802557,0.00144676846036847,-0.0143603278211842,0.993934439012348,0.21539186163176,-4.51880398442456e-05,-0.000155355793505815,0.180477235773431,15,8,0.541823108930818,0.19905399121933,0.436321901004385,14000,1.2
205,7,0.466666666666667,30,100,kalman,0.70015870254017,-0.0105326058431042,-0.00328959068334795,1.01630992267375,0.620328889028699,0.00021527174746054,0.000534825589215741,0.180477235773431,15,8,0.434828449146015,0.161713497756994,0.261104038191355,14000,1.2
206,7,0.466666666666667,30,100,kalman,0.704274218716452,0.00332430334518741,0.0107122369991426,0.994692396642312,0.604277594546733,-0.000103717618685018,-0.000731736863254917,0.180477235773431,15,8,0.40950920245269,0.183488275585696,0.312406323611241,14000,1.2
201,7,0.466666666666667,30,100,kalman-gm,0.255017339343908,0.00619430624312219,0.0113437139416156,0.964527404189906,0.158411480216996,0.00018750242675651,0.00145548585052693,0.180477235773431,15,8,0.471550546758105,0.13096684462312,0.203026467537568,14000,1.2
202,7,0.466666666666667,30,100,kalman-gm,0.265746187490233,-0.000555462492120411,0.00159151015789967,1.00206661929237,0.258725714533903,0.000358180892433587,0.00173912634798035,0.180477235773431,15,8,0.334017213271682,0.152330659769434,0.245707974436048,14000,1.2
203,7,0.466666666666667,30,100,kalman-gm,0.210691349248003,0.00887698124827785,0.0504299540580757,0.954358462121115,0.150939024637948,3.43882720476557e-06,0.00155601701979048,0.180477235773431,15,8,0.404323145591752,0.10687796093575,0.214746175129432,14000,1.2
204,7,0.466666666666667,30,100,kalman-gm,0.359495153802557,0.00285849784794588,0.0121607427116907,0.988015778955141,0.216930220920785,0.000266347978063822,0.00159089576495804,0.180477235773431,15,8,0.56635470049409,0.220242223467225,0.551385634778606,14000,1.2
205,7,0.466666666666667,30,100,kalman-gm,0.70015870254017,0.00343364874334079,0.00972532227776996,0.994682935417224,0.588301209087318,2.1835153791265e-05,0.000525361283861995,0.180477235773431,15,8,0.457070991504844,0.11949575340774,0.209291299743021,14000,1.2
206,7,0.466666666666667,30,100,kalman-gm,0.704274218716452,-8.6763360829395e-05,-0.00195711031241253,1.00013852692051,0.616373169312128,5.36149970358335e-05,-4.85541172475662e-05,0.180477235773431,15,8,0.43523912408085,0.16384069016312,0.311987562747422,14000,1.2
201,7,0.466666666666667,30,100,mean,0.255017339343908,0.00715789462294701,0.00355893182807127,0.95900927515604,0.160192352636498,2.63663320304874e-05,0.000276031852949104,0.180477235773431,15,8,0.473334934626575,0.147864649547629,0.220168115844284,14000,1.2
202,7,0.466666666666667,30,100,mean,0.265746187490233,-0.00306794782874439,5.04193098244513e-05,1.0114144163842,0.25874746475442,0.000369869386310143,0.00139973812924432,0.180477235773431,15,8,0.336107037777302,0.154106753493253,0.200000767618287,14000,1.2
203,7,0.466666666666667,30,100,mean,0.210691349248003,0.00369033916671738,0.0120612164507393,0.981025897188152,0.163015174568829,1.59081934982264e-05,0.000342588491865642,0.180477235773431,15,8,0.404910923005053,0.119596527360049,0.198675176612265,14000,1.2
204,7,0.466666666666667,30,100,mean,0.359495153802557,0.000344005994831335,-0.0299275220125365,0.998557758619347,0.215298158285211,2.24294339278068e-05,-0.000370293670749649,0.180477235773431,15,8,0.568857286725088,0.198468594002188,0.434488763334378,14000,1.2
205,7,0.466666666666667,30,100,mean,0.70015870254017,-0.0112855816212559,-0.00435604737904563,1.01747591871498,0.61815459801183,0.000337649664640618,0.000993553575716217,0.180477235773431,15,8,0.458875692551952,0.161408822646004,0.259821174826054,14000,1.2
206,7,0.466666666666667,30,100,mean,0.704274218716452,0.000809915668960365,-0.00689857283927763,0.998706883615107,0.616476164049234,1.88483932973943e-05,-0.00028360322901427,0.180477235773431,15,8,0.430069232359326,0.183670293357146,0.317190008448345,14000,1.2
201,7,0.466666666666667,30,100,none,0.255017339343908,0.0186081188800261,0.0154696506063856,0.893437900241007,0.146212017886525,0.000266069931041452,0.0019855132823201,0.09625452574583,8,8,0.522906853057242,NaN,NaN,0,1.2
202,7,0.466666666666667,30,100,none,0.265746187490233,0.0214785145423717,0.0262724393986127,0.920088371124239,0.236966171269923,0.000830387793361785,0.0035247742519779,0.09625452574583,8,8,0.395228118725664,NaN,NaN,0,1.2
203,7,0.466666666666667,30,100,none,0.210691349248003,-0.0159448470628125,0.0660783922142968,1.08198139895041,0.18967938493006,0.00115189763304302,0.00642661757402443,0.09625452574583,8,8,0.436066284992927,NaN,NaN,0,1.2
204,7,0.466666666666667,30,100,none,0.359495153802557,0.0182096047484562,0.0589047700780752,0.923656430736221,0.217329872520896,0.0024835398161196,0.0111828558498431,0.09625452574583,8,8,0.633475766062447,NaN,NaN,0,1.2
205,7,0.466666666666667,30,100,none,0.70015870254017,-0.0217335558825327,-0.105927963295309,1.03365478791764,0.665605935904122,0.000838154862810904,0.00589098395273339,0.09625452574583,8,8,0.454486507836951,NaN,NaN,0,NaN
206,7,0.466666666666667,30,100,none,0.704274218716452,-0.00482016484734049,-0.000944883143872707,1.0076959051181,0.618327524375626,8.34193363667912e-05,1.3884161136567e-05,0.09625452574583,8,8,0.465818267802039,NaN,NaN,0,1.2
201,11,0.733333333333333,3,10,hold,0.255017339343908,3.33187548442332e-05,0.000240341191037343,0.999807157477916,0.171470545704654,-7.42581244217444e-08,7.81729230998313e-06,0.180477235773431,15,4,0.467662588879982,0.0196800189034286,0.0340385403063372,2200,1.2
202,11,0.733333333333333,3,10,hold,0.265746187490233,6.49839908794525e-06,-4.8420659512276e-05,0.999975316497316,0.25867572035931,7.54002297576051e-07,4.14671292072005e-05,0.180477235773431,15,4,0.344294020185515,0.0282055178444583,0.0352611143539665,2200,1.2
203,11,0.733333333333333,3,10,hold,0.210691349248003,0.000367633328335715,0.00273817977454498,0.99831961544078,0.214772969023555,3.43417817205705e-07,-2.23915195677954e-05,0.180477235773431,15,4,0.405731587974192,0.0143682309031465,0.0348392481939839,2200,1.2
204,11,0.733333333333333,3,10,hold,0.359495153802557,-0.00159336775924082,-0.000545330068678879,1.00710481562487,0.223092915872852,2.09468885503106e-06,1.71486699530046e-05,0.180477235773431,15,4,0.577593927007591,0.0298077031861611,0.0659443088098294,2200,1.2
205,11,0.733333333333333,3,10,hold,0.70015870254017,0.000603825573816219,-0.000266030329050386,0.999093026950321,0.663103206113288,8.692663394122e-07,3.43799371244832e-05,0.180477235773431,15,4,0.464497890543508,0.0189919764196927,0.0315482328561982,2200,1.2
206,11,0.733333333333333,3,10,hold,0.704274218716452,0.000324837481076512,0.000241158530768568,0.99949328196505,0.638081306888701,5.13134577545538e-07,2.32855925099634e-05,0.180477235773431,15,4,0.43882314492761,0.029370775540563,0.0496777037307741,2200,1.2
201,11,0.733333333333333,3,10,kalman,0.255017339343908,-1.61364850057605e-05,0.000941741329766367,1.00009339486066,0.172131687151444,-1.34479877622606e-08,-2.42015724978437e-05,0.180477235773431,15,4,0.465971787445407,0.0156119521644727,0.026504055171487,2200,1.2
202,11,0.733333333333333,3,10,kalman,0.265746187490233,-0.000130768126142644,-0.00202514556673223,1.00049670932008,0.258862366771544,2.94159479441447e-08,6.49851468107093e-05,0.180477235773431,15,4,0.338819276285518,0.0333707964420169,0.0261066236752143,2200,1.2
203,11,0.733333333333333,3,10,kalman,0.210691349248003,0.000466224145478486,0.00251883661628226,0.997868974886623,0.214945706788803,-3.15621223121454e-06,-4.51334831600717e-05,0.180477235773431,15,4,0.403817045398374,0.0139109384479224,0.0240422706424832,2200,1.2
204,11,0.733333333333333,3,10,kalman,0.359495153802557,-0.000301245328660632,2.93226297219909e-05,1.00134325080044,0.219639453859909,-1.14180915550266e-07,8.80470133587524e-07,0.180477235773431,15,4,0.577867543068682,0.0121203341019285,0.0250254286160931,2200,1.2
205,11,0.733333333333333,3,10,kalman,0.70015870254017,-0.000513632945072917,-0.00372912179780107,1.0007714996827,0.665366799750322,3.06677877624506e-06,0.000178925529521637,0.180477235773431,15,4,0.468697516683169,0.0307721672976278,0.0248205933363017,2200,1.2
206,11,0.733333333333333,3,10,kalman,0.704274218716452,5.15335111041071e-05,-2.03496594495156e-05,0.999919612233803,0.639112096528289,1.21730618873883e-07,1.609306851586e-06,0.180477235773431,15,4,0.439036398962992,0.0155685213291692,0.0252016344792009,2200,1.2
201,11,0.733333333333333,3,10,kalman-gm,0.255017339343908,-3.40325611956904e-06,6.98374194695617e-05,1.00001969738955,0.172130629929312,-2.53313197084992e-09,3.50841022664916e-07,0.180477235773431,15,4,0.466871187804703,0.00903985005304345,0.0165177310363918,2200,1.2
202,11,0.733333333333333,3,10,kalman-gm,0.265746187490233,-6.23703500232553e-05,-0.0018547445496319,1.00023690738001,0.258850414124259,5.44909732308474e-07,6.08998524361154e-05,0.180477235773431,15,4,0.3395783085122,0.0312147091742877,0.0194324341197989,2200,1.2
203,11,0.733333333333333,3,10,kalman-gm,0.210691349248003,0.000287952967506958,0.00256811780912301,0.998683819765279,0.214993464367506,-1.48567037728808e-06,-4.46283707529946e-05,0.180477235773431,15,4,0.403445574874741,0.0133760580364763,0.0156359588850941,2200,1.2
204,11,0.733333333333333,3,10,kalman-gm,0.359495153802557,-0.00127189187069313,-9.42736588901927e-06,1.00567135690028,0.222823872443817,9.05823055907806e-07,5.93987417545114e-06,0.180477235773431,15,4,0.578500139381321,0.0144573245922345,0.0232334734319444,2200,1.2
205,11,0.733333333333333,3,10,kalman-gm,0.70015870254017,8.81913967130221e-05,0.00155435181969691,0.999867532573146,0.664304301688588,-1.46784174806236e-06,-7.31567849216266e-05,0.180477235773431,15,4,0.464737362913889,0.0243195980149084,0.0168780023214197,2200,1.2
206,11,0.733333333333333,3,10,kalman-gm,0.704274218716452,0.000335445087284714,0.000165695543331832,0.999476735027931,0.638081205163484,4.45251149333581e-07,1.78099089715072e-05,0.180477235773431,15,4,0.439216899414653,0.0199946386687442,0.0268803868718228,2200,1.2
201,11,0.733333333333333,3,10,mean,0.255017339343908,-7.36632409024107e-06,0.000644547706293019,1.00004263486204,0.172131700884148,-5.2786986337594e-09,-1.62669602287188e-05,0.180477235773431,15,4,0.466097196321721,0.0156119586029677,0.0265040551714923,2200,1.2
202,11,0.733333333333333,3,10,mean,0.265746187490233,-0.000135375127463716,-0.00204030080886346,1.00051420854226,0.258867349515969,3.53364096372655e-08,6.63936815007432e-05,0.180477235773431,15,4,0.338911577362639,0.0333707895551423,0.0261067534496724,2200,1.2
203,11,0.733333333333333,3,10,mean,0.210691349248003,0.000458817315120638,0.00252265581617516,0.997902830150569,0.214944857959397,-3.16780622289237e-06,-4.55125728225855e-05,0.180477235773431,15,4,0.403930917107715,0.0139109593685565,0.024042201112727,2200,1.2
204,11,0.733333333333333,3,10,mean,0.359495153802557,-0.000305771061334684,2.8963107758683e-05,1.00136343101058,0.219640112507604,-1.04827466387847e-07,1.03684823808917e-06,0.180477235773431,15,4,0.578033514139952,0.0121203280037501,0.0250254286177607,2200,1.2
205,11,0.733333333333333,3,10,mean,0.70015870254017,-0.000454708903833767,-0.00372535390623384,1.00068299313429,0.665366633920992,3.19699414899899e-06,0.000179485613859139,0.180477235773431,15,4,0.468834743147475,0.0307721878867287,0.024820540156024,2200,1.2
206,11,0.733333333333333,3,10,mean,0.704274218716452,5.5648555897081e-05,-1.65678040546924e-05,0.999913193124148,0.639093725940922,1.22538696573082e-07,1.55260984446126e-06,0.180477235773431,15,4,0.439156759958213,0.0155685265643703,0.025201634479141,2200,1.2
201,11,0.733333333333333,3,10,none,0.255017339343908,0.00132471949932486,0.0246436162789427,0.992332779226063,0.168580695901216,-1.48553082432001e-05,-0.000260838055537057,0.048127262872915,4,4,0.650297456246351,NaN,NaN,0,1.2
202,11,0.733333333333333,3,10,none,0.265746187490233,0.00277797475885794,-0.000986947375947149,0.989448147691854,0.258109907879039,3.38679201056236e-06,9.69794539926522e-05,0.048127262872915,4,4,0.472503329081157,NaN,NaN,0,1.2
203,11,0.733333333333333,3,10,none,0.210691349248003,-0.00543405974935518,-0.0150021049971201,1.02483809108939,0.222094581987883,1.98636642887828e-05,0.000328386410307779,0.048127262872915,4,4,0.437631171845131,NaN,NaN,0,1.2
204,11,0.733333333333333,3,10,none,0.359495153802557,-0.000625340906598337,0.00937839187154719,1.00278839070159,0.22367456547451,2.44320395661496e-05,0.000797874445823286,0.048127262872915,4,4,0.675102901639796,NaN,NaN,0,1.2
205,11,0.733333333333333,3,10,none,0.70015870254017,-0.00186386834758334,-0.00520631523670733,1.00279961371746,0.666224832698608,-4.89100438025303e-07,3.39187155653628e-05,0.048127262872915,4,4,0.514134448644235,NaN,NaN,0,1.2
206,11,0.733333333333333,3,10,none,0.704274218716452,0.000302924207958943,0.00363605412284636,0.999527464752876,0.638701019996268,2.33660051144891e-06,6.41413197528412e-05,0.048127262872915,4,4,0.511395673030113,NaN,NaN,0,1.2
201,11,0.733333333333333,6,20,hold,0.255017339343908,0.00020179979396429,-0.000406175979870883,0.998836093764311,0.171470545704654,1.59340315483147e-06,4.34116977547802e-05,0.180477235773431,15,4,0.468162122529626,0.031509422246815,0.060482488335269,4400,1.2
202,11,0.733333333333333,6,20,hold,0.265746187490233,0.000379814445751375,0.000753300195684977,0.998556816640938,0.25867572035931,5.41669346898477e-06,9.01004450065884e-05,0.180477235773431,15,4,0.34333462300989,0.0393488738143237,0.059507389717594,4400,1.2
203,11,0.733333333333333,6,20,hold,0.210691349248003,0.00145384494859793,0.00303302700485169,0.99326328467126,0.205220251154716,2.21418738725471e-06,3.14514993553644e-06,0.180477235773431,15,4,0.405549244863944,0.0245678999250206,0.062996595796188,4400,1.2
204,11,0.733333333333333,6,20,hold,0.359495153802557,-0.00355345154576901,-0.000985385711494126,1.01603603030536,0.223092915872852,8.8901268670602e-06,7.94111896680877e-05,0.180477235773431,15,4,0.577407278745101,0.0522631561315989,0.123236660061554,4400,1.2
205,11,0.733333333333333,6,20,hold,0.70015870254017,0.00165434771974804,-0.000592150731306867,0.997511188537273,0.658978627786224,7.69788352184969e-06,0.000108305164640271,0.180477235773431,15,4,0.464868648254906,0.0316280380660697,0.0547459469374265,4400,1.2
206,11,0.733333333333333,6,20,hold,0.704274218716452,0.000798837724037771,0.00056441669439834,0.998750068371516,0.634002613396411,5.37429074549123e-06,9.73415216215889e-05,0.180477235773431,15,4,0.436777057440011,0.0540018526826326,0.0938201365760207,4400,1.2
201,11,0.733333333333333,6,20,kalman,0.255017339343908,0.00137280122913493,0.0193112799776143,0.99208219255549,0.168562490460551,-3.61333021539068e-06,-5.43943569435218e-05,0.180477235773431,15,4,0.46619150430283,0.0273655992605394,0.043752463377599,4400,1.2
202,11,0.733333333333333,6,20,kalman,0.265746187490233,-0.000708984609039384,-0.000484436096350241,1.00269393331676,0.258862366771544,3.48013908567091e-06,0.000116995954560031,0.180477235773431,15,4,0.336714094052954,0.0420832667637288,0.0428643106908368,4400,1.2
203,11,0.733333333333333,6,20,kalman,0.210691349248003,0.00106298758436976,0.00290375734416389,0.995074409578002,0.206908547984575,-5.07469952704953e-06,-4.71043562828324e-05,0.180477235773431,15,4,0.400637030426181,0.0243103439541472,0.0395313487668925,4400,1.2
204,11,0.733333333333333,6,20,kalman,0.359495153802557,-0.00012321678234021,-0.00038653558381523,1.00055605318668,0.217811548248392,-1.96847170655379e-07,-5.62590605370315e-05,0.180477235773431,15,4,0.578677053557062,0.0209764514760533,0.0440510374105738,4400,1.2
205,11,0.733333333333333,6,20,kalman,0.70015870254017,-0.000509646773232481,-0.00430626688236454,1.00076671591832,0.663218462861656,1.00375484331408e-05,0.000190477432654015,0.180477235773431,15,4,0.467340965660195,0.0346280387941387,0.0419720445383023,4400,1.2
206,11,0.733333333333333,6,20,kalman,0.704274218716452,0.000444806679882759,-0.000124939518588153,0.999304016421588,0.63284025815502,4.9583816706944e-07,8.66992782983633e-06,0.180477235773431,15,4,0.436326046016383,0.0312580386568386,0.0456729204979127,4400,1.2
201,11,0.733333333333333,6,20,kalman-gm,0.255017339343908,-7.33337196994074e-05,0.0185085152867753,1.00042296164911,0.170623403437345,1.24364773590457e-06,5.79068281963829e-06,0.180477235773431,15,4,0.466751123566724,0.0155516440711838,0.0277260568484012,4400,1.2
202,11,0.733333333333333,6,20,kalman-gm,0.265746187490233,-0.00152950228219146,-0.00445366543703297,1.0058116595248,0.258850414124259,4.68217127186643e-06,0.000176618482064075,0.180477235773431,15,4,0.335509497089636,0.0431075110125834,0.0333008991340415,4400,1.2
203,11,0.733333333333333,6,20,kalman-gm,0.210691349248003,0.00128327240800746,0.0025055459048387,0.994053670640525,0.206684793227229,-4.82094607365119e-06,-4.62185735830148e-05,0.180477235773431,15,4,0.403631977358474,0.0165836802775728,0.0273499673380024,4400,1.2
204,11,0.733333333333333,6,20,kalman-gm,0.359495153802557,-0.00156750858228745,-0.00019929544058027,1.00707385898069,0.218336073469837,4.07477621735541e-06,3.54102077357424e-05,0.180477235773431,15,4,0.578429775045131,0.0238884418101699,0.0491089318455045,4400,1.2
205,11,0.733333333333333,6,20,kalman-gm,0.70015870254017,0.000191268890486929,0.0016380051717325,0.999712253837918,0.661426011269253,-5.99739355727907e-06,-7.86707510948975e-05,0.180477235773431,15,4,0.466490819443366,0.0377229111137887,0.0285086498988321,4400,1.2
206,11,0.733333333333333,6,20,kalman-gm,0.704274218716452,0.000455084229371761,0.000195859541254126,0.999287935265449,0.634528729510124,3.04795068502006e-06,4.72723698811223e-05,0.180477235773431,15,4,0.437446791237997,0.035893981124409,0.0558682468219551,4400,1.2
201,11,0.733333333333333,6,20,mean,0.255017339343908,0.00136009494151104,0.0194303610331533,0.992155477701661,0.167473704781442,-3.01894508524248e-06,-4.90354097534501e-05,0.180477235773431,15,4,0.466755736045856,0.0273682551505764,0.0437524636814128,4400,1.2
202,11,0.733333333333333,6,20,mean,0.265746187490233,-0.000903653925307565,-0.000637811142857563,1.00343361955277,0.258867349515969,3.78236244582275e-06,0.000125070234262833,0.180477235773431,15,4,0.337127607467868,0.0420815572761454,0.0428636499675497,4400,1.2
203,11,0.733333333333333,6,20,mean,0.210691349248003,0.00104795083495844,0.00274317168290168,0.995144085715304,0.206902212591928,-5.17055309241371e-06,-4.67757400328903e-05,0.180477235773431,15,4,0.401144172872111,0.0243107126893213,0.0395207385767278,4400,1.2
204,11,0.733333333333333,6,20,mean,0.359495153802557,-0.00017977045510357,-0.000392116880402514,1.00081126882664,0.217842580978289,3.4019544194186e-08,-5.21776209430545e-05,0.180477235773431,15,4,0.579430800871937,0.0209766716273472,0.0440506952182305,4400,1.2
205,11,0.733333333333333,6,20,mean,0.70015870254017,-0.000460662612643387,-0.0042169890930061,1.00069302382873,0.663047877957158,1.02486196965387e-05,0.000195705131098152,0.180477235773431,15,4,0.467951228246353,0.0346285617355325,0.0419716339516236,4400,1.2
206,11,0.733333333333333,6,20,mean,0.704274218716452,0.000451683468975744,-3.8135857577114e-05,0.999293256393699,0.63282332701753,4.46947817955845e-07,1.0616814738576e-05,0.180477235773431,15,4,0.43686325361451,0.0312582765105379,0.0456743817396608,4400,1.2
201,11,0.733333333333333,6,20,none,0.255017339343908,0.00397377693040107,0.0309318479299788,0.977080731066814,0.166123422932317,-3.26062478809647e-05,-0.000409996158149373,0.048127262872915,4,4,0.651283116371821,NaN,NaN,0,1.2
202,11,0.733333333333333,6,20,none,0.265746187490233,0.0049023515389845,0.00226417937234095,0.981372503756828,0.254430762178025,2.49671750762015e-05,0.000407433814567791,0.048127262872915,4,4,0.470036416810565,NaN,NaN,0,1.2
203,11,0.733333333333333,6,20,none,0.210691349248003,-0.00797286725428127,-0.0202000100065912,1.03694406139921,0.222094581987883,6.28046690911446e-05,0.000686882595245998,0.048127262872915,4,4,0.436160498423298,NaN,NaN,0,1.2
204,11,0.733333333333333,6,20,none,0.359495153802557,-0.0018457088978641,0.0144103821389402,1.00832932247416,0.221089364267542,9.11495697880293e-05,0.0016761293081249,0.048127262872915,4,4,0.674153122207125,NaN,NaN,0,1.2
205,11,0.733333333333333,6,20,none,0.70015870254017,-0.00417817231864079,-0.0194009529055401,1.00628566959398,0.666224832698608,4.98887022689631e-06,0.000314412658102263,0.048127262872915,4,4,0.514246933053527,NaN,NaN,0,1.2
206,11,0.733333333333333,6,20,none,0.704274218716452,-0.000736721949115721,-0.003154978113921,1.00115273983425,0.638448939489986,2.35312341665295e-05,0.000225254241865722,0.048127262872915,4,4,0.507576222298768,NaN,NaN,0,1.2
201,11,0.733333333333333,10.2,34,hold,0.255017339343908,-0.00176142872098512,-0.000117037640152667,1.01018609798618,0.171470545704654,2.14005978783855e-05,0.000177413181541238,0.180477235773431,15,4,0.468523639828595,0.0510360242339417,0.100847990189642,7480,1.2
202,11,0.733333333333333,10.2,34,hold,0.265746187490233,0.00126509265362557,0.00393630698633887,0.995206333074569,0.25867572035931,1.67768430174053e-05,0.00016888266179957,0.180477235773431,15,4,0.341589971856576,0.0601716282818056,0.0968401390138713,7480,1.2
203,11,0.733333333333333,10.2,34,hold,0.210691349248003,0.00265593726428484,0.00392878043842868,0.987447802747052,0.195945803079973,1.01853788787355e-05,6.17558296007556e-05,0.180477235773431,15,4,0.405039523529324,0.0438050770620452,0.10510533439244,7480,1.2
204,11,0.733333333333333,10.2,34,hold,0.359495153802557,-0.0061386937396481,0.00148045795102519,1.02790735842997,0.223092915872852,4.04766792904932e-05,0.00035771347246891,0.180477235773431,15,4,0.577057755931968,0.0851871501336713,0.209815530432248,7480,1.2
205,11,0.733333333333333,10.2,34,hold,0.70015870254017,0.00280709477554561,0.000568044136379762,0.995766085283359,0.652760136114872,2.49317065803638e-05,0.000230975946186655,0.180477235773431,15,4,0.465025323052885,0.0488062541883212,0.0895542731534791,7480,1.2
206,11,0.733333333333333,10.2,34,hold,0.704274218716452,7.97287054438287e-05,0.000514519302522479,0.999874520751525,0.629089857066596,2.46248352214011e-05,0.000230043365575702,0.180477235773431,15,4,0.435456815708303,0.0855765442981546,0.161601540280082,7480,1.2
201,11,0.733333333333333,10.2,34,kalman,0.255017339343908,0.00452970425395788,0.032825769655494,0.973805348561927,0.157491606753155,-1.07077563540345e-05,-0.000219522988428143,0.180477235773431,15,4,0.466174134508984,0.0486241565234004,0.0701578292875569,7480,1.2
202,11,0.733333333333333,10.2,34,kalman,0.265746187490233,0.00122463312975333,0.00872321832282438,0.99535964159379,0.256060835906666,1.54394048533627e-05,0.000203631284217277,0.180477235773431,15,4,0.331348680555841,0.0641389507051584,0.06764695317354,7480,1.2
203,11,0.733333333333333,10.2,34,kalman,0.210691349248003,0.00222588368153613,0.00282093881398964,0.989480274474675,0.197533509045976,-7.99706640225194e-06,-6.68440625674674e-05,0.180477235773431,15,4,0.398738351165807,0.0369592276232528,0.0633678391995369,7480,1.2
204,11,0.733333333333333,10.2,34,kalman,0.359495153802557,0.000145534186690306,0.000870875747701934,0.999338381277184,0.215701996687012,-3.25768348937618e-06,-4.65959004663852e-05,0.180477235773431,15,4,0.577923770084141,0.0382005974821836,0.0771134985623441,7480,1.2
205,11,0.733333333333333,10.2,34,kalman,0.70015870254017,-0.00163854905726994,-0.00706576040205232,1.00247140817188,0.661075843209152,2.49021947561939e-05,0.000273292114049397,0.180477235773431,15,4,0.464709933491807,0.0498756493460523,0.069475352370113,7480,1.2
206,11,0.733333333333333,10.2,34,kalman,0.704274218716452,0.000653251890141296,5.23797061756981e-05,0.998971894052664,0.626313461711307,-4.39666624375752e-07,-3.3203785904109e-05,0.180477235773431,15,4,0.43295657785143,0.056513428546914,0.0819419491067759,7480,1.2
201,11,0.733333333333333,10.2,34,kalman-gm,0.255017339343908,0.00291451093567859,0.0254223339434747,0.983145787496867,0.161727532187268,5.89646952233474e-06,2.03628316260382e-05,0.180477235773431,15,4,0.466810279567412,0.0301001775766702,0.0487407669327586,7480,1.2
202,11,0.733333333333333,10.2,34,kalman-gm,0.265746187490233,-0.00264191505819669,-0.00828818671744093,1.01001069826624,0.258850414124259,2.55450743161457e-05,0.000424999328480633,0.180477235773431,15,4,0.332664078188085,0.0609878918874034,0.0589837037344818,7480,1.2
203,11,0.733333333333333,10.2,34,kalman-gm,0.210691349248003,0.00215004513034165,0.00308379869846875,0.989838694256185,0.195252434479559,-9.26387517574352e-06,-9.89399031500332e-05,0.180477235773431,15,4,0.403244926975633,0.0272367840743222,0.0498418673419425,7480,1.2
204,11,0.733333333333333,10.2,34,kalman-gm,0.359495153802557,-0.00205641572054054,0.00116043903476337,1.00934875285006,0.21817164844239,1.36310214682586e-05,0.000135671693831526,0.180477235773431,15,4,0.578532499715848,0.0418616164009915,0.100380974173293,7480,1.2
205,11,0.733333333333333,10.2,34,kalman-gm,0.70015870254017,0.00107217674335661,0.00195271947792004,0.998382845876069,0.654704095309136,-1.25931742793021e-05,-4.93400604391983e-05,0.180477235773431,15,4,0.46543949943762,0.0462567034268167,0.049318525573451,7480,1.2
206,11,0.733333333333333,10.2,34,kalman-gm,0.704274218716452,0.00021817204192772,0.000328519391239501,0.999656634787846,0.627696323966272,1.27372702778569e-05,0.000106005263176377,0.180477235773431,15,4,0.436802709813653,0.0577216933043175,0.100366857235937,7480,1.2
201,11,0.733333333333333,10.2,34,mean,0.255017339343908,0.00406448639921688,0.0271360438997636,0.97649563889094,0.161814598605084,-8.1845808887988e-06,-6.11315971909685e-05,0.180477235773431,15,4,0.46831318053039,0.0486304312281966,0.07029232754398,7480,1.2
202,11,0.733333333333333,10.2,34,mean,0.265746187490233,0.0001925926986685,0.00470227578071805,0.999270231119404,0.258867349515969,1.83217872219095e-05,0.000284759518006987,0.180477235773431,15,4,0.332891461514472,0.0641389449327176,0.0676953008800352,7480,1.2
203,11,0.733333333333333,10.2,34,mean,0.210691349248003,0.00200641623706315,0.00261762705628843,0.990517497262528,0.197592019666107,-7.96613988005258e-06,-6.14658056051956e-05,0.180477235773431,15,4,0.400664660168855,0.0369630936570692,0.0633539863299157,7480,1.2
204,11,0.733333333333333,10.2,34,mean,0.359495153802557,0.00091803007875144,0.000809780169277037,0.99582650714569,0.213002751747117,-2.11356850259107e-06,-2.31152282519681e-05,0.180477235773431,15,4,0.580771025164837,0.0381916039371815,0.0770340019802862,7480,1.2
205,11,0.733333333333333,10.2,34,mean,0.70015870254017,-0.00122014952335284,-0.00735947785930422,1.00184034007987,0.661471156291931,2.79693810459614e-05,0.000368425786345011,0.180477235773431,15,4,0.467008560196581,0.0498806449032204,0.0693884517216361,7480,1.2
206,11,0.733333333333333,10.2,34,mean,0.704274218716452,0.000859118085908756,0.00398086748129108,0.998647896122588,0.625261529294317,3.90879832689333e-06,9.59503920709515e-05,0.180477235773431,15,4,0.434967485159347,0.0565598157469473,0.0822707796405678,7480,1.2
201,11,0.733333333333333,10.2,34,none,0.255017339343908,0.00510351977467269,0.0256758009496141,0.970487052992907,0.164875297493652,-4.9640417635247e-05,-0.000345555145572603,0.048127262872915,4,4,0.651954650421583,NaN,NaN,0,1.2
202,11,0.733333333333333,10.2,34,none,0.265746187490233,0.00776085808419665,0.00386099297722009,0.970592692476268,0.251445178270559,9.22562724188062e-05,0.000986711635288346,0.048127262872915,4,4,0.464954488875508,NaN,NaN,0,1.2
203,11,0.733333333333333,10.2,34,none,0.210691349248003,-0.0120234305863253,-0.025708835309423,1.05682380920896,0.222094581987883,0.000167714687537423,0.00142649631786122,0.048127262872915,4,4,0.433798037362577,NaN,NaN,0,1.2
204,11,0.733333333333333,10.2,34,none,0.359495153802557,-0.00197830337623434,0.0198307926823407,1.00899364323182,0.218830907632479,0.000279260414619096,0.00296782274008366,0.048127262872915,4,4,0.673386541174091,NaN,NaN,0,1.2
205,11,0.733333333333333,10.2,34,none,0.70015870254017,-0.00713031447641103,-0.0432965462523724,1.0107545864354,0.666224832698608,3.57995193598964e-05,0.000966883306314035,0.048127262872915,4,4,0.514048613935431,NaN,NaN,0,1.2
206,11,0.733333333333333,10.2,34,none,0.704274218716452,-0.00328773583394898,-0.00414649035264374,1.00517432986443,0.636662580205752,8.28381453411771e-05,0.000387966280474107,0.048127262872915,4,4,0.512734319289762,NaN,NaN,0,1.2
201,11,0.733333333333333,18,60,hold,0.255017339343908,-0.00466907048284003,-0.00407123999214909,1.02690208462895,0.171470545704654,9.83041832616743e-05,0.000723047637137625,0.180477235773431,15,4,0.468794045324695,0.101976814082569,0.193748853779469,13200,1.2
202,11,0.733333333333333,18,60,hold,0.265746187490233,0.00517379312887223,0.00791566851607291,0.980565420650187,0.255638858658598,8.27746602867357e-05,0.000721404101401593,0.180477235773431,15,4,0.340441507847313,0.099389939463751,0.175041768475378,13200,1.2
203,11,0.733333333333333,18,60,hold,0.210691349248003,0.00427671870900786,0.00543170110767584,0.978944051787046,0.175603808877068,5.03409782727231e-05,0.000546679965163012,0.180477235773431,15,4,0.403581407205575,0.0983762677201736,0.191719290555441,13200,1.2
204,11,0.733333333333333,18,60,hold,0.359495153802557,-0.00955390398533654,0.0186412369738724,1.04234287526212,0.223092915872852,0.000215445153288854,0.00139798501004575,0.180477235773431,15,4,0.575401932848494,0.161305533737937,0.40732291052921,13200,1.2
205,11,0.733333333333333,18,60,hold,0.70015870254017,0.00536871001946037,0.0049886066611588,0.991850195783889,0.632753134710071,9.49051283877761e-05,0.000587807532282678,0.180477235773431,15,4,0.46540603471706,0.0792820687986891,0.155869453595846,13200,1.2
206,11,0.733333333333333,18,60,hold,0.704274218716452,0.000121560335012921,-0.00121679345203016,0.999807408764053,0.62193581023712,8.74916489435708e-05,0.000547683498056079,0.180477235773431,15,4,0.435518728249486,0.144898693977011,0.325609705326004,13200,1.2
201,11,0.733333333333333,18,60,kalman,0.255017339343908,0.0128219820711107,0.0228494642335049,0.926122758682766,0.141215680452657,-4.85719329610853e-05,-0.000389142694379485,0.180477235773431,15,4,0.456782841065776,0.0984455649601521,0.126360001710597,13200,1.2
202,11,0.733333333333333,18,60,kalman,0.265746187490233,0.00465540773828502,0.0144791397881237,0.982512657765434,0.255820950441368,6.55405828541529e-05,0.000253063391359951,0.180477235773431,15,4,0.326708147773203,0.0978570809570009,0.117665205951399,13200,1.2
203,11,0.733333333333333,18,60,kalman,0.210691349248003,0.00246824226408526,-0.000352212136707472,0.987847884131323,0.183303631956756,-7.38606032358683e-06,3.68065357650213e-05,0.180477235773431,15,4,0.389928510400458,0.0823164789246004,0.111940706986558,13200,1.2
204,11,0.733333333333333,18,60,kalman,0.359495153802557,0.00122676393360923,0.00661022880309726,0.99456298573896,0.215701996687012,-1.2467127741096e-05,-0.000171191941834309,0.180477235773431,15,4,0.566671083707094,0.0847233331644644,0.163160376877009,13200,1.2
205,11,0.733333333333333,18,60,kalman,0.70015870254017,-0.00528113305085506,-0.0119830898586161,1.00801686070726,0.661075843209152,6.75302660848739e-05,-4.3369785093916e-05,0.180477235773431,15,4,0.453097739948721,0.0780621180564872,0.122635617777325,13200,1.2
206,11,0.733333333333333,18,60,kalman,0.704274218716452,0.00246074799225753,0.00492796674668402,0.996101372235171,0.615856977382679,-3.08137672456641e-05,-0.000761545542272801,0.180477235773431,15,4,0.421445157860623,0.11550025499911,0.159609492022676,13200,1.2
201,11,0.733333333333333,18,60,kalman-gm,0.255017339343908,0.00730103272808559,0.0338169698776063,0.957933168699941,0.156946899290151,3.33752665612091e-05,0.000412044345795075,0.180477235773431,15,4,0.467092460579875,0.0762994812754058,0.108878244078656,13200,1.2
202,11,0.733333333333333,18,60,kalman-gm,0.265746187490233,-0.00324046628876068,-0.0167426085742088,1.01217232650217,0.258850414124259,0.000128017783139851,0.00110877181789574,0.180477235773431,15,4,0.330617766962038,0.0942870546663909,0.121865605380676,13200,1.2
203,11,0.733333333333333,18,60,kalman-gm,0.210691349248003,0.00359684105573756,0.00155741614746335,0.982291353686573,0.180350116242479,-8.34378547645194e-06,0.000274333541451701,0.180477235773431,15,4,0.40149185756473,0.0717190648249113,0.108363883038098,13200,1.2
204,11,0.733333333333333,18,60,kalman-gm,0.359495153802557,-0.0031991620821953,0.0204498843652258,1.01417867723997,0.21817164844239,7.77650986098349e-05,0.000718035284686282,0.180477235773431,15,4,0.578567842677975,0.0991817350364268,0.238687758100039,13200,1.2
205,11,0.733333333333333,18,60,kalman-gm,0.70015870254017,0.00290202383387689,0.00700196745445307,0.99559467246492,0.640150517256612,-9.3105370061163e-06,0.000131619703256881,0.180477235773431,15,4,0.462436166441988,0.0622015000867654,0.0953409812429875,13200,1.2
206,11,0.733333333333333,18,60,kalman-gm,0.704274218716452,0.000256125419975004,0.00178191895613396,0.99959421376072,0.623543166914848,3.70555794049256e-05,0.00025622707409861,0.180477235773431,15,4,0.437695723672277,0.104401992402348,0.215643747515624,13200,1.2
201,11,0.733333333333333,18,60,mean,0.255017339343908,0.00842534817085177,0.0403050977317451,0.951455127877448,0.152920901261845,-1.70215880370704e-05,2.29196447551774e-05,0.180477235773431,15,4,0.46616719082979,0.0984232730570776,0.126334355506692,13200,1.2
202,11,0.733333333333333,18,60,mean,0.265746187490233,0.0019059594889596,0.00457311643750334,0.99284054850995,0.258867349515969,8.62286198446194e-05,0.000520608561531758,0.180477235773431,15,4,0.333976727513214,0.0978509775356405,0.117279858198269,13200,1.2
203,11,0.733333333333333,18,60,mean,0.210691349248003,0.0016422093353229,-0.0021943027493883,0.991914765250621,0.182242884819961,-9.57316108901596e-07,0.000144352229272558,0.180477235773431,15,4,0.398653515064667,0.082356088440909,0.111738095567159,13200,1.2
204,11,0.733333333333333,18,60,mean,0.359495153802557,0.00138768442296163,0.00420547746115084,0.993849786588306,0.213002751747117,2.97120757674699e-06,5.54207473381753e-05,0.180477235773431,15,4,0.579458856583677,0.0846123146098184,0.162490320355236,13200,1.2
205,11,0.733333333333333,18,60,mean,0.70015870254017,-0.0041188842991431,-0.0117594446594247,1.00625254493261,0.659117623628258,9.44878934386847e-05,0.000593766810333838,0.180477235773431,15,4,0.463245705721914,0.0781012305625417,0.122635617777323,13200,1.2
206,11,0.733333333333333,18,60,mean,0.704274218716452,0.00316814516809311,-0.00199882039058103,0.99498062428408,0.615686722189519,1.06494889802355e-05,-7.05392321794784e-06,0.180477235773431,15,4,0.430321042787959,0.115934475623588,0.161531278433136,13200,1.2
201,11,0.733333333333333,18,60,none,0.255017339343908,0.00494917354406243,0.00318391301726972,0.971484027492179,0.164875297493652,-6.77464487744551e-05,-0.000103602236226256,0.048127262872915,4,4,0.65306340415493,NaN,NaN,0,1.2
202,11,0.733333333333333,18,60,none,0.265746187490233,0.0134156421741206,-0.00127839609427609,0.949606148551502,0.245465972672519,0.000353135363167148,0.00260142365319699,0.048127262872915,4,4,0.461131419663135,NaN,NaN,0,1.2
203,11,0.733333333333333,18,60,none,0.210691349248003,-0.0207756690039734,-0.0127964371809247,1.10228669229888,0.222094581987883,0.000504898550011225,0.00338959495343852,0.048127262872915,4,4,0.429533391286351,NaN,NaN,0,1.2
204,11,0.733333333333333,18,60,none,0.359495153802557,0.00494973685185483,0.0396570252606375,0.978062780364959,0.218325144820803,0.00100417794124397,0.00691676750030192,0.048127262872915,4,4,0.679044267276751,NaN,NaN,0,1.2
205,11,0.733333333333333,18,60,none,0.70015870254017,-0.0136356027478237,-0.0841595213714984,1.02069910506632,0.666224832698608,0.000205148094573466,0.00258874259100273,0.048127262872915,4,4,0.515735034950866,NaN,NaN,0,1.2
206,11,0.733333333333333,18,60,none,0.704274218716452,-0.00658732866106738,-0.00834837390065353,1.01043647805256,0.635982809570351,0.000221761039538871,0.000694832928009741,0.048127262872915,4,4,0.52971160021532,NaN,NaN,0,1.2
201,11,0.733333333333333,30,100,hold,0.255017339343908,-0.00722478133741782,-0.00813987689544778,1.04137376134464,0.171470545704654,0.000375912097943108,0.00219517007009443,0.180477235773431,15,4,0.469044241106054,0.172152050225371,0.361290848564821,22000,1.2
202,11,0.733333333333333,30,100,hold,0.265746187490233,0.00550476460950057,-0.0102961304719765,0.979519314259139,0.255638858658598,0.000392786789780054,0.00254830164153309,0.180477235773431,15,4,0.338028306697876,0.170363454877811,0.334326848674262,22000,1.2
203,11,0.733333333333333,30,100,hold,0.210691349248003,0.00690533530790876,0.0358855271493507,0.964495799393125,0.167871361346802,0.000226461658606618,0.00298669072248172,0.180477235773431,15,4,0.402774023232886,0.179632618746301,0.346141131745921,22000,1.2
204,11,0.733333333333333,30,100,hold,0.359495153802557,-0.0109549160794917,0.000793254167151716,1.04592836615877,0.223092915872852,0.000776599108743566,0.00312790131708852,0.180477235773431,15,4,0.567067032955328,0.288612330001368,0.805569790815718,22000,1.2
205,11,0.733333333333333,30,100,hold,0.70015870254017,0.0146570533329586,0.0185689441900993,0.977303298913241,0.559683130924906,0.000323469525683598,0.00201560558544125,0.180477235773431,15,4,0.466322886270814,0.130291536002074,0.263006475501473,22000,1.2
206,11,0.733333333333333,30,100,hold,0.704274218716452,-1.44462703093817e-05,-0.00441352044481923,1.00002306500486,0.616060547911665,0.000248915978798459,0.00163444364144954,0.180477235773431,15,4,0.433896490522435,0.218057246286982,0.656762383542918,22000,1.2
201,11,0.733333333333333,30,100,kalman,0.255017339343908,0.0245566312472464,0.0256678280016596,0.859372878817817,0.127641225663949,-0.000144547003504179,-0.000733969139766699,0.180477235773431,15,4,0.42976368036709,0.16767214095386,0.222915689897274,22000,2.1
202,11,0.733333333333333,30,100,kalman,0.265746187490233,0.00485416749176671,0.00335797220541908,0.981939885538285,0.255820950441368,0.000214827161723372,0.000540874426338455,0.180477235773431,15,4,0.307815483501881,0.162940853016243,0.214126295423918,22000,1.2
203,11,0.733333333333333,30,100,kalman,0.210691349248003,0.00272885906547842,0.0323237038065063,0.985969405485977,0.175479233828874,4.74402099710614e-05,0.00216906598713974,0.180477235773431,15,4,0.365986314632701,0.148030748124789,0.207790024368057,22000,1.2
204,11,0.733333333333333,30,100,kalman,0.359495153802557,-0.00034009386260884,-0.0247653210541943,1.00142583980899,0.215701996687012,-3.8699503869665e-05,-0.000602552177155979,0.180477235773431,15,4,0.52376255268374,0.17843012998117,0.373494929513329,22000,1.2
205,11,0.733333333333333,30,100,kalman,0.70015870254017,-0.0142867406487271,-0.0302242486868863,1.02212326547786,0.646541654352914,0.00013472353599725,-0.000304608905523382,0.180477235773431,15,4,0.42113619027653,0.131782390678905,0.209786704758142,22000,1.8
206,11,0.733333333333333,30,100,kalman,0.704274218716452,0.00627782736715015,0.0197737952321593,0.989976781853825,0.594301982620195,-0.000173568039630094,-0.00127008284797443,0.180477235773431,15,4,0.391245009243898,0.189174850368828,0.347205702263764,22000,1.2
201,11,0.733333333333333,30,100,kalman-gm,0.255017339343908,0.0136201445704285,0.0183807553729519,0.922002260744161,0.148150067204281,0.000240110406766,0.00184979165504316,0.180477235773431,15,4,0.467045269726426,0.14325529131266,0.23928859321451,22000,1.2
202,11,0.733333333333333,30,100,kalman-gm,0.265746187490233,-0.00758757266668026,-0.0455019062634503,1.02822985220004,0.258850414124259,0.000514645672374701,0.00277199730725033,0.180477235773431,15,4,0.326655708129939,0.162373654609861,0.269312263680975,22000,1.2
203,11,0.733333333333333,30,100,kalman-gm,0.210691349248003,0.00456424228187169,0.0309031869143101,0.976532671279792,0.171680961228065,9.99699081499356e-05,0.00249618876502922,0.180477235773431,15,4,0.400021532685132,0.144511725535737,0.227690272688661,22000,1.2
204,11,0.733333333333333,30,100,kalman-gm,0.359495153802557,-0.00164329365765182,0.00709084079183649,1.00688949073342,0.21817164844239,0.000354443499085254,0.00188014471328774,0.180477235773431,15,4,0.571378879742224,0.211633573126092,0.538495991440028,22000,1.2
205,11,0.733333333333333,30,100,kalman-gm,0.70015870254017,0.00798006146874858,0.0143629723108222,0.987642736524478,0.57611925535036,7.89356298291025e-05,0.000992164164290976,0.180477235773431,15,4,0.461129578464545,0.105072494522869,0.18401932428069,22000,1.2
206,11,0.733333333333333,30,100,kalman-gm,0.704274218716452,-0.000977629068407992,-0.00193398416571377,1.00156088863959,0.618511273738804,9.47999048967518e-05,0.000182131869545965,0.180477235773431,15,4,0.436099735325179,0.166962535092922,0.381741772017755,22000,1.2
201,11,0.733333333333333,30,100,mean,0.255017339343908,0.017428548727639,0.0252363442252701,0.900192880315125,0.136387988551987,1.84546804324026e-05,0.000554713660730794,0.180477235773431,15,4,0.464461853642178,0.167474294518997,0.223862325216343,22000,1.2
202,11,0.733333333333333,30,100,mean,0.265746187490233,-0.000435843047011533,-0.00678089403754593,1.00162157060499,0.258867349515969,0.000286101640405774,0.00118346110329382,0.180477235773431,15,4,0.335100989019933,0.162682189457208,0.213770446306174,22000,1.2
203,11,0.733333333333333,30,100,mean,0.210691349248003,-0.00103719899281618,-0.00972190741144583,1.00533282157465,0.182242884819961,5.43655352115427e-05,0.000712739943522285,0.180477235773431,15,4,0.399427803046688,0.148266080831789,0.208586717024892,22000,1.2
204,11,0.733333333333333,30,100,mean,0.359495153802557,-0.00013894821375586,-0.0295383000567438,1.00058253887042,0.213002751747117,5.29011521664025e-05,-3.06906297561778e-05,0.180477235773431,15,4,0.571919918204911,0.178361219326112,0.375994207342238,22000,1.2
205,11,0.733333333333333,30,100,mean,0.70015870254017,-0.00916651223120081,0.00123138316965683,1.01419450304188,0.613980274592246,0.000279666566061553,0.000885657635439651,0.180477235773431,15,4,0.460019823898309,0.133957913509363,0.209598418529097,22000,1.2
206,11,0.733333333333333,30,100,mean,0.704274218716452,0.00436182914230182,-0.00460816078973666,0.993035876513839,0.608602542853096,3.04231390475346e-05,-0.000354971923366523,0.180477235773431,15,4,0.422636664208287,0.190145576469711,0.350367565157525,22000,1.2
201,11,0.733333333333333,30,100,none,0.255017339343908,0.00274051568117478,-0.0103688028848076,0.984306038278705,0.164875297493652,2.3203661216267e-05,0.000572354208880033,0.048127262872915,4,4,0.661952394323189,NaN,NaN,0,1.2
202,11,0.733333333333333,30,100,none,0.265746187490233,0.0207392421991311,-0.0104140606840127,0.922838861946805,0.237612648521901,0.00115200980120367,0.00594476608721784,0.048127262872915,4,4,0.461320601197726,NaN,NaN,0,1.2
203,11,0.733333333333333,30,100,none,0.210691349248003,-0.0299481524989835,-0.00825685007354881,1.15398024378503,0.222094581987883,0.0013544269665693,0.00770449202472941,0.048127262872915,4,4,0.435855535472002,NaN,NaN,0,1.2
204,11,0.733333333333333,30,100,none,0.359495153802557,0.0194904425511188,0.0535756812659222,0.918286532220904,0.21455003250763,0.0030477771773683,0.0136207540014906,0.048127262872915,4,4,0.671165728975438,NaN,NaN,0,7.2
205,11,0.733333333333333,30,100,none,0.70015870254017,-0.0302604281750314,-0.127279767880446,1.04685879742974,0.666224832698608,0.000863274879035387,0.00650256000365933,0.048127262872915,4,4,0.528362822620882,NaN,NaN,0,NaN
206,11,0.733333333333333,30,100,none,0.704274218716452,-0.0102785715865173,-0.0187180615433471,1.01641083120282,0.633496896836212,0.000450109627778577,0.00182021469383296,0.048127262872915,4,4,0.546434065786389,NaN,NaN,0,1.2
201,13,0.866666666666667,3,10,hold,0.255017339343908,4.27447580021778e-05,0.00023811195844246,0.99975260159098,0.171476497925657,-6.20812853624475e-08,8.29148774038835e-06,0.180477235773431,15,2,0.467901642606474,0.0193884644052468,0.0332934829483618,2600,1.2
202,13,0.866666666666667,3,10,hold,0.265746187490233,-1.70638918104204e-05,0.000185988742016149,1.00006481544356,0.258719030448952,6.97657611553604e-07,4.25094321765213e-05,0.180477235773431,15,2,0.344703020524878,0.026128216417712,0.0350333814436667,2600,1.2
203,13,0.866666666666667,3,10,hold,0.210691349248003,0.000368024536163689,0.00299206314377102,0.998317827301504,0.214767076591176,3.19755578637171e-07,-1.91672809222995e-05,0.180477235773431,15,2,0.405467413321807,0.0140450286997236,0.0329306586927074,2600,1.2
204,13,0.866666666666667,3,10,hold,0.359495153802557,-0.0014984757238489,-0.000241925063590617,1.00668169270688,0.223092055615577,3.11171070246641e-06,2.85285077464656e-05,0.180477235773431,15,2,0.577857765611031,0.0295549108702081,0.0663951711532302,2600,1.2
205,13,0.866666666666667,3,10,hold,0.70015870254017,0.000461150840897862,-0.000323579664843922,0.999307330787784,0.663230899057855,6.04810262891387e-07,3.08016687382079e-05,0.180477235773431,15,2,0.463124727496841,0.0196880404616405,0.0328287047858627,2600,1.2
206,13,0.866666666666667,3,10,hold,0.704274218716452,0.000199262149875756,0.000131148024215025,0.999689168489146,0.638619264343939,7.23737801600066e-07,2.71587348432079e-05,0.180477235773431,15,2,0.441158512697877,0.0304054749806779,0.0499907488362197,2600,1.2
201,13,0.866666666666667,3,10,kalman,0.255017339343908,-1.61457045824959e-05,0.00101409036478431,1.00009344822179,0.172131646293868,-1.35387533350961e-08,-2.73910211424624e-05,0.180477235773431,15,2,0.465661890157924,0.0151152470969358,0.0262868287666167,2600,1.2
202,13,0.866666666666667,3,10,kalman,0.265746187490233,-0.000105748779517983,-0.00207693982001123,1.00040167589705,0.258895519428516,1.28359112189225e-07,6.34592007368984e-05,0.180477235773431,15,2,0.338998495335352,0.0296891864327804,0.0254101073500412,2600,1.2
203,13,0.866666666666667,3,10,kalman,0.210691349248003,0.00056216594967089,0.00269367349874898,0.997430442485118,0.214449323691286,-3.15955844945037e-06,-4.37997341884747e-05,0.180477235773431,15,2,0.403721203272143,0.0132492303475228,0.0236293473024949,2600,1.2
204,13,0.866666666666667,3,10,kalman,0.359495153802557,-0.000276245006482997,3.03029504806715e-05,1.00123177453979,0.219636857008748,-7.78989966782051e-08,6.48377439629172e-07,0.180477235773431,15,2,0.577590621857094,0.0122811003772942,0.0258301398878018,2600,1.2
205,13,0.866666666666667,3,10,kalman,0.70015870254017,-0.000419683982078978,-0.00372445611270303,1.00063038413349,0.665366038894355,3.28125364696674e-06,0.000179664271730865,0.180477235773431,15,2,0.469023225866112,0.0286017737762467,0.0255239971299722,2600,1.2
206,13,0.866666666666667,3,10,kalman,0.704274218716452,5.12402749640817e-05,-3.50805933351306e-05,0.999920069656512,0.6391096141945,1.40312886975913e-07,2.26621913717973e-06,0.180477235773431,15,2,0.43961866751224,0.015187253200724,0.0246967332132764,2600,1.2
201,13,0.866666666666667,3,10,kalman-gm,0.255017339343908,-3.40184619661843e-06,8.00194616622873e-05,1.00001968922919,0.172130581142813,-2.42596963628827e-09,4.46976626586881e-07,0.180477235773431,15,2,0.466586358531861,0.00909468545695461,0.0165231902489156,2600,1.2
202,13,0.866666666666667,3,10,kalman-gm,0.265746187490233,-7.0541719710876e-05,-0.00184169281345236,1.00026794548999,0.258878594694454,5.03359734316255e-07,6.25401244904133e-05,0.180477235773431,15,2,0.339779703883197,0.027540527254734,0.018542455589639,2600,1.2
203,13,0.866666666666667,3,10,kalman-gm,0.210691349248003,0.000337695749908956,0.00261778079405879,0.998456454624421,0.214991538686157,-1.49006869558654e-06,-4.46679635393954e-05,0.180477235773431,15,2,0.403403453986231,0.0122909351143849,0.0151720652110923,2600,1.2
204,13,0.866666666666667,3,10,kalman-gm,0.359495153802557,-0.00126780676226181,-3.3206295726835e-05,1.00565314143053,0.22282914463627,1.04810491649288e-06,5.6593522610815e-06,0.180477235773431,15,2,0.57837862010399,0.0140166019119928,0.0241558139367966,2600,1.2
205,13,0.866666666666667,3,10,kalman-gm,0.70015870254017,6.78830193644453e-05,0.00154797603332868,0.999898036665282,0.664306808744468,-1.58455316768003e-06,-7.37588740812406e-05,0.180477235773431,15,2,0.46558831468274,0.023736385237846,0.0177731486941992,2600,1.2
206,13,0.866666666666667,3,10,kalman-gm,0.704274218716452,0.000334907865455059,0.000163589507707407,0.999477573046958,0.638081200115823,4.6084293124915e-07,1.81092832872765e-05,0.180477235773431,15,2,0.440712828048023,0.0203711576366635,0.0262222261314524,2600,1.2
201,13,0.866666666666667,3,10,mean,0.255017339343908,-7.23968697402821e-06,0.000947951620170244,1.00004190191085,0.172131665348202,-5.3806110900112e-09,-2.45985309172025e-05,0.180477235773431,15,2,0.465813044121373,0.0151152668705094,0.0262868309144322,2600,1.2
202,13,0.866666666666667,3,10,mean,0.265746187490233,-0.000110720923389734,-0.00209670657721007,1.00042056207577,0.258901359145085,1.35312540494592e-07,6.4401965604588e-05,0.180477235773431,15,2,0.339108028405671,0.0296892108398985,0.0254101073520916,2600,1.2
203,13,0.866666666666667,3,10,mean,0.210691349248003,0.000563844872277075,0.00267016860909087,0.997422768437619,0.214445572961292,-3.1722770731879e-06,-4.42248435921141e-05,0.180477235773431,15,2,0.40385386593901,0.0132492529028912,0.0236288812047842,2600,1.2
204,13,0.866666666666667,3,10,mean,0.359495153802557,-0.000282404428283342,3.0299987812544e-05,1.00125923935825,0.219637839297621,-6.23923595705067e-08,8.68897288828774e-07,0.180477235773431,15,2,0.577785923106914,0.0122810927217461,0.0258301398877672,2600,1.2
205,13,0.866666666666667,3,10,mean,0.70015870254017,-0.000397615112827965,-0.00372106919870406,1.00059723570368,0.665365787425287,3.33002632294799e-06,0.000179892439039041,0.180477235773431,15,2,0.46918050296051,0.0286017766858631,0.0255239971299722,2600,1.2
206,13,0.866666666666667,3,10,mean,0.704274218716452,5.42839113127469e-05,-3.22005218577259e-05,0.999915321850241,0.63909573983923,1.39011150374069e-07,2.20625550414355e-06,0.180477235773431,15,2,0.439765096715211,0.0151872737102644,0.0246961600514406,2600,1.2
201,13,0.866666666666667,3,10,none,0.255017339343908,0.00198493416645786,0.026358516794152,0.988511584162746,0.166572359515888,-1.65172616281628e-05,-0.000319791390459903,0.0240636314364575,2,2,0.72956359074897,NaN,NaN,0,1.2
202,13,0.866666666666667,3,10,none,0.265746187490233,0.00161760714212184,0.000675536907467217,0.993855685116704,0.260044074618987,3.61095868022798e-06,0.000262435450274625,0.0240636314364575,2,2,0.578268617280641,NaN,NaN,0,1.2
203,13,0.866666666666667,3,10,none,0.210691349248003,-0.00583796877087602,-0.0165612638715389,1.02668428519308,0.222148523187268,1.80448236478337e-05,0.000308913442438365,0.0240636314364575,2,2,0.537751876707319,NaN,NaN,0,1.2
204,13,0.866666666666667,3,10,none,0.359495153802557,-0.00187242330644614,0.0101692963212447,1.00834912234596,0.225007798107181,2.76023781478424e-05,0.000713670481601342,0.0240636314364575,2,2,0.751847029298302,NaN,NaN,0,1.2
205,13,0.866666666666667,3,10,none,0.70015870254017,-0.000455903030105931,-0.00423089832359899,1.00068478676542,0.665108782206202,-2.48333701809711e-06,-0.000102194375464205,0.0240636314364575,2,2,0.769303746772904,NaN,NaN,0,1.2
206,13,0.866666666666667,3,10,none,0.704274218716452,0.000476607149688046,0.0059128905297459,0.999256534567586,0.639313747272376,1.99968940506889e-06,7.72839865071639e-05,0.0240636314364575,2,2,0.619194164518267,NaN,NaN,0,1.2
201,13,0.866666666666667,6,20,hold,0.255017339343908,0.000183145012967108,-0.000532919186204043,0.99894368761018,0.171476497925657,1.73785005775362e-06,6.13238780457687e-05,0.180477235773431,15,2,0.468270877903345,0.0312720971379789,0.0589336056455836,5200,1.2
202,13,0.866666666666667,6,20,hold,0.265746187490233,0.00053002153520815,0.000748719607049318,0.997986073810216,0.258719030448952,5.19503178301184e-06,9.33861962827248e-05,0.180477235773431,15,2,0.344261813475255,0.0375886204495559,0.0609874872018055,5200,1.2
203,13,0.866666666666667,6,20,hold,0.210691349248003,0.00159641251292093,0.00320616594368459,0.992602666015273,0.205220166050742,2.4919094483683e-06,6.58240613206684e-06,0.180477235773431,15,2,0.405249581536065,0.0240636975468341,0.0607409624566211,5200,1.2
204,13,0.866666666666667,6,20,hold,0.359495153802557,-0.00339580300413546,-0.000953091095974538,1.01532459333804,0.222868978330234,1.14074205095904e-05,9.91408539542196e-05,0.180477235773431,15,2,0.577809617914345,0.0523565769126985,0.125492138071185,5200,1.2
205,13,0.866666666666667,6,20,hold,0.70015870254017,0.00157089686372606,-0.000629683850924071,0.997636732547497,0.659063491847857,7.1191804029494e-06,0.000104901041248875,0.180477235773431,15,2,0.462482640450774,0.032791250127127,0.0575415069340361,5200,1.2
206,13,0.866666666666667,6,20,hold,0.704274218716452,0.000522256773501495,-0.000259763157401576,0.999182831206206,0.634788512514894,6.66743803144076e-06,0.000108843360335595,0.180477235773431,15,2,0.439875953908796,0.0552707676391302,0.0923591872265277,5200,1.2
201,13,0.866666666666667,6,20,kalman,0.255017339343908,0.00134137497191262,0.0193049394973219,0.992263447531161,0.168562928419847,-4.40650779163776e-06,-5.90482100345666e-05,0.180477235773431,15,2,0.465283100675192,0.0264823906249341,0.0429433797326169,5200,1.2
202,13,0.866666666666667,6,20,kalman,0.265746187490233,-0.000777395653209037,-0.00108449375316504,1.00295387519529,0.258895519428516,3.15965763495185e-06,0.000101968622451952,0.180477235773431,15,2,0.337143080339095,0.0379969290099997,0.0422063713159106,5200,1.2
203,13,0.866666666666667,6,20,kalman,0.210691349248003,0.00129499931161721,0.00337052901515278,0.993999331413097,0.20595711480956,-4.84416091586226e-06,-3.85353588653564e-05,0.180477235773431,15,2,0.400489430620771,0.0229049260852698,0.03877760292362,5200,1.2
204,13,0.866666666666667,6,20,kalman,0.359495153802557,-7.50372928813442e-06,-0.000279396146926555,1.00003386285945,0.21732804757524,-2.43486279964678e-07,-6.07836732049004e-05,0.180477235773431,15,2,0.578006820955355,0.0211353354235324,0.0450729363045959,5200,1.2
205,13,0.866666666666667,6,20,kalman,0.70015870254017,-0.000443953011462039,-0.00423410600138306,1.00066788579611,0.663160980404802,1.046460304341e-05,0.000196645424192587,0.180477235773431,15,2,0.467942283103406,0.0338333826540269,0.0427515020844922,5200,1.2
206,13,0.866666666666667,6,20,kalman,0.704274218716452,0.000356262569340071,-0.000503302653090292,0.999442560309731,0.632840315319237,6.90295615790593e-07,-2.97702239139419e-05,0.180477235773431,15,2,0.436573121513751,0.0300495515810818,0.0450913552413001,5200,1.2
201,13,0.866666666666667,6,20,kalman-gm,0.255017339343908,-8.20565145562835e-06,0.0185629081793078,1.0000473271489,0.170373089091619,1.34060092550625e-06,1.01951648803211e-05,0.180477235773431,15,2,0.466056606627635,0.0156577721748282,0.0276437836763472,5200,1.2
202,13,0.866666666666667,6,20,kalman-gm,0.265746187490233,-0.00167092425102529,-0.00529418995965082,1.00634902147696,0.258878594694454,4.80966385443815e-06,0.000167899957587277,0.180477235773431,15,2,0.336040361356399,0.038559233184369,0.03178339528134,5200,1.2
203,13,0.866666666666667,6,20,kalman-gm,0.210691349248003,0.00144495028261306,0.00277665152871779,0.993304500092988,0.206560451752363,-4.854887337645e-06,-4.24396635197397e-05,0.180477235773431,15,2,0.403616387369251,0.0156939631434086,0.0261063759544378,5200,1.2
204,13,0.866666666666667,6,20,kalman-gm,0.359495153802557,-0.00163290172702084,0.000177850825202088,1.007368965425,0.218336803346405,4.60194612036113e-06,4.94920884729173e-05,0.180477235773431,15,2,0.578134845338912,0.0236292539264494,0.0499025940818578,5200,1.2
205,13,0.866666666666667,6,20,kalman-gm,0.70015870254017,0.000172909172507396,0.0016524957041685,0.999739874316983,0.661511972876074,-6.18312794380682e-06,-7.93475568825047e-05,0.180477235773431,15,2,0.467445619024332,0.0367377259726235,0.0301173557059182,5200,1.2
206,13,0.866666666666667,6,20,kalman-gm,0.704274218716452,0.000451875032251275,0.000194327898267551,0.999292956656982,0.634546390092205,3.36722215014129e-06,4.99566848378041e-05,0.180477235773431,15,2,0.439056067895285,0.0359512114029596,0.0542883577763007,5200,1.2
201,13,0.866666666666667,6,20,mean,0.255017339343908,0.00132460008613203,0.0194246740986325,0.992360198839869,0.167473961797399,-3.78751179329062e-06,-5.43837384822168e-05,0.180477235773431,15,2,0.465963217203823,0.0264850840642268,0.0429433797326042,5200,1.2
202,13,0.866666666666667,6,20,mean,0.265746187490233,-0.00101976620253139,-0.00128032792413504,1.00387481210915,0.258901359145085,3.41816903620951e-06,0.000109595110937333,0.180477235773431,15,2,0.337633941782622,0.037995629683163,0.0422056791566874,5200,1.2
203,13,0.866666666666667,6,20,mean,0.210691349248003,0.00130646447310936,0.00319904459006681,0.993946205026239,0.205568175354303,-4.91812248719914e-06,-3.91473029929773e-05,0.180477235773431,15,2,0.401081508606042,0.0229053520916315,0.0387783581120407,5200,1.2
204,13,0.866666666666667,6,20,mean,0.359495153802557,-9.16976022118529e-05,0.000254160382631374,1.00041381330491,0.217541406215363,2.02652414571514e-08,-9.99196157872334e-06,0.180477235773431,15,2,0.578890613770621,0.0211356737359822,0.0450729360333799,5200,1.2
205,13,0.866666666666667,6,20,mean,0.70015870254017,-0.000419572437567772,-0.00418850279070944,1.00063120750227,0.662991589103898,1.04832907556002e-05,0.000196232312811072,0.180477235773431,15,2,0.468646380766064,0.0338337937621903,0.0427507421852824,5200,1.2
206,13,0.866666666666667,6,20,mean,0.704274218716452,0.000355021730119542,-0.000232182395083496,0.999444501835701,0.632823331593634,6.39577441721717e-07,-6.50860628375882e-06,0.180477235773431,15,2,0.437225997488264,0.0300499779091256,0.0450911942407869,5200,1.2
201,13,0.866666666666667,6,20,none,0.255017339343908,0.0049650283408678,0.031290766497336,0.971363561216872,0.165678144037919,-3.81843849544178e-05,-0.000448953258191277,0.0240636314364575,2,2,0.733495396474992,NaN,NaN,0,1.2
202,13,0.866666666666667,6,20,none,0.265746187490233,0.00202213812469024,0.00163235190820015,0.992316468939181,0.259037503885779,2.39729378482462e-05,0.0005355027610943,0.0240636314364575,2,2,0.57806900565497,NaN,NaN,0,1.2
203,13,0.866666666666667,6,20,none,0.210691349248003,-0.00785505724823582,-0.0196453283014559,1.03639816241983,0.222016439306105,6.14737674924024e-05,0.000629309901819012,0.0240636314364575,2,2,0.535470065007497,NaN,NaN,0,1.2
204,13,0.866666666666667,6,20,none,0.359495153802557,-0.00392099151329849,0.0140361071952618,1.01769466613642,0.224150345956785,9.20020636388352e-05,0.00154282086019438,0.0240636314364575,2,2,0.748503945764554,NaN,NaN,0,1.2
205,13,0.866666666666667,6,20,none,0.70015870254017,-0.00130585185996867,-0.0172175945022342,1.00196453202608,0.665108782206202,-4.40541223773044e-06,0.000124488118707702,0.0240636314364575,2,2,0.772709219145733,NaN,NaN,0,1.2
206,13,0.866666666666667,6,20,none,0.704274218716452,-0.00104840923987726,-0.00125539746595379,1.00164043313064,0.639313747272376,2.68176668230313e-05,0.000247570103557625,0.0240636314364575,2,2,0.6199416186111,NaN,NaN,0,1.2
201,13,0.866666666666667,10.2,34,hold,0.255017339343908,-0.00178367910696484,-0.000360640907654614,1.01031476888221,0.171476497925657,2.21809175627242e-05,0.00019043546041812,0.180477235773431,15,2,0.468559242602718,0.0503041696573318,0.0989234108911894,8840,1.2
202,13,0.866666666666667,10.2,34,hold,0.265746187490233,0.00160225643799038,0.00457371086416006,0.993928757968168,0.258719030448952,1.73504303566059e-05,0.000214846190190984,0.180477235773431,15,2,0.343598332740614,0.0586489951739759,0.100997085812957,8840,1.2
203,13,0.866666666666667,10.2,34,hold,0.210691349248003,0.00315803378244917,0.00493706664066924,0.985074849657847,0.194403540744495,1.17046660233627e-05,0.000101587961508034,0.180477235773431,15,2,0.404835185200308,0.0425924699630846,0.101263747618757,8840,1.2
204,13,0.866666666666667,10.2,34,hold,0.359495153802557,-0.00634255161575214,0.00202458653141443,1.02883412478427,0.222868978330234,5.24477680009165e-05,0.00048067821877683,0.180477235773431,15,2,0.577524800739404,0.0860481807496591,0.21417498523861,8840,1.2
205,13,0.866666666666667,10.2,34,hold,0.70015870254017,0.00218718828182294,-0.0005821641674128,0.996701084432507,0.655719624957471,2.28693592294041e-05,0.000209053439997043,0.180477235773431,15,2,0.461403272115701,0.0505143611731509,0.09575674388801,8840,1.2
206,13,0.866666666666667,10.2,34,hold,0.704274218716452,-0.000317790273859789,-0.000741766325272825,1.0005001471492,0.629089895529289,2.82306137113269e-05,0.000239073921879971,0.180477235773431,15,2,0.438393112664231,0.0872789673065638,0.156022929012341,8840,1.2
201,13,0.866666666666667,10.2,34,kalman,0.255017339343908,0.00426904708071488,0.0326432717079322,0.975312692842068,0.157950246571386,-1.22729159964987e-05,-0.000242629905573786,0.180477235773431,15,2,0.464225600649668,0.0466480486090847,0.0683476194675547,8840,1.2
202,13,0.866666666666667,10.2,34,kalman,0.265746187490233,0.000796807258653033,0.00693681371589039,0.996980751891332,0.256699075932726,1.19487995305629e-05,0.00017331989759594,0.180477235773431,15,2,0.332349350904054,0.0584449184925303,0.0668752786968145,8840,1.2
203,13,0.866666666666667,10.2,34,kalman,0.210691349248003,0.00287499237723479,0.00436043178649403,0.986412528674885,0.194703940474645,-6.73544955055564e-06,-3.58840808450342e-05,0.180477235773431,15,2,0.398519678865398,0.0350451050019487,0.0620079479342548,8840,1.2
204,13,0.866666666666667,10.2,34,kalman,0.359495153802557,0.00067387977601592,0.0019552263484837,0.996936448494486,0.214272492582617,-5.93644401659197e-07,-6.53613562170859e-05,0.180477235773431,15,2,0.576337825424169,0.0381623517659067,0.0791518461485356,8840,1.2
205,13,0.866666666666667,10.2,34,kalman,0.70015870254017,-0.00176190905343259,-0.00974248864395078,1.00265747089685,0.662033084779173,2.74907735650267e-05,0.00024347130160556,0.180477235773431,15,2,0.465329287613854,0.0499993881050562,0.0704633024843915,8840,1.2
206,13,0.866666666666667,10.2,34,kalman,0.704274218716452,0.000607001403659785,0.00374995363707624,0.999044684351378,0.625441189570771,-9.35373413547743e-07,1.27091258950357e-05,0.180477235773431,15,2,0.432006528482207,0.0553539258212621,0.0793960752318825,8840,1.2
201,13,0.866666666666667,10.2,34,kalman-gm,0.255017339343908,0.00301283351347555,0.0255191857672241,0.982577201666647,0.161725408883508,7.28952339137129e-06,3.06694198305144e-05,0.180477235773431,15,2,0.465676895452794,0.0295939582118178,0.0485232296260643,8840,1.2
202,13,0.866666666666667,10.2,34,kalman-gm,0.265746187490233,-0.00303494350154049,-0.00860470439513283,1.01149995475999,0.258878594694454,2.41508351897268e-05,0.000422149202262064,0.180477235773431,15,2,0.333993450932831,0.0557992976054271,0.0575221706391445,8840,1.2
203,13,0.866666666666667,10.2,34,kalman-gm,0.210691349248003,0.00247118874921031,0.00317444930784508,0.988320940766759,0.196426716482735,-8.11123165549481e-06,-2.12369660641601e-05,0.180477235773431,15,2,0.403378586336229,0.0261184435941999,0.0485915687110952,8840,1.2
204,13,0.866666666666667,10.2,34,kalman-gm,0.359495153802557,-0.00208746806709027,0.00161423462652389,1.009489921151,0.218336803346405,1.78068744816131e-05,0.000192179592354121,0.180477235773431,15,2,0.577879203275956,0.0421185042710483,0.102516517893314,8840,1.2
205,13,0.866666666666667,10.2,34,kalman-gm,0.70015870254017,0.00111056173483791,0.00279207355524946,0.998324950153507,0.653754615546912,-1.2925379541521e-05,-6.7883722843057e-05,0.180477235773431,15,2,0.466335955880452,0.0464938953456604,0.0536350761609659,8840,1.2
206,13,0.866666666666667,10.2,34,kalman-gm,0.704274218716452,0.000162437338252725,0.000351015725983709,0.999744351610692,0.627696362341219,1.38514103543201e-05,0.000110337808062709,0.180477235773431,15,2,0.436968077929533,0.0576362430085656,0.0979247648666875,8840,1.2
201,13,0.866666666666667,10.2,34,mean,0.255017339343908,0.00400149134291636,0.0273064871994688,0.976859930564214,0.16163083775531,-9.79611060964137e-06,-7.53457966874144e-05,0.180477235773431,15,2,0.466799325066442,0.0466562151995461,0.0682640723782546,8840,1.2
202,13,0.866666666666667,10.2,34,mean,0.265746187490233,-0.00033683933950621,0.00427221762873949,1.00127634572563,0.258901359145085,1.55300156671185e-05,0.000257431059959631,0.180477235773431,15,2,0.334152520806433,0.0584437763376076,0.0668889624178535,8840,1.2
203,13,0.866666666666667,10.2,34,mean,0.210691349248003,0.00243090925354339,0.00333323184789369,0.988511305268835,0.197607018620153,-6.73826161540786e-06,-4.36987317942922e-05,0.180477235773431,15,2,0.400764888447711,0.0350538685375951,0.0620062955400744,8840,1.2
204,13,0.866666666666667,10.2,34,mean,0.359495153802557,0.00174458991783557,0.00211760424235046,0.9920688507661,0.211237363558051,3.41802569375199e-06,7.58498378727252e-05,0.180477235773431,15,2,0.579678800718909,0.0381329123387272,0.0790510508608025,8840,1.2
205,13,0.866666666666667,10.2,34,mean,0.70015870254017,-0.00131261415389344,-0.00983283143309386,1.0019798036147,0.66078623635598,2.87005277373301e-05,0.000279239706732857,0.180477235773431,15,2,0.467990691421079,0.0500030269415384,0.0704659935460306,8840,1.2
206,13,0.866666666666667,10.2,34,mean,0.704274218716452,0.000788058526476271,0.0039193283505647,0.99875973162857,0.62573672870447,3.73697195261408e-06,0.000104530721758315,0.180477235773431,15,2,0.434437308820903,0.0554082929954861,0.0798951155882848,8840,1.2
201,13,0.866666666666667,10.2,34,none,0.255017339343908,0.0059174963902676,0.0257618055948689,0.965779939122145,0.164575345905789,-5.52898770050903e-05,-0.000310308330461238,0.0240636314364575,2,2,0.737022646804692,NaN,NaN,0,1.2
202,13,0.866666666666667,10.2,34,none,0.265746187490233,0.00162177924433101,-0.00268349204999631,0.993854782492317,0.259037503885779,9.24584285010887e-05,0.00116134060855228,0.0240636314364575,2,2,0.577922067072984,NaN,NaN,0,1.2
203,13,0.866666666666667,10.2,34,none,0.210691349248003,-0.0117307769057693,-0.0214883314891451,1.05544070171823,0.222016439306105,0.000165734620969367,0.0013790637660538,0.0240636314364575,2,2,0.533616638044589,NaN,NaN,0,1.2
204,13,0.866666666666667,10.2,34,none,0.359495153802557,-0.00498488726878508,0.0198893517958146,1.02266199319319,0.224150345956785,0.000277696101550675,0.00292175265892741,0.0240636314364575,2,2,0.74357545197616,NaN,NaN,0,1.2
205,13,0.866666666666667,10.2,34,none,0.70015870254017,-0.00288176125808939,-0.0407089098061539,1.00434653347182,0.665108782206202,1.8472054202665e-05,0.000809581490896523,0.0240636314364575,2,2,0.775219111266965,NaN,NaN,0,1.2
206,13,0.866666666666667,10.2,34,none,0.704274218716452,-0.00456264822521243,-0.00448331866605321,1.00718082235465,0.639313747272376,9.67304811720703e-05,0.000376519339870418,0.0240636314364575,2,2,0.622521216134093,NaN,NaN,0,1.2
201,13,0.866666666666667,18,60,hold,0.255017339343908,-0.00433473624401781,-0.00232307819460892,1.02497572947535,0.171476497925657,0.000105040065718525,0.000852778700682448,0.180477235773431,15,2,0.468812245264287,0.0977201942085049,0.186462463102363,15600,1.2
202,13,0.866666666666667,18,60,hold,0.265746187490233,0.00703560658333841,0.011602888141848,0.973571797129863,0.250326231421681,9.19910200670495e-05,0.00089972275338562,0.180477235773431,15,2,0.342204203006261,0.102988907663407,0.185587248274367,15600,1.2
203,13,0.866666666666667,18,60,hold,0.210691349248003,0.00606101829105086,0.00930576909853654,0.970159251534283,0.171007411511283,5.64443879517952e-05,0.000646399241891214,0.180477235773431,15,2,0.40396813004101,0.0939412289344001,0.184373509213724,15600,1.2
204,13,0.866666666666667,18,60,hold,0.359495153802557,-0.00858575625873295,0.0212837532219369,1.03805204729423,0.222868978330234,0.000272947041088005,0.00193762785996247,0.180477235773431,15,2,0.575344195273899,0.165911225611587,0.412780273560742,15600,1.2
205,13,0.866666666666667,18,60,hold,0.70015870254017,0.00373504720397134,0.0052724056543785,0.994330127099441,0.635419397145445,8.07138308738483e-05,0.000460969805141397,0.180477235773431,15,2,0.459725153253395,0.0822360582218762,0.165575229518379,15600,1.2
206,13,0.866666666666667,18,60,hold,0.704274218716452,4.53869477953099e-05,-0.00182179411599603,0.999928092264875,0.620705425289734,9.38085253240489e-05,0.000548454847224347,0.180477235773431,15,2,0.436206975675518,0.147854038127538,0.318422242686298,15600,1.2
201,13,0.866666666666667,18,60,kalman,0.255017339343908,0.0118343037358486,0.0260227879352674,0.931813528667726,0.143591757557934,-5.7545009715317e-05,-0.000418386543397228,0.180477235773431,15,2,0.452670333014444,0.0935941948328269,0.122566191551787,15600,1.2
202,13,0.866666666666667,18,60,kalman,0.265746187490233,0.00481206136271593,0.0126644424317082,0.981924211876972,0.254386023269686,5.90310435124142e-05,0.000342304637380939,0.180477235773431,15,2,0.325848127065636,0.0948174944731467,0.116650154087571,15600,1.2
203,13,0.866666666666667,18,60,kalman,0.210691349248003,0.00439705656641643,0.00442469253967674,0.978351581749605,0.177873163783321,3.6746170797806e-07,0.000116452593823612,0.180477235773431,15,2,0.389300216997414,0.077285173995018,0.109445966006544,15600,1.2
204,13,0.866666666666667,18,60,kalman,0.359495153802557,0.00372211151456634,0.0133731713837196,0.983503612364654,0.214272492582617,3.69139624032839e-06,-7.99072547343631e-05,0.180477235773431,15,2,0.560695171948616,0.087942507511402,0.166577405222422,15600,1.2
205,13,0.866666666666667,18,60,kalman,0.70015870254017,-0.00647238754822326,-0.0106410854968395,1.0098252077571,0.662033084779173,7.10257651977482e-05,9.7089942898454e-06,0.180477235773431,15,2,0.451727963403146,0.0818948344585994,0.127890900394628,15600,1.2
206,13,0.866666666666667,18,60,kalman,0.704274218716452,0.00334249831139713,0.0102662319833995,0.994704392013442,0.614024041408822,-3.22063848285185e-05,-0.000584217650407811,0.180477235773431,15,2,0.417118027216536,0.116447967389867,0.155294350327339,15600,1.2
201,13,0.866666666666667,18,60,kalman-gm,0.255017339343908,0.00815078724102119,0.0328067449065509,0.953037083300321,0.154816105864321,4.08767579469523e-05,0.000521669721712176,0.180477235773431,15,2,0.465407136296672,0.0720529960347825,0.106958854105293,15600,1.2
202,13,0.866666666666667,18,60,kalman-gm,0.265746187490233,-0.0023845551286802,-0.0144530239570568,1.00895722436286,0.258878594694454,0.000128924563593992,0.00115647523614405,0.180477235773431,15,2,0.331306392768725,0.0929240292134896,0.123045228176141,15600,1.2
203,13,0.866666666666667,18,60,kalman-gm,0.210691349248003,0.00387808218342938,0.00178379492696385,0.980906694319672,0.179219234088784,3.74376669409898e-06,0.000396306131000555,0.180477235773431,15,2,0.402236745470211,0.0678117992350589,0.106462552049673,15600,1.2
204,13,0.866666666666667,18,60,kalman-gm,0.359495153802557,-0.00118173056887157,0.0261776305504541,1.00523742651674,0.218336803346405,0.000106405400830222,0.00115547443262114,0.180477235773431,15,2,0.57604536339416,0.103204454228141,0.246017594140558,15600,1.2
205,13,0.866666666666667,18,60,kalman-gm,0.70015870254017,0.00189440654370791,0.00706240296446034,0.997124254731402,0.643642603922286,-1.44297480908689e-05,3.79403662807093e-05,0.180477235773431,15,2,0.462686010396161,0.0653162993406029,0.104689128098696,15600,1.2
206,13,0.866666666666667,18,60,kalman-gm,0.704274218716452,0.000676950262855034,0.00183334894981332,0.998927489893935,0.621677829704641,4.00580354909956e-05,0.000263501185542811,0.180477235773431,15,2,0.43365121647946,0.104841962618076,0.213761579612072,15600,1.2
201,13,0.866666666666667,18,60,mean,0.255017339343908,0.00867642917868713,0.0401070299258418,0.950008458235956,0.153459909503732,-2.74261507655897e-05,-3.03727170545906e-05,0.180477235773431,15,2,0.4640765346001,0.0936094866913053,0.122609401361254,15600,1.2
202,13,0.866666666666667,18,60,mean,0.265746187490233,0.00251293575032561,0.00719214133284078,0.990560533051052,0.258901359145085,8.06563629067364e-05,0.000570336568527696,0.180477235773431,15,2,0.334175410726106,0.0948514453428408,0.116581687366913,15600,1.2
203,13,0.866666666666667,18,60,mean,0.210691349248003,0.00249206942318839,-0.00272511718179682,0.987730573767403,0.182859796969314,1.61821717200537e-06,0.00013418823481266,0.180477235773431,15,2,0.399431584736717,0.0773250133926607,0.109466823028691,15600,1.2
204,13,0.866666666666667,18,60,mean,0.359495153802557,0.00472924380386728,0.0112495756385191,0.979040004925875,0.211237363558051,4.05337510543185e-05,0.000398856927403177,0.180477235773431,15,2,0.57565816438345,0.0878140096337055,0.165837585424645,15600,1.2
205,13,0.866666666666667,18,60,mean,0.70015870254017,-0.00571671872436938,-0.0110931253621889,1.00867808806833,0.66078623635598,8.22773395693389e-05,0.000337448795954345,0.180477235773431,15,2,0.463530675001733,0.0819686888935317,0.127847692093574,15600,1.2
206,13,0.866666666666667,18,60,mean,0.704274218716452,0.00388451610192396,0.00489789305827647,0.993845658972176,0.611038666763887,1.37128615975266e-05,0.000294878819385231,0.180477235773431,15,2,0.427815828344402,0.116784127265273,0.155374258669637,15600,1.2
201,13,0.866666666666667,18,60,none,0.255017339343908,0.00650920710489044,0.00735557966551151,0.962495481478225,0.164575345905789,-4.02650258296865e-05,0.000347594806879131,0.0240636314364575,2,2,0.740837203242205,NaN,NaN,0,1.2
202,13,0.866666666666667,18,60,none,0.265746187490233,0.00105485887770115,-0.0146325063175046,0.996037580542768,0.259037503885779,0.000379099668358404,0.00301217324295434,0.0240636314364575,2,2,0.57728714428795,NaN,NaN,0,1.2
203,13,0.866666666666667,18,60,none,0.210691349248003,-0.0199983291867055,-0.00576138911834138,1.09845954629047,0.222016439306105,0.000497425173440726,0.00346123990857188,0.0240636314364575,2,2,0.535769631701901,NaN,NaN,0,1.2
204,13,0.866666666666667,18,60,none,0.359495153802557,0.000609111432521337,0.041282321670801,0.997300419865265,0.224150345956785,0.00102181393880734,0.00735531642613877,0.0240636314364575,2,2,0.73235502055312,NaN,NaN,0,1.2
205,13,0.866666666666667,18,60,none,0.70015870254017,-0.0070466149069483,-0.0806420581907874,1.01069689584086,0.665108782206202,0.000187434789024793,0.00264238473599302,0.0240636314364575,2,2,0.777628288858943,NaN,NaN,0,1.2
206,13,0.866666666666667,18,60,none,0.704274218716452,-0.00848977500927885,-0.00916704494802437,1.01345057383871,0.639230909900783,0.000253097570971524,0.000633469701703345,0.0240636314364575,2,2,0.631459281867672,NaN,NaN,0,1.2
201,13,0.866666666666667,30,100,hold,0.255017339343908,-0.00756515348574162,-0.00995404308189469,1.04332295196722,0.171476497925657,0.000434369362990951,0.00259229966512646,0.180477235773431,15,2,0.468866123599104,0.166956340383746,0.34979087785903,26000,1.2
202,13,0.866666666666667,30,100,hold,0.265746187490233,0.0097196730363952,-0.00304117957295512,0.963837587420401,0.250326231421681,0.00045008490196115,0.00313213457458486,0.180477235773431,15,2,0.337971220497845,0.180112908191699,0.352927241280924,26000,1.2
203,13,0.866666666666667,30,100,hold,0.210691349248003,0.0121516459318949,0.0760529541442239,0.937521574893607,0.153396913782777,0.000258557973615779,0.00396157028479153,0.180477235773431,15,2,0.403536900019666,0.175501253625193,0.339958812528045,26000,1.2
204,13,0.866666666666667,30,100,hold,0.359495153802557,-0.0101149405200453,-0.000793637155355386,1.04240677778888,0.222868978330234,0.00102600679534542,0.00401918169475673,0.180477235773431,15,2,0.569875948904676,0.295522980126456,0.820764254551285,26000,1.2
205,13,0.866666666666667,30,100,hold,0.70015870254017,0.0132158690114284,0.0163154690664704,0.979534997810259,0.559409499365719,0.00027270379648605,0.00183444859512453,0.180477235773431,15,2,0.458208341729422,0.136402528266899,0.279431193797039,26000,1.2
206,13,0.866666666666667,30,100,hold,0.704274218716452,0.000329223344561884,-0.00223536941849781,0.999474359964305,0.61629884614597,0.000263564507984976,0.00179682768625816,0.180477235773431,15,2,0.433090241383261,0.220148190450399,0.656329503504403,26000,1.2
201,13,0.866666666666667,30,100,kalman,0.255017339343908,0.0234332071058938,0.0302776315691993,0.865806330591977,0.127518114386411,-0.000170995775368361,-0.000633235004313459,0.180477235773431,15,2,0.419697107697118,0.163059232907329,0.216831844067586,26000,1.2
202,13,0.866666666666667,30,100,kalman,0.265746187490233,0.0094452948175427,0.0176383530119523,0.964858422001549,0.25057622493267,0.000252095863521553,0.000763041301450181,0.180477235773431,15,2,0.300238165550268,0.161631162048697,0.212696041378104,26000,1.2
203,13,0.866666666666667,30,100,kalman,0.210691349248003,0.00716978153942657,0.0403889919414723,0.963136133043138,0.165252285569325,9.79811610321007e-05,0.00275477100944111,0.180477235773431,15,2,0.361795709082079,0.144617974856626,0.201645389258045,26000,1.2
204,13,0.866666666666667,30,100,kalman,0.359495153802557,0.00553396924802697,-0.0116045540257333,0.976798894296364,0.214272492582617,5.18433461182689e-05,-0.000177767708074441,0.180477235773431,15,2,0.512012263397054,0.183771891560176,0.383745352109207,26000,1.2
205,13,0.866666666666667,30,100,kalman,0.70015870254017,-0.012276601645206,-0.0159295349711152,1.01901053039603,0.628566310827691,0.000170775318057143,0.000576270712869668,0.180477235773431,15,2,0.413025642495081,0.141084368585626,0.226981381072823,26000,1.2
206,13,0.866666666666667,30,100,kalman,0.704274218716452,0.00717810976586456,0.0245618759683016,0.988539385387224,0.596974170081304,-0.000158973200525141,-0.000912450512959511,0.180477235773431,15,2,0.37940157317972,0.187627775917458,0.342425621596027,26000,1.2
201,13,0.866666666666667,30,100,kalman-gm,0.255017339343908,0.0162476480685067,0.0247253891742665,0.906955479729674,0.141810544662738,0.000297837123018649,0.00231859658023592,0.180477235773431,15,2,0.464746941248074,0.138395178422142,0.236786666424159,26000,1.2
202,13,0.866666666666667,30,100,kalman-gm,0.265746187490233,-0.00321617568688765,-0.0312765612809052,1.01196590375851,0.258878594694454,0.000547284755329098,0.00290396837875584,0.180477235773431,15,2,0.324820549538414,0.165242854319839,0.274038783829594,26000,1.2
203,13,0.866666666666667,30,100,kalman-gm,0.210691349248003,0.00610942851364671,0.0363940520607773,0.96858800248361,0.167553022819759,0.00014367824839721,0.00290527726874088,0.180477235773431,15,2,0.401043597007494,0.141457827280864,0.227842602690682,26000,1.2
204,13,0.866666666666667,30,100,kalman-gm,0.359495153802557,0.00250386851912,0.00616096308084985,0.989502558547678,0.218336803346405,0.000543679247509331,0.00275247851948227,0.180477235773431,15,2,0.570450569818907,0.218150411232843,0.552818721935213,26000,1.2
205,13,0.866666666666667,30,100,kalman-gm,0.70015870254017,0.00599400581950145,0.0131285496843121,0.99071817811486,0.577613446985475,3.48736215511722e-05,0.00079348551622882,0.180477235773431,15,2,0.459848804504933,0.11203593169336,0.201740216495735,26000,1.2
206,13,0.866666666666667,30,100,kalman-gm,0.704274218716452,0.00116487424467071,0.00731991756571004,0.9981401545496,0.612155157975901,0.00012381505376038,0.00125051120857025,0.180477235773431,15,2,0.428917982752875,0.166070928849581,0.36785792417024,26000,1.2
201,13,0.866666666666667,30,100,mean,0.255017339343908,0.0175591721272083,0.026034075248865,0.899444846415218,0.133689457045083,-1.21436689095608e-05,0.00040532329738049,0.180477235773431,15,2,0.462684918806581,0.163111111516288,0.218023969542775,26000,1.2
202,13,0.866666666666667,30,100,mean,0.265746187490233,0.00320314539382281,-0.00311295068657957,0.988082575941585,0.258901359145085,0.000313896708305869,0.00139962020315813,0.180477235773431,15,2,0.331529507788733,0.161501504586037,0.212259487542308,26000,1.2
203,13,0.866666666666667,30,100,mean,0.210691349248003,0.0005312629467756,-0.0101044286855957,0.997268479314,0.180161289129168,6.25403750226566e-05,0.000986513122786131,0.180477235773431,15,2,0.400524978608227,0.145030102098628,0.203098106572161,26000,1.2
204,13,0.866666666666667,30,100,mean,0.359495153802557,0.00486033878345233,-0.0215163014046384,0.979623082670623,0.211237363558051,0.000170979141068919,0.000161657438946562,0.180477235773431,15,2,0.568483397763786,0.183456557513089,0.38360721740543,26000,1.2
205,13,0.866666666666667,30,100,mean,0.70015870254017,-0.00935365114879425,0.00202317605957531,1.01448429089881,0.608798903683741,0.000201411022866003,0.000623074676639828,0.180477235773431,15,2,0.457033037828401,0.145614613259186,0.228264026731258,26000,1.2
206,13,0.866666666666667,30,100,mean,0.704274218716452,0.00931388625552845,0.0080888856886281,0.985129391385256,0.595640980532119,7.43980129389377e-05,0.00103673092300591,0.180477235773431,15,2,0.418490999504649,0.188895755146914,0.341812365871887,26000,1.2
201,13,0.866666666666667,30,100,none,0.255017339343908,0.00593820472706517,-0.00447148369445523,0.96599400677765,0.164575345905789,0.000202213042725896,0.00199329074044891,0.0240636314364575,2,2,0.743360700529275,NaN,NaN,0,1.2
202,13,0.866666666666667,30,100,none,0.265746187490233,-0.000582682727175739,-0.0308035790328043,1.00216789321042,0.259037503885779,0.00129811648481578,0.00687144860899043,0.0240636314364575,2,2,0.590741205256026,NaN,NaN,0,1.2
203,13,0.866666666666667,30,100,none,0.210691349248003,-0.028624002554944,0.0246617022831797,1.1471720464781,0.222016439306105,0.00135409389114406,0.00784898409243926,0.0240636314364575,2,2,0.550871982925368,NaN,NaN,0,1.2
204,13,0.866666666666667,30,100,none,0.359495153802557,0.0131977693567466,0.0604076745604043,0.944668495943077,0.224150345956785,0.00320062852225161,0.0146982929000369,0.0240636314364575,2,2,0.713400114986166,NaN,NaN,0,1.2
205,13,0.866666666666667,30,100,none,0.70015870254017,-0.0199768588495741,-0.119312250370277,1.03093451211927,0.665108782206202,0.000895723435969238,0.00687674508600913,0.0240636314364575,2,2,0.779157404104286,NaN,NaN,0,NaN
206,13,0.866666666666667,30,100,none,0.704274218716452,-0.0131675914476259,-0.0166982515841345,1.02102345824765,0.639230901533117,0.00052404240444672,0.00179602698527721,0.0240636314364575,2,2,0.642458422071885,NaN,NaN,0,1.2
