canonical_config_id,canonical_run_id,canonical_strength,canonical_policy,k,seed,source_commit,source_csv_line,experiment,strengthMode,selectionPolicy,is_representative,alias_reason,raw_path,raw_sha256,raw_bytes,source_archive,archive_member,representative_raw_path
C09,C09-S001,original,random,2,1,0036487818d891c23d357f7af49030f323f4c9af,2,E1_strength_policy,original,random,1,representative,reviews/sq1-whq-update-0036487/raw/E1_strength_policy_original_random_k2_seed1.mat,a48d6966a1268d1dce5da79180286dda95625d03f576116f7d3a4664f84cf911,369952,effective-social-input/run_B_1_04_raw_02_part_01.zip,E1_strength_policy_original_random_k2_seed1.mat,reviews/sq1-whq-update-0036487/raw/E1_strength_policy_original_random_k2_seed1.mat
C09,C09-S002,original,random,2,2,0036487818d891c23d357f7af49030f323f4c9af,3,E1_strength_policy,original,random,1,representative,reviews/sq1-whq-update-0036487/raw/E1_strength_policy_original_random_k2_seed2.mat,26515fbe356a07a6ee682f356250b46c134edc472d569d8011a8cd57ff923998,367727,effective-social-input/run_B_1_04_raw_02_part_01.zip,E1_strength_policy_original_random_k2_seed2.mat,reviews/sq1-whq-update-0036487/raw/E1_strength_policy_original_random_k2_seed2.mat
C09,C09-S003,original,random,2,3,0036487818d891c23d357f7af49030f323f4c9af,4,E1_strength_policy,original,random,1,representative,reviews/sq1-whq-update-0036487/raw/E1_strength_policy_original_random_k2_seed3.mat,4e8f2a538cc6babe6e0e9b04a79f3b02ecdb4508c925b052129b6fe5e8f17f90,364657,effective-social-input/run_B_1_04_raw_02_part_01.zip,E1_strength_policy_original_random_k2_seed3.mat,reviews/sq1-whq-update-0036487/raw/E1_strength_policy_original_random_k2_seed3.mat
C09,C09-S004,original,random,2,4,0036487818d891c23d357f7af49030f323f4c9af,5,E1_strength_policy,original,random,1,representative,reviews/sq1-whq-update-0036487/raw/E1_strength_policy_original_random_k2_seed4.mat,0f87e8c320b0c643dc5a26e88faefa51f1db12e78b70a1c6330f2e72a7790b43,364502,effective-social-input/run_B_1_04_raw_02_part_01.zip,E1_strength_policy_original_random_k2_seed4.mat,reviews/sq1-whq-update-0036487/raw/E1_strength_policy_original_random_k2_seed4.mat
C09,C09-S005,original,random,2,5,0036487818d891c23d357f7af49030f323f4c9af,6,E1_strength_policy,original,random,1,representative,reviews/sq1-whq-update-0036487/raw/E1_strength_policy_original_random_k2_seed5.mat,aec9495037506dfbdabf01f477994fcd3baa1205dcf53365a7af874a2aa68f94,365165,effective-social-input/run_B_1_04_raw_02_part_01.zip,E1_strength_policy_original_random_k2_seed5.mat,reviews/sq1-whq-update-0036487/raw/E1_strength_policy_original_random_k2_seed5.mat
C09,C09-S006,original,random,2,6,0036487818d891c23d357f7af49030f323f4c9af,7,E1_strength_policy,original,random,1,representative,reviews/sq1-whq-update-0036487/raw/E1_strength_policy_original_random_k2_seed6.mat,95cf7c0d3a05b213c4bafe7fa592588a12a1947e5f0cc05098b7124eb8739620,364708,effective-social-input/run_B_1_04_raw_02_part_01.zip,E1_strength_policy_original_random_k2_seed6.mat,reviews/sq1-whq-update-0036487/raw/E1_strength_policy_original_random_k2_seed6.mat
C09,C09-S007,original,random,2,7,0036487818d891c23d357f7af49030f323f4c9af,8,E1_strength_policy,original,random,1,representative,reviews/sq1-whq-update-0036487/raw/E1_strength_policy_original_random_k2_seed7.mat,8bca08cea36489bda788afa6c7feedc7e2c125ded3cd64e492f09fb7f3a397f4,364484,effective-social-input/run_B_1_04_raw_02_part_01.zip,E1_strength_policy_original_random_k2_seed7.mat,reviews/sq1-whq-update-0036487/raw/E1_strength_policy_original_random_k2_seed7.mat
C09,C09-S008,original,random,2,8,0036487818d891c23d357f7af49030f323f4c9af,9,E1_strength_policy,original,random,1,representative,reviews/sq1-whq-update-0036487/raw/E1_strength_policy_original_random_k2_seed8.mat,cbd3037df1ec99292646655a1ef3b0923ca9e3e381c7f4b16436d5bbc2a2cbf5,366068,effective-social-input/run_B_1_04_raw_02_part_01.zip,E1_strength_policy_original_random_k2_seed8.mat,reviews/sq1-whq-update-0036487/raw/E1_strength_policy_original_random_k2_seed8.mat
C09,C09-S009,original,random,2,9,0036487818d891c23d357f7af49030f323f4c9af,10,E1_strength_policy,original,random,1,representative,reviews/sq1-whq-update-0036487/raw/E1_strength_policy_original_random_k2_seed9.mat,08c5914476eeffa65478c01e6f855f16e5104ae088df8bcccd343af2a08cce45,364162,effective-social-input/run_B_1_04_raw_02_part_01.zip,E1_strength_policy_original_random_k2_seed9.mat,reviews/sq1-whq-update-0036487/raw/E1_strength_policy_original_random_k2_seed9.mat
C09,C09-S010,original,random,2,10,0036487818d891c23d357f7af49030f323f4c9af,11,E1_strength_policy,original,random,1,representative,reviews/sq1-whq-update-0036487/raw/E1_strength_policy_original_random_k2_seed10.mat,5ebc0cfd36a7685d2ee75b5ecdeff6e186504e756feaa4a476d8b058f4b29003,365115,effective-social-input/run_B_1_04_raw_02_part_01.zip,E1_strength_policy_original_random_k2_seed10.mat,reviews/sq1-whq-update-0036487/raw/E1_strength_policy_original_random_k2_seed10.mat
C09,C09-S011,original,random,2,11,0036487818d891c23d357f7af49030f323f4c9af,12,E1_strength_policy,original,random,1,representative,reviews/sq1-whq-update-0036487/raw/E1_strength_policy_original_random_k2_seed11.mat,41af90d28138f1af95f3957fe9e997302c397995f2d1b89c7263a3feac02acdd,366268,effective-social-input/run_B_1_04_raw_02_part_01.zip,E1_strength_policy_original_random_k2_seed11.mat,reviews/sq1-whq-update-0036487/raw/E1_strength_policy_original_random_k2_seed11.mat
C09,C09-S012,original,random,2,12,0036487818d891c23d357f7af49030f323f4c9af,13,E1_strength_policy,original,random,1,representative,reviews/sq1-whq-update-0036487/raw/E1_strength_policy_original_random_k2_seed12.mat,4f14bbc8c63ccee01ce779f27f32a14334ef6e87101ee95da3930279dca61ca7,364928,effective-social-input/run_B_1_04_raw_02_part_01.zip,E1_strength_policy_original_random_k2_seed12.mat,reviews/sq1-whq-update-0036487/raw/E1_strength_policy_original_random_k2_seed12.mat
C09,C09-S013,original,random,2,13,0036487818d891c23d357f7af49030f323f4c9af,14,E1_strength_policy,original,random,1,representative,reviews/sq1-whq-update-0036487/raw/E1_strength_policy_original_random_k2_seed13.mat,3ddea2374c53ae3f51c0db204a093a5121e30a821f8a9e9982c59df0d1a18098,364905,effective-social-input/run_B_1_04_raw_02_part_01.zip,E1_strength_policy_original_random_k2_seed13.mat,reviews/sq1-whq-update-0036487/raw/E1_strength_policy_original_random_k2_seed13.mat
C09,C09-S014,original,random,2,14,0036487818d891c23d357f7af49030f323f4c9af,15,E1_strength_policy,original,random,1,representative,reviews/sq1-whq-update-0036487/raw/E1_strength_policy_original_random_k2_seed14.mat,7872f05d054ffefaf217b380a97cc1cbf7ca314d86c51e8a721a1fbdd45d5f50,364576,effective-social-input/run_B_1_04_raw_02_part_01.zip,E1_strength_policy_original_random_k2_seed14.mat,reviews/sq1-whq-update-0036487/raw/E1_strength_policy_original_random_k2_seed14.mat
C09,C09-S015,original,random,2,15,0036487818d891c23d357f7af49030f323f4c9af,16,E1_strength_policy,original,random,1,representative,reviews/sq1-whq-update-0036487/raw/E1_strength_policy_original_random_k2_seed15.mat,2450ab5ca3ac8d2c7dd3d2b80c3a24607988612343eed875dab6d62d128ac60c,366257,effective-social-input/run_B_1_04_raw_02_part_01.zip,E1_strength_policy_original_random_k2_seed15.mat,reviews/sq1-whq-update-0036487/raw/E1_strength_policy_original_random_k2_seed15.mat
C09,C09-S016,original,random,2,16,0036487818d891c23d357f7af49030f323f4c9af,17,E1_strength_policy,original,random,1,representative,reviews/sq1-whq-update-0036487/raw/E1_strength_policy_original_random_k2_seed16.mat,b0afcc9dd53aca9efa18c64eb48795192bbe5068057c5338009d98d5e9b346ad,367282,effective-social-input/run_B_1_04_raw_02_part_01.zip,E1_strength_policy_original_random_k2_seed16.mat,reviews/sq1-whq-update-0036487/raw/E1_strength_policy_original_random_k2_seed16.mat
C09,C09-S017,original,random,2,17,0036487818d891c23d357f7af49030f323f4c9af,18,E1_strength_policy,original,random,1,representative,reviews/sq1-whq-update-0036487/raw/E1_strength_policy_original_random_k2_seed17.mat,cba2378e426aea51e67f069f4563b83249f618e7135a22ee460a3ad8170b7fbd,367336,effective-social-input/run_B_1_04_raw_02_part_01.zip,E1_strength_policy_original_random_k2_seed17.mat,reviews/sq1-whq-update-0036487/raw/E1_strength_policy_original_random_k2_seed17.mat
C09,C09-S018,original,random,2,18,0036487818d891c23d357f7af49030f323f4c9af,19,E1_strength_policy,original,random,1,representative,reviews/sq1-whq-update-0036487/raw/E1_strength_policy_original_random_k2_seed18.mat,8fff517da5a0ae36cc40e8d92dd7ad3d50ac23913c852272d24ead2ee6d7ecfd,366809,effective-social-input/run_B_1_04_raw_02_part_01.zip,E1_strength_policy_original_random_k2_seed18.mat,reviews/sq1-whq-update-0036487/raw/E1_strength_policy_original_random_k2_seed18.mat
C09,C09-S019,original,random,2,19,0036487818d891c23d357f7af49030f323f4c9af,20,E1_strength_policy,original,random,1,representative,reviews/sq1-whq-update-0036487/raw/E1_strength_policy_original_random_k2_seed19.mat,34c3f4be8529e1394b3943b527700d84d95e5e5f711726383ddbbccff6c0d890,363269,effective-social-input/run_B_1_04_raw_02_part_01.zip,E1_strength_policy_original_random_k2_seed19.mat,reviews/sq1-whq-update-0036487/raw/E1_strength_policy_original_random_k2_seed19.mat
C09,C09-S020,original,random,2,20,0036487818d891c23d357f7af49030f323f4c9af,21,E1_strength_policy,original,random,1,representative,reviews/sq1-whq-update-0036487/raw/E1_strength_policy_original_random_k2_seed20.mat,d6422ca0706d8b5d63e8c81d97205d517481976897da4577762d4f99bc5c5758,366516,effective-social-input/run_B_1_04_raw_02_part_01.zip,E1_strength_policy_original_random_k2_seed20.mat,reviews/sq1-whq-update-0036487/raw/E1_strength_policy_original_random_k2_seed20.mat
C11,C11-S001,original,random,8,1,0036487818d891c23d357f7af49030f323f4c9af,22,E1_strength_policy,original,random,1,representative,reviews/sq1-whq-update-0036487/raw/E1_strength_policy_original_random_k8_seed1.mat,ddc04448558f7be636b1f23abafb708053243fede3766ea83746dfbb68a2a53d,542720,effective-social-input/run_B_1_04_raw_02_part_02.zip,E1_strength_policy_original_random_k8_seed1.mat,reviews/sq1-whq-update-0036487/raw/E1_strength_policy_original_random_k8_seed1.mat
C11,C11-S002,original,random,8,2,0036487818d891c23d357f7af49030f323f4c9af,23,E1_strength_policy,original,random,1,representative,reviews/sq1-whq-update-0036487/raw/E1_strength_policy_original_random_k8_seed2.mat,b3b523e1a00d147bfd62efd9f52927fa08210ddbb27694d82157cae6471c6d7f,542275,effective-social-input/run_B_1_04_raw_02_part_02.zip,E1_strength_policy_original_random_k8_seed2.mat,reviews/sq1-whq-update-0036487/raw/E1_strength_policy_original_random_k8_seed2.mat
C11,C11-S003,original,random,8,3,0036487818d891c23d357f7af49030f323f4c9af,24,E1_strength_policy,original,random,1,representative,reviews/sq1-whq-update-0036487/raw/E1_strength_policy_original_random_k8_seed3.mat,c6565485823062f23f901f1487319c02b712874ca29819b2e95d7d35392245dc,531864,effective-social-input/run_B_1_04_raw_02_part_02.zip,E1_strength_policy_original_random_k8_seed3.mat,reviews/sq1-whq-update-0036487/raw/E1_strength_policy_original_random_k8_seed3.mat
C11,C11-S004,original,random,8,4,0036487818d891c23d357f7af49030f323f4c9af,25,E1_strength_policy,original,random,1,representative,reviews/sq1-whq-update-0036487/raw/E1_strength_policy_original_random_k8_seed4.mat,7c8e30b3f9bc06053ed728d3713095e8c916313188f35d0d98431c04f782fba6,546691,effective-social-input/run_B_1_04_raw_02_part_02.zip,E1_strength_policy_original_random_k8_seed4.mat,reviews/sq1-whq-update-0036487/raw/E1_strength_policy_original_random_k8_seed4.mat
C11,C11-S005,original,random,8,5,0036487818d891c23d357f7af49030f323f4c9af,26,E1_strength_policy,original,random,1,representative,reviews/sq1-whq-update-0036487/raw/E1_strength_policy_original_random_k8_seed5.mat,95d32643661dc1318efc591a483d26098d0a16abd693a3f0bf7feb38cc311bcc,537027,effective-social-input/run_B_1_04_raw_02_part_02.zip,E1_strength_policy_original_random_k8_seed5.mat,reviews/sq1-whq-update-0036487/raw/E1_strength_policy_original_random_k8_seed5.mat
C11,C11-S006,original,random,8,6,0036487818d891c23d357f7af49030f323f4c9af,27,E1_strength_policy,original,random,1,representative,reviews/sq1-whq-update-0036487/raw/E1_strength_policy_original_random_k8_seed6.mat,2c24701745694c579e578733dacd1cdf6bc4f3b95708c206fe3162db723b7401,524450,effective-social-input/run_B_1_04_raw_02_part_02.zip,E1_strength_policy_original_random_k8_seed6.mat,reviews/sq1-whq-update-0036487/raw/E1_strength_policy_original_random_k8_seed6.mat
C11,C11-S007,original,random,8,7,0036487818d891c23d357f7af49030f323f4c9af,28,E1_strength_policy,original,random,1,representative,reviews/sq1-whq-update-0036487/raw/E1_strength_policy_original_random_k8_seed7.mat,5f819f250fa07b69e37813baabb6c817152009c1d53bac4833098d76263adcdf,546343,effective-social-input/run_B_1_04_raw_02_part_02.zip,E1_strength_policy_original_random_k8_seed7.mat,reviews/sq1-whq-update-0036487/raw/E1_strength_policy_original_random_k8_seed7.mat
C11,C11-S008,original,random,8,8,0036487818d891c23d357f7af49030f323f4c9af,29,E1_strength_policy,original,random,1,representative,reviews/sq1-whq-update-0036487/raw/E1_strength_policy_original_random_k8_seed8.mat,81d2875973c1397378a732da62dfd73e3ecf73ee9e837aa324449f8bf75237a0,548150,effective-social-input/run_B_1_04_raw_02_part_02.zip,E1_strength_policy_original_random_k8_seed8.mat,reviews/sq1-whq-update-0036487/raw/E1_strength_policy_original_random_k8_seed8.mat
C11,C11-S009,original,random,8,9,0036487818d891c23d357f7af49030f323f4c9af,30,E1_strength_policy,original,random,1,representative,reviews/sq1-whq-update-0036487/raw/E1_strength_policy_original_random_k8_seed9.mat,2008465988401ff909be47aa06c7bd17e8a09e98a701bdebe50cb46cf13f22f7,546307,effective-social-input/run_B_1_04_raw_02_part_02.zip,E1_strength_policy_original_random_k8_seed9.mat,reviews/sq1-whq-update-0036487/raw/E1_strength_policy_original_random_k8_seed9.mat
C11,C11-S010,original,random,8,10,0036487818d891c23d357f7af49030f323f4c9af,31,E1_strength_policy,original,random,1,representative,reviews/sq1-whq-update-0036487/raw/E1_strength_policy_original_random_k8_seed10.mat,00b007f118eb540ff2a4f5a1d2e7c8b1f0d9cd9164109caa59f734dbd7e8284b,547746,effective-social-input/run_B_1_04_raw_02_part_02.zip,E1_strength_policy_original_random_k8_seed10.mat,reviews/sq1-whq-update-0036487/raw/E1_strength_policy_original_random_k8_seed10.mat
C11,C11-S011,original,random,8,11,0036487818d891c23d357f7af49030f323f4c9af,32,E1_strength_policy,original,random,1,representative,reviews/sq1-whq-update-0036487/raw/E1_strength_policy_original_random_k8_seed11.mat,bd652b514dcc80679c497e74eb2baf278dcefb3c0b0313a71b0d9596adc7ae95,558524,effective-social-input/run_B_1_04_raw_02_part_02.zip,E1_strength_policy_original_random_k8_seed11.mat,reviews/sq1-whq-update-0036487/raw/E1_strength_policy_original_random_k8_seed11.mat
C11,C11-S012,original,random,8,12,0036487818d891c23d357f7af49030f323f4c9af,33,E1_strength_policy,original,random,1,representative,reviews/sq1-whq-update-0036487/raw/E1_strength_policy_original_random_k8_seed12.mat,105471b10cd29da3024e16f30ba5e843f8d5e4a24ae82f8c9ffcb9c8cb1cc11f,545984,effective-social-input/run_B_1_04_raw_02_part_02.zip,E1_strength_policy_original_random_k8_seed12.mat,reviews/sq1-whq-update-0036487/raw/E1_strength_policy_original_random_k8_seed12.mat
C11,C11-S013,original,random,8,13,0036487818d891c23d357f7af49030f323f4c9af,34,E1_strength_policy,original,random,1,representative,reviews/sq1-whq-update-0036487/raw/E1_strength_policy_original_random_k8_seed13.mat,ed0132219633b974ea6a3b0580c3f75e84f28001390974002f74127868fb97b1,534606,effective-social-input/run_B_1_04_raw_02_part_02.zip,E1_strength_policy_original_random_k8_seed13.mat,reviews/sq1-whq-update-0036487/raw/E1_strength_policy_original_random_k8_seed13.mat
C11,C11-S014,original,random,8,14,0036487818d891c23d357f7af49030f323f4c9af,35,E1_strength_policy,original,random,1,representative,reviews/sq1-whq-update-0036487/raw/E1_strength_policy_original_random_k8_seed14.mat,7934fd60466e8f094a5d5ceebb8a974f3cf68bf0ad8e8835385bdd3f1d4b9969,541480,effective-social-input/run_B_1_04_raw_02_part_02.zip,E1_strength_policy_original_random_k8_seed14.mat,reviews/sq1-whq-update-0036487/raw/E1_strength_policy_original_random_k8_seed14.mat
C11,C11-S015,original,random,8,15,0036487818d891c23d357f7af49030f323f4c9af,36,E1_strength_policy,original,random,1,representative,reviews/sq1-whq-update-0036487/raw/E1_strength_policy_original_random_k8_seed15.mat,b36f090b91ea317c876b94d1ab61c091a74cb18043730b9c2cf4bdbf996a698a,549055,effective-social-input/run_B_1_04_raw_02_part_02.zip,E1_strength_policy_original_random_k8_seed15.mat,reviews/sq1-whq-update-0036487/raw/E1_strength_policy_original_random_k8_seed15.mat
C11,C11-S016,original,random,8,16,0036487818d891c23d357f7af49030f323f4c9af,37,E1_strength_policy,original,random,1,representative,reviews/sq1-whq-update-0036487/raw/E1_strength_policy_original_random_k8_seed16.mat,7a769976401ffd7f7752d34a5df4f22b36a45a85a72e0078c3707481bbd42af6,539001,effective-social-input/run_B_1_04_raw_02_part_02.zip,E1_strength_policy_original_random_k8_seed16.mat,reviews/sq1-whq-update-0036487/raw/E1_strength_policy_original_random_k8_seed16.mat
C11,C11-S017,original,random,8,17,0036487818d891c23d357f7af49030f323f4c9af,38,E1_strength_policy,original,random,1,representative,reviews/sq1-whq-update-0036487/raw/E1_strength_policy_original_random_k8_seed17.mat,8dbc551ed1d41f2c792790e44d4d8988778adda1f02e5277f4a2cb30f203f894,546159,effective-social-input/run_B_1_04_raw_02_part_02.zip,E1_strength_policy_original_random_k8_seed17.mat,reviews/sq1-whq-update-0036487/raw/E1_strength_policy_original_random_k8_seed17.mat
C11,C11-S018,original,random,8,18,0036487818d891c23d357f7af49030f323f4c9af,39,E1_strength_policy,original,random,1,representative,reviews/sq1-whq-update-0036487/raw/E1_strength_policy_original_random_k8_seed18.mat,d5a9de3bce29ae9fe5b30093d930890bd0a6c807422aed7a3d406aa7325cd6a9,541885,effective-social-input/run_B_1_04_raw_02_part_02.zip,E1_strength_policy_original_random_k8_seed18.mat,reviews/sq1-whq-update-0036487/raw/E1_strength_policy_original_random_k8_seed18.mat
C11,C11-S019,original,random,8,19,0036487818d891c23d357f7af49030f323f4c9af,40,E1_strength_policy,original,random,1,representative,reviews/sq1-whq-update-0036487/raw/E1_strength_policy_original_random_k8_seed19.mat,c77fff0111fd2dbe384b6726837c4d3e466ba50bed955c0e2a12827424d2753e,561343,effective-social-input/run_B_1_04_raw_02_part_02.zip,E1_strength_policy_original_random_k8_seed19.mat,reviews/sq1-whq-update-0036487/raw/E1_strength_policy_original_random_k8_seed19.mat
C11,C11-S020,original,random,8,20,0036487818d891c23d357f7af49030f323f4c9af,41,E1_strength_policy,original,random,1,representative,reviews/sq1-whq-update-0036487/raw/E1_strength_policy_original_random_k8_seed20.mat,808dd6076ecdcf40b629395a2c4f78698b9fc2d19de014d9d63ac7d437b6780c,546298,effective-social-input/run_B_1_04_raw_02_part_02.zip,E1_strength_policy_original_random_k8_seed20.mat,reviews/sq1-whq-update-0036487/raw/E1_strength_policy_original_random_k8_seed20.mat
C08,C08-S001,full-equivalent,all,19,1,0036487818d891c23d357f7af49030f323f4c9af,42,E1_strength_policy,original,random,1,representative,reviews/sq1-whq-update-0036487/raw/E1_strength_policy_original_random_k19_seed1.mat,1ae760218efbe3c7e1b29ac79a5b0bbd858f6bef22656111cd6b06f89d6b4fcc,579019,effective-social-input/run_B_1_04_raw_01_part_04.zip,E1_strength_policy_original_random_k19_seed1.mat,reviews/sq1-whq-update-0036487/raw/E1_strength_policy_original_random_k19_seed1.mat
C08,C08-S002,full-equivalent,all,19,2,0036487818d891c23d357f7af49030f323f4c9af,43,E1_strength_policy,original,random,1,representative,reviews/sq1-whq-update-0036487/raw/E1_strength_policy_original_random_k19_seed2.mat,5b31be490158b9e8beeb0b4a52bf46e19af195ba9f8e6e3375375b67b5c827e0,578768,effective-social-input/run_B_1_04_raw_01_part_04.zip,E1_strength_policy_original_random_k19_seed2.mat,reviews/sq1-whq-update-0036487/raw/E1_strength_policy_original_random_k19_seed2.mat
C08,C08-S003,full-equivalent,all,19,3,0036487818d891c23d357f7af49030f323f4c9af,44,E1_strength_policy,original,random,1,representative,reviews/sq1-whq-update-0036487/raw/E1_strength_policy_original_random_k19_seed3.mat,6fd5999a9bd38755300ee38347cc3b89ed57a81a1d6c1342075b94690aeb6099,574875,effective-social-input/run_B_1_04_raw_01_part_04.zip,E1_strength_policy_original_random_k19_seed3.mat,reviews/sq1-whq-update-0036487/raw/E1_strength_policy_original_random_k19_seed3.mat
C08,C08-S004,full-equivalent,all,19,4,0036487818d891c23d357f7af49030f323f4c9af,45,E1_strength_policy,original,random,1,representative,reviews/sq1-whq-update-0036487/raw/E1_strength_policy_original_random_k19_seed4.mat,fd01dabe914e1416a6b506b6cc3939df1fd58e02147c7548b5a9929411bb81b7,580995,effective-social-input/run_B_1_04_raw_01_part_04.zip,E1_strength_policy_original_random_k19_seed4.mat,reviews/sq1-whq-update-0036487/raw/E1_strength_policy_original_random_k19_seed4.mat
C08,C08-S005,full-equivalent,all,19,5,0036487818d891c23d357f7af49030f323f4c9af,46,E1_strength_policy,original,random,1,representative,reviews/sq1-whq-update-0036487/raw/E1_strength_policy_original_random_k19_seed5.mat,338fdb63c75685c1c54534a7983ff306f4b236f946998695049b05199590845f,580587,effective-social-input/run_B_1_04_raw_01_part_04.zip,E1_strength_policy_original_random_k19_seed5.mat,reviews/sq1-whq-update-0036487/raw/E1_strength_policy_original_random_k19_seed5.mat
C08,C08-S006,full-equivalent,all,19,6,0036487818d891c23d357f7af49030f323f4c9af,47,E1_strength_policy,original,random,1,representative,reviews/sq1-whq-update-0036487/raw/E1_strength_policy_original_random_k19_seed6.mat,5a943656458a5cfab65af1ac7f96f67f978ae1ac243531b51115214c29040e05,573247,effective-social-input/run_B_1_04_raw_01_part_04.zip,E1_strength_policy_original_random_k19_seed6.mat,reviews/sq1-whq-update-0036487/raw/E1_strength_policy_original_random_k19_seed6.mat
C08,C08-S007,full-equivalent,all,19,7,0036487818d891c23d357f7af49030f323f4c9af,48,E1_strength_policy,original,random,1,representative,reviews/sq1-whq-update-0036487/raw/E1_strength_policy_original_random_k19_seed7.mat,910a571819fec594ac38a05016148c3301e7f8ffc3afd05a69fa14fcb2fa5ffc,574466,effective-social-input/run_B_1_04_raw_01_part_04.zip,E1_strength_policy_original_random_k19_seed7.mat,reviews/sq1-whq-update-0036487/raw/E1_strength_policy_original_random_k19_seed7.mat
C08,C08-S008,full-equivalent,all,19,8,0036487818d891c23d357f7af49030f323f4c9af,49,E1_strength_policy,original,random,1,representative,reviews/sq1-whq-update-0036487/raw/E1_strength_policy_original_random_k19_seed8.mat,f06e15740abf23cd341a6c95af51f6f2a6852a6ee535450b425bdc613026404c,578814,effective-social-input/run_B_1_04_raw_01_part_04.zip,E1_strength_policy_original_random_k19_seed8.mat,reviews/sq1-whq-update-0036487/raw/E1_strength_policy_original_random_k19_seed8.mat
C08,C08-S009,full-equivalent,all,19,9,0036487818d891c23d357f7af49030f323f4c9af,50,E1_strength_policy,original,random,1,representative,reviews/sq1-whq-update-0036487/raw/E1_strength_policy_original_random_k19_seed9.mat,c214e793c6ce7f61c1a26538e93c97cf7595bdd75c3e1869d2ceec87ad6824f6,582211,effective-social-input/run_B_1_04_raw_01_part_04.zip,E1_strength_policy_original_random_k19_seed9.mat,reviews/sq1-whq-update-0036487/raw/E1_strength_policy_original_random_k19_seed9.mat
C08,C08-S010,full-equivalent,all,19,10,0036487818d891c23d357f7af49030f323f4c9af,51,E1_strength_policy,original,random,1,representative,reviews/sq1-whq-update-0036487/raw/E1_strength_policy_original_random_k19_seed10.mat,d4f400b5498c1141dbc22b0e047814ae7e17362e4fc5b9c6fdc9d05d72ce4c89,581489,effective-social-input/run_B_1_04_raw_01_part_04.zip,E1_strength_policy_original_random_k19_seed10.mat,reviews/sq1-whq-update-0036487/raw/E1_strength_policy_original_random_k19_seed10.mat
C08,C08-S011,full-equivalent,all,19,11,0036487818d891c23d357f7af49030f323f4c9af,52,E1_strength_policy,original,random,1,representative,reviews/sq1-whq-update-0036487/raw/E1_strength_policy_original_random_k19_seed11.mat,e8bc058b5ab8aed9855181eb9c34544ce342948de3e511bf7e4f5fd11dde4fe5,577433,effective-social-input/run_B_1_04_raw_01_part_04.zip,E1_strength_policy_original_random_k19_seed11.mat,reviews/sq1-whq-update-0036487/raw/E1_strength_policy_original_random_k19_seed11.mat
C08,C08-S012,full-equivalent,all,19,12,0036487818d891c23d357f7af49030f323f4c9af,53,E1_strength_policy,original,random,1,representative,reviews/sq1-whq-update-0036487/raw/E1_strength_policy_original_random_k19_seed12.mat,b5149c09cd56b85461ee92fbec0f0091d5771e30dbf191256d962ceb20bfedfc,575811,effective-social-input/run_B_1_04_raw_01_part_04.zip,E1_strength_policy_original_random_k19_seed12.mat,reviews/sq1-whq-update-0036487/raw/E1_strength_policy_original_random_k19_seed12.mat
C08,C08-S013,full-equivalent,all,19,13,0036487818d891c23d357f7af49030f323f4c9af,54,E1_strength_policy,original,random,1,representative,reviews/sq1-whq-update-0036487/raw/E1_strength_policy_original_random_k19_seed13.mat,68ca7b3fcce21a4b4c1db00b7cf452e9906dea4ba190f0491b539b3f46973e0c,575927,effective-social-input/run_B_1_04_raw_01_part_04.zip,E1_strength_policy_original_random_k19_seed13.mat,reviews/sq1-whq-update-0036487/raw/E1_strength_policy_original_random_k19_seed13.mat
C08,C08-S014,full-equivalent,all,19,14,0036487818d891c23d357f7af49030f323f4c9af,55,E1_strength_policy,original,random,1,representative,reviews/sq1-whq-update-0036487/raw/E1_strength_policy_original_random_k19_seed14.mat,eae3b4e8b4a99b9756c609ac7d95813a1a5e1104d75cb2f733d4e4840f77ac0e,582068,effective-social-input/run_B_1_04_raw_01_part_04.zip,E1_strength_policy_original_random_k19_seed14.mat,reviews/sq1-whq-update-0036487/raw/E1_strength_policy_original_random_k19_seed14.mat
C08,C08-S015,full-equivalent,all,19,15,0036487818d891c23d357f7af49030f323f4c9af,56,E1_strength_policy,original,random,1,representative,reviews/sq1-whq-update-0036487/raw/E1_strength_policy_original_random_k19_seed15.mat,3306e339abdab44f1d38e14763dcbaa0c83f07f3af627a41e2f9606dd17f4b9d,578661,effective-social-input/run_B_1_04_raw_01_part_04.zip,E1_strength_policy_original_random_k19_seed15.mat,reviews/sq1-whq-update-0036487/raw/E1_strength_policy_original_random_k19_seed15.mat
C08,C08-S016,full-equivalent,all,19,16,0036487818d891c23d357f7af49030f323f4c9af,57,E1_strength_policy,original,random,1,representative,reviews/sq1-whq-update-0036487/raw/E1_strength_policy_original_random_k19_seed16.mat,7d646ed31be5a2936faa91762da42f5e1ce9cd046a3310ea4a3602ced5bf68ba,572907,effective-social-input/run_B_1_04_raw_01_part_04.zip,E1_strength_policy_original_random_k19_seed16.mat,reviews/sq1-whq-update-0036487/raw/E1_strength_policy_original_random_k19_seed16.mat
C08,C08-S017,full-equivalent,all,19,17,0036487818d891c23d357f7af49030f323f4c9af,58,E1_strength_policy,original,random,1,representative,reviews/sq1-whq-update-0036487/raw/E1_strength_policy_original_random_k19_seed17.mat,a251836e6e82bf1afadaf4c8b40308e98be6a856c59fb76808a716ee104eb243,577123,effective-social-input/run_B_1_04_raw_01_part_04.zip,E1_strength_policy_original_random_k19_seed17.mat,reviews/sq1-whq-update-0036487/raw/E1_strength_policy_original_random_k19_seed17.mat
C08,C08-S018,full-equivalent,all,19,18,0036487818d891c23d357f7af49030f323f4c9af,59,E1_strength_policy,original,random,1,representative,reviews/sq1-whq-update-0036487/raw/E1_strength_policy_original_random_k19_seed18.mat,8c72c3ee76dc4149d2808473810023e0ed9e19855a50e99f8632e9eccd7f269c,579781,effective-social-input/run_B_1_04_raw_01_part_04.zip,E1_strength_policy_original_random_k19_seed18.mat,reviews/sq1-whq-update-0036487/raw/E1_strength_policy_original_random_k19_seed18.mat
C08,C08-S019,full-equivalent,all,19,19,0036487818d891c23d357f7af49030f323f4c9af,60,E1_strength_policy,original,random,1,representative,reviews/sq1-whq-update-0036487/raw/E1_strength_policy_original_random_k19_seed19.mat,67ec14c6990971d34e8b8064cd46292371632a957b95b6c0fcc880cc80466fe4,583519,effective-social-input/run_B_1_04_raw_01_part_04.zip,E1_strength_policy_original_random_k19_seed19.mat,reviews/sq1-whq-update-0036487/raw/E1_strength_policy_original_random_k19_seed19.mat
C08,C08-S020,full-equivalent,all,19,20,0036487818d891c23d357f7af49030f323f4c9af,61,E1_strength_policy,original,random,1,representative,reviews/sq1-whq-update-0036487/raw/E1_strength_policy_original_random_k19_seed20.mat,9c89bd7486a1277a4267a699a9878865c90c851a1e5d672ea7dd66320d86db78,578617,effective-social-input/run_B_1_04_raw_01_part_04.zip,E1_strength_policy_original_random_k19_seed20.mat,reviews/sq1-whq-update-0036487/raw/E1_strength_policy_original_random_k19_seed20.mat
C04,C04-S001,fixed-total,random,2,1,0036487818d891c23d357f7af49030f323f4c9af,62,E1_strength_policy,fixed-total,random,1,representative,reviews/sq1-whq-update-0036487/raw/E1_strength_policy_fixed-total_random_k2_seed1.mat,982cdf5de196493864bf67c7a811abe62e4031560540364740e7f947d5579c1d,596532,effective-social-input/run_B_1_04_raw_01_part_02.zip,E1_strength_policy_fixed-total_random_k2_seed1.mat,reviews/sq1-whq-update-0036487/raw/E1_strength_policy_fixed-total_random_k2_seed1.mat
C04,C04-S002,fixed-total,random,2,2,0036487818d891c23d357f7af49030f323f4c9af,63,E1_strength_policy,fixed-total,random,1,representative,reviews/sq1-whq-update-0036487/raw/E1_strength_policy_fixed-total_random_k2_seed2.mat,d557aea3e1c00012d84080017ff1af902574c7506e44a59b73ab23bf3ecab68f,597265,effective-social-input/run_B_1_04_raw_01_part_02.zip,E1_strength_policy_fixed-total_random_k2_seed2.mat,reviews/sq1-whq-update-0036487/raw/E1_strength_policy_fixed-total_random_k2_seed2.mat
C04,C04-S003,fixed-total,random,2,3,0036487818d891c23d357f7af49030f323f4c9af,64,E1_strength_policy,fixed-total,random,1,representative,reviews/sq1-whq-update-0036487/raw/E1_strength_policy_fixed-total_random_k2_seed3.mat,e940334c52449fd16d08a7388bf1fa231536467135397e273193b2c17b569048,597053,effective-social-input/run_B_1_04_raw_01_part_02.zip,E1_strength_policy_fixed-total_random_k2_seed3.mat,reviews/sq1-whq-update-0036487/raw/E1_strength_policy_fixed-total_random_k2_seed3.mat
C04,C04-S004,fixed-total,random,2,4,0036487818d891c23d357f7af49030f323f4c9af,65,E1_strength_policy,fixed-total,random,1,representative,reviews/sq1-whq-update-0036487/raw/E1_strength_policy_fixed-total_random_k2_seed4.mat,583d4e5588b75bbfa6b56ff6acd5c8eb0b4a9092ca6296b87a3ff9c6bf737cd5,598211,effective-social-input/run_B_1_04_raw_01_part_02.zip,E1_strength_policy_fixed-total_random_k2_seed4.mat,reviews/sq1-whq-update-0036487/raw/E1_strength_policy_fixed-total_random_k2_seed4.mat
C04,C04-S005,fixed-total,random,2,5,0036487818d891c23d357f7af49030f323f4c9af,66,E1_strength_policy,fixed-total,random,1,representative,reviews/sq1-whq-update-0036487/raw/E1_strength_policy_fixed-total_random_k2_seed5.mat,8f911e5806e1fab6f25e2f9c76ecc723acb005b487e9ad11ad69385a665e27e1,597584,effective-social-input/run_B_1_04_raw_01_part_02.zip,E1_strength_policy_fixed-total_random_k2_seed5.mat,reviews/sq1-whq-update-0036487/raw/E1_strength_policy_fixed-total_random_k2_seed5.mat
C04,C04-S006,fixed-total,random,2,6,0036487818d891c23d357f7af49030f323f4c9af,67,E1_strength_policy,fixed-total,random,1,representative,reviews/sq1-whq-update-0036487/raw/E1_strength_policy_fixed-total_random_k2_seed6.mat,3a0f26e60b3f5ca3525085d5733bf68bfba0b330a17d4d4ffd0e66ec54af6e45,596152,effective-social-input/run_B_1_04_raw_01_part_02.zip,E1_strength_policy_fixed-total_random_k2_seed6.mat,reviews/sq1-whq-update-0036487/raw/E1_strength_policy_fixed-total_random_k2_seed6.mat
C04,C04-S007,fixed-total,random,2,7,0036487818d891c23d357f7af49030f323f4c9af,68,E1_strength_policy,fixed-total,random,1,representative,reviews/sq1-whq-update-0036487/raw/E1_strength_policy_fixed-total_random_k2_seed7.mat,e96a8c28706c6f19d14ddaae4cef48d00c14d75199e181b8d852ddcef812c7f8,598079,effective-social-input/run_B_1_04_raw_01_part_02.zip,E1_strength_policy_fixed-total_random_k2_seed7.mat,reviews/sq1-whq-update-0036487/raw/E1_strength_policy_fixed-total_random_k2_seed7.mat
C04,C04-S008,fixed-total,random,2,8,0036487818d891c23d357f7af49030f323f4c9af,69,E1_strength_policy,fixed-total,random,1,representative,reviews/sq1-whq-update-0036487/raw/E1_strength_policy_fixed-total_random_k2_seed8.mat,a7a56125e04022621fdbb5825e3735fa4482b2419f2bfc37969f3c187d537cc5,597062,effective-social-input/run_B_1_04_raw_01_part_02.zip,E1_strength_policy_fixed-total_random_k2_seed8.mat,reviews/sq1-whq-update-0036487/raw/E1_strength_policy_fixed-total_random_k2_seed8.mat
C04,C04-S009,fixed-total,random,2,9,0036487818d891c23d357f7af49030f323f4c9af,70,E1_strength_policy,fixed-total,random,1,representative,reviews/sq1-whq-update-0036487/raw/E1_strength_policy_fixed-total_random_k2_seed9.mat,ee03297303a484ecc3510ae27f0c24c7b672a8240c59de790d57363d19129b32,597708,effective-social-input/run_B_1_04_raw_01_part_02.zip,E1_strength_policy_fixed-total_random_k2_seed9.mat,reviews/sq1-whq-update-0036487/raw/E1_strength_policy_fixed-total_random_k2_seed9.mat
C04,C04-S010,fixed-total,random,2,10,0036487818d891c23d357f7af49030f323f4c9af,71,E1_strength_policy,fixed-total,random,1,representative,reviews/sq1-whq-update-0036487/raw/E1_strength_policy_fixed-total_random_k2_seed10.mat,fcc6061d41b545826a000d3985554fdf28dcfc3bdf4b89d6168647d39a3a3e3d,598187,effective-social-input/run_B_1_04_raw_01_part_02.zip,E1_strength_policy_fixed-total_random_k2_seed10.mat,reviews/sq1-whq-update-0036487/raw/E1_strength_policy_fixed-total_random_k2_seed10.mat
C04,C04-S011,fixed-total,random,2,11,0036487818d891c23d357f7af49030f323f4c9af,72,E1_strength_policy,fixed-total,random,1,representative,reviews/sq1-whq-update-0036487/raw/E1_strength_policy_fixed-total_random_k2_seed11.mat,91f04ca2176b1df6effe65d6c3b117f980bd01f315d792465bdba7e131286425,597853,effective-social-input/run_B_1_04_raw_01_part_02.zip,E1_strength_policy_fixed-total_random_k2_seed11.mat,reviews/sq1-whq-update-0036487/raw/E1_strength_policy_fixed-total_random_k2_seed11.mat
C04,C04-S012,fixed-total,random,2,12,0036487818d891c23d357f7af49030f323f4c9af,73,E1_strength_policy,fixed-total,random,1,representative,reviews/sq1-whq-update-0036487/raw/E1_strength_policy_fixed-total_random_k2_seed12.mat,b1262a510a1168aa03874f07a49e2a184ab6af8bdff13c00ecc982922ff59bc2,597031,effective-social-input/run_B_1_04_raw_01_part_02.zip,E1_strength_policy_fixed-total_random_k2_seed12.mat,reviews/sq1-whq-update-0036487/raw/E1_strength_policy_fixed-total_random_k2_seed12.mat
C04,C04-S013,fixed-total,random,2,13,0036487818d891c23d357f7af49030f323f4c9af,74,E1_strength_policy,fixed-total,random,1,representative,reviews/sq1-whq-update-0036487/raw/E1_strength_policy_fixed-total_random_k2_seed13.mat,de0982cefb9d2c02948911ccdb8465a6855dd9be413be3b5fa765c175bb9cf56,597862,effective-social-input/run_B_1_04_raw_01_part_02.zip,E1_strength_policy_fixed-total_random_k2_seed13.mat,reviews/sq1-whq-update-0036487/raw/E1_strength_policy_fixed-total_random_k2_seed13.mat
C04,C04-S014,fixed-total,random,2,14,0036487818d891c23d357f7af49030f323f4c9af,75,E1_strength_policy,fixed-total,random,1,representative,reviews/sq1-whq-update-0036487/raw/E1_strength_policy_fixed-total_random_k2_seed14.mat,ab68204081c8435f7f6721c61601de5e44ebc30d9bf00e2ca3681c5788808d44,597373,effective-social-input/run_B_1_04_raw_01_part_02.zip,E1_strength_policy_fixed-total_random_k2_seed14.mat,reviews/sq1-whq-update-0036487/raw/E1_strength_policy_fixed-total_random_k2_seed14.mat
C04,C04-S015,fixed-total,random,2,15,0036487818d891c23d357f7af49030f323f4c9af,76,E1_strength_policy,fixed-total,random,1,representative,reviews/sq1-whq-update-0036487/raw/E1_strength_policy_fixed-total_random_k2_seed15.mat,e5d63dc98928f68d61d78b2ebe0722c0c98084167b44862d82182c65f68b1aa8,589668,effective-social-input/run_B_1_04_raw_01_part_02.zip,E1_strength_policy_fixed-total_random_k2_seed15.mat,reviews/sq1-whq-update-0036487/raw/E1_strength_policy_fixed-total_random_k2_seed15.mat
C04,C04-S016,fixed-total,random,2,16,0036487818d891c23d357f7af49030f323f4c9af,77,E1_strength_policy,fixed-total,random,1,representative,reviews/sq1-whq-update-0036487/raw/E1_strength_policy_fixed-total_random_k2_seed16.mat,4d2990fff5bc543ee69f33c39a6fbfc1d4c5a11d31663c774e4183facd492cb2,598232,effective-social-input/run_B_1_04_raw_01_part_02.zip,E1_strength_policy_fixed-total_random_k2_seed16.mat,reviews/sq1-whq-update-0036487/raw/E1_strength_policy_fixed-total_random_k2_seed16.mat
C04,C04-S017,fixed-total,random,2,17,0036487818d891c23d357f7af49030f323f4c9af,78,E1_strength_policy,fixed-total,random,1,representative,reviews/sq1-whq-update-0036487/raw/E1_strength_policy_fixed-total_random_k2_seed17.mat,4c057d3ecce7493dbf4e310cc24d3f710890aca8eb2ea84aec232932f6164bfb,598961,effective-social-input/run_B_1_04_raw_01_part_02.zip,E1_strength_policy_fixed-total_random_k2_seed17.mat,reviews/sq1-whq-update-0036487/raw/E1_strength_policy_fixed-total_random_k2_seed17.mat
C04,C04-S018,fixed-total,random,2,18,0036487818d891c23d357f7af49030f323f4c9af,79,E1_strength_policy,fixed-total,random,1,representative,reviews/sq1-whq-update-0036487/raw/E1_strength_policy_fixed-total_random_k2_seed18.mat,7855a77504853b3944ae9a1c3c175956866b30d830cc89f4cc2c1ef76594b0c9,597780,effective-social-input/run_B_1_04_raw_01_part_02.zip,E1_strength_policy_fixed-total_random_k2_seed18.mat,reviews/sq1-whq-update-0036487/raw/E1_strength_policy_fixed-total_random_k2_seed18.mat
C04,C04-S019,fixed-total,random,2,19,0036487818d891c23d357f7af49030f323f4c9af,80,E1_strength_policy,fixed-total,random,1,representative,reviews/sq1-whq-update-0036487/raw/E1_strength_policy_fixed-total_random_k2_seed19.mat,e1aeeb1cb158bea738bd47e0595ba2ed22e2b843ee87b7d30cdd0cd9853f0016,597337,effective-social-input/run_B_1_04_raw_01_part_02.zip,E1_strength_policy_fixed-total_random_k2_seed19.mat,reviews/sq1-whq-update-0036487/raw/E1_strength_policy_fixed-total_random_k2_seed19.mat
C04,C04-S020,fixed-total,random,2,20,0036487818d891c23d357f7af49030f323f4c9af,81,E1_strength_policy,fixed-total,random,1,representative,reviews/sq1-whq-update-0036487/raw/E1_strength_policy_fixed-total_random_k2_seed20.mat,e0cac88fa25725c197cfcae33e0b273b2e39b7dbeb16ee8e92c7f5143454d826,598515,effective-social-input/run_B_1_04_raw_01_part_02.zip,E1_strength_policy_fixed-total_random_k2_seed20.mat,reviews/sq1-whq-update-0036487/raw/E1_strength_policy_fixed-total_random_k2_seed20.mat
C06,C06-S001,fixed-total,random,8,1,0036487818d891c23d357f7af49030f323f4c9af,82,E1_strength_policy,fixed-total,random,1,representative,reviews/sq1-whq-update-0036487/raw/E1_strength_policy_fixed-total_random_k8_seed1.mat,e0e6d7a7a01a40125a3f738a988864d88337cd3cb412a53fb65b5669fb8ef88a,592445,effective-social-input/run_B_1_04_raw_01_part_03.zip,E1_strength_policy_fixed-total_random_k8_seed1.mat,reviews/sq1-whq-update-0036487/raw/E1_strength_policy_fixed-total_random_k8_seed1.mat
C06,C06-S002,fixed-total,random,8,2,0036487818d891c23d357f7af49030f323f4c9af,83,E1_strength_policy,fixed-total,random,1,representative,reviews/sq1-whq-update-0036487/raw/E1_strength_policy_fixed-total_random_k8_seed2.mat,fc2c82f508df9846ecad953c56eca10c21c78e20717f0922a9adafaf8e3d6b05,593727,effective-social-input/run_B_1_04_raw_01_part_03.zip,E1_strength_policy_fixed-total_random_k8_seed2.mat,reviews/sq1-whq-update-0036487/raw/E1_strength_policy_fixed-total_random_k8_seed2.mat
C06,C06-S003,fixed-total,random,8,3,0036487818d891c23d357f7af49030f323f4c9af,84,E1_strength_policy,fixed-total,random,1,representative,reviews/sq1-whq-update-0036487/raw/E1_strength_policy_fixed-total_random_k8_seed3.mat,9b3e6eba894c9c11e2b7776054f8b4b53b9fc1f89e1aa5708c167c146b204b6d,593028,effective-social-input/run_B_1_04_raw_01_part_03.zip,E1_strength_policy_fixed-total_random_k8_seed3.mat,reviews/sq1-whq-update-0036487/raw/E1_strength_policy_fixed-total_random_k8_seed3.mat
C06,C06-S004,fixed-total,random,8,4,0036487818d891c23d357f7af49030f323f4c9af,85,E1_strength_policy,fixed-total,random,1,representative,reviews/sq1-whq-update-0036487/raw/E1_strength_policy_fixed-total_random_k8_seed4.mat,8eabdd6f65cba816ff910c8fef4aead287def1211999ad3e37e0c48b69fbadc1,592142,effective-social-input/run_B_1_04_raw_01_part_03.zip,E1_strength_policy_fixed-total_random_k8_seed4.mat,reviews/sq1-whq-update-0036487/raw/E1_strength_policy_fixed-total_random_k8_seed4.mat
C06,C06-S005,fixed-total,random,8,5,0036487818d891c23d357f7af49030f323f4c9af,86,E1_strength_policy,fixed-total,random,1,representative,reviews/sq1-whq-update-0036487/raw/E1_strength_policy_fixed-total_random_k8_seed5.mat,bfcdff9d589c91ce33abe38a469d83384bc1435dacc70b27850a1ee93b3970f5,593440,effective-social-input/run_B_1_04_raw_01_part_03.zip,E1_strength_policy_fixed-total_random_k8_seed5.mat,reviews/sq1-whq-update-0036487/raw/E1_strength_policy_fixed-total_random_k8_seed5.mat
C06,C06-S006,fixed-total,random,8,6,0036487818d891c23d357f7af49030f323f4c9af,87,E1_strength_policy,fixed-total,random,1,representative,reviews/sq1-whq-update-0036487/raw/E1_strength_policy_fixed-total_random_k8_seed6.mat,55c44cf2fe78e0c89148ce0d0274b3a9c7dbc0529600b82081db3f07e2bb4e6d,586982,effective-social-input/run_B_1_04_raw_01_part_03.zip,E1_strength_policy_fixed-total_random_k8_seed6.mat,reviews/sq1-whq-update-0036487/raw/E1_strength_policy_fixed-total_random_k8_seed6.mat
C06,C06-S007,fixed-total,random,8,7,0036487818d891c23d357f7af49030f323f4c9af,88,E1_strength_policy,fixed-total,random,1,representative,reviews/sq1-whq-update-0036487/raw/E1_strength_policy_fixed-total_random_k8_seed7.mat,e7612f7de40ed589ce2bcaa4a68dc673973292e25999e5191009a0a963ab1f98,594425,effective-social-input/run_B_1_04_raw_01_part_03.zip,E1_strength_policy_fixed-total_random_k8_seed7.mat,reviews/sq1-whq-update-0036487/raw/E1_strength_policy_fixed-total_random_k8_seed7.mat
C06,C06-S008,fixed-total,random,8,8,0036487818d891c23d357f7af49030f323f4c9af,89,E1_strength_policy,fixed-total,random,1,representative,reviews/sq1-whq-update-0036487/raw/E1_strength_policy_fixed-total_random_k8_seed8.mat,bd983d1e179e1ed7e7331344ad1c91a6062e6e7323e8a94ca7642d9738691b54,591409,effective-social-input/run_B_1_04_raw_01_part_03.zip,E1_strength_policy_fixed-total_random_k8_seed8.mat,reviews/sq1-whq-update-0036487/raw/E1_strength_policy_fixed-total_random_k8_seed8.mat
C06,C06-S009,fixed-total,random,8,9,0036487818d891c23d357f7af49030f323f4c9af,90,E1_strength_policy,fixed-total,random,1,representative,reviews/sq1-whq-update-0036487/raw/E1_strength_policy_fixed-total_random_k8_seed9.mat,54b06f7ae800992d4fa03362ecaacbc8d8af76338bd0c53a7619fab29fa44a03,588353,effective-social-input/run_B_1_04_raw_01_part_03.zip,E1_strength_policy_fixed-total_random_k8_seed9.mat,reviews/sq1-whq-update-0036487/raw/E1_strength_policy_fixed-total_random_k8_seed9.mat
C06,C06-S010,fixed-total,random,8,10,0036487818d891c23d357f7af49030f323f4c9af,91,E1_strength_policy,fixed-total,random,1,representative,reviews/sq1-whq-update-0036487/raw/E1_strength_policy_fixed-total_random_k8_seed10.mat,33357779d9dc7caa4df7d7688aed38e71ac086a3bbe90ea9e59ca8838f1cd1e6,588309,effective-social-input/run_B_1_04_raw_01_part_03.zip,E1_strength_policy_fixed-total_random_k8_seed10.mat,reviews/sq1-whq-update-0036487/raw/E1_strength_policy_fixed-total_random_k8_seed10.mat
C06,C06-S011,fixed-total,random,8,11,0036487818d891c23d357f7af49030f323f4c9af,92,E1_strength_policy,fixed-total,random,1,representative,reviews/sq1-whq-update-0036487/raw/E1_strength_policy_fixed-total_random_k8_seed11.mat,a61b83a004ef27e01e83b46e15975a5646b7da764efb6411fdc4afa506671431,589206,effective-social-input/run_B_1_04_raw_01_part_03.zip,E1_strength_policy_fixed-total_random_k8_seed11.mat,reviews/sq1-whq-update-0036487/raw/E1_strength_policy_fixed-total_random_k8_seed11.mat
C06,C06-S012,fixed-total,random,8,12,0036487818d891c23d357f7af49030f323f4c9af,93,E1_strength_policy,fixed-total,random,1,representative,reviews/sq1-whq-update-0036487/raw/E1_strength_policy_fixed-total_random_k8_seed12.mat,8e098dcf1a0fce618d6a41d1c656d3915da7d11e0deb3c05a1be254ad6d73dce,592248,effective-social-input/run_B_1_04_raw_01_part_03.zip,E1_strength_policy_fixed-total_random_k8_seed12.mat,reviews/sq1-whq-update-0036487/raw/E1_strength_policy_fixed-total_random_k8_seed12.mat
C06,C06-S013,fixed-total,random,8,13,0036487818d891c23d357f7af49030f323f4c9af,94,E1_strength_policy,fixed-total,random,1,representative,reviews/sq1-whq-update-0036487/raw/E1_strength_policy_fixed-total_random_k8_seed13.mat,f6ff3c326d551413e8f8fa630077181643138053d33ed6287d8962e73b4360c8,592914,effective-social-input/run_B_1_04_raw_01_part_03.zip,E1_strength_policy_fixed-total_random_k8_seed13.mat,reviews/sq1-whq-update-0036487/raw/E1_strength_policy_fixed-total_random_k8_seed13.mat
C06,C06-S014,fixed-total,random,8,14,0036487818d891c23d357f7af49030f323f4c9af,95,E1_strength_policy,fixed-total,random,1,representative,reviews/sq1-whq-update-0036487/raw/E1_strength_policy_fixed-total_random_k8_seed14.mat,64220eb92476bef4ca39be0d47f26525a5e7d5ef0ba8f82544a0d153cdd71f9e,589782,effective-social-input/run_B_1_04_raw_01_part_03.zip,E1_strength_policy_fixed-total_random_k8_seed14.mat,reviews/sq1-whq-update-0036487/raw/E1_strength_policy_fixed-total_random_k8_seed14.mat
C06,C06-S015,fixed-total,random,8,15,0036487818d891c23d357f7af49030f323f4c9af,96,E1_strength_policy,fixed-total,random,1,representative,reviews/sq1-whq-update-0036487/raw/E1_strength_policy_fixed-total_random_k8_seed15.mat,3bac2a9529c7d52f7150a786a0819e6c22ebf4a715c3862842c2f58851109bd7,591908,effective-social-input/run_B_1_04_raw_01_part_03.zip,E1_strength_policy_fixed-total_random_k8_seed15.mat,reviews/sq1-whq-update-0036487/raw/E1_strength_policy_fixed-total_random_k8_seed15.mat
C06,C06-S016,fixed-total,random,8,16,0036487818d891c23d357f7af49030f323f4c9af,97,E1_strength_policy,fixed-total,random,1,representative,reviews/sq1-whq-update-0036487/raw/E1_strength_policy_fixed-total_random_k8_seed16.mat,90e42da8171741f63dd720f7d9ef9fae0617fc5b41b8f73815faa5ad2f8518bc,594033,effective-social-input/run_B_1_04_raw_01_part_03.zip,E1_strength_policy_fixed-total_random_k8_seed16.mat,reviews/sq1-whq-update-0036487/raw/E1_strength_policy_fixed-total_random_k8_seed16.mat
C06,C06-S017,fixed-total,random,8,17,0036487818d891c23d357f7af49030f323f4c9af,98,E1_strength_policy,fixed-total,random,1,representative,reviews/sq1-whq-update-0036487/raw/E1_strength_policy_fixed-total_random_k8_seed17.mat,e5ce4b4a83fe8177f09f40219e24cc1fc31151c43000b0d358319e61a07223d3,591487,effective-social-input/run_B_1_04_raw_01_part_03.zip,E1_strength_policy_fixed-total_random_k8_seed17.mat,reviews/sq1-whq-update-0036487/raw/E1_strength_policy_fixed-total_random_k8_seed17.mat
C06,C06-S018,fixed-total,random,8,18,0036487818d891c23d357f7af49030f323f4c9af,99,E1_strength_policy,fixed-total,random,1,representative,reviews/sq1-whq-update-0036487/raw/E1_strength_policy_fixed-total_random_k8_seed18.mat,1a046514287987bfb3cb4b38c9c508bcaae71e98b8754b888fa3aa9aa93cd074,591663,effective-social-input/run_B_1_04_raw_01_part_03.zip,E1_strength_policy_fixed-total_random_k8_seed18.mat,reviews/sq1-whq-update-0036487/raw/E1_strength_policy_fixed-total_random_k8_seed18.mat
C06,C06-S019,fixed-total,random,8,19,0036487818d891c23d357f7af49030f323f4c9af,100,E1_strength_policy,fixed-total,random,1,representative,reviews/sq1-whq-update-0036487/raw/E1_strength_policy_fixed-total_random_k8_seed19.mat,ea969a9049ec85c6c67474d93d4f9fc3606aa361290749e87f372aa8946953cc,592483,effective-social-input/run_B_1_04_raw_01_part_03.zip,E1_strength_policy_fixed-total_random_k8_seed19.mat,reviews/sq1-whq-update-0036487/raw/E1_strength_policy_fixed-total_random_k8_seed19.mat
C06,C06-S020,fixed-total,random,8,20,0036487818d891c23d357f7af49030f323f4c9af,101,E1_strength_policy,fixed-total,random,1,representative,reviews/sq1-whq-update-0036487/raw/E1_strength_policy_fixed-total_random_k8_seed20.mat,f4407c3566a9bfb72723a2e452ee292537391132331138c9bcb34a30ec7eefc9,592474,effective-social-input/run_B_1_04_raw_01_part_03.zip,E1_strength_policy_fixed-total_random_k8_seed20.mat,reviews/sq1-whq-update-0036487/raw/E1_strength_policy_fixed-total_random_k8_seed20.mat
C08,C08-S001,full-equivalent,all,19,1,0036487818d891c23d357f7af49030f323f4c9af,102,E1_strength_policy,fixed-total,random,0,k19_strength_equivalence,reviews/sq1-whq-update-0036487/raw/E1_strength_policy_fixed-total_random_k19_seed1.mat,a68d4c11570b54259938bc663aef1ae47e9518b120654279ebea09e07205263d,579034,effective-social-input/run_B_1_04_raw_01_part_01.zip,E1_strength_policy_fixed-total_random_k19_seed1.mat,reviews/sq1-whq-update-0036487/raw/E1_strength_policy_original_random_k19_seed1.mat
C08,C08-S002,full-equivalent,all,19,2,0036487818d891c23d357f7af49030f323f4c9af,103,E1_strength_policy,fixed-total,random,0,k19_strength_equivalence,reviews/sq1-whq-update-0036487/raw/E1_strength_policy_fixed-total_random_k19_seed2.mat,3d09b7185ef9ce13c35dd37cfb7bd35314f2b6212133b9940e7c818ba7c5ac68,578787,effective-social-input/run_B_1_04_raw_01_part_01.zip,E1_strength_policy_fixed-total_random_k19_seed2.mat,reviews/sq1-whq-update-0036487/raw/E1_strength_policy_original_random_k19_seed2.mat
C08,C08-S003,full-equivalent,all,19,3,0036487818d891c23d357f7af49030f323f4c9af,104,E1_strength_policy,fixed-total,random,0,k19_strength_equivalence,reviews/sq1-whq-update-0036487/raw/E1_strength_policy_fixed-total_random_k19_seed3.mat,3f3a5cdb0952d395b0c7fee18613ade772fcf5a56b6d7e90d6d7eb7221e5364a,574893,effective-social-input/run_B_1_04_raw_01_part_01.zip,E1_strength_policy_fixed-total_random_k19_seed3.mat,reviews/sq1-whq-update-0036487/raw/E1_strength_policy_original_random_k19_seed3.mat
C08,C08-S004,full-equivalent,all,19,4,0036487818d891c23d357f7af49030f323f4c9af,105,E1_strength_policy,fixed-total,random,0,k19_strength_equivalence,reviews/sq1-whq-update-0036487/raw/E1_strength_policy_fixed-total_random_k19_seed4.mat,f3044bae6d30b4bac2e468dbfd3abce13462c7a97510a29c4efead03a7f40c57,580973,effective-social-input/run_B_1_04_raw_01_part_01.zip,E1_strength_policy_fixed-total_random_k19_seed4.mat,reviews/sq1-whq-update-0036487/raw/E1_strength_policy_original_random_k19_seed4.mat
C08,C08-S005,full-equivalent,all,19,5,0036487818d891c23d357f7af49030f323f4c9af,106,E1_strength_policy,fixed-total,random,0,k19_strength_equivalence,reviews/sq1-whq-update-0036487/raw/E1_strength_policy_fixed-total_random_k19_seed5.mat,2391c0e59bd46542e53988dffe68e10b2ffd6c8745f14bdaa48f9cc456845cad,580598,effective-social-input/run_B_1_04_raw_01_part_01.zip,E1_strength_policy_fixed-total_random_k19_seed5.mat,reviews/sq1-whq-update-0036487/raw/E1_strength_policy_original_random_k19_seed5.mat
C08,C08-S006,full-equivalent,all,19,6,0036487818d891c23d357f7af49030f323f4c9af,107,E1_strength_policy,fixed-total,random,0,k19_strength_equivalence,reviews/sq1-whq-update-0036487/raw/E1_strength_policy_fixed-total_random_k19_seed6.mat,c2cb501f25615b76fb906e468edf9c26417365b7e01234721b967d11cd3e5fc3,573253,effective-social-input/run_B_1_04_raw_01_part_01.zip,E1_strength_policy_fixed-total_random_k19_seed6.mat,reviews/sq1-whq-update-0036487/raw/E1_strength_policy_original_random_k19_seed6.mat
C08,C08-S007,full-equivalent,all,19,7,0036487818d891c23d357f7af49030f323f4c9af,108,E1_strength_policy,fixed-total,random,0,k19_strength_equivalence,reviews/sq1-whq-update-0036487/raw/E1_strength_policy_fixed-total_random_k19_seed7.mat,60e511e454b3be100c1f5a7d0244b4aa68c48f299e87a01a21997e29df74a1cf,574465,effective-social-input/run_B_1_04_raw_01_part_01.zip,E1_strength_policy_fixed-total_random_k19_seed7.mat,reviews/sq1-whq-update-0036487/raw/E1_strength_policy_original_random_k19_seed7.mat
C08,C08-S008,full-equivalent,all,19,8,0036487818d891c23d357f7af49030f323f4c9af,109,E1_strength_policy,fixed-total,random,0,k19_strength_equivalence,reviews/sq1-whq-update-0036487/raw/E1_strength_policy_fixed-total_random_k19_seed8.mat,d16ad6681490ff0daaf3aec967cd5a70deac55c7e7b5259de7ab6dece1dd9988,578806,effective-social-input/run_B_1_04_raw_01_part_01.zip,E1_strength_policy_fixed-total_random_k19_seed8.mat,reviews/sq1-whq-update-0036487/raw/E1_strength_policy_original_random_k19_seed8.mat
C08,C08-S009,full-equivalent,all,19,9,0036487818d891c23d357f7af49030f323f4c9af,110,E1_strength_policy,fixed-total,random,0,k19_strength_equivalence,reviews/sq1-whq-update-0036487/raw/E1_strength_policy_fixed-total_random_k19_seed9.mat,c138eb60b3310cca64ffdfc248392fa23b7f9412d3cbb8045be8262820b0ec5e,582212,effective-social-input/run_B_1_04_raw_01_part_01.zip,E1_strength_policy_fixed-total_random_k19_seed9.mat,reviews/sq1-whq-update-0036487/raw/E1_strength_policy_original_random_k19_seed9.mat
C08,C08-S010,full-equivalent,all,19,10,0036487818d891c23d357f7af49030f323f4c9af,111,E1_strength_policy,fixed-total,random,0,k19_strength_equivalence,reviews/sq1-whq-update-0036487/raw/E1_strength_policy_fixed-total_random_k19_seed10.mat,5ec9c84d8284117e33aa7902658d86f59e8b53ed80707735612e63a9ce36cc62,581484,effective-social-input/run_B_1_04_raw_01_part_01.zip,E1_strength_policy_fixed-total_random_k19_seed10.mat,reviews/sq1-whq-update-0036487/raw/E1_strength_policy_original_random_k19_seed10.mat
C08,C08-S011,full-equivalent,all,19,11,0036487818d891c23d357f7af49030f323f4c9af,112,E1_strength_policy,fixed-total,random,0,k19_strength_equivalence,reviews/sq1-whq-update-0036487/raw/E1_strength_policy_fixed-total_random_k19_seed11.mat,955967e646263d06b9caa4c779b64c4580ec1a6b2737751098c6a56afd9e7c8f,577439,effective-social-input/run_B_1_04_raw_01_part_01.zip,E1_strength_policy_fixed-total_random_k19_seed11.mat,reviews/sq1-whq-update-0036487/raw/E1_strength_policy_original_random_k19_seed11.mat
C08,C08-S012,full-equivalent,all,19,12,0036487818d891c23d357f7af49030f323f4c9af,113,E1_strength_policy,fixed-total,random,0,k19_strength_equivalence,reviews/sq1-whq-update-0036487/raw/E1_strength_policy_fixed-total_random_k19_seed12.mat,87afafb9ec155bafe5100bbf29e49e281d22ce5a31bea37054cff7663e4613b2,575813,effective-social-input/run_B_1_04_raw_01_part_01.zip,E1_strength_policy_fixed-total_random_k19_seed12.mat,reviews/sq1-whq-update-0036487/raw/E1_strength_policy_original_random_k19_seed12.mat
C08,C08-S013,full-equivalent,all,19,13,0036487818d891c23d357f7af49030f323f4c9af,114,E1_strength_policy,fixed-total,random,0,k19_strength_equivalence,reviews/sq1-whq-update-0036487/raw/E1_strength_policy_fixed-total_random_k19_seed13.mat,522d1e3f53e49af7541a4f92ed4993efd9405ad4c1fe963b0343e0b5a3a869ab,575931,effective-social-input/run_B_1_04_raw_01_part_01.zip,E1_strength_policy_fixed-total_random_k19_seed13.mat,reviews/sq1-whq-update-0036487/raw/E1_strength_policy_original_random_k19_seed13.mat
C08,C08-S014,full-equivalent,all,19,14,0036487818d891c23d357f7af49030f323f4c9af,115,E1_strength_policy,fixed-total,random,0,k19_strength_equivalence,reviews/sq1-whq-update-0036487/raw/E1_strength_policy_fixed-total_random_k19_seed14.mat,010900c999a0e0dd28b42952acaf3901b455148cdd2af31b5ca27b4dbf95dfd0,582063,effective-social-input/run_B_1_04_raw_01_part_01.zip,E1_strength_policy_fixed-total_random_k19_seed14.mat,reviews/sq1-whq-update-0036487/raw/E1_strength_policy_original_random_k19_seed14.mat
C08,C08-S015,full-equivalent,all,19,15,0036487818d891c23d357f7af49030f323f4c9af,116,E1_strength_policy,fixed-total,random,0,k19_strength_equivalence,reviews/sq1-whq-update-0036487/raw/E1_strength_policy_fixed-total_random_k19_seed15.mat,ac06b5e40604944bdccb66037204f56fdd5db46d9476c563f970afde54a50835,578676,effective-social-input/run_B_1_04_raw_01_part_01.zip,E1_strength_policy_fixed-total_random_k19_seed15.mat,reviews/sq1-whq-update-0036487/raw/E1_strength_policy_original_random_k19_seed15.mat
C08,C08-S016,full-equivalent,all,19,16,0036487818d891c23d357f7af49030f323f4c9af,117,E1_strength_policy,fixed-total,random,0,k19_strength_equivalence,reviews/sq1-whq-update-0036487/raw/E1_strength_policy_fixed-total_random_k19_seed16.mat,33e21a805dc2ffe5de3870b49981ca6299610eab909b2dae641f16a2095880ac,572920,effective-social-input/run_B_1_04_raw_01_part_01.zip,E1_strength_policy_fixed-total_random_k19_seed16.mat,reviews/sq1-whq-update-0036487/raw/E1_strength_policy_original_random_k19_seed16.mat
C08,C08-S017,full-equivalent,all,19,17,0036487818d891c23d357f7af49030f323f4c9af,118,E1_strength_policy,fixed-total,random,0,k19_strength_equivalence,reviews/sq1-whq-update-0036487/raw/E1_strength_policy_fixed-total_random_k19_seed17.mat,8a05be69a055a6ce81bf81fbbdb59ea3e77bea56cd78932b73aad57de44fb821,577145,effective-social-input/run_B_1_04_raw_01_part_01.zip,E1_strength_policy_fixed-total_random_k19_seed17.mat,reviews/sq1-whq-update-0036487/raw/E1_strength_policy_original_random_k19_seed17.mat
C08,C08-S018,full-equivalent,all,19,18,0036487818d891c23d357f7af49030f323f4c9af,119,E1_strength_policy,fixed-total,random,0,k19_strength_equivalence,reviews/sq1-whq-update-0036487/raw/E1_strength_policy_fixed-total_random_k19_seed18.mat,421fe30e3030e42b91da4de09674ff89d68d0dc042ac7b17f6344a2d1c3371f5,579789,effective-social-input/run_B_1_04_raw_01_part_01.zip,E1_strength_policy_fixed-total_random_k19_seed18.mat,reviews/sq1-whq-update-0036487/raw/E1_strength_policy_original_random_k19_seed18.mat
C08,C08-S019,full-equivalent,all,19,19,0036487818d891c23d357f7af49030f323f4c9af,120,E1_strength_policy,fixed-total,random,0,k19_strength_equivalence,reviews/sq1-whq-update-0036487/raw/E1_strength_policy_fixed-total_random_k19_seed19.mat,cf50890edc3e9aecc4244fdf4fd3a3111f2e8d427174372be92aae033028591a,583500,effective-social-input/run_B_1_04_raw_01_part_01.zip,E1_strength_policy_fixed-total_random_k19_seed19.mat,reviews/sq1-whq-update-0036487/raw/E1_strength_policy_original_random_k19_seed19.mat
C08,C08-S020,full-equivalent,all,19,20,0036487818d891c23d357f7af49030f323f4c9af,121,E1_strength_policy,fixed-total,random,0,k19_strength_equivalence,reviews/sq1-whq-update-0036487/raw/E1_strength_policy_fixed-total_random_k19_seed20.mat,8b414bdbe344c6505f27ab41f380088c698e28c7dff4c806c8bf498782e5395e,578617,effective-social-input/run_B_1_04_raw_01_part_01.zip,E1_strength_policy_fixed-total_random_k19_seed20.mat,reviews/sq1-whq-update-0036487/raw/E1_strength_policy_original_random_k19_seed20.mat
C09,C09-S001,original,random,2,1,0036487818d891c23d357f7af49030f323f4c9af,122,E2_neighbor_count,original,random,0,experiment_label,reviews/sq1-whq-update-0036487/raw/E2_neighbor_count_original_random_k2_seed1.mat,12e71c208031f3ec0ac7eaf38afc14c57bb01d94e3c021adce1629e29507ec70,369952,effective-social-input/run_B_1_04_raw_04_part_02.zip,E2_neighbor_count_original_random_k2_seed1.mat,reviews/sq1-whq-update-0036487/raw/E1_strength_policy_original_random_k2_seed1.mat
C09,C09-S002,original,random,2,2,0036487818d891c23d357f7af49030f323f4c9af,123,E2_neighbor_count,original,random,0,experiment_label,reviews/sq1-whq-update-0036487/raw/E2_neighbor_count_original_random_k2_seed2.mat,56cf7d2d7c48e2c8d456bffaa2ad3f3db25dd37b2da8938df303c27b84eb2156,367727,effective-social-input/run_B_1_04_raw_04_part_02.zip,E2_neighbor_count_original_random_k2_seed2.mat,reviews/sq1-whq-update-0036487/raw/E1_strength_policy_original_random_k2_seed2.mat
C09,C09-S003,original,random,2,3,0036487818d891c23d357f7af49030f323f4c9af,124,E2_neighbor_count,original,random,0,experiment_label,reviews/sq1-whq-update-0036487/raw/E2_neighbor_count_original_random_k2_seed3.mat,522e73a9b6816277af83cdecbbcc3e663b8111aab2cac1d082d9a437665474dc,364657,effective-social-input/run_B_1_04_raw_04_part_02.zip,E2_neighbor_count_original_random_k2_seed3.mat,reviews/sq1-whq-update-0036487/raw/E1_strength_policy_original_random_k2_seed3.mat
C09,C09-S004,original,random,2,4,0036487818d891c23d357f7af49030f323f4c9af,125,E2_neighbor_count,original,random,0,experiment_label,reviews/sq1-whq-update-0036487/raw/E2_neighbor_count_original_random_k2_seed4.mat,ecca78919df82474fce385c2a56dd73040ad6bdb7bd0393de016387d886db238,364502,effective-social-input/run_B_1_04_raw_04_part_02.zip,E2_neighbor_count_original_random_k2_seed4.mat,reviews/sq1-whq-update-0036487/raw/E1_strength_policy_original_random_k2_seed4.mat
C09,C09-S005,original,random,2,5,0036487818d891c23d357f7af49030f323f4c9af,126,E2_neighbor_count,original,random,0,experiment_label,reviews/sq1-whq-update-0036487/raw/E2_neighbor_count_original_random_k2_seed5.mat,b5c7ff99223a1a51d452b5bb60f145d01997fa303683596c7c5661838dd4d9a0,365165,effective-social-input/run_B_1_04_raw_04_part_02.zip,E2_neighbor_count_original_random_k2_seed5.mat,reviews/sq1-whq-update-0036487/raw/E1_strength_policy_original_random_k2_seed5.mat
C09,C09-S006,original,random,2,6,0036487818d891c23d357f7af49030f323f4c9af,127,E2_neighbor_count,original,random,0,experiment_label,reviews/sq1-whq-update-0036487/raw/E2_neighbor_count_original_random_k2_seed6.mat,9923d0a9957389affb7ea46a3949e2c4f1599168681c92bac76192864f298ec1,364708,effective-social-input/run_B_1_04_raw_04_part_02.zip,E2_neighbor_count_original_random_k2_seed6.mat,reviews/sq1-whq-update-0036487/raw/E1_strength_policy_original_random_k2_seed6.mat
C09,C09-S007,original,random,2,7,0036487818d891c23d357f7af49030f323f4c9af,128,E2_neighbor_count,original,random,0,experiment_label,reviews/sq1-whq-update-0036487/raw/E2_neighbor_count_original_random_k2_seed7.mat,ba497f2d2626e30e0c7d965048832c4d881b43b5a73c6dc24bbb85fa8ef9ec97,364484,effective-social-input/run_B_1_04_raw_04_part_02.zip,E2_neighbor_count_original_random_k2_seed7.mat,reviews/sq1-whq-update-0036487/raw/E1_strength_policy_original_random_k2_seed7.mat
C09,C09-S008,original,random,2,8,0036487818d891c23d357f7af49030f323f4c9af,129,E2_neighbor_count,original,random,0,experiment_label,reviews/sq1-whq-update-0036487/raw/E2_neighbor_count_original_random_k2_seed8.mat,ab8aa4b4407b441bbd3255f588954d0c254c6c1bfebc5290fe519b43eb0bff21,366068,effective-social-input/run_B_1_04_raw_04_part_02.zip,E2_neighbor_count_original_random_k2_seed8.mat,reviews/sq1-whq-update-0036487/raw/E1_strength_policy_original_random_k2_seed8.mat
C09,C09-S009,original,random,2,9,0036487818d891c23d357f7af49030f323f4c9af,130,E2_neighbor_count,original,random,0,experiment_label,reviews/sq1-whq-update-0036487/raw/E2_neighbor_count_original_random_k2_seed9.mat,361e60f5a4f75f828dda9bc384e3a51f942f270034b84c662ea2d303850fed08,364162,effective-social-input/run_B_1_04_raw_04_part_02.zip,E2_neighbor_count_original_random_k2_seed9.mat,reviews/sq1-whq-update-0036487/raw/E1_strength_policy_original_random_k2_seed9.mat
C09,C09-S010,original,random,2,10,0036487818d891c23d357f7af49030f323f4c9af,131,E2_neighbor_count,original,random,0,experiment_label,reviews/sq1-whq-update-0036487/raw/E2_neighbor_count_original_random_k2_seed10.mat,b7d94a0499024a3032c15eda5db219546193665dbf1cd8bd05e40a4793336c5b,365115,effective-social-input/run_B_1_04_raw_04_part_02.zip,E2_neighbor_count_original_random_k2_seed10.mat,reviews/sq1-whq-update-0036487/raw/E1_strength_policy_original_random_k2_seed10.mat
C09,C09-S011,original,random,2,11,0036487818d891c23d357f7af49030f323f4c9af,132,E2_neighbor_count,original,random,0,experiment_label,reviews/sq1-whq-update-0036487/raw/E2_neighbor_count_original_random_k2_seed11.mat,167190d4019fbf2b63a2441ce003938731b7dd8d783bbce508beff031ea874db,366268,effective-social-input/run_B_1_04_raw_04_part_02.zip,E2_neighbor_count_original_random_k2_seed11.mat,reviews/sq1-whq-update-0036487/raw/E1_strength_policy_original_random_k2_seed11.mat
C09,C09-S012,original,random,2,12,0036487818d891c23d357f7af49030f323f4c9af,133,E2_neighbor_count,original,random,0,experiment_label,reviews/sq1-whq-update-0036487/raw/E2_neighbor_count_original_random_k2_seed12.mat,84b6260b3f6e5e6e1f1d3ddc3e97039d08dd85419d2779c9d63ed546aaad450f,364928,effective-social-input/run_B_1_04_raw_04_part_02.zip,E2_neighbor_count_original_random_k2_seed12.mat,reviews/sq1-whq-update-0036487/raw/E1_strength_policy_original_random_k2_seed12.mat
C09,C09-S013,original,random,2,13,0036487818d891c23d357f7af49030f323f4c9af,134,E2_neighbor_count,original,random,0,experiment_label,reviews/sq1-whq-update-0036487/raw/E2_neighbor_count_original_random_k2_seed13.mat,0b69198a323a2a68b090fe3ff5121e3992daa5539c3a7cc606d94f94a1a52ba1,364905,effective-social-input/run_B_1_04_raw_04_part_02.zip,E2_neighbor_count_original_random_k2_seed13.mat,reviews/sq1-whq-update-0036487/raw/E1_strength_policy_original_random_k2_seed13.mat
C09,C09-S014,original,random,2,14,0036487818d891c23d357f7af49030f323f4c9af,135,E2_neighbor_count,original,random,0,experiment_label,reviews/sq1-whq-update-0036487/raw/E2_neighbor_count_original_random_k2_seed14.mat,6f8615167d282f68f506ad21fca86271bc2011cd6bcaeac7b1b94666a573a059,364576,effective-social-input/run_B_1_04_raw_04_part_02.zip,E2_neighbor_count_original_random_k2_seed14.mat,reviews/sq1-whq-update-0036487/raw/E1_strength_policy_original_random_k2_seed14.mat
C09,C09-S015,original,random,2,15,0036487818d891c23d357f7af49030f323f4c9af,136,E2_neighbor_count,original,random,0,experiment_label,reviews/sq1-whq-update-0036487/raw/E2_neighbor_count_original_random_k2_seed15.mat,e5a04856f86fcfb953c10939c7dc9d34e10508c431188e4db076468c51de7d5f,366257,effective-social-input/run_B_1_04_raw_04_part_02.zip,E2_neighbor_count_original_random_k2_seed15.mat,reviews/sq1-whq-update-0036487/raw/E1_strength_policy_original_random_k2_seed15.mat
C09,C09-S016,original,random,2,16,0036487818d891c23d357f7af49030f323f4c9af,137,E2_neighbor_count,original,random,0,experiment_label,reviews/sq1-whq-update-0036487/raw/E2_neighbor_count_original_random_k2_seed16.mat,3d65eea25caa0471564e74a711e4b65dd6c14d172da447549ed93cbd773e5efe,367282,effective-social-input/run_B_1_04_raw_04_part_02.zip,E2_neighbor_count_original_random_k2_seed16.mat,reviews/sq1-whq-update-0036487/raw/E1_strength_policy_original_random_k2_seed16.mat
C09,C09-S017,original,random,2,17,0036487818d891c23d357f7af49030f323f4c9af,138,E2_neighbor_count,original,random,0,experiment_label,reviews/sq1-whq-update-0036487/raw/E2_neighbor_count_original_random_k2_seed17.mat,f8ec03e0489ceb0d1c0ce23637a6b311bc7938e0dbd7741cad361df3ee49b5c4,367336,effective-social-input/run_B_1_04_raw_04_part_02.zip,E2_neighbor_count_original_random_k2_seed17.mat,reviews/sq1-whq-update-0036487/raw/E1_strength_policy_original_random_k2_seed17.mat
C09,C09-S018,original,random,2,18,0036487818d891c23d357f7af49030f323f4c9af,139,E2_neighbor_count,original,random,0,experiment_label,reviews/sq1-whq-update-0036487/raw/E2_neighbor_count_original_random_k2_seed18.mat,0377fae1796ebac4c68c716f351da9f4b38082d737a131a3c5243499840e3adf,366809,effective-social-input/run_B_1_04_raw_04_part_02.zip,E2_neighbor_count_original_random_k2_seed18.mat,reviews/sq1-whq-update-0036487/raw/E1_strength_policy_original_random_k2_seed18.mat
C09,C09-S019,original,random,2,19,0036487818d891c23d357f7af49030f323f4c9af,140,E2_neighbor_count,original,random,0,experiment_label,reviews/sq1-whq-update-0036487/raw/E2_neighbor_count_original_random_k2_seed19.mat,96c5163d614267911fceb1b8ce2cebc92ff716418c1bd422e60d0139f5f88ee7,363269,effective-social-input/run_B_1_04_raw_04_part_02.zip,E2_neighbor_count_original_random_k2_seed19.mat,reviews/sq1-whq-update-0036487/raw/E1_strength_policy_original_random_k2_seed19.mat
C09,C09-S020,original,random,2,20,0036487818d891c23d357f7af49030f323f4c9af,141,E2_neighbor_count,original,random,0,experiment_label,reviews/sq1-whq-update-0036487/raw/E2_neighbor_count_original_random_k2_seed20.mat,c2e88d11be459d1fbdc2240563c613f13c4c281417f55ee39c2f8bde64a7a381,366516,effective-social-input/run_B_1_04_raw_04_part_02.zip,E2_neighbor_count_original_random_k2_seed20.mat,reviews/sq1-whq-update-0036487/raw/E1_strength_policy_original_random_k2_seed20.mat
C10,C10-S001,original,random,4,1,0036487818d891c23d357f7af49030f323f4c9af,142,E2_neighbor_count,original,random,1,representative,reviews/sq1-whq-update-0036487/raw/E2_neighbor_count_original_random_k4_seed1.mat,034cca1b6f5c4b147ff8df353b543903bdc77729a66e53893c9c7a3e0cf49553,541827,effective-social-input/run_B_1_04_raw_04_part_03.zip,E2_neighbor_count_original_random_k4_seed1.mat,reviews/sq1-whq-update-0036487/raw/E2_neighbor_count_original_random_k4_seed1.mat
C10,C10-S002,original,random,4,2,0036487818d891c23d357f7af49030f323f4c9af,143,E2_neighbor_count,original,random,1,representative,reviews/sq1-whq-update-0036487/raw/E2_neighbor_count_original_random_k4_seed2.mat,e07747dfdd324f3fd758ea9fbd6c33ddede8fc96b4e76d6bc404dd9d89ffc53f,558989,effective-social-input/run_B_1_04_raw_04_part_03.zip,E2_neighbor_count_original_random_k4_seed2.mat,reviews/sq1-whq-update-0036487/raw/E2_neighbor_count_original_random_k4_seed2.mat
C10,C10-S003,original,random,4,3,0036487818d891c23d357f7af49030f323f4c9af,144,E2_neighbor_count,original,random,1,representative,reviews/sq1-whq-update-0036487/raw/E2_neighbor_count_original_random_k4_seed3.mat,2fdfda94067c4499bee641298dee46ad47c39e1f4bf37b9c6a914f2bf3fbf788,544925,effective-social-input/run_B_1_04_raw_04_part_03.zip,E2_neighbor_count_original_random_k4_seed3.mat,reviews/sq1-whq-update-0036487/raw/E2_neighbor_count_original_random_k4_seed3.mat
C10,C10-S004,original,random,4,4,0036487818d891c23d357f7af49030f323f4c9af,145,E2_neighbor_count,original,random,1,representative,reviews/sq1-whq-update-0036487/raw/E2_neighbor_count_original_random_k4_seed4.mat,1bbf7316cae7d636d43d9c5de9d450a791c9214383db6d0c0545f86b312e92e9,555175,effective-social-input/run_B_1_04_raw_04_part_03.zip,E2_neighbor_count_original_random_k4_seed4.mat,reviews/sq1-whq-update-0036487/raw/E2_neighbor_count_original_random_k4_seed4.mat
C10,C10-S005,original,random,4,5,0036487818d891c23d357f7af49030f323f4c9af,146,E2_neighbor_count,original,random,1,representative,reviews/sq1-whq-update-0036487/raw/E2_neighbor_count_original_random_k4_seed5.mat,bb2ca5b531c363b811155aed58d0d9a689e3a72fbfbe6307520d9434c45de27b,550826,effective-social-input/run_B_1_04_raw_04_part_03.zip,E2_neighbor_count_original_random_k4_seed5.mat,reviews/sq1-whq-update-0036487/raw/E2_neighbor_count_original_random_k4_seed5.mat
C10,C10-S006,original,random,4,6,0036487818d891c23d357f7af49030f323f4c9af,147,E2_neighbor_count,original,random,1,representative,reviews/sq1-whq-update-0036487/raw/E2_neighbor_count_original_random_k4_seed6.mat,6341764591e0bda514054da174ee5f8845581841ad3068ab3bb3b40bef2d3bd0,544461,effective-social-input/run_B_1_04_raw_04_part_03.zip,E2_neighbor_count_original_random_k4_seed6.mat,reviews/sq1-whq-update-0036487/raw/E2_neighbor_count_original_random_k4_seed6.mat
C10,C10-S007,original,random,4,7,0036487818d891c23d357f7af49030f323f4c9af,148,E2_neighbor_count,original,random,1,representative,reviews/sq1-whq-update-0036487/raw/E2_neighbor_count_original_random_k4_seed7.mat,95917eac69651e12cbb582f8c43c501c4a30580f8280928839dc72da37242b24,552054,effective-social-input/run_B_1_04_raw_04_part_03.zip,E2_neighbor_count_original_random_k4_seed7.mat,reviews/sq1-whq-update-0036487/raw/E2_neighbor_count_original_random_k4_seed7.mat
C10,C10-S008,original,random,4,8,0036487818d891c23d357f7af49030f323f4c9af,149,E2_neighbor_count,original,random,1,representative,reviews/sq1-whq-update-0036487/raw/E2_neighbor_count_original_random_k4_seed8.mat,4ea0f4dd0dd716f484f45c9bc35a7af3af1d8f3674ea7c76bd289c93ae56b374,549641,effective-social-input/run_B_1_04_raw_04_part_03.zip,E2_neighbor_count_original_random_k4_seed8.mat,reviews/sq1-whq-update-0036487/raw/E2_neighbor_count_original_random_k4_seed8.mat
C10,C10-S009,original,random,4,9,0036487818d891c23d357f7af49030f323f4c9af,150,E2_neighbor_count,original,random,1,representative,reviews/sq1-whq-update-0036487/raw/E2_neighbor_count_original_random_k4_seed9.mat,bcea615b1f3899e3ea568afc0e56274813a36b604c1906eb1e390caa4a0700d1,547854,effective-social-input/run_B_1_04_raw_04_part_03.zip,E2_neighbor_count_original_random_k4_seed9.mat,reviews/sq1-whq-update-0036487/raw/E2_neighbor_count_original_random_k4_seed9.mat
C10,C10-S010,original,random,4,10,0036487818d891c23d357f7af49030f323f4c9af,151,E2_neighbor_count,original,random,1,representative,reviews/sq1-whq-update-0036487/raw/E2_neighbor_count_original_random_k4_seed10.mat,2bb145eca2f54b84ec3115265950346f1101f83804bd80a6dc76ee27fb457b35,546972,effective-social-input/run_B_1_04_raw_04_part_03.zip,E2_neighbor_count_original_random_k4_seed10.mat,reviews/sq1-whq-update-0036487/raw/E2_neighbor_count_original_random_k4_seed10.mat
C10,C10-S011,original,random,4,11,0036487818d891c23d357f7af49030f323f4c9af,152,E2_neighbor_count,original,random,1,representative,reviews/sq1-whq-update-0036487/raw/E2_neighbor_count_original_random_k4_seed11.mat,97ae37d25b7c5b599a1f69ae68bd6f38a94030df6cefdd5b851a287a1ff875ef,552475,effective-social-input/run_B_1_04_raw_04_part_03.zip,E2_neighbor_count_original_random_k4_seed11.mat,reviews/sq1-whq-update-0036487/raw/E2_neighbor_count_original_random_k4_seed11.mat
C10,C10-S012,original,random,4,12,0036487818d891c23d357f7af49030f323f4c9af,153,E2_neighbor_count,original,random,1,representative,reviews/sq1-whq-update-0036487/raw/E2_neighbor_count_original_random_k4_seed12.mat,a0284c3259b3016379a3e6a36ec4870bdfb79e88f96f53533bbf0a66d8ab92ce,551749,effective-social-input/run_B_1_04_raw_04_part_03.zip,E2_neighbor_count_original_random_k4_seed12.mat,reviews/sq1-whq-update-0036487/raw/E2_neighbor_count_original_random_k4_seed12.mat
C10,C10-S013,original,random,4,13,0036487818d891c23d357f7af49030f323f4c9af,154,E2_neighbor_count,original,random,1,representative,reviews/sq1-whq-update-0036487/raw/E2_neighbor_count_original_random_k4_seed13.mat,4302a43dba940e69bc3dc504f4a8d36de575d15b5684692357cbb8d43726d901,549440,effective-social-input/run_B_1_04_raw_04_part_03.zip,E2_neighbor_count_original_random_k4_seed13.mat,reviews/sq1-whq-update-0036487/raw/E2_neighbor_count_original_random_k4_seed13.mat
C10,C10-S014,original,random,4,14,0036487818d891c23d357f7af49030f323f4c9af,155,E2_neighbor_count,original,random,1,representative,reviews/sq1-whq-update-0036487/raw/E2_neighbor_count_original_random_k4_seed14.mat,bb96f12804bceb0b616cdd525f608fb842cfc3c6ec8a779f2b9ef7a1b9e09147,543885,effective-social-input/run_B_1_04_raw_04_part_03.zip,E2_neighbor_count_original_random_k4_seed14.mat,reviews/sq1-whq-update-0036487/raw/E2_neighbor_count_original_random_k4_seed14.mat
C10,C10-S015,original,random,4,15,0036487818d891c23d357f7af49030f323f4c9af,156,E2_neighbor_count,original,random,1,representative,reviews/sq1-whq-update-0036487/raw/E2_neighbor_count_original_random_k4_seed15.mat,4fa9a08e9a052fa3738213fd81d606cd4acc36274c426262881cad7877323187,551390,effective-social-input/run_B_1_04_raw_04_part_03.zip,E2_neighbor_count_original_random_k4_seed15.mat,reviews/sq1-whq-update-0036487/raw/E2_neighbor_count_original_random_k4_seed15.mat
C10,C10-S016,original,random,4,16,0036487818d891c23d357f7af49030f323f4c9af,157,E2_neighbor_count,original,random,1,representative,reviews/sq1-whq-update-0036487/raw/E2_neighbor_count_original_random_k4_seed16.mat,17a5b782669154d66cc8275e719b22650e6455ae605bea08fccdc7649f7138a3,546290,effective-social-input/run_B_1_04_raw_04_part_03.zip,E2_neighbor_count_original_random_k4_seed16.mat,reviews/sq1-whq-update-0036487/raw/E2_neighbor_count_original_random_k4_seed16.mat
C10,C10-S017,original,random,4,17,0036487818d891c23d357f7af49030f323f4c9af,158,E2_neighbor_count,original,random,1,representative,reviews/sq1-whq-update-0036487/raw/E2_neighbor_count_original_random_k4_seed17.mat,15f20841b2ae8a9fef1953f8ee5090ae0b6de64b2e6ee072b7f047afd02d044d,551750,effective-social-input/run_B_1_04_raw_04_part_03.zip,E2_neighbor_count_original_random_k4_seed17.mat,reviews/sq1-whq-update-0036487/raw/E2_neighbor_count_original_random_k4_seed17.mat
C10,C10-S018,original,random,4,18,0036487818d891c23d357f7af49030f323f4c9af,159,E2_neighbor_count,original,random,1,representative,reviews/sq1-whq-update-0036487/raw/E2_neighbor_count_original_random_k4_seed18.mat,3c62eaf124a8ca2b437f16a0ce23dff73484e83603ffc0aa4d6d65478c69a278,549184,effective-social-input/run_B_1_04_raw_04_part_03.zip,E2_neighbor_count_original_random_k4_seed18.mat,reviews/sq1-whq-update-0036487/raw/E2_neighbor_count_original_random_k4_seed18.mat
C10,C10-S019,original,random,4,19,0036487818d891c23d357f7af49030f323f4c9af,160,E2_neighbor_count,original,random,1,representative,reviews/sq1-whq-update-0036487/raw/E2_neighbor_count_original_random_k4_seed19.mat,eee117928116a7a32acafc3d29cdfde6b2a898a302c94d9720ab4ac1d9b31ee2,547441,effective-social-input/run_B_1_04_raw_04_part_03.zip,E2_neighbor_count_original_random_k4_seed19.mat,reviews/sq1-whq-update-0036487/raw/E2_neighbor_count_original_random_k4_seed19.mat
C10,C10-S020,original,random,4,20,0036487818d891c23d357f7af49030f323f4c9af,161,E2_neighbor_count,original,random,1,representative,reviews/sq1-whq-update-0036487/raw/E2_neighbor_count_original_random_k4_seed20.mat,42ebba36986f51763c7f0ee768d0826a79731bf6e91dfc1320cfcea02731dcb4,547718,effective-social-input/run_B_1_04_raw_04_part_03.zip,E2_neighbor_count_original_random_k4_seed20.mat,reviews/sq1-whq-update-0036487/raw/E2_neighbor_count_original_random_k4_seed20.mat
C11,C11-S001,original,random,8,1,0036487818d891c23d357f7af49030f323f4c9af,162,E2_neighbor_count,original,random,0,experiment_label,reviews/sq1-whq-update-0036487/raw/E2_neighbor_count_original_random_k8_seed1.mat,0f359bcaaaf134c05fdfd7524adeb06a149b823c1e55145e2417e9f36a03628c,542720,effective-social-input/run_B_1_04_raw_04_part_04.zip,E2_neighbor_count_original_random_k8_seed1.mat,reviews/sq1-whq-update-0036487/raw/E1_strength_policy_original_random_k8_seed1.mat
C11,C11-S002,original,random,8,2,0036487818d891c23d357f7af49030f323f4c9af,163,E2_neighbor_count,original,random,0,experiment_label,reviews/sq1-whq-update-0036487/raw/E2_neighbor_count_original_random_k8_seed2.mat,77f509ffe411968f9f57ca617b6c06fc646149bdead6cbb70792ae01c0553936,542275,effective-social-input/run_B_1_04_raw_04_part_04.zip,E2_neighbor_count_original_random_k8_seed2.mat,reviews/sq1-whq-update-0036487/raw/E1_strength_policy_original_random_k8_seed2.mat
C11,C11-S003,original,random,8,3,0036487818d891c23d357f7af49030f323f4c9af,164,E2_neighbor_count,original,random,0,experiment_label,reviews/sq1-whq-update-0036487/raw/E2_neighbor_count_original_random_k8_seed3.mat,53cd82ac250e539147a1c16c16d712120400dfe22d25a3233c274a2f4ade1395,531864,effective-social-input/run_B_1_04_raw_04_part_04.zip,E2_neighbor_count_original_random_k8_seed3.mat,reviews/sq1-whq-update-0036487/raw/E1_strength_policy_original_random_k8_seed3.mat
C11,C11-S004,original,random,8,4,0036487818d891c23d357f7af49030f323f4c9af,165,E2_neighbor_count,original,random,0,experiment_label,reviews/sq1-whq-update-0036487/raw/E2_neighbor_count_original_random_k8_seed4.mat,543747f6d6360d4d545a23d6850c25890df919b92b803c8e500d8cfc59ead864,546691,effective-social-input/run_B_1_04_raw_04_part_04.zip,E2_neighbor_count_original_random_k8_seed4.mat,reviews/sq1-whq-update-0036487/raw/E1_strength_policy_original_random_k8_seed4.mat
C11,C11-S005,original,random,8,5,0036487818d891c23d357f7af49030f323f4c9af,166,E2_neighbor_count,original,random,0,experiment_label,reviews/sq1-whq-update-0036487/raw/E2_neighbor_count_original_random_k8_seed5.mat,e0cd2df4bbf0cdfc2594ba8f6ed3222bd60479731b2c77571021a031a13ad5a5,537027,effective-social-input/run_B_1_04_raw_04_part_04.zip,E2_neighbor_count_original_random_k8_seed5.mat,reviews/sq1-whq-update-0036487/raw/E1_strength_policy_original_random_k8_seed5.mat
C11,C11-S006,original,random,8,6,0036487818d891c23d357f7af49030f323f4c9af,167,E2_neighbor_count,original,random,0,experiment_label,reviews/sq1-whq-update-0036487/raw/E2_neighbor_count_original_random_k8_seed6.mat,756d21a36b13bf9e095b931a68c4efaa9db7d53fd2cddbc392ff7717dcedd3c7,524450,effective-social-input/run_B_1_04_raw_04_part_04.zip,E2_neighbor_count_original_random_k8_seed6.mat,reviews/sq1-whq-update-0036487/raw/E1_strength_policy_original_random_k8_seed6.mat
C11,C11-S007,original,random,8,7,0036487818d891c23d357f7af49030f323f4c9af,168,E2_neighbor_count,original,random,0,experiment_label,reviews/sq1-whq-update-0036487/raw/E2_neighbor_count_original_random_k8_seed7.mat,33f733f750ac976b06618aa042b5d2a3b3dd13fd53f21972ce7a1e977dfbe9e9,546343,effective-social-input/run_B_1_04_raw_04_part_04.zip,E2_neighbor_count_original_random_k8_seed7.mat,reviews/sq1-whq-update-0036487/raw/E1_strength_policy_original_random_k8_seed7.mat
C11,C11-S008,original,random,8,8,0036487818d891c23d357f7af49030f323f4c9af,169,E2_neighbor_count,original,random,0,experiment_label,reviews/sq1-whq-update-0036487/raw/E2_neighbor_count_original_random_k8_seed8.mat,7a5014a4b7531203596f255efe993c117a148a0d8cc4b14a0eda137e580a65d6,548150,effective-social-input/run_B_1_04_raw_04_part_04.zip,E2_neighbor_count_original_random_k8_seed8.mat,reviews/sq1-whq-update-0036487/raw/E1_strength_policy_original_random_k8_seed8.mat
C11,C11-S009,original,random,8,9,0036487818d891c23d357f7af49030f323f4c9af,170,E2_neighbor_count,original,random,0,experiment_label,reviews/sq1-whq-update-0036487/raw/E2_neighbor_count_original_random_k8_seed9.mat,2693f66334c31ca5c3ad346706a3d2004de7fd15d7f721691d23601a575f7216,546307,effective-social-input/run_B_1_04_raw_04_part_04.zip,E2_neighbor_count_original_random_k8_seed9.mat,reviews/sq1-whq-update-0036487/raw/E1_strength_policy_original_random_k8_seed9.mat
C11,C11-S010,original,random,8,10,0036487818d891c23d357f7af49030f323f4c9af,171,E2_neighbor_count,original,random,0,experiment_label,reviews/sq1-whq-update-0036487/raw/E2_neighbor_count_original_random_k8_seed10.mat,93e710ba3403bc53ffb1284903b6dd29d025f6d3ebdaf780ac3882b6b714218c,547746,effective-social-input/run_B_1_04_raw_04_part_04.zip,E2_neighbor_count_original_random_k8_seed10.mat,reviews/sq1-whq-update-0036487/raw/E1_strength_policy_original_random_k8_seed10.mat
C11,C11-S011,original,random,8,11,0036487818d891c23d357f7af49030f323f4c9af,172,E2_neighbor_count,original,random,0,experiment_label,reviews/sq1-whq-update-0036487/raw/E2_neighbor_count_original_random_k8_seed11.mat,8946b4ee8e0c1bfeec37e92909e5936fd5cff974e1e5b0fa49c5137ce5b10a2d,558524,effective-social-input/run_B_1_04_raw_04_part_04.zip,E2_neighbor_count_original_random_k8_seed11.mat,reviews/sq1-whq-update-0036487/raw/E1_strength_policy_original_random_k8_seed11.mat
C11,C11-S012,original,random,8,12,0036487818d891c23d357f7af49030f323f4c9af,173,E2_neighbor_count,original,random,0,experiment_label,reviews/sq1-whq-update-0036487/raw/E2_neighbor_count_original_random_k8_seed12.mat,fbbbc9ad149229918fc682003797f5e3859c889b084835291c5fe8e1be3a5adb,545984,effective-social-input/run_B_1_04_raw_04_part_04.zip,E2_neighbor_count_original_random_k8_seed12.mat,reviews/sq1-whq-update-0036487/raw/E1_strength_policy_original_random_k8_seed12.mat
C11,C11-S013,original,random,8,13,0036487818d891c23d357f7af49030f323f4c9af,174,E2_neighbor_count,original,random,0,experiment_label,reviews/sq1-whq-update-0036487/raw/E2_neighbor_count_original_random_k8_seed13.mat,c92c2622205d61ea3d11ed917585d4010a5d73186729b0fe2acd5b37c408fbdb,534606,effective-social-input/run_B_1_04_raw_04_part_04.zip,E2_neighbor_count_original_random_k8_seed13.mat,reviews/sq1-whq-update-0036487/raw/E1_strength_policy_original_random_k8_seed13.mat
C11,C11-S014,original,random,8,14,0036487818d891c23d357f7af49030f323f4c9af,175,E2_neighbor_count,original,random,0,experiment_label,reviews/sq1-whq-update-0036487/raw/E2_neighbor_count_original_random_k8_seed14.mat,749f247c729ce8bb8a4dd7d5c9a0e2c7b477ccffd3d536d743710d91573c426c,541480,effective-social-input/run_B_1_04_raw_04_part_04.zip,E2_neighbor_count_original_random_k8_seed14.mat,reviews/sq1-whq-update-0036487/raw/E1_strength_policy_original_random_k8_seed14.mat
C11,C11-S015,original,random,8,15,0036487818d891c23d357f7af49030f323f4c9af,176,E2_neighbor_count,original,random,0,experiment_label,reviews/sq1-whq-update-0036487/raw/E2_neighbor_count_original_random_k8_seed15.mat,165d9f17dd5aedff11468ee600b6e6e2e784910a23126c76ff8e34b31808df38,549055,effective-social-input/run_B_1_04_raw_04_part_04.zip,E2_neighbor_count_original_random_k8_seed15.mat,reviews/sq1-whq-update-0036487/raw/E1_strength_policy_original_random_k8_seed15.mat
C11,C11-S016,original,random,8,16,0036487818d891c23d357f7af49030f323f4c9af,177,E2_neighbor_count,original,random,0,experiment_label,reviews/sq1-whq-update-0036487/raw/E2_neighbor_count_original_random_k8_seed16.mat,1f5f3efaa600d53e105379b641e7cf3d9ffbdec8f6d168e74f9d8af18721985b,539001,effective-social-input/run_B_1_04_raw_04_part_04.zip,E2_neighbor_count_original_random_k8_seed16.mat,reviews/sq1-whq-update-0036487/raw/E1_strength_policy_original_random_k8_seed16.mat
C11,C11-S017,original,random,8,17,0036487818d891c23d357f7af49030f323f4c9af,178,E2_neighbor_count,original,random,0,experiment_label,reviews/sq1-whq-update-0036487/raw/E2_neighbor_count_original_random_k8_seed17.mat,27296203da35c40c5606ed5cce25cf33bc3c774daf6803fa0a5ffbc665bc99a9,546159,effective-social-input/run_B_1_04_raw_04_part_04.zip,E2_neighbor_count_original_random_k8_seed17.mat,reviews/sq1-whq-update-0036487/raw/E1_strength_policy_original_random_k8_seed17.mat
C11,C11-S018,original,random,8,18,0036487818d891c23d357f7af49030f323f4c9af,179,E2_neighbor_count,original,random,0,experiment_label,reviews/sq1-whq-update-0036487/raw/E2_neighbor_count_original_random_k8_seed18.mat,b58b893e8cbe85421a952f1e1589817b3f48b6d0aeea79c63db60c490bb60dc6,541885,effective-social-input/run_B_1_04_raw_04_part_04.zip,E2_neighbor_count_original_random_k8_seed18.mat,reviews/sq1-whq-update-0036487/raw/E1_strength_policy_original_random_k8_seed18.mat
C11,C11-S019,original,random,8,19,0036487818d891c23d357f7af49030f323f4c9af,180,E2_neighbor_count,original,random,0,experiment_label,reviews/sq1-whq-update-0036487/raw/E2_neighbor_count_original_random_k8_seed19.mat,0dd9cf4b7a8240250618027394c87e9f52ed38b5795437e647f1f427039577ce,561343,effective-social-input/run_B_1_04_raw_04_part_04.zip,E2_neighbor_count_original_random_k8_seed19.mat,reviews/sq1-whq-update-0036487/raw/E1_strength_policy_original_random_k8_seed19.mat
C11,C11-S020,original,random,8,20,0036487818d891c23d357f7af49030f323f4c9af,181,E2_neighbor_count,original,random,0,experiment_label,reviews/sq1-whq-update-0036487/raw/E2_neighbor_count_original_random_k8_seed20.mat,433b8a7cc0feda3c275dde30d95db692503e191056366bec5ff3e87476ddb3bf,546298,effective-social-input/run_B_1_04_raw_04_part_04.zip,E2_neighbor_count_original_random_k8_seed20.mat,reviews/sq1-whq-update-0036487/raw/E1_strength_policy_original_random_k8_seed20.mat
C12,C12-S001,original,random,12,1,0036487818d891c23d357f7af49030f323f4c9af,182,E2_neighbor_count,original,random,1,representative,reviews/sq1-whq-update-0036487/raw/E2_neighbor_count_original_random_k12_seed1.mat,9b23f327c49a380fa425714dc59a7a8067fa8efbfd32823761c6dbac9af0cc1e,579606,effective-social-input/run_B_1_04_raw_03_part_04.zip,E2_neighbor_count_original_random_k12_seed1.mat,reviews/sq1-whq-update-0036487/raw/E2_neighbor_count_original_random_k12_seed1.mat
C12,C12-S002,original,random,12,2,0036487818d891c23d357f7af49030f323f4c9af,183,E2_neighbor_count,original,random,1,representative,reviews/sq1-whq-update-0036487/raw/E2_neighbor_count_original_random_k12_seed2.mat,d688398b51882da5c5d19468d0bbe310b5aa2271b3f9dc2b04b4b1d8d80c2acb,578724,effective-social-input/run_B_1_04_raw_03_part_04.zip,E2_neighbor_count_original_random_k12_seed2.mat,reviews/sq1-whq-update-0036487/raw/E2_neighbor_count_original_random_k12_seed2.mat
C12,C12-S003,original,random,12,3,0036487818d891c23d357f7af49030f323f4c9af,184,E2_neighbor_count,original,random,1,representative,reviews/sq1-whq-update-0036487/raw/E2_neighbor_count_original_random_k12_seed3.mat,9ea76144ec62f587a5a69ee13bf39ad18d1b724506c3686861d0353607f019b1,575633,effective-social-input/run_B_1_04_raw_03_part_04.zip,E2_neighbor_count_original_random_k12_seed3.mat,reviews/sq1-whq-update-0036487/raw/E2_neighbor_count_original_random_k12_seed3.mat
C12,C12-S004,original,random,12,4,0036487818d891c23d357f7af49030f323f4c9af,185,E2_neighbor_count,original,random,1,representative,reviews/sq1-whq-update-0036487/raw/E2_neighbor_count_original_random_k12_seed4.mat,bb29a3440e3cab3f58aac8a7e03fc2010463a768644b7b6746eb90949fc39058,574623,effective-social-input/run_B_1_04_raw_03_part_04.zip,E2_neighbor_count_original_random_k12_seed4.mat,reviews/sq1-whq-update-0036487/raw/E2_neighbor_count_original_random_k12_seed4.mat
C12,C12-S005,original,random,12,5,0036487818d891c23d357f7af49030f323f4c9af,186,E2_neighbor_count,original,random,1,representative,reviews/sq1-whq-update-0036487/raw/E2_neighbor_count_original_random_k12_seed5.mat,3ecae4aee7d644d5967ec0c8f239eee504a313ae23c3f185feae387512026623,578004,effective-social-input/run_B_1_04_raw_03_part_04.zip,E2_neighbor_count_original_random_k12_seed5.mat,reviews/sq1-whq-update-0036487/raw/E2_neighbor_count_original_random_k12_seed5.mat
C12,C12-S006,original,random,12,6,0036487818d891c23d357f7af49030f323f4c9af,187,E2_neighbor_count,original,random,1,representative,reviews/sq1-whq-update-0036487/raw/E2_neighbor_count_original_random_k12_seed6.mat,8085eb75e953fa27b54750747ddc6f6247eb6dfbff4c795660b3f72b94eb08ab,576550,effective-social-input/run_B_1_04_raw_03_part_04.zip,E2_neighbor_count_original_random_k12_seed6.mat,reviews/sq1-whq-update-0036487/raw/E2_neighbor_count_original_random_k12_seed6.mat
C12,C12-S007,original,random,12,7,0036487818d891c23d357f7af49030f323f4c9af,188,E2_neighbor_count,original,random,1,representative,reviews/sq1-whq-update-0036487/raw/E2_neighbor_count_original_random_k12_seed7.mat,f1c35dc63042c3db24a2f898cce05bb47d894782d378931fa5587f895f5c2d34,576409,effective-social-input/run_B_1_04_raw_03_part_04.zip,E2_neighbor_count_original_random_k12_seed7.mat,reviews/sq1-whq-update-0036487/raw/E2_neighbor_count_original_random_k12_seed7.mat
C12,C12-S008,original,random,12,8,0036487818d891c23d357f7af49030f323f4c9af,189,E2_neighbor_count,original,random,1,representative,reviews/sq1-whq-update-0036487/raw/E2_neighbor_count_original_random_k12_seed8.mat,b908cdb33999c9a7cceea65cd8ca3f1ffb5b39f95c8168a13a5d74625621da07,577787,effective-social-input/run_B_1_04_raw_03_part_04.zip,E2_neighbor_count_original_random_k12_seed8.mat,reviews/sq1-whq-update-0036487/raw/E2_neighbor_count_original_random_k12_seed8.mat
C12,C12-S009,original,random,12,9,0036487818d891c23d357f7af49030f323f4c9af,190,E2_neighbor_count,original,random,1,representative,reviews/sq1-whq-update-0036487/raw/E2_neighbor_count_original_random_k12_seed9.mat,67f59b02a149631b698b415ad1f901485a6c3015e12f287c2ac8165b3ae9919f,574465,effective-social-input/run_B_1_04_raw_03_part_04.zip,E2_neighbor_count_original_random_k12_seed9.mat,reviews/sq1-whq-update-0036487/raw/E2_neighbor_count_original_random_k12_seed9.mat
C12,C12-S010,original,random,12,10,0036487818d891c23d357f7af49030f323f4c9af,191,E2_neighbor_count,original,random,1,representative,reviews/sq1-whq-update-0036487/raw/E2_neighbor_count_original_random_k12_seed10.mat,a1887cdfe5bc5342b61129319d0df6b8a6e85862565427af64d169d25d6586fe,577927,effective-social-input/run_B_1_04_raw_03_part_04.zip,E2_neighbor_count_original_random_k12_seed10.mat,reviews/sq1-whq-update-0036487/raw/E2_neighbor_count_original_random_k12_seed10.mat
C12,C12-S011,original,random,12,11,0036487818d891c23d357f7af49030f323f4c9af,192,E2_neighbor_count,original,random,1,representative,reviews/sq1-whq-update-0036487/raw/E2_neighbor_count_original_random_k12_seed11.mat,82e511d2c07760b969c838c957fc55241b5ad772b210ca173d42ece2377cbe28,577458,effective-social-input/run_B_1_04_raw_03_part_04.zip,E2_neighbor_count_original_random_k12_seed11.mat,reviews/sq1-whq-update-0036487/raw/E2_neighbor_count_original_random_k12_seed11.mat
C12,C12-S012,original,random,12,12,0036487818d891c23d357f7af49030f323f4c9af,193,E2_neighbor_count,original,random,1,representative,reviews/sq1-whq-update-0036487/raw/E2_neighbor_count_original_random_k12_seed12.mat,2ffd884fe57c352d8661c2c15a463672ee9822fc1f21e47b1f603c0a4fe20528,573139,effective-social-input/run_B_1_04_raw_03_part_04.zip,E2_neighbor_count_original_random_k12_seed12.mat,reviews/sq1-whq-update-0036487/raw/E2_neighbor_count_original_random_k12_seed12.mat
C12,C12-S013,original,random,12,13,0036487818d891c23d357f7af49030f323f4c9af,194,E2_neighbor_count,original,random,1,representative,reviews/sq1-whq-update-0036487/raw/E2_neighbor_count_original_random_k12_seed13.mat,4909053de9adc3a2c44d2e0a2439056639b1b085d0bebef500756d604e14e26f,570830,effective-social-input/run_B_1_04_raw_03_part_04.zip,E2_neighbor_count_original_random_k12_seed13.mat,reviews/sq1-whq-update-0036487/raw/E2_neighbor_count_original_random_k12_seed13.mat
C12,C12-S014,original,random,12,14,0036487818d891c23d357f7af49030f323f4c9af,195,E2_neighbor_count,original,random,1,representative,reviews/sq1-whq-update-0036487/raw/E2_neighbor_count_original_random_k12_seed14.mat,b271437f8e875ff9760c6313eeb0229e7d620b8eb07bbb26268308e4e4bc569a,577436,effective-social-input/run_B_1_04_raw_03_part_04.zip,E2_neighbor_count_original_random_k12_seed14.mat,reviews/sq1-whq-update-0036487/raw/E2_neighbor_count_original_random_k12_seed14.mat
C12,C12-S015,original,random,12,15,0036487818d891c23d357f7af49030f323f4c9af,196,E2_neighbor_count,original,random,1,representative,reviews/sq1-whq-update-0036487/raw/E2_neighbor_count_original_random_k12_seed15.mat,95473e621947ca4d62ee61e2d46a4a869562805c020c6a82a97cc14dcc952e64,572207,effective-social-input/run_B_1_04_raw_03_part_04.zip,E2_neighbor_count_original_random_k12_seed15.mat,reviews/sq1-whq-update-0036487/raw/E2_neighbor_count_original_random_k12_seed15.mat
C12,C12-S016,original,random,12,16,0036487818d891c23d357f7af49030f323f4c9af,197,E2_neighbor_count,original,random,1,representative,reviews/sq1-whq-update-0036487/raw/E2_neighbor_count_original_random_k12_seed16.mat,d246563c7cca7645e22159f39e2240a193028f950891fbdb343a4cb8cd28691c,575735,effective-social-input/run_B_1_04_raw_03_part_04.zip,E2_neighbor_count_original_random_k12_seed16.mat,reviews/sq1-whq-update-0036487/raw/E2_neighbor_count_original_random_k12_seed16.mat
C12,C12-S017,original,random,12,17,0036487818d891c23d357f7af49030f323f4c9af,198,E2_neighbor_count,original,random,1,representative,reviews/sq1-whq-update-0036487/raw/E2_neighbor_count_original_random_k12_seed17.mat,43851ae18ae46e98c8a34f9c74524b5261a067a04bd1a667ba565fd0a9465f69,576075,effective-social-input/run_B_1_04_raw_03_part_04.zip,E2_neighbor_count_original_random_k12_seed17.mat,reviews/sq1-whq-update-0036487/raw/E2_neighbor_count_original_random_k12_seed17.mat
C12,C12-S018,original,random,12,18,0036487818d891c23d357f7af49030f323f4c9af,199,E2_neighbor_count,original,random,1,representative,reviews/sq1-whq-update-0036487/raw/E2_neighbor_count_original_random_k12_seed18.mat,b9f34da5536173fadc13a6a6900197645807b8f4f25be0f579391c15d8f37a19,579973,effective-social-input/run_B_1_04_raw_03_part_04.zip,E2_neighbor_count_original_random_k12_seed18.mat,reviews/sq1-whq-update-0036487/raw/E2_neighbor_count_original_random_k12_seed18.mat
C12,C12-S019,original,random,12,19,0036487818d891c23d357f7af49030f323f4c9af,200,E2_neighbor_count,original,random,1,representative,reviews/sq1-whq-update-0036487/raw/E2_neighbor_count_original_random_k12_seed19.mat,61b64b0455cfdd6aae3bf7c7c390ada9977f1a11455ce223b3fbecf707527638,580915,effective-social-input/run_B_1_04_raw_03_part_04.zip,E2_neighbor_count_original_random_k12_seed19.mat,reviews/sq1-whq-update-0036487/raw/E2_neighbor_count_original_random_k12_seed19.mat
C12,C12-S020,original,random,12,20,0036487818d891c23d357f7af49030f323f4c9af,201,E2_neighbor_count,original,random,1,representative,reviews/sq1-whq-update-0036487/raw/E2_neighbor_count_original_random_k12_seed20.mat,c5213aa7c6e7de679ab431672e2b67d47685ffae2d1b635e5794cc768e48cbb9,576885,effective-social-input/run_B_1_04_raw_03_part_04.zip,E2_neighbor_count_original_random_k12_seed20.mat,reviews/sq1-whq-update-0036487/raw/E2_neighbor_count_original_random_k12_seed20.mat
C08,C08-S001,full-equivalent,all,19,1,0036487818d891c23d357f7af49030f323f4c9af,202,E2_neighbor_count,original,random,0,experiment_label,reviews/sq1-whq-update-0036487/raw/E2_neighbor_count_original_random_k19_seed1.mat,6c0a64045521bd80320ca83b286cab7b877388f2c4305564c22f8e579ee309b1,579019,effective-social-input/run_B_1_04_raw_04_part_01.zip,E2_neighbor_count_original_random_k19_seed1.mat,reviews/sq1-whq-update-0036487/raw/E1_strength_policy_original_random_k19_seed1.mat
C08,C08-S002,full-equivalent,all,19,2,0036487818d891c23d357f7af49030f323f4c9af,203,E2_neighbor_count,original,random,0,experiment_label,reviews/sq1-whq-update-0036487/raw/E2_neighbor_count_original_random_k19_seed2.mat,9e5fbff08cfb202814cf665df3415e6043466e45a46dd74dd251ec3dd00a91f2,578768,effective-social-input/run_B_1_04_raw_04_part_01.zip,E2_neighbor_count_original_random_k19_seed2.mat,reviews/sq1-whq-update-0036487/raw/E1_strength_policy_original_random_k19_seed2.mat
C08,C08-S003,full-equivalent,all,19,3,0036487818d891c23d357f7af49030f323f4c9af,204,E2_neighbor_count,original,random,0,experiment_label,reviews/sq1-whq-update-0036487/raw/E2_neighbor_count_original_random_k19_seed3.mat,c8072730771e27e1fa4a2170bc54f00075ff8bdcd8cdbe898d778713402b748d,574875,effective-social-input/run_B_1_04_raw_04_part_01.zip,E2_neighbor_count_original_random_k19_seed3.mat,reviews/sq1-whq-update-0036487/raw/E1_strength_policy_original_random_k19_seed3.mat
C08,C08-S004,full-equivalent,all,19,4,0036487818d891c23d357f7af49030f323f4c9af,205,E2_neighbor_count,original,random,0,experiment_label,reviews/sq1-whq-update-0036487/raw/E2_neighbor_count_original_random_k19_seed4.mat,cfbb389fa1e23359badd18f2846e631f5a3c29130bac453b2248e6103103484a,580995,effective-social-input/run_B_1_04_raw_04_part_01.zip,E2_neighbor_count_original_random_k19_seed4.mat,reviews/sq1-whq-update-0036487/raw/E1_strength_policy_original_random_k19_seed4.mat
C08,C08-S005,full-equivalent,all,19,5,0036487818d891c23d357f7af49030f323f4c9af,206,E2_neighbor_count,original,random,0,experiment_label,reviews/sq1-whq-update-0036487/raw/E2_neighbor_count_original_random_k19_seed5.mat,6bc763add6b37f5e86ae94b6d28d643acb1c42392299a5dd79211272b9551545,580587,effective-social-input/run_B_1_04_raw_04_part_01.zip,E2_neighbor_count_original_random_k19_seed5.mat,reviews/sq1-whq-update-0036487/raw/E1_strength_policy_original_random_k19_seed5.mat
C08,C08-S006,full-equivalent,all,19,6,0036487818d891c23d357f7af49030f323f4c9af,207,E2_neighbor_count,original,random,0,experiment_label,reviews/sq1-whq-update-0036487/raw/E2_neighbor_count_original_random_k19_seed6.mat,dcdd5fef1ba1cd3f5e72288a37391c00f15fe410897cafb06bcadcccb4b43383,573247,effective-social-input/run_B_1_04_raw_04_part_01.zip,E2_neighbor_count_original_random_k19_seed6.mat,reviews/sq1-whq-update-0036487/raw/E1_strength_policy_original_random_k19_seed6.mat
C08,C08-S007,full-equivalent,all,19,7,0036487818d891c23d357f7af49030f323f4c9af,208,E2_neighbor_count,original,random,0,experiment_label,reviews/sq1-whq-update-0036487/raw/E2_neighbor_count_original_random_k19_seed7.mat,9198dc62e5a42704eb0ad21397c085f5b3013560392ae0d14d9d609b440d508c,574466,effective-social-input/run_B_1_04_raw_04_part_01.zip,E2_neighbor_count_original_random_k19_seed7.mat,reviews/sq1-whq-update-0036487/raw/E1_strength_policy_original_random_k19_seed7.mat
C08,C08-S008,full-equivalent,all,19,8,0036487818d891c23d357f7af49030f323f4c9af,209,E2_neighbor_count,original,random,0,experiment_label,reviews/sq1-whq-update-0036487/raw/E2_neighbor_count_original_random_k19_seed8.mat,1197f91c74de72fafa697a0196baa1848ca903118924cab844394a9ad549107f,578814,effective-social-input/run_B_1_04_raw_04_part_01.zip,E2_neighbor_count_original_random_k19_seed8.mat,reviews/sq1-whq-update-0036487/raw/E1_strength_policy_original_random_k19_seed8.mat
C08,C08-S009,full-equivalent,all,19,9,0036487818d891c23d357f7af49030f323f4c9af,210,E2_neighbor_count,original,random,0,experiment_label,reviews/sq1-whq-update-0036487/raw/E2_neighbor_count_original_random_k19_seed9.mat,35d56385621e8abb8c97480333a3db35cd3ba54766eb9bb8c303f5d738332607,582211,effective-social-input/run_B_1_04_raw_04_part_01.zip,E2_neighbor_count_original_random_k19_seed9.mat,reviews/sq1-whq-update-0036487/raw/E1_strength_policy_original_random_k19_seed9.mat
C08,C08-S010,full-equivalent,all,19,10,0036487818d891c23d357f7af49030f323f4c9af,211,E2_neighbor_count,original,random,0,experiment_label,reviews/sq1-whq-update-0036487/raw/E2_neighbor_count_original_random_k19_seed10.mat,9f2bfa959a8c425f2899c170e8e389006bc8b47aefef3591de96146281d0c394,581489,effective-social-input/run_B_1_04_raw_04_part_01.zip,E2_neighbor_count_original_random_k19_seed10.mat,reviews/sq1-whq-update-0036487/raw/E1_strength_policy_original_random_k19_seed10.mat
C08,C08-S011,full-equivalent,all,19,11,0036487818d891c23d357f7af49030f323f4c9af,212,E2_neighbor_count,original,random,0,experiment_label,reviews/sq1-whq-update-0036487/raw/E2_neighbor_count_original_random_k19_seed11.mat,44dcaab23e62adc8445aee0ad9fec6427642f5f132edb54e7857eb4ccffd15f2,577433,effective-social-input/run_B_1_04_raw_04_part_01.zip,E2_neighbor_count_original_random_k19_seed11.mat,reviews/sq1-whq-update-0036487/raw/E1_strength_policy_original_random_k19_seed11.mat
C08,C08-S012,full-equivalent,all,19,12,0036487818d891c23d357f7af49030f323f4c9af,213,E2_neighbor_count,original,random,0,experiment_label,reviews/sq1-whq-update-0036487/raw/E2_neighbor_count_original_random_k19_seed12.mat,f915feb0f1418e7ceffc05b30bcfa974f53ed3bd26d852d712843e18d8d6ac2e,575811,effective-social-input/run_B_1_04_raw_04_part_01.zip,E2_neighbor_count_original_random_k19_seed12.mat,reviews/sq1-whq-update-0036487/raw/E1_strength_policy_original_random_k19_seed12.mat
C08,C08-S013,full-equivalent,all,19,13,0036487818d891c23d357f7af49030f323f4c9af,214,E2_neighbor_count,original,random,0,experiment_label,reviews/sq1-whq-update-0036487/raw/E2_neighbor_count_original_random_k19_seed13.mat,39a9353f29420dcbf9b22d1cc1b6013aa942748bce7e55d07a07a7f03d624604,575927,effective-social-input/run_B_1_04_raw_04_part_01.zip,E2_neighbor_count_original_random_k19_seed13.mat,reviews/sq1-whq-update-0036487/raw/E1_strength_policy_original_random_k19_seed13.mat
C08,C08-S014,full-equivalent,all,19,14,0036487818d891c23d357f7af49030f323f4c9af,215,E2_neighbor_count,original,random,0,experiment_label,reviews/sq1-whq-update-0036487/raw/E2_neighbor_count_original_random_k19_seed14.mat,7cbd70ac700147e996782311c7d522f0bfa4f8826046710bcf006fb01834b76e,582068,effective-social-input/run_B_1_04_raw_04_part_01.zip,E2_neighbor_count_original_random_k19_seed14.mat,reviews/sq1-whq-update-0036487/raw/E1_strength_policy_original_random_k19_seed14.mat
C08,C08-S015,full-equivalent,all,19,15,0036487818d891c23d357f7af49030f323f4c9af,216,E2_neighbor_count,original,random,0,experiment_label,reviews/sq1-whq-update-0036487/raw/E2_neighbor_count_original_random_k19_seed15.mat,4b37529cd21d396234934bfb9a87c5de6a28e8d3caa93191fb1604eb0e3c2279,578661,effective-social-input/run_B_1_04_raw_04_part_01.zip,E2_neighbor_count_original_random_k19_seed15.mat,reviews/sq1-whq-update-0036487/raw/E1_strength_policy_original_random_k19_seed15.mat
C08,C08-S016,full-equivalent,all,19,16,0036487818d891c23d357f7af49030f323f4c9af,217,E2_neighbor_count,original,random,0,experiment_label,reviews/sq1-whq-update-0036487/raw/E2_neighbor_count_original_random_k19_seed16.mat,54c96537727e72a2a754694593c469b576b56e631f43d8399703657c7b92ab57,572907,effective-social-input/run_B_1_04_raw_04_part_01.zip,E2_neighbor_count_original_random_k19_seed16.mat,reviews/sq1-whq-update-0036487/raw/E1_strength_policy_original_random_k19_seed16.mat
C08,C08-S017,full-equivalent,all,19,17,0036487818d891c23d357f7af49030f323f4c9af,218,E2_neighbor_count,original,random,0,experiment_label,reviews/sq1-whq-update-0036487/raw/E2_neighbor_count_original_random_k19_seed17.mat,ec904a9f78968c43d5e0d5e4ccdc42b105588f6f5b4526a0103fac18335e54bf,577123,effective-social-input/run_B_1_04_raw_04_part_01.zip,E2_neighbor_count_original_random_k19_seed17.mat,reviews/sq1-whq-update-0036487/raw/E1_strength_policy_original_random_k19_seed17.mat
C08,C08-S018,full-equivalent,all,19,18,0036487818d891c23d357f7af49030f323f4c9af,219,E2_neighbor_count,original,random,0,experiment_label,reviews/sq1-whq-update-0036487/raw/E2_neighbor_count_original_random_k19_seed18.mat,b391576506c604a477fbd5505e3803343d74adf85c558d2aeaec3590bccd40fc,579781,effective-social-input/run_B_1_04_raw_04_part_01.zip,E2_neighbor_count_original_random_k19_seed18.mat,reviews/sq1-whq-update-0036487/raw/E1_strength_policy_original_random_k19_seed18.mat
C08,C08-S019,full-equivalent,all,19,19,0036487818d891c23d357f7af49030f323f4c9af,220,E2_neighbor_count,original,random,0,experiment_label,reviews/sq1-whq-update-0036487/raw/E2_neighbor_count_original_random_k19_seed19.mat,8405037ebc53e1e3ac914430997cad3475fb77f782887587e99c257125028e3e,583519,effective-social-input/run_B_1_04_raw_04_part_01.zip,E2_neighbor_count_original_random_k19_seed19.mat,reviews/sq1-whq-update-0036487/raw/E1_strength_policy_original_random_k19_seed19.mat
C08,C08-S020,full-equivalent,all,19,20,0036487818d891c23d357f7af49030f323f4c9af,221,E2_neighbor_count,original,random,0,experiment_label,reviews/sq1-whq-update-0036487/raw/E2_neighbor_count_original_random_k19_seed20.mat,eb61ba64ecfff1550ea99ca36ffc987dc64af957c172e3ad24b653af8f7a0f40,578617,effective-social-input/run_B_1_04_raw_04_part_01.zip,E2_neighbor_count_original_random_k19_seed20.mat,reviews/sq1-whq-update-0036487/raw/E1_strength_policy_original_random_k19_seed20.mat
C04,C04-S001,fixed-total,random,2,1,0036487818d891c23d357f7af49030f323f4c9af,222,E2_neighbor_count,fixed-total,random,0,experiment_label,reviews/sq1-whq-update-0036487/raw/E2_neighbor_count_fixed-total_random_k2_seed1.mat,e79dda3ed8d56f28c3543660f9564b6d685435ad66a34def92c9d2c0878b94cc,596532,effective-social-input/run_B_1_04_raw_03_part_01.zip,E2_neighbor_count_fixed-total_random_k2_seed1.mat,reviews/sq1-whq-update-0036487/raw/E1_strength_policy_fixed-total_random_k2_seed1.mat
C04,C04-S002,fixed-total,random,2,2,0036487818d891c23d357f7af49030f323f4c9af,223,E2_neighbor_count,fixed-total,random,0,experiment_label,reviews/sq1-whq-update-0036487/raw/E2_neighbor_count_fixed-total_random_k2_seed2.mat,08e82f8da8035096b05dcd9089be2f6f7c0707e4b25bf97c740d37851aa20582,597265,effective-social-input/run_B_1_04_raw_03_part_01.zip,E2_neighbor_count_fixed-total_random_k2_seed2.mat,reviews/sq1-whq-update-0036487/raw/E1_strength_policy_fixed-total_random_k2_seed2.mat
C04,C04-S003,fixed-total,random,2,3,0036487818d891c23d357f7af49030f323f4c9af,224,E2_neighbor_count,fixed-total,random,0,experiment_label,reviews/sq1-whq-update-0036487/raw/E2_neighbor_count_fixed-total_random_k2_seed3.mat,5fc8352303e547c9ea3ee9af8b05d39b9ad9b8ac0b17327ca99bc8fb316ab5b2,597053,effective-social-input/run_B_1_04_raw_03_part_01.zip,E2_neighbor_count_fixed-total_random_k2_seed3.mat,reviews/sq1-whq-update-0036487/raw/E1_strength_policy_fixed-total_random_k2_seed3.mat
C04,C04-S004,fixed-total,random,2,4,0036487818d891c23d357f7af49030f323f4c9af,225,E2_neighbor_count,fixed-total,random,0,experiment_label,reviews/sq1-whq-update-0036487/raw/E2_neighbor_count_fixed-total_random_k2_seed4.mat,a3449fc674d88fb32239ed658c57ea924aa8bcc0243359103d5b8945820b78ca,598211,effective-social-input/run_B_1_04_raw_03_part_01.zip,E2_neighbor_count_fixed-total_random_k2_seed4.mat,reviews/sq1-whq-update-0036487/raw/E1_strength_policy_fixed-total_random_k2_seed4.mat
C04,C04-S005,fixed-total,random,2,5,0036487818d891c23d357f7af49030f323f4c9af,226,E2_neighbor_count,fixed-total,random,0,experiment_label,reviews/sq1-whq-update-0036487/raw/E2_neighbor_count_fixed-total_random_k2_seed5.mat,1cb5557edf1d0c85ff8a45b00a572c52c1821deddbdf6563a1b32d3bdf7679f0,597584,effective-social-input/run_B_1_04_raw_03_part_01.zip,E2_neighbor_count_fixed-total_random_k2_seed5.mat,reviews/sq1-whq-update-0036487/raw/E1_strength_policy_fixed-total_random_k2_seed5.mat
C04,C04-S006,fixed-total,random,2,6,0036487818d891c23d357f7af49030f323f4c9af,227,E2_neighbor_count,fixed-total,random,0,experiment_label,reviews/sq1-whq-update-0036487/raw/E2_neighbor_count_fixed-total_random_k2_seed6.mat,ed1f375ac848f5039ab6f6946f60f25adf9b2fac95f83808237992e589049204,596152,effective-social-input/run_B_1_04_raw_03_part_01.zip,E2_neighbor_count_fixed-total_random_k2_seed6.mat,reviews/sq1-whq-update-0036487/raw/E1_strength_policy_fixed-total_random_k2_seed6.mat
C04,C04-S007,fixed-total,random,2,7,0036487818d891c23d357f7af49030f323f4c9af,228,E2_neighbor_count,fixed-total,random,0,experiment_label,reviews/sq1-whq-update-0036487/raw/E2_neighbor_count_fixed-total_random_k2_seed7.mat,b56eea13918cef93d430b16725c6058faa0b418b25d180b677f675ac2dbdb2f7,598079,effective-social-input/run_B_1_04_raw_03_part_01.zip,E2_neighbor_count_fixed-total_random_k2_seed7.mat,reviews/sq1-whq-update-0036487/raw/E1_strength_policy_fixed-total_random_k2_seed7.mat
C04,C04-S008,fixed-total,random,2,8,0036487818d891c23d357f7af49030f323f4c9af,229,E2_neighbor_count,fixed-total,random,0,experiment_label,reviews/sq1-whq-update-0036487/raw/E2_neighbor_count_fixed-total_random_k2_seed8.mat,78a1bdfc8024dd2ddf0632f5560c2ca301b0edf4743ae8cd7fd890845e6509ab,597062,effective-social-input/run_B_1_04_raw_03_part_01.zip,E2_neighbor_count_fixed-total_random_k2_seed8.mat,reviews/sq1-whq-update-0036487/raw/E1_strength_policy_fixed-total_random_k2_seed8.mat
C04,C04-S009,fixed-total,random,2,9,0036487818d891c23d357f7af49030f323f4c9af,230,E2_neighbor_count,fixed-total,random,0,experiment_label,reviews/sq1-whq-update-0036487/raw/E2_neighbor_count_fixed-total_random_k2_seed9.mat,038e605a2582c920285dacc928c3e53fb1de2f5173432e5741fa2b003ad5ab7c,597708,effective-social-input/run_B_1_04_raw_03_part_01.zip,E2_neighbor_count_fixed-total_random_k2_seed9.mat,reviews/sq1-whq-update-0036487/raw/E1_strength_policy_fixed-total_random_k2_seed9.mat
C04,C04-S010,fixed-total,random,2,10,0036487818d891c23d357f7af49030f323f4c9af,231,E2_neighbor_count,fixed-total,random,0,experiment_label,reviews/sq1-whq-update-0036487/raw/E2_neighbor_count_fixed-total_random_k2_seed10.mat,12189efadc345dc36cdfca179716709a858708c12a2a78e5324ed9783979eca1,598187,effective-social-input/run_B_1_04_raw_03_part_01.zip,E2_neighbor_count_fixed-total_random_k2_seed10.mat,reviews/sq1-whq-update-0036487/raw/E1_strength_policy_fixed-total_random_k2_seed10.mat
C04,C04-S011,fixed-total,random,2,11,0036487818d891c23d357f7af49030f323f4c9af,232,E2_neighbor_count,fixed-total,random,0,experiment_label,reviews/sq1-whq-update-0036487/raw/E2_neighbor_count_fixed-total_random_k2_seed11.mat,6a48e57a7e9907cd8ed15a4d4ccc02ba4787a0540911199911f5ace85889cf5c,597853,effective-social-input/run_B_1_04_raw_03_part_01.zip,E2_neighbor_count_fixed-total_random_k2_seed11.mat,reviews/sq1-whq-update-0036487/raw/E1_strength_policy_fixed-total_random_k2_seed11.mat
C04,C04-S012,fixed-total,random,2,12,0036487818d891c23d357f7af49030f323f4c9af,233,E2_neighbor_count,fixed-total,random,0,experiment_label,reviews/sq1-whq-update-0036487/raw/E2_neighbor_count_fixed-total_random_k2_seed12.mat,2a2a47487c69512cf6dd739b062a1af198a0b3d90daa5d559a55368cc3e7a505,597031,effective-social-input/run_B_1_04_raw_03_part_01.zip,E2_neighbor_count_fixed-total_random_k2_seed12.mat,reviews/sq1-whq-update-0036487/raw/E1_strength_policy_fixed-total_random_k2_seed12.mat
C04,C04-S013,fixed-total,random,2,13,0036487818d891c23d357f7af49030f323f4c9af,234,E2_neighbor_count,fixed-total,random,0,experiment_label,reviews/sq1-whq-update-0036487/raw/E2_neighbor_count_fixed-total_random_k2_seed13.mat,c6500e18f79d6c6dda3a3a62d7347631c29e52b0d57002e6f7aa910b0c27e8c1,597862,effective-social-input/run_B_1_04_raw_03_part_01.zip,E2_neighbor_count_fixed-total_random_k2_seed13.mat,reviews/sq1-whq-update-0036487/raw/E1_strength_policy_fixed-total_random_k2_seed13.mat
C04,C04-S014,fixed-total,random,2,14,0036487818d891c23d357f7af49030f323f4c9af,235,E2_neighbor_count,fixed-total,random,0,experiment_label,reviews/sq1-whq-update-0036487/raw/E2_neighbor_count_fixed-total_random_k2_seed14.mat,4a0f24cd4b26eb25612383089c533e61663ff5fae940d69727fd59a0262f5f91,597373,effective-social-input/run_B_1_04_raw_03_part_01.zip,E2_neighbor_count_fixed-total_random_k2_seed14.mat,reviews/sq1-whq-update-0036487/raw/E1_strength_policy_fixed-total_random_k2_seed14.mat
C04,C04-S015,fixed-total,random,2,15,0036487818d891c23d357f7af49030f323f4c9af,236,E2_neighbor_count,fixed-total,random,0,experiment_label,reviews/sq1-whq-update-0036487/raw/E2_neighbor_count_fixed-total_random_k2_seed15.mat,f058458cbb129055ba40e4ce70ae1393c3bb11950ddd3dd043165b3d2671ba3f,589668,effective-social-input/run_B_1_04_raw_03_part_01.zip,E2_neighbor_count_fixed-total_random_k2_seed15.mat,reviews/sq1-whq-update-0036487/raw/E1_strength_policy_fixed-total_random_k2_seed15.mat
C04,C04-S016,fixed-total,random,2,16,0036487818d891c23d357f7af49030f323f4c9af,237,E2_neighbor_count,fixed-total,random,0,experiment_label,reviews/sq1-whq-update-0036487/raw/E2_neighbor_count_fixed-total_random_k2_seed16.mat,13198aa4428c33812c5fe3706e794ac552445e52f9efea744a35e09f686c9056,598232,effective-social-input/run_B_1_04_raw_03_part_01.zip,E2_neighbor_count_fixed-total_random_k2_seed16.mat,reviews/sq1-whq-update-0036487/raw/E1_strength_policy_fixed-total_random_k2_seed16.mat
C04,C04-S017,fixed-total,random,2,17,0036487818d891c23d357f7af49030f323f4c9af,238,E2_neighbor_count,fixed-total,random,0,experiment_label,reviews/sq1-whq-update-0036487/raw/E2_neighbor_count_fixed-total_random_k2_seed17.mat,43c345f56e29b8ff7d688dff8b116bca5d3376c3144833132015f419233d24e9,598961,effective-social-input/run_B_1_04_raw_03_part_01.zip,E2_neighbor_count_fixed-total_random_k2_seed17.mat,reviews/sq1-whq-update-0036487/raw/E1_strength_policy_fixed-total_random_k2_seed17.mat
C04,C04-S018,fixed-total,random,2,18,0036487818d891c23d357f7af49030f323f4c9af,239,E2_neighbor_count,fixed-total,random,0,experiment_label,reviews/sq1-whq-update-0036487/raw/E2_neighbor_count_fixed-total_random_k2_seed18.mat,921bd4d2f830330be833dc9f87d9fea7e95dabbf97df1728439ee1d395f4b4c1,597780,effective-social-input/run_B_1_04_raw_03_part_01.zip,E2_neighbor_count_fixed-total_random_k2_seed18.mat,reviews/sq1-whq-update-0036487/raw/E1_strength_policy_fixed-total_random_k2_seed18.mat
C04,C04-S019,fixed-total,random,2,19,0036487818d891c23d357f7af49030f323f4c9af,240,E2_neighbor_count,fixed-total,random,0,experiment_label,reviews/sq1-whq-update-0036487/raw/E2_neighbor_count_fixed-total_random_k2_seed19.mat,97203fbcc235f178d313a7d67b4fa52f775bc11b91a98b835f98e9d740ff628a,597337,effective-social-input/run_B_1_04_raw_03_part_01.zip,E2_neighbor_count_fixed-total_random_k2_seed19.mat,reviews/sq1-whq-update-0036487/raw/E1_strength_policy_fixed-total_random_k2_seed19.mat
C04,C04-S020,fixed-total,random,2,20,0036487818d891c23d357f7af49030f323f4c9af,241,E2_neighbor_count,fixed-total,random,0,experiment_label,reviews/sq1-whq-update-0036487/raw/E2_neighbor_count_fixed-total_random_k2_seed20.mat,41154de06a1b40c040517053509c99969a39c255bfc8c24dc05fb1e08bbe44e7,598515,effective-social-input/run_B_1_04_raw_03_part_01.zip,E2_neighbor_count_fixed-total_random_k2_seed20.mat,reviews/sq1-whq-update-0036487/raw/E1_strength_policy_fixed-total_random_k2_seed20.mat
C05,C05-S001,fixed-total,random,4,1,0036487818d891c23d357f7af49030f323f4c9af,242,E2_neighbor_count,fixed-total,random,1,representative,reviews/sq1-whq-update-0036487/raw/E2_neighbor_count_fixed-total_random_k4_seed1.mat,8063ae1b08c11ea796dbd44fc31da1a20332cefbfd303da743af795e0e929fec,594858,effective-social-input/run_B_1_04_raw_03_part_02.zip,E2_neighbor_count_fixed-total_random_k4_seed1.mat,reviews/sq1-whq-update-0036487/raw/E2_neighbor_count_fixed-total_random_k4_seed1.mat
C05,C05-S002,fixed-total,random,4,2,0036487818d891c23d357f7af49030f323f4c9af,243,E2_neighbor_count,fixed-total,random,1,representative,reviews/sq1-whq-update-0036487/raw/E2_neighbor_count_fixed-total_random_k4_seed2.mat,09a1ee2ed01f7069f4a8108d93c7408e68a8aef39ba4a863f95d9469dbb0924a,588091,effective-social-input/run_B_1_04_raw_03_part_02.zip,E2_neighbor_count_fixed-total_random_k4_seed2.mat,reviews/sq1-whq-update-0036487/raw/E2_neighbor_count_fixed-total_random_k4_seed2.mat
C05,C05-S003,fixed-total,random,4,3,0036487818d891c23d357f7af49030f323f4c9af,244,E2_neighbor_count,fixed-total,random,1,representative,reviews/sq1-whq-update-0036487/raw/E2_neighbor_count_fixed-total_random_k4_seed3.mat,d4172f8e22f7b2de4dd7f065c685b988cc19568756901879b91f160b6e1adb1e,596133,effective-social-input/run_B_1_04_raw_03_part_02.zip,E2_neighbor_count_fixed-total_random_k4_seed3.mat,reviews/sq1-whq-update-0036487/raw/E2_neighbor_count_fixed-total_random_k4_seed3.mat
C05,C05-S004,fixed-total,random,4,4,0036487818d891c23d357f7af49030f323f4c9af,245,E2_neighbor_count,fixed-total,random,1,representative,reviews/sq1-whq-update-0036487/raw/E2_neighbor_count_fixed-total_random_k4_seed4.mat,32d1a96f63897a6ef3ede86de54ca705c00b07f6c5b02d732630ff0fd5dfd7e1,596952,effective-social-input/run_B_1_04_raw_03_part_02.zip,E2_neighbor_count_fixed-total_random_k4_seed4.mat,reviews/sq1-whq-update-0036487/raw/E2_neighbor_count_fixed-total_random_k4_seed4.mat
C05,C05-S005,fixed-total,random,4,5,0036487818d891c23d357f7af49030f323f4c9af,246,E2_neighbor_count,fixed-total,random,1,representative,reviews/sq1-whq-update-0036487/raw/E2_neighbor_count_fixed-total_random_k4_seed5.mat,bfc35bc636d9743662120b5729cc23f9fd58e31ecb278b3108a7ae1bf4ee4849,593068,effective-social-input/run_B_1_04_raw_03_part_02.zip,E2_neighbor_count_fixed-total_random_k4_seed5.mat,reviews/sq1-whq-update-0036487/raw/E2_neighbor_count_fixed-total_random_k4_seed5.mat
C05,C05-S006,fixed-total,random,4,6,0036487818d891c23d357f7af49030f323f4c9af,247,E2_neighbor_count,fixed-total,random,1,representative,reviews/sq1-whq-update-0036487/raw/E2_neighbor_count_fixed-total_random_k4_seed6.mat,dd27f51972c8a7deda51458299ebf82553d2868a7d2322736018ec9655aae897,592617,effective-social-input/run_B_1_04_raw_03_part_02.zip,E2_neighbor_count_fixed-total_random_k4_seed6.mat,reviews/sq1-whq-update-0036487/raw/E2_neighbor_count_fixed-total_random_k4_seed6.mat
C05,C05-S007,fixed-total,random,4,7,0036487818d891c23d357f7af49030f323f4c9af,248,E2_neighbor_count,fixed-total,random,1,representative,reviews/sq1-whq-update-0036487/raw/E2_neighbor_count_fixed-total_random_k4_seed7.mat,22c8b3cd87df9f1543ab9800f70667d3883d06a9cdca0bb345d50703f0735201,596387,effective-social-input/run_B_1_04_raw_03_part_02.zip,E2_neighbor_count_fixed-total_random_k4_seed7.mat,reviews/sq1-whq-update-0036487/raw/E2_neighbor_count_fixed-total_random_k4_seed7.mat
C05,C05-S008,fixed-total,random,4,8,0036487818d891c23d357f7af49030f323f4c9af,249,E2_neighbor_count,fixed-total,random,1,representative,reviews/sq1-whq-update-0036487/raw/E2_neighbor_count_fixed-total_random_k4_seed8.mat,8efe28c24d71b866c939101940e646637939371e8ec64d8bb7eb2b1ef6e7e7d3,594810,effective-social-input/run_B_1_04_raw_03_part_02.zip,E2_neighbor_count_fixed-total_random_k4_seed8.mat,reviews/sq1-whq-update-0036487/raw/E2_neighbor_count_fixed-total_random_k4_seed8.mat
C05,C05-S009,fixed-total,random,4,9,0036487818d891c23d357f7af49030f323f4c9af,250,E2_neighbor_count,fixed-total,random,1,representative,reviews/sq1-whq-update-0036487/raw/E2_neighbor_count_fixed-total_random_k4_seed9.mat,913adcf178722037f1813d1701175316de8d8b2946b35300ddd8f8efd5c3a6b8,595164,effective-social-input/run_B_1_04_raw_03_part_02.zip,E2_neighbor_count_fixed-total_random_k4_seed9.mat,reviews/sq1-whq-update-0036487/raw/E2_neighbor_count_fixed-total_random_k4_seed9.mat
C05,C05-S010,fixed-total,random,4,10,0036487818d891c23d357f7af49030f323f4c9af,251,E2_neighbor_count,fixed-total,random,1,representative,reviews/sq1-whq-update-0036487/raw/E2_neighbor_count_fixed-total_random_k4_seed10.mat,5911ffdcad0ed13e2fc86d3afdabf1f88f613acb913885ba702af89914364fab,595418,effective-social-input/run_B_1_04_raw_03_part_02.zip,E2_neighbor_count_fixed-total_random_k4_seed10.mat,reviews/sq1-whq-update-0036487/raw/E2_neighbor_count_fixed-total_random_k4_seed10.mat
C05,C05-S011,fixed-total,random,4,11,0036487818d891c23d357f7af49030f323f4c9af,252,E2_neighbor_count,fixed-total,random,1,representative,reviews/sq1-whq-update-0036487/raw/E2_neighbor_count_fixed-total_random_k4_seed11.mat,8d8f751da4c4c6039ccb23b0df92c78a5d3936e80db35deb1d9c0370ea339f01,594070,effective-social-input/run_B_1_04_raw_03_part_02.zip,E2_neighbor_count_fixed-total_random_k4_seed11.mat,reviews/sq1-whq-update-0036487/raw/E2_neighbor_count_fixed-total_random_k4_seed11.mat
C05,C05-S012,fixed-total,random,4,12,0036487818d891c23d357f7af49030f323f4c9af,253,E2_neighbor_count,fixed-total,random,1,representative,reviews/sq1-whq-update-0036487/raw/E2_neighbor_count_fixed-total_random_k4_seed12.mat,c6ad9ebc90325e7c0e22e5683994aaff804ce66d8749ba52d707843a7be6137b,595019,effective-social-input/run_B_1_04_raw_03_part_02.zip,E2_neighbor_count_fixed-total_random_k4_seed12.mat,reviews/sq1-whq-update-0036487/raw/E2_neighbor_count_fixed-total_random_k4_seed12.mat
C05,C05-S013,fixed-total,random,4,13,0036487818d891c23d357f7af49030f323f4c9af,254,E2_neighbor_count,fixed-total,random,1,representative,reviews/sq1-whq-update-0036487/raw/E2_neighbor_count_fixed-total_random_k4_seed13.mat,2af18cd3195a096dda1cf22b5c39088e7e1f26bd93a62907e7c9f55b18f4ee42,596260,effective-social-input/run_B_1_04_raw_03_part_02.zip,E2_neighbor_count_fixed-total_random_k4_seed13.mat,reviews/sq1-whq-update-0036487/raw/E2_neighbor_count_fixed-total_random_k4_seed13.mat
C05,C05-S014,fixed-total,random,4,14,0036487818d891c23d357f7af49030f323f4c9af,255,E2_neighbor_count,fixed-total,random,1,representative,reviews/sq1-whq-update-0036487/raw/E2_neighbor_count_fixed-total_random_k4_seed14.mat,d60bb861a297f52b39a53b21b56f5ca9dcb7717363baec09b6379e9eb29aea84,585535,effective-social-input/run_B_1_04_raw_03_part_02.zip,E2_neighbor_count_fixed-total_random_k4_seed14.mat,reviews/sq1-whq-update-0036487/raw/E2_neighbor_count_fixed-total_random_k4_seed14.mat
C05,C05-S015,fixed-total,random,4,15,0036487818d891c23d357f7af49030f323f4c9af,256,E2_neighbor_count,fixed-total,random,1,representative,reviews/sq1-whq-update-0036487/raw/E2_neighbor_count_fixed-total_random_k4_seed15.mat,f9d51395699cef0ade0d42095c8a506fecd5683ccb3a9fab2c9b00f64cf99d33,596332,effective-social-input/run_B_1_04_raw_03_part_02.zip,E2_neighbor_count_fixed-total_random_k4_seed15.mat,reviews/sq1-whq-update-0036487/raw/E2_neighbor_count_fixed-total_random_k4_seed15.mat
C05,C05-S016,fixed-total,random,4,16,0036487818d891c23d357f7af49030f323f4c9af,257,E2_neighbor_count,fixed-total,random,1,representative,reviews/sq1-whq-update-0036487/raw/E2_neighbor_count_fixed-total_random_k4_seed16.mat,a5647db8897a7205a5ed2286045ad9daafc117b93ee097250b331318e1385c8c,595322,effective-social-input/run_B_1_04_raw_03_part_02.zip,E2_neighbor_count_fixed-total_random_k4_seed16.mat,reviews/sq1-whq-update-0036487/raw/E2_neighbor_count_fixed-total_random_k4_seed16.mat
C05,C05-S017,fixed-total,random,4,17,0036487818d891c23d357f7af49030f323f4c9af,258,E2_neighbor_count,fixed-total,random,1,representative,reviews/sq1-whq-update-0036487/raw/E2_neighbor_count_fixed-total_random_k4_seed17.mat,0738fdefd607894b1477e7563b98975c4d854975bdab7a47f95f030bb23db008,595791,effective-social-input/run_B_1_04_raw_03_part_02.zip,E2_neighbor_count_fixed-total_random_k4_seed17.mat,reviews/sq1-whq-update-0036487/raw/E2_neighbor_count_fixed-total_random_k4_seed17.mat
C05,C05-S018,fixed-total,random,4,18,0036487818d891c23d357f7af49030f323f4c9af,259,E2_neighbor_count,fixed-total,random,1,representative,reviews/sq1-whq-update-0036487/raw/E2_neighbor_count_fixed-total_random_k4_seed18.mat,3c910977c96bfe71be3a01433e6900d54e5c2e86e47d923ef649433d575676fc,596008,effective-social-input/run_B_1_04_raw_03_part_02.zip,E2_neighbor_count_fixed-total_random_k4_seed18.mat,reviews/sq1-whq-update-0036487/raw/E2_neighbor_count_fixed-total_random_k4_seed18.mat
C05,C05-S019,fixed-total,random,4,19,0036487818d891c23d357f7af49030f323f4c9af,260,E2_neighbor_count,fixed-total,random,1,representative,reviews/sq1-whq-update-0036487/raw/E2_neighbor_count_fixed-total_random_k4_seed19.mat,82bf8a9053771aefb9f8b25ca0b2ba58d3b352cdade52f6961e40d75b8097c71,593894,effective-social-input/run_B_1_04_raw_03_part_02.zip,E2_neighbor_count_fixed-total_random_k4_seed19.mat,reviews/sq1-whq-update-0036487/raw/E2_neighbor_count_fixed-total_random_k4_seed19.mat
C05,C05-S020,fixed-total,random,4,20,0036487818d891c23d357f7af49030f323f4c9af,261,E2_neighbor_count,fixed-total,random,1,representative,reviews/sq1-whq-update-0036487/raw/E2_neighbor_count_fixed-total_random_k4_seed20.mat,ab7707cc0fb3347f2b76a533f69ace9648294934a7e4f89ea43379ccd77308be,595711,effective-social-input/run_B_1_04_raw_03_part_02.zip,E2_neighbor_count_fixed-total_random_k4_seed20.mat,reviews/sq1-whq-update-0036487/raw/E2_neighbor_count_fixed-total_random_k4_seed20.mat
C06,C06-S001,fixed-total,random,8,1,0036487818d891c23d357f7af49030f323f4c9af,262,E2_neighbor_count,fixed-total,random,0,experiment_label,reviews/sq1-whq-update-0036487/raw/E2_neighbor_count_fixed-total_random_k8_seed1.mat,b9393570e9ee890f6390b2b1da83323ade5a67586f8fe8b2aca064a433a05d63,592445,effective-social-input/run_B_1_04_raw_03_part_03.zip,E2_neighbor_count_fixed-total_random_k8_seed1.mat,reviews/sq1-whq-update-0036487/raw/E1_strength_policy_fixed-total_random_k8_seed1.mat
C06,C06-S002,fixed-total,random,8,2,0036487818d891c23d357f7af49030f323f4c9af,263,E2_neighbor_count,fixed-total,random,0,experiment_label,reviews/sq1-whq-update-0036487/raw/E2_neighbor_count_fixed-total_random_k8_seed2.mat,519b5380a707ef3a76420c4875d77f7d10b6b9295ff56a1e28d4f7828acae1f4,593727,effective-social-input/run_B_1_04_raw_03_part_03.zip,E2_neighbor_count_fixed-total_random_k8_seed2.mat,reviews/sq1-whq-update-0036487/raw/E1_strength_policy_fixed-total_random_k8_seed2.mat
C06,C06-S003,fixed-total,random,8,3,0036487818d891c23d357f7af49030f323f4c9af,264,E2_neighbor_count,fixed-total,random,0,experiment_label,reviews/sq1-whq-update-0036487/raw/E2_neighbor_count_fixed-total_random_k8_seed3.mat,191fcce48469b50e54d705abcf6dd41c6395d915446c9a605e5567a0d42473cf,593028,effective-social-input/run_B_1_04_raw_03_part_03.zip,E2_neighbor_count_fixed-total_random_k8_seed3.mat,reviews/sq1-whq-update-0036487/raw/E1_strength_policy_fixed-total_random_k8_seed3.mat
C06,C06-S004,fixed-total,random,8,4,0036487818d891c23d357f7af49030f323f4c9af,265,E2_neighbor_count,fixed-total,random,0,experiment_label,reviews/sq1-whq-update-0036487/raw/E2_neighbor_count_fixed-total_random_k8_seed4.mat,27ba04765e7f2c136a4a607a2912b5fa02c1233394b1c4b76e65346faff24706,592142,effective-social-input/run_B_1_04_raw_03_part_03.zip,E2_neighbor_count_fixed-total_random_k8_seed4.mat,reviews/sq1-whq-update-0036487/raw/E1_strength_policy_fixed-total_random_k8_seed4.mat
C06,C06-S005,fixed-total,random,8,5,0036487818d891c23d357f7af49030f323f4c9af,266,E2_neighbor_count,fixed-total,random,0,experiment_label,reviews/sq1-whq-update-0036487/raw/E2_neighbor_count_fixed-total_random_k8_seed5.mat,b05448ab2181c5e0d77257b094ef44596f609f50b085656334afb9dad28f234f,593440,effective-social-input/run_B_1_04_raw_03_part_03.zip,E2_neighbor_count_fixed-total_random_k8_seed5.mat,reviews/sq1-whq-update-0036487/raw/E1_strength_policy_fixed-total_random_k8_seed5.mat
C06,C06-S006,fixed-total,random,8,6,0036487818d891c23d357f7af49030f323f4c9af,267,E2_neighbor_count,fixed-total,random,0,experiment_label,reviews/sq1-whq-update-0036487/raw/E2_neighbor_count_fixed-total_random_k8_seed6.mat,239a5a94c7d6aeb30c6725a92454989438060b72609c454caa4ece0ea76a0561,586982,effective-social-input/run_B_1_04_raw_03_part_03.zip,E2_neighbor_count_fixed-total_random_k8_seed6.mat,reviews/sq1-whq-update-0036487/raw/E1_strength_policy_fixed-total_random_k8_seed6.mat
C06,C06-S007,fixed-total,random,8,7,0036487818d891c23d357f7af49030f323f4c9af,268,E2_neighbor_count,fixed-total,random,0,experiment_label,reviews/sq1-whq-update-0036487/raw/E2_neighbor_count_fixed-total_random_k8_seed7.mat,b4a90568b4b66ab7223ec86828ee121f6e25db434a07c04fb7a083200c8d845b,594425,effective-social-input/run_B_1_04_raw_03_part_03.zip,E2_neighbor_count_fixed-total_random_k8_seed7.mat,reviews/sq1-whq-update-0036487/raw/E1_strength_policy_fixed-total_random_k8_seed7.mat
C06,C06-S008,fixed-total,random,8,8,0036487818d891c23d357f7af49030f323f4c9af,269,E2_neighbor_count,fixed-total,random,0,experiment_label,reviews/sq1-whq-update-0036487/raw/E2_neighbor_count_fixed-total_random_k8_seed8.mat,f039d7b26ec7e663a9ff35a30e1189f55cb82ee84a5797d37c3a2fb2583288dd,591409,effective-social-input/run_B_1_04_raw_03_part_03.zip,E2_neighbor_count_fixed-total_random_k8_seed8.mat,reviews/sq1-whq-update-0036487/raw/E1_strength_policy_fixed-total_random_k8_seed8.mat
C06,C06-S009,fixed-total,random,8,9,0036487818d891c23d357f7af49030f323f4c9af,270,E2_neighbor_count,fixed-total,random,0,experiment_label,reviews/sq1-whq-update-0036487/raw/E2_neighbor_count_fixed-total_random_k8_seed9.mat,053de3f7fc30d2cbe1f6eee2ef1631724cb8da67af20cedcaac112348310d364,588353,effective-social-input/run_B_1_04_raw_03_part_03.zip,E2_neighbor_count_fixed-total_random_k8_seed9.mat,reviews/sq1-whq-update-0036487/raw/E1_strength_policy_fixed-total_random_k8_seed9.mat
C06,C06-S010,fixed-total,random,8,10,0036487818d891c23d357f7af49030f323f4c9af,271,E2_neighbor_count,fixed-total,random,0,experiment_label,reviews/sq1-whq-update-0036487/raw/E2_neighbor_count_fixed-total_random_k8_seed10.mat,c158b92709a0fbef2bbd71f4478382aec7857f3d862ff6659ebe31b7acc80df2,588309,effective-social-input/run_B_1_04_raw_03_part_03.zip,E2_neighbor_count_fixed-total_random_k8_seed10.mat,reviews/sq1-whq-update-0036487/raw/E1_strength_policy_fixed-total_random_k8_seed10.mat
C06,C06-S011,fixed-total,random,8,11,0036487818d891c23d357f7af49030f323f4c9af,272,E2_neighbor_count,fixed-total,random,0,experiment_label,reviews/sq1-whq-update-0036487/raw/E2_neighbor_count_fixed-total_random_k8_seed11.mat,b795c21f502a70341a69256f26da46f81afbeed9c76298630d6047a0b4c1f94a,589206,effective-social-input/run_B_1_04_raw_03_part_03.zip,E2_neighbor_count_fixed-total_random_k8_seed11.mat,reviews/sq1-whq-update-0036487/raw/E1_strength_policy_fixed-total_random_k8_seed11.mat
C06,C06-S012,fixed-total,random,8,12,0036487818d891c23d357f7af49030f323f4c9af,273,E2_neighbor_count,fixed-total,random,0,experiment_label,reviews/sq1-whq-update-0036487/raw/E2_neighbor_count_fixed-total_random_k8_seed12.mat,1d304efae8f482f3e84b2d3cd970a9dcd7d0fc59334ff5db75e11c1eeb0c4e35,592248,effective-social-input/run_B_1_04_raw_03_part_03.zip,E2_neighbor_count_fixed-total_random_k8_seed12.mat,reviews/sq1-whq-update-0036487/raw/E1_strength_policy_fixed-total_random_k8_seed12.mat
C06,C06-S013,fixed-total,random,8,13,0036487818d891c23d357f7af49030f323f4c9af,274,E2_neighbor_count,fixed-total,random,0,experiment_label,reviews/sq1-whq-update-0036487/raw/E2_neighbor_count_fixed-total_random_k8_seed13.mat,cab4c8fca9d0973d417a7553f4237e36ed7e0a5f772426ec5448a1cfec9d06b4,592914,effective-social-input/run_B_1_04_raw_03_part_03.zip,E2_neighbor_count_fixed-total_random_k8_seed13.mat,reviews/sq1-whq-update-0036487/raw/E1_strength_policy_fixed-total_random_k8_seed13.mat
C06,C06-S014,fixed-total,random,8,14,0036487818d891c23d357f7af49030f323f4c9af,275,E2_neighbor_count,fixed-total,random,0,experiment_label,reviews/sq1-whq-update-0036487/raw/E2_neighbor_count_fixed-total_random_k8_seed14.mat,56f4adc789731ff59f0cb6dd74e709cab8e8529de01013355ed5c428024d6fd1,589782,effective-social-input/run_B_1_04_raw_03_part_03.zip,E2_neighbor_count_fixed-total_random_k8_seed14.mat,reviews/sq1-whq-update-0036487/raw/E1_strength_policy_fixed-total_random_k8_seed14.mat
C06,C06-S015,fixed-total,random,8,15,0036487818d891c23d357f7af49030f323f4c9af,276,E2_neighbor_count,fixed-total,random,0,experiment_label,reviews/sq1-whq-update-0036487/raw/E2_neighbor_count_fixed-total_random_k8_seed15.mat,5b6adb6dd31a5cb667d4a6fd086aae1ed5e6609ccf91b46174a3f979b61feadb,591908,effective-social-input/run_B_1_04_raw_03_part_03.zip,E2_neighbor_count_fixed-total_random_k8_seed15.mat,reviews/sq1-whq-update-0036487/raw/E1_strength_policy_fixed-total_random_k8_seed15.mat
C06,C06-S016,fixed-total,random,8,16,0036487818d891c23d357f7af49030f323f4c9af,277,E2_neighbor_count,fixed-total,random,0,experiment_label,reviews/sq1-whq-update-0036487/raw/E2_neighbor_count_fixed-total_random_k8_seed16.mat,9153dbab2adda06b5582c484d1a30172cca429cfeedbc457c9baff36aaf94b76,594033,effective-social-input/run_B_1_04_raw_03_part_03.zip,E2_neighbor_count_fixed-total_random_k8_seed16.mat,reviews/sq1-whq-update-0036487/raw/E1_strength_policy_fixed-total_random_k8_seed16.mat
C06,C06-S017,fixed-total,random,8,17,0036487818d891c23d357f7af49030f323f4c9af,278,E2_neighbor_count,fixed-total,random,0,experiment_label,reviews/sq1-whq-update-0036487/raw/E2_neighbor_count_fixed-total_random_k8_seed17.mat,f0da1db47f6e53d2e4e3c136ed7d8da78eea45e0339ca234e3c783a056e23aca,591487,effective-social-input/run_B_1_04_raw_03_part_03.zip,E2_neighbor_count_fixed-total_random_k8_seed17.mat,reviews/sq1-whq-update-0036487/raw/E1_strength_policy_fixed-total_random_k8_seed17.mat
C06,C06-S018,fixed-total,random,8,18,0036487818d891c23d357f7af49030f323f4c9af,279,E2_neighbor_count,fixed-total,random,0,experiment_label,reviews/sq1-whq-update-0036487/raw/E2_neighbor_count_fixed-total_random_k8_seed18.mat,2e0e83d87cc72ca9b245c58c9d91477b5f4fb2208236fd2581efc1e1ca00718e,591663,effective-social-input/run_B_1_04_raw_03_part_03.zip,E2_neighbor_count_fixed-total_random_k8_seed18.mat,reviews/sq1-whq-update-0036487/raw/E1_strength_policy_fixed-total_random_k8_seed18.mat
C06,C06-S019,fixed-total,random,8,19,0036487818d891c23d357f7af49030f323f4c9af,280,E2_neighbor_count,fixed-total,random,0,experiment_label,reviews/sq1-whq-update-0036487/raw/E2_neighbor_count_fixed-total_random_k8_seed19.mat,ab02124dcf043323c2cac6a14e4ec7758e773e580b3dae4e54b4f200724851fb,592483,effective-social-input/run_B_1_04_raw_03_part_03.zip,E2_neighbor_count_fixed-total_random_k8_seed19.mat,reviews/sq1-whq-update-0036487/raw/E1_strength_policy_fixed-total_random_k8_seed19.mat
C06,C06-S020,fixed-total,random,8,20,0036487818d891c23d357f7af49030f323f4c9af,281,E2_neighbor_count,fixed-total,random,0,experiment_label,reviews/sq1-whq-update-0036487/raw/E2_neighbor_count_fixed-total_random_k8_seed20.mat,a7b9dbb6270eba3900e73a6d773b3900c79884562391591cb5bc9807ded51096,592474,effective-social-input/run_B_1_04_raw_03_part_03.zip,E2_neighbor_count_fixed-total_random_k8_seed20.mat,reviews/sq1-whq-update-0036487/raw/E1_strength_policy_fixed-total_random_k8_seed20.mat
C07,C07-S001,fixed-total,random,12,1,0036487818d891c23d357f7af49030f323f4c9af,282,E2_neighbor_count,fixed-total,random,1,representative,reviews/sq1-whq-update-0036487/raw/E2_neighbor_count_fixed-total_random_k12_seed1.mat,7feca51aaa79a472c72108d5737e59132c336a52fac75cbe8956d6166dbec09c,589352,effective-social-input/run_B_1_04_raw_02_part_03.zip,E2_neighbor_count_fixed-total_random_k12_seed1.mat,reviews/sq1-whq-update-0036487/raw/E2_neighbor_count_fixed-total_random_k12_seed1.mat
C07,C07-S002,fixed-total,random,12,2,0036487818d891c23d357f7af49030f323f4c9af,283,E2_neighbor_count,fixed-total,random,1,representative,reviews/sq1-whq-update-0036487/raw/E2_neighbor_count_fixed-total_random_k12_seed2.mat,1927bedc2eb70e8414746dcb175c1cfd81b8d21985748c030cbb928720ec0b28,589754,effective-social-input/run_B_1_04_raw_02_part_03.zip,E2_neighbor_count_fixed-total_random_k12_seed2.mat,reviews/sq1-whq-update-0036487/raw/E2_neighbor_count_fixed-total_random_k12_seed2.mat
C07,C07-S003,fixed-total,random,12,3,0036487818d891c23d357f7af49030f323f4c9af,284,E2_neighbor_count,fixed-total,random,1,representative,reviews/sq1-whq-update-0036487/raw/E2_neighbor_count_fixed-total_random_k12_seed3.mat,883dfa1df8b2961f3597235488eae09e1983867475f4517772e8cf725dd4d168,588578,effective-social-input/run_B_1_04_raw_02_part_03.zip,E2_neighbor_count_fixed-total_random_k12_seed3.mat,reviews/sq1-whq-update-0036487/raw/E2_neighbor_count_fixed-total_random_k12_seed3.mat
C07,C07-S004,fixed-total,random,12,4,0036487818d891c23d357f7af49030f323f4c9af,285,E2_neighbor_count,fixed-total,random,1,representative,reviews/sq1-whq-update-0036487/raw/E2_neighbor_count_fixed-total_random_k12_seed4.mat,8bb34136473915ce7537e2350db31980b4b3cb4fb011244394863974426dbf0c,585410,effective-social-input/run_B_1_04_raw_02_part_03.zip,E2_neighbor_count_fixed-total_random_k12_seed4.mat,reviews/sq1-whq-update-0036487/raw/E2_neighbor_count_fixed-total_random_k12_seed4.mat
C07,C07-S005,fixed-total,random,12,5,0036487818d891c23d357f7af49030f323f4c9af,286,E2_neighbor_count,fixed-total,random,1,representative,reviews/sq1-whq-update-0036487/raw/E2_neighbor_count_fixed-total_random_k12_seed5.mat,86c5fd7d8e05eb5dcb39e4c157c9aecc90cb78d9bbd50d9d269ed046b6d6cc4f,587896,effective-social-input/run_B_1_04_raw_02_part_03.zip,E2_neighbor_count_fixed-total_random_k12_seed5.mat,reviews/sq1-whq-update-0036487/raw/E2_neighbor_count_fixed-total_random_k12_seed5.mat
C07,C07-S006,fixed-total,random,12,6,0036487818d891c23d357f7af49030f323f4c9af,287,E2_neighbor_count,fixed-total,random,1,representative,reviews/sq1-whq-update-0036487/raw/E2_neighbor_count_fixed-total_random_k12_seed6.mat,5c05cba7952db9965e0677553d3faed2c904aa36b41c621c51825fc97ad775eb,587051,effective-social-input/run_B_1_04_raw_02_part_03.zip,E2_neighbor_count_fixed-total_random_k12_seed6.mat,reviews/sq1-whq-update-0036487/raw/E2_neighbor_count_fixed-total_random_k12_seed6.mat
C07,C07-S007,fixed-total,random,12,7,0036487818d891c23d357f7af49030f323f4c9af,288,E2_neighbor_count,fixed-total,random,1,representative,reviews/sq1-whq-update-0036487/raw/E2_neighbor_count_fixed-total_random_k12_seed7.mat,a3a2a02135400ac58d393f07fd3cb673ca806e62df3f6925e0e25df52cd17bcb,587377,effective-social-input/run_B_1_04_raw_02_part_03.zip,E2_neighbor_count_fixed-total_random_k12_seed7.mat,reviews/sq1-whq-update-0036487/raw/E2_neighbor_count_fixed-total_random_k12_seed7.mat
C07,C07-S008,fixed-total,random,12,8,0036487818d891c23d357f7af49030f323f4c9af,289,E2_neighbor_count,fixed-total,random,1,representative,reviews/sq1-whq-update-0036487/raw/E2_neighbor_count_fixed-total_random_k12_seed8.mat,3d33cf96f7bd77a10e24cab734bcb300009483644cca27d8954507c6cd031325,587621,effective-social-input/run_B_1_04_raw_02_part_03.zip,E2_neighbor_count_fixed-total_random_k12_seed8.mat,reviews/sq1-whq-update-0036487/raw/E2_neighbor_count_fixed-total_random_k12_seed8.mat
C07,C07-S009,fixed-total,random,12,9,0036487818d891c23d357f7af49030f323f4c9af,290,E2_neighbor_count,fixed-total,random,1,representative,reviews/sq1-whq-update-0036487/raw/E2_neighbor_count_fixed-total_random_k12_seed9.mat,9ebe6151f1d9851856db20370d6f9afdaaa7ea9ea07249dc7e7a079138fc95e2,588625,effective-social-input/run_B_1_04_raw_02_part_03.zip,E2_neighbor_count_fixed-total_random_k12_seed9.mat,reviews/sq1-whq-update-0036487/raw/E2_neighbor_count_fixed-total_random_k12_seed9.mat
C07,C07-S010,fixed-total,random,12,10,0036487818d891c23d357f7af49030f323f4c9af,291,E2_neighbor_count,fixed-total,random,1,representative,reviews/sq1-whq-update-0036487/raw/E2_neighbor_count_fixed-total_random_k12_seed10.mat,9c222fece26b45e9a3a77ad31a37d4c8afc201c95b8befc5868b59c6ba1eb95e,588847,effective-social-input/run_B_1_04_raw_02_part_03.zip,E2_neighbor_count_fixed-total_random_k12_seed10.mat,reviews/sq1-whq-update-0036487/raw/E2_neighbor_count_fixed-total_random_k12_seed10.mat
C07,C07-S011,fixed-total,random,12,11,0036487818d891c23d357f7af49030f323f4c9af,292,E2_neighbor_count,fixed-total,random,1,representative,reviews/sq1-whq-update-0036487/raw/E2_neighbor_count_fixed-total_random_k12_seed11.mat,929a680275bfa12813c6b737eaa7ce5bf99dcf5ce2a2854c1d4c6f65e18316ba,590989,effective-social-input/run_B_1_04_raw_02_part_03.zip,E2_neighbor_count_fixed-total_random_k12_seed11.mat,reviews/sq1-whq-update-0036487/raw/E2_neighbor_count_fixed-total_random_k12_seed11.mat
C07,C07-S012,fixed-total,random,12,12,0036487818d891c23d357f7af49030f323f4c9af,293,E2_neighbor_count,fixed-total,random,1,representative,reviews/sq1-whq-update-0036487/raw/E2_neighbor_count_fixed-total_random_k12_seed12.mat,2d512c1ccaf1137d59cea5d172d72015f3f3faecf3163b157ab2dac60322ba70,589922,effective-social-input/run_B_1_04_raw_02_part_03.zip,E2_neighbor_count_fixed-total_random_k12_seed12.mat,reviews/sq1-whq-update-0036487/raw/E2_neighbor_count_fixed-total_random_k12_seed12.mat
C07,C07-S013,fixed-total,random,12,13,0036487818d891c23d357f7af49030f323f4c9af,294,E2_neighbor_count,fixed-total,random,1,representative,reviews/sq1-whq-update-0036487/raw/E2_neighbor_count_fixed-total_random_k12_seed13.mat,e8547bafc36955abbda349d917b6a94b85f93572b32054b7e9a4b717d7ac8531,589105,effective-social-input/run_B_1_04_raw_02_part_03.zip,E2_neighbor_count_fixed-total_random_k12_seed13.mat,reviews/sq1-whq-update-0036487/raw/E2_neighbor_count_fixed-total_random_k12_seed13.mat
C07,C07-S014,fixed-total,random,12,14,0036487818d891c23d357f7af49030f323f4c9af,295,E2_neighbor_count,fixed-total,random,1,representative,reviews/sq1-whq-update-0036487/raw/E2_neighbor_count_fixed-total_random_k12_seed14.mat,0ef273db2fc74c0ef4d48a75a958d7d02e7b1171704667d7b2cc1521363e84ea,588101,effective-social-input/run_B_1_04_raw_02_part_03.zip,E2_neighbor_count_fixed-total_random_k12_seed14.mat,reviews/sq1-whq-update-0036487/raw/E2_neighbor_count_fixed-total_random_k12_seed14.mat
C07,C07-S015,fixed-total,random,12,15,0036487818d891c23d357f7af49030f323f4c9af,296,E2_neighbor_count,fixed-total,random,1,representative,reviews/sq1-whq-update-0036487/raw/E2_neighbor_count_fixed-total_random_k12_seed15.mat,1503a2d1846112205f5d351543a4a51846569345537ea978004c00dd7de07ebe,589596,effective-social-input/run_B_1_04_raw_02_part_03.zip,E2_neighbor_count_fixed-total_random_k12_seed15.mat,reviews/sq1-whq-update-0036487/raw/E2_neighbor_count_fixed-total_random_k12_seed15.mat
C07,C07-S016,fixed-total,random,12,16,0036487818d891c23d357f7af49030f323f4c9af,297,E2_neighbor_count,fixed-total,random,1,representative,reviews/sq1-whq-update-0036487/raw/E2_neighbor_count_fixed-total_random_k12_seed16.mat,b8a7455a83bea11d2514bd661034cb6afc1ac740e833590937eeec92d337191e,588839,effective-social-input/run_B_1_04_raw_02_part_03.zip,E2_neighbor_count_fixed-total_random_k12_seed16.mat,reviews/sq1-whq-update-0036487/raw/E2_neighbor_count_fixed-total_random_k12_seed16.mat
C07,C07-S017,fixed-total,random,12,17,0036487818d891c23d357f7af49030f323f4c9af,298,E2_neighbor_count,fixed-total,random,1,representative,reviews/sq1-whq-update-0036487/raw/E2_neighbor_count_fixed-total_random_k12_seed17.mat,7235427c7f9b5c2fcf8d50aa1012cdcfa75c1900b7afdd0aafbecb495f84c75e,588512,effective-social-input/run_B_1_04_raw_02_part_03.zip,E2_neighbor_count_fixed-total_random_k12_seed17.mat,reviews/sq1-whq-update-0036487/raw/E2_neighbor_count_fixed-total_random_k12_seed17.mat
C07,C07-S018,fixed-total,random,12,18,0036487818d891c23d357f7af49030f323f4c9af,299,E2_neighbor_count,fixed-total,random,1,representative,reviews/sq1-whq-update-0036487/raw/E2_neighbor_count_fixed-total_random_k12_seed18.mat,0884c9a2178784f6010c566aa9c03a7f0cc1609fd7d4247e6faba0ee2a633547,588127,effective-social-input/run_B_1_04_raw_02_part_03.zip,E2_neighbor_count_fixed-total_random_k12_seed18.mat,reviews/sq1-whq-update-0036487/raw/E2_neighbor_count_fixed-total_random_k12_seed18.mat
C07,C07-S019,fixed-total,random,12,19,0036487818d891c23d357f7af49030f323f4c9af,300,E2_neighbor_count,fixed-total,random,1,representative,reviews/sq1-whq-update-0036487/raw/E2_neighbor_count_fixed-total_random_k12_seed19.mat,cbe5456f46b7db4d3cf23363449aba7ae7f32704434bdc849e718e4d1f891040,587974,effective-social-input/run_B_1_04_raw_02_part_03.zip,E2_neighbor_count_fixed-total_random_k12_seed19.mat,reviews/sq1-whq-update-0036487/raw/E2_neighbor_count_fixed-total_random_k12_seed19.mat
C07,C07-S020,fixed-total,random,12,20,0036487818d891c23d357f7af49030f323f4c9af,301,E2_neighbor_count,fixed-total,random,1,representative,reviews/sq1-whq-update-0036487/raw/E2_neighbor_count_fixed-total_random_k12_seed20.mat,2062fbd58b6a4dd6d7273bc60d8544c60f9199a1d84af48a5e0dcd88b2bf8365,590956,effective-social-input/run_B_1_04_raw_02_part_03.zip,E2_neighbor_count_fixed-total_random_k12_seed20.mat,reviews/sq1-whq-update-0036487/raw/E2_neighbor_count_fixed-total_random_k12_seed20.mat
C08,C08-S001,full-equivalent,all,19,1,0036487818d891c23d357f7af49030f323f4c9af,302,E2_neighbor_count,fixed-total,random,0,experiment_label;k19_strength_equivalence,reviews/sq1-whq-update-0036487/raw/E2_neighbor_count_fixed-total_random_k19_seed1.mat,fe8421c5ca1c2ecf6c80d58610fc7cb54e41727923a7e627bea372ec57868d76,579034,effective-social-input/run_B_1_04_raw_02_part_04.zip,E2_neighbor_count_fixed-total_random_k19_seed1.mat,reviews/sq1-whq-update-0036487/raw/E1_strength_policy_original_random_k19_seed1.mat
C08,C08-S002,full-equivalent,all,19,2,0036487818d891c23d357f7af49030f323f4c9af,303,E2_neighbor_count,fixed-total,random,0,experiment_label;k19_strength_equivalence,reviews/sq1-whq-update-0036487/raw/E2_neighbor_count_fixed-total_random_k19_seed2.mat,aa41b30ef8a3c2dad9008deb098da50dabcbcd992aafb6e580ab04390812f30a,578787,effective-social-input/run_B_1_04_raw_02_part_04.zip,E2_neighbor_count_fixed-total_random_k19_seed2.mat,reviews/sq1-whq-update-0036487/raw/E1_strength_policy_original_random_k19_seed2.mat
C08,C08-S003,full-equivalent,all,19,3,0036487818d891c23d357f7af49030f323f4c9af,304,E2_neighbor_count,fixed-total,random,0,experiment_label;k19_strength_equivalence,reviews/sq1-whq-update-0036487/raw/E2_neighbor_count_fixed-total_random_k19_seed3.mat,0ff2282216dd0bfa1c76bc6b73fc842f6e1cf8e6453171e09f4357c5140b7e8d,574893,effective-social-input/run_B_1_04_raw_02_part_04.zip,E2_neighbor_count_fixed-total_random_k19_seed3.mat,reviews/sq1-whq-update-0036487/raw/E1_strength_policy_original_random_k19_seed3.mat
C08,C08-S004,full-equivalent,all,19,4,0036487818d891c23d357f7af49030f323f4c9af,305,E2_neighbor_count,fixed-total,random,0,experiment_label;k19_strength_equivalence,reviews/sq1-whq-update-0036487/raw/E2_neighbor_count_fixed-total_random_k19_seed4.mat,ee905ae824350134929079e6d452e953a8c724aee8328af87f37feb178901285,580973,effective-social-input/run_B_1_04_raw_02_part_04.zip,E2_neighbor_count_fixed-total_random_k19_seed4.mat,reviews/sq1-whq-update-0036487/raw/E1_strength_policy_original_random_k19_seed4.mat
C08,C08-S005,full-equivalent,all,19,5,0036487818d891c23d357f7af49030f323f4c9af,306,E2_neighbor_count,fixed-total,random,0,experiment_label;k19_strength_equivalence,reviews/sq1-whq-update-0036487/raw/E2_neighbor_count_fixed-total_random_k19_seed5.mat,97e1b1db06f10196023c30adb0c2e897a09d0e4b28466886e2df2c85f8d39664,580598,effective-social-input/run_B_1_04_raw_02_part_04.zip,E2_neighbor_count_fixed-total_random_k19_seed5.mat,reviews/sq1-whq-update-0036487/raw/E1_strength_policy_original_random_k19_seed5.mat
C08,C08-S006,full-equivalent,all,19,6,0036487818d891c23d357f7af49030f323f4c9af,307,E2_neighbor_count,fixed-total,random,0,experiment_label;k19_strength_equivalence,reviews/sq1-whq-update-0036487/raw/E2_neighbor_count_fixed-total_random_k19_seed6.mat,e077cb76810c7c606e7f3ef09ffd59619e737d113fde5edeea4a43e4b05ffe83,573253,effective-social-input/run_B_1_04_raw_02_part_04.zip,E2_neighbor_count_fixed-total_random_k19_seed6.mat,reviews/sq1-whq-update-0036487/raw/E1_strength_policy_original_random_k19_seed6.mat
C08,C08-S007,full-equivalent,all,19,7,0036487818d891c23d357f7af49030f323f4c9af,308,E2_neighbor_count,fixed-total,random,0,experiment_label;k19_strength_equivalence,reviews/sq1-whq-update-0036487/raw/E2_neighbor_count_fixed-total_random_k19_seed7.mat,25ef0f8617e388b2ff71ae218b2d772f747f8b98dc4709e76080c92339388fd8,574465,effective-social-input/run_B_1_04_raw_02_part_04.zip,E2_neighbor_count_fixed-total_random_k19_seed7.mat,reviews/sq1-whq-update-0036487/raw/E1_strength_policy_original_random_k19_seed7.mat
C08,C08-S008,full-equivalent,all,19,8,0036487818d891c23d357f7af49030f323f4c9af,309,E2_neighbor_count,fixed-total,random,0,experiment_label;k19_strength_equivalence,reviews/sq1-whq-update-0036487/raw/E2_neighbor_count_fixed-total_random_k19_seed8.mat,118da5d90fdf9cfa8cf397344d1ebc22060fe2df110a3e2c31f6e92777c5af1d,578806,effective-social-input/run_B_1_04_raw_02_part_04.zip,E2_neighbor_count_fixed-total_random_k19_seed8.mat,reviews/sq1-whq-update-0036487/raw/E1_strength_policy_original_random_k19_seed8.mat
C08,C08-S009,full-equivalent,all,19,9,0036487818d891c23d357f7af49030f323f4c9af,310,E2_neighbor_count,fixed-total,random,0,experiment_label;k19_strength_equivalence,reviews/sq1-whq-update-0036487/raw/E2_neighbor_count_fixed-total_random_k19_seed9.mat,9187ceb56464ffe1240492fdd5de62e9610930ca41ca2ecc804edf3ae11b9d50,582212,effective-social-input/run_B_1_04_raw_02_part_04.zip,E2_neighbor_count_fixed-total_random_k19_seed9.mat,reviews/sq1-whq-update-0036487/raw/E1_strength_policy_original_random_k19_seed9.mat
C08,C08-S010,full-equivalent,all,19,10,0036487818d891c23d357f7af49030f323f4c9af,311,E2_neighbor_count,fixed-total,random,0,experiment_label;k19_strength_equivalence,reviews/sq1-whq-update-0036487/raw/E2_neighbor_count_fixed-total_random_k19_seed10.mat,2d1aa6540e50389c3e7fa4acc36dda27fedcaac654fd548b4662146541c32f8e,581484,effective-social-input/run_B_1_04_raw_02_part_04.zip,E2_neighbor_count_fixed-total_random_k19_seed10.mat,reviews/sq1-whq-update-0036487/raw/E1_strength_policy_original_random_k19_seed10.mat
C08,C08-S011,full-equivalent,all,19,11,0036487818d891c23d357f7af49030f323f4c9af,312,E2_neighbor_count,fixed-total,random,0,experiment_label;k19_strength_equivalence,reviews/sq1-whq-update-0036487/raw/E2_neighbor_count_fixed-total_random_k19_seed11.mat,82b39c7b950d90fbd72761f00a2fe6e97fb67d0fb3b6dd0a559c27b8a4b9fc2e,577439,effective-social-input/run_B_1_04_raw_02_part_04.zip,E2_neighbor_count_fixed-total_random_k19_seed11.mat,reviews/sq1-whq-update-0036487/raw/E1_strength_policy_original_random_k19_seed11.mat
C08,C08-S012,full-equivalent,all,19,12,0036487818d891c23d357f7af49030f323f4c9af,313,E2_neighbor_count,fixed-total,random,0,experiment_label;k19_strength_equivalence,reviews/sq1-whq-update-0036487/raw/E2_neighbor_count_fixed-total_random_k19_seed12.mat,f5d8a7d9f2a33ece9941802f17dc363409c9349d874e9d988d099633f494b33d,575813,effective-social-input/run_B_1_04_raw_02_part_04.zip,E2_neighbor_count_fixed-total_random_k19_seed12.mat,reviews/sq1-whq-update-0036487/raw/E1_strength_policy_original_random_k19_seed12.mat
C08,C08-S013,full-equivalent,all,19,13,0036487818d891c23d357f7af49030f323f4c9af,314,E2_neighbor_count,fixed-total,random,0,experiment_label;k19_strength_equivalence,reviews/sq1-whq-update-0036487/raw/E2_neighbor_count_fixed-total_random_k19_seed13.mat,9b89fdab4d233c42668e97360b94455239f6c5657240ec04b72ce7888278f663,575931,effective-social-input/run_B_1_04_raw_02_part_04.zip,E2_neighbor_count_fixed-total_random_k19_seed13.mat,reviews/sq1-whq-update-0036487/raw/E1_strength_policy_original_random_k19_seed13.mat
C08,C08-S014,full-equivalent,all,19,14,0036487818d891c23d357f7af49030f323f4c9af,315,E2_neighbor_count,fixed-total,random,0,experiment_label;k19_strength_equivalence,reviews/sq1-whq-update-0036487/raw/E2_neighbor_count_fixed-total_random_k19_seed14.mat,8e8bba81eefa3293c48c74c52768fd333a2ed11599c150583387addd64ea2cab,582063,effective-social-input/run_B_1_04_raw_02_part_04.zip,E2_neighbor_count_fixed-total_random_k19_seed14.mat,reviews/sq1-whq-update-0036487/raw/E1_strength_policy_original_random_k19_seed14.mat
C08,C08-S015,full-equivalent,all,19,15,0036487818d891c23d357f7af49030f323f4c9af,316,E2_neighbor_count,fixed-total,random,0,experiment_label;k19_strength_equivalence,reviews/sq1-whq-update-0036487/raw/E2_neighbor_count_fixed-total_random_k19_seed15.mat,66686f6bfed0df15e7076290e253e0c1a62d3f1e34fc9333d0e26947eaa9110f,578676,effective-social-input/run_B_1_04_raw_02_part_04.zip,E2_neighbor_count_fixed-total_random_k19_seed15.mat,reviews/sq1-whq-update-0036487/raw/E1_strength_policy_original_random_k19_seed15.mat
C08,C08-S016,full-equivalent,all,19,16,0036487818d891c23d357f7af49030f323f4c9af,317,E2_neighbor_count,fixed-total,random,0,experiment_label;k19_strength_equivalence,reviews/sq1-whq-update-0036487/raw/E2_neighbor_count_fixed-total_random_k19_seed16.mat,fd6856875e2e4b5786ccc747f4ece3414ddd9e21f642e02bb2d2bd8748892ec9,572920,effective-social-input/run_B_1_04_raw_02_part_04.zip,E2_neighbor_count_fixed-total_random_k19_seed16.mat,reviews/sq1-whq-update-0036487/raw/E1_strength_policy_original_random_k19_seed16.mat
C08,C08-S017,full-equivalent,all,19,17,0036487818d891c23d357f7af49030f323f4c9af,318,E2_neighbor_count,fixed-total,random,0,experiment_label;k19_strength_equivalence,reviews/sq1-whq-update-0036487/raw/E2_neighbor_count_fixed-total_random_k19_seed17.mat,d75871487b6cc45086f52b0921ced06758e1dd34863c63530f3ac0dd58098ec0,577145,effective-social-input/run_B_1_04_raw_02_part_04.zip,E2_neighbor_count_fixed-total_random_k19_seed17.mat,reviews/sq1-whq-update-0036487/raw/E1_strength_policy_original_random_k19_seed17.mat
C08,C08-S018,full-equivalent,all,19,18,0036487818d891c23d357f7af49030f323f4c9af,319,E2_neighbor_count,fixed-total,random,0,experiment_label;k19_strength_equivalence,reviews/sq1-whq-update-0036487/raw/E2_neighbor_count_fixed-total_random_k19_seed18.mat,90190fd29fb181567a247b6a4f40ecf19530eaf865aa48a69f6c7b138c1bde6b,579789,effective-social-input/run_B_1_04_raw_02_part_04.zip,E2_neighbor_count_fixed-total_random_k19_seed18.mat,reviews/sq1-whq-update-0036487/raw/E1_strength_policy_original_random_k19_seed18.mat
C08,C08-S019,full-equivalent,all,19,19,0036487818d891c23d357f7af49030f323f4c9af,320,E2_neighbor_count,fixed-total,random,0,experiment_label;k19_strength_equivalence,reviews/sq1-whq-update-0036487/raw/E2_neighbor_count_fixed-total_random_k19_seed19.mat,7de05548947ed13980a074b6165105d2bb08d9ed6f768834f17c4f2b3bc9c91a,583500,effective-social-input/run_B_1_04_raw_02_part_04.zip,E2_neighbor_count_fixed-total_random_k19_seed19.mat,reviews/sq1-whq-update-0036487/raw/E1_strength_policy_original_random_k19_seed19.mat
C08,C08-S020,full-equivalent,all,19,20,0036487818d891c23d357f7af49030f323f4c9af,321,E2_neighbor_count,fixed-total,random,0,experiment_label;k19_strength_equivalence,reviews/sq1-whq-update-0036487/raw/E2_neighbor_count_fixed-total_random_k19_seed20.mat,fd502ca4efd072352a724bb7dc3d65034ac3bb564f2fb5f7f851773291b7d038,578617,effective-social-input/run_B_1_04_raw_02_part_04.zip,E2_neighbor_count_fixed-total_random_k19_seed20.mat,reviews/sq1-whq-update-0036487/raw/E1_strength_policy_original_random_k19_seed20.mat
C01,C01-S001,fixed-total,angle-concentrated,8,1,0036487818d891c23d357f7af49030f323f4c9af,322,E3_angular_structure,fixed-total,angle-concentrated,1,representative,reviews/sq1-whq-update-0036487/raw/E3_angular_structure_fixed-total_angle-concentrated_k8_seed1.mat,ef8a3ca49aeff953b778a4e67972fefce45e621600ed26d0aa60306d8f910388,581173,effective-social-input/run_B_1_04_raw_05_part_01.zip,E3_angular_structure_fixed-total_angle-concentrated_k8_seed1.mat,reviews/sq1-whq-update-0036487/raw/E3_angular_structure_fixed-total_angle-concentrated_k8_seed1.mat
C01,C01-S002,fixed-total,angle-concentrated,8,2,0036487818d891c23d357f7af49030f323f4c9af,323,E3_angular_structure,fixed-total,angle-concentrated,1,representative,reviews/sq1-whq-update-0036487/raw/E3_angular_structure_fixed-total_angle-concentrated_k8_seed2.mat,7a45944462af1df3795898639f6c9a9138e9dd8ae41487bacd7da6d5a60ae98b,581480,effective-social-input/run_B_1_04_raw_05_part_01.zip,E3_angular_structure_fixed-total_angle-concentrated_k8_seed2.mat,reviews/sq1-whq-update-0036487/raw/E3_angular_structure_fixed-total_angle-concentrated_k8_seed2.mat
C01,C01-S003,fixed-total,angle-concentrated,8,3,0036487818d891c23d357f7af49030f323f4c9af,324,E3_angular_structure,fixed-total,angle-concentrated,1,representative,reviews/sq1-whq-update-0036487/raw/E3_angular_structure_fixed-total_angle-concentrated_k8_seed3.mat,d46a35527e7843ebc01bef96488c3c46b406c5c35681acd2611b016988d26a90,586449,effective-social-input/run_B_1_04_raw_05_part_01.zip,E3_angular_structure_fixed-total_angle-concentrated_k8_seed3.mat,reviews/sq1-whq-update-0036487/raw/E3_angular_structure_fixed-total_angle-concentrated_k8_seed3.mat
C01,C01-S004,fixed-total,angle-concentrated,8,4,0036487818d891c23d357f7af49030f323f4c9af,325,E3_angular_structure,fixed-total,angle-concentrated,1,representative,reviews/sq1-whq-update-0036487/raw/E3_angular_structure_fixed-total_angle-concentrated_k8_seed4.mat,28dfcd22896a83cd433b22852051383ea550ab06c5f1c7cd55daf6e135a35bc5,578989,effective-social-input/run_B_1_04_raw_05_part_01.zip,E3_angular_structure_fixed-total_angle-concentrated_k8_seed4.mat,reviews/sq1-whq-update-0036487/raw/E3_angular_structure_fixed-total_angle-concentrated_k8_seed4.mat
C01,C01-S005,fixed-total,angle-concentrated,8,5,0036487818d891c23d357f7af49030f323f4c9af,326,E3_angular_structure,fixed-total,angle-concentrated,1,representative,reviews/sq1-whq-update-0036487/raw/E3_angular_structure_fixed-total_angle-concentrated_k8_seed5.mat,cd60b4d86feae04c22a75163300555cbfa5a965758b60fd8de6d569874725028,570286,effective-social-input/run_B_1_04_raw_05_part_01.zip,E3_angular_structure_fixed-total_angle-concentrated_k8_seed5.mat,reviews/sq1-whq-update-0036487/raw/E3_angular_structure_fixed-total_angle-concentrated_k8_seed5.mat
C01,C01-S006,fixed-total,angle-concentrated,8,6,0036487818d891c23d357f7af49030f323f4c9af,327,E3_angular_structure,fixed-total,angle-concentrated,1,representative,reviews/sq1-whq-update-0036487/raw/E3_angular_structure_fixed-total_angle-concentrated_k8_seed6.mat,453a842b56ac7209116aabd74f823c5908138ff8d886d0665a711bb25842c32d,574450,effective-social-input/run_B_1_04_raw_05_part_01.zip,E3_angular_structure_fixed-total_angle-concentrated_k8_seed6.mat,reviews/sq1-whq-update-0036487/raw/E3_angular_structure_fixed-total_angle-concentrated_k8_seed6.mat
C01,C01-S007,fixed-total,angle-concentrated,8,7,0036487818d891c23d357f7af49030f323f4c9af,328,E3_angular_structure,fixed-total,angle-concentrated,1,representative,reviews/sq1-whq-update-0036487/raw/E3_angular_structure_fixed-total_angle-concentrated_k8_seed7.mat,5b9a59e9e7fa66bf868890efe69e3937088fc41fefc6cc36acd929be400f9512,575728,effective-social-input/run_B_1_04_raw_05_part_01.zip,E3_angular_structure_fixed-total_angle-concentrated_k8_seed7.mat,reviews/sq1-whq-update-0036487/raw/E3_angular_structure_fixed-total_angle-concentrated_k8_seed7.mat
C01,C01-S008,fixed-total,angle-concentrated,8,8,0036487818d891c23d357f7af49030f323f4c9af,329,E3_angular_structure,fixed-total,angle-concentrated,1,representative,reviews/sq1-whq-update-0036487/raw/E3_angular_structure_fixed-total_angle-concentrated_k8_seed8.mat,e9bb707113521bbfe9969d142cde7291bd8e7a376d71ee1f1d5a819188fabf8a,577529,effective-social-input/run_B_1_04_raw_05_part_01.zip,E3_angular_structure_fixed-total_angle-concentrated_k8_seed8.mat,reviews/sq1-whq-update-0036487/raw/E3_angular_structure_fixed-total_angle-concentrated_k8_seed8.mat
C01,C01-S009,fixed-total,angle-concentrated,8,9,0036487818d891c23d357f7af49030f323f4c9af,330,E3_angular_structure,fixed-total,angle-concentrated,1,representative,reviews/sq1-whq-update-0036487/raw/E3_angular_structure_fixed-total_angle-concentrated_k8_seed9.mat,15914b20ab9aa836d088eeb5f6bbcf55385d681301c2b337de8f6eac4c41166c,566236,effective-social-input/run_B_1_04_raw_05_part_01.zip,E3_angular_structure_fixed-total_angle-concentrated_k8_seed9.mat,reviews/sq1-whq-update-0036487/raw/E3_angular_structure_fixed-total_angle-concentrated_k8_seed9.mat
C01,C01-S010,fixed-total,angle-concentrated,8,10,0036487818d891c23d357f7af49030f323f4c9af,331,E3_angular_structure,fixed-total,angle-concentrated,1,representative,reviews/sq1-whq-update-0036487/raw/E3_angular_structure_fixed-total_angle-concentrated_k8_seed10.mat,626d9acb8bd7d0715d8f743bd1aec11d1d8585d433d991b990618605fc942618,579420,effective-social-input/run_B_1_04_raw_05_part_01.zip,E3_angular_structure_fixed-total_angle-concentrated_k8_seed10.mat,reviews/sq1-whq-update-0036487/raw/E3_angular_structure_fixed-total_angle-concentrated_k8_seed10.mat
C01,C01-S011,fixed-total,angle-concentrated,8,11,0036487818d891c23d357f7af49030f323f4c9af,332,E3_angular_structure,fixed-total,angle-concentrated,1,representative,reviews/sq1-whq-update-0036487/raw/E3_angular_structure_fixed-total_angle-concentrated_k8_seed11.mat,821405334523f827de61656560308bd740eae1d3e29b00bfc91b5885f5d45d6e,577612,effective-social-input/run_B_1_04_raw_05_part_01.zip,E3_angular_structure_fixed-total_angle-concentrated_k8_seed11.mat,reviews/sq1-whq-update-0036487/raw/E3_angular_structure_fixed-total_angle-concentrated_k8_seed11.mat
C01,C01-S012,fixed-total,angle-concentrated,8,12,0036487818d891c23d357f7af49030f323f4c9af,333,E3_angular_structure,fixed-total,angle-concentrated,1,representative,reviews/sq1-whq-update-0036487/raw/E3_angular_structure_fixed-total_angle-concentrated_k8_seed12.mat,ca0f69a59b47e83e96490f4571e671d9a34f9a1ee7f44c5132d0430fe5ea3b10,579141,effective-social-input/run_B_1_04_raw_05_part_01.zip,E3_angular_structure_fixed-total_angle-concentrated_k8_seed12.mat,reviews/sq1-whq-update-0036487/raw/E3_angular_structure_fixed-total_angle-concentrated_k8_seed12.mat
C01,C01-S013,fixed-total,angle-concentrated,8,13,0036487818d891c23d357f7af49030f323f4c9af,334,E3_angular_structure,fixed-total,angle-concentrated,1,representative,reviews/sq1-whq-update-0036487/raw/E3_angular_structure_fixed-total_angle-concentrated_k8_seed13.mat,b04805b93d5d384744aa5eb1e3def5d4dc58cfd64c566837fabb68792f8bc513,576235,effective-social-input/run_B_1_04_raw_05_part_01.zip,E3_angular_structure_fixed-total_angle-concentrated_k8_seed13.mat,reviews/sq1-whq-update-0036487/raw/E3_angular_structure_fixed-total_angle-concentrated_k8_seed13.mat
C01,C01-S014,fixed-total,angle-concentrated,8,14,0036487818d891c23d357f7af49030f323f4c9af,335,E3_angular_structure,fixed-total,angle-concentrated,1,representative,reviews/sq1-whq-update-0036487/raw/E3_angular_structure_fixed-total_angle-concentrated_k8_seed14.mat,c89ebeae5e606da1869ff499ef33a8a7e7a30beb7ecb3ee31bb650fb79a4b70d,577923,effective-social-input/run_B_1_04_raw_05_part_01.zip,E3_angular_structure_fixed-total_angle-concentrated_k8_seed14.mat,reviews/sq1-whq-update-0036487/raw/E3_angular_structure_fixed-total_angle-concentrated_k8_seed14.mat
C01,C01-S015,fixed-total,angle-concentrated,8,15,0036487818d891c23d357f7af49030f323f4c9af,336,E3_angular_structure,fixed-total,angle-concentrated,1,representative,reviews/sq1-whq-update-0036487/raw/E3_angular_structure_fixed-total_angle-concentrated_k8_seed15.mat,95aa915445ce43df0ed39bf536eb36050e24adf9ce605d577e98da36ca2b4a5e,577351,effective-social-input/run_B_1_04_raw_05_part_01.zip,E3_angular_structure_fixed-total_angle-concentrated_k8_seed15.mat,reviews/sq1-whq-update-0036487/raw/E3_angular_structure_fixed-total_angle-concentrated_k8_seed15.mat
C01,C01-S016,fixed-total,angle-concentrated,8,16,0036487818d891c23d357f7af49030f323f4c9af,337,E3_angular_structure,fixed-total,angle-concentrated,1,representative,reviews/sq1-whq-update-0036487/raw/E3_angular_structure_fixed-total_angle-concentrated_k8_seed16.mat,87c465fb342f564ef7cbb8aa48f84e6b5aaee16ce3fed4231a7088011a2427cc,579710,effective-social-input/run_B_1_04_raw_05_part_01.zip,E3_angular_structure_fixed-total_angle-concentrated_k8_seed16.mat,reviews/sq1-whq-update-0036487/raw/E3_angular_structure_fixed-total_angle-concentrated_k8_seed16.mat
C01,C01-S017,fixed-total,angle-concentrated,8,17,0036487818d891c23d357f7af49030f323f4c9af,338,E3_angular_structure,fixed-total,angle-concentrated,1,representative,reviews/sq1-whq-update-0036487/raw/E3_angular_structure_fixed-total_angle-concentrated_k8_seed17.mat,523dc1e59ba2a179473c1c0d571fb68b05476ed454963ea3c16242eca4e0d8d1,573740,effective-social-input/run_B_1_04_raw_05_part_01.zip,E3_angular_structure_fixed-total_angle-concentrated_k8_seed17.mat,reviews/sq1-whq-update-0036487/raw/E3_angular_structure_fixed-total_angle-concentrated_k8_seed17.mat
C01,C01-S018,fixed-total,angle-concentrated,8,18,0036487818d891c23d357f7af49030f323f4c9af,339,E3_angular_structure,fixed-total,angle-concentrated,1,representative,reviews/sq1-whq-update-0036487/raw/E3_angular_structure_fixed-total_angle-concentrated_k8_seed18.mat,c633cbc7701690a50c2282f596736c7083ee31ee823d2e401270ca6970838cbb,582783,effective-social-input/run_B_1_04_raw_05_part_01.zip,E3_angular_structure_fixed-total_angle-concentrated_k8_seed18.mat,reviews/sq1-whq-update-0036487/raw/E3_angular_structure_fixed-total_angle-concentrated_k8_seed18.mat
C01,C01-S019,fixed-total,angle-concentrated,8,19,0036487818d891c23d357f7af49030f323f4c9af,340,E3_angular_structure,fixed-total,angle-concentrated,1,representative,reviews/sq1-whq-update-0036487/raw/E3_angular_structure_fixed-total_angle-concentrated_k8_seed19.mat,28d54562344cf0678a434da2422366d2e2af0aef20cbb1033676aa267fdd47bd,577746,effective-social-input/run_B_1_04_raw_05_part_01.zip,E3_angular_structure_fixed-total_angle-concentrated_k8_seed19.mat,reviews/sq1-whq-update-0036487/raw/E3_angular_structure_fixed-total_angle-concentrated_k8_seed19.mat
C01,C01-S020,fixed-total,angle-concentrated,8,20,0036487818d891c23d357f7af49030f323f4c9af,341,E3_angular_structure,fixed-total,angle-concentrated,1,representative,reviews/sq1-whq-update-0036487/raw/E3_angular_structure_fixed-total_angle-concentrated_k8_seed20.mat,61fa4b85d772f1b14b1d49efce1891e360a072672d6efa0867821dd1ba9f5621,579500,effective-social-input/run_B_1_04_raw_05_part_01.zip,E3_angular_structure_fixed-total_angle-concentrated_k8_seed20.mat,reviews/sq1-whq-update-0036487/raw/E3_angular_structure_fixed-total_angle-concentrated_k8_seed20.mat
C06,C06-S001,fixed-total,random,8,1,0036487818d891c23d357f7af49030f323f4c9af,342,E3_angular_structure,fixed-total,random,0,experiment_label,reviews/sq1-whq-update-0036487/raw/E3_angular_structure_fixed-total_random_k8_seed1.mat,170882525404702d270b02eda9b930fe8726628832604f79faee72bc3ac30e87,592445,effective-social-input/run_B_1_04_raw_05_part_03.zip,E3_angular_structure_fixed-total_random_k8_seed1.mat,reviews/sq1-whq-update-0036487/raw/E1_strength_policy_fixed-total_random_k8_seed1.mat
C06,C06-S002,fixed-total,random,8,2,0036487818d891c23d357f7af49030f323f4c9af,343,E3_angular_structure,fixed-total,random,0,experiment_label,reviews/sq1-whq-update-0036487/raw/E3_angular_structure_fixed-total_random_k8_seed2.mat,09fad8d8b3b8dee954bc9a77684aebdf5a27055b74f21c27ad0bf279fd468a36,593727,effective-social-input/run_B_1_04_raw_05_part_03.zip,E3_angular_structure_fixed-total_random_k8_seed2.mat,reviews/sq1-whq-update-0036487/raw/E1_strength_policy_fixed-total_random_k8_seed2.mat
C06,C06-S003,fixed-total,random,8,3,0036487818d891c23d357f7af49030f323f4c9af,344,E3_angular_structure,fixed-total,random,0,experiment_label,reviews/sq1-whq-update-0036487/raw/E3_angular_structure_fixed-total_random_k8_seed3.mat,e10d94cb552e69a91584f07cf04fbcf763fb02619c827f8f0c30f80f9d0154f1,593028,effective-social-input/run_B_1_04_raw_05_part_03.zip,E3_angular_structure_fixed-total_random_k8_seed3.mat,reviews/sq1-whq-update-0036487/raw/E1_strength_policy_fixed-total_random_k8_seed3.mat
C06,C06-S004,fixed-total,random,8,4,0036487818d891c23d357f7af49030f323f4c9af,345,E3_angular_structure,fixed-total,random,0,experiment_label,reviews/sq1-whq-update-0036487/raw/E3_angular_structure_fixed-total_random_k8_seed4.mat,d9c4e8144c0eb02a6d06ad4198457ff1d1e87d3f7ff71a75bba83c13fbda3ab4,592142,effective-social-input/run_B_1_04_raw_05_part_03.zip,E3_angular_structure_fixed-total_random_k8_seed4.mat,reviews/sq1-whq-update-0036487/raw/E1_strength_policy_fixed-total_random_k8_seed4.mat
C06,C06-S005,fixed-total,random,8,5,0036487818d891c23d357f7af49030f323f4c9af,346,E3_angular_structure,fixed-total,random,0,experiment_label,reviews/sq1-whq-update-0036487/raw/E3_angular_structure_fixed-total_random_k8_seed5.mat,703fbdcd66009c7444080ce2de9b0cadcd012f657decd9868f3557540ae6aeb1,593440,effective-social-input/run_B_1_04_raw_05_part_03.zip,E3_angular_structure_fixed-total_random_k8_seed5.mat,reviews/sq1-whq-update-0036487/raw/E1_strength_policy_fixed-total_random_k8_seed5.mat
C06,C06-S006,fixed-total,random,8,6,0036487818d891c23d357f7af49030f323f4c9af,347,E3_angular_structure,fixed-total,random,0,experiment_label,reviews/sq1-whq-update-0036487/raw/E3_angular_structure_fixed-total_random_k8_seed6.mat,09570bbffcc0adcc9d67a78e75fabde6512bf339ccc7d521582a8008ac578a40,586982,effective-social-input/run_B_1_04_raw_05_part_03.zip,E3_angular_structure_fixed-total_random_k8_seed6.mat,reviews/sq1-whq-update-0036487/raw/E1_strength_policy_fixed-total_random_k8_seed6.mat
C06,C06-S007,fixed-total,random,8,7,0036487818d891c23d357f7af49030f323f4c9af,348,E3_angular_structure,fixed-total,random,0,experiment_label,reviews/sq1-whq-update-0036487/raw/E3_angular_structure_fixed-total_random_k8_seed7.mat,b3c4ee4a39c90a4110d6fc3ecf45236b785b08731c088a427cee942710be76c1,594425,effective-social-input/run_B_1_04_raw_05_part_03.zip,E3_angular_structure_fixed-total_random_k8_seed7.mat,reviews/sq1-whq-update-0036487/raw/E1_strength_policy_fixed-total_random_k8_seed7.mat
C06,C06-S008,fixed-total,random,8,8,0036487818d891c23d357f7af49030f323f4c9af,349,E3_angular_structure,fixed-total,random,0,experiment_label,reviews/sq1-whq-update-0036487/raw/E3_angular_structure_fixed-total_random_k8_seed8.mat,13b3432dc05ebe8aaaccd02297d528cb6d0bf10a1519b31b472c8953628536f8,591409,effective-social-input/run_B_1_04_raw_05_part_03.zip,E3_angular_structure_fixed-total_random_k8_seed8.mat,reviews/sq1-whq-update-0036487/raw/E1_strength_policy_fixed-total_random_k8_seed8.mat
C06,C06-S009,fixed-total,random,8,9,0036487818d891c23d357f7af49030f323f4c9af,350,E3_angular_structure,fixed-total,random,0,experiment_label,reviews/sq1-whq-update-0036487/raw/E3_angular_structure_fixed-total_random_k8_seed9.mat,de3b02bc7b6392d5cbaf8b7a293f739d665d7f58e5176b263363a1beae9b49ef,588353,effective-social-input/run_B_1_04_raw_05_part_03.zip,E3_angular_structure_fixed-total_random_k8_seed9.mat,reviews/sq1-whq-update-0036487/raw/E1_strength_policy_fixed-total_random_k8_seed9.mat
C06,C06-S010,fixed-total,random,8,10,0036487818d891c23d357f7af49030f323f4c9af,351,E3_angular_structure,fixed-total,random,0,experiment_label,reviews/sq1-whq-update-0036487/raw/E3_angular_structure_fixed-total_random_k8_seed10.mat,3752e3c6d158a6c75592b84fd9ff1cf81732ded4ce139e2139804aea60359855,588309,effective-social-input/run_B_1_04_raw_05_part_03.zip,E3_angular_structure_fixed-total_random_k8_seed10.mat,reviews/sq1-whq-update-0036487/raw/E1_strength_policy_fixed-total_random_k8_seed10.mat
C06,C06-S011,fixed-total,random,8,11,0036487818d891c23d357f7af49030f323f4c9af,352,E3_angular_structure,fixed-total,random,0,experiment_label,reviews/sq1-whq-update-0036487/raw/E3_angular_structure_fixed-total_random_k8_seed11.mat,c80e34f8902da25e2a90bdb838d92bf4e9edf71a3582585a68ae554439fb2cca,589206,effective-social-input/run_B_1_04_raw_05_part_03.zip,E3_angular_structure_fixed-total_random_k8_seed11.mat,reviews/sq1-whq-update-0036487/raw/E1_strength_policy_fixed-total_random_k8_seed11.mat
C06,C06-S012,fixed-total,random,8,12,0036487818d891c23d357f7af49030f323f4c9af,353,E3_angular_structure,fixed-total,random,0,experiment_label,reviews/sq1-whq-update-0036487/raw/E3_angular_structure_fixed-total_random_k8_seed12.mat,645a39c5911d92e12dc1449b56e1316d44e77a4c3c7781b603d8b04d16469d2c,592248,effective-social-input/run_B_1_04_raw_05_part_03.zip,E3_angular_structure_fixed-total_random_k8_seed12.mat,reviews/sq1-whq-update-0036487/raw/E1_strength_policy_fixed-total_random_k8_seed12.mat
C06,C06-S013,fixed-total,random,8,13,0036487818d891c23d357f7af49030f323f4c9af,354,E3_angular_structure,fixed-total,random,0,experiment_label,reviews/sq1-whq-update-0036487/raw/E3_angular_structure_fixed-total_random_k8_seed13.mat,e07c6aba56b6859e90561fc33a1174c62d308ceea72645ce1c74d7374cfa5cf1,592914,effective-social-input/run_B_1_04_raw_05_part_03.zip,E3_angular_structure_fixed-total_random_k8_seed13.mat,reviews/sq1-whq-update-0036487/raw/E1_strength_policy_fixed-total_random_k8_seed13.mat
C06,C06-S014,fixed-total,random,8,14,0036487818d891c23d357f7af49030f323f4c9af,355,E3_angular_structure,fixed-total,random,0,experiment_label,reviews/sq1-whq-update-0036487/raw/E3_angular_structure_fixed-total_random_k8_seed14.mat,0c2d33480e60ff3ac03dfadfca60929fe67fd89baaf2993e2fe4773b81224caf,589782,effective-social-input/run_B_1_04_raw_05_part_03.zip,E3_angular_structure_fixed-total_random_k8_seed14.mat,reviews/sq1-whq-update-0036487/raw/E1_strength_policy_fixed-total_random_k8_seed14.mat
C06,C06-S015,fixed-total,random,8,15,0036487818d891c23d357f7af49030f323f4c9af,356,E3_angular_structure,fixed-total,random,0,experiment_label,reviews/sq1-whq-update-0036487/raw/E3_angular_structure_fixed-total_random_k8_seed15.mat,aab2be2084e90b3607b8cdd951606fa6d0d7576d1b8571c00441b6848ca91102,591908,effective-social-input/run_B_1_04_raw_05_part_03.zip,E3_angular_structure_fixed-total_random_k8_seed15.mat,reviews/sq1-whq-update-0036487/raw/E1_strength_policy_fixed-total_random_k8_seed15.mat
C06,C06-S016,fixed-total,random,8,16,0036487818d891c23d357f7af49030f323f4c9af,357,E3_angular_structure,fixed-total,random,0,experiment_label,reviews/sq1-whq-update-0036487/raw/E3_angular_structure_fixed-total_random_k8_seed16.mat,59d0272c93d2c5d0a45b1c143d116ed089143170f84291d463f6132fb9070997,594033,effective-social-input/run_B_1_04_raw_05_part_03.zip,E3_angular_structure_fixed-total_random_k8_seed16.mat,reviews/sq1-whq-update-0036487/raw/E1_strength_policy_fixed-total_random_k8_seed16.mat
C06,C06-S017,fixed-total,random,8,17,0036487818d891c23d357f7af49030f323f4c9af,358,E3_angular_structure,fixed-total,random,0,experiment_label,reviews/sq1-whq-update-0036487/raw/E3_angular_structure_fixed-total_random_k8_seed17.mat,47fc59c503f54edeb97d63adf0a6e0fca262332dc905d401e8aed1cab69cde5c,591487,effective-social-input/run_B_1_04_raw_05_part_03.zip,E3_angular_structure_fixed-total_random_k8_seed17.mat,reviews/sq1-whq-update-0036487/raw/E1_strength_policy_fixed-total_random_k8_seed17.mat
C06,C06-S018,fixed-total,random,8,18,0036487818d891c23d357f7af49030f323f4c9af,359,E3_angular_structure,fixed-total,random,0,experiment_label,reviews/sq1-whq-update-0036487/raw/E3_angular_structure_fixed-total_random_k8_seed18.mat,2476251b44e5d4c257847407cb4ea2fe9901c40713c14fb556249a990a43d61c,591663,effective-social-input/run_B_1_04_raw_05_part_03.zip,E3_angular_structure_fixed-total_random_k8_seed18.mat,reviews/sq1-whq-update-0036487/raw/E1_strength_policy_fixed-total_random_k8_seed18.mat
C06,C06-S019,fixed-total,random,8,19,0036487818d891c23d357f7af49030f323f4c9af,360,E3_angular_structure,fixed-total,random,0,experiment_label,reviews/sq1-whq-update-0036487/raw/E3_angular_structure_fixed-total_random_k8_seed19.mat,165da9de88ae01f687fffd10d6c8e3b8e055fe0b3605bf0cfd70c07e4bbe8cc7,592483,effective-social-input/run_B_1_04_raw_05_part_03.zip,E3_angular_structure_fixed-total_random_k8_seed19.mat,reviews/sq1-whq-update-0036487/raw/E1_strength_policy_fixed-total_random_k8_seed19.mat
C06,C06-S020,fixed-total,random,8,20,0036487818d891c23d357f7af49030f323f4c9af,361,E3_angular_structure,fixed-total,random,0,experiment_label,reviews/sq1-whq-update-0036487/raw/E3_angular_structure_fixed-total_random_k8_seed20.mat,69ff5ddc37d3c40c822d5d7138d5cd4b417e5ff90f522e436e7955f9a266470d,592474,effective-social-input/run_B_1_04_raw_05_part_03.zip,E3_angular_structure_fixed-total_random_k8_seed20.mat,reviews/sq1-whq-update-0036487/raw/E1_strength_policy_fixed-total_random_k8_seed20.mat
C02,C02-S001,fixed-total,balanced,8,1,0036487818d891c23d357f7af49030f323f4c9af,362,E3_angular_structure,fixed-total,angle-dispersed,1,representative,reviews/sq1-whq-update-0036487/raw/E3_angular_structure_fixed-total_angle-dispersed_k8_seed1.mat,f49ef8a094e7fcb0f11ecd8ffdb1d6f972e9bb9832730bbefa837202aa5add2c,588478,effective-social-input/run_B_1_04_raw_05_part_02.zip,E3_angular_structure_fixed-total_angle-dispersed_k8_seed1.mat,reviews/sq1-whq-update-0036487/raw/E3_angular_structure_fixed-total_angle-dispersed_k8_seed1.mat
C02,C02-S002,fixed-total,balanced,8,2,0036487818d891c23d357f7af49030f323f4c9af,363,E3_angular_structure,fixed-total,angle-dispersed,1,representative,reviews/sq1-whq-update-0036487/raw/E3_angular_structure_fixed-total_angle-dispersed_k8_seed2.mat,768c4bb38bef2feb891a7c67d52832a0929aef41f4979f6560449f6013a7961c,590934,effective-social-input/run_B_1_04_raw_05_part_02.zip,E3_angular_structure_fixed-total_angle-dispersed_k8_seed2.mat,reviews/sq1-whq-update-0036487/raw/E3_angular_structure_fixed-total_angle-dispersed_k8_seed2.mat
C02,C02-S003,fixed-total,balanced,8,3,0036487818d891c23d357f7af49030f323f4c9af,364,E3_angular_structure,fixed-total,angle-dispersed,1,representative,reviews/sq1-whq-update-0036487/raw/E3_angular_structure_fixed-total_angle-dispersed_k8_seed3.mat,619d855661b31a92039fb9060fbe523b22f3e097596fbebfb31e0f4fa9febf58,570437,effective-social-input/run_B_1_04_raw_05_part_02.zip,E3_angular_structure_fixed-total_angle-dispersed_k8_seed3.mat,reviews/sq1-whq-update-0036487/raw/E3_angular_structure_fixed-total_angle-dispersed_k8_seed3.mat
C02,C02-S004,fixed-total,balanced,8,4,0036487818d891c23d357f7af49030f323f4c9af,365,E3_angular_structure,fixed-total,angle-dispersed,1,representative,reviews/sq1-whq-update-0036487/raw/E3_angular_structure_fixed-total_angle-dispersed_k8_seed4.mat,1131a6dac7d57b7900d4eee3b05ef2f288eaa41fd44b7dc0968d5e3b16a07d45,585300,effective-social-input/run_B_1_04_raw_05_part_02.zip,E3_angular_structure_fixed-total_angle-dispersed_k8_seed4.mat,reviews/sq1-whq-update-0036487/raw/E3_angular_structure_fixed-total_angle-dispersed_k8_seed4.mat
C02,C02-S005,fixed-total,balanced,8,5,0036487818d891c23d357f7af49030f323f4c9af,366,E3_angular_structure,fixed-total,angle-dispersed,1,representative,reviews/sq1-whq-update-0036487/raw/E3_angular_structure_fixed-total_angle-dispersed_k8_seed5.mat,00c23695047a617cbcd51762735aeff3d51251632110d4d7eaf499e8af42f983,576824,effective-social-input/run_B_1_04_raw_05_part_02.zip,E3_angular_structure_fixed-total_angle-dispersed_k8_seed5.mat,reviews/sq1-whq-update-0036487/raw/E3_angular_structure_fixed-total_angle-dispersed_k8_seed5.mat
C02,C02-S006,fixed-total,balanced,8,6,0036487818d891c23d357f7af49030f323f4c9af,367,E3_angular_structure,fixed-total,angle-dispersed,1,representative,reviews/sq1-whq-update-0036487/raw/E3_angular_structure_fixed-total_angle-dispersed_k8_seed6.mat,4fa0ccf341a144bc6b632f18818e9c2d75faa638cc4f7da8d1849e3acd1414cb,579807,effective-social-input/run_B_1_04_raw_05_part_02.zip,E3_angular_structure_fixed-total_angle-dispersed_k8_seed6.mat,reviews/sq1-whq-update-0036487/raw/E3_angular_structure_fixed-total_angle-dispersed_k8_seed6.mat
C02,C02-S007,fixed-total,balanced,8,7,0036487818d891c23d357f7af49030f323f4c9af,368,E3_angular_structure,fixed-total,angle-dispersed,1,representative,reviews/sq1-whq-update-0036487/raw/E3_angular_structure_fixed-total_angle-dispersed_k8_seed7.mat,675553ccdaeb236e64175355395c5118cb68e8c61e080ce843e84d75d1f21ebd,568993,effective-social-input/run_B_1_04_raw_05_part_02.zip,E3_angular_structure_fixed-total_angle-dispersed_k8_seed7.mat,reviews/sq1-whq-update-0036487/raw/E3_angular_structure_fixed-total_angle-dispersed_k8_seed7.mat
C02,C02-S008,fixed-total,balanced,8,8,0036487818d891c23d357f7af49030f323f4c9af,369,E3_angular_structure,fixed-total,angle-dispersed,1,representative,reviews/sq1-whq-update-0036487/raw/E3_angular_structure_fixed-total_angle-dispersed_k8_seed8.mat,ed69c5da47caaa36d551e9da720e5c22d0fc4d7d85d4a1883689c9d80c05a622,580980,effective-social-input/run_B_1_04_raw_05_part_02.zip,E3_angular_structure_fixed-total_angle-dispersed_k8_seed8.mat,reviews/sq1-whq-update-0036487/raw/E3_angular_structure_fixed-total_angle-dispersed_k8_seed8.mat
C02,C02-S009,fixed-total,balanced,8,9,0036487818d891c23d357f7af49030f323f4c9af,370,E3_angular_structure,fixed-total,angle-dispersed,1,representative,reviews/sq1-whq-update-0036487/raw/E3_angular_structure_fixed-total_angle-dispersed_k8_seed9.mat,1098aa42f71d64354f57a7d68ca4078dfbe7b664bd43c81076d1be1a133d32d3,583798,effective-social-input/run_B_1_04_raw_05_part_02.zip,E3_angular_structure_fixed-total_angle-dispersed_k8_seed9.mat,reviews/sq1-whq-update-0036487/raw/E3_angular_structure_fixed-total_angle-dispersed_k8_seed9.mat
C02,C02-S010,fixed-total,balanced,8,10,0036487818d891c23d357f7af49030f323f4c9af,371,E3_angular_structure,fixed-total,angle-dispersed,1,representative,reviews/sq1-whq-update-0036487/raw/E3_angular_structure_fixed-total_angle-dispersed_k8_seed10.mat,c8ba8788303aee480bd002047d70de3088568613a50d43dd3275baa4793c23a2,579466,effective-social-input/run_B_1_04_raw_05_part_02.zip,E3_angular_structure_fixed-total_angle-dispersed_k8_seed10.mat,reviews/sq1-whq-update-0036487/raw/E3_angular_structure_fixed-total_angle-dispersed_k8_seed10.mat
C02,C02-S011,fixed-total,balanced,8,11,0036487818d891c23d357f7af49030f323f4c9af,372,E3_angular_structure,fixed-total,angle-dispersed,1,representative,reviews/sq1-whq-update-0036487/raw/E3_angular_structure_fixed-total_angle-dispersed_k8_seed11.mat,1059b7758e2f639b1bab36cb852e5d3713e067c65c1202fdf9bda4ee4bc4faf1,581832,effective-social-input/run_B_1_04_raw_05_part_02.zip,E3_angular_structure_fixed-total_angle-dispersed_k8_seed11.mat,reviews/sq1-whq-update-0036487/raw/E3_angular_structure_fixed-total_angle-dispersed_k8_seed11.mat
C02,C02-S012,fixed-total,balanced,8,12,0036487818d891c23d357f7af49030f323f4c9af,373,E3_angular_structure,fixed-total,angle-dispersed,1,representative,reviews/sq1-whq-update-0036487/raw/E3_angular_structure_fixed-total_angle-dispersed_k8_seed12.mat,728495d7f4e2de54a8c043a077fb726c8279e00d8da098b50e02903854310892,575134,effective-social-input/run_B_1_04_raw_05_part_02.zip,E3_angular_structure_fixed-total_angle-dispersed_k8_seed12.mat,reviews/sq1-whq-update-0036487/raw/E3_angular_structure_fixed-total_angle-dispersed_k8_seed12.mat
C02,C02-S013,fixed-total,balanced,8,13,0036487818d891c23d357f7af49030f323f4c9af,374,E3_angular_structure,fixed-total,angle-dispersed,1,representative,reviews/sq1-whq-update-0036487/raw/E3_angular_structure_fixed-total_angle-dispersed_k8_seed13.mat,b81bd06bdf556a0b3ff38168480433d16eee2ece34a35946c8c68d992f46f868,575292,effective-social-input/run_B_1_04_raw_05_part_02.zip,E3_angular_structure_fixed-total_angle-dispersed_k8_seed13.mat,reviews/sq1-whq-update-0036487/raw/E3_angular_structure_fixed-total_angle-dispersed_k8_seed13.mat
C02,C02-S014,fixed-total,balanced,8,14,0036487818d891c23d357f7af49030f323f4c9af,375,E3_angular_structure,fixed-total,angle-dispersed,1,representative,reviews/sq1-whq-update-0036487/raw/E3_angular_structure_fixed-total_angle-dispersed_k8_seed14.mat,6657dce6eafefcc134259e5562cb8cc0cc87bf1d79928b15314646edcf729566,589577,effective-social-input/run_B_1_04_raw_05_part_02.zip,E3_angular_structure_fixed-total_angle-dispersed_k8_seed14.mat,reviews/sq1-whq-update-0036487/raw/E3_angular_structure_fixed-total_angle-dispersed_k8_seed14.mat
C02,C02-S015,fixed-total,balanced,8,15,0036487818d891c23d357f7af49030f323f4c9af,376,E3_angular_structure,fixed-total,angle-dispersed,1,representative,reviews/sq1-whq-update-0036487/raw/E3_angular_structure_fixed-total_angle-dispersed_k8_seed15.mat,664b73f109126d53a527f769f428edb65800fc4495a1e1fe5ed7823582e47d91,580782,effective-social-input/run_B_1_04_raw_05_part_02.zip,E3_angular_structure_fixed-total_angle-dispersed_k8_seed15.mat,reviews/sq1-whq-update-0036487/raw/E3_angular_structure_fixed-total_angle-dispersed_k8_seed15.mat
C02,C02-S016,fixed-total,balanced,8,16,0036487818d891c23d357f7af49030f323f4c9af,377,E3_angular_structure,fixed-total,angle-dispersed,1,representative,reviews/sq1-whq-update-0036487/raw/E3_angular_structure_fixed-total_angle-dispersed_k8_seed16.mat,8de3b47e377f877570a1641fe045f97cb91de26bf22432bead4f9d55fd3b8f66,582372,effective-social-input/run_B_1_04_raw_05_part_02.zip,E3_angular_structure_fixed-total_angle-dispersed_k8_seed16.mat,reviews/sq1-whq-update-0036487/raw/E3_angular_structure_fixed-total_angle-dispersed_k8_seed16.mat
C02,C02-S017,fixed-total,balanced,8,17,0036487818d891c23d357f7af49030f323f4c9af,378,E3_angular_structure,fixed-total,angle-dispersed,1,representative,reviews/sq1-whq-update-0036487/raw/E3_angular_structure_fixed-total_angle-dispersed_k8_seed17.mat,b13286b192bb19a0951532286afdaea9d1b77ee5ef44c1582a7d29ecc6ff4f7c,582798,effective-social-input/run_B_1_04_raw_05_part_02.zip,E3_angular_structure_fixed-total_angle-dispersed_k8_seed17.mat,reviews/sq1-whq-update-0036487/raw/E3_angular_structure_fixed-total_angle-dispersed_k8_seed17.mat
C02,C02-S018,fixed-total,balanced,8,18,0036487818d891c23d357f7af49030f323f4c9af,379,E3_angular_structure,fixed-total,angle-dispersed,1,representative,reviews/sq1-whq-update-0036487/raw/E3_angular_structure_fixed-total_angle-dispersed_k8_seed18.mat,417ee249e005198c76d89c79d31a8014612bc523e96667ed8b3e4b51a5671aa3,561753,effective-social-input/run_B_1_04_raw_05_part_02.zip,E3_angular_structure_fixed-total_angle-dispersed_k8_seed18.mat,reviews/sq1-whq-update-0036487/raw/E3_angular_structure_fixed-total_angle-dispersed_k8_seed18.mat
C02,C02-S019,fixed-total,balanced,8,19,0036487818d891c23d357f7af49030f323f4c9af,380,E3_angular_structure,fixed-total,angle-dispersed,1,representative,reviews/sq1-whq-update-0036487/raw/E3_angular_structure_fixed-total_angle-dispersed_k8_seed19.mat,7fda750fec7a01acf48ec71eec2138b6053c0734f8fd173f92ca7cbff4f1e10c,585754,effective-social-input/run_B_1_04_raw_05_part_02.zip,E3_angular_structure_fixed-total_angle-dispersed_k8_seed19.mat,reviews/sq1-whq-update-0036487/raw/E3_angular_structure_fixed-total_angle-dispersed_k8_seed19.mat
C02,C02-S020,fixed-total,balanced,8,20,0036487818d891c23d357f7af49030f323f4c9af,381,E3_angular_structure,fixed-total,angle-dispersed,1,representative,reviews/sq1-whq-update-0036487/raw/E3_angular_structure_fixed-total_angle-dispersed_k8_seed20.mat,0fbbfd8baf9f30f225c12b6accdf888240a97fe4dcc61329c3dea94d5a523b51,584599,effective-social-input/run_B_1_04_raw_05_part_02.zip,E3_angular_structure_fixed-total_angle-dispersed_k8_seed20.mat,reviews/sq1-whq-update-0036487/raw/E3_angular_structure_fixed-total_angle-dispersed_k8_seed20.mat
C06,C06-S001,fixed-total,random,8,1,0036487818d891c23d357f7af49030f323f4c9af,382,E4_selection_strategy,fixed-total,random,0,experiment_label,reviews/sq1-whq-update-0036487/raw/E4_selection_strategy_fixed-total_random_k8_seed1.mat,50d6c77cb3e387ac289d2743746eb5aee87e67b5ff6f35520ef5cd52c9345595,592445,effective-social-input/run_B_1_04_raw_06_part_04.zip,E4_selection_strategy_fixed-total_random_k8_seed1.mat,reviews/sq1-whq-update-0036487/raw/E1_strength_policy_fixed-total_random_k8_seed1.mat
C06,C06-S002,fixed-total,random,8,2,0036487818d891c23d357f7af49030f323f4c9af,383,E4_selection_strategy,fixed-total,random,0,experiment_label,reviews/sq1-whq-update-0036487/raw/E4_selection_strategy_fixed-total_random_k8_seed2.mat,c406eb63a7cb5dd893e73483b1e002a20dfc334952b26e76a02aa5eacd43821c,593727,effective-social-input/run_B_1_04_raw_06_part_04.zip,E4_selection_strategy_fixed-total_random_k8_seed2.mat,reviews/sq1-whq-update-0036487/raw/E1_strength_policy_fixed-total_random_k8_seed2.mat
C06,C06-S003,fixed-total,random,8,3,0036487818d891c23d357f7af49030f323f4c9af,384,E4_selection_strategy,fixed-total,random,0,experiment_label,reviews/sq1-whq-update-0036487/raw/E4_selection_strategy_fixed-total_random_k8_seed3.mat,3032794b6ca527318afbfeac21de0a34dca0e0cb7135f0403327d2b20b86a8e5,593028,effective-social-input/run_B_1_04_raw_06_part_04.zip,E4_selection_strategy_fixed-total_random_k8_seed3.mat,reviews/sq1-whq-update-0036487/raw/E1_strength_policy_fixed-total_random_k8_seed3.mat
C06,C06-S004,fixed-total,random,8,4,0036487818d891c23d357f7af49030f323f4c9af,385,E4_selection_strategy,fixed-total,random,0,experiment_label,reviews/sq1-whq-update-0036487/raw/E4_selection_strategy_fixed-total_random_k8_seed4.mat,6151fee55adcd5bb850292e357cc88c4d9d2444cba3130d0a181a72e63117fc7,592142,effective-social-input/run_B_1_04_raw_06_part_04.zip,E4_selection_strategy_fixed-total_random_k8_seed4.mat,reviews/sq1-whq-update-0036487/raw/E1_strength_policy_fixed-total_random_k8_seed4.mat
C06,C06-S005,fixed-total,random,8,5,0036487818d891c23d357f7af49030f323f4c9af,386,E4_selection_strategy,fixed-total,random,0,experiment_label,reviews/sq1-whq-update-0036487/raw/E4_selection_strategy_fixed-total_random_k8_seed5.mat,9903f219ede3d0b452cd60d933a1904233fab4f4019bd2305d126ddab1e82045,593440,effective-social-input/run_B_1_04_raw_06_part_04.zip,E4_selection_strategy_fixed-total_random_k8_seed5.mat,reviews/sq1-whq-update-0036487/raw/E1_strength_policy_fixed-total_random_k8_seed5.mat
C06,C06-S006,fixed-total,random,8,6,0036487818d891c23d357f7af49030f323f4c9af,387,E4_selection_strategy,fixed-total,random,0,experiment_label,reviews/sq1-whq-update-0036487/raw/E4_selection_strategy_fixed-total_random_k8_seed6.mat,66edfa9001b614320e92c19e1c519d7d768519a7001070a940a72aa36fda10da,586982,effective-social-input/run_B_1_04_raw_06_part_04.zip,E4_selection_strategy_fixed-total_random_k8_seed6.mat,reviews/sq1-whq-update-0036487/raw/E1_strength_policy_fixed-total_random_k8_seed6.mat
C06,C06-S007,fixed-total,random,8,7,0036487818d891c23d357f7af49030f323f4c9af,388,E4_selection_strategy,fixed-total,random,0,experiment_label,reviews/sq1-whq-update-0036487/raw/E4_selection_strategy_fixed-total_random_k8_seed7.mat,68fc70b1fa04b61e1ec9f7c5f771ed0d73c71f9c1c52b0c1ebd4a8f51bf704af,594425,effective-social-input/run_B_1_04_raw_06_part_04.zip,E4_selection_strategy_fixed-total_random_k8_seed7.mat,reviews/sq1-whq-update-0036487/raw/E1_strength_policy_fixed-total_random_k8_seed7.mat
C06,C06-S008,fixed-total,random,8,8,0036487818d891c23d357f7af49030f323f4c9af,389,E4_selection_strategy,fixed-total,random,0,experiment_label,reviews/sq1-whq-update-0036487/raw/E4_selection_strategy_fixed-total_random_k8_seed8.mat,416c5e98dd1a57bab25672ea4ecc93914e1faefcdc49f10b68f8ac842c8a44b7,591409,effective-social-input/run_B_1_04_raw_06_part_04.zip,E4_selection_strategy_fixed-total_random_k8_seed8.mat,reviews/sq1-whq-update-0036487/raw/E1_strength_policy_fixed-total_random_k8_seed8.mat
C06,C06-S009,fixed-total,random,8,9,0036487818d891c23d357f7af49030f323f4c9af,390,E4_selection_strategy,fixed-total,random,0,experiment_label,reviews/sq1-whq-update-0036487/raw/E4_selection_strategy_fixed-total_random_k8_seed9.mat,b16d0170dea9d372762ee4309823880c1d0c7012c4b9782d724f90ce0510eeb9,588353,effective-social-input/run_B_1_04_raw_06_part_04.zip,E4_selection_strategy_fixed-total_random_k8_seed9.mat,reviews/sq1-whq-update-0036487/raw/E1_strength_policy_fixed-total_random_k8_seed9.mat
C06,C06-S010,fixed-total,random,8,10,0036487818d891c23d357f7af49030f323f4c9af,391,E4_selection_strategy,fixed-total,random,0,experiment_label,reviews/sq1-whq-update-0036487/raw/E4_selection_strategy_fixed-total_random_k8_seed10.mat,ef3a8f40b1bcc59cd3b393607f542c07b4d9b96b279ed6ecdfc7062ee459e3c5,588309,effective-social-input/run_B_1_04_raw_06_part_04.zip,E4_selection_strategy_fixed-total_random_k8_seed10.mat,reviews/sq1-whq-update-0036487/raw/E1_strength_policy_fixed-total_random_k8_seed10.mat
C06,C06-S011,fixed-total,random,8,11,0036487818d891c23d357f7af49030f323f4c9af,392,E4_selection_strategy,fixed-total,random,0,experiment_label,reviews/sq1-whq-update-0036487/raw/E4_selection_strategy_fixed-total_random_k8_seed11.mat,d8c14e30671b0526a2685ac9bf0cf4cbdb9f2ae2009354987dd105c8f4626577,589206,effective-social-input/run_B_1_04_raw_06_part_04.zip,E4_selection_strategy_fixed-total_random_k8_seed11.mat,reviews/sq1-whq-update-0036487/raw/E1_strength_policy_fixed-total_random_k8_seed11.mat
C06,C06-S012,fixed-total,random,8,12,0036487818d891c23d357f7af49030f323f4c9af,393,E4_selection_strategy,fixed-total,random,0,experiment_label,reviews/sq1-whq-update-0036487/raw/E4_selection_strategy_fixed-total_random_k8_seed12.mat,62af777c3c5c7fc5f1cfd329ffeb388d0456c82c8a8201e68460fdeb190ed7e2,592248,effective-social-input/run_B_1_04_raw_06_part_04.zip,E4_selection_strategy_fixed-total_random_k8_seed12.mat,reviews/sq1-whq-update-0036487/raw/E1_strength_policy_fixed-total_random_k8_seed12.mat
C06,C06-S013,fixed-total,random,8,13,0036487818d891c23d357f7af49030f323f4c9af,394,E4_selection_strategy,fixed-total,random,0,experiment_label,reviews/sq1-whq-update-0036487/raw/E4_selection_strategy_fixed-total_random_k8_seed13.mat,9c2179fae0c520ee58d0ff92ae4f0f9167f97ef7ba6c25dc5820f2793b01a62f,592914,effective-social-input/run_B_1_04_raw_06_part_04.zip,E4_selection_strategy_fixed-total_random_k8_seed13.mat,reviews/sq1-whq-update-0036487/raw/E1_strength_policy_fixed-total_random_k8_seed13.mat
C06,C06-S014,fixed-total,random,8,14,0036487818d891c23d357f7af49030f323f4c9af,395,E4_selection_strategy,fixed-total,random,0,experiment_label,reviews/sq1-whq-update-0036487/raw/E4_selection_strategy_fixed-total_random_k8_seed14.mat,a485553c1859999165a8e568eda8a258e2bcdec0c75517cef89e48f0cdd3700d,589782,effective-social-input/run_B_1_04_raw_06_part_04.zip,E4_selection_strategy_fixed-total_random_k8_seed14.mat,reviews/sq1-whq-update-0036487/raw/E1_strength_policy_fixed-total_random_k8_seed14.mat
C06,C06-S015,fixed-total,random,8,15,0036487818d891c23d357f7af49030f323f4c9af,396,E4_selection_strategy,fixed-total,random,0,experiment_label,reviews/sq1-whq-update-0036487/raw/E4_selection_strategy_fixed-total_random_k8_seed15.mat,5f86a71c60a13f9ec69b2bbf509dcf4378a2c1aa6836206f1b153fd1f1a8b7b4,591908,effective-social-input/run_B_1_04_raw_06_part_04.zip,E4_selection_strategy_fixed-total_random_k8_seed15.mat,reviews/sq1-whq-update-0036487/raw/E1_strength_policy_fixed-total_random_k8_seed15.mat
C06,C06-S016,fixed-total,random,8,16,0036487818d891c23d357f7af49030f323f4c9af,397,E4_selection_strategy,fixed-total,random,0,experiment_label,reviews/sq1-whq-update-0036487/raw/E4_selection_strategy_fixed-total_random_k8_seed16.mat,e1e52d3292b1415eb4a466bed6135c3065753c9ef059d4c3a98ef6cc351fa8e7,594033,effective-social-input/run_B_1_04_raw_06_part_04.zip,E4_selection_strategy_fixed-total_random_k8_seed16.mat,reviews/sq1-whq-update-0036487/raw/E1_strength_policy_fixed-total_random_k8_seed16.mat
C06,C06-S017,fixed-total,random,8,17,0036487818d891c23d357f7af49030f323f4c9af,398,E4_selection_strategy,fixed-total,random,0,experiment_label,reviews/sq1-whq-update-0036487/raw/E4_selection_strategy_fixed-total_random_k8_seed17.mat,acfd476fdf1d5a7423972d0ae23bf88d8066b9f2038fd7c185e01e1327d490b9,591487,effective-social-input/run_B_1_04_raw_06_part_04.zip,E4_selection_strategy_fixed-total_random_k8_seed17.mat,reviews/sq1-whq-update-0036487/raw/E1_strength_policy_fixed-total_random_k8_seed17.mat
C06,C06-S018,fixed-total,random,8,18,0036487818d891c23d357f7af49030f323f4c9af,399,E4_selection_strategy,fixed-total,random,0,experiment_label,reviews/sq1-whq-update-0036487/raw/E4_selection_strategy_fixed-total_random_k8_seed18.mat,2bbf9c7cddd4ebae100dd1a624d961b2ef0c500638cd30707dd793612a0a67b0,591663,effective-social-input/run_B_1_04_raw_06_part_04.zip,E4_selection_strategy_fixed-total_random_k8_seed18.mat,reviews/sq1-whq-update-0036487/raw/E1_strength_policy_fixed-total_random_k8_seed18.mat
C06,C06-S019,fixed-total,random,8,19,0036487818d891c23d357f7af49030f323f4c9af,400,E4_selection_strategy,fixed-total,random,0,experiment_label,reviews/sq1-whq-update-0036487/raw/E4_selection_strategy_fixed-total_random_k8_seed19.mat,343085dc3842b4eeeeffe30329b88b0b5f6fca1262f22fcb01e85c53a7126c6e,592483,effective-social-input/run_B_1_04_raw_06_part_04.zip,E4_selection_strategy_fixed-total_random_k8_seed19.mat,reviews/sq1-whq-update-0036487/raw/E1_strength_policy_fixed-total_random_k8_seed19.mat
C06,C06-S020,fixed-total,random,8,20,0036487818d891c23d357f7af49030f323f4c9af,401,E4_selection_strategy,fixed-total,random,0,experiment_label,reviews/sq1-whq-update-0036487/raw/E4_selection_strategy_fixed-total_random_k8_seed20.mat,0001a27c888e2f6c4084d03d8bef44469c2559f945ccb27ded0e79e52e8be9e5,592474,effective-social-input/run_B_1_04_raw_06_part_04.zip,E4_selection_strategy_fixed-total_random_k8_seed20.mat,reviews/sq1-whq-update-0036487/raw/E1_strength_policy_fixed-total_random_k8_seed20.mat
C03,C03-S001,fixed-total,nearest,8,1,0036487818d891c23d357f7af49030f323f4c9af,402,E4_selection_strategy,fixed-total,nearest,1,representative,reviews/sq1-whq-update-0036487/raw/E4_selection_strategy_fixed-total_nearest_k8_seed1.mat,e4ecd5e73526c7cc0dabbb87e49fb3ef918c26ed7bc5dd7be47dd9691d57f9b7,590844,effective-social-input/run_B_1_04_raw_06_part_03.zip,E4_selection_strategy_fixed-total_nearest_k8_seed1.mat,reviews/sq1-whq-update-0036487/raw/E4_selection_strategy_fixed-total_nearest_k8_seed1.mat
C03,C03-S002,fixed-total,nearest,8,2,0036487818d891c23d357f7af49030f323f4c9af,403,E4_selection_strategy,fixed-total,nearest,1,representative,reviews/sq1-whq-update-0036487/raw/E4_selection_strategy_fixed-total_nearest_k8_seed2.mat,c02bfe91e83c2ad1fad18e8f9374be4edfb7d270fe27ff01857c67c3db5d6a8b,589012,effective-social-input/run_B_1_04_raw_06_part_03.zip,E4_selection_strategy_fixed-total_nearest_k8_seed2.mat,reviews/sq1-whq-update-0036487/raw/E4_selection_strategy_fixed-total_nearest_k8_seed2.mat
C03,C03-S003,fixed-total,nearest,8,3,0036487818d891c23d357f7af49030f323f4c9af,404,E4_selection_strategy,fixed-total,nearest,1,representative,reviews/sq1-whq-update-0036487/raw/E4_selection_strategy_fixed-total_nearest_k8_seed3.mat,ffcbedcea4e8b5dd625ec1079ffc43da181402f8c78769c5374faafb3c4946a1,586065,effective-social-input/run_B_1_04_raw_06_part_03.zip,E4_selection_strategy_fixed-total_nearest_k8_seed3.mat,reviews/sq1-whq-update-0036487/raw/E4_selection_strategy_fixed-total_nearest_k8_seed3.mat
C03,C03-S004,fixed-total,nearest,8,4,0036487818d891c23d357f7af49030f323f4c9af,405,E4_selection_strategy,fixed-total,nearest,1,representative,reviews/sq1-whq-update-0036487/raw/E4_selection_strategy_fixed-total_nearest_k8_seed4.mat,328a4589e93c7a93e9569f51212147da615cad66b9c02968614ac2fd3a81dce9,590297,effective-social-input/run_B_1_04_raw_06_part_03.zip,E4_selection_strategy_fixed-total_nearest_k8_seed4.mat,reviews/sq1-whq-update-0036487/raw/E4_selection_strategy_fixed-total_nearest_k8_seed4.mat
C03,C03-S005,fixed-total,nearest,8,5,0036487818d891c23d357f7af49030f323f4c9af,406,E4_selection_strategy,fixed-total,nearest,1,representative,reviews/sq1-whq-update-0036487/raw/E4_selection_strategy_fixed-total_nearest_k8_seed5.mat,a1c7fde239ac6e5b629ee8091b58467b8ba3339d9678d37c7a5051679cc0615e,590556,effective-social-input/run_B_1_04_raw_06_part_03.zip,E4_selection_strategy_fixed-total_nearest_k8_seed5.mat,reviews/sq1-whq-update-0036487/raw/E4_selection_strategy_fixed-total_nearest_k8_seed5.mat
C03,C03-S006,fixed-total,nearest,8,6,0036487818d891c23d357f7af49030f323f4c9af,407,E4_selection_strategy,fixed-total,nearest,1,representative,reviews/sq1-whq-update-0036487/raw/E4_selection_strategy_fixed-total_nearest_k8_seed6.mat,1cbbc394e8bd2dc57b378ecef7c5226589d47cf11e8b7833aa4bc39b49c418f7,590162,effective-social-input/run_B_1_04_raw_06_part_03.zip,E4_selection_strategy_fixed-total_nearest_k8_seed6.mat,reviews/sq1-whq-update-0036487/raw/E4_selection_strategy_fixed-total_nearest_k8_seed6.mat
C03,C03-S007,fixed-total,nearest,8,7,0036487818d891c23d357f7af49030f323f4c9af,408,E4_selection_strategy,fixed-total,nearest,1,representative,reviews/sq1-whq-update-0036487/raw/E4_selection_strategy_fixed-total_nearest_k8_seed7.mat,d21b43205e3c8bff35073d7830644439219f30613a7e3488276d5588ea89fbb2,587260,effective-social-input/run_B_1_04_raw_06_part_03.zip,E4_selection_strategy_fixed-total_nearest_k8_seed7.mat,reviews/sq1-whq-update-0036487/raw/E4_selection_strategy_fixed-total_nearest_k8_seed7.mat
C03,C03-S008,fixed-total,nearest,8,8,0036487818d891c23d357f7af49030f323f4c9af,409,E4_selection_strategy,fixed-total,nearest,1,representative,reviews/sq1-whq-update-0036487/raw/E4_selection_strategy_fixed-total_nearest_k8_seed8.mat,de5381eaf3de6c5544cc45debe80266970b33db2458e43ae6195c4458bae7cf2,586268,effective-social-input/run_B_1_04_raw_06_part_03.zip,E4_selection_strategy_fixed-total_nearest_k8_seed8.mat,reviews/sq1-whq-update-0036487/raw/E4_selection_strategy_fixed-total_nearest_k8_seed8.mat
C03,C03-S009,fixed-total,nearest,8,9,0036487818d891c23d357f7af49030f323f4c9af,410,E4_selection_strategy,fixed-total,nearest,1,representative,reviews/sq1-whq-update-0036487/raw/E4_selection_strategy_fixed-total_nearest_k8_seed9.mat,edfd8d571ba96125c7130cfcb97896a0a6c23fa54324a07ea9d3e13e3a6b3dde,585720,effective-social-input/run_B_1_04_raw_06_part_03.zip,E4_selection_strategy_fixed-total_nearest_k8_seed9.mat,reviews/sq1-whq-update-0036487/raw/E4_selection_strategy_fixed-total_nearest_k8_seed9.mat
C03,C03-S010,fixed-total,nearest,8,10,0036487818d891c23d357f7af49030f323f4c9af,411,E4_selection_strategy,fixed-total,nearest,1,representative,reviews/sq1-whq-update-0036487/raw/E4_selection_strategy_fixed-total_nearest_k8_seed10.mat,5eb9135c165739f014a37c6f883d4e748f6c908a2523ac1c3c80803eb21668d8,591117,effective-social-input/run_B_1_04_raw_06_part_03.zip,E4_selection_strategy_fixed-total_nearest_k8_seed10.mat,reviews/sq1-whq-update-0036487/raw/E4_selection_strategy_fixed-total_nearest_k8_seed10.mat
C03,C03-S011,fixed-total,nearest,8,11,0036487818d891c23d357f7af49030f323f4c9af,412,E4_selection_strategy,fixed-total,nearest,1,representative,reviews/sq1-whq-update-0036487/raw/E4_selection_strategy_fixed-total_nearest_k8_seed11.mat,88c7a57e3e82ac047f122d387aeb64ba71c12a1ddeb0a8b9c39c34c090805f66,590521,effective-social-input/run_B_1_04_raw_06_part_03.zip,E4_selection_strategy_fixed-total_nearest_k8_seed11.mat,reviews/sq1-whq-update-0036487/raw/E4_selection_strategy_fixed-total_nearest_k8_seed11.mat
C03,C03-S012,fixed-total,nearest,8,12,0036487818d891c23d357f7af49030f323f4c9af,413,E4_selection_strategy,fixed-total,nearest,1,representative,reviews/sq1-whq-update-0036487/raw/E4_selection_strategy_fixed-total_nearest_k8_seed12.mat,45c548200934d1cab340b3946d140c8cb294e0b91503353952170c3e91e4e590,584631,effective-social-input/run_B_1_04_raw_06_part_03.zip,E4_selection_strategy_fixed-total_nearest_k8_seed12.mat,reviews/sq1-whq-update-0036487/raw/E4_selection_strategy_fixed-total_nearest_k8_seed12.mat
C03,C03-S013,fixed-total,nearest,8,13,0036487818d891c23d357f7af49030f323f4c9af,414,E4_selection_strategy,fixed-total,nearest,1,representative,reviews/sq1-whq-update-0036487/raw/E4_selection_strategy_fixed-total_nearest_k8_seed13.mat,b2c411c954145744c3831aad3e13cc6055e99bca218516c9bc8bbc0c014c7f41,586355,effective-social-input/run_B_1_04_raw_06_part_03.zip,E4_selection_strategy_fixed-total_nearest_k8_seed13.mat,reviews/sq1-whq-update-0036487/raw/E4_selection_strategy_fixed-total_nearest_k8_seed13.mat
C03,C03-S014,fixed-total,nearest,8,14,0036487818d891c23d357f7af49030f323f4c9af,415,E4_selection_strategy,fixed-total,nearest,1,representative,reviews/sq1-whq-update-0036487/raw/E4_selection_strategy_fixed-total_nearest_k8_seed14.mat,8ba9e038f29e983756c9f150683b7f514cecc5c23ee79ec7478d2142009a0fe8,590997,effective-social-input/run_B_1_04_raw_06_part_03.zip,E4_selection_strategy_fixed-total_nearest_k8_seed14.mat,reviews/sq1-whq-update-0036487/raw/E4_selection_strategy_fixed-total_nearest_k8_seed14.mat
C03,C03-S015,fixed-total,nearest,8,15,0036487818d891c23d357f7af49030f323f4c9af,416,E4_selection_strategy,fixed-total,nearest,1,representative,reviews/sq1-whq-update-0036487/raw/E4_selection_strategy_fixed-total_nearest_k8_seed15.mat,0965626861e534802a6f5424d9b63d2177de5c4be8ca92d01db39f8ea738c457,589478,effective-social-input/run_B_1_04_raw_06_part_03.zip,E4_selection_strategy_fixed-total_nearest_k8_seed15.mat,reviews/sq1-whq-update-0036487/raw/E4_selection_strategy_fixed-total_nearest_k8_seed15.mat
C03,C03-S016,fixed-total,nearest,8,16,0036487818d891c23d357f7af49030f323f4c9af,417,E4_selection_strategy,fixed-total,nearest,1,representative,reviews/sq1-whq-update-0036487/raw/E4_selection_strategy_fixed-total_nearest_k8_seed16.mat,f57f42199e7d8a44c8bf497fecb7902e84752a048feaf9e14e126d871c6887b8,591664,effective-social-input/run_B_1_04_raw_06_part_03.zip,E4_selection_strategy_fixed-total_nearest_k8_seed16.mat,reviews/sq1-whq-update-0036487/raw/E4_selection_strategy_fixed-total_nearest_k8_seed16.mat
C03,C03-S017,fixed-total,nearest,8,17,0036487818d891c23d357f7af49030f323f4c9af,418,E4_selection_strategy,fixed-total,nearest,1,representative,reviews/sq1-whq-update-0036487/raw/E4_selection_strategy_fixed-total_nearest_k8_seed17.mat,54c7c3e242468367702a4dfef97c3107cdd77b04cee1599a45ccf3ee089a19ad,589785,effective-social-input/run_B_1_04_raw_06_part_03.zip,E4_selection_strategy_fixed-total_nearest_k8_seed17.mat,reviews/sq1-whq-update-0036487/raw/E4_selection_strategy_fixed-total_nearest_k8_seed17.mat
C03,C03-S018,fixed-total,nearest,8,18,0036487818d891c23d357f7af49030f323f4c9af,419,E4_selection_strategy,fixed-total,nearest,1,representative,reviews/sq1-whq-update-0036487/raw/E4_selection_strategy_fixed-total_nearest_k8_seed18.mat,644489541c436d64fcc4373ed2d190b6977f2fb2235524113cd720f31d00b880,591252,effective-social-input/run_B_1_04_raw_06_part_03.zip,E4_selection_strategy_fixed-total_nearest_k8_seed18.mat,reviews/sq1-whq-update-0036487/raw/E4_selection_strategy_fixed-total_nearest_k8_seed18.mat
C03,C03-S019,fixed-total,nearest,8,19,0036487818d891c23d357f7af49030f323f4c9af,420,E4_selection_strategy,fixed-total,nearest,1,representative,reviews/sq1-whq-update-0036487/raw/E4_selection_strategy_fixed-total_nearest_k8_seed19.mat,18ea16b5214dae744c24e12feddc42ca8ac7c688eab6f258cb6204506c2fc3b4,587081,effective-social-input/run_B_1_04_raw_06_part_03.zip,E4_selection_strategy_fixed-total_nearest_k8_seed19.mat,reviews/sq1-whq-update-0036487/raw/E4_selection_strategy_fixed-total_nearest_k8_seed19.mat
C03,C03-S020,fixed-total,nearest,8,20,0036487818d891c23d357f7af49030f323f4c9af,421,E4_selection_strategy,fixed-total,nearest,1,representative,reviews/sq1-whq-update-0036487/raw/E4_selection_strategy_fixed-total_nearest_k8_seed20.mat,a1d174e3ed0b38a8831448700d2b119eda40f645d3d679f6ac47ec26f1061e1f,589265,effective-social-input/run_B_1_04_raw_06_part_03.zip,E4_selection_strategy_fixed-total_nearest_k8_seed20.mat,reviews/sq1-whq-update-0036487/raw/E4_selection_strategy_fixed-total_nearest_k8_seed20.mat
C02,C02-S001,fixed-total,balanced,8,1,0036487818d891c23d357f7af49030f323f4c9af,422,E4_selection_strategy,fixed-total,balanced,0,experiment_label;balanced_angle-dispersed_alias,reviews/sq1-whq-update-0036487/raw/E4_selection_strategy_fixed-total_balanced_k8_seed1.mat,c93151335c50099eb6febf00d7ea9f7ad18d9ec3eabcdc6491a12375d95e9e2d,588461,effective-social-input/run_B_1_04_raw_06_part_02.zip,E4_selection_strategy_fixed-total_balanced_k8_seed1.mat,reviews/sq1-whq-update-0036487/raw/E3_angular_structure_fixed-total_angle-dispersed_k8_seed1.mat
C02,C02-S002,fixed-total,balanced,8,2,0036487818d891c23d357f7af49030f323f4c9af,423,E4_selection_strategy,fixed-total,balanced,0,experiment_label;balanced_angle-dispersed_alias,reviews/sq1-whq-update-0036487/raw/E4_selection_strategy_fixed-total_balanced_k8_seed2.mat,abf193c2e15dfa6c8a38e9735fe1fbac8c2ebef5356eebc417dfa5bb06d04d57,590944,effective-social-input/run_B_1_04_raw_06_part_02.zip,E4_selection_strategy_fixed-total_balanced_k8_seed2.mat,reviews/sq1-whq-update-0036487/raw/E3_angular_structure_fixed-total_angle-dispersed_k8_seed2.mat
C02,C02-S003,fixed-total,balanced,8,3,0036487818d891c23d357f7af49030f323f4c9af,424,E4_selection_strategy,fixed-total,balanced,0,experiment_label;balanced_angle-dispersed_alias,reviews/sq1-whq-update-0036487/raw/E4_selection_strategy_fixed-total_balanced_k8_seed3.mat,96b3bde75d912796fa813983994be12087a95ef8015258cd059fe791169bf3c2,570429,effective-social-input/run_B_1_04_raw_06_part_02.zip,E4_selection_strategy_fixed-total_balanced_k8_seed3.mat,reviews/sq1-whq-update-0036487/raw/E3_angular_structure_fixed-total_angle-dispersed_k8_seed3.mat
C02,C02-S004,fixed-total,balanced,8,4,0036487818d891c23d357f7af49030f323f4c9af,425,E4_selection_strategy,fixed-total,balanced,0,experiment_label;balanced_angle-dispersed_alias,reviews/sq1-whq-update-0036487/raw/E4_selection_strategy_fixed-total_balanced_k8_seed4.mat,41c08aca90e9b67d1efd342a248d083c8b000dc0aed1859a056e6f99c66b4551,585269,effective-social-input/run_B_1_04_raw_06_part_02.zip,E4_selection_strategy_fixed-total_balanced_k8_seed4.mat,reviews/sq1-whq-update-0036487/raw/E3_angular_structure_fixed-total_angle-dispersed_k8_seed4.mat
C02,C02-S005,fixed-total,balanced,8,5,0036487818d891c23d357f7af49030f323f4c9af,426,E4_selection_strategy,fixed-total,balanced,0,experiment_label;balanced_angle-dispersed_alias,reviews/sq1-whq-update-0036487/raw/E4_selection_strategy_fixed-total_balanced_k8_seed5.mat,a962f9c1066a395e521924ff018264df7228e7c7a57ee4bf09ff1354ae82b73a,576826,effective-social-input/run_B_1_04_raw_06_part_02.zip,E4_selection_strategy_fixed-total_balanced_k8_seed5.mat,reviews/sq1-whq-update-0036487/raw/E3_angular_structure_fixed-total_angle-dispersed_k8_seed5.mat
C02,C02-S006,fixed-total,balanced,8,6,0036487818d891c23d357f7af49030f323f4c9af,427,E4_selection_strategy,fixed-total,balanced,0,experiment_label;balanced_angle-dispersed_alias,reviews/sq1-whq-update-0036487/raw/E4_selection_strategy_fixed-total_balanced_k8_seed6.mat,8f5d02a5dea37a6daf820fd381c3d4ca1b5792c18b249a708531f268ba930b7f,579807,effective-social-input/run_B_1_04_raw_06_part_02.zip,E4_selection_strategy_fixed-total_balanced_k8_seed6.mat,reviews/sq1-whq-update-0036487/raw/E3_angular_structure_fixed-total_angle-dispersed_k8_seed6.mat
C02,C02-S007,fixed-total,balanced,8,7,0036487818d891c23d357f7af49030f323f4c9af,428,E4_selection_strategy,fixed-total,balanced,0,experiment_label;balanced_angle-dispersed_alias,reviews/sq1-whq-update-0036487/raw/E4_selection_strategy_fixed-total_balanced_k8_seed7.mat,8e06dbc17a68fbcfb3bc9a1ba51cd73eda33e326e61c81efe572a2825a33052e,569001,effective-social-input/run_B_1_04_raw_06_part_02.zip,E4_selection_strategy_fixed-total_balanced_k8_seed7.mat,reviews/sq1-whq-update-0036487/raw/E3_angular_structure_fixed-total_angle-dispersed_k8_seed7.mat
C02,C02-S008,fixed-total,balanced,8,8,0036487818d891c23d357f7af49030f323f4c9af,429,E4_selection_strategy,fixed-total,balanced,0,experiment_label;balanced_angle-dispersed_alias,reviews/sq1-whq-update-0036487/raw/E4_selection_strategy_fixed-total_balanced_k8_seed8.mat,7504c83c079329eff3c65cbd5cd3cd0d5a0c8b54a80b5081bb01c677c475350a,580999,effective-social-input/run_B_1_04_raw_06_part_02.zip,E4_selection_strategy_fixed-total_balanced_k8_seed8.mat,reviews/sq1-whq-update-0036487/raw/E3_angular_structure_fixed-total_angle-dispersed_k8_seed8.mat
C02,C02-S009,fixed-total,balanced,8,9,0036487818d891c23d357f7af49030f323f4c9af,430,E4_selection_strategy,fixed-total,balanced,0,experiment_label;balanced_angle-dispersed_alias,reviews/sq1-whq-update-0036487/raw/E4_selection_strategy_fixed-total_balanced_k8_seed9.mat,a9794e45fa621368c64e7361fdff5794d9e9f9e90688a2f7485bdab4190dafca,583790,effective-social-input/run_B_1_04_raw_06_part_02.zip,E4_selection_strategy_fixed-total_balanced_k8_seed9.mat,reviews/sq1-whq-update-0036487/raw/E3_angular_structure_fixed-total_angle-dispersed_k8_seed9.mat
C02,C02-S010,fixed-total,balanced,8,10,0036487818d891c23d357f7af49030f323f4c9af,431,E4_selection_strategy,fixed-total,balanced,0,experiment_label;balanced_angle-dispersed_alias,reviews/sq1-whq-update-0036487/raw/E4_selection_strategy_fixed-total_balanced_k8_seed10.mat,36e766090f81bf14876e165a79e36847178de5daff680410ff3d22f5416ca4e8,579468,effective-social-input/run_B_1_04_raw_06_part_02.zip,E4_selection_strategy_fixed-total_balanced_k8_seed10.mat,reviews/sq1-whq-update-0036487/raw/E3_angular_structure_fixed-total_angle-dispersed_k8_seed10.mat
C02,C02-S011,fixed-total,balanced,8,11,0036487818d891c23d357f7af49030f323f4c9af,432,E4_selection_strategy,fixed-total,balanced,0,experiment_label;balanced_angle-dispersed_alias,reviews/sq1-whq-update-0036487/raw/E4_selection_strategy_fixed-total_balanced_k8_seed11.mat,19b88d206699f2ecc7c4d0d3699b88fbb6295492f9b5f863a0d8400dcfe43b6f,581822,effective-social-input/run_B_1_04_raw_06_part_02.zip,E4_selection_strategy_fixed-total_balanced_k8_seed11.mat,reviews/sq1-whq-update-0036487/raw/E3_angular_structure_fixed-total_angle-dispersed_k8_seed11.mat
C02,C02-S012,fixed-total,balanced,8,12,0036487818d891c23d357f7af49030f323f4c9af,433,E4_selection_strategy,fixed-total,balanced,0,experiment_label;balanced_angle-dispersed_alias,reviews/sq1-whq-update-0036487/raw/E4_selection_strategy_fixed-total_balanced_k8_seed12.mat,042b5a7c9b85b8d1f32782f4d3b2c5e6a79ce48eae36f6441d5bb69a7bac418b,575095,effective-social-input/run_B_1_04_raw_06_part_02.zip,E4_selection_strategy_fixed-total_balanced_k8_seed12.mat,reviews/sq1-whq-update-0036487/raw/E3_angular_structure_fixed-total_angle-dispersed_k8_seed12.mat
C02,C02-S013,fixed-total,balanced,8,13,0036487818d891c23d357f7af49030f323f4c9af,434,E4_selection_strategy,fixed-total,balanced,0,experiment_label;balanced_angle-dispersed_alias,reviews/sq1-whq-update-0036487/raw/E4_selection_strategy_fixed-total_balanced_k8_seed13.mat,53b9b77a51b1ea98a4475bcf48b6359141edfdc5f8e9d0755633560a8eab1eeb,575293,effective-social-input/run_B_1_04_raw_06_part_02.zip,E4_selection_strategy_fixed-total_balanced_k8_seed13.mat,reviews/sq1-whq-update-0036487/raw/E3_angular_structure_fixed-total_angle-dispersed_k8_seed13.mat
C02,C02-S014,fixed-total,balanced,8,14,0036487818d891c23d357f7af49030f323f4c9af,435,E4_selection_strategy,fixed-total,balanced,0,experiment_label;balanced_angle-dispersed_alias,reviews/sq1-whq-update-0036487/raw/E4_selection_strategy_fixed-total_balanced_k8_seed14.mat,4e69930662aaf24a4bd737d520302af5a0f13ab930637d727f6a6695daefa846,589580,effective-social-input/run_B_1_04_raw_06_part_02.zip,E4_selection_strategy_fixed-total_balanced_k8_seed14.mat,reviews/sq1-whq-update-0036487/raw/E3_angular_structure_fixed-total_angle-dispersed_k8_seed14.mat
C02,C02-S015,fixed-total,balanced,8,15,0036487818d891c23d357f7af49030f323f4c9af,436,E4_selection_strategy,fixed-total,balanced,0,experiment_label;balanced_angle-dispersed_alias,reviews/sq1-whq-update-0036487/raw/E4_selection_strategy_fixed-total_balanced_k8_seed15.mat,1d0c486f7bcb991c3c0d60076b8e11bb58db3a29ff92423aac34e850c3efeb2a,580774,effective-social-input/run_B_1_04_raw_06_part_02.zip,E4_selection_strategy_fixed-total_balanced_k8_seed15.mat,reviews/sq1-whq-update-0036487/raw/E3_angular_structure_fixed-total_angle-dispersed_k8_seed15.mat
C02,C02-S016,fixed-total,balanced,8,16,0036487818d891c23d357f7af49030f323f4c9af,437,E4_selection_strategy,fixed-total,balanced,0,experiment_label;balanced_angle-dispersed_alias,reviews/sq1-whq-update-0036487/raw/E4_selection_strategy_fixed-total_balanced_k8_seed16.mat,31d67f68e03480f3d65e2a8fb379b4110ba6e7b6a6a679424df078bf22c48655,582360,effective-social-input/run_B_1_04_raw_06_part_02.zip,E4_selection_strategy_fixed-total_balanced_k8_seed16.mat,reviews/sq1-whq-update-0036487/raw/E3_angular_structure_fixed-total_angle-dispersed_k8_seed16.mat
C02,C02-S017,fixed-total,balanced,8,17,0036487818d891c23d357f7af49030f323f4c9af,438,E4_selection_strategy,fixed-total,balanced,0,experiment_label;balanced_angle-dispersed_alias,reviews/sq1-whq-update-0036487/raw/E4_selection_strategy_fixed-total_balanced_k8_seed17.mat,57861cd828fd3e5550fc3fd685cd9f5c7fe1658737211e20211ad64ca9614c47,582785,effective-social-input/run_B_1_04_raw_06_part_02.zip,E4_selection_strategy_fixed-total_balanced_k8_seed17.mat,reviews/sq1-whq-update-0036487/raw/E3_angular_structure_fixed-total_angle-dispersed_k8_seed17.mat
C02,C02-S018,fixed-total,balanced,8,18,0036487818d891c23d357f7af49030f323f4c9af,439,E4_selection_strategy,fixed-total,balanced,0,experiment_label;balanced_angle-dispersed_alias,reviews/sq1-whq-update-0036487/raw/E4_selection_strategy_fixed-total_balanced_k8_seed18.mat,0b82f0659e1d2f76caa27279fd97875f769c36ae93055c453f9a21784faa0764,561738,effective-social-input/run_B_1_04_raw_06_part_02.zip,E4_selection_strategy_fixed-total_balanced_k8_seed18.mat,reviews/sq1-whq-update-0036487/raw/E3_angular_structure_fixed-total_angle-dispersed_k8_seed18.mat
C02,C02-S019,fixed-total,balanced,8,19,0036487818d891c23d357f7af49030f323f4c9af,440,E4_selection_strategy,fixed-total,balanced,0,experiment_label;balanced_angle-dispersed_alias,reviews/sq1-whq-update-0036487/raw/E4_selection_strategy_fixed-total_balanced_k8_seed19.mat,e3a4f59d403c4ffd454f9139ecdc79c17d272aec6d0e94d0adbf880958d4f244,585760,effective-social-input/run_B_1_04_raw_06_part_02.zip,E4_selection_strategy_fixed-total_balanced_k8_seed19.mat,reviews/sq1-whq-update-0036487/raw/E3_angular_structure_fixed-total_angle-dispersed_k8_seed19.mat
C02,C02-S020,fixed-total,balanced,8,20,0036487818d891c23d357f7af49030f323f4c9af,441,E4_selection_strategy,fixed-total,balanced,0,experiment_label;balanced_angle-dispersed_alias,reviews/sq1-whq-update-0036487/raw/E4_selection_strategy_fixed-total_balanced_k8_seed20.mat,f4304d32dc7fbd197df02375e03b06707e6462fe826587a7acc0e5f79c3c303c,584600,effective-social-input/run_B_1_04_raw_06_part_02.zip,E4_selection_strategy_fixed-total_balanced_k8_seed20.mat,reviews/sq1-whq-update-0036487/raw/E3_angular_structure_fixed-total_angle-dispersed_k8_seed20.mat
C01,C01-S001,fixed-total,angle-concentrated,8,1,0036487818d891c23d357f7af49030f323f4c9af,442,E4_selection_strategy,fixed-total,angle-concentrated,0,experiment_label,reviews/sq1-whq-update-0036487/raw/E4_selection_strategy_fixed-total_angle-concentrated_k8_seed1.mat,1a9dc1db3387aae48805ee5859f2f2428bb8473fdbff56643c5595125a661386,581173,effective-social-input/run_B_1_04_raw_05_part_04.zip,E4_selection_strategy_fixed-total_angle-concentrated_k8_seed1.mat,reviews/sq1-whq-update-0036487/raw/E3_angular_structure_fixed-total_angle-concentrated_k8_seed1.mat
C01,C01-S002,fixed-total,angle-concentrated,8,2,0036487818d891c23d357f7af49030f323f4c9af,443,E4_selection_strategy,fixed-total,angle-concentrated,0,experiment_label,reviews/sq1-whq-update-0036487/raw/E4_selection_strategy_fixed-total_angle-concentrated_k8_seed2.mat,16b7460e094253a23a04a75178fb5953acae00566575ae9032f450afa1d10717,581480,effective-social-input/run_B_1_04_raw_05_part_04.zip,E4_selection_strategy_fixed-total_angle-concentrated_k8_seed2.mat,reviews/sq1-whq-update-0036487/raw/E3_angular_structure_fixed-total_angle-concentrated_k8_seed2.mat
C01,C01-S003,fixed-total,angle-concentrated,8,3,0036487818d891c23d357f7af49030f323f4c9af,444,E4_selection_strategy,fixed-total,angle-concentrated,0,experiment_label,reviews/sq1-whq-update-0036487/raw/E4_selection_strategy_fixed-total_angle-concentrated_k8_seed3.mat,35e3ddd61e48d56a42a3fbaf90eef5609dcbbdc61efab5d73afc24a4802e855e,586449,effective-social-input/run_B_1_04_raw_05_part_04.zip,E4_selection_strategy_fixed-total_angle-concentrated_k8_seed3.mat,reviews/sq1-whq-update-0036487/raw/E3_angular_structure_fixed-total_angle-concentrated_k8_seed3.mat
C01,C01-S004,fixed-total,angle-concentrated,8,4,0036487818d891c23d357f7af49030f323f4c9af,445,E4_selection_strategy,fixed-total,angle-concentrated,0,experiment_label,reviews/sq1-whq-update-0036487/raw/E4_selection_strategy_fixed-total_angle-concentrated_k8_seed4.mat,a029fb37eaf2f3f00396e96402eeb96292786708bbd60ff1752f55097ac3fe42,578989,effective-social-input/run_B_1_04_raw_05_part_04.zip,E4_selection_strategy_fixed-total_angle-concentrated_k8_seed4.mat,reviews/sq1-whq-update-0036487/raw/E3_angular_structure_fixed-total_angle-concentrated_k8_seed4.mat
C01,C01-S005,fixed-total,angle-concentrated,8,5,0036487818d891c23d357f7af49030f323f4c9af,446,E4_selection_strategy,fixed-total,angle-concentrated,0,experiment_label,reviews/sq1-whq-update-0036487/raw/E4_selection_strategy_fixed-total_angle-concentrated_k8_seed5.mat,a2f198b948a273486b5189b38a5b103f6903ccedd7c17745c21b0a61186beeab,570286,effective-social-input/run_B_1_04_raw_05_part_04.zip,E4_selection_strategy_fixed-total_angle-concentrated_k8_seed5.mat,reviews/sq1-whq-update-0036487/raw/E3_angular_structure_fixed-total_angle-concentrated_k8_seed5.mat
C01,C01-S006,fixed-total,angle-concentrated,8,6,0036487818d891c23d357f7af49030f323f4c9af,447,E4_selection_strategy,fixed-total,angle-concentrated,0,experiment_label,reviews/sq1-whq-update-0036487/raw/E4_selection_strategy_fixed-total_angle-concentrated_k8_seed6.mat,d6bd705ba6cea394e59bf2127083a79330501d486e4d1de43d7665e609361b5c,574450,effective-social-input/run_B_1_04_raw_05_part_04.zip,E4_selection_strategy_fixed-total_angle-concentrated_k8_seed6.mat,reviews/sq1-whq-update-0036487/raw/E3_angular_structure_fixed-total_angle-concentrated_k8_seed6.mat
C01,C01-S007,fixed-total,angle-concentrated,8,7,0036487818d891c23d357f7af49030f323f4c9af,448,E4_selection_strategy,fixed-total,angle-concentrated,0,experiment_label,reviews/sq1-whq-update-0036487/raw/E4_selection_strategy_fixed-total_angle-concentrated_k8_seed7.mat,9570783cde3ba61ef207e7b8e3ec920c5ae6f0745e314f9dd46e48a59ef4cdda,575728,effective-social-input/run_B_1_04_raw_05_part_04.zip,E4_selection_strategy_fixed-total_angle-concentrated_k8_seed7.mat,reviews/sq1-whq-update-0036487/raw/E3_angular_structure_fixed-total_angle-concentrated_k8_seed7.mat
C01,C01-S008,fixed-total,angle-concentrated,8,8,0036487818d891c23d357f7af49030f323f4c9af,449,E4_selection_strategy,fixed-total,angle-concentrated,0,experiment_label,reviews/sq1-whq-update-0036487/raw/E4_selection_strategy_fixed-total_angle-concentrated_k8_seed8.mat,fe018ca2bca09337e692a5e2b4b3db1ad181932243d9a3838bbf369910beaf92,577529,effective-social-input/run_B_1_04_raw_05_part_04.zip,E4_selection_strategy_fixed-total_angle-concentrated_k8_seed8.mat,reviews/sq1-whq-update-0036487/raw/E3_angular_structure_fixed-total_angle-concentrated_k8_seed8.mat
C01,C01-S009,fixed-total,angle-concentrated,8,9,0036487818d891c23d357f7af49030f323f4c9af,450,E4_selection_strategy,fixed-total,angle-concentrated,0,experiment_label,reviews/sq1-whq-update-0036487/raw/E4_selection_strategy_fixed-total_angle-concentrated_k8_seed9.mat,09f8533bd08f8b3cb3c62a37e91b35f7b97bf8a903d82a3b94fb31d9dfc9e006,566236,effective-social-input/run_B_1_04_raw_05_part_04.zip,E4_selection_strategy_fixed-total_angle-concentrated_k8_seed9.mat,reviews/sq1-whq-update-0036487/raw/E3_angular_structure_fixed-total_angle-concentrated_k8_seed9.mat
C01,C01-S010,fixed-total,angle-concentrated,8,10,0036487818d891c23d357f7af49030f323f4c9af,451,E4_selection_strategy,fixed-total,angle-concentrated,0,experiment_label,reviews/sq1-whq-update-0036487/raw/E4_selection_strategy_fixed-total_angle-concentrated_k8_seed10.mat,0ab72b2d27fe48dcd490a39055682b65a75d5c640a18793cb0b1391f7e427b26,579420,effective-social-input/run_B_1_04_raw_05_part_04.zip,E4_selection_strategy_fixed-total_angle-concentrated_k8_seed10.mat,reviews/sq1-whq-update-0036487/raw/E3_angular_structure_fixed-total_angle-concentrated_k8_seed10.mat
C01,C01-S011,fixed-total,angle-concentrated,8,11,0036487818d891c23d357f7af49030f323f4c9af,452,E4_selection_strategy,fixed-total,angle-concentrated,0,experiment_label,reviews/sq1-whq-update-0036487/raw/E4_selection_strategy_fixed-total_angle-concentrated_k8_seed11.mat,b9152c78af7bdeba2c625cebb1f9bfec1d3f6e5f5de646d8306f27aee48ef6cd,577612,effective-social-input/run_B_1_04_raw_05_part_04.zip,E4_selection_strategy_fixed-total_angle-concentrated_k8_seed11.mat,reviews/sq1-whq-update-0036487/raw/E3_angular_structure_fixed-total_angle-concentrated_k8_seed11.mat
C01,C01-S012,fixed-total,angle-concentrated,8,12,0036487818d891c23d357f7af49030f323f4c9af,453,E4_selection_strategy,fixed-total,angle-concentrated,0,experiment_label,reviews/sq1-whq-update-0036487/raw/E4_selection_strategy_fixed-total_angle-concentrated_k8_seed12.mat,5a489158df55210e1473953032859d284b1deff1c1df7fd4e3f04f35bc5684d7,579141,effective-social-input/run_B_1_04_raw_05_part_04.zip,E4_selection_strategy_fixed-total_angle-concentrated_k8_seed12.mat,reviews/sq1-whq-update-0036487/raw/E3_angular_structure_fixed-total_angle-concentrated_k8_seed12.mat
C01,C01-S013,fixed-total,angle-concentrated,8,13,0036487818d891c23d357f7af49030f323f4c9af,454,E4_selection_strategy,fixed-total,angle-concentrated,0,experiment_label,reviews/sq1-whq-update-0036487/raw/E4_selection_strategy_fixed-total_angle-concentrated_k8_seed13.mat,4961d2e975d8b1aabadddda7ae05dfb69667ee029127df71e766ded0fe203330,576235,effective-social-input/run_B_1_04_raw_05_part_04.zip,E4_selection_strategy_fixed-total_angle-concentrated_k8_seed13.mat,reviews/sq1-whq-update-0036487/raw/E3_angular_structure_fixed-total_angle-concentrated_k8_seed13.mat
C01,C01-S014,fixed-total,angle-concentrated,8,14,0036487818d891c23d357f7af49030f323f4c9af,455,E4_selection_strategy,fixed-total,angle-concentrated,0,experiment_label,reviews/sq1-whq-update-0036487/raw/E4_selection_strategy_fixed-total_angle-concentrated_k8_seed14.mat,891b13532e805f7c07193361de71983b80800fb4f38b39cd54257f07ec7f92da,577923,effective-social-input/run_B_1_04_raw_05_part_04.zip,E4_selection_strategy_fixed-total_angle-concentrated_k8_seed14.mat,reviews/sq1-whq-update-0036487/raw/E3_angular_structure_fixed-total_angle-concentrated_k8_seed14.mat
C01,C01-S015,fixed-total,angle-concentrated,8,15,0036487818d891c23d357f7af49030f323f4c9af,456,E4_selection_strategy,fixed-total,angle-concentrated,0,experiment_label,reviews/sq1-whq-update-0036487/raw/E4_selection_strategy_fixed-total_angle-concentrated_k8_seed15.mat,c22ad378d370d38e064d8a91381ce1ca079ba61a6a21b1fbfc98aac594bd9b7b,577351,effective-social-input/run_B_1_04_raw_05_part_04.zip,E4_selection_strategy_fixed-total_angle-concentrated_k8_seed15.mat,reviews/sq1-whq-update-0036487/raw/E3_angular_structure_fixed-total_angle-concentrated_k8_seed15.mat
C01,C01-S016,fixed-total,angle-concentrated,8,16,0036487818d891c23d357f7af49030f323f4c9af,457,E4_selection_strategy,fixed-total,angle-concentrated,0,experiment_label,reviews/sq1-whq-update-0036487/raw/E4_selection_strategy_fixed-total_angle-concentrated_k8_seed16.mat,a4dfca11f449b9a7cfd3e3473b8dbe18479bc8cd15408d2c9743b11efd3d071b,579710,effective-social-input/run_B_1_04_raw_05_part_04.zip,E4_selection_strategy_fixed-total_angle-concentrated_k8_seed16.mat,reviews/sq1-whq-update-0036487/raw/E3_angular_structure_fixed-total_angle-concentrated_k8_seed16.mat
C01,C01-S017,fixed-total,angle-concentrated,8,17,0036487818d891c23d357f7af49030f323f4c9af,458,E4_selection_strategy,fixed-total,angle-concentrated,0,experiment_label,reviews/sq1-whq-update-0036487/raw/E4_selection_strategy_fixed-total_angle-concentrated_k8_seed17.mat,e91e3b52ce89036edac5c8b4994a0cb7c62ddd2414a499950430caee09b2db52,573740,effective-social-input/run_B_1_04_raw_05_part_04.zip,E4_selection_strategy_fixed-total_angle-concentrated_k8_seed17.mat,reviews/sq1-whq-update-0036487/raw/E3_angular_structure_fixed-total_angle-concentrated_k8_seed17.mat
C01,C01-S018,fixed-total,angle-concentrated,8,18,0036487818d891c23d357f7af49030f323f4c9af,459,E4_selection_strategy,fixed-total,angle-concentrated,0,experiment_label,reviews/sq1-whq-update-0036487/raw/E4_selection_strategy_fixed-total_angle-concentrated_k8_seed18.mat,7e16720d46c46f15e2c59afba73c220f4863d235e89a7099e7cf50b447cadb0b,582783,effective-social-input/run_B_1_04_raw_05_part_04.zip,E4_selection_strategy_fixed-total_angle-concentrated_k8_seed18.mat,reviews/sq1-whq-update-0036487/raw/E3_angular_structure_fixed-total_angle-concentrated_k8_seed18.mat
C01,C01-S019,fixed-total,angle-concentrated,8,19,0036487818d891c23d357f7af49030f323f4c9af,460,E4_selection_strategy,fixed-total,angle-concentrated,0,experiment_label,reviews/sq1-whq-update-0036487/raw/E4_selection_strategy_fixed-total_angle-concentrated_k8_seed19.mat,4f4ec5534875b3186f35a223f6c9e6691222bab03390e98c139832d1eebc301d,577746,effective-social-input/run_B_1_04_raw_05_part_04.zip,E4_selection_strategy_fixed-total_angle-concentrated_k8_seed19.mat,reviews/sq1-whq-update-0036487/raw/E3_angular_structure_fixed-total_angle-concentrated_k8_seed19.mat
C01,C01-S020,fixed-total,angle-concentrated,8,20,0036487818d891c23d357f7af49030f323f4c9af,461,E4_selection_strategy,fixed-total,angle-concentrated,0,experiment_label,reviews/sq1-whq-update-0036487/raw/E4_selection_strategy_fixed-total_angle-concentrated_k8_seed20.mat,d493f37ac8783c24a52d4a4f0f560eb391159c0ce49b571432bae36af26325f3,579500,effective-social-input/run_B_1_04_raw_05_part_04.zip,E4_selection_strategy_fixed-total_angle-concentrated_k8_seed20.mat,reviews/sq1-whq-update-0036487/raw/E3_angular_structure_fixed-total_angle-concentrated_k8_seed20.mat
C02,C02-S001,fixed-total,balanced,8,1,0036487818d891c23d357f7af49030f323f4c9af,462,E4_selection_strategy,fixed-total,angle-dispersed,0,experiment_label,reviews/sq1-whq-update-0036487/raw/E4_selection_strategy_fixed-total_angle-dispersed_k8_seed1.mat,6fa257cd949cb614ca4cb8041b662e911589fca9bb2e51e9d281f811e96d30ad,588478,effective-social-input/run_B_1_04_raw_06_part_01.zip,E4_selection_strategy_fixed-total_angle-dispersed_k8_seed1.mat,reviews/sq1-whq-update-0036487/raw/E3_angular_structure_fixed-total_angle-dispersed_k8_seed1.mat
C02,C02-S002,fixed-total,balanced,8,2,0036487818d891c23d357f7af49030f323f4c9af,463,E4_selection_strategy,fixed-total,angle-dispersed,0,experiment_label,reviews/sq1-whq-update-0036487/raw/E4_selection_strategy_fixed-total_angle-dispersed_k8_seed2.mat,69b2a31040ff711db6c2badde0256b14dbf8aedcc976991f9f4816c01183ffe4,590934,effective-social-input/run_B_1_04_raw_06_part_01.zip,E4_selection_strategy_fixed-total_angle-dispersed_k8_seed2.mat,reviews/sq1-whq-update-0036487/raw/E3_angular_structure_fixed-total_angle-dispersed_k8_seed2.mat
C02,C02-S003,fixed-total,balanced,8,3,0036487818d891c23d357f7af49030f323f4c9af,464,E4_selection_strategy,fixed-total,angle-dispersed,0,experiment_label,reviews/sq1-whq-update-0036487/raw/E4_selection_strategy_fixed-total_angle-dispersed_k8_seed3.mat,0744273980e442f8d37b1a683c67beb449676c93840c383ad6843ee9a3387089,570437,effective-social-input/run_B_1_04_raw_06_part_01.zip,E4_selection_strategy_fixed-total_angle-dispersed_k8_seed3.mat,reviews/sq1-whq-update-0036487/raw/E3_angular_structure_fixed-total_angle-dispersed_k8_seed3.mat
C02,C02-S004,fixed-total,balanced,8,4,0036487818d891c23d357f7af49030f323f4c9af,465,E4_selection_strategy,fixed-total,angle-dispersed,0,experiment_label,reviews/sq1-whq-update-0036487/raw/E4_selection_strategy_fixed-total_angle-dispersed_k8_seed4.mat,4951cdba1f25dbd0e67473b02cd13f1e5f81980fe00b443da6f43ca06dbb8e08,585300,effective-social-input/run_B_1_04_raw_06_part_01.zip,E4_selection_strategy_fixed-total_angle-dispersed_k8_seed4.mat,reviews/sq1-whq-update-0036487/raw/E3_angular_structure_fixed-total_angle-dispersed_k8_seed4.mat
C02,C02-S005,fixed-total,balanced,8,5,0036487818d891c23d357f7af49030f323f4c9af,466,E4_selection_strategy,fixed-total,angle-dispersed,0,experiment_label,reviews/sq1-whq-update-0036487/raw/E4_selection_strategy_fixed-total_angle-dispersed_k8_seed5.mat,bb2f8d1007b5032ac584bae92dc8f9f641abd66a580c13196cd96035f6c86f3e,576824,effective-social-input/run_B_1_04_raw_06_part_01.zip,E4_selection_strategy_fixed-total_angle-dispersed_k8_seed5.mat,reviews/sq1-whq-update-0036487/raw/E3_angular_structure_fixed-total_angle-dispersed_k8_seed5.mat
C02,C02-S006,fixed-total,balanced,8,6,0036487818d891c23d357f7af49030f323f4c9af,467,E4_selection_strategy,fixed-total,angle-dispersed,0,experiment_label,reviews/sq1-whq-update-0036487/raw/E4_selection_strategy_fixed-total_angle-dispersed_k8_seed6.mat,ba0c4ffed1489ac13334401a4cc200a2b190304d8b123938399bad59892b9338,579807,effective-social-input/run_B_1_04_raw_06_part_01.zip,E4_selection_strategy_fixed-total_angle-dispersed_k8_seed6.mat,reviews/sq1-whq-update-0036487/raw/E3_angular_structure_fixed-total_angle-dispersed_k8_seed6.mat
C02,C02-S007,fixed-total,balanced,8,7,0036487818d891c23d357f7af49030f323f4c9af,468,E4_selection_strategy,fixed-total,angle-dispersed,0,experiment_label,reviews/sq1-whq-update-0036487/raw/E4_selection_strategy_fixed-total_angle-dispersed_k8_seed7.mat,6b0d67c5396a904fd867b5cf05edf5cbb7327774675e60c9135556fc04e71bdb,568993,effective-social-input/run_B_1_04_raw_06_part_01.zip,E4_selection_strategy_fixed-total_angle-dispersed_k8_seed7.mat,reviews/sq1-whq-update-0036487/raw/E3_angular_structure_fixed-total_angle-dispersed_k8_seed7.mat
C02,C02-S008,fixed-total,balanced,8,8,0036487818d891c23d357f7af49030f323f4c9af,469,E4_selection_strategy,fixed-total,angle-dispersed,0,experiment_label,reviews/sq1-whq-update-0036487/raw/E4_selection_strategy_fixed-total_angle-dispersed_k8_seed8.mat,8bea4495ba782e4276228257f8c1f80c31811bf53eaeff682ccdcfedb9b4cf21,580980,effective-social-input/run_B_1_04_raw_06_part_01.zip,E4_selection_strategy_fixed-total_angle-dispersed_k8_seed8.mat,reviews/sq1-whq-update-0036487/raw/E3_angular_structure_fixed-total_angle-dispersed_k8_seed8.mat
C02,C02-S009,fixed-total,balanced,8,9,0036487818d891c23d357f7af49030f323f4c9af,470,E4_selection_strategy,fixed-total,angle-dispersed,0,experiment_label,reviews/sq1-whq-update-0036487/raw/E4_selection_strategy_fixed-total_angle-dispersed_k8_seed9.mat,8f45fb2ce036e4aef403cb11b620954eedd5b4b24bf79470151c68538b7cc28f,583798,effective-social-input/run_B_1_04_raw_06_part_01.zip,E4_selection_strategy_fixed-total_angle-dispersed_k8_seed9.mat,reviews/sq1-whq-update-0036487/raw/E3_angular_structure_fixed-total_angle-dispersed_k8_seed9.mat
C02,C02-S010,fixed-total,balanced,8,10,0036487818d891c23d357f7af49030f323f4c9af,471,E4_selection_strategy,fixed-total,angle-dispersed,0,experiment_label,reviews/sq1-whq-update-0036487/raw/E4_selection_strategy_fixed-total_angle-dispersed_k8_seed10.mat,90d3ee8b7ab0722f9d5ccee6b69f72cf0dc6155b5da69422748f85a1dea3be0f,579466,effective-social-input/run_B_1_04_raw_06_part_01.zip,E4_selection_strategy_fixed-total_angle-dispersed_k8_seed10.mat,reviews/sq1-whq-update-0036487/raw/E3_angular_structure_fixed-total_angle-dispersed_k8_seed10.mat
C02,C02-S011,fixed-total,balanced,8,11,0036487818d891c23d357f7af49030f323f4c9af,472,E4_selection_strategy,fixed-total,angle-dispersed,0,experiment_label,reviews/sq1-whq-update-0036487/raw/E4_selection_strategy_fixed-total_angle-dispersed_k8_seed11.mat,90d33cf62d687aabddc9e1dd97b4297cfc79de71378a4fbc6565c4e34c5a87fa,581832,effective-social-input/run_B_1_04_raw_06_part_01.zip,E4_selection_strategy_fixed-total_angle-dispersed_k8_seed11.mat,reviews/sq1-whq-update-0036487/raw/E3_angular_structure_fixed-total_angle-dispersed_k8_seed11.mat
C02,C02-S012,fixed-total,balanced,8,12,0036487818d891c23d357f7af49030f323f4c9af,473,E4_selection_strategy,fixed-total,angle-dispersed,0,experiment_label,reviews/sq1-whq-update-0036487/raw/E4_selection_strategy_fixed-total_angle-dispersed_k8_seed12.mat,f7511e7ed46e720b2b07f8b214a6bca9763f81b6c502181b61b1eca3f2438b7d,575134,effective-social-input/run_B_1_04_raw_06_part_01.zip,E4_selection_strategy_fixed-total_angle-dispersed_k8_seed12.mat,reviews/sq1-whq-update-0036487/raw/E3_angular_structure_fixed-total_angle-dispersed_k8_seed12.mat
C02,C02-S013,fixed-total,balanced,8,13,0036487818d891c23d357f7af49030f323f4c9af,474,E4_selection_strategy,fixed-total,angle-dispersed,0,experiment_label,reviews/sq1-whq-update-0036487/raw/E4_selection_strategy_fixed-total_angle-dispersed_k8_seed13.mat,773122a483fbe04c9e408c893fbed99e6faaeaedd3d33c02b92dafc4bfa8c0ae,575292,effective-social-input/run_B_1_04_raw_06_part_01.zip,E4_selection_strategy_fixed-total_angle-dispersed_k8_seed13.mat,reviews/sq1-whq-update-0036487/raw/E3_angular_structure_fixed-total_angle-dispersed_k8_seed13.mat
C02,C02-S014,fixed-total,balanced,8,14,0036487818d891c23d357f7af49030f323f4c9af,475,E4_selection_strategy,fixed-total,angle-dispersed,0,experiment_label,reviews/sq1-whq-update-0036487/raw/E4_selection_strategy_fixed-total_angle-dispersed_k8_seed14.mat,233f7dd5c63ab80dbffb1f8229e7379549b65b47f3b5d5e770db19a7fc6e3418,589577,effective-social-input/run_B_1_04_raw_06_part_01.zip,E4_selection_strategy_fixed-total_angle-dispersed_k8_seed14.mat,reviews/sq1-whq-update-0036487/raw/E3_angular_structure_fixed-total_angle-dispersed_k8_seed14.mat
C02,C02-S015,fixed-total,balanced,8,15,0036487818d891c23d357f7af49030f323f4c9af,476,E4_selection_strategy,fixed-total,angle-dispersed,0,experiment_label,reviews/sq1-whq-update-0036487/raw/E4_selection_strategy_fixed-total_angle-dispersed_k8_seed15.mat,8a31e87975d0e5882a9cb6ab788b9e497835489fe7cf81675c2f57b9cb096201,580782,effective-social-input/run_B_1_04_raw_06_part_01.zip,E4_selection_strategy_fixed-total_angle-dispersed_k8_seed15.mat,reviews/sq1-whq-update-0036487/raw/E3_angular_structure_fixed-total_angle-dispersed_k8_seed15.mat
C02,C02-S016,fixed-total,balanced,8,16,0036487818d891c23d357f7af49030f323f4c9af,477,E4_selection_strategy,fixed-total,angle-dispersed,0,experiment_label,reviews/sq1-whq-update-0036487/raw/E4_selection_strategy_fixed-total_angle-dispersed_k8_seed16.mat,1e8c2f81b957b2957a54bd2fc36d0fd70735a897c333f435d6b9b923c59049e1,582372,effective-social-input/run_B_1_04_raw_06_part_01.zip,E4_selection_strategy_fixed-total_angle-dispersed_k8_seed16.mat,reviews/sq1-whq-update-0036487/raw/E3_angular_structure_fixed-total_angle-dispersed_k8_seed16.mat
C02,C02-S017,fixed-total,balanced,8,17,0036487818d891c23d357f7af49030f323f4c9af,478,E4_selection_strategy,fixed-total,angle-dispersed,0,experiment_label,reviews/sq1-whq-update-0036487/raw/E4_selection_strategy_fixed-total_angle-dispersed_k8_seed17.mat,c417f3c70cffb89a869a3c7aef7869a38facdd5bf93c8eaf2474c6a9ecfed4e8,582798,effective-social-input/run_B_1_04_raw_06_part_01.zip,E4_selection_strategy_fixed-total_angle-dispersed_k8_seed17.mat,reviews/sq1-whq-update-0036487/raw/E3_angular_structure_fixed-total_angle-dispersed_k8_seed17.mat
C02,C02-S018,fixed-total,balanced,8,18,0036487818d891c23d357f7af49030f323f4c9af,479,E4_selection_strategy,fixed-total,angle-dispersed,0,experiment_label,reviews/sq1-whq-update-0036487/raw/E4_selection_strategy_fixed-total_angle-dispersed_k8_seed18.mat,d765a0723813adac8f344b798bfff87fedc7ca6ebcc16032f26111bec701ec94,561753,effective-social-input/run_B_1_04_raw_06_part_01.zip,E4_selection_strategy_fixed-total_angle-dispersed_k8_seed18.mat,reviews/sq1-whq-update-0036487/raw/E3_angular_structure_fixed-total_angle-dispersed_k8_seed18.mat
C02,C02-S019,fixed-total,balanced,8,19,0036487818d891c23d357f7af49030f323f4c9af,480,E4_selection_strategy,fixed-total,angle-dispersed,0,experiment_label,reviews/sq1-whq-update-0036487/raw/E4_selection_strategy_fixed-total_angle-dispersed_k8_seed19.mat,d3e3b508592d79b040c3692e2b211f988a71a4daa9098bc823891e8a6c8c4698,585754,effective-social-input/run_B_1_04_raw_06_part_01.zip,E4_selection_strategy_fixed-total_angle-dispersed_k8_seed19.mat,reviews/sq1-whq-update-0036487/raw/E3_angular_structure_fixed-total_angle-dispersed_k8_seed19.mat
C02,C02-S020,fixed-total,balanced,8,20,0036487818d891c23d357f7af49030f323f4c9af,481,E4_selection_strategy,fixed-total,angle-dispersed,0,experiment_label,reviews/sq1-whq-update-0036487/raw/E4_selection_strategy_fixed-total_angle-dispersed_k8_seed20.mat,91b79dc11ce29f694f58177e7470142867c3470204521a8f0b5d8fd8674a9703,584599,effective-social-input/run_B_1_04_raw_06_part_01.zip,E4_selection_strategy_fixed-total_angle-dispersed_k8_seed20.mat,reviews/sq1-whq-update-0036487/raw/E3_angular_structure_fixed-total_angle-dispersed_k8_seed20.mat
